{"type":"FeatureCollection","features":[{"type":"Feature","id":"es-as-comarca-gijon","properties":{"id":"es-as-comarca-gijon","slug":"comarca-gijon","name":"Comarca de Gijón","localName":"Gijón","aliases":["Gijón"],"kind":"functional-region","boundaryStatus":"official","parentId":"es-as","population":294053,"areaKm2":524.7,"density":560.4,"referenceYear":2021,"sourceId":"sitpa-functional-regions","bbox":[-5.86301,43.40698,-5.31086,43.6007],"center":[-5.586935,43.50384]},"geometry":{"type":"MultiPolygon","coordinates":[[[[-5.85491,43.55226],[-5.84707,43.54754],[-5.86301,43.53092],[-5.86281,43.52857],[-5.83912,43.50988],[-5.82491,43.50253],[-5.82123,43.50405],[-5.81526,43.49745],[-5.8183,43.49109],[-5.81114,43.49038],[-5.81121,43.48583],[-5.80359,43.48516],[-5.80376,43.48263],[-5.80127,43.48009],[-5.79766,43.48029],[-5.79033,43.47513],[-5.78716,43.47608],[-5.78713,43.47085],[-5.78023,43.46368],[-5.76592,43.46138],[-5.75872,43.45593],[-5.75655,43.45154],[-5.74761,43.4479],[-5.73187,43.449],[-5.72578,43.45744],[-5.72054,43.45638],[-5.71756,43.45119],[-5.705,43.45875],[-5.6979,43.46608],[-5.68247,43.45408],[-5.67335,43.45634],[-5.66129,43.45489],[-5.65593,43.456],[-5.65059,43.45364],[-5.64532,43.45499],[-5.64017,43.45041],[-5.63296,43.44912],[-5.62411,43.44309],[-5.60528,43.44189],[-5.58551,43.44323],[-5.5798,43.43417],[-5.56481,43.42632],[-5.5559,43.42839],[-5.53863,43.42259],[-5.51173,43.42197],[-5.49975,43.41376],[-5.49648,43.41593],[-5.47526,43.41552],[-5.46972,43.41333],[-5.44779,43.41143],[-5.44349,43.41657],[-5.43658,43.41999],[-5.43697,43.42492],[-5.43288,43.43108],[-5.4334,43.43473],[-5.43522,43.43518],[-5.42357,43.43792],[-5.41206,43.4375],[-5.40969,43.43472],[-5.4004,43.43107],[-5.39673,43.42506],[-5.39249,43.42279],[-5.37658,43.42089],[-5.36946,43.40827],[-5.36615,43.40698],[-5.35908,43.41818],[-5.35651,43.41814],[-5.34776,43.42679],[-5.34303,43.42422],[-5.33976,43.42676],[-5.33611,43.45073],[-5.3422,43.46007],[-5.33599,43.46674],[-5.33785,43.47292],[-5.34447,43.48106],[-5.34399,43.48744],[-5.33887,43.49182],[-5.33727,43.5056],[-5.32595,43.51302],[-5.31547,43.51556],[-5.31107,43.51934],[-5.31086,43.52183],[-5.31288,43.5268],[-5.31203,43.53333],[-5.32675,43.53431],[-5.3375,43.53262],[-5.34704,43.53491],[-5.35354,43.5309],[-5.36562,43.53337],[-5.37172,43.5397],[-5.37607,43.53473],[-5.38592,43.5351],[-5.38556,43.53014],[-5.38699,43.53013],[-5.38798,43.53594],[-5.38822,43.52974],[-5.38974,43.53201],[-5.38758,43.53703],[-5.38901,43.5406],[-5.39936,43.54411],[-5.39931,43.54556],[-5.39707,43.54533],[-5.39741,43.54995],[-5.41325,43.55487],[-5.43204,43.54998],[-5.44023,43.55262],[-5.45011,43.55087],[-5.47263,43.55139],[-5.49378,43.54402],[-5.49906,43.54951],[-5.50848,43.5487],[-5.51824,43.55183],[-5.52553,43.54947],[-5.52888,43.54567],[-5.54557,43.54984],[-5.56263,43.54912],[-5.56829,43.55078],[-5.57929,43.54872],[-5.58821,43.5501],[-5.58924,43.548],[-5.59722,43.54783],[-5.60958,43.55002],[-5.61757,43.55902],[-5.6168,43.55723],[-5.62224,43.5568],[-5.62233,43.55302],[-5.62881,43.55013],[-5.63921,43.55162],[-5.63839,43.54889],[-5.6421,43.54921],[-5.64371,43.54765],[-5.64291,43.54549],[-5.647,43.54437],[-5.6477,43.54197],[-5.65878,43.54257],[-5.66136,43.54449],[-5.65939,43.54734],[-5.66057,43.5491],[-5.66481,43.54976],[-5.67042,43.54659],[-5.66666,43.54735],[-5.66743,43.54615],[-5.66595,43.54673],[-5.66459,43.54428],[-5.66626,43.54593],[-5.66545,43.54405],[-5.66762,43.54555],[-5.66785,43.54262],[-5.66871,43.5455],[-5.67249,43.54295],[-5.67666,43.54523],[-5.6787,43.54444],[-5.6759,43.54246],[-5.67767,43.54304],[-5.67786,43.54027],[-5.68126,43.54233],[-5.67935,43.54548],[-5.68777,43.54543],[-5.68452,43.54251],[-5.69446,43.54621],[-5.69044,43.55002],[-5.6879,43.5501],[-5.69027,43.55019],[-5.6885,43.55218],[-5.6871,43.54951],[-5.68041,43.55615],[-5.68439,43.56071],[-5.68675,43.55989],[-5.68471,43.55753],[-5.68584,43.55604],[-5.6878,43.55749],[-5.69556,43.55012],[-5.69845,43.55787],[-5.69271,43.55523],[-5.69896,43.55852],[-5.69708,43.5594],[-5.69907,43.55859],[-5.69589,43.56153],[-5.69969,43.56094],[-5.70096,43.56303],[-5.69706,43.56456],[-5.70126,43.56615],[-5.70089,43.5682],[-5.69614,43.56681],[-5.69162,43.56108],[-5.69301,43.56513],[-5.68193,43.56802],[-5.68031,43.56506],[-5.68214,43.5693],[-5.67589,43.57095],[-5.68731,43.56937],[-5.69298,43.57843],[-5.67714,43.58242],[-5.67452,43.57965],[-5.67753,43.58455],[-5.67559,43.58669],[-5.69431,43.58227],[-5.69725,43.57951],[-5.69616,43.57257],[-5.69871,43.57193],[-5.69666,43.57314],[-5.69899,43.57238],[-5.69813,43.57553],[-5.70049,43.57171],[-5.70946,43.57267],[-5.71164,43.56833],[-5.7351,43.57357],[-5.73907,43.57608],[-5.7389,43.57891],[-5.74404,43.57834],[-5.74352,43.58218],[-5.74883,43.58516],[-5.75561,43.58317],[-5.75553,43.58489],[-5.75726,43.58423],[-5.76062,43.5868],[-5.75857,43.58835],[-5.76294,43.59001],[-5.75761,43.58904],[-5.76143,43.59176],[-5.75987,43.59501],[-5.76592,43.59356],[-5.76579,43.59606],[-5.76706,43.59502],[-5.76806,43.59666],[-5.76723,43.59893],[-5.77073,43.6007],[-5.77409,43.59949],[-5.77563,43.59209],[-5.78154,43.5915],[-5.79897,43.58015],[-5.82253,43.57112],[-5.83297,43.56492],[-5.83267,43.56326],[-5.84214,43.56054],[-5.85426,43.55247],[-5.85491,43.55226]]],[[[-5.74367,43.58097],[-5.74347,43.581],[-5.74334,43.58106],[-5.74325,43.58115],[-5.74311,43.58122],[-5.74293,43.58122],[-5.74286,43.5813],[-5.74288,43.58144],[-5.74291,43.58156],[-5.74303,43.58162],[-5.74317,43.58168],[-5.74332,43.58172],[-5.74347,43.58167],[-5.74346,43.58154],[-5.74361,43.5815],[-5.74376,43.58147],[-5.74386,43.58138],[-5.7439,43.58126],[-5.7439,43.58114],[-5.74384,43.58104],[-5.74367,43.58097]]],[[[-5.76689,43.59898],[-5.76678,43.59901],[-5.76688,43.59914],[-5.76699,43.59923],[-5.7671,43.59931],[-5.76724,43.5994],[-5.76733,43.59936],[-5.76731,43.59924],[-5.76725,43.59917],[-5.76718,43.59909],[-5.76705,43.59901],[-5.76689,43.59898]]],[[[-5.59073,43.54859],[-5.59167,43.54987],[-5.59085,43.54861],[-5.59073,43.54859]]],[[[-5.59767,43.54894],[-5.59761,43.54895],[-5.59756,43.54902],[-5.59756,43.5491],[-5.59764,43.54918],[-5.59777,43.54925],[-5.59792,43.5493],[-5.59802,43.54939],[-5.59806,43.54945],[-5.59815,43.54948],[-5.59832,43.54946],[-5.5985,43.54925],[-5.5985,43.54918],[-5.59843,43.54913],[-5.59834,43.5491],[-5.59822,43.54913],[-5.59814,43.54918],[-5.59805,43.54919],[-5.59795,43.54913],[-5.59787,43.54903],[-5.59777,43.54896],[-5.59767,43.54894]]],[[[-5.60244,43.54995],[-5.60231,43.55001],[-5.60228,43.55013],[-5.60228,43.55018],[-5.60233,43.55023],[-5.60244,43.55022],[-5.60255,43.55018],[-5.60261,43.55011],[-5.60262,43.55004],[-5.60259,43.54999],[-5.60244,43.54995]]],[[[-5.60553,43.55043],[-5.60541,43.55051],[-5.60529,43.55065],[-5.60526,43.55076],[-5.60529,43.55085],[-5.60533,43.55089],[-5.60542,43.55088],[-5.60554,43.55081],[-5.60563,43.55072],[-5.60569,43.5506],[-5.60572,43.55051],[-5.60571,43.55045],[-5.60563,43.55043],[-5.60553,43.55043]]],[[[-5.60749,43.55636],[-5.60736,43.55642],[-5.60728,43.55645],[-5.60712,43.55641],[-5.60704,43.55647],[-5.60703,43.55662],[-5.60706,43.55673],[-5.6071,43.55677],[-5.60719,43.55679],[-5.60729,43.55675],[-5.60738,43.55665],[-5.60744,43.55662],[-5.60759,43.55665],[-5.60768,43.55664],[-5.60772,43.5566],[-5.60773,43.55652],[-5.60765,43.55642],[-5.60759,43.55637],[-5.60749,43.55636]]],[[[-5.6158,43.55733],[-5.6157,43.55734],[-5.61564,43.55739],[-5.61562,43.55747],[-5.61567,43.55756],[-5.61572,43.55759],[-5.61587,43.55756],[-5.61594,43.55741],[-5.61588,43.55735],[-5.6158,43.55733]]],[[[-5.70087,43.57355],[-5.7008,43.57359],[-5.70071,43.57367],[-5.70073,43.5737],[-5.70078,43.57372],[-5.70083,43.57372],[-5.70085,43.57372],[-5.70091,43.57368],[-5.70096,43.57363],[-5.70087,43.57355]]],[[[-5.69706,43.57385],[-5.69695,43.57387],[-5.69692,43.5739],[-5.69692,43.57392],[-5.69692,43.57394],[-5.69694,43.57394],[-5.69709,43.57398],[-5.6972,43.57392],[-5.69706,43.57385]]],[[[-5.70119,43.57414],[-5.70115,43.57417],[-5.7011,43.57418],[-5.70114,43.57429],[-5.7013,43.57426],[-5.70137,43.57415],[-5.70135,43.57414],[-5.7013,43.57414],[-5.70123,43.57414],[-5.70119,43.57414]]]]}},{"type":"Feature","id":"es-as-comarca-oriente","properties":{"id":"es-as-comarca-oriente","slug":"comarca-oriente","name":"Comarca de Oriente","localName":"Oriente","aliases":["Oriente"],"kind":"functional-region","boundaryStatus":"official","parentId":"es-as","population":48789,"areaKm2":1928.1,"density":25.3,"referenceYear":2021,"sourceId":"sitpa-functional-regions","bbox":[-5.48339,43.09023,-4.51095,43.53533],"center":[-4.997170000000001,43.312780000000004]},"geometry":{"type":"MultiPolygon","coordinates":[[[[-4.98284,43.45494],[-4.98156,43.45934],[-4.9851,43.46153],[-4.98473,43.46005],[-4.98902,43.4616],[-4.98894,43.45993],[-4.98986,43.46103],[-4.99182,43.45911],[-5.00609,43.45996],[-5.00863,43.45858],[-5.01155,43.45996],[-5.01388,43.45854],[-5.0223,43.46157],[-5.03692,43.46067],[-5.04526,43.46171],[-5.0476,43.46365],[-5.05022,43.46267],[-5.05516,43.46439],[-5.05716,43.46919],[-5.0661,43.46961],[-5.06586,43.46797],[-5.06201,43.46695],[-5.07304,43.4661],[-5.07627,43.46771],[-5.07506,43.47054],[-5.0828,43.47514],[-5.09656,43.47715],[-5.10066,43.4745],[-5.11512,43.47653],[-5.11932,43.48262],[-5.12338,43.4846],[-5.14434,43.47853],[-5.16091,43.47837],[-5.17406,43.47456],[-5.18086,43.47672],[-5.18944,43.47602],[-5.1906,43.47863],[-5.19551,43.47525],[-5.20105,43.47673],[-5.20467,43.4745],[-5.21623,43.4749],[-5.22473,43.47977],[-5.22355,43.4834],[-5.22684,43.48643],[-5.23013,43.48574],[-5.23299,43.48958],[-5.24271,43.49355],[-5.25013,43.50109],[-5.26422,43.50427],[-5.26825,43.50699],[-5.26985,43.5095],[-5.26723,43.51221],[-5.26786,43.51575],[-5.26515,43.51718],[-5.26428,43.51531],[-5.26657,43.51871],[-5.26536,43.51856],[-5.29162,43.53127],[-5.2954,43.53516],[-5.30358,43.53533],[-5.30876,43.53238],[-5.31187,43.53347],[-5.31288,43.5268],[-5.31107,43.51934],[-5.31547,43.51556],[-5.32595,43.51302],[-5.33493,43.50822],[-5.33727,43.5056],[-5.33887,43.49182],[-5.34399,43.48744],[-5.34447,43.48106],[-5.33785,43.47292],[-5.33599,43.46674],[-5.3422,43.46007],[-5.33611,43.45073],[-5.33976,43.42676],[-5.34303,43.42422],[-5.34776,43.42679],[-5.35651,43.41814],[-5.35908,43.41818],[-5.36615,43.40698],[-5.37158,43.3925],[-5.38314,43.3856],[-5.42962,43.38393],[-5.42571,43.36386],[-5.42802,43.3627],[-5.42124,43.35403],[-5.41972,43.34104],[-5.44176,43.32851],[-5.45695,43.3232],[-5.46299,43.3177],[-5.46393,43.31134],[-5.46997,43.30328],[-5.46681,43.29896],[-5.47429,43.29408],[-5.47336,43.29155],[-5.48112,43.28983],[-5.48339,43.28387],[-5.48212,43.27713],[-5.47558,43.27237],[-5.46632,43.26956],[-5.46359,43.26592],[-5.46665,43.26141],[-5.46588,43.25899],[-5.46069,43.2582],[-5.42854,43.2549],[-5.42262,43.25733],[-5.41976,43.2607],[-5.41673,43.26064],[-5.41647,43.26583],[-5.41982,43.2707],[-5.41166,43.27085],[-5.40913,43.26814],[-5.39811,43.27182],[-5.37879,43.26227],[-5.37729,43.25819],[-5.37232,43.25746],[-5.3673,43.2504],[-5.35156,43.25452],[-5.33578,43.24849],[-5.32877,43.25411],[-5.31541,43.25736],[-5.30804,43.25604],[-5.3018,43.25145],[-5.29198,43.24888],[-5.28565,43.23657],[-5.28853,43.2319],[-5.28897,43.22663],[-5.27016,43.21789],[-5.24884,43.21116],[-5.24977,43.20658],[-5.25879,43.19783],[-5.25106,43.18878],[-5.25232,43.18532],[-5.23968,43.17831],[-5.21456,43.17282],[-5.21736,43.16573],[-5.21515,43.15837],[-5.21682,43.15476],[-5.21543,43.14415],[-5.20887,43.13598],[-5.19614,43.13149],[-5.18819,43.11724],[-5.19907,43.11201],[-5.20343,43.10337],[-5.20683,43.09238],[-5.20119,43.09023],[-5.19818,43.09324],[-5.19125,43.09537],[-5.1886,43.09977],[-5.1754,43.10002],[-5.16792,43.10244],[-5.16203,43.11008],[-5.15346,43.11098],[-5.1478,43.11512],[-5.14068,43.10292],[-5.12393,43.1006],[-5.10174,43.10185],[-5.09565,43.1077],[-5.09929,43.11584],[-5.0939,43.12352],[-5.09152,43.13229],[-5.0939,43.14299],[-5.08681,43.14746],[-5.08649,43.15372],[-5.08289,43.15827],[-5.07901,43.15979],[-5.07761,43.166],[-5.07536,43.1669],[-5.07792,43.17333],[-5.07663,43.17895],[-5.06668,43.17479],[-5.05947,43.17433],[-5.05367,43.18143],[-5.0409,43.18468],[-5.03162,43.1818],[-5.02146,43.18351],[-5.01493,43.17936],[-5.00195,43.17523],[-4.99762,43.17026],[-4.99641,43.18533],[-4.98585,43.19316],[-4.98035,43.20029],[-4.97061,43.20174],[-4.96306,43.21267],[-4.95214,43.21459],[-4.95139,43.21945],[-4.94615,43.22106],[-4.9426,43.22489],[-4.93217,43.22457],[-4.91953,43.22697],[-4.91553,43.23364],[-4.90855,43.23797],[-4.89479,43.23817],[-4.88681,43.23535],[-4.88454,43.23215],[-4.87101,43.22802],[-4.8613,43.21842],[-4.86024,43.21505],[-4.86351,43.21189],[-4.86016,43.20898],[-4.86082,43.20532],[-4.85631,43.20335],[-4.85598,43.20018],[-4.84943,43.19298],[-4.84547,43.19339],[-4.83955,43.18966],[-4.84102,43.18078],[-4.81897,43.17912],[-4.81633,43.18335],[-4.81061,43.18119],[-4.78672,43.18578],[-4.77899,43.19208],[-4.75427,43.184],[-4.74352,43.18443],[-4.73401,43.18985],[-4.73319,43.19374],[-4.7376,43.19687],[-4.73562,43.20171],[-4.73647,43.20694],[-4.72776,43.21679],[-4.73067,43.22344],[-4.72101,43.22951],[-4.72492,43.23706],[-4.72279,43.24162],[-4.72882,43.24903],[-4.73094,43.25734],[-4.7257,43.25632],[-4.71162,43.26097],[-4.70604,43.26687],[-4.70405,43.26498],[-4.6918,43.26451],[-4.68788,43.26622],[-4.68451,43.26543],[-4.68256,43.26745],[-4.67357,43.26763],[-4.66845,43.265],[-4.65832,43.26416],[-4.65079,43.26593],[-4.64987,43.26826],[-4.63157,43.26708],[-4.63594,43.27039],[-4.63654,43.2755],[-4.62692,43.2815],[-4.62383,43.2883],[-4.62023,43.28814],[-4.61851,43.2907],[-4.60744,43.29562],[-4.60756,43.29863],[-4.59885,43.29866],[-4.591,43.2931],[-4.58259,43.29187],[-4.58106,43.28982],[-4.57309,43.28908],[-4.57014,43.29177],[-4.55176,43.28672],[-4.55026,43.28569],[-4.55399,43.27736],[-4.54737,43.26898],[-4.53772,43.26933],[-4.53267,43.27532],[-4.52496,43.27743],[-4.52152,43.28041],[-4.51857,43.29404],[-4.5191,43.30992],[-4.52703,43.32761],[-4.52298,43.33339],[-4.523,43.33809],[-4.5386,43.34347],[-4.53669,43.34455],[-4.53709,43.35041],[-4.53434,43.35322],[-4.53992,43.35607],[-4.53675,43.35858],[-4.53143,43.35912],[-4.53559,43.36342],[-4.53489,43.36736],[-4.52115,43.36615],[-4.52357,43.36932],[-4.51095,43.38032],[-4.51355,43.3888],[-4.51243,43.39328],[-4.51854,43.39574],[-4.53216,43.39766],[-4.53123,43.39898],[-4.53397,43.3999],[-4.54511,43.39985],[-4.5474,43.39642],[-4.5573,43.39798],[-4.5556,43.3951],[-4.55757,43.39313],[-4.56744,43.39202],[-4.57205,43.39445],[-4.57672,43.39308],[-4.57595,43.39559],[-4.57818,43.39561],[-4.57797,43.39805],[-4.58181,43.39944],[-4.59212,43.39687],[-4.60452,43.39754],[-4.60576,43.39608],[-4.61323,43.39769],[-4.61895,43.39524],[-4.61834,43.39861],[-4.62694,43.3976],[-4.63091,43.40027],[-4.64207,43.40267],[-4.65297,43.40054],[-4.6659,43.40637],[-4.68075,43.40922],[-4.69544,43.40872],[-4.69931,43.40479],[-4.69598,43.40897],[-4.69838,43.41256],[-4.70759,43.41039],[-4.70971,43.41239],[-4.71304,43.41156],[-4.71435,43.41293],[-4.71327,43.41508],[-4.72342,43.41571],[-4.72251,43.41692],[-4.7244,43.41861],[-4.72793,43.41594],[-4.73461,43.41819],[-4.7358,43.41589],[-4.73877,43.4166],[-4.74021,43.41501],[-4.74218,43.4183],[-4.74422,43.41659],[-4.74524,43.41939],[-4.75182,43.42064],[-4.74663,43.42179],[-4.75002,43.42157],[-4.75272,43.42275],[-4.7503,43.42306],[-4.75821,43.42569],[-4.76475,43.42591],[-4.76609,43.4293],[-4.78563,43.43172],[-4.78398,43.42928],[-4.78581,43.42588],[-4.78673,43.43203],[-4.79227,43.43246],[-4.79233,43.43084],[-4.80471,43.43331],[-4.80808,43.43153],[-4.80969,43.43313],[-4.80761,43.43446],[-4.81518,43.43583],[-4.81305,43.43956],[-4.81743,43.43992],[-4.81555,43.43827],[-4.8175,43.43776],[-4.81744,43.43587],[-4.81994,43.43735],[-4.82281,43.43569],[-4.83322,43.43981],[-4.83577,43.43526],[-4.83218,43.43379],[-4.83684,43.43337],[-4.83536,43.43432],[-4.8375,43.43612],[-4.83447,43.43704],[-4.83457,43.43887],[-4.83556,43.44089],[-4.8397,43.44093],[-4.83929,43.44657],[-4.84987,43.44471],[-4.84866,43.4431],[-4.85084,43.44188],[-4.8549,43.44242],[-4.85478,43.44632],[-4.86069,43.44439],[-4.86295,43.44591],[-4.86328,43.44367],[-4.87474,43.44161],[-4.8795,43.44666],[-4.88435,43.44689],[-4.88421,43.44844],[-4.89943,43.44911],[-4.89672,43.45076],[-4.90483,43.4518],[-4.906,43.45287],[-4.90447,43.45394],[-4.90691,43.45433],[-4.90682,43.45289],[-4.91019,43.45202],[-4.91585,43.45429],[-4.91634,43.45738],[-4.92356,43.45716],[-4.928,43.45948],[-4.92607,43.46239],[-4.93049,43.46182],[-4.93636,43.45698],[-4.93651,43.45974],[-4.94485,43.45886],[-4.94237,43.46074],[-4.95552,43.45948],[-4.95537,43.46146],[-4.96094,43.46041],[-4.9751,43.46227],[-4.98279,43.45492],[-4.98284,43.45494]]],[[[-4.64203,43.40433],[-4.64198,43.40435],[-4.64198,43.40444],[-4.64202,43.40452],[-4.64209,43.4046],[-4.64219,43.40466],[-4.6423,43.4047],[-4.64244,43.40472],[-4.64254,43.40471],[-4.6426,43.40468],[-4.64263,43.40464],[-4.64259,43.40456],[-4.64251,43.4045],[-4.64218,43.40435],[-4.64203,43.40433]]],[[[-4.62837,43.39954],[-4.62822,43.39961],[-4.62819,43.39967],[-4.62819,43.39973],[-4.62825,43.39977],[-4.62836,43.3998],[-4.6285,43.3998],[-4.62862,43.3998],[-4.62874,43.39978],[-4.62884,43.39973],[-4.6289,43.39968],[-4.62891,43.39963],[-4.62886,43.39957],[-4.62874,43.39954],[-4.62837,43.39954]]],[[[-4.62336,43.40209],[-4.62324,43.40221],[-4.6233,43.40228],[-4.6234,43.40234],[-4.6235,43.40239],[-4.624,43.40251],[-4.62412,43.40251],[-4.62423,43.40248],[-4.6244,43.40237],[-4.62461,43.40233],[-4.62464,43.4023],[-4.62459,43.40225],[-4.62447,43.4022],[-4.62436,43.40218],[-4.62336,43.40209]]],[[[-4.61534,43.39666],[-4.61477,43.39684],[-4.61517,43.39703],[-4.6153,43.39705],[-4.61536,43.39705],[-4.61544,43.39697],[-4.61548,43.39689],[-4.61548,43.3968],[-4.61545,43.39672],[-4.61541,43.39668],[-4.61534,43.39666]]],[[[-4.62549,43.39897],[-4.62533,43.39899],[-4.62527,43.39901],[-4.62523,43.3991],[-4.62523,43.39916],[-4.62528,43.39922],[-4.6254,43.39926],[-4.62553,43.39927],[-4.62564,43.39926],[-4.62574,43.39921],[-4.62579,43.39916],[-4.62579,43.3991],[-4.62576,43.39905],[-4.62549,43.39897]]],[[[-4.62935,43.39896],[-4.62928,43.39897],[-4.62923,43.39899],[-4.62923,43.39907],[-4.62939,43.39933],[-4.62955,43.39936],[-4.62965,43.3993],[-4.62969,43.39922],[-4.62972,43.39916],[-4.62968,43.39909],[-4.62959,43.39902],[-4.62948,43.39897],[-4.62935,43.39896]]],[[[-4.62868,43.39918],[-4.6284,43.39926],[-4.62834,43.39938],[-4.62836,43.39941],[-4.62848,43.39944],[-4.62873,43.39941],[-4.62897,43.39937],[-4.62916,43.39928],[-4.6292,43.39925],[-4.62917,43.3992],[-4.62906,43.39918],[-4.6288,43.39918],[-4.62868,43.39918]]],[[[-4.7093,43.41482],[-4.70813,43.41576],[-4.70944,43.41482],[-4.7093,43.41482]]],[[[-4.73923,43.41659],[-4.73916,43.4166],[-4.73911,43.41664],[-4.7391,43.41675],[-4.73909,43.41685],[-4.73916,43.41686],[-4.73924,43.41689],[-4.73929,43.41688],[-4.73936,43.4168],[-4.73937,43.41675],[-4.73938,43.41672],[-4.73937,43.41666],[-4.73932,43.41661],[-4.73923,43.41659]]],[[[-4.72964,43.41729],[-4.7289,43.41742],[-4.72884,43.41746],[-4.72881,43.41754],[-4.72882,43.41764],[-4.72885,43.41772],[-4.7289,43.41776],[-4.72902,43.41779],[-4.72938,43.41779],[-4.72949,43.41774],[-4.72992,43.4175],[-4.73003,43.41739],[-4.72997,43.41733],[-4.72989,43.4173],[-4.72964,43.41729]]],[[[-4.73082,43.41706],[-4.7299,43.41854],[-4.73167,43.4184],[-4.73091,43.41708],[-4.73082,43.41706]]],[[[-4.73743,43.41673],[-4.73838,43.41783],[-4.73752,43.41675],[-4.73743,43.41673]]],[[[-4.72926,43.41654],[-4.72914,43.41656],[-4.72901,43.41659],[-4.72889,43.41659],[-4.72877,43.41659],[-4.72866,43.4166],[-4.72857,43.41662],[-4.7285,43.4167],[-4.72844,43.41675],[-4.72823,43.41691],[-4.7282,43.41697],[-4.72821,43.41703],[-4.72826,43.41708],[-4.72839,43.41712],[-4.72903,43.41712],[-4.72915,43.41709],[-4.72925,43.41704],[-4.72949,43.41684],[-4.72954,43.41675],[-4.72956,43.41669],[-4.72956,43.41664],[-4.72948,43.41657],[-4.72938,43.41654],[-4.72926,43.41654]]],[[[-4.74409,43.41778],[-4.744,43.41783],[-4.74397,43.41787],[-4.74407,43.41808],[-4.74423,43.41811],[-4.74429,43.41808],[-4.74432,43.41801],[-4.7443,43.41793],[-4.74423,43.41785],[-4.74416,43.41779],[-4.74409,43.41778]]],[[[-4.76318,43.42577],[-4.76277,43.42586],[-4.7628,43.4259],[-4.76292,43.42593],[-4.76358,43.42601],[-4.76378,43.426],[-4.76387,43.42597],[-4.76391,43.42594],[-4.76391,43.42589],[-4.76381,43.42585],[-4.76368,43.42581],[-4.76343,43.42577],[-4.76318,43.42577]]],[[[-4.78258,43.43312],[-4.7825,43.43313],[-4.78244,43.43316],[-4.78243,43.43319],[-4.78271,43.43336],[-4.78297,43.43333],[-4.78336,43.43334],[-4.78347,43.43332],[-4.78351,43.43329],[-4.7835,43.43325],[-4.78337,43.43322],[-4.78326,43.43319],[-4.78258,43.43312]]],[[[-4.77678,43.4327],[-4.77671,43.43276],[-4.77675,43.4329],[-4.77683,43.43303],[-4.77699,43.43308],[-4.77724,43.43302],[-4.77742,43.43294],[-4.77753,43.43284],[-4.77746,43.43278],[-4.77704,43.4327],[-4.77678,43.4327]]],[[[-4.77804,43.43293],[-4.77798,43.43296],[-4.77793,43.43305],[-4.77822,43.43315],[-4.77832,43.43313],[-4.7784,43.43309],[-4.77842,43.43306],[-4.77834,43.433],[-4.77814,43.43293],[-4.77804,43.43293]]],[[[-4.77587,43.43272],[-4.77495,43.43369],[-4.77636,43.43277],[-4.77587,43.43272]]],[[[-4.77566,43.43406],[-4.77557,43.43408],[-4.77541,43.4342],[-4.77537,43.43427],[-4.77537,43.43433],[-4.77559,43.43453],[-4.7757,43.43458],[-4.77584,43.43458],[-4.77602,43.43454],[-4.77611,43.43448],[-4.77615,43.4344],[-4.77616,43.43431],[-4.77615,43.43426],[-4.77605,43.4342],[-4.77576,43.43405],[-4.77566,43.43406]]],[[[-4.8034,43.43545],[-4.80317,43.43552],[-4.80317,43.43561],[-4.80309,43.4358],[-4.8031,43.43589],[-4.80314,43.43596],[-4.80322,43.43603],[-4.80334,43.43607],[-4.80347,43.43608],[-4.80372,43.43607],[-4.80392,43.43612],[-4.80398,43.43611],[-4.80404,43.43605],[-4.80405,43.43595],[-4.80403,43.43584],[-4.80398,43.43576],[-4.80389,43.43569],[-4.8034,43.43545]]],[[[-4.79639,43.43343],[-4.79808,43.43453],[-4.79646,43.43345],[-4.79639,43.43343]]],[[[-4.78968,43.43288],[-4.78765,43.43502],[-4.79134,43.43536],[-4.79021,43.43287],[-4.78968,43.43288]]],[[[-4.80931,43.437],[-4.8083,43.43833],[-4.81146,43.43875],[-4.81,43.43702],[-4.80931,43.437]]],[[[-4.82687,43.43759],[-4.82491,43.4384],[-4.82697,43.43761],[-4.82687,43.43759]]],[[[-4.81926,43.43926],[-4.81893,43.4393],[-4.81895,43.43988],[-4.81898,43.43995],[-4.81905,43.43999],[-4.81916,43.44002],[-4.81925,43.44001],[-4.81945,43.4399],[-4.81954,43.43983],[-4.81958,43.43975],[-4.81957,43.43956],[-4.81947,43.43931],[-4.81938,43.43927],[-4.81926,43.43926]]],[[[-4.8232,43.43714],[-4.82249,43.43874],[-4.8233,43.43714],[-4.8232,43.43714]]],[[[-4.83053,43.44008],[-4.83044,43.44011],[-4.8303,43.44026],[-4.83025,43.44035],[-4.83025,43.44051],[-4.83073,43.44063],[-4.83082,43.44064],[-4.83092,43.4406],[-4.83095,43.44057],[-4.83095,43.44047],[-4.8309,43.44038],[-4.83068,43.44015],[-4.8306,43.4401],[-4.83053,43.44008]]],[[[-4.82527,43.44035],[-4.82515,43.44038],[-4.825,43.44055],[-4.82483,43.44064],[-4.82481,43.44069],[-4.82484,43.44076],[-4.82493,43.44082],[-4.82503,43.44084],[-4.82514,43.44084],[-4.82537,43.44076],[-4.82548,43.44076],[-4.82558,43.44073],[-4.82565,43.44065],[-4.82568,43.4406],[-4.82565,43.44053],[-4.82537,43.44037],[-4.82527,43.44035]]],[[[-4.83621,43.44247],[-4.83613,43.4425],[-4.83609,43.44255],[-4.83609,43.44259],[-4.83618,43.44265],[-4.83655,43.4427],[-4.83661,43.44262],[-4.83662,43.44257],[-4.83657,43.44253],[-4.83634,43.44247],[-4.83621,43.44247]]],[[[-4.86033,43.44473],[-4.86028,43.4448],[-4.86027,43.44507],[-4.8603,43.44512],[-4.86033,43.44515],[-4.86042,43.44514],[-4.86049,43.44508],[-4.86052,43.44498],[-4.86049,43.44487],[-4.86044,43.44477],[-4.86039,43.44473],[-4.86033,43.44473]]],[[[-4.84532,43.44627],[-4.84509,43.44642],[-4.84511,43.44651],[-4.84516,43.4466],[-4.84522,43.44665],[-4.84531,43.44668],[-4.84542,43.44666],[-4.84551,43.44662],[-4.84557,43.44655],[-4.84559,43.44645],[-4.84559,43.44637],[-4.84554,43.44631],[-4.84545,43.44628],[-4.84532,43.44627]]],[[[-4.89374,43.44924],[-4.89358,43.44925],[-4.89342,43.44928],[-4.89332,43.44929],[-4.89309,43.4495],[-4.89312,43.44966],[-4.8934,43.44973],[-4.89347,43.44968],[-4.8935,43.44956],[-4.89356,43.44949],[-4.89369,43.44942],[-4.89383,43.44936],[-4.89389,43.44932],[-4.89388,43.44928],[-4.89374,43.44924]]],[[[-4.89635,43.45085],[-4.89626,43.45087],[-4.89617,43.45097],[-4.89611,43.45107],[-4.8961,43.45115],[-4.89614,43.4512],[-4.89624,43.45122],[-4.89635,43.45119],[-4.89644,43.45111],[-4.89649,43.451],[-4.89643,43.45086],[-4.89635,43.45085]]],[[[-4.91361,43.45454],[-4.9134,43.45456],[-4.91339,43.45462],[-4.91339,43.45472],[-4.91344,43.45479],[-4.91349,43.45482],[-4.9136,43.45479],[-4.91365,43.45475],[-4.91361,43.45454]]],[[[-4.94969,43.46126],[-4.94957,43.46128],[-4.94951,43.46133],[-4.94949,43.46143],[-4.94948,43.46155],[-4.94943,43.46164],[-4.94931,43.46172],[-4.94919,43.4618],[-4.9491,43.46185],[-4.94899,43.46203],[-4.94903,43.46208],[-4.94906,43.46212],[-4.94919,43.46212],[-4.94925,43.4621],[-4.94939,43.46216],[-4.94946,43.46221],[-4.94954,43.46221],[-4.94965,43.46214],[-4.94972,43.46203],[-4.94976,43.46192],[-4.94981,43.46181],[-4.94985,43.4617],[-4.94986,43.46159],[-4.94987,43.46147],[-4.94983,43.46136],[-4.94975,43.46129],[-4.94969,43.46126]]],[[[-4.8479,43.44573],[-4.84786,43.44582],[-4.84781,43.446],[-4.84784,43.44609],[-4.84794,43.44613],[-4.84833,43.4461],[-4.84867,43.44611],[-4.84875,43.44606],[-4.84885,43.44583],[-4.84879,43.44577],[-4.84869,43.44574],[-4.84857,43.44574],[-4.84833,43.4458],[-4.84819,43.44578],[-4.84795,43.44573],[-4.8479,43.44573]]],[[[-4.84652,43.4458],[-4.84613,43.44588],[-4.84609,43.44598],[-4.84618,43.44604],[-4.84653,43.44614],[-4.84663,43.44615],[-4.84672,43.44612],[-4.8468,43.44605],[-4.84684,43.44599],[-4.84682,43.44592],[-4.84672,43.44586],[-4.84662,43.44581],[-4.84652,43.4458]]],[[[-4.85934,43.44585],[-4.85898,43.44588],[-4.85891,43.44592],[-4.85886,43.44602],[-4.85886,43.44609],[-4.85895,43.44618],[-4.85907,43.44627],[-4.85919,43.44634],[-4.85928,43.44642],[-4.85931,43.44651],[-4.85939,43.44657],[-4.85953,43.44661],[-4.8597,43.44661],[-4.85984,43.44657],[-4.85996,43.4465],[-4.86007,43.4464],[-4.86012,43.44633],[-4.86012,43.44623],[-4.86005,43.44614],[-4.85994,43.44607],[-4.85979,43.44603],[-4.85964,43.44598],[-4.85951,43.44591],[-4.85934,43.44585]]],[[[-4.5686,43.39333],[-4.56831,43.39344],[-4.56823,43.39345],[-4.56818,43.39349],[-4.56817,43.39353],[-4.56825,43.39359],[-4.56837,43.39361],[-4.56849,43.39361],[-4.56877,43.39358],[-4.56888,43.39353],[-4.56894,43.3935],[-4.56894,43.39346],[-4.5686,43.39333]]],[[[-4.56189,43.39347],[-4.56184,43.3935],[-4.56184,43.39357],[-4.5619,43.39365],[-4.56198,43.3937],[-4.56205,43.39373],[-4.56215,43.39372],[-4.5622,43.3937],[-4.56219,43.39349],[-4.56196,43.39347],[-4.56189,43.39347]]],[[[-4.56528,43.39355],[-4.56523,43.39358],[-4.56525,43.39364],[-4.56556,43.39393],[-4.56568,43.39397],[-4.56578,43.39398],[-4.56584,43.39396],[-4.56587,43.39389],[-4.56586,43.39383],[-4.5656,43.39355],[-4.56528,43.39355]]],[[[-4.55999,43.3936],[-4.55989,43.39368],[-4.55983,43.3937],[-4.55981,43.39378],[-4.55981,43.39384],[-4.55986,43.39388],[-4.55997,43.39393],[-4.56011,43.39393],[-4.56023,43.39392],[-4.56034,43.39389],[-4.5604,43.39386],[-4.56041,43.39381],[-4.56036,43.39375],[-4.55999,43.3936]]],[[[-4.56304,43.39368],[-4.56264,43.39372],[-4.56257,43.39376],[-4.56254,43.39382],[-4.56256,43.39389],[-4.56263,43.39393],[-4.56274,43.39397],[-4.56287,43.39399],[-4.563,43.39398],[-4.56313,43.39397],[-4.56321,43.39394],[-4.56327,43.39388],[-4.56327,43.39384],[-4.56304,43.39368]]],[[[-4.57074,43.3943],[-4.57064,43.39435],[-4.57057,43.39442],[-4.57053,43.39448],[-4.57053,43.39453],[-4.57059,43.39457],[-4.57071,43.39459],[-4.57083,43.39456],[-4.57095,43.39452],[-4.57099,43.3945],[-4.57092,43.39432],[-4.57074,43.3943]]],[[[-4.572,43.3945],[-4.57194,43.39452],[-4.57189,43.39457],[-4.57188,43.39464],[-4.57194,43.39472],[-4.57204,43.39478],[-4.57216,43.39481],[-4.57228,43.39482],[-4.5724,43.39479],[-4.5725,43.39475],[-4.57254,43.39469],[-4.57253,43.39465],[-4.57226,43.39461],[-4.57207,43.39452],[-4.572,43.3945]]],[[[-4.5561,43.39481],[-4.55592,43.39486],[-4.55593,43.39495],[-4.55604,43.39512],[-4.55611,43.39519],[-4.5562,43.39523],[-4.55634,43.39524],[-4.5566,43.39524],[-4.55669,43.39523],[-4.55674,43.3952],[-4.55673,43.39513],[-4.55668,43.39508],[-4.55649,43.39501],[-4.55644,43.39493],[-4.55636,43.39488],[-4.5561,43.39481]]],[[[-4.57571,43.39536],[-4.5756,43.39537],[-4.57548,43.39541],[-4.5754,43.39546],[-4.57536,43.39553],[-4.57537,43.39571],[-4.57542,43.39579],[-4.57549,43.39584],[-4.5758,43.39581],[-4.57583,43.39554],[-4.57583,43.39545],[-4.57578,43.39538],[-4.57571,43.39536]]],[[[-4.57597,43.39625],[-4.57586,43.39632],[-4.57583,43.39636],[-4.57583,43.3964],[-4.5759,43.39644],[-4.57616,43.39641],[-4.57628,43.39637],[-4.57633,43.39633],[-4.57633,43.39628],[-4.57631,43.39624],[-4.57597,43.39625]]],[[[-4.57569,43.39688],[-4.57515,43.39702],[-4.57508,43.39707],[-4.57508,43.39712],[-4.57514,43.39716],[-4.57527,43.39717],[-4.5754,43.39715],[-4.57565,43.39709],[-4.57586,43.39699],[-4.5759,43.39695],[-4.57589,43.3969],[-4.57583,43.39688],[-4.57569,43.39688]]],[[[-4.57509,43.39757],[-4.57387,43.39809],[-4.57528,43.40014],[-4.57585,43.39756],[-4.57509,43.39757]]],[[[-5.013,43.45961],[-5.01293,43.45962],[-5.01285,43.45967],[-5.01282,43.45975],[-5.01282,43.4598],[-5.01292,43.45984],[-5.01297,43.45985],[-5.01318,43.4597],[-5.013,43.45961]]],[[[-5.01316,43.46008],[-5.0131,43.46015],[-5.01317,43.46019],[-5.01326,43.46021],[-5.0133,43.46021],[-5.01332,43.46017],[-5.01328,43.46011],[-5.01316,43.46008]]],[[[-5.01295,43.46036],[-5.01264,43.46042],[-5.01262,43.46047],[-5.01265,43.46055],[-5.01272,43.4606],[-5.01284,43.46064],[-5.01295,43.46064],[-5.01302,43.46061],[-5.01309,43.46054],[-5.01313,43.46048],[-5.01313,43.46043],[-5.01306,43.46039],[-5.01295,43.46036]]],[[[-5.22226,43.48016],[-5.22211,43.48019],[-5.22199,43.48025],[-5.22195,43.48047],[-5.22181,43.48064],[-5.22183,43.48073],[-5.22194,43.4808],[-5.22223,43.48079],[-5.22235,43.48071],[-5.22261,43.48066],[-5.22255,43.48057],[-5.22232,43.48044],[-5.22236,43.48023],[-5.22226,43.48016]]]]}},{"type":"Feature","id":"es-as-comarca-eo-navia","properties":{"id":"es-as-comarca-eo-navia","slug":"comarca-eo-navia","name":"Comarca de Eo-Navia","localName":"Eo-Navia","aliases":["Eo-Navia"],"kind":"functional-region","boundaryStatus":"official","parentId":"es-as","population":43536,"areaKm2":1648.1,"density":26.4,"referenceYear":2021,"sourceId":"sitpa-functional-regions","bbox":[-7.18249,43.13172,-6.25919,43.57789],"center":[-6.72084,43.354805]},"geometry":{"type":"MultiPolygon","coordinates":[[[[-6.72493,43.55632],[-6.73228,43.56052],[-6.73347,43.56446],[-6.74122,43.56057],[-6.74214,43.56469],[-6.74445,43.56401],[-6.74669,43.56613],[-6.75856,43.56133],[-6.76415,43.56463],[-6.76336,43.56857],[-6.76705,43.56879],[-6.77029,43.56616],[-6.77463,43.56857],[-6.77555,43.56673],[-6.77734,43.56727],[-6.77745,43.56479],[-6.78282,43.56512],[-6.78331,43.56275],[-6.7809,43.55943],[-6.78471,43.55608],[-6.79447,43.5579],[-6.7996,43.55541],[-6.8033,43.55735],[-6.80327,43.55938],[-6.81122,43.55447],[-6.81323,43.55696],[-6.81697,43.55598],[-6.81932,43.56195],[-6.82626,43.5654],[-6.82828,43.56409],[-6.82831,43.56638],[-6.83541,43.56566],[-6.8371,43.56727],[-6.84082,43.56581],[-6.83865,43.56337],[-6.84406,43.56573],[-6.85159,43.56266],[-6.84992,43.56515],[-6.85414,43.56571],[-6.85284,43.56715],[-6.8546,43.56785],[-6.85387,43.57051],[-6.85717,43.5679],[-6.86703,43.56692],[-6.8649,43.57041],[-6.86648,43.56923],[-6.86621,43.5705],[-6.87626,43.56241],[-6.88017,43.56517],[-6.8863,43.56562],[-6.88518,43.56752],[-6.88925,43.5695],[-6.89324,43.56804],[-6.89964,43.57095],[-6.91025,43.56645],[-6.90937,43.56821],[-6.91405,43.57009],[-6.91421,43.57278],[-6.92408,43.57084],[-6.92538,43.57499],[-6.93277,43.56964],[-6.93701,43.56992],[-6.93736,43.57173],[-6.93848,43.57009],[-6.94632,43.57493],[-6.94787,43.57325],[-6.94572,43.57399],[-6.94426,43.57188],[-6.94704,43.57298],[-6.9491,43.57166],[-6.94795,43.5636],[-6.95099,43.56803],[-6.95358,43.56856],[-6.95578,43.56365],[-6.96054,43.56397],[-6.9602,43.56206],[-6.96381,43.56039],[-6.97092,43.5617],[-6.97406,43.55675],[-6.98018,43.55731],[-6.98133,43.55959],[-6.98643,43.55547],[-6.98897,43.5574],[-6.99305,43.55468],[-7.00018,43.55412],[-7.00319,43.55743],[-7.00548,43.55772],[-7.00356,43.55566],[-7.00597,43.55501],[-7.00954,43.55668],[-7.01732,43.55594],[-7.01816,43.5585],[-7.02322,43.55958],[-7.02249,43.55623],[-7.02581,43.55785],[-7.02942,43.55648],[-7.02268,43.55372],[-7.02199,43.54889],[-7.02876,43.54477],[-7.03319,43.54473],[-7.03244,43.53341],[-7.03873,43.52717],[-7.04523,43.51482],[-7.04662,43.50816],[-7.04348,43.49767],[-7.04885,43.48604],[-7.04733,43.47744],[-7.05729,43.47174],[-7.06222,43.47427],[-7.06537,43.47123],[-7.06997,43.47051],[-7.07206,43.46581],[-7.07881,43.46514],[-7.08367,43.45816],[-7.09022,43.45527],[-7.09173,43.4477],[-7.08625,43.44358],[-7.09034,43.44487],[-7.10036,43.4409],[-7.09779,43.43281],[-7.10624,43.43271],[-7.10157,43.42946],[-7.10269,43.42701],[-7.10993,43.42854],[-7.11299,43.42484],[-7.11891,43.42617],[-7.12777,43.42341],[-7.14204,43.4307],[-7.15193,43.42875],[-7.16133,43.43199],[-7.17284,43.43023],[-7.17485,43.42436],[-7.16979,43.42195],[-7.17641,43.4142],[-7.16918,43.40866],[-7.16876,43.40478],[-7.16981,43.40294],[-7.17365,43.40574],[-7.17278,43.40085],[-7.17963,43.39753],[-7.18249,43.39246],[-7.17704,43.39133],[-7.17864,43.38802],[-7.1754,43.38689],[-7.17672,43.38254],[-7.17186,43.38336],[-7.16722,43.37939],[-7.16294,43.38026],[-7.15956,43.37472],[-7.15556,43.37486],[-7.15045,43.37966],[-7.13844,43.3834],[-7.13437,43.37742],[-7.12753,43.3726],[-7.13158,43.3629],[-7.12828,43.3556],[-7.13279,43.34773],[-7.13013,43.34089],[-7.13121,43.33135],[-7.12566,43.33173],[-7.11523,43.32617],[-7.11254,43.31746],[-7.10723,43.31415],[-7.10093,43.30381],[-7.09042,43.29981],[-7.0786,43.30045],[-7.07394,43.30569],[-7.06763,43.3069],[-7.05978,43.30533],[-7.0652,43.29915],[-7.06468,43.28874],[-7.06823,43.28326],[-7.06643,43.27964],[-7.06971,43.27948],[-7.06913,43.27542],[-7.0705,43.27584],[-7.07151,43.27122],[-7.06529,43.24945],[-7.06159,43.24405],[-7.05066,43.23784],[-7.04657,43.23128],[-7.04125,43.22863],[-7.0341,43.22814],[-7.02005,43.21324],[-7.01694,43.21487],[-7.017,43.22204],[-7.00958,43.22288],[-7.00144,43.20728],[-6.99315,43.20846],[-6.98637,43.20216],[-6.97102,43.20425],[-6.96498,43.19261],[-6.9649,43.18754],[-6.97405,43.17893],[-6.98073,43.1664],[-6.97312,43.14936],[-6.9651,43.14854],[-6.96039,43.14484],[-6.9571,43.13938],[-6.95708,43.1349],[-6.94137,43.13172],[-6.93838,43.13289],[-6.93731,43.13966],[-6.9298,43.14288],[-6.92861,43.14091],[-6.92041,43.14052],[-6.91425,43.14695],[-6.90574,43.14968],[-6.9019,43.15504],[-6.89337,43.15476],[-6.88588,43.15683],[-6.88286,43.16065],[-6.88738,43.16617],[-6.87895,43.17131],[-6.87631,43.17564],[-6.87463,43.18701],[-6.87111,43.18882],[-6.86709,43.18966],[-6.8699,43.17998],[-6.86198,43.18204],[-6.85631,43.1724],[-6.84711,43.16705],[-6.83891,43.16614],[-6.83301,43.17287],[-6.8309,43.18551],[-6.82816,43.18939],[-6.82568,43.19981],[-6.81925,43.20819],[-6.80562,43.201],[-6.79026,43.20426],[-6.78607,43.21207],[-6.78655,43.22599],[-6.7919,43.22821],[-6.79372,43.23139],[-6.79606,43.23187],[-6.79801,43.22921],[-6.80399,43.23076],[-6.80461,43.22875],[-6.81655,43.22616],[-6.81498,43.23051],[-6.83311,43.23148],[-6.84803,43.23643],[-6.84049,43.24147],[-6.84005,43.24807],[-6.84393,43.24823],[-6.84436,43.24984],[-6.84026,43.25882],[-6.8358,43.26177],[-6.83141,43.2682],[-6.83056,43.27649],[-6.81529,43.28396],[-6.79423,43.28883],[-6.76493,43.31416],[-6.75649,43.3183],[-6.74355,43.32043],[-6.73959,43.3254],[-6.72777,43.33353],[-6.72021,43.3435],[-6.70814,43.35261],[-6.70083,43.37019],[-6.69342,43.37452],[-6.68386,43.37451],[-6.68153,43.37202],[-6.66717,43.36748],[-6.66312,43.36889],[-6.66222,43.37435],[-6.65632,43.37904],[-6.6566,43.38415],[-6.64324,43.40022],[-6.64546,43.40062],[-6.64401,43.40348],[-6.64118,43.40458],[-6.64087,43.4097],[-6.64453,43.40974],[-6.64641,43.4117],[-6.64553,43.41326],[-6.64248,43.41269],[-6.63365,43.42444],[-6.62798,43.4256],[-6.61951,43.4323],[-6.61031,43.43589],[-6.60636,43.44284],[-6.60119,43.44602],[-6.59876,43.45488],[-6.57593,43.45905],[-6.56311,43.4562],[-6.55872,43.45996],[-6.55612,43.45957],[-6.54614,43.45316],[-6.54554,43.44914],[-6.5373,43.44497],[-6.53135,43.43896],[-6.51758,43.43607],[-6.51483,43.43359],[-6.50943,43.43843],[-6.51025,43.43587],[-6.50618,43.43386],[-6.49437,43.43227],[-6.48337,43.43792],[-6.47675,43.43901],[-6.47748,43.44043],[-6.47394,43.44194],[-6.46576,43.43602],[-6.45336,43.43912],[-6.44965,43.43603],[-6.44945,43.42893],[-6.4392,43.42767],[-6.43342,43.42379],[-6.42732,43.41387],[-6.42946,43.40824],[-6.41845,43.4038],[-6.39077,43.39865],[-6.39315,43.39985],[-6.3901,43.40788],[-6.38623,43.4114],[-6.38483,43.41973],[-6.36259,43.43185],[-6.36064,43.43742],[-6.35294,43.44011],[-6.35586,43.44351],[-6.35149,43.446],[-6.3493,43.4517],[-6.33668,43.46744],[-6.33914,43.47118],[-6.34362,43.47334],[-6.32719,43.48346],[-6.31608,43.48014],[-6.30624,43.4808],[-6.29726,43.48562],[-6.2952,43.49206],[-6.28939,43.49514],[-6.28787,43.49986],[-6.27449,43.49753],[-6.26863,43.4986],[-6.26867,43.50288],[-6.2657,43.50708],[-6.27097,43.50924],[-6.27273,43.51326],[-6.26466,43.53],[-6.26921,43.53534],[-6.26675,43.53717],[-6.26659,43.54034],[-6.26253,43.53939],[-6.25919,43.54269],[-6.26327,43.54483],[-6.27106,43.54504],[-6.27418,43.5491],[-6.27819,43.54514],[-6.29249,43.53864],[-6.30904,43.53643],[-6.3161,43.53161],[-6.32347,43.53106],[-6.32767,43.52502],[-6.33496,43.52504],[-6.34923,43.52089],[-6.35205,43.52307],[-6.35258,43.528],[-6.34705,43.53078],[-6.34509,43.53512],[-6.3343,43.54154],[-6.3341,43.5449],[-6.34471,43.55423],[-6.35441,43.55124],[-6.36117,43.55181],[-6.36205,43.55386],[-6.36984,43.55112],[-6.37201,43.55377],[-6.36781,43.55833],[-6.37096,43.55863],[-6.3743,43.55546],[-6.37935,43.55755],[-6.38362,43.55597],[-6.38663,43.55669],[-6.38686,43.55839],[-6.39686,43.56045],[-6.40416,43.55621],[-6.41476,43.55795],[-6.41505,43.55953],[-6.42052,43.55388],[-6.42975,43.55276],[-6.43438,43.55634],[-6.43883,43.55614],[-6.43914,43.55898],[-6.44389,43.55954],[-6.44549,43.56275],[-6.44965,43.56101],[-6.45447,43.56466],[-6.46052,43.56506],[-6.46025,43.56911],[-6.46495,43.56873],[-6.47009,43.57115],[-6.47398,43.56734],[-6.47258,43.56473],[-6.47541,43.56341],[-6.47361,43.55902],[-6.4754,43.55558],[-6.47221,43.55166],[-6.47439,43.5503],[-6.4823,43.55296],[-6.48842,43.54899],[-6.4916,43.54892],[-6.50155,43.55171],[-6.50424,43.54942],[-6.50677,43.55113],[-6.51281,43.54721],[-6.52133,43.55068],[-6.5303,43.54792],[-6.532,43.55072],[-6.53397,43.54839],[-6.53608,43.54882],[-6.53207,43.5466],[-6.53244,43.54528],[-6.53478,43.54734],[-6.53671,43.54611],[-6.53953,43.54744],[-6.53896,43.54959],[-6.53731,43.54946],[-6.54143,43.54978],[-6.53964,43.55247],[-6.54185,43.55201],[-6.54061,43.55376],[-6.54249,43.55476],[-6.5572,43.55041],[-6.55477,43.55383],[-6.55819,43.55293],[-6.5584,43.55577],[-6.5608,43.55466],[-6.56266,43.55511],[-6.56213,43.55646],[-6.5774,43.55656],[-6.57725,43.55794],[-6.58073,43.55665],[-6.58096,43.55438],[-6.59848,43.55403],[-6.59929,43.55667],[-6.60367,43.55687],[-6.60136,43.56321],[-6.60347,43.56608],[-6.60852,43.56138],[-6.61403,43.56163],[-6.61729,43.56369],[-6.61582,43.56625],[-6.62021,43.56552],[-6.62232,43.56769],[-6.62175,43.56997],[-6.62631,43.5729],[-6.62813,43.56903],[-6.63261,43.56997],[-6.63221,43.56719],[-6.63384,43.56877],[-6.64476,43.56853],[-6.64561,43.56424],[-6.6457,43.56614],[-6.64989,43.56783],[-6.65633,43.56602],[-6.65867,43.5673],[-6.66305,43.56632],[-6.66355,43.56446],[-6.66634,43.56568],[-6.67468,43.56018],[-6.68476,43.55866],[-6.69106,43.55973],[-6.69092,43.56258],[-6.69819,43.5603],[-6.69777,43.5638],[-6.70849,43.56153],[-6.7095,43.56411],[-6.72079,43.5562],[-6.72491,43.5563],[-6.72493,43.55632]]],[[[-6.70474,43.56342],[-6.70466,43.56349],[-6.70459,43.56357],[-6.70452,43.56365],[-6.70447,43.56373],[-6.70443,43.56382],[-6.70444,43.56386],[-6.70449,43.56389],[-6.70461,43.5639],[-6.70472,43.5639],[-6.70485,43.56385],[-6.70523,43.56361],[-6.70522,43.56352],[-6.70519,43.56348],[-6.70507,43.56346],[-6.70494,43.56346],[-6.70484,43.56344],[-6.70479,43.56342],[-6.70474,43.56342]]],[[[-6.66335,43.56717],[-6.6632,43.5672],[-6.66317,43.56728],[-6.66316,43.56737],[-6.66317,43.56747],[-6.66317,43.56756],[-6.66318,43.56763],[-6.6632,43.56768],[-6.66328,43.56769],[-6.6634,43.56767],[-6.66352,43.56763],[-6.66363,43.56758],[-6.66367,43.56755],[-6.66367,43.56748],[-6.66363,43.56739],[-6.66355,43.56732],[-6.66335,43.56717]]],[[[-6.65914,43.5673],[-6.65905,43.56734],[-6.65895,43.56742],[-6.6589,43.56749],[-6.65883,43.56756],[-6.65879,43.56765],[-6.6588,43.56771],[-6.65885,43.56774],[-6.65897,43.56776],[-6.6591,43.56774],[-6.65918,43.56772],[-6.65926,43.56774],[-6.65946,43.56767],[-6.65945,43.56761],[-6.65941,43.56759],[-6.65947,43.56754],[-6.65954,43.56752],[-6.65956,43.5675],[-6.65952,43.56745],[-6.65941,43.56742],[-6.6593,43.56738],[-6.65919,43.56732],[-6.65914,43.5673]]],[[[-6.65964,43.56766],[-6.65866,43.56908],[-6.66127,43.56894],[-6.65976,43.56768],[-6.65964,43.56766]]],[[[-6.62356,43.57141],[-6.62345,43.57145],[-6.62334,43.57153],[-6.62336,43.57159],[-6.62343,43.57161],[-6.62352,43.57161],[-6.6236,43.57156],[-6.62366,43.57149],[-6.62367,43.57145],[-6.62363,43.57141],[-6.62356,43.57141]]],[[[-6.6265,43.57307],[-6.62644,43.57309],[-6.62642,43.57313],[-6.62653,43.57337],[-6.62666,43.57337],[-6.62671,43.57336],[-6.62673,43.57331],[-6.6267,43.57322],[-6.62663,43.57314],[-6.62655,43.57309],[-6.6265,43.57307]]],[[[-6.6268,43.57385],[-6.62671,43.57388],[-6.62664,43.57394],[-6.62662,43.57401],[-6.62665,43.57406],[-6.62674,43.57412],[-6.62679,43.57415],[-6.62686,43.57429],[-6.62707,43.5743],[-6.62716,43.5743],[-6.62721,43.57428],[-6.62723,43.57423],[-6.62719,43.57415],[-6.62711,43.57408],[-6.62703,43.57403],[-6.62697,43.57396],[-6.62695,43.5739],[-6.62689,43.57386],[-6.6268,43.57385]]],[[[-6.62568,43.5746],[-6.62562,43.57467],[-6.6256,43.57474],[-6.62564,43.57479],[-6.62568,43.57482],[-6.62569,43.57485],[-6.62565,43.57489],[-6.62564,43.57495],[-6.62567,43.57498],[-6.62575,43.57496],[-6.62579,43.57494],[-6.62582,43.57496],[-6.62578,43.57505],[-6.62577,43.57511],[-6.6258,43.57516],[-6.6259,43.57521],[-6.62599,43.57523],[-6.6261,43.57522],[-6.62621,43.57517],[-6.62628,43.57516],[-6.62637,43.57518],[-6.62642,43.57518],[-6.62645,43.57512],[-6.62642,43.57504],[-6.62637,43.57498],[-6.62634,43.57489],[-6.62634,43.57484],[-6.62626,43.57478],[-6.62616,43.57475],[-6.62592,43.57475],[-6.62583,43.5747],[-6.62579,43.57464],[-6.62573,43.57461],[-6.62568,43.5746]]],[[[-6.62809,43.57249],[-6.62798,43.57253],[-6.62783,43.57263],[-6.62788,43.57268],[-6.62797,43.5727],[-6.62809,43.57267],[-6.62817,43.57263],[-6.62822,43.57259],[-6.62822,43.57254],[-6.62818,43.5725],[-6.62809,43.57249]]],[[[-6.62775,43.57272],[-6.62748,43.57281],[-6.62744,43.57291],[-6.62745,43.57294],[-6.62758,43.57296],[-6.62766,43.57295],[-6.62776,43.57289],[-6.62783,43.57283],[-6.62785,43.57278],[-6.62781,43.57274],[-6.62775,43.57272]]],[[[-6.78787,43.55748],[-6.78783,43.55752],[-6.78774,43.55776],[-6.78789,43.55774],[-6.78796,43.55768],[-6.78799,43.55759],[-6.78799,43.55753],[-6.78795,43.55749],[-6.78787,43.55748]]],[[[-6.78992,43.5581],[-6.78982,43.55811],[-6.78972,43.55818],[-6.78965,43.55826],[-6.78964,43.55835],[-6.78964,43.5584],[-6.78969,43.55842],[-6.78995,43.55839],[-6.79004,43.55833],[-6.79006,43.55826],[-6.79003,43.55817],[-6.78999,43.55813],[-6.78992,43.5581]]],[[[-6.78993,43.55847],[-6.78978,43.55854],[-6.78973,43.55862],[-6.78971,43.55868],[-6.78971,43.55872],[-6.7898,43.55875],[-6.78993,43.55874],[-6.79004,43.5587],[-6.79012,43.55865],[-6.79017,43.55858],[-6.79017,43.55854],[-6.78993,43.55847]]],[[[-6.79231,43.55861],[-6.79221,43.55862],[-6.7921,43.55867],[-6.79202,43.55874],[-6.79195,43.55883],[-6.79178,43.55908],[-6.79183,43.55912],[-6.79187,43.55915],[-6.79198,43.55914],[-6.79209,43.5591],[-6.79217,43.55909],[-6.79228,43.55913],[-6.79237,43.55918],[-6.79247,43.55921],[-6.79254,43.5592],[-6.79263,43.55916],[-6.79268,43.55907],[-6.7927,43.55897],[-6.79271,43.55888],[-6.7927,43.55878],[-6.79267,43.55872],[-6.79256,43.55866],[-6.79245,43.55862],[-6.79231,43.55861]]],[[[-6.79665,43.55914],[-6.79658,43.55917],[-6.79654,43.55922],[-6.79653,43.55929],[-6.79666,43.55946],[-6.79681,43.55944],[-6.79687,43.55941],[-6.7969,43.55934],[-6.79687,43.55926],[-6.79682,43.55919],[-6.79674,43.55914],[-6.79665,43.55914]]],[[[-6.79619,43.55862],[-6.79607,43.55864],[-6.79594,43.55867],[-6.79582,43.55872],[-6.7957,43.55875],[-6.79561,43.55879],[-6.79556,43.55882],[-6.79556,43.55889],[-6.7956,43.55893],[-6.79569,43.55895],[-6.7958,43.55895],[-6.7962,43.55882],[-6.79634,43.5587],[-6.79636,43.55866],[-6.79633,43.55863],[-6.79619,43.55862]]],[[[-6.79473,43.55862],[-6.79466,43.55865],[-6.79462,43.55868],[-6.79465,43.55897],[-6.79499,43.55898],[-6.79506,43.55897],[-6.79512,43.55895],[-6.79514,43.55889],[-6.79512,43.55881],[-6.79505,43.55874],[-6.79494,43.55867],[-6.79484,43.55863],[-6.79473,43.55862]]],[[[-6.79441,43.56002],[-6.7943,43.56007],[-6.7942,43.56015],[-6.79416,43.56024],[-6.79415,43.56033],[-6.79417,43.56043],[-6.7942,43.56052],[-6.79448,43.56085],[-6.79477,43.56081],[-6.79489,43.56077],[-6.79494,43.56074],[-6.79495,43.56064],[-6.79494,43.56055],[-6.79491,43.56046],[-6.79486,43.56037],[-6.79482,43.56028],[-6.79476,43.56019],[-6.7947,43.5601],[-6.79461,43.56004],[-6.79452,43.56002],[-6.79441,43.56002]]],[[[-6.79273,43.56037],[-6.79268,43.56039],[-6.79263,43.56046],[-6.79262,43.56056],[-6.79261,43.56059],[-6.79255,43.56061],[-6.79245,43.56056],[-6.79232,43.56056],[-6.79226,43.56057],[-6.79222,43.56063],[-6.79221,43.56072],[-6.7923,43.56101],[-6.79245,43.56101],[-6.79251,43.56101],[-6.79257,43.56098],[-6.79262,43.5609],[-6.79262,43.56081],[-6.79263,43.56075],[-6.79266,43.56072],[-6.79277,43.56074],[-6.79285,43.56079],[-6.79292,43.5608],[-6.79297,43.56079],[-6.79299,43.56071],[-6.79296,43.56062],[-6.79292,43.56053],[-6.79286,43.56044],[-6.79281,43.5604],[-6.79273,43.56037]]],[[[-6.7838,43.56209],[-6.78367,43.56211],[-6.78355,43.56214],[-6.78349,43.56217],[-6.78348,43.5622],[-6.78352,43.56224],[-6.78378,43.56229],[-6.7839,43.56232],[-6.78407,43.56227],[-6.78412,43.56225],[-6.78412,43.5622],[-6.78405,43.56215],[-6.78393,43.56211],[-6.7838,43.56209]]],[[[-6.78377,43.56277],[-6.78365,43.56278],[-6.7836,43.56281],[-6.78358,43.56287],[-6.78362,43.56293],[-6.7837,43.56297],[-6.78402,43.563],[-6.78416,43.5629],[-6.78414,43.56285],[-6.78402,43.56281],[-6.7839,43.56278],[-6.78377,43.56277]]],[[[-6.78451,43.56325],[-6.78441,43.56327],[-6.78437,43.56331],[-6.78441,43.5635],[-6.78445,43.56355],[-6.78455,43.56349],[-6.7846,43.56341],[-6.78464,43.56336],[-6.78463,43.56331],[-6.78458,43.56327],[-6.78451,43.56325]]],[[[-6.78408,43.56351],[-6.78404,43.56354],[-6.7841,43.56361],[-6.78433,43.56381],[-6.78447,43.56382],[-6.78451,43.56381],[-6.7845,43.56375],[-6.78442,43.56368],[-6.78433,43.56361],[-6.78424,43.56355],[-6.78414,43.56351],[-6.78408,43.56351]]],[[[-6.78431,43.56392],[-6.78427,43.56394],[-6.78427,43.56401],[-6.78438,43.56419],[-6.78449,43.5642],[-6.78454,43.56419],[-6.78456,43.56413],[-6.78452,43.56404],[-6.78445,43.56397],[-6.78439,43.56393],[-6.78431,43.56392]]],[[[-6.75544,43.56407],[-6.75534,43.56408],[-6.75525,43.56412],[-6.75518,43.56418],[-6.75518,43.56425],[-6.75518,43.56434],[-6.75519,43.56443],[-6.75517,43.5645],[-6.75511,43.56457],[-6.75508,43.56465],[-6.75509,43.56472],[-6.75515,43.56478],[-6.75526,43.56486],[-6.75538,43.5648],[-6.7554,43.5648],[-6.75544,43.56479],[-6.7555,43.56476],[-6.75556,43.5647],[-6.75561,43.56464],[-6.75568,43.56458],[-6.75574,43.56452],[-6.7558,43.56445],[-6.75585,43.56437],[-6.75586,43.56429],[-6.75584,43.56421],[-6.75575,43.56416],[-6.75565,43.56412],[-6.75555,43.56409],[-6.75544,43.56407]]],[[[-6.74936,43.56563],[-6.7493,43.56565],[-6.74926,43.56572],[-6.74918,43.56584],[-6.74918,43.56586],[-6.74919,43.56587],[-6.74921,43.5659],[-6.74927,43.56592],[-6.74935,43.56592],[-6.74944,43.56591],[-6.7495,43.56588],[-6.74957,43.56583],[-6.74961,43.56577],[-6.7496,43.56571],[-6.74953,43.56566],[-6.74944,43.56564],[-6.74936,43.56563]]],[[[-6.78423,43.56463],[-6.78415,43.56464],[-6.78411,43.56467],[-6.78419,43.56493],[-6.78443,43.56496],[-6.78448,43.56494],[-6.7845,43.56487],[-6.78448,43.56479],[-6.7844,43.56471],[-6.78432,43.56465],[-6.78423,43.56463]]],[[[-6.75633,43.56445],[-6.75625,43.56446],[-6.75618,43.56449],[-6.75612,43.56455],[-6.75612,43.56462],[-6.75614,43.56469],[-6.75625,43.5648],[-6.75636,43.56479],[-6.75639,43.56479],[-6.75641,43.56476],[-6.75643,43.5647],[-6.75644,43.56463],[-6.75645,43.56456],[-6.75644,43.5645],[-6.7564,43.56447],[-6.75633,43.56445]]],[[[-6.75663,43.56475],[-6.75658,43.56477],[-6.75655,43.56482],[-6.75653,43.56495],[-6.75655,43.56502],[-6.75655,43.56503],[-6.75659,43.56503],[-6.75663,43.56501],[-6.75668,43.56495],[-6.75671,43.5649],[-6.75672,43.56483],[-6.75668,43.56476],[-6.75663,43.56475]]],[[[-6.76496,43.56897],[-6.76573,43.5701],[-6.76505,43.56897],[-6.76496,43.56897]]],[[[-6.78304,43.5704],[-6.78281,43.57062],[-6.78284,43.5708],[-6.78292,43.57086],[-6.78302,43.57089],[-6.78314,43.57089],[-6.78325,43.57087],[-6.78331,43.57083],[-6.78336,43.57076],[-6.78335,43.57066],[-6.78331,43.57058],[-6.78325,43.57049],[-6.78319,43.57043],[-6.7831,43.5704],[-6.78304,43.5704]]],[[[-6.78052,43.56915],[-6.78036,43.56917],[-6.78033,43.56922],[-6.78034,43.56929],[-6.78042,43.56937],[-6.78052,43.56943],[-6.78064,43.56946],[-6.78078,43.5695],[-6.7809,43.56951],[-6.78104,43.56951],[-6.78112,43.56948],[-6.78118,43.56945],[-6.78118,43.56938],[-6.78112,43.56931],[-6.78102,43.56926],[-6.78091,43.56923],[-6.78052,43.56915]]],[[[-6.76463,43.57091],[-6.76452,43.57095],[-6.76445,43.57103],[-6.76438,43.57111],[-6.76434,43.57119],[-6.76429,43.57129],[-6.76425,43.57138],[-6.76422,43.57147],[-6.76421,43.57151],[-6.76431,43.57152],[-6.76443,43.57148],[-6.76454,43.57143],[-6.76463,43.57136],[-6.76472,43.57129],[-6.76484,43.57108],[-6.7647,43.57092],[-6.76463,43.57091]]],[[[-6.76667,43.57363],[-6.76822,43.57471],[-6.76672,43.57365],[-6.76667,43.57363]]],[[[-6.7835,43.56561],[-6.78327,43.56563],[-6.78322,43.56564],[-6.78329,43.5657],[-6.78339,43.56576],[-6.78348,43.5658],[-6.78353,43.56586],[-6.78355,43.56596],[-6.78355,43.56603],[-6.78359,43.56607],[-6.78372,43.56609],[-6.78384,43.56606],[-6.78395,43.56603],[-6.78406,43.56598],[-6.78417,43.56594],[-6.78424,43.56591],[-6.78426,43.56586],[-6.78422,43.5658],[-6.78411,43.56576],[-6.78398,43.56572],[-6.78387,43.56569],[-6.7835,43.56561]]],[[[-6.78247,43.56563],[-6.78217,43.5657],[-6.78204,43.56575],[-6.78203,43.56578],[-6.78213,43.56584],[-6.78225,43.56588],[-6.78234,43.56595],[-6.78242,43.56602],[-6.78249,43.56607],[-6.78258,43.56609],[-6.78269,43.56607],[-6.78279,43.566],[-6.78288,43.56595],[-6.783,43.56593],[-6.78308,43.56589],[-6.78312,43.56584],[-6.78312,43.5658],[-6.78304,43.56575],[-6.78293,43.56572],[-6.7828,43.56569],[-6.78268,43.56567],[-6.78255,43.56565],[-6.78247,43.56563]]],[[[-6.78149,43.56573],[-6.78141,43.56577],[-6.78135,43.56583],[-6.78133,43.56593],[-6.78135,43.56597],[-6.78158,43.56608],[-6.7818,43.56593],[-6.78182,43.56587],[-6.78181,43.56582],[-6.78169,43.56576],[-6.78158,43.56573],[-6.78149,43.56573]]],[[[-6.75238,43.56468],[-6.75136,43.56722],[-6.75351,43.56756],[-6.75245,43.56469],[-6.75238,43.56468]]],[[[-6.78745,43.56641],[-6.78719,43.56662],[-6.78723,43.56672],[-6.78723,43.56678],[-6.78727,43.56684],[-6.78737,43.5669],[-6.78747,43.56691],[-6.7876,43.5669],[-6.78772,43.56685],[-6.78781,43.56679],[-6.78787,43.56673],[-6.78788,43.56665],[-6.78782,43.56656],[-6.78774,43.56649],[-6.78765,43.56644],[-6.78753,43.56641],[-6.78745,43.56641]]],[[[-6.74733,43.56669],[-6.74731,43.56671],[-6.74731,43.56675],[-6.74731,43.56678],[-6.74731,43.56683],[-6.74734,43.56687],[-6.74738,43.56691],[-6.74742,43.56696],[-6.74747,43.56701],[-6.74754,43.56704],[-6.7476,43.56704],[-6.74763,43.56702],[-6.74764,43.56698],[-6.74762,43.56693],[-6.74758,43.56686],[-6.74749,43.56676],[-6.74744,43.56672],[-6.74742,43.56672],[-6.74738,43.5667],[-6.74733,43.56669]]],[[[-6.74506,43.56691],[-6.74502,43.56694],[-6.74497,43.56699],[-6.74493,43.56706],[-6.74488,43.56713],[-6.74486,43.5672],[-6.74486,43.56729],[-6.74491,43.56734],[-6.74496,43.56738],[-6.74501,43.56739],[-6.74504,43.56737],[-6.74505,43.56732],[-6.74507,43.56725],[-6.74513,43.56718],[-6.74519,43.56711],[-6.74523,43.56697],[-6.74514,43.56692],[-6.74513,43.56691],[-6.74506,43.56691]]],[[[-6.74693,43.56692],[-6.74687,43.56693],[-6.74681,43.56696],[-6.74677,43.56701],[-6.74672,43.56708],[-6.7467,43.56716],[-6.7467,43.56725],[-6.7467,43.56734],[-6.74673,43.56743],[-6.74679,43.5675],[-6.74685,43.56758],[-6.74693,43.56763],[-6.747,43.56763],[-6.74706,43.56757],[-6.74709,43.5675],[-6.74709,43.56741],[-6.74708,43.56734],[-6.74703,43.56727],[-6.747,43.56719],[-6.74702,43.56712],[-6.7471,43.56697],[-6.74698,43.56692],[-6.74693,43.56692]]],[[[-6.74879,43.56605],[-6.74871,43.56607],[-6.74868,43.56612],[-6.74865,43.56621],[-6.74862,43.5663],[-6.74859,43.56639],[-6.74855,43.56647],[-6.74854,43.56657],[-6.74851,43.56673],[-6.74859,43.56679],[-6.74864,43.56679],[-6.7487,43.56679],[-6.74876,43.56675],[-6.74879,43.5667],[-6.74881,43.56661],[-6.74883,43.56652],[-6.74885,43.56643],[-6.74888,43.56633],[-6.74891,43.56625],[-6.74892,43.56617],[-6.74891,43.5661],[-6.74886,43.56605],[-6.74879,43.56605]]],[[[-6.76263,43.56647],[-6.76255,43.56654],[-6.76249,43.56662],[-6.76245,43.56671],[-6.7624,43.56679],[-6.76239,43.56684],[-6.76243,43.56686],[-6.76253,43.56684],[-6.76261,43.56679],[-6.76267,43.56671],[-6.7627,43.56655],[-6.76268,43.56647],[-6.76263,43.56647]]],[[[-6.75881,43.56648],[-6.75872,43.5665],[-6.75865,43.56654],[-6.75861,43.56664],[-6.75858,43.56674],[-6.75852,43.56692],[-6.75862,43.56693],[-6.75864,43.56693],[-6.75866,43.56694],[-6.75872,43.56691],[-6.75878,43.56685],[-6.75884,43.56676],[-6.75888,43.56668],[-6.75889,43.56659],[-6.75887,43.56651],[-6.75881,43.56648]]],[[[-6.78145,43.56685],[-6.7814,43.56686],[-6.78136,43.56695],[-6.78136,43.56705],[-6.78137,43.56714],[-6.78139,43.56722],[-6.78143,43.5673],[-6.7815,43.56735],[-6.78156,43.56737],[-6.78164,43.56735],[-6.7817,43.5673],[-6.78172,43.56721],[-6.7817,43.56712],[-6.78156,43.56687],[-6.78145,43.56685]]],[[[-6.751,43.56771],[-6.75097,43.56772],[-6.75094,43.56773],[-6.75089,43.56776],[-6.75087,43.56782],[-6.75086,43.56787],[-6.75084,43.56793],[-6.75082,43.56799],[-6.75079,43.56805],[-6.75079,43.56813],[-6.75079,43.56818],[-6.75083,43.5682],[-6.75089,43.5682],[-6.75096,43.56816],[-6.75102,43.56811],[-6.75109,43.56804],[-6.75111,43.56794],[-6.75112,43.56786],[-6.75107,43.56778],[-6.751,43.56771]]],[[[-6.77097,43.56774],[-6.77085,43.56775],[-6.77074,43.56779],[-6.77069,43.56783],[-6.77068,43.56788],[-6.77074,43.56796],[-6.77081,43.56799],[-6.77095,43.568],[-6.77102,43.568],[-6.77119,43.56789],[-6.77119,43.56785],[-6.77117,43.5678],[-6.77111,43.56775],[-6.77097,43.56774]]],[[[-6.77738,43.56819],[-6.7773,43.56822],[-6.77725,43.56831],[-6.77724,43.5684],[-6.77725,43.5685],[-6.77732,43.56874],[-6.77741,43.56877],[-6.77746,43.56878],[-6.77751,43.56871],[-6.77751,43.56862],[-6.77751,43.56852],[-6.77753,43.56844],[-6.77756,43.56835],[-6.77757,43.56827],[-6.77753,43.56822],[-6.77745,43.56819],[-6.77738,43.56819]]],[[[-6.77607,43.56831],[-6.77587,43.56834],[-6.77585,43.5684],[-6.77591,43.56848],[-6.77599,43.56855],[-6.77609,43.5686],[-6.7762,43.56864],[-6.77632,43.56868],[-6.77644,43.56871],[-6.77655,43.56872],[-6.7766,43.56871],[-6.77661,43.56866],[-6.77654,43.56857],[-6.77647,43.5685],[-6.77636,43.56844],[-6.77607,43.56831]]],[[[-6.77156,43.56793],[-6.77152,43.56796],[-6.77148,43.56802],[-6.77151,43.56809],[-6.77159,43.56815],[-6.77171,43.56821],[-6.77182,43.56826],[-6.77217,43.56835],[-6.77238,43.56831],[-6.77243,43.56825],[-6.77243,43.56819],[-6.77238,43.56812],[-6.77228,43.56807],[-6.77216,43.56803],[-6.77204,43.56801],[-6.77193,43.56798],[-6.77179,43.56795],[-6.77166,43.56792],[-6.77156,43.56793]]],[[[-6.76297,43.56833],[-6.76293,43.56835],[-6.76293,43.56845],[-6.76293,43.56854],[-6.76295,43.56863],[-6.76295,43.56866],[-6.763,43.56867],[-6.76305,43.56861],[-6.76306,43.56851],[-6.76302,43.56834],[-6.76297,43.56833]]],[[[-6.75138,43.56753],[-6.75132,43.56757],[-6.75131,43.56759],[-6.75131,43.56763],[-6.75134,43.56768],[-6.75137,43.56774],[-6.7514,43.56781],[-6.75143,43.56789],[-6.75146,43.56797],[-6.75146,43.56805],[-6.75146,43.56814],[-6.75145,43.56824],[-6.75147,43.56834],[-6.75151,43.56842],[-6.75156,43.56846],[-6.75164,43.56845],[-6.75169,43.56839],[-6.75173,43.56833],[-6.75175,43.56825],[-6.75175,43.56815],[-6.75176,43.56805],[-6.75175,43.56795],[-6.75172,43.56784],[-6.75168,43.56775],[-6.75161,43.56768],[-6.75152,43.56761],[-6.75138,43.56753]]],[[[-6.77391,43.56829],[-6.77382,43.5683],[-6.77373,43.56834],[-6.77361,43.56849],[-6.77365,43.5686],[-6.77374,43.56867],[-6.77383,43.56873],[-6.77393,43.56879],[-6.77401,43.56886],[-6.77409,43.56891],[-6.77418,43.56892],[-6.77423,43.56891],[-6.77426,43.56885],[-6.77424,43.56875],[-6.7742,43.56867],[-6.77414,43.56858],[-6.77409,43.56849],[-6.77402,43.5684],[-6.77395,43.56833],[-6.77391,43.56829]]],[[[-6.77122,43.56879],[-6.7712,43.56885],[-6.77123,43.56894],[-6.77131,43.56902],[-6.77141,43.56908],[-6.77149,43.5691],[-6.77155,43.5691],[-6.77161,43.56907],[-6.77161,43.56902],[-6.77155,43.56894],[-6.77135,43.56879],[-6.77122,43.56879]]],[[[-6.49174,43.5496],[-6.49163,43.54965],[-6.49152,43.54972],[-6.49143,43.54977],[-6.49133,43.54983],[-6.49124,43.5499],[-6.49119,43.54996],[-6.4912,43.55004],[-6.49124,43.5501],[-6.49151,43.55028],[-6.49163,43.55034],[-6.4917,43.55032],[-6.49178,43.55026],[-6.49182,43.55017],[-6.49187,43.55009],[-6.49186,43.55],[-6.49183,43.5499],[-6.49184,43.54981],[-6.49183,43.54972],[-6.49183,43.54965],[-6.4918,43.54962],[-6.49174,43.5496]]],[[[-6.50922,43.54966],[-6.5091,43.5497],[-6.50901,43.54977],[-6.5089,43.54983],[-6.5088,43.54989],[-6.50871,43.54997],[-6.50864,43.55005],[-6.50857,43.55012],[-6.50836,43.55033],[-6.50832,43.55039],[-6.50836,43.55043],[-6.50844,43.55042],[-6.50855,43.55038],[-6.50864,43.55031],[-6.50874,43.55023],[-6.50882,43.55017],[-6.50891,43.5501],[-6.50901,43.55004],[-6.5091,43.54997],[-6.50919,43.5499],[-6.50927,43.54983],[-6.50932,43.54978],[-6.50932,43.54971],[-6.5093,43.54968],[-6.50922,43.54966]]],[[[-6.50813,43.55071],[-6.50699,43.55149],[-6.50818,43.55074],[-6.50813,43.55071]]],[[[-6.51385,43.55195],[-6.51282,43.55285],[-6.51394,43.55195],[-6.51385,43.55195]]],[[[-6.50034,43.5514],[-6.50023,43.55143],[-6.50014,43.55151],[-6.50004,43.55156],[-6.49995,43.55164],[-6.49987,43.55171],[-6.49978,43.55177],[-6.49973,43.55179],[-6.4997,43.55175],[-6.49978,43.55169],[-6.49984,43.55162],[-6.49986,43.55153],[-6.49986,43.5515],[-6.49978,43.5515],[-6.49968,43.55156],[-6.49958,43.55162],[-6.49949,43.55169],[-6.4994,43.55176],[-6.49933,43.55184],[-6.49929,43.55189],[-6.49928,43.55194],[-6.49934,43.55198],[-6.49947,43.552],[-6.49958,43.55201],[-6.49969,43.55202],[-6.49981,43.55198],[-6.49992,43.55193],[-6.50003,43.55187],[-6.5001,43.5518],[-6.50031,43.55154],[-6.50039,43.55146],[-6.50037,43.55143],[-6.50034,43.5514]]],[[[-6.36728,43.55225],[-6.36721,43.55228],[-6.36715,43.55237],[-6.36712,43.55246],[-6.36711,43.55255],[-6.36711,43.55265],[-6.36712,43.55272],[-6.36716,43.55276],[-6.36722,43.55276],[-6.36733,43.55269],[-6.36746,43.55252],[-6.36748,43.55243],[-6.36746,43.55234],[-6.36743,43.55228],[-6.36736,43.55225],[-6.36728,43.55225]]],[[[-6.48607,43.55167],[-6.48594,43.5517],[-6.48583,43.55174],[-6.48573,43.55179],[-6.48563,43.55187],[-6.48559,43.55193],[-6.48558,43.552],[-6.48563,43.55208],[-6.4857,43.55216],[-6.48571,43.55221],[-6.48564,43.55229],[-6.48557,43.55253],[-6.48564,43.55257],[-6.48574,43.55253],[-6.48579,43.55253],[-6.4858,43.55261],[-6.48577,43.55268],[-6.48578,43.55272],[-6.48584,43.55274],[-6.48596,43.55271],[-6.48609,43.55266],[-6.48618,43.5526],[-6.48629,43.55253],[-6.48638,43.55247],[-6.48648,43.5524],[-6.48656,43.55233],[-6.4866,43.55228],[-6.48657,43.55218],[-6.48654,43.55213],[-6.48657,43.55204],[-6.4866,43.55197],[-6.48657,43.5519],[-6.48651,43.55185],[-6.48642,43.55182],[-6.4863,43.55183],[-6.48624,43.55182],[-6.48618,43.55179],[-6.48619,43.55171],[-6.48617,43.55167],[-6.48607,43.55167]]],[[[-6.35009,43.55288],[-6.34997,43.55297],[-6.34997,43.55304],[-6.35005,43.55312],[-6.35014,43.55317],[-6.35024,43.55319],[-6.35029,43.55318],[-6.35032,43.5531],[-6.35032,43.55306],[-6.35009,43.55288]]],[[[-6.49937,43.55306],[-6.49932,43.55308],[-6.49931,43.55317],[-6.4994,43.55343],[-6.49948,43.55344],[-6.49957,43.55342],[-6.49967,43.55336],[-6.4997,43.55332],[-6.4997,43.55324],[-6.49963,43.55316],[-6.49954,43.55309],[-6.49947,43.55306],[-6.49937,43.55306]]],[[[-6.35925,43.55256],[-6.35919,43.55257],[-6.35911,43.55265],[-6.35903,43.55271],[-6.35892,43.55277],[-6.35886,43.55279],[-6.35881,43.55288],[-6.35882,43.55291],[-6.35889,43.55298],[-6.35926,43.55314],[-6.35931,43.5532],[-6.35941,43.55322],[-6.35948,43.55321],[-6.35956,43.55314],[-6.35962,43.55305],[-6.35967,43.55297],[-6.35976,43.55291],[-6.35983,43.55284],[-6.35984,43.55279],[-6.35982,43.55275],[-6.35977,43.55273],[-6.35966,43.55276],[-6.35958,43.55284],[-6.35951,43.55291],[-6.35946,43.55293],[-6.35936,43.55289],[-6.35929,43.55284],[-6.35925,43.55277],[-6.35927,43.55268],[-6.35927,43.5526],[-6.35925,43.55256]]],[[[-6.36406,43.55277],[-6.36401,43.55281],[-6.364,43.55294],[-6.36397,43.55301],[-6.36398,43.55311],[-6.36401,43.5532],[-6.36403,43.55327],[-6.36407,43.55332],[-6.36412,43.55333],[-6.36418,43.5533],[-6.36422,43.55321],[-6.36422,43.55311],[-6.36421,43.55302],[-6.36418,43.55292],[-6.36415,43.55283],[-6.36411,43.55279],[-6.36406,43.55277]]],[[[-6.4304,43.5532],[-6.43034,43.55321],[-6.43028,43.55327],[-6.43024,43.55334],[-6.43018,43.55343],[-6.43014,43.55349],[-6.43014,43.55353],[-6.4302,43.55357],[-6.43032,43.55355],[-6.43052,43.55333],[-6.43056,43.55329],[-6.43055,43.55324],[-6.43052,43.55321],[-6.4304,43.5532]]],[[[-6.35962,43.55352],[-6.35953,43.55357],[-6.35948,43.55365],[-6.35942,43.55373],[-6.35936,43.5538],[-6.35935,43.55385],[-6.35938,43.55389],[-6.3595,43.55389],[-6.3596,43.55375],[-6.35965,43.55366],[-6.35967,43.55358],[-6.35965,43.55354],[-6.35962,43.55352]]],[[[-6.48343,43.55348],[-6.48331,43.55352],[-6.4832,43.55356],[-6.48311,43.55363],[-6.48301,43.55369],[-6.48291,43.55374],[-6.48272,43.55391],[-6.48278,43.55388],[-6.48283,43.55394],[-6.48289,43.55397],[-6.48302,43.55397],[-6.48314,43.55394],[-6.48326,43.5539],[-6.48336,43.55384],[-6.48344,43.55376],[-6.48352,43.5537],[-6.4836,43.55362],[-6.48362,43.55356],[-6.48361,43.55352],[-6.48356,43.55348],[-6.48343,43.55348]]],[[[-6.36169,43.55345],[-6.36158,43.55349],[-6.3615,43.5536],[-6.36153,43.55365],[-6.36159,43.55368],[-6.3617,43.55366],[-6.36178,43.55362],[-6.36182,43.55357],[-6.36181,43.55352],[-6.36176,43.55347],[-6.36169,43.55345]]],[[[-6.35879,43.55372],[-6.3587,43.55374],[-6.35866,43.55376],[-6.35869,43.55386],[-6.35886,43.55386],[-6.35891,43.55381],[-6.35893,43.55378],[-6.35889,43.55374],[-6.35879,43.55372]]],[[[-6.35896,43.55382],[-6.35891,43.55386],[-6.35889,43.55389],[-6.35898,43.55395],[-6.35906,43.5539],[-6.35908,43.55386],[-6.35904,43.55383],[-6.35896,43.55382]]],[[[-6.49786,43.55404],[-6.49777,43.55407],[-6.49767,43.55414],[-6.49764,43.5542],[-6.49764,43.55429],[-6.49768,43.55452],[-6.49765,43.55455],[-6.49764,43.55459],[-6.49768,43.55463],[-6.49776,43.55466],[-6.4979,43.55465],[-6.49801,43.55461],[-6.49812,43.55455],[-6.49819,43.55449],[-6.49822,43.5544],[-6.49824,43.55432],[-6.4982,43.55422],[-6.49812,43.55415],[-6.49804,43.55408],[-6.49799,43.55405],[-6.49786,43.55404]]],[[[-6.48269,43.55411],[-6.48261,43.55416],[-6.48256,43.55422],[-6.48255,43.55428],[-6.48262,43.55436],[-6.48265,43.55441],[-6.48263,43.55447],[-6.48253,43.55453],[-6.48246,43.5546],[-6.48242,43.5547],[-6.48241,43.55475],[-6.48246,43.5548],[-6.48256,43.55484],[-6.48265,43.55484],[-6.48277,43.55481],[-6.48283,43.55476],[-6.48285,43.5547],[-6.48282,43.55461],[-6.48282,43.55456],[-6.48288,43.55451],[-6.48298,43.55448],[-6.48307,43.55443],[-6.4831,43.55439],[-6.48307,43.5543],[-6.48303,43.55425],[-6.48272,43.55416],[-6.48269,43.55411]]],[[[-6.43123,43.55371],[-6.43116,43.55373],[-6.43112,43.55376],[-6.43116,43.55384],[-6.43135,43.55383],[-6.4314,43.55381],[-6.43138,43.55375],[-6.43134,43.55371],[-6.43123,43.55371]]],[[[-6.4299,43.55383],[-6.42981,43.55391],[-6.42982,43.55396],[-6.42985,43.55397],[-6.42994,43.55393],[-6.42997,43.5539],[-6.4299,43.55383]]],[[[-6.35986,43.55364],[-6.35976,43.55371],[-6.35969,43.55378],[-6.35964,43.55386],[-6.35964,43.55395],[-6.35964,43.55402],[-6.35959,43.55411],[-6.35958,43.55419],[-6.35962,43.55426],[-6.35967,43.5543],[-6.3598,43.55433],[-6.36031,43.55401],[-6.3604,43.55395],[-6.36047,43.55387],[-6.3605,43.55382],[-6.36048,43.55376],[-6.36041,43.55371],[-6.36028,43.55369],[-6.36016,43.55368],[-6.36003,43.55369],[-6.35996,43.55368],[-6.35992,43.55365],[-6.35986,43.55364]]],[[[-6.35928,43.55393],[-6.35919,43.55394],[-6.35915,43.55396],[-6.35916,43.55405],[-6.35927,43.554],[-6.35929,43.55396],[-6.35928,43.55393]]],[[[-6.43258,43.55497],[-6.43247,43.55509],[-6.43248,43.55515],[-6.43253,43.55518],[-6.43262,43.5552],[-6.4327,43.55517],[-6.43275,43.55513],[-6.43274,43.55505],[-6.43272,43.555],[-6.43258,43.55497]]],[[[-6.42021,43.55433],[-6.42013,43.55435],[-6.42008,43.55437],[-6.42005,43.55449],[-6.42014,43.55458],[-6.42016,43.5546],[-6.42023,43.55462],[-6.42031,43.5546],[-6.42037,43.55456],[-6.42039,43.55449],[-6.42038,43.55442],[-6.42031,43.55437],[-6.42021,43.55433]]],[[[-6.43231,43.55446],[-6.43213,43.55447],[-6.43206,43.55454],[-6.43207,43.55459],[-6.43211,43.55463],[-6.43221,43.55462],[-6.43231,43.55458],[-6.43235,43.55454],[-6.43235,43.55449],[-6.43231,43.55446]]],[[[-6.43234,43.55475],[-6.4322,43.55481],[-6.4321,43.55488],[-6.43202,43.55495],[-6.43195,43.55504],[-6.43188,43.55511],[-6.43182,43.5552],[-6.43178,43.55529],[-6.43177,43.55533],[-6.43183,43.55536],[-6.43192,43.55537],[-6.43203,43.55532],[-6.43211,43.55525],[-6.43218,43.55517],[-6.43224,43.55509],[-6.43229,43.555],[-6.43235,43.55491],[-6.43243,43.55483],[-6.43247,43.55479],[-6.43247,43.55475],[-6.43234,43.55475]]],[[[-6.35796,43.55542],[-6.35784,43.55544],[-6.35772,43.55549],[-6.35763,43.55555],[-6.35753,43.55563],[-6.35746,43.55571],[-6.3574,43.55579],[-6.35737,43.55588],[-6.35739,43.55595],[-6.35743,43.55599],[-6.35764,43.55602],[-6.35788,43.55596],[-6.35794,43.55592],[-6.35798,43.55586],[-6.35795,43.55576],[-6.35794,43.5557],[-6.358,43.55565],[-6.35812,43.55562],[-6.35817,43.55559],[-6.35819,43.55554],[-6.35817,43.55548],[-6.35809,43.55544],[-6.35796,43.55542]]],[[[-6.43299,43.55518],[-6.43288,43.55524],[-6.43272,43.55535],[-6.43265,43.55544],[-6.43258,43.55552],[-6.43255,43.5556],[-6.43256,43.55567],[-6.43259,43.5557],[-6.43266,43.5557],[-6.43275,43.55564],[-6.43281,43.55556],[-6.43287,43.55547],[-6.43294,43.55538],[-6.43301,43.55533],[-6.43303,43.55527],[-6.43301,43.5552],[-6.43299,43.55518]]],[[[-6.42497,43.5549],[-6.42485,43.55494],[-6.42477,43.55502],[-6.42467,43.55509],[-6.42458,43.55517],[-6.42452,43.55525],[-6.42448,43.55534],[-6.42449,43.55543],[-6.42456,43.55552],[-6.42465,43.5556],[-6.42474,43.55566],[-6.42483,43.55573],[-6.4249,43.55575],[-6.42497,43.55575],[-6.42508,43.55566],[-6.42495,43.55537],[-6.42491,43.55532],[-6.4249,43.55524],[-6.42495,43.55515],[-6.42501,43.55507],[-6.42507,43.55501],[-6.42506,43.55495],[-6.42504,43.55492],[-6.42497,43.5549]]],[[[-6.42435,43.55566],[-6.42429,43.55567],[-6.42424,43.55573],[-6.42423,43.55582],[-6.42426,43.55591],[-6.4243,43.55593],[-6.42449,43.55586],[-6.42447,43.55572],[-6.42443,43.55567],[-6.42435,43.55566]]],[[[-6.43344,43.5557],[-6.43336,43.55572],[-6.43333,43.55576],[-6.43336,43.55586],[-6.43352,43.55592],[-6.4336,43.55591],[-6.43366,43.55588],[-6.43367,43.55584],[-6.4336,43.55576],[-6.43352,43.55572],[-6.43344,43.5557]]],[[[-6.47586,43.556],[-6.47574,43.55602],[-6.47564,43.55608],[-6.47553,43.55613],[-6.47542,43.55619],[-6.47516,43.55634],[-6.47511,43.55642],[-6.47507,43.55651],[-6.47507,43.55654],[-6.47513,43.55656],[-6.47525,43.55652],[-6.47536,43.55647],[-6.47541,43.55647],[-6.47543,43.55652],[-6.4754,43.55657],[-6.47543,43.5566],[-6.47553,43.5566],[-6.47564,43.55654],[-6.47573,43.55649],[-6.47584,43.55644],[-6.4759,43.55641],[-6.47593,43.55636],[-6.47591,43.55633],[-6.47579,43.55631],[-6.47566,43.55632],[-6.47563,43.55632],[-6.47563,43.55626],[-6.47572,43.5562],[-6.47581,43.55612],[-6.47588,43.55607],[-6.47591,43.55603],[-6.47586,43.556]]],[[[-6.35806,43.55621],[-6.35798,43.55623],[-6.35795,43.55632],[-6.35796,43.5564],[-6.35797,43.55643],[-6.35815,43.55645],[-6.35826,43.55633],[-6.35827,43.55627],[-6.35826,43.55623],[-6.35813,43.5562],[-6.35806,43.55621]]],[[[-6.36772,43.55657],[-6.36766,43.55658],[-6.36763,43.55663],[-6.36762,43.55666],[-6.36773,43.55672],[-6.3678,43.55664],[-6.36779,43.55659],[-6.36772,43.55657]]],[[[-6.43343,43.5563],[-6.43326,43.55637],[-6.43323,43.55645],[-6.43325,43.55653],[-6.4333,43.5566],[-6.43335,43.55664],[-6.43344,43.55666],[-6.4335,43.55664],[-6.43355,43.55659],[-6.43354,43.55649],[-6.43354,43.5564],[-6.43356,43.55633],[-6.43356,43.55629],[-6.43343,43.5563]]],[[[-6.41893,43.55644],[-6.41886,43.55645],[-6.41881,43.5565],[-6.4188,43.55656],[-6.41884,43.55663],[-6.41892,43.55667],[-6.41899,43.55668],[-6.41912,43.55664],[-6.41911,43.55649],[-6.41903,43.55645],[-6.41893,43.55644]]],[[[-6.43316,43.55675],[-6.43308,43.55682],[-6.43313,43.55703],[-6.43315,43.55713],[-6.43319,43.55722],[-6.43323,43.55727],[-6.43332,43.55729],[-6.43337,43.55728],[-6.43341,43.55721],[-6.43342,43.55712],[-6.43341,43.55702],[-6.43339,43.55691],[-6.43335,43.55682],[-6.4333,43.55677],[-6.43322,43.55674],[-6.43316,43.55675]]],[[[-6.43436,43.557],[-6.4343,43.55701],[-6.43427,43.55708],[-6.43427,43.55712],[-6.43442,43.55718],[-6.43448,43.55705],[-6.43444,43.55701],[-6.43436,43.557]]],[[[-6.40701,43.55715],[-6.40688,43.55717],[-6.40678,43.5572],[-6.40672,43.55724],[-6.40672,43.55729],[-6.40676,43.55733],[-6.40689,43.55735],[-6.40717,43.55736],[-6.40728,43.55732],[-6.40737,43.55729],[-6.40739,43.55726],[-6.40738,43.55721],[-6.40726,43.55717],[-6.40714,43.55715],[-6.40701,43.55715]]],[[[-6.43461,43.55719],[-6.43455,43.5572],[-6.4345,43.55726],[-6.43449,43.55734],[-6.43452,43.55739],[-6.4346,43.5574],[-6.43465,43.5574],[-6.4347,43.55728],[-6.43461,43.55719]]],[[[-6.43348,43.55728],[-6.43343,43.5573],[-6.43342,43.55736],[-6.43343,43.55739],[-6.4335,43.5574],[-6.43354,43.55738],[-6.43356,43.55729],[-6.43348,43.55728]]],[[[-6.38179,43.55722],[-6.38168,43.55726],[-6.38157,43.55732],[-6.3816,43.55745],[-6.38164,43.55748],[-6.38171,43.5575],[-6.38182,43.55747],[-6.38188,43.55741],[-6.38192,43.55735],[-6.3819,43.55728],[-6.38185,43.55724],[-6.38179,43.55722]]],[[[-6.37197,43.55756],[-6.3719,43.55758],[-6.37189,43.55761],[-6.37188,43.55763],[-6.37191,43.5577],[-6.37195,43.55773],[-6.37205,43.55775],[-6.37212,43.55773],[-6.37218,43.55769],[-6.37219,43.55764],[-6.37214,43.55759],[-6.37197,43.55756]]],[[[-6.37946,43.5579],[-6.37935,43.55795],[-6.37929,43.558],[-6.37927,43.55805],[-6.37934,43.55813],[-6.37948,43.55806],[-6.37953,43.55799],[-6.37954,43.55794],[-6.37952,43.5579],[-6.37946,43.5579]]],[[[-6.38159,43.55787],[-6.38157,43.55793],[-6.38158,43.55798],[-6.38172,43.55803],[-6.38172,43.55789],[-6.38164,43.55787],[-6.38159,43.55787]]],[[[-6.43863,43.55748],[-6.43854,43.55756],[-6.43857,43.55759],[-6.43863,43.55761],[-6.43868,43.55759],[-6.4387,43.55755],[-6.43863,43.55748]]],[[[-6.38461,43.55725],[-6.38452,43.55726],[-6.38444,43.55733],[-6.38437,43.5574],[-6.3844,43.55768],[-6.38445,43.55777],[-6.38451,43.55782],[-6.38459,43.55784],[-6.38468,43.55782],[-6.38479,43.55777],[-6.38486,43.55769],[-6.38489,43.55759],[-6.38488,43.5575],[-6.38484,43.55741],[-6.38478,43.55733],[-6.38469,43.55727],[-6.38461,43.55725]]],[[[-6.43865,43.55772],[-6.4386,43.55782],[-6.43862,43.55786],[-6.43867,43.55787],[-6.43872,43.55783],[-6.43874,43.55779],[-6.43865,43.55772]]],[[[-6.4081,43.55761],[-6.40803,43.55762],[-6.40798,43.55765],[-6.40804,43.55782],[-6.40822,43.55792],[-6.40835,43.55796],[-6.40847,43.55796],[-6.40859,43.55794],[-6.40865,43.55791],[-6.40869,43.55786],[-6.40866,43.5578],[-6.40857,43.55774],[-6.40844,43.55771],[-6.40833,43.55767],[-6.4082,43.55764],[-6.4081,43.55761]]],[[[-6.38095,43.55782],[-6.38077,43.55796],[-6.38078,43.55805],[-6.3808,43.55811],[-6.38087,43.55816],[-6.38096,43.55819],[-6.38105,43.55817],[-6.38113,43.55813],[-6.38118,43.55805],[-6.38118,43.55796],[-6.38114,43.55787],[-6.38111,43.55784],[-6.38095,43.55782]]],[[[-6.38224,43.55743],[-6.38213,43.55746],[-6.38201,43.5575],[-6.3819,43.55755],[-6.38181,43.55761],[-6.3817,43.55774],[-6.38184,43.55789],[-6.38191,43.55793],[-6.382,43.55795],[-6.38208,43.55793],[-6.38217,43.55785],[-6.38225,43.55778],[-6.38232,43.5577],[-6.38239,43.55763],[-6.38241,43.55754],[-6.38239,43.55749],[-6.38233,43.55744],[-6.38224,43.55743]]],[[[-6.38645,43.55778],[-6.38621,43.55782],[-6.38618,43.55809],[-6.38621,43.55815],[-6.38626,43.55817],[-6.38636,43.55816],[-6.38645,43.5581],[-6.38654,43.55804],[-6.38657,43.55796],[-6.38655,43.55788],[-6.3865,43.55781],[-6.38645,43.55778]]],[[[-6.37221,43.55804],[-6.37211,43.55805],[-6.372,43.5581],[-6.37193,43.55816],[-6.37189,43.55825],[-6.37189,43.55828],[-6.37194,43.5583],[-6.37205,43.55826],[-6.37227,43.55816],[-6.37229,43.55811],[-6.37228,43.55807],[-6.37221,43.55804]]],[[[-6.40983,43.55808],[-6.4097,43.5581],[-6.40958,43.55812],[-6.40946,43.55816],[-6.4094,43.55818],[-6.40936,43.55837],[-6.40977,43.55842],[-6.41008,43.55841],[-6.4102,43.5584],[-6.41034,43.55838],[-6.41049,43.55836],[-6.41062,43.55835],[-6.41077,43.55833],[-6.41092,43.5583],[-6.41096,43.55828],[-6.41099,43.55824],[-6.41092,43.55819],[-6.41081,43.55814],[-6.41067,43.55811],[-6.41052,43.55811],[-6.41038,43.55809],[-6.41023,43.55809],[-6.4101,43.55808],[-6.40996,43.55809],[-6.40983,43.55808]]],[[[-6.3823,43.55821],[-6.38209,43.55822],[-6.38201,43.55836],[-6.38204,43.55844],[-6.38208,43.55849],[-6.38215,43.55851],[-6.38225,43.5585],[-6.38234,43.55845],[-6.38238,43.55839],[-6.38239,43.55831],[-6.38235,43.55824],[-6.3823,43.55821]]],[[[-6.47625,43.55858],[-6.47597,43.55866],[-6.4759,43.55876],[-6.47593,43.55883],[-6.476,43.55889],[-6.4761,43.55893],[-6.47617,43.55894],[-6.47626,43.5589],[-6.47633,43.55882],[-6.4764,43.55873],[-6.47643,43.55868],[-6.47641,43.55863],[-6.47633,43.55859],[-6.47625,43.55858]]],[[[-6.36766,43.55865],[-6.36757,43.55872],[-6.36754,43.55883],[-6.36754,43.5589],[-6.36757,43.55894],[-6.36762,43.55896],[-6.36769,43.55893],[-6.36775,43.55886],[-6.36777,43.55876],[-6.36775,43.55869],[-6.36771,43.55866],[-6.36766,43.55865]]],[[[-6.38048,43.55757],[-6.38036,43.55759],[-6.38024,43.55762],[-6.38011,43.55766],[-6.38002,43.55769],[-6.37995,43.55769],[-6.37988,43.55777],[-6.37997,43.55781],[-6.37999,43.55785],[-6.37993,43.55791],[-6.37976,43.55795],[-6.37975,43.55799],[-6.37985,43.55804],[-6.37993,43.55808],[-6.37995,43.55812],[-6.37991,43.5582],[-6.37984,43.55828],[-6.37982,43.55835],[-6.37985,43.55842],[-6.37994,43.55848],[-6.38003,43.55854],[-6.38013,43.5586],[-6.38022,43.55865],[-6.38028,43.55867],[-6.38034,43.55864],[-6.3804,43.55855],[-6.38042,43.55853],[-6.38048,43.55851],[-6.38059,43.55857],[-6.38069,43.55863],[-6.38073,43.55865],[-6.38077,43.55861],[-6.38077,43.55852],[-6.38075,43.55844],[-6.38071,43.55835],[-6.38066,43.55827],[-6.38059,43.55818],[-6.38051,43.55811],[-6.38044,43.55804],[-6.38043,43.55795],[-6.38044,43.55789],[-6.38051,43.55784],[-6.38062,43.55781],[-6.3807,43.55779],[-6.38074,43.55774],[-6.38073,43.55766],[-6.38068,43.55761],[-6.3806,43.55758],[-6.38048,43.55757]]],[[[-6.37939,43.55834],[-6.3793,43.55838],[-6.37926,43.55843],[-6.37925,43.5585],[-6.37929,43.55857],[-6.37937,43.55861],[-6.3795,43.55863],[-6.37966,43.55853],[-6.37969,43.55847],[-6.37968,43.55842],[-6.37958,43.55837],[-6.37946,43.55834],[-6.37939,43.55834]]],[[[-6.41112,43.55847],[-6.41101,43.55851],[-6.41092,43.55856],[-6.41088,43.55862],[-6.41089,43.55866],[-6.41104,43.55871],[-6.41122,43.55865],[-6.41125,43.55859],[-6.41125,43.55854],[-6.4112,43.55849],[-6.41112,43.55847]]],[[[-6.42012,43.55858],[-6.42,43.55867],[-6.42003,43.55872],[-6.42008,43.55874],[-6.42019,43.55873],[-6.42024,43.55869],[-6.42025,43.55865],[-6.42012,43.55858]]],[[[-6.37224,43.55852],[-6.37213,43.55856],[-6.37209,43.55868],[-6.3721,43.55876],[-6.37214,43.55881],[-6.37221,43.55882],[-6.37229,43.5588],[-6.37235,43.55873],[-6.37237,43.55865],[-6.37235,43.55858],[-6.3723,43.55853],[-6.37224,43.55852]]],[[[-6.36937,43.55881],[-6.3693,43.55884],[-6.36925,43.55889],[-6.36927,43.55894],[-6.36932,43.55897],[-6.36944,43.55899],[-6.3695,43.5589],[-6.3695,43.55885],[-6.36944,43.55881],[-6.36937,43.55881]]],[[[-6.41729,43.55878],[-6.41721,43.5588],[-6.41716,43.55883],[-6.41719,43.55892],[-6.41729,43.55887],[-6.41731,43.55881],[-6.41729,43.55878]]],[[[-6.41149,43.55875],[-6.41145,43.55876],[-6.41143,43.5588],[-6.41152,43.55889],[-6.41157,43.55892],[-6.41162,43.55892],[-6.41165,43.55889],[-6.41163,43.55881],[-6.41157,43.55877],[-6.41149,43.55875]]],[[[-6.41838,43.55878],[-6.41832,43.55881],[-6.41828,43.55886],[-6.41829,43.55889],[-6.41834,43.55892],[-6.41843,43.55891],[-6.41847,43.55887],[-6.41849,43.55883],[-6.41838,43.55878]]],[[[-6.47579,43.57121],[-6.47566,43.57127],[-6.47566,43.57136],[-6.4757,43.57142],[-6.47578,43.57145],[-6.4759,43.57145],[-6.47598,43.57146],[-6.47608,43.57151],[-6.47616,43.57159],[-6.47622,43.57163],[-6.47631,43.57164],[-6.47639,43.57162],[-6.47648,43.57154],[-6.4765,43.5715],[-6.4765,43.57144],[-6.47641,43.57138],[-6.47629,43.57134],[-6.47617,43.57132],[-6.47579,43.57121]]],[[[-6.37027,43.55958],[-6.37017,43.55966],[-6.37019,43.5597],[-6.37023,43.55973],[-6.37032,43.55972],[-6.3704,43.55969],[-6.37044,43.55962],[-6.37044,43.55959],[-6.37027,43.55958]]],[[[-6.37196,43.55956],[-6.37185,43.55958],[-6.37179,43.55961],[-6.37177,43.55967],[-6.37179,43.55973],[-6.3719,43.55978],[-6.372,43.55971],[-6.37206,43.55967],[-6.37208,43.55962],[-6.37205,43.55958],[-6.37196,43.55956]]],[[[-6.43908,43.55912],[-6.43908,43.55918],[-6.43916,43.55922],[-6.43927,43.55924],[-6.43933,43.55924],[-6.43941,43.55922],[-6.43943,43.55919],[-6.43941,43.55915],[-6.43929,43.55914],[-6.43917,43.55914],[-6.43913,43.55913],[-6.43908,43.55912]]],[[[-6.37087,43.55904],[-6.37084,43.55912],[-6.37084,43.55916],[-6.37089,43.55919],[-6.37096,43.55919],[-6.37101,43.55918],[-6.37101,43.55907],[-6.37087,43.55904]]],[[[-6.4375,43.55905],[-6.43741,43.55913],[-6.43741,43.55917],[-6.43746,43.55922],[-6.43755,43.55922],[-6.43762,43.5592],[-6.43766,43.55916],[-6.43766,43.55909],[-6.43764,43.55904],[-6.4375,43.55905]]],[[[-6.43867,43.55911],[-6.43863,43.55913],[-6.43876,43.55921],[-6.43881,43.55921],[-6.43886,43.55922],[-6.43888,43.55918],[-6.43883,43.55914],[-6.43872,43.55911],[-6.43867,43.55911]]],[[[-6.41342,43.55902],[-6.41331,43.55905],[-6.41325,43.55909],[-6.41323,43.55917],[-6.41325,43.55924],[-6.41329,43.55928],[-6.41337,43.55928],[-6.41342,43.55926],[-6.41347,43.55912],[-6.41347,43.55905],[-6.41342,43.55902]]],[[[-6.41709,43.55873],[-6.41687,43.55882],[-6.41685,43.55887],[-6.41687,43.55893],[-6.41694,43.55894],[-6.41702,43.55893],[-6.4171,43.55886],[-6.41713,43.55882],[-6.41709,43.55873]]],[[[-6.41749,43.55875],[-6.41737,43.55879],[-6.41733,43.55892],[-6.41734,43.55895],[-6.4174,43.55895],[-6.4175,43.55887],[-6.41753,43.55881],[-6.41753,43.55876],[-6.41749,43.55875]]],[[[-6.41216,43.55824],[-6.41208,43.5583],[-6.41203,43.55839],[-6.412,43.55848],[-6.41201,43.55858],[-6.412,43.55867],[-6.41198,43.55876],[-6.41196,43.55885],[-6.41197,43.55894],[-6.41199,43.55898],[-6.41207,43.55902],[-6.41219,43.55901],[-6.41245,43.55879],[-6.4125,43.55875],[-6.41251,43.55867],[-6.41245,43.55858],[-6.4124,43.5585],[-6.41233,43.55842],[-6.41229,43.55833],[-6.41228,43.55828],[-6.41222,43.55825],[-6.41216,43.55824]]],[[[-6.40077,43.55817],[-6.40069,43.55824],[-6.40059,43.55831],[-6.40051,43.55838],[-6.40043,43.55845],[-6.40033,43.55853],[-6.40023,43.55859],[-6.40015,43.55865],[-6.40006,43.55873],[-6.39996,43.55879],[-6.39991,43.55884],[-6.39991,43.55894],[-6.39992,43.55897],[-6.40002,43.55901],[-6.40016,43.55899],[-6.40028,43.55896],[-6.40039,43.55891],[-6.40048,43.55884],[-6.40054,43.55876],[-6.40055,43.55866],[-6.40057,43.55861],[-6.40069,43.55856],[-6.40079,43.55851],[-6.40088,43.55843],[-6.40097,43.55837],[-6.40101,43.55833],[-6.40096,43.5582],[-6.40077,43.55817]]],[[[-6.43873,43.55894],[-6.4387,43.55895],[-6.43871,43.559],[-6.43876,43.55904],[-6.43888,43.55906],[-6.43886,43.55897],[-6.43882,43.55893],[-6.43873,43.55894]]],[[[-6.41981,43.55882],[-6.4197,43.55883],[-6.41965,43.55886],[-6.41961,43.55895],[-6.41961,43.559],[-6.41975,43.55907],[-6.41989,43.559],[-6.41994,43.55895],[-6.41995,43.5589],[-6.4199,43.55885],[-6.41981,43.55882]]],[[[-6.41267,43.55881],[-6.41262,43.55884],[-6.41261,43.55887],[-6.41271,43.55896],[-6.41283,43.55888],[-6.41283,43.55884],[-6.41275,43.55881],[-6.41267,43.55881]]],[[[-6.40924,43.55874],[-6.40898,43.55883],[-6.40897,43.55891],[-6.40899,43.55898],[-6.40906,43.55905],[-6.40915,43.55909],[-6.40923,43.55908],[-6.40932,43.55904],[-6.40938,43.55897],[-6.4094,43.55888],[-6.40938,43.55881],[-6.40931,43.55875],[-6.40924,43.55874]]],[[[-6.37165,43.55879],[-6.37158,43.55884],[-6.37154,43.55893],[-6.37155,43.55902],[-6.37156,43.55908],[-6.37162,43.55912],[-6.37167,43.55912],[-6.37176,43.55905],[-6.37183,43.55895],[-6.37182,43.55887],[-6.37177,43.55882],[-6.37171,43.55879],[-6.37165,43.55879]]],[[[-6.40831,43.55884],[-6.40807,43.55886],[-6.40807,43.55902],[-6.40809,43.55906],[-6.40819,43.5591],[-6.40826,43.55908],[-6.40832,43.55905],[-6.40835,43.55896],[-6.40834,43.55888],[-6.40831,43.55884]]],[[[-6.38885,43.55897],[-6.38864,43.55898],[-6.3886,43.55913],[-6.38864,43.55918],[-6.38869,43.5592],[-6.3888,43.55918],[-6.38886,43.55913],[-6.3889,43.55908],[-6.38889,43.559],[-6.38885,43.55897]]],[[[-6.41911,43.55875],[-6.419,43.55881],[-6.4189,43.55888],[-6.41882,43.55891],[-6.41869,43.55893],[-6.41858,43.55897],[-6.41848,43.55903],[-6.4184,43.55911],[-6.41834,43.55913],[-6.41822,43.55914],[-6.41818,43.55914],[-6.41817,43.5592],[-6.41825,43.55927],[-6.41834,43.55934],[-6.41843,43.55939],[-6.41853,43.55945],[-6.4186,43.55947],[-6.41879,43.55942],[-6.41916,43.5591],[-6.41925,43.55903],[-6.41933,43.55896],[-6.41937,43.5589],[-6.41934,43.55882],[-6.41929,43.55876],[-6.41921,43.55875],[-6.41911,43.55875]]],[[[-6.39963,43.5591],[-6.39957,43.55912],[-6.39955,43.55918],[-6.39958,43.55924],[-6.39964,43.55928],[-6.39973,43.55929],[-6.3998,43.55926],[-6.39985,43.55922],[-6.39982,43.55911],[-6.39963,43.5591]]],[[[-6.44301,43.5593],[-6.44299,43.55933],[-6.44304,43.55938],[-6.44306,43.55939],[-6.4431,43.55935],[-6.44309,43.55933],[-6.44306,43.5593],[-6.44301,43.5593]]],[[[-6.36977,43.55937],[-6.36964,43.55939],[-6.36964,43.55949],[-6.36966,43.55957],[-6.36969,43.5596],[-6.36975,43.55957],[-6.36979,43.55951],[-6.36979,43.55941],[-6.36977,43.55937]]],[[[-6.44293,43.5592],[-6.44288,43.55922],[-6.44288,43.55931],[-6.44296,43.5593],[-6.44299,43.55925],[-6.44298,43.55921],[-6.44293,43.5592]]],[[[-6.37002,43.55917],[-6.36989,43.55922],[-6.36989,43.55933],[-6.36992,43.5594],[-6.36996,43.55944],[-6.37001,43.55945],[-6.37007,43.55942],[-6.3701,43.55933],[-6.3701,43.55925],[-6.37006,43.55919],[-6.37002,43.55917]]],[[[-6.37904,43.55887],[-6.37897,43.55911],[-6.37895,43.5592],[-6.37889,43.55928],[-6.37883,43.55934],[-6.37881,43.55941],[-6.37885,43.5595],[-6.3789,43.55958],[-6.3789,43.55967],[-6.37892,43.55971],[-6.37899,43.55976],[-6.37913,43.55976],[-6.37924,43.55974],[-6.37934,43.55969],[-6.37939,43.55962],[-6.37945,43.55954],[-6.37952,43.55945],[-6.37957,43.55937],[-6.37961,43.55928],[-6.37962,43.5592],[-6.37961,43.55912],[-6.37956,43.55904],[-6.37947,43.55897],[-6.37937,43.55892],[-6.37928,43.55888],[-6.37904,43.55887]]],[[[-6.41124,43.55901],[-6.41112,43.55904],[-6.41105,43.55911],[-6.41099,43.55919],[-6.41098,43.55926],[-6.41102,43.55935],[-6.41105,43.55939],[-6.41114,43.5594],[-6.41124,43.55937],[-6.41133,43.55931],[-6.41139,43.55923],[-6.4114,43.55915],[-6.41137,43.55907],[-6.41132,43.55903],[-6.41124,43.55901]]],[[[-6.43997,43.55911],[-6.43989,43.55917],[-6.43987,43.55928],[-6.43988,43.55933],[-6.43995,43.55937],[-6.44003,43.55937],[-6.44012,43.55934],[-6.44016,43.55928],[-6.44017,43.55923],[-6.44012,43.55917],[-6.44002,43.55911],[-6.43997,43.55911]]],[[[-6.4406,43.55907],[-6.44048,43.5591],[-6.44027,43.55933],[-6.4402,43.55941],[-6.44014,43.5595],[-6.44013,43.55953],[-6.44017,43.55955],[-6.44028,43.5595],[-6.44036,43.55943],[-6.44044,43.55935],[-6.44052,43.55927],[-6.44059,43.5592],[-6.44063,43.55914],[-6.44064,43.5591],[-6.4406,43.55907]]],[[[-6.43865,43.55924],[-6.43858,43.5593],[-6.43867,43.55933],[-6.43873,43.55933],[-6.43877,43.55931],[-6.43876,43.55927],[-6.4387,43.55923],[-6.43865,43.55924]]],[[[-6.43906,43.5593],[-6.439,43.55932],[-6.43898,43.55936],[-6.43906,43.55943],[-6.43913,43.55936],[-6.43911,43.55932],[-6.43906,43.5593]]],[[[-6.43887,43.55932],[-6.43883,43.55937],[-6.43883,43.55939],[-6.43887,43.55942],[-6.43891,43.55941],[-6.43893,43.55937],[-6.4389,43.55933],[-6.43887,43.55932]]],[[[-6.43852,43.55938],[-6.43842,43.55943],[-6.43851,43.55945],[-6.43861,43.55945],[-6.43866,43.55944],[-6.43857,43.55939],[-6.43852,43.55938]]],[[[-6.37121,43.55933],[-6.37115,43.55935],[-6.37111,43.5594],[-6.37111,43.55944],[-6.37123,43.55951],[-6.3713,43.55946],[-6.37135,43.55942],[-6.37136,43.55938],[-6.37129,43.55934],[-6.37121,43.55933]]],[[[-6.4375,43.55943],[-6.43743,43.55954],[-6.43743,43.55959],[-6.43748,43.55962],[-6.43756,43.55963],[-6.43764,43.5596],[-6.43768,43.55956],[-6.43766,43.55948],[-6.43764,43.55945],[-6.4375,43.55943]]],[[[-6.43826,43.55946],[-6.43819,43.55948],[-6.43818,43.55952],[-6.43824,43.5596],[-6.43833,43.55961],[-6.43836,43.55958],[-6.43836,43.55952],[-6.43832,43.55947],[-6.43826,43.55946]]],[[[-6.44051,43.55941],[-6.44037,43.55956],[-6.44032,43.55964],[-6.44031,43.55967],[-6.44036,43.55971],[-6.44042,43.55971],[-6.44052,43.55966],[-6.44058,43.55958],[-6.44062,43.55949],[-6.44062,43.55946],[-6.44051,43.55941]]],[[[-6.39197,43.55933],[-6.39167,43.55951],[-6.39157,43.55958],[-6.3915,43.55966],[-6.39147,43.55975],[-6.39148,43.55982],[-6.39152,43.55987],[-6.39157,43.55989],[-6.39165,43.55986],[-6.39174,43.55979],[-6.39182,43.55971],[-6.3919,43.55964],[-6.39199,43.55956],[-6.39206,43.55949],[-6.39215,43.55941],[-6.39218,43.55936],[-6.39217,43.55932],[-6.39197,43.55933]]],[[[-6.43876,43.55945],[-6.43868,43.55951],[-6.43865,43.55959],[-6.43865,43.55962],[-6.43877,43.55958],[-6.43887,43.55953],[-6.43886,43.55947],[-6.43882,43.55945],[-6.43876,43.55945]]],[[[-6.40783,43.55933],[-6.40765,43.55946],[-6.40771,43.5596],[-6.40776,43.55968],[-6.40783,43.55972],[-6.40795,43.55974],[-6.40805,43.55974],[-6.40811,43.5597],[-6.40815,43.55961],[-6.40814,43.55953],[-6.40808,43.55945],[-6.40799,43.55939],[-6.40788,43.55934],[-6.40783,43.55933]]],[[[-6.39059,43.55939],[-6.39029,43.55957],[-6.39022,43.55965],[-6.39017,43.55973],[-6.39016,43.55982],[-6.39019,43.55987],[-6.39025,43.55989],[-6.39034,43.55988],[-6.39044,43.55982],[-6.39052,43.55975],[-6.3906,43.55967],[-6.39068,43.5596],[-6.39073,43.55952],[-6.39074,43.55947],[-6.39059,43.55939]]],[[[-6.36982,43.55977],[-6.36976,43.55979],[-6.36971,43.55987],[-6.36972,43.55991],[-6.36975,43.55994],[-6.36988,43.55993],[-6.3699,43.55983],[-6.36987,43.55978],[-6.36982,43.55977]]],[[[-6.37057,43.55971],[-6.3705,43.55974],[-6.37045,43.55982],[-6.37046,43.55986],[-6.37052,43.5599],[-6.37058,43.55991],[-6.37071,43.55983],[-6.37072,43.55975],[-6.37066,43.55971],[-6.37057,43.55971]]],[[[-6.38018,43.55962],[-6.38012,43.55969],[-6.38011,43.55975],[-6.38015,43.55979],[-6.38023,43.55982],[-6.3803,43.55981],[-6.38035,43.55976],[-6.38037,43.5597],[-6.38034,43.55965],[-6.38018,43.55962]]],[[[-6.44077,43.55963],[-6.44072,43.55966],[-6.44073,43.5598],[-6.44094,43.55977],[-6.44094,43.55971],[-6.44093,43.55966],[-6.44085,43.55963],[-6.44077,43.55963]]],[[[-6.41899,43.55959],[-6.4188,43.55962],[-6.41876,43.5597],[-6.41877,43.55973],[-6.41886,43.55976],[-6.41899,43.55974],[-6.41905,43.55971],[-6.41908,43.55967],[-6.41904,43.55962],[-6.41899,43.55959]]],[[[-6.43792,43.55969],[-6.43795,43.55982],[-6.43798,43.55986],[-6.43804,43.55986],[-6.43808,43.55981],[-6.43807,43.55974],[-6.43806,43.5597],[-6.43792,43.55969]]],[[[-6.40996,43.55973],[-6.40975,43.55977],[-6.40969,43.55982],[-6.40964,43.55991],[-6.40965,43.55994],[-6.40971,43.55995],[-6.40983,43.5599],[-6.40993,43.55985],[-6.40997,43.55982],[-6.40996,43.55973]]],[[[-6.44427,43.56001],[-6.44416,43.56015],[-6.44417,43.56019],[-6.44422,43.56021],[-6.44428,43.56021],[-6.44432,43.56014],[-6.44433,43.56009],[-6.44427,43.56001]]],[[[-6.44381,43.55985],[-6.44366,43.55987],[-6.44362,43.55991],[-6.44362,43.55998],[-6.44365,43.56001],[-6.44372,43.56002],[-6.44383,43.55997],[-6.44387,43.55994],[-6.44381,43.55985]]],[[[-6.44228,43.55994],[-6.44225,43.56006],[-6.44227,43.56008],[-6.44236,43.56008],[-6.44241,43.56005],[-6.44242,43.56001],[-6.44228,43.55994]]],[[[-6.39915,43.55946],[-6.39905,43.55952],[-6.39895,43.55959],[-6.39886,43.55965],[-6.39857,43.55981],[-6.3985,43.55988],[-6.39841,43.55995],[-6.39837,43.55999],[-6.39841,43.56009],[-6.39864,43.56008],[-6.39878,43.55997],[-6.3989,43.55988],[-6.39898,43.55982],[-6.3991,43.55978],[-6.39921,43.55972],[-6.39927,43.55965],[-6.39928,43.55958],[-6.39925,43.55951],[-6.3992,43.55947],[-6.39915,43.55946]]],[[[-6.39132,43.5599],[-6.39134,43.56004],[-6.3915,43.56001],[-6.3915,43.55995],[-6.39146,43.55992],[-6.39136,43.55989],[-6.39132,43.5599]]],[[[-6.38974,43.55982],[-6.38972,43.56002],[-6.38976,43.56008],[-6.38982,43.56012],[-6.38992,43.56013],[-6.39001,43.56011],[-6.39005,43.56005],[-6.39006,43.55997],[-6.39002,43.55988],[-6.38998,43.55985],[-6.38974,43.55982]]],[[[-6.39241,43.55971],[-6.39221,43.55988],[-6.39217,43.56],[-6.39214,43.56009],[-6.3921,43.56018],[-6.39211,43.56027],[-6.39214,43.56031],[-6.39219,43.56033],[-6.39227,43.56029],[-6.39235,43.56022],[-6.39241,43.56012],[-6.39245,43.56003],[-6.39249,43.55994],[-6.39251,43.55985],[-6.39249,43.55976],[-6.39246,43.55972],[-6.39241,43.55971]]],[[[-6.3943,43.5598],[-6.39413,43.55993],[-6.39423,43.56009],[-6.39429,43.56011],[-6.39438,43.56011],[-6.39447,43.56007],[-6.39451,43.56002],[-6.3945,43.55995],[-6.39444,43.55987],[-6.39435,43.55981],[-6.3943,43.5598]]],[[[-6.41097,43.55965],[-6.41083,43.55969],[-6.41075,43.55976],[-6.4107,43.55982],[-6.4107,43.5599],[-6.41074,43.55999],[-6.41082,43.56006],[-6.41088,43.56009],[-6.41094,43.56008],[-6.41101,43.56],[-6.41107,43.55992],[-6.41108,43.55982],[-6.41107,43.55974],[-6.41102,43.55968],[-6.41097,43.55965]]],[[[-6.37047,43.56004],[-6.3704,43.56005],[-6.37036,43.56009],[-6.37036,43.56015],[-6.37044,43.56022],[-6.37056,43.56018],[-6.37061,43.56014],[-6.37062,43.5601],[-6.37055,43.56005],[-6.37047,43.56004]]],[[[-6.43822,43.55999],[-6.43814,43.56005],[-6.43821,43.56014],[-6.43826,43.56016],[-6.43832,43.56015],[-6.43835,43.5601],[-6.43835,43.56005],[-6.43827,43.56],[-6.43822,43.55999]]],[[[-6.41007,43.55999],[-6.41,43.56001],[-6.40997,43.56005],[-6.40999,43.56015],[-6.41018,43.56022],[-6.41024,43.5602],[-6.41029,43.56015],[-6.41028,43.56007],[-6.41026,43.56002],[-6.41017,43.55999],[-6.41007,43.55999]]],[[[-6.4375,43.56008],[-6.4374,43.56015],[-6.43749,43.56022],[-6.43758,43.56023],[-6.43764,43.56023],[-6.43766,43.56018],[-6.43765,43.56014],[-6.43755,43.56009],[-6.4375,43.56008]]],[[[-6.44269,43.56012],[-6.44263,43.56021],[-6.44265,43.56024],[-6.44271,43.56027],[-6.44278,43.56026],[-6.44283,43.56022],[-6.44283,43.56018],[-6.44269,43.56012]]],[[[-6.39438,43.56029],[-6.39432,43.56032],[-6.39429,43.56037],[-6.39432,43.56045],[-6.39439,43.56049],[-6.3945,43.56052],[-6.39462,43.56051],[-6.39475,43.56049],[-6.39479,43.56047],[-6.39482,43.56029],[-6.39438,43.56029]]],[[[-6.44017,43.56089],[-6.44015,43.56093],[-6.44017,43.56096],[-6.44023,43.56095],[-6.44025,43.56094],[-6.44024,43.5609],[-6.44019,43.56089],[-6.44017,43.56089]]],[[[-6.39771,43.56099],[-6.3977,43.56103],[-6.39778,43.56112],[-6.39792,43.56107],[-6.39793,43.56103],[-6.39789,43.561],[-6.39777,43.56099],[-6.39771,43.56099]]],[[[-6.43927,43.56097],[-6.43922,43.56103],[-6.4392,43.56106],[-6.43923,43.56109],[-6.43929,43.56111],[-6.43935,43.5611],[-6.4394,43.56103],[-6.4394,43.561],[-6.43927,43.56097]]],[[[-6.39827,43.56101],[-6.39801,43.56105],[-6.39796,43.56111],[-6.39795,43.56118],[-6.39798,43.56122],[-6.39808,43.56124],[-6.3982,43.56122],[-6.39825,43.5612],[-6.39827,43.56101]]],[[[-6.39588,43.56172],[-6.39582,43.56181],[-6.39584,43.56187],[-6.39588,43.5619],[-6.39595,43.56191],[-6.39606,43.56186],[-6.39611,43.56182],[-6.3961,43.56176],[-6.39608,43.56173],[-6.39588,43.56172]]],[[[-6.41561,43.56176],[-6.41555,43.56179],[-6.41552,43.56183],[-6.4156,43.56191],[-6.41573,43.56184],[-6.41573,43.5618],[-6.41568,43.56176],[-6.41561,43.56176]]],[[[-6.4475,43.56109],[-6.44742,43.56111],[-6.44734,43.56118],[-6.44729,43.56127],[-6.44725,43.56136],[-6.44726,43.56146],[-6.44728,43.56152],[-6.44733,43.56156],[-6.44738,43.56157],[-6.44746,43.56149],[-6.44757,43.5613],[-6.4476,43.56121],[-6.44761,43.56115],[-6.44756,43.5611],[-6.4475,43.56109]]],[[[-6.44465,43.5611],[-6.44454,43.56113],[-6.4444,43.5613],[-6.44439,43.56134],[-6.44443,43.56137],[-6.44449,43.56136],[-6.44457,43.56128],[-6.44464,43.56121],[-6.44467,43.56113],[-6.44465,43.5611]]],[[[-6.41913,43.56132],[-6.41902,43.56137],[-6.41898,43.56143],[-6.41898,43.56147],[-6.41902,43.56149],[-6.41911,43.56148],[-6.41916,43.56143],[-6.4192,43.56138],[-6.41918,43.56133],[-6.41913,43.56132]]],[[[-6.44398,43.56135],[-6.44383,43.56141],[-6.44377,43.56145],[-6.44376,43.5615],[-6.44378,43.56153],[-6.4439,43.56155],[-6.44397,43.56152],[-6.44405,43.56146],[-6.44406,43.56142],[-6.44398,43.56135]]],[[[-6.39636,43.56139],[-6.39611,43.56148],[-6.39609,43.56155],[-6.39611,43.5616],[-6.3962,43.56164],[-6.3963,43.56165],[-6.39642,43.56163],[-6.39649,43.56158],[-6.39651,43.56154],[-6.39636,43.56139]]],[[[-6.44035,43.56153],[-6.44029,43.56155],[-6.44027,43.56161],[-6.44029,43.56164],[-6.44038,43.56168],[-6.44045,43.56168],[-6.4405,43.56166],[-6.44049,43.56154],[-6.44035,43.56153]]],[[[-6.44433,43.56032],[-6.4443,43.56034],[-6.44436,43.56041],[-6.44444,43.56039],[-6.44445,43.56034],[-6.44442,43.56031],[-6.44433,43.56032]]],[[[-6.41786,43.55894],[-6.41662,43.56068],[-6.418,43.55896],[-6.41786,43.55894]]],[[[-6.44029,43.56048],[-6.44022,43.56051],[-6.44025,43.56057],[-6.4403,43.56057],[-6.44035,43.56054],[-6.44036,43.56049],[-6.44029,43.56048]]],[[[-6.41893,43.56006],[-6.41889,43.56007],[-6.41888,43.56015],[-6.41892,43.56024],[-6.41899,43.56032],[-6.41908,43.56041],[-6.41916,43.56046],[-6.41921,43.56048],[-6.41932,43.56038],[-6.41916,43.5602],[-6.41908,43.56013],[-6.41899,43.56007],[-6.41893,43.56006]]],[[[-6.39953,43.56014],[-6.3994,43.56022],[-6.39935,43.56031],[-6.39935,43.56039],[-6.39937,43.56044],[-6.39946,43.56047],[-6.39959,43.56048],[-6.39968,43.56046],[-6.39978,43.5604],[-6.39983,43.56034],[-6.39982,43.56025],[-6.39979,43.56021],[-6.39953,43.56014]]],[[[-6.398,43.56022],[-6.39779,43.56023],[-6.39768,43.56029],[-6.39763,43.56035],[-6.39763,43.56043],[-6.39764,43.56046],[-6.39772,43.56048],[-6.39783,43.56045],[-6.39796,43.5604],[-6.39807,43.56035],[-6.39813,43.5603],[-6.39813,43.56026],[-6.398,43.56022]]],[[[-6.44034,43.5602],[-6.44026,43.56024],[-6.4402,43.56032],[-6.44019,43.56036],[-6.44025,43.56043],[-6.44041,43.56025],[-6.4404,43.56022],[-6.44034,43.5602]]],[[[-6.39868,43.56023],[-6.3985,43.56026],[-6.39846,43.56048],[-6.39848,43.56057],[-6.39848,43.56065],[-6.3985,43.5607],[-6.3986,43.56071],[-6.39871,43.56069],[-6.3988,43.56065],[-6.39888,43.56056],[-6.39892,43.56047],[-6.3989,43.5604],[-6.39883,43.56033],[-6.39874,43.56026],[-6.39868,43.56023]]],[[[-6.43999,43.56036],[-6.43992,43.56037],[-6.43982,43.56043],[-6.4398,43.56047],[-6.43988,43.5606],[-6.44001,43.56048],[-6.44006,43.56042],[-6.44005,43.56038],[-6.43999,43.56036]]],[[[-6.39567,43.5604],[-6.39549,43.56044],[-6.39541,43.5605],[-6.39537,43.56059],[-6.39536,43.56069],[-6.3954,43.56076],[-6.39546,43.5608],[-6.39554,43.56081],[-6.39567,43.56078],[-6.39576,43.56072],[-6.39579,43.5605],[-6.39577,43.56046],[-6.39567,43.5604]]],[[[-6.4402,43.56063],[-6.44014,43.56073],[-6.44015,43.56076],[-6.4402,43.56076],[-6.44025,43.56072],[-6.4402,43.56063]]],[[[-6.39788,43.5606],[-6.39777,43.56061],[-6.39773,43.56065],[-6.39769,43.56073],[-6.39771,43.56077],[-6.39787,43.56079],[-6.39808,43.56078],[-6.39813,43.56075],[-6.39812,43.56068],[-6.3981,43.56064],[-6.39801,43.56061],[-6.39788,43.5606]]],[[[-6.44434,43.56078],[-6.44424,43.56084],[-6.44416,43.56092],[-6.44412,43.56096],[-6.44413,43.56101],[-6.44416,43.56102],[-6.44427,43.56097],[-6.44435,43.56089],[-6.44439,43.56086],[-6.44434,43.56078]]],[[[-6.44185,43.56066],[-6.44178,43.56073],[-6.4418,43.56081],[-6.44184,43.56085],[-6.44191,43.56087],[-6.44199,43.56086],[-6.44205,43.5608],[-6.44205,43.56074],[-6.44203,43.56069],[-6.44185,43.56066]]],[[[-6.41838,43.5607],[-6.41832,43.56072],[-6.41829,43.56078],[-6.4183,43.56084],[-6.41839,43.56091],[-6.41849,43.56096],[-6.41854,43.56097],[-6.41865,43.56092],[-6.41863,43.56081],[-6.41854,43.56074],[-6.41847,43.56071],[-6.41838,43.5607]]],[[[-6.44025,43.56081],[-6.4402,43.56083],[-6.44021,43.56086],[-6.44023,43.56087],[-6.44029,43.56086],[-6.44029,43.56083],[-6.44025,43.56081]]],[[[-6.397,43.56079],[-6.39683,43.56097],[-6.39676,43.56101],[-6.39672,43.56108],[-6.39673,43.56114],[-6.39678,43.56117],[-6.3969,43.56117],[-6.39703,43.56113],[-6.39714,43.56108],[-6.39724,43.56102],[-6.39729,43.56097],[-6.39728,43.56091],[-6.39726,43.56086],[-6.397,43.56079]]],[[[-6.44075,43.56081],[-6.44063,43.56086],[-6.44054,43.56093],[-6.44046,43.561],[-6.44035,43.56106],[-6.44029,43.5611],[-6.44027,43.56116],[-6.44034,43.56134],[-6.44054,43.56122],[-6.44066,43.56125],[-6.44071,43.56125],[-6.44077,43.56116],[-6.44081,43.56108],[-6.44088,43.561],[-6.4409,43.56092],[-6.44087,43.56087],[-6.44081,43.56083],[-6.44075,43.56081]]],[[[-6.45212,43.56241],[-6.45198,43.56245],[-6.45199,43.56251],[-6.45201,43.56254],[-6.45211,43.56256],[-6.45219,43.56255],[-6.45223,43.56252],[-6.45222,43.56247],[-6.45212,43.56241]]],[[[-6.4517,43.56232],[-6.45158,43.56236],[-6.45158,43.56239],[-6.45166,43.56243],[-6.45173,43.56242],[-6.45177,43.5624],[-6.4517,43.56232]]],[[[-6.44484,43.56253],[-6.44476,43.56261],[-6.44478,43.56265],[-6.44484,43.56268],[-6.4449,43.56268],[-6.44494,43.56264],[-6.44493,43.56259],[-6.44484,43.56253]]],[[[-6.44391,43.56288],[-6.44388,43.56293],[-6.44388,43.56297],[-6.44393,43.56299],[-6.44399,43.56297],[-6.44403,43.56294],[-6.44402,43.5629],[-6.44391,43.56288]]],[[[-6.45284,43.56276],[-6.45276,43.56289],[-6.45271,43.56297],[-6.4527,43.56307],[-6.4527,43.56315],[-6.45275,43.56321],[-6.45282,43.56326],[-6.4529,43.56326],[-6.45294,43.56323],[-6.45299,43.56314],[-6.453,43.56305],[-6.45299,43.56296],[-6.45299,43.56286],[-6.45297,43.56281],[-6.45284,43.56276]]],[[[-6.44515,43.56261],[-6.44504,43.56265],[-6.44493,43.56275],[-6.4449,43.5628],[-6.44491,43.56284],[-6.44496,43.56285],[-6.44506,43.5628],[-6.44513,43.56272],[-6.44515,43.56265],[-6.44515,43.56261]]],[[[-6.45124,43.56267],[-6.45118,43.5627],[-6.45116,43.56278],[-6.45117,43.56281],[-6.45134,43.56282],[-6.45138,43.5627],[-6.45133,43.56267],[-6.45124,43.56267]]],[[[-6.44818,43.56246],[-6.44806,43.56247],[-6.44785,43.56265],[-6.44779,43.56273],[-6.44772,43.56282],[-6.44767,43.56288],[-6.44769,43.56296],[-6.44773,43.56302],[-6.44777,43.56305],[-6.44784,43.56303],[-6.44791,43.56295],[-6.448,43.56288],[-6.44807,43.5628],[-6.44814,43.56272],[-6.44819,43.56263],[-6.44822,43.56254],[-6.44822,43.56249],[-6.44818,43.56246]]],[[[-6.4464,43.56263],[-6.44633,43.56276],[-6.44633,43.56283],[-6.44639,43.5629],[-6.44645,43.56293],[-6.44654,43.56292],[-6.4466,43.56289],[-6.44663,43.5628],[-6.44663,43.56272],[-6.44657,43.56265],[-6.44652,43.56263],[-6.4464,43.56263]]],[[[-6.44861,43.56285],[-6.44857,43.56296],[-6.44859,43.56304],[-6.44861,43.56307],[-6.44868,43.56306],[-6.44873,43.56301],[-6.44874,43.56292],[-6.44874,43.56288],[-6.44861,43.56285]]],[[[-6.44579,43.56291],[-6.44567,43.56292],[-6.44562,43.56293],[-6.44559,43.56307],[-6.44556,43.56312],[-6.44568,43.56315],[-6.44581,43.56315],[-6.44593,43.56315],[-6.446,43.56313],[-6.44605,43.56308],[-6.44605,43.56302],[-6.44602,43.56297],[-6.44592,43.56292],[-6.44579,43.56291]]],[[[-6.45413,43.56341],[-6.45402,43.56347],[-6.45402,43.5635],[-6.45403,43.56357],[-6.45412,43.56369],[-6.45416,43.56371],[-6.45423,43.5637],[-6.45431,43.56364],[-6.45435,43.56357],[-6.45435,43.5635],[-6.45431,43.56345],[-6.45419,43.56341],[-6.45413,43.56341]]],[[[-6.40004,43.56366],[-6.39983,43.56373],[-6.39994,43.5639],[-6.40003,43.56394],[-6.4001,43.56395],[-6.40019,43.56391],[-6.40025,43.56385],[-6.40024,43.56378],[-6.4002,43.56372],[-6.4001,43.56367],[-6.40004,43.56366]]],[[[-6.45352,43.5638],[-6.45341,43.56388],[-6.45343,43.56393],[-6.45349,43.56396],[-6.45356,43.56395],[-6.45359,43.56393],[-6.45352,43.5638]]],[[[-6.45348,43.56359],[-6.45344,43.56361],[-6.45343,43.56366],[-6.45347,43.56371],[-6.45354,43.56372],[-6.45359,43.56372],[-6.45361,43.56361],[-6.45348,43.56359]]],[[[-6.45196,43.56364],[-6.45177,43.56388],[-6.45171,43.56397],[-6.45169,43.56403],[-6.4517,43.56406],[-6.45182,43.56409],[-6.45194,43.56408],[-6.45205,43.56404],[-6.45214,43.56397],[-6.45221,43.5639],[-6.45223,43.5638],[-6.45223,43.56372],[-6.45219,43.56368],[-6.45196,43.56364]]],[[[-6.45605,43.56445],[-6.45601,43.56452],[-6.45603,43.56455],[-6.45606,43.56462],[-6.45611,43.56465],[-6.45616,43.56466],[-6.45621,43.56462],[-6.45619,43.56453],[-6.45616,43.56449],[-6.45605,43.56445]]],[[[-6.45438,43.56396],[-6.45431,43.56401],[-6.45413,43.56421],[-6.45409,43.5643],[-6.45408,43.56433],[-6.45414,43.56436],[-6.45421,43.56434],[-6.45429,43.56427],[-6.45437,43.56419],[-6.45444,43.56412],[-6.45447,43.56407],[-6.45438,43.56396]]],[[[-6.44352,43.56322],[-6.44335,43.56339],[-6.44335,43.56347],[-6.44338,43.56353],[-6.44345,43.56357],[-6.44353,43.56357],[-6.44364,43.56353],[-6.44372,43.56345],[-6.44375,43.5634],[-6.44374,43.56331],[-6.44371,43.56326],[-6.44352,43.56322]]],[[[-6.4524,43.56337],[-6.45235,43.56342],[-6.45236,43.56346],[-6.4524,43.56349],[-6.45246,43.56347],[-6.45249,43.56345],[-6.4524,43.56337]]],[[[-6.45133,43.56316],[-6.45123,43.56318],[-6.45116,43.56323],[-6.45114,43.56327],[-6.45122,43.56338],[-6.45139,43.56333],[-6.45145,43.56327],[-6.45144,43.56321],[-6.45142,43.56317],[-6.45133,43.56316]]],[[[-6.444,43.56316],[-6.44396,43.56333],[-6.444,43.56338],[-6.44405,43.5634],[-6.44411,43.56338],[-6.44415,43.56331],[-6.44414,43.56327],[-6.444,43.56316]]],[[[-6.44484,43.56332],[-6.44376,43.56414],[-6.44485,43.56334],[-6.44484,43.56332]]],[[[-6.44527,43.56347],[-6.44511,43.56348],[-6.44497,43.56357],[-6.44492,43.5636],[-6.4449,43.56366],[-6.44492,43.56368],[-6.44504,43.56366],[-6.44514,43.56361],[-6.44524,43.56356],[-6.44527,43.5635],[-6.44527,43.56347]]],[[[-6.45092,43.56349],[-6.45079,43.56359],[-6.45083,43.56363],[-6.45093,43.56365],[-6.451,43.56363],[-6.45105,43.56359],[-6.45104,43.56355],[-6.45092,43.56349]]],[[[-6.45631,43.56513],[-6.45619,43.56516],[-6.4562,43.56522],[-6.45627,43.56523],[-6.45633,43.56521],[-6.45634,43.56516],[-6.45631,43.56513]]],[[[-6.45613,43.56506],[-6.45604,43.56511],[-6.4561,43.56515],[-6.45614,43.56514],[-6.45615,43.56508],[-6.45613,43.56506]]],[[[-6.45514,43.56502],[-6.45502,43.56505],[-6.45506,43.56518],[-6.45509,43.56521],[-6.45517,43.56521],[-6.45525,43.56518],[-6.45529,43.56514],[-6.45528,43.56508],[-6.45523,43.56504],[-6.45514,43.56502]]],[[[-6.60555,43.56557],[-6.60541,43.56559],[-6.60564,43.5657],[-6.60575,43.56576],[-6.60586,43.5658],[-6.60595,43.56584],[-6.60604,43.56584],[-6.60607,43.56582],[-6.60606,43.56577],[-6.60597,43.5657],[-6.60585,43.56566],[-6.60574,43.56562],[-6.60561,43.56558],[-6.60555,43.56557]]],[[[-6.39902,43.56582],[-6.3988,43.56585],[-6.39882,43.56616],[-6.39881,43.56625],[-6.39882,43.5663],[-6.39889,43.56632],[-6.39897,43.56631],[-6.39908,43.56626],[-6.39916,43.56618],[-6.39923,43.5661],[-6.39927,43.56601],[-6.39928,43.56595],[-6.39922,43.56588],[-6.39913,43.56584],[-6.39902,43.56582]]],[[[-6.45978,43.56658],[-6.45968,43.56661],[-6.45958,43.56667],[-6.45948,43.56674],[-6.45944,43.56678],[-6.45943,43.56685],[-6.45946,43.56688],[-6.45956,43.56689],[-6.45966,43.56686],[-6.4598,43.56684],[-6.45986,43.56683],[-6.46005,43.56668],[-6.45987,43.56658],[-6.45978,43.56658]]],[[[-6.46015,43.56704],[-6.46006,43.56708],[-6.4598,43.56733],[-6.45978,43.5674],[-6.4598,43.56744],[-6.45985,43.56746],[-6.45997,43.56742],[-6.46007,43.56738],[-6.46014,43.5673],[-6.46019,43.56722],[-6.46024,43.56715],[-6.46023,43.56708],[-6.46021,43.56705],[-6.46015,43.56704]]],[[[-6.39915,43.56468],[-6.39902,43.5647],[-6.3989,43.56474],[-6.39879,43.56481],[-6.39869,43.56486],[-6.3986,43.56493],[-6.39853,43.56499],[-6.39843,43.56522],[-6.39846,43.56535],[-6.39854,43.56543],[-6.39858,43.5655],[-6.39863,43.56552],[-6.39874,43.56552],[-6.39886,43.56547],[-6.39897,43.56542],[-6.39908,43.56536],[-6.39918,43.5653],[-6.39927,43.56521],[-6.39935,43.56513],[-6.39941,43.56505],[-6.39942,43.56499],[-6.39935,43.56491],[-6.3993,43.56488],[-6.39931,43.56481],[-6.39937,43.56474],[-6.39937,43.56471],[-6.39929,43.56467],[-6.39915,43.56468]]],[[[-6.4547,43.56508],[-6.45467,43.56525],[-6.45461,43.56534],[-6.45456,43.56543],[-6.45455,43.56548],[-6.45459,43.56552],[-6.45466,43.56551],[-6.45477,43.56545],[-6.45484,43.56537],[-6.45489,43.56529],[-6.45491,43.5652],[-6.45491,43.56511],[-6.45488,43.56508],[-6.4547,43.56508]]],[[[-6.45618,43.5653],[-6.45605,43.56532],[-6.45605,43.56536],[-6.45605,43.56539],[-6.45614,43.5654],[-6.4562,43.56537],[-6.45621,43.56532],[-6.45618,43.5653]]],[[[-6.45576,43.56552],[-6.45575,43.56556],[-6.45578,43.5656],[-6.45582,43.56561],[-6.45585,43.56552],[-6.45576,43.56552]]],[[[-6.45635,43.56554],[-6.45622,43.56558],[-6.45623,43.56563],[-6.4563,43.56565],[-6.45636,43.56565],[-6.4564,43.56563],[-6.45635,43.56554]]],[[[-6.40042,43.56532],[-6.40031,43.56537],[-6.40021,43.56544],[-6.40013,43.56551],[-6.40005,43.5656],[-6.40003,43.56566],[-6.40007,43.56577],[-6.40029,43.5659],[-6.40041,43.56593],[-6.40054,43.56595],[-6.40065,43.56601],[-6.40073,43.56605],[-6.40082,43.56606],[-6.40093,43.56603],[-6.40101,43.56596],[-6.40105,43.56588],[-6.40106,43.56579],[-6.40106,43.56569],[-6.40101,43.56559],[-6.40095,43.56552],[-6.40086,43.56545],[-6.40075,43.5654],[-6.40064,43.56534],[-6.40051,43.56532],[-6.40042,43.56532]]],[[[-6.47319,43.5705],[-6.47283,43.57062],[-6.47284,43.57078],[-6.47294,43.57082],[-6.47307,43.57084],[-6.47319,43.57085],[-6.4733,43.57086],[-6.47342,43.5709],[-6.47352,43.57095],[-6.47362,43.57097],[-6.47371,43.57096],[-6.47375,43.57093],[-6.47377,43.57084],[-6.47377,43.57078],[-6.47369,43.5707],[-6.47359,43.57065],[-6.47349,43.5706],[-6.47337,43.57055],[-6.47326,43.57051],[-6.47319,43.5705]]],[[[-6.47212,43.57071],[-6.47188,43.57087],[-6.47184,43.57097],[-6.47184,43.57102],[-6.47191,43.57107],[-6.47202,43.5711],[-6.47214,43.57112],[-6.47227,43.57112],[-6.47239,43.57112],[-6.47252,43.57112],[-6.47264,43.57115],[-6.47276,43.57115],[-6.47286,43.57112],[-6.47291,43.57109],[-6.47291,43.57102],[-6.47285,43.57094],[-6.47276,43.57087],[-6.47266,43.57082],[-6.47257,43.57078],[-6.47243,43.57076],[-6.47231,43.57074],[-6.47218,43.57072],[-6.47212,43.57071]]],[[[-6.4624,43.5696],[-6.46218,43.56973],[-6.46219,43.56979],[-6.46222,43.56981],[-6.46232,43.56981],[-6.46243,43.56976],[-6.46252,43.56972],[-6.46255,43.56967],[-6.46255,43.56963],[-6.46247,43.5696],[-6.4624,43.5696]]],[[[-6.4618,43.56973],[-6.46168,43.56977],[-6.46157,43.56982],[-6.46147,43.56987],[-6.4614,43.56995],[-6.46122,43.57019],[-6.46116,43.5703],[-6.4612,43.57034],[-6.46129,43.57037],[-6.46136,43.57036],[-6.46141,43.57039],[-6.46143,43.57048],[-6.46143,43.57057],[-6.46144,43.57062],[-6.46148,43.57065],[-6.4616,43.57065],[-6.46173,43.57063],[-6.46185,43.5706],[-6.46197,43.57057],[-6.46208,43.57052],[-6.46216,43.57045],[-6.46224,43.57038],[-6.46234,43.57032],[-6.46241,43.57025],[-6.46243,43.57018],[-6.4624,43.5701],[-6.46232,43.57003],[-6.46227,43.56994],[-6.46224,43.56988],[-6.46214,43.56982],[-6.46202,43.56978],[-6.46191,43.56974],[-6.4618,43.56973]]],[[[-6.47565,43.56409],[-6.47549,43.56422],[-6.47544,43.56431],[-6.47545,43.5644],[-6.47548,43.56449],[-6.47554,43.56456],[-6.47565,43.56463],[-6.47575,43.56467],[-6.47588,43.56468],[-6.47601,43.56466],[-6.47612,43.56461],[-6.47621,43.56455],[-6.47627,43.56448],[-6.47628,43.56439],[-6.47626,43.56433],[-6.47617,43.56427],[-6.47607,43.56422],[-6.47599,43.56417],[-6.47565,43.56409]]],[[[-6.45581,43.56481],[-6.45576,43.56482],[-6.45569,43.56491],[-6.45594,43.56497],[-6.45602,43.56497],[-6.45608,43.56494],[-6.45608,43.56489],[-6.45606,43.56484],[-6.45593,43.56481],[-6.45581,43.56481]]],[[[-6.45556,43.56453],[-6.45545,43.56463],[-6.45542,43.56469],[-6.45541,43.56473],[-6.45547,43.56474],[-6.45553,43.56473],[-6.4556,43.56466],[-6.45562,43.56461],[-6.45556,43.56453]]],[[[-6.45584,43.56458],[-6.4558,43.56461],[-6.45589,43.56469],[-6.45597,43.56464],[-6.45597,43.5646],[-6.45591,43.56458],[-6.45584,43.56458]]],[[[-6.45574,43.56465],[-6.45569,43.56469],[-6.45568,43.56473],[-6.45577,43.5648],[-6.45583,43.56473],[-6.45584,43.56469],[-6.45581,43.56465],[-6.45574,43.56465]]],[[[-6.45421,43.56495],[-6.45399,43.56507],[-6.45396,43.56514],[-6.45396,43.56518],[-6.454,43.56521],[-6.45412,43.56519],[-6.45423,43.56514],[-6.45433,43.56508],[-6.45435,43.56506],[-6.45421,43.56495]]],[[[-6.40002,43.56492],[-6.3999,43.56497],[-6.3998,43.56503],[-6.39972,43.5651],[-6.39963,43.56519],[-6.39955,43.56526],[-6.39949,43.56535],[-6.39943,43.56543],[-6.39936,43.56552],[-6.39932,43.56559],[-6.39932,43.56564],[-6.39936,43.56569],[-6.3995,43.56571],[-6.39995,43.56543],[-6.40003,43.56535],[-6.4001,43.56527],[-6.40017,43.56518],[-6.40022,43.56509],[-6.40021,43.56501],[-6.40018,43.56495],[-6.40012,43.56492],[-6.40002,43.56492]]],[[[-6.45175,43.56212],[-6.45163,43.56214],[-6.45161,43.56217],[-6.45157,43.56221],[-6.45159,43.56225],[-6.45165,43.56227],[-6.45172,43.56225],[-6.45177,43.56222],[-6.45177,43.56214],[-6.45175,43.56212]]],[[[-6.44747,43.56209],[-6.44738,43.56227],[-6.44739,43.5623],[-6.44746,43.5623],[-6.44754,43.56224],[-6.44758,43.56216],[-6.44758,43.56213],[-6.44747,43.56209]]],[[[-6.44498,43.56214],[-6.44485,43.56216],[-6.44478,43.56226],[-6.44479,43.5623],[-6.44486,43.56234],[-6.44498,43.56233],[-6.44507,43.56233],[-6.44517,43.56238],[-6.44527,43.56241],[-6.44533,43.56242],[-6.44537,43.56239],[-6.44537,43.56234],[-6.44527,43.56227],[-6.44516,43.56222],[-6.44506,43.56217],[-6.44498,43.56214]]],[[[-6.9886,43.55742],[-6.98848,43.55745],[-6.98838,43.55748],[-6.98833,43.55751],[-6.98834,43.5576],[-6.98837,43.55765],[-6.98843,43.55767],[-6.98849,43.55767],[-6.98866,43.55756],[-6.98869,43.55744],[-6.9886,43.55742]]],[[[-6.98806,43.55779],[-6.98656,43.5589],[-6.98916,43.55915],[-6.98813,43.55779],[-6.98806,43.55779]]],[[[-6.9869,43.55939],[-6.98474,43.56163],[-6.98718,43.56107],[-6.98702,43.55939],[-6.9869,43.55939]]],[[[-6.98822,43.56199],[-6.98797,43.56204],[-6.98787,43.56206],[-6.98782,43.56208],[-6.98786,43.56216],[-6.98794,43.56223],[-6.98803,43.56228],[-6.98813,43.56234],[-6.98824,43.5624],[-6.98832,43.56247],[-6.98841,43.56254],[-6.98849,43.5626],[-6.98856,43.56264],[-6.98862,43.56264],[-6.98867,43.5626],[-6.98868,43.56251],[-6.98863,43.56242],[-6.98858,43.56233],[-6.98851,43.56225],[-6.98846,43.56216],[-6.98844,43.56211],[-6.98822,43.56199]]],[[[-6.87763,43.56461],[-6.87751,43.56472],[-6.8776,43.56479],[-6.87767,43.5648],[-6.87775,43.56479],[-6.87781,43.56475],[-6.87782,43.56471],[-6.87778,43.56466],[-6.87769,43.56461],[-6.87763,43.56461]]],[[[-6.87763,43.56418],[-6.87763,43.56432],[-6.8778,43.56444],[-6.87792,43.56448],[-6.87802,43.56451],[-6.87813,43.56452],[-6.8782,43.5645],[-6.87823,43.56446],[-6.87818,43.5644],[-6.87808,43.56435],[-6.87797,43.5643],[-6.87787,43.56425],[-6.87775,43.5642],[-6.87767,43.56417],[-6.87763,43.56418]]],[[[-6.95652,43.56433],[-6.9564,43.56434],[-6.9563,43.56438],[-6.95625,43.56443],[-6.95627,43.56447],[-6.95633,43.56452],[-6.95661,43.56454],[-6.95669,43.56453],[-6.95671,43.56448],[-6.95667,43.56439],[-6.95663,43.56435],[-6.95652,43.56433]]],[[[-6.95806,43.56438],[-6.95799,43.56442],[-6.95792,43.5645],[-6.95785,43.56457],[-6.95775,43.56463],[-6.95762,43.56465],[-6.95751,43.56468],[-6.95741,43.56474],[-6.95737,43.5648],[-6.95735,43.56506],[-6.95734,43.56512],[-6.95738,43.56516],[-6.95748,43.5652],[-6.9576,43.56518],[-6.95773,43.56519],[-6.95785,43.56518],[-6.95797,43.56517],[-6.95809,43.56513],[-6.95818,43.56506],[-6.95826,43.56499],[-6.95834,43.56492],[-6.95842,43.56484],[-6.95848,43.56478],[-6.9585,43.56469],[-6.95848,43.56464],[-6.95839,43.56457],[-6.95829,43.56451],[-6.9582,43.56445],[-6.95812,43.5644],[-6.95806,43.56438]]],[[[-6.88492,43.56762],[-6.88486,43.56764],[-6.88482,43.5677],[-6.88483,43.56776],[-6.8849,43.56782],[-6.88502,43.56785],[-6.88513,43.56785],[-6.8852,43.56783],[-6.88526,43.56778],[-6.88527,43.56774],[-6.88504,43.56761],[-6.88492,43.56762]]],[[[-6.95812,43.56752],[-6.95805,43.56754],[-6.95801,43.56761],[-6.95798,43.56795],[-6.95809,43.5681],[-6.95816,43.56818],[-6.95823,43.56821],[-6.95832,43.56823],[-6.9584,43.56821],[-6.95843,43.56815],[-6.95842,43.56806],[-6.95839,43.56797],[-6.95835,43.56788],[-6.95832,43.56778],[-6.95829,43.56769],[-6.95824,43.5676],[-6.95817,43.56754],[-6.95812,43.56752]]],[[[-6.88582,43.5678],[-6.8857,43.56782],[-6.88558,43.56785],[-6.8855,43.56789],[-6.88544,43.56798],[-6.88539,43.56806],[-6.88535,43.56815],[-6.88528,43.56824],[-6.88522,43.56831],[-6.88522,43.56836],[-6.88526,43.56838],[-6.88538,43.56834],[-6.88549,43.56829],[-6.8856,43.56824],[-6.88571,43.56819],[-6.88582,43.56814],[-6.88615,43.56795],[-6.88617,43.56786],[-6.88608,43.56782],[-6.88596,43.5678],[-6.88582,43.5678]]],[[[-6.88624,43.568],[-6.88616,43.56807],[-6.8861,43.56815],[-6.88605,43.56824],[-6.88599,43.56832],[-6.88598,43.56838],[-6.88601,43.56843],[-6.88608,43.56844],[-6.88618,43.56843],[-6.88627,43.56838],[-6.88642,43.56815],[-6.88643,43.56807],[-6.88638,43.56802],[-6.8863,43.56799],[-6.88624,43.568]]],[[[-6.90916,43.5682],[-6.90888,43.56826],[-6.90882,43.56835],[-6.90884,43.56844],[-6.90886,43.56848],[-6.90893,43.5685],[-6.90901,43.56849],[-6.90909,43.56841],[-6.90917,43.56834],[-6.9092,43.56827],[-6.9092,43.56822],[-6.90916,43.5682]]],[[[-6.94956,43.57549],[-6.94945,43.57553],[-6.94936,43.5756],[-6.94925,43.57566],[-6.94915,43.57572],[-6.94894,43.57601],[-6.94889,43.57605],[-6.94891,43.5761],[-6.94897,43.57614],[-6.9491,43.57616],[-6.94922,43.57615],[-6.94934,43.57612],[-6.94947,43.57613],[-6.94955,43.57615],[-6.94964,43.57613],[-6.94972,43.57607],[-6.9498,43.576],[-6.94987,43.5759],[-6.94992,43.57582],[-6.94993,43.57572],[-6.94993,43.57565],[-6.94988,43.57558],[-6.94977,43.57553],[-6.94966,43.5755],[-6.94956,43.57549]]],[[[-6.94879,43.57645],[-6.94868,43.57648],[-6.94861,43.57651],[-6.94847,43.57675],[-6.94871,43.57681],[-6.94881,43.57675],[-6.94889,43.57668],[-6.94893,43.5766],[-6.94891,43.57653],[-6.94886,43.57648],[-6.94879,43.57645]]],[[[-6.94838,43.57698],[-6.9483,43.57699],[-6.94823,43.57704],[-6.94807,43.57728],[-6.94812,43.57736],[-6.94821,43.57734],[-6.9483,43.57727],[-6.94838,43.5772],[-6.94844,43.57712],[-6.94846,43.57706],[-6.94845,43.57701],[-6.94838,43.57698]]],[[[-6.94853,43.57738],[-6.94842,43.57739],[-6.94834,43.57744],[-6.94811,43.57776],[-6.9481,43.57785],[-6.94814,43.57788],[-6.94824,43.57789],[-6.94835,43.57786],[-6.94844,43.57779],[-6.94852,43.57772],[-6.94857,43.57763],[-6.9486,43.57754],[-6.94861,43.57745],[-6.9486,43.57741],[-6.94853,43.57738]]],[[[-6.89102,43.56927],[-6.89093,43.56932],[-6.89085,43.5694],[-6.89081,43.56948],[-6.8908,43.56958],[-6.89079,43.56967],[-6.89076,43.56974],[-6.89068,43.56982],[-6.89061,43.5699],[-6.89055,43.56998],[-6.8905,43.57006],[-6.89048,43.57013],[-6.89049,43.57017],[-6.89055,43.57017],[-6.89068,43.57014],[-6.89077,43.57008],[-6.89083,43.57001],[-6.89092,43.56993],[-6.891,43.56991],[-6.89112,43.56993],[-6.89122,43.56995],[-6.89132,43.56995],[-6.8914,43.56991],[-6.89146,43.56984],[-6.89147,43.56975],[-6.89145,43.56966],[-6.89147,43.56957],[-6.89154,43.5695],[-6.89156,43.56944],[-6.89153,43.56938],[-6.89143,43.56932],[-6.8913,43.56929],[-6.89102,43.56927]]],[[[-6.94966,43.56959],[-6.95055,43.57075],[-6.94971,43.56961],[-6.94966,43.56959]]],[[[-6.89104,43.57006],[-6.88987,43.57172],[-6.89121,43.57018],[-6.89104,43.57006]]],[[[-6.95108,43.57091],[-6.95105,43.57103],[-6.95107,43.57107],[-6.95113,43.57111],[-6.95124,43.57109],[-6.95134,43.57105],[-6.95138,43.571],[-6.95139,43.57094],[-6.95136,43.5709],[-6.95108,43.57091]]],[[[-6.93269,43.57035],[-6.93263,43.57036],[-6.93256,43.5704],[-6.93253,43.57049],[-6.93253,43.57053],[-6.9328,43.57065],[-6.93283,43.5707],[-6.93291,43.57068],[-6.93298,43.57064],[-6.933,43.57056],[-6.93297,43.57049],[-6.93288,43.57042],[-6.93278,43.57037],[-6.93269,43.57035]]],[[[-6.93583,43.57068],[-6.93571,43.5707],[-6.93564,43.57073],[-6.93561,43.57078],[-6.93562,43.57081],[-6.93597,43.57078],[-6.93593,43.5707],[-6.93583,43.57068]]],[[[-6.89194,43.5723],[-6.8918,43.57234],[-6.89172,43.57236],[-6.89165,43.57243],[-6.8916,43.57251],[-6.89154,43.57259],[-6.89153,43.57267],[-6.89148,43.57275],[-6.89144,43.57284],[-6.89145,43.57288],[-6.89151,43.5729],[-6.89158,43.5729],[-6.89167,43.57285],[-6.89174,43.57277],[-6.89181,43.57269],[-6.89189,43.5726],[-6.89196,43.57253],[-6.892,43.57249],[-6.89194,43.5723]]],[[[-6.94261,43.57335],[-6.94252,43.57339],[-6.94246,43.57346],[-6.94239,43.57354],[-6.9423,43.57361],[-6.94226,43.57369],[-6.94226,43.57373],[-6.94236,43.57375],[-6.94263,43.57372],[-6.94288,43.57374],[-6.94293,43.57372],[-6.94291,43.57364],[-6.94286,43.57356],[-6.94278,43.57348],[-6.94271,43.57341],[-6.94267,43.57336],[-6.94261,43.57335]]],[[[-6.94297,43.57383],[-6.94288,43.57388],[-6.94278,43.57394],[-6.94273,43.574],[-6.94272,43.57406],[-6.94275,43.57415],[-6.94291,43.57436],[-6.94306,43.57432],[-6.94313,43.57429],[-6.94319,43.57424],[-6.94322,43.57414],[-6.94321,43.57405],[-6.94316,43.57396],[-6.9431,43.57387],[-6.94305,43.57384],[-6.94297,43.57383]]],[[[-6.94768,43.57492],[-6.94764,43.57507],[-6.94768,43.5751],[-6.94779,43.57509],[-6.94786,43.57504],[-6.94789,43.57498],[-6.94789,43.57495],[-6.94768,43.57492]]],[[[-6.94721,43.57377],[-6.94707,43.5738],[-6.94696,43.57384],[-6.94687,43.5739],[-6.9468,43.57398],[-6.94676,43.57407],[-6.94675,43.57417],[-6.94677,43.57426],[-6.94677,43.57435],[-6.9468,43.57444],[-6.94684,43.57453],[-6.94687,43.57462],[-6.94686,43.57486],[-6.94693,43.57483],[-6.94705,43.57479],[-6.94715,43.57473],[-6.94724,43.57466],[-6.94732,43.57458],[-6.9474,43.57451],[-6.94747,43.57444],[-6.94755,43.57436],[-6.9476,43.57428],[-6.94767,43.5742],[-6.94769,43.57414],[-6.94766,43.5741],[-6.94757,43.57406],[-6.94745,43.57405],[-6.94739,43.57405],[-6.94735,43.57401],[-6.94734,43.57392],[-6.94733,43.57382],[-6.94732,43.57379],[-6.94721,43.57377]]],[[[-6.94785,43.57449],[-6.94774,43.57454],[-6.94749,43.57473],[-6.94751,43.57479],[-6.94753,43.57481],[-6.94765,43.5748],[-6.94774,43.57474],[-6.94783,43.57467],[-6.9479,43.57459],[-6.94792,43.57453],[-6.94791,43.5745],[-6.94785,43.57449]]],[[[-6.94296,43.57452],[-6.94286,43.57454],[-6.94278,43.5746],[-6.94262,43.57489],[-6.94269,43.57496],[-6.94276,43.57495],[-6.94285,43.57488],[-6.94291,43.5748],[-6.94296,43.57471],[-6.94299,43.57462],[-6.94298,43.57455],[-6.94296,43.57452]]],[[[-6.93257,43.57106],[-6.93244,43.57109],[-6.93234,43.57114],[-6.93223,43.57117],[-6.93212,43.57123],[-6.93206,43.57131],[-6.93203,43.5714],[-6.93205,43.57149],[-6.9321,43.57158],[-6.93219,43.57164],[-6.93231,43.57167],[-6.93242,43.5717],[-6.93288,43.57172],[-6.9331,43.57159],[-6.9331,43.57153],[-6.93304,43.57145],[-6.93293,43.57139],[-6.93284,43.57132],[-6.93278,43.57126],[-6.93273,43.57118],[-6.9327,43.5711],[-6.93265,43.57106],[-6.93257,43.57106]]],[[[-6.9357,43.57153],[-6.93562,43.57155],[-6.93552,43.57161],[-6.93543,43.57168],[-6.93535,43.57174],[-6.93531,43.57182],[-6.93533,43.57189],[-6.9354,43.57197],[-6.93549,43.57204],[-6.93558,43.57211],[-6.93563,43.57214],[-6.93573,43.57211],[-6.93602,43.57188],[-6.93607,43.57178],[-6.93606,43.57172],[-6.936,43.57165],[-6.93589,43.5716],[-6.93578,43.57156],[-6.9357,43.57153]]],[[[-6.91335,43.57169],[-6.91323,43.57173],[-6.91315,43.57179],[-6.91305,43.57186],[-6.91301,43.57193],[-6.913,43.57199],[-6.91301,43.57202],[-6.91314,43.57203],[-6.91324,43.57203],[-6.91329,43.57204],[-6.91329,43.57211],[-6.91324,43.57221],[-6.9132,43.57227],[-6.91321,43.57232],[-6.91327,43.57235],[-6.91338,43.57234],[-6.9135,43.5723],[-6.91358,43.57224],[-6.91365,43.57216],[-6.9137,43.57207],[-6.91375,43.57199],[-6.91378,43.57194],[-6.91366,43.57175],[-6.91346,43.57169],[-6.91335,43.57169]]],[[[-6.93865,43.57174],[-6.93853,43.57176],[-6.93842,43.57181],[-6.93831,43.57187],[-6.93821,43.57193],[-6.93812,43.572],[-6.93807,43.57205],[-6.93806,43.57213],[-6.93809,43.57221],[-6.93817,43.57228],[-6.93822,43.57231],[-6.93858,43.57221],[-6.93885,43.57204],[-6.93892,43.57202],[-6.93894,43.57197],[-6.93891,43.57189],[-6.93883,43.57181],[-6.93875,43.57176],[-6.93865,43.57174]]],[[[-6.81103,43.55597],[-6.81098,43.55598],[-6.81096,43.55606],[-6.81101,43.55623],[-6.81106,43.55623],[-6.81108,43.55625],[-6.81117,43.55624],[-6.81121,43.5562],[-6.81122,43.55613],[-6.81117,43.55604],[-6.81109,43.55599],[-6.81103,43.55597]]],[[[-6.81261,43.55675],[-6.81247,43.55682],[-6.81231,43.55696],[-6.81229,43.55703],[-6.81238,43.55701],[-6.81258,43.5569],[-6.81265,43.55685],[-6.81269,43.55677],[-6.81261,43.55675]]],[[[-6.80121,43.55691],[-6.80116,43.55693],[-6.80119,43.55717],[-6.80151,43.55716],[-6.80162,43.55713],[-6.80166,43.55709],[-6.80166,43.55704],[-6.80159,43.55697],[-6.80147,43.55693],[-6.80134,43.55691],[-6.80121,43.55691]]],[[[-6.80882,43.5573],[-6.80847,43.55744],[-6.80849,43.55754],[-6.80853,43.55757],[-6.80861,43.55758],[-6.80874,43.55754],[-6.80886,43.55749],[-6.80897,43.55745],[-6.80904,43.55741],[-6.80906,43.55737],[-6.80903,43.55733],[-6.80893,43.5573],[-6.80882,43.5573]]],[[[-6.81255,43.55736],[-6.81249,43.55738],[-6.81237,43.55745],[-6.81234,43.55753],[-6.8124,43.55758],[-6.81247,43.55758],[-6.81262,43.55751],[-6.81269,43.55745],[-6.81268,43.55738],[-6.81255,43.55736]]],[[[-6.8076,43.5577],[-6.80749,43.55772],[-6.80739,43.55776],[-6.80733,43.55784],[-6.80731,43.55793],[-6.80732,43.55798],[-6.80741,43.55805],[-6.80751,43.55809],[-6.80762,43.5581],[-6.80772,43.55808],[-6.80784,43.55799],[-6.80786,43.5578],[-6.80782,43.55775],[-6.80772,43.55771],[-6.8076,43.5577]]],[[[-6.80936,43.55786],[-6.80922,43.55794],[-6.80916,43.55798],[-6.80913,43.55806],[-6.80913,43.55812],[-6.80918,43.55817],[-6.80929,43.55819],[-6.8094,43.55819],[-6.8095,43.55814],[-6.80959,43.55808],[-6.80963,43.55801],[-6.80961,43.55792],[-6.80959,43.55789],[-6.80936,43.55786]]],[[[-6.8005,43.55832],[-6.80045,43.55834],[-6.80047,43.55843],[-6.80051,43.55852],[-6.80056,43.55861],[-6.80062,43.55868],[-6.80065,43.55878],[-6.80065,43.55888],[-6.80066,43.55897],[-6.80069,43.55903],[-6.80073,43.55906],[-6.80079,43.55905],[-6.80085,43.55897],[-6.80085,43.55888],[-6.80086,43.55878],[-6.80077,43.55848],[-6.80056,43.55833],[-6.8005,43.55832]]],[[[-6.80745,43.55817],[-6.80737,43.55819],[-6.80731,43.55822],[-6.80727,43.5583],[-6.80729,43.55835],[-6.80733,43.55839],[-6.8076,43.55837],[-6.80774,43.5583],[-6.80778,43.55827],[-6.80768,43.55821],[-6.80755,43.55818],[-6.80745,43.55817]]],[[[-6.80848,43.5584],[-6.80836,43.55845],[-6.80825,43.5585],[-6.80816,43.55856],[-6.80807,43.55859],[-6.80795,43.55858],[-6.80787,43.5586],[-6.80783,43.55865],[-6.80782,43.55884],[-6.80779,43.55887],[-6.80782,43.5589],[-6.80794,43.55888],[-6.80805,43.55883],[-6.80816,43.55877],[-6.80825,43.55871],[-6.80836,43.55867],[-6.80847,43.55862],[-6.80858,43.55857],[-6.80864,43.55854],[-6.80866,43.55848],[-6.80863,43.55843],[-6.80858,43.55841],[-6.80848,43.5584]]],[[[-6.8162,43.55901],[-6.81608,43.55904],[-6.81596,43.5591],[-6.81588,43.55917],[-6.81583,43.55923],[-6.81584,43.55929],[-6.81588,43.55933],[-6.81597,43.55934],[-6.81611,43.5593],[-6.8163,43.55915],[-6.81635,43.55912],[-6.81633,43.55905],[-6.81629,43.55902],[-6.8162,43.55901]]],[[[-6.80676,43.55944],[-6.80672,43.55948],[-6.8067,43.55954],[-6.80682,43.55974],[-6.80691,43.55973],[-6.80703,43.55974],[-6.80715,43.55972],[-6.80727,43.55968],[-6.8074,43.55964],[-6.80745,43.5596],[-6.80748,43.55954],[-6.80746,43.5595],[-6.80736,43.55946],[-6.80723,43.55943],[-6.8071,43.55944],[-6.80697,43.55943],[-6.80685,43.55944],[-6.80676,43.55944]]],[[[-6.80859,43.55869],[-6.80826,43.55884],[-6.80825,43.55892],[-6.80827,43.55898],[-6.80832,43.55901],[-6.80842,43.55902],[-6.80854,43.55898],[-6.80864,43.55893],[-6.80871,43.55885],[-6.80875,43.55876],[-6.80874,43.55872],[-6.80867,43.55868],[-6.80859,43.55869]]],[[[-6.80597,43.55942],[-6.80589,43.55944],[-6.80583,43.55948],[-6.80581,43.55958],[-6.8058,43.55967],[-6.80581,43.55976],[-6.8058,43.55986],[-6.80581,43.55995],[-6.8058,43.56025],[-6.80584,43.56026],[-6.80585,43.56032],[-6.80589,43.56035],[-6.80595,43.56035],[-6.80604,43.56031],[-6.80608,43.56025],[-6.80608,43.56015],[-6.80609,43.56009],[-6.80617,43.56002],[-6.80628,43.55997],[-6.80639,43.55991],[-6.80644,43.55986],[-6.80646,43.55977],[-6.80643,43.55969],[-6.80635,43.55962],[-6.80625,43.55956],[-6.80615,43.5595],[-6.80605,43.55945],[-6.80597,43.55942]]],[[[-6.80396,43.55975],[-6.80384,43.5598],[-6.80377,43.55985],[-6.80375,43.55989],[-6.80389,43.56008],[-6.80412,43.56007],[-6.80423,43.56003],[-6.80432,43.55997],[-6.80437,43.55992],[-6.80438,43.55985],[-6.80432,43.5598],[-6.80422,43.55976],[-6.80408,43.55974],[-6.80396,43.55975]]],[[[-6.81705,43.56074],[-6.81694,43.56077],[-6.81684,43.56083],[-6.81678,43.5609],[-6.81679,43.56093],[-6.81691,43.56097],[-6.81708,43.56089],[-6.81714,43.56084],[-6.81716,43.56079],[-6.81713,43.56076],[-6.81705,43.56074]]],[[[-6.81814,43.56104],[-6.81803,43.56107],[-6.81799,43.56111],[-6.81797,43.56122],[-6.81798,43.56125],[-6.81799,43.56131],[-6.818,43.56133],[-6.8181,43.56132],[-6.81821,43.56127],[-6.81828,43.56121],[-6.81831,43.56114],[-6.81829,43.56108],[-6.81823,43.56105],[-6.81814,43.56104]]],[[[-6.87668,43.56334],[-6.87656,43.56356],[-6.87653,43.56365],[-6.87649,43.56372],[-6.87652,43.56378],[-6.87661,43.56384],[-6.87672,43.5639],[-6.87683,43.56394],[-6.87692,43.56397],[-6.87699,43.56396],[-6.87703,43.56393],[-6.87702,43.56384],[-6.87698,43.56378],[-6.87698,43.56374],[-6.87705,43.56366],[-6.87709,43.56358],[-6.87709,43.56351],[-6.87702,43.56343],[-6.87692,43.56337],[-6.87685,43.56334],[-6.87668,43.56334]]],[[[-6.87625,43.5638],[-6.87617,43.56386],[-6.87611,43.56395],[-6.87608,43.56405],[-6.87608,43.56414],[-6.87609,43.56419],[-6.87618,43.56426],[-6.87641,43.56446],[-6.87654,43.56446],[-6.87663,43.56445],[-6.87674,43.5644],[-6.87683,43.56435],[-6.87691,43.56427],[-6.87698,43.5642],[-6.877,43.56415],[-6.87694,43.56407],[-6.87687,43.56401],[-6.87676,43.56398],[-6.87663,43.56394],[-6.87653,43.56388],[-6.87643,43.56383],[-6.87631,43.5638],[-6.87625,43.5638]]],[[[-6.81656,43.56397],[-6.81638,43.56406],[-6.81607,43.56431],[-6.81599,43.56438],[-6.81592,43.56445],[-6.81588,43.56453],[-6.81588,43.56459],[-6.81592,43.56464],[-6.816,43.56468],[-6.81612,43.56466],[-6.81624,43.56462],[-6.81635,43.56458],[-6.81646,43.56453],[-6.81657,43.56447],[-6.81665,43.56439],[-6.81673,43.56432],[-6.81681,43.56424],[-6.81687,43.56417],[-6.81688,43.56408],[-6.81686,43.56403],[-6.81678,43.56398],[-6.81667,43.56396],[-6.81656,43.56397]]],[[[-6.87558,43.56478],[-6.87553,43.56486],[-6.87552,43.56494],[-6.87555,43.565],[-6.87559,43.56502],[-6.87571,43.56497],[-6.87572,43.56484],[-6.87571,43.5648],[-6.87565,43.56478],[-6.87558,43.56478]]],[[[-6.84777,43.56492],[-6.8477,43.56497],[-6.84767,43.56507],[-6.84767,43.56515],[-6.84769,43.56518],[-6.84782,43.5651],[-6.84789,43.56501],[-6.84787,43.56495],[-6.84783,43.56492],[-6.84777,43.56492]]],[[[-6.87494,43.56473],[-6.8749,43.56475],[-6.87494,43.56482],[-6.87498,43.56485],[-6.8751,43.56483],[-6.87507,43.56475],[-6.87502,43.56472],[-6.87494,43.56473]]],[[[-6.81954,43.56416],[-6.81949,43.56418],[-6.81949,43.56424],[-6.81954,43.5643],[-6.81965,43.56435],[-6.81976,43.5644],[-6.81988,43.56443],[-6.81992,43.56444],[-6.81992,43.56433],[-6.81973,43.56421],[-6.81963,43.56417],[-6.81954,43.56416]]],[[[-6.87472,43.56428],[-6.87467,43.56431],[-6.87464,43.56438],[-6.87466,43.56441],[-6.87473,43.56442],[-6.87488,43.56437],[-6.87486,43.56431],[-6.87482,43.56428],[-6.87472,43.56428]]],[[[-6.81903,43.56434],[-6.81897,43.56435],[-6.81895,43.56442],[-6.81897,43.5645],[-6.81905,43.56458],[-6.81914,43.56462],[-6.81923,43.56463],[-6.81929,43.56461],[-6.81932,43.56457],[-6.81928,43.56447],[-6.81919,43.56439],[-6.81913,43.56436],[-6.81903,43.56434]]],[[[-6.8748,43.5645],[-6.87474,43.56451],[-6.8747,43.56455],[-6.87472,43.56463],[-6.87476,43.56467],[-6.8748,43.56468],[-6.87487,43.5646],[-6.87486,43.56452],[-6.8748,43.5645]]],[[[-6.8745,43.56453],[-6.87443,43.56455],[-6.87437,43.56463],[-6.87435,43.56468],[-6.87438,43.56474],[-6.87443,43.56475],[-6.87455,43.56473],[-6.87465,43.56465],[-6.87462,43.56459],[-6.87457,43.56455],[-6.8745,43.56453]]],[[[-6.85333,43.57061],[-6.85326,43.57065],[-6.85321,43.57074],[-6.85318,43.57083],[-6.85318,43.57086],[-6.85328,43.57092],[-6.85333,43.57061]]],[[[-6.85475,43.57086],[-6.85462,43.57089],[-6.85456,43.571],[-6.85458,43.57105],[-6.85463,43.57108],[-6.85473,43.57106],[-6.85477,43.57101],[-6.8548,43.57092],[-6.8548,43.57087],[-6.85475,43.57086]]],[[[-6.86527,43.57062],[-6.86513,43.57067],[-6.86519,43.57081],[-6.86523,43.57084],[-6.86529,43.57086],[-6.86535,43.57082],[-6.86538,43.57076],[-6.86538,43.5707],[-6.86532,43.57063],[-6.86527,43.57062]]],[[[-6.86682,43.57076],[-6.86672,43.57083],[-6.86665,43.5709],[-6.86642,43.5712],[-6.86639,43.57128],[-6.8664,43.57134],[-6.86642,43.57137],[-6.86656,43.57135],[-6.86665,43.57131],[-6.86676,43.57124],[-6.86683,43.57116],[-6.86687,43.57107],[-6.86691,43.57098],[-6.86692,43.57088],[-6.86692,43.57081],[-6.86688,43.57077],[-6.86682,43.57076]]],[[[-6.84703,43.56536],[-6.84694,43.5654],[-6.84685,43.56548],[-6.84681,43.56555],[-6.8468,43.56563],[-6.84683,43.56569],[-6.84688,43.56571],[-6.84697,43.5657],[-6.84705,43.56563],[-6.84709,43.56543],[-6.84707,43.56539],[-6.84703,43.56536]]],[[[-6.87257,43.56559],[-6.87244,43.56561],[-6.8724,43.56564],[-6.87239,43.56569],[-6.87248,43.56577],[-6.87258,43.5658],[-6.87265,43.56579],[-6.87268,43.56577],[-6.87266,43.56568],[-6.8726,43.56561],[-6.87257,43.56559]]],[[[-6.83188,43.5664],[-6.8318,43.56643],[-6.83175,43.56649],[-6.83175,43.56656],[-6.8318,43.56662],[-6.83187,43.56666],[-6.832,43.56666],[-6.83208,43.56657],[-6.83208,43.5665],[-6.83204,43.56644],[-6.83197,43.56641],[-6.83188,43.5664]]],[[[-6.87535,43.56673],[-6.87452,43.5679],[-6.87541,43.56674],[-6.87535,43.56673]]],[[[-6.85169,43.56543],[-6.85159,43.56545],[-6.85151,43.56552],[-6.85144,43.5656],[-6.85139,43.56569],[-6.85137,43.56578],[-6.85134,43.56587],[-6.85128,43.56596],[-6.8512,43.56602],[-6.85113,43.5661],[-6.85106,43.56617],[-6.85099,43.56626],[-6.85097,43.5663],[-6.85098,43.56634],[-6.85113,43.56631],[-6.85139,43.56613],[-6.85148,43.56607],[-6.85155,43.56599],[-6.8516,43.5659],[-6.85164,43.56582],[-6.85175,43.56576],[-6.85185,43.56571],[-6.85194,43.56563],[-6.85197,43.56558],[-6.85197,43.56551],[-6.85192,43.56546],[-6.85182,43.56543],[-6.85169,43.56543]]],[[[-6.8733,43.56541],[-6.8732,43.56542],[-6.8731,43.56548],[-6.87301,43.56555],[-6.87293,43.56561],[-6.87286,43.5657],[-6.87284,43.56579],[-6.87284,43.56588],[-6.87286,43.56597],[-6.8729,43.56606],[-6.87294,43.56615],[-6.87295,43.56625],[-6.87298,43.56634],[-6.87302,43.56643],[-6.87302,43.56647],[-6.87308,43.56647],[-6.87316,43.56639],[-6.87373,43.56585],[-6.87379,43.56576],[-6.87385,43.56568],[-6.87389,43.5656],[-6.87389,43.56554],[-6.87385,43.56548],[-6.87376,43.56545],[-6.87362,43.56545],[-6.8735,43.56545],[-6.87337,43.56544],[-6.8733,43.56541]]],[[[-6.87266,43.56586],[-6.87253,43.56588],[-6.87238,43.56591],[-6.87229,43.56596],[-6.87226,43.56602],[-6.87226,43.56609],[-6.87232,43.56614],[-6.87238,43.56615],[-6.87246,43.56613],[-6.87255,43.56607],[-6.87262,43.56598],[-6.87265,43.56589],[-6.87266,43.56586]]],[[[-6.85241,43.56612],[-6.85234,43.56614],[-6.85229,43.56619],[-6.85228,43.56628],[-6.85231,43.56633],[-6.85235,43.56635],[-6.85249,43.56628],[-6.85251,43.56617],[-6.85248,43.56613],[-6.85241,43.56612]]],[[[-6.87272,43.56614],[-6.87258,43.56625],[-6.8725,43.56632],[-6.87247,43.56635],[-6.87247,43.56644],[-6.87253,43.56653],[-6.87259,43.56661],[-6.87267,43.56668],[-6.87275,43.56672],[-6.87282,43.56672],[-6.87288,43.56668],[-6.87292,43.5666],[-6.87291,43.56651],[-6.87289,43.56642],[-6.87287,43.56633],[-6.87284,43.56624],[-6.87283,43.56619],[-6.87272,43.56614]]],[[[-6.87204,43.56609],[-6.8718,43.56622],[-6.87188,43.56634],[-6.87204,43.56627],[-6.87209,43.56624],[-6.87209,43.56615],[-6.87208,43.56611],[-6.87204,43.56609]]],[[[-6.8716,43.56619],[-6.87155,43.5662],[-6.87151,43.56626],[-6.8715,43.56636],[-6.87153,43.56642],[-6.87157,43.56644],[-6.87168,43.56639],[-6.87167,43.5663],[-6.87163,43.56622],[-6.8716,43.56619]]],[[[-6.87217,43.5664],[-6.8721,43.56641],[-6.87205,43.56644],[-6.87205,43.56647],[-6.87219,43.56655],[-6.87227,43.56645],[-6.87225,43.56641],[-6.87217,43.5664]]],[[[-6.87427,43.56586],[-6.87313,43.56711],[-6.87434,43.56586],[-6.87427,43.56586]]],[[[-6.87139,43.56657],[-6.87128,43.56662],[-6.87117,43.56676],[-6.87103,43.56713],[-6.87105,43.56718],[-6.87112,43.56722],[-6.87123,43.56723],[-6.87133,43.56722],[-6.87143,43.56715],[-6.8715,43.56708],[-6.87151,43.56698],[-6.8715,43.56689],[-6.87145,43.5668],[-6.87146,43.56671],[-6.87147,43.56664],[-6.87144,43.5666],[-6.87139,43.56657]]],[[[-6.85639,43.56859],[-6.85629,43.56863],[-6.85622,43.56872],[-6.85619,43.5688],[-6.85618,43.56888],[-6.85624,43.56897],[-6.8563,43.56903],[-6.85637,43.56906],[-6.85649,43.56903],[-6.85678,43.56886],[-6.85679,43.56885],[-6.85686,43.56877],[-6.85689,43.56871],[-6.85688,43.56867],[-6.8568,43.56863],[-6.85667,43.56861],[-6.85658,43.56862],[-6.85645,43.56858],[-6.85639,43.56859]]],[[[-6.85621,43.56909],[-6.8561,43.56914],[-6.85601,43.5692],[-6.85596,43.56922],[-6.85596,43.56931],[-6.85599,43.56937],[-6.85603,43.5694],[-6.85613,43.56935],[-6.8563,43.56917],[-6.85631,43.56911],[-6.85628,43.56909],[-6.85621,43.56909]]],[[[-6.86087,43.56825],[-6.86075,43.56827],[-6.86052,43.56832],[-6.86045,43.56836],[-6.86044,43.56841],[-6.86045,43.56845],[-6.86058,43.56846],[-6.8607,43.56844],[-6.86081,43.5684],[-6.86092,43.56835],[-6.86095,43.56832],[-6.86094,43.56827],[-6.86087,43.56825]]],[[[-6.86801,43.56967],[-6.86793,43.56974],[-6.86781,43.56983],[-6.86776,43.56989],[-6.86769,43.56996],[-6.86768,43.57],[-6.86776,43.57],[-6.86786,43.56996],[-6.86794,43.56989],[-6.86802,43.56981],[-6.86809,43.56974],[-6.8681,43.56969],[-6.86808,43.56967],[-6.86801,43.56967]]],[[[-6.86714,43.5704],[-6.86701,43.57043],[-6.86697,43.57048],[-6.867,43.57054],[-6.86705,43.57058],[-6.86713,43.57058],[-6.8672,43.57055],[-6.86722,43.57052],[-6.86714,43.5704]]],[[[-6.85584,43.56933],[-6.85575,43.5694],[-6.85566,43.56948],[-6.85563,43.5695],[-6.85563,43.56956],[-6.85571,43.56964],[-6.85576,43.56966],[-6.85584,43.56965],[-6.85592,43.56958],[-6.856,43.56948],[-6.85589,43.56934],[-6.85584,43.56933]]],[[[-6.87073,43.56808],[-6.87101,43.56949],[-6.87086,43.5681],[-6.87073,43.56808]]],[[[-6.87028,43.56948],[-6.87017,43.56952],[-6.87012,43.56956],[-6.87011,43.56962],[-6.87017,43.5697],[-6.87022,43.56973],[-6.87029,43.56974],[-6.87041,43.56968],[-6.8704,43.56951],[-6.87035,43.56948],[-6.87028,43.56948]]],[[[-6.85343,43.56761],[-6.85337,43.56764],[-6.85336,43.56768],[-6.85345,43.56779],[-6.85357,43.56777],[-6.85365,43.56774],[-6.85367,43.56771],[-6.8536,43.56764],[-6.85354,43.56761],[-6.85343,43.56761]]],[[[-6.85271,43.56737],[-6.85258,43.56738],[-6.85245,43.56742],[-6.8524,43.56745],[-6.85234,43.56759],[-6.8525,43.56763],[-6.85255,43.56764],[-6.85258,43.56767],[-6.85253,43.56776],[-6.85252,43.56782],[-6.85255,43.56785],[-6.85264,43.56786],[-6.85275,43.56783],[-6.85286,43.56778],[-6.85295,43.56772],[-6.85305,43.56766],[-6.85309,43.56763],[-6.85309,43.56756],[-6.85302,43.56748],[-6.85292,43.56743],[-6.85283,43.56738],[-6.85271,43.56737]]],[[[-6.83367,43.56752],[-6.83359,43.56755],[-6.83351,43.56763],[-6.83349,43.56783],[-6.8335,43.56792],[-6.83351,43.56795],[-6.83359,43.56799],[-6.83368,43.56797],[-6.83377,43.56793],[-6.83384,43.56783],[-6.83387,43.56774],[-6.83388,43.56764],[-6.83385,43.56758],[-6.83377,43.56754],[-6.83367,43.56752]]],[[[-6.85425,43.56789],[-6.85415,43.56792],[-6.85406,43.56799],[-6.85398,43.56806],[-6.85392,43.56813],[-6.85392,43.56817],[-6.85405,43.56823],[-6.85418,43.56811],[-6.85422,43.56803],[-6.85428,43.56795],[-6.8543,43.56792],[-6.85425,43.56789]]],[[[-6.87057,43.56763],[-6.87047,43.56764],[-6.87037,43.56769],[-6.87029,43.56776],[-6.87023,43.56785],[-6.87018,43.56792],[-6.87011,43.568],[-6.87004,43.56809],[-6.87002,43.56811],[-6.87008,43.56819],[-6.8704,43.56795],[-6.87046,43.56787],[-6.87053,43.56778],[-6.87059,43.56773],[-6.87058,43.56766],[-6.87057,43.56763]]],[[[-7.02552,43.54757],[-7.02538,43.54761],[-7.02545,43.54768],[-7.02553,43.54773],[-7.02565,43.54774],[-7.02578,43.54774],[-7.02591,43.5477],[-7.02598,43.54767],[-7.026,43.54764],[-7.02598,43.54759],[-7.0259,43.54756],[-7.02578,43.54757],[-7.02552,43.54757]]],[[[-7.01,43.5565],[-7.00995,43.55657],[-7.00993,43.55666],[-7.00991,43.5567],[-7.00994,43.55674],[-7.01005,43.55677],[-7.01027,43.55678],[-7.01042,43.55674],[-7.01043,43.55669],[-7.01037,43.55662],[-7.01031,43.55658],[-7.01017,43.55657],[-7.01008,43.55654],[-7.01004,43.5565],[-7.01,43.5565]]],[[[-7.01348,43.55647],[-7.01344,43.55648],[-7.01343,43.55652],[-7.01349,43.5566],[-7.01355,43.55668],[-7.01373,43.55682],[-7.01392,43.55681],[-7.01395,43.55676],[-7.01393,43.55671],[-7.01385,43.55664],[-7.01375,43.5566],[-7.01363,43.55656],[-7.01354,43.5565],[-7.01348,43.55647]]],[[[-7.02389,43.55688],[-7.02372,43.55692],[-7.02369,43.55697],[-7.02374,43.55705],[-7.02382,43.55713],[-7.02391,43.55717],[-7.02398,43.55718],[-7.02409,43.55715],[-7.02415,43.55711],[-7.02418,43.55703],[-7.02415,43.55696],[-7.02411,43.55692],[-7.02389,43.55688]]],[[[-7.02244,43.56021],[-7.02214,43.56023],[-7.02205,43.56036],[-7.02206,43.56044],[-7.0221,43.5605],[-7.02217,43.56053],[-7.0223,43.56054],[-7.02242,43.5605],[-7.0225,43.56046],[-7.02255,43.56039],[-7.02254,43.56031],[-7.02249,43.56024],[-7.02244,43.56021]]],[[[-7.0218,43.56082],[-7.02161,43.56084],[-7.02157,43.56089],[-7.02155,43.56097],[-7.02159,43.56106],[-7.02166,43.56113],[-7.02176,43.56118],[-7.02188,43.56119],[-7.02199,43.56118],[-7.02205,43.56115],[-7.02209,43.56109],[-7.02207,43.56104],[-7.0218,43.56082]]],[[[-7.0086,43.55801],[-7.00852,43.55805],[-7.00849,43.5581],[-7.00838,43.55815],[-7.00835,43.55818],[-7.00838,43.55822],[-7.00861,43.55832],[-7.00874,43.55835],[-7.00882,43.55834],[-7.00886,43.55831],[-7.00884,43.55822],[-7.0088,43.55812],[-7.00873,43.55804],[-7.00867,43.55801],[-7.0086,43.55801]]],[[[-7.02025,43.55882],[-7.02012,43.55885],[-7.02,43.55888],[-7.01996,43.5589],[-7.01995,43.55894],[-7.02006,43.55898],[-7.02025,43.55902],[-7.02029,43.55908],[-7.02034,43.55906],[-7.02034,43.55901],[-7.02043,43.55895],[-7.02049,43.55892],[-7.02052,43.55889],[-7.02046,43.55884],[-7.02037,43.55881],[-7.02025,43.55882]]],[[[-7.01857,43.55897],[-7.02013,43.55911],[-7.01869,43.559],[-7.01857,43.55897]]]]}},{"type":"Feature","id":"es-as-comarca-oviedo","properties":{"id":"es-as-comarca-oviedo","slug":"comarca-oviedo","name":"Comarca de Oviedo","localName":"Oviedo","aliases":["Oviedo"],"kind":"functional-region","boundaryStatus":"official","parentId":"es-as","population":326516,"areaKm2":2343.5,"density":139.3,"referenceYear":2021,"sourceId":"sitpa-functional-regions","bbox":[-6.37729,43.00891,-5.36615,43.5011],"center":[-5.87172,43.255005]},"geometry":{"type":"Polygon","coordinates":[[[-5.72145,43.34084],[-5.72056,43.34315],[-5.71057,43.34597],[-5.70495,43.34397],[-5.70228,43.33529],[-5.68283,43.33129],[-5.66397,43.34104],[-5.65726,43.34109],[-5.6461,43.33176],[-5.61815,43.32463],[-5.61544,43.32201],[-5.60667,43.32933],[-5.59721,43.32105],[-5.58821,43.31805],[-5.58768,43.31172],[-5.5831,43.30893],[-5.57868,43.29886],[-5.56159,43.29622],[-5.55876,43.29298],[-5.53947,43.29639],[-5.52775,43.29411],[-5.52923,43.29987],[-5.50999,43.30336],[-5.50749,43.30167],[-5.50926,43.299],[-5.50137,43.27656],[-5.49953,43.27948],[-5.49701,43.27968],[-5.49169,43.27641],[-5.48207,43.27603],[-5.48339,43.28387],[-5.48112,43.28983],[-5.47336,43.29155],[-5.47429,43.29408],[-5.46681,43.29896],[-5.46997,43.30328],[-5.46393,43.31134],[-5.46299,43.3177],[-5.45695,43.3232],[-5.44176,43.32851],[-5.41972,43.34104],[-5.42124,43.35403],[-5.42802,43.3627],[-5.42571,43.36386],[-5.42962,43.38393],[-5.38314,43.3856],[-5.37158,43.3925],[-5.36615,43.40698],[-5.36946,43.40827],[-5.37658,43.42089],[-5.39249,43.42279],[-5.39673,43.42506],[-5.4004,43.43107],[-5.40969,43.43472],[-5.41206,43.4375],[-5.42357,43.43792],[-5.43522,43.43518],[-5.4334,43.43473],[-5.43288,43.43108],[-5.43697,43.42492],[-5.43658,43.41999],[-5.44349,43.41657],[-5.44779,43.41143],[-5.46972,43.41333],[-5.47526,43.41552],[-5.49648,43.41593],[-5.49975,43.41376],[-5.51173,43.42197],[-5.53863,43.42259],[-5.5559,43.42839],[-5.56481,43.42632],[-5.5798,43.43417],[-5.58551,43.44323],[-5.60528,43.44189],[-5.62411,43.44309],[-5.63296,43.44912],[-5.64017,43.45041],[-5.64532,43.45499],[-5.65059,43.45364],[-5.65593,43.456],[-5.66129,43.45489],[-5.67335,43.45634],[-5.68247,43.45408],[-5.6979,43.46608],[-5.705,43.45875],[-5.71756,43.45119],[-5.72054,43.45638],[-5.72578,43.45744],[-5.73187,43.449],[-5.74761,43.4479],[-5.75655,43.45154],[-5.75872,43.45593],[-5.76592,43.46138],[-5.78023,43.46368],[-5.78713,43.47085],[-5.78716,43.47608],[-5.79033,43.47513],[-5.79766,43.48029],[-5.80127,43.48009],[-5.80376,43.48263],[-5.80359,43.48516],[-5.81121,43.48583],[-5.81114,43.49038],[-5.8183,43.49109],[-5.8264,43.48039],[-5.82945,43.48008],[-5.84041,43.48519],[-5.84996,43.48214],[-5.85352,43.47827],[-5.88693,43.49228],[-5.89933,43.49342],[-5.90462,43.5011],[-5.91652,43.49807],[-5.93626,43.4889],[-5.94078,43.49222],[-5.94375,43.49126],[-5.95373,43.48642],[-5.95648,43.47979],[-5.96819,43.47474],[-5.96768,43.47236],[-5.97313,43.47151],[-5.97837,43.47497],[-5.98839,43.47343],[-6.00335,43.45473],[-6.01195,43.44696],[-6.01487,43.44034],[-6.01495,43.43269],[-6.02097,43.42463],[-6.0256,43.42183],[-6.03558,43.40281],[-6.06444,43.40222],[-6.07163,43.41094],[-6.08208,43.41232],[-6.08925,43.40697],[-6.09221,43.40183],[-6.09758,43.40631],[-6.10213,43.40552],[-6.10731,43.40711],[-6.10982,43.41004],[-6.11529,43.41078],[-6.11065,43.42907],[-6.11873,43.43494],[-6.12129,43.44401],[-6.13718,43.43927],[-6.14232,43.43393],[-6.14129,43.42697],[-6.1449,43.42058],[-6.15163,43.42021],[-6.15504,43.41694],[-6.16323,43.4248],[-6.16238,43.43222],[-6.17071,43.4377],[-6.17589,43.43774],[-6.18089,43.44304],[-6.18562,43.44122],[-6.18645,43.44473],[-6.19125,43.44978],[-6.22593,43.45539],[-6.23067,43.46076],[-6.22507,43.46171],[-6.21766,43.46754],[-6.22225,43.47618],[-6.22826,43.48048],[-6.2277,43.48196],[-6.22988,43.48168],[-6.23087,43.48773],[-6.22765,43.4883],[-6.23364,43.49148],[-6.23546,43.49573],[-6.25444,43.49519],[-6.25847,43.49161],[-6.26611,43.49388],[-6.2698,43.49768],[-6.28787,43.49986],[-6.28939,43.49514],[-6.2952,43.49206],[-6.29726,43.48562],[-6.30624,43.4808],[-6.31608,43.48014],[-6.32719,43.48346],[-6.34362,43.47334],[-6.33914,43.47118],[-6.33681,43.46712],[-6.3493,43.4517],[-6.35149,43.446],[-6.35586,43.44351],[-6.35294,43.44011],[-6.36064,43.43742],[-6.36259,43.43185],[-6.35984,43.4281],[-6.36142,43.42653],[-6.3535,43.4218],[-6.35415,43.41828],[-6.35088,43.41372],[-6.34881,43.41385],[-6.34495,43.40514],[-6.34734,43.40016],[-6.35141,43.39921],[-6.34822,43.39435],[-6.33423,43.38663],[-6.32647,43.37697],[-6.33494,43.36416],[-6.32224,43.35831],[-6.315,43.35802],[-6.31379,43.35579],[-6.30995,43.35594],[-6.29908,43.3496],[-6.30686,43.34456],[-6.31517,43.33044],[-6.3113,43.32938],[-6.30778,43.32405],[-6.30326,43.3218],[-6.30918,43.31223],[-6.31793,43.30651],[-6.317,43.30238],[-6.32132,43.30194],[-6.33326,43.29427],[-6.33279,43.288],[-6.33008,43.28465],[-6.33147,43.27399],[-6.32767,43.26969],[-6.33259,43.26924],[-6.3417,43.26437],[-6.33954,43.24965],[-6.32456,43.24179],[-6.31544,43.23419],[-6.3152,43.23194],[-6.32221,43.23029],[-6.33072,43.22451],[-6.33067,43.21535],[-6.33694,43.21249],[-6.3326,43.20558],[-6.33889,43.19864],[-6.3439,43.1818],[-6.3489,43.18005],[-6.35193,43.1748],[-6.35426,43.16278],[-6.35949,43.15985],[-6.3591,43.15536],[-6.35586,43.15088],[-6.36504,43.15029],[-6.37259,43.14756],[-6.37729,43.13626],[-6.37486,43.13166],[-6.37662,43.12772],[-6.37237,43.11838],[-6.37408,43.11585],[-6.37344,43.10831],[-6.36295,43.1025],[-6.36696,43.09044],[-6.3636,43.08253],[-6.36629,43.07747],[-6.35839,43.0683],[-6.36004,43.06344],[-6.3589,43.05819],[-6.34893,43.05001],[-6.34072,43.04918],[-6.33822,43.0459],[-6.33316,43.04649],[-6.32987,43.04297],[-6.32649,43.03133],[-6.31368,43.0313],[-6.31131,43.02888],[-6.29517,43.02691],[-6.29035,43.03442],[-6.28519,43.03637],[-6.27359,43.02619],[-6.27017,43.0255],[-6.26903,43.02147],[-6.2637,43.01608],[-6.24272,43.0135],[-6.23887,43.01456],[-6.22681,43.00891],[-6.22984,43.02303],[-6.22568,43.02364],[-6.22632,43.02607],[-6.22231,43.02942],[-6.22273,43.03523],[-6.21897,43.03936],[-6.21897,43.04394],[-6.21556,43.0472],[-6.19507,43.04271],[-6.19082,43.04463],[-6.18765,43.0493],[-6.1784,43.0478],[-6.16741,43.04245],[-6.16259,43.03301],[-6.15932,43.03555],[-6.14841,43.0332],[-6.13667,43.02099],[-6.12038,43.02426],[-6.11253,43.02944],[-6.10613,43.02937],[-6.1014,43.03192],[-6.0969,43.03064],[-6.09506,43.03453],[-6.08982,43.03815],[-6.09004,43.04338],[-6.095,43.04888],[-6.09031,43.05822],[-6.09185,43.06692],[-6.08396,43.06991],[-6.08129,43.0759],[-6.07356,43.07167],[-6.06944,43.06639],[-6.06131,43.06489],[-6.05214,43.06819],[-6.04966,43.06547],[-6.03789,43.06296],[-6.02973,43.05706],[-6.02093,43.05379],[-6.01688,43.05344],[-6.00881,43.05771],[-5.99633,43.05792],[-5.98895,43.06722],[-5.97897,43.06398],[-5.97384,43.06531],[-5.97347,43.0594],[-5.97049,43.05754],[-5.96599,43.05821],[-5.96216,43.05294],[-5.96449,43.04604],[-5.96966,43.04083],[-5.96695,43.03654],[-5.96045,43.03372],[-5.96226,43.03323],[-5.95985,43.029],[-5.95316,43.02902],[-5.94726,43.03257],[-5.93775,43.03466],[-5.93561,43.04071],[-5.92744,43.04135],[-5.92272,43.04608],[-5.90745,43.04179],[-5.90437,43.05047],[-5.88383,43.05365],[-5.88002,43.0597],[-5.88334,43.06105],[-5.88461,43.06645],[-5.88061,43.07464],[-5.88624,43.07876],[-5.8815,43.08184],[-5.88068,43.08662],[-5.8883,43.09603],[-5.88358,43.10383],[-5.88385,43.11034],[-5.88926,43.11882],[-5.88989,43.1249],[-5.89809,43.13361],[-5.89898,43.13201],[-5.90102,43.13306],[-5.90587,43.14366],[-5.90835,43.14939],[-5.9055,43.1559],[-5.90613,43.16115],[-5.89556,43.16367],[-5.88885,43.16745],[-5.88295,43.16705],[-5.87646,43.17857],[-5.86732,43.18858],[-5.86764,43.19193],[-5.86332,43.19579],[-5.85895,43.19812],[-5.84609,43.19816],[-5.84785,43.20607],[-5.8463,43.21421],[-5.84746,43.22019],[-5.84578,43.22773],[-5.84344,43.22937],[-5.84322,43.24046],[-5.83976,43.24659],[-5.84645,43.25275],[-5.84718,43.25783],[-5.85012,43.26005],[-5.84996,43.2661],[-5.85428,43.26844],[-5.85551,43.27269],[-5.85315,43.27441],[-5.85391,43.27667],[-5.84596,43.28421],[-5.83024,43.28502],[-5.81289,43.28871],[-5.79222,43.2797],[-5.78265,43.27947],[-5.77096,43.2882],[-5.77379,43.29594],[-5.77364,43.30205],[-5.7609,43.30968],[-5.75619,43.31855],[-5.75849,43.32506],[-5.75783,43.32884],[-5.75057,43.33874],[-5.74428,43.33379],[-5.73766,43.33578],[-5.73452,43.33489],[-5.73266,43.33731],[-5.72153,43.34063],[-5.72145,43.34084]]]}},{"type":"Feature","id":"es-as-comarca-aviles","properties":{"id":"es-as-comarca-aviles","slug":"comarca-aviles","name":"Comarca de Avilés","localName":"Avilés","aliases":["Avilés"],"kind":"functional-region","boundaryStatus":"official","parentId":"es-as","population":146842,"areaKm2":556.6,"density":263.8,"referenceYear":2021,"sourceId":"sitpa-functional-regions","bbox":[-6.35258,43.40183,-5.76516,43.66653],"center":[-6.05887,43.53418]},"geometry":{"type":"MultiPolygon","coordinates":[[[[-6.0537,43.57168],[-6.06603,43.56589],[-6.07572,43.56472],[-6.0758,43.5667],[-6.07584,43.56455],[-6.07793,43.5643],[-6.07737,43.57041],[-6.07908,43.56785],[-6.07819,43.56466],[-6.08172,43.56613],[-6.08654,43.56214],[-6.08951,43.5633],[-6.09251,43.55832],[-6.09823,43.55835],[-6.10587,43.56224],[-6.10522,43.5586],[-6.10915,43.5563],[-6.11141,43.55766],[-6.11299,43.55543],[-6.12375,43.55686],[-6.12373,43.56135],[-6.13289,43.55873],[-6.13562,43.56084],[-6.13556,43.56474],[-6.14479,43.56629],[-6.14737,43.56368],[-6.1529,43.56799],[-6.15105,43.56946],[-6.14779,43.56559],[-6.14639,43.56597],[-6.14743,43.5675],[-6.15115,43.5697],[-6.15425,43.56835],[-6.15447,43.57073],[-6.15819,43.56638],[-6.16142,43.56935],[-6.16488,43.56731],[-6.17,43.56964],[-6.17444,43.56612],[-6.17785,43.56837],[-6.18444,43.56349],[-6.19167,43.56794],[-6.18821,43.57954],[-6.1905,43.57859],[-6.19377,43.58042],[-6.19456,43.57579],[-6.19902,43.57268],[-6.20306,43.57291],[-6.20914,43.58514],[-6.21318,43.58039],[-6.21995,43.57937],[-6.22163,43.5827],[-6.22493,43.58297],[-6.22386,43.58555],[-6.2266,43.58908],[-6.23132,43.58824],[-6.23218,43.59114],[-6.2375,43.59149],[-6.23672,43.5938],[-6.24076,43.59219],[-6.24153,43.5946],[-6.24451,43.59518],[-6.24547,43.59388],[-6.24255,43.58873],[-6.24654,43.58772],[-6.24612,43.58374],[-6.2492,43.584],[-6.25042,43.581],[-6.2563,43.57765],[-6.26242,43.57683],[-6.26774,43.57898],[-6.26993,43.5767],[-6.27449,43.57653],[-6.27533,43.57329],[-6.2818,43.57427],[-6.28148,43.57233],[-6.28543,43.56997],[-6.28876,43.57179],[-6.2936,43.56974],[-6.29718,43.57112],[-6.29882,43.5693],[-6.29568,43.56672],[-6.29892,43.566],[-6.30003,43.56787],[-6.29994,43.56519],[-6.30364,43.56337],[-6.30835,43.56355],[-6.30935,43.56759],[-6.31013,43.56354],[-6.31475,43.56561],[-6.31713,43.56279],[-6.31936,43.56455],[-6.32068,43.5616],[-6.33209,43.56163],[-6.33264,43.55971],[-6.33922,43.55883],[-6.34481,43.55537],[-6.3341,43.5449],[-6.3343,43.54154],[-6.34509,43.53512],[-6.34705,43.53078],[-6.35258,43.528],[-6.35205,43.52307],[-6.34923,43.52089],[-6.33496,43.52504],[-6.32895,43.52458],[-6.32452,43.52746],[-6.32347,43.53106],[-6.3161,43.53161],[-6.30904,43.53643],[-6.29249,43.53864],[-6.27819,43.54514],[-6.27358,43.54923],[-6.27106,43.54504],[-6.26327,43.54483],[-6.25919,43.54269],[-6.26253,43.53939],[-6.26659,43.54034],[-6.26675,43.53717],[-6.26921,43.53534],[-6.26466,43.53],[-6.27273,43.51326],[-6.27097,43.50924],[-6.2657,43.50708],[-6.26867,43.50288],[-6.2687,43.49539],[-6.25847,43.49161],[-6.25444,43.49519],[-6.23546,43.49573],[-6.23364,43.49148],[-6.22765,43.4883],[-6.23087,43.48773],[-6.22988,43.48168],[-6.2277,43.48196],[-6.22826,43.48048],[-6.22225,43.47618],[-6.21766,43.46754],[-6.22507,43.46171],[-6.23067,43.46076],[-6.22593,43.45539],[-6.19125,43.44978],[-6.18645,43.44473],[-6.18562,43.44122],[-6.18089,43.44304],[-6.17589,43.43774],[-6.17071,43.4377],[-6.16238,43.43222],[-6.16323,43.4248],[-6.15504,43.41694],[-6.15163,43.42021],[-6.1449,43.42058],[-6.14129,43.42697],[-6.14232,43.43393],[-6.13718,43.43927],[-6.12129,43.44401],[-6.11873,43.43494],[-6.11065,43.42907],[-6.11529,43.41078],[-6.10982,43.41004],[-6.10731,43.40711],[-6.10213,43.40552],[-6.09758,43.40631],[-6.09221,43.40183],[-6.08925,43.40697],[-6.08208,43.41232],[-6.07163,43.41094],[-6.06444,43.40222],[-6.03597,43.40275],[-6.0256,43.42183],[-6.02097,43.42463],[-6.01495,43.43269],[-6.01487,43.44034],[-6.01195,43.44696],[-6.00335,43.45473],[-5.98839,43.47343],[-5.97837,43.47497],[-5.97313,43.47151],[-5.96768,43.47236],[-5.96819,43.47474],[-5.95648,43.47979],[-5.95373,43.48642],[-5.94375,43.49126],[-5.94078,43.49222],[-5.93626,43.4889],[-5.91652,43.49807],[-5.90462,43.5011],[-5.89933,43.49342],[-5.88693,43.49228],[-5.85352,43.47827],[-5.84996,43.48214],[-5.84041,43.48519],[-5.82945,43.48008],[-5.826,43.48068],[-5.81526,43.49745],[-5.82123,43.50405],[-5.82491,43.50253],[-5.83912,43.50988],[-5.86281,43.52857],[-5.86301,43.53092],[-5.84707,43.54754],[-5.85491,43.55226],[-5.84214,43.56054],[-5.83267,43.56326],[-5.83297,43.56492],[-5.82253,43.57112],[-5.79897,43.58015],[-5.78154,43.5915],[-5.77563,43.59209],[-5.77409,43.59949],[-5.77073,43.6007],[-5.77119,43.60223],[-5.76765,43.60519],[-5.77108,43.60826],[-5.77567,43.6061],[-5.77527,43.60846],[-5.7779,43.6084],[-5.77676,43.60949],[-5.78105,43.61089],[-5.78086,43.61242],[-5.78465,43.61017],[-5.78457,43.61291],[-5.7883,43.61232],[-5.79097,43.6142],[-5.78585,43.61707],[-5.78604,43.61958],[-5.78287,43.61916],[-5.78622,43.62035],[-5.78155,43.62295],[-5.7805,43.62715],[-5.78348,43.63159],[-5.78733,43.62888],[-5.79048,43.63136],[-5.7937,43.62954],[-5.79367,43.63607],[-5.7955,43.63456],[-5.79736,43.63678],[-5.7989,43.6353],[-5.80411,43.63641],[-5.80672,43.63306],[-5.80992,43.63257],[-5.81134,43.64249],[-5.81367,43.63984],[-5.82237,43.64446],[-5.82496,43.64014],[-5.82987,43.64004],[-5.83115,43.64309],[-5.83482,43.64425],[-5.83401,43.64573],[-5.83575,43.6453],[-5.83403,43.65447],[-5.83691,43.65216],[-5.8403,43.65378],[-5.84262,43.65723],[-5.83999,43.66062],[-5.84121,43.66065],[-5.84539,43.65717],[-5.85281,43.65856],[-5.85323,43.65693],[-5.85885,43.65513],[-5.86168,43.64553],[-5.85851,43.64039],[-5.85917,43.63646],[-5.86712,43.63572],[-5.86667,43.63132],[-5.87754,43.62975],[-5.87835,43.62568],[-5.88774,43.62314],[-5.89544,43.62684],[-5.89875,43.62421],[-5.90073,43.62865],[-5.90155,43.62611],[-5.90674,43.62336],[-5.9138,43.6244],[-5.91607,43.61961],[-5.91114,43.61657],[-5.91607,43.61186],[-5.91396,43.60929],[-5.91801,43.60537],[-5.92791,43.59916],[-5.93354,43.60139],[-5.94803,43.59716],[-5.9447,43.59715],[-5.94634,43.59652],[-5.94496,43.59497],[-5.92859,43.59189],[-5.92955,43.58868],[-5.9308,43.59181],[-5.94633,43.59265],[-5.94115,43.59136],[-5.94186,43.58822],[-5.95633,43.57976],[-5.96425,43.57814],[-5.96713,43.57942],[-5.96644,43.58126],[-5.97223,43.57967],[-5.97424,43.582],[-5.9765,43.57878],[-5.98059,43.57761],[-5.98531,43.58011],[-5.98958,43.5774],[-5.99218,43.57928],[-5.99168,43.57678],[-5.99665,43.57409],[-5.99868,43.57474],[-5.99802,43.57833],[-6.0041,43.57964],[-6.00658,43.57806],[-6.00847,43.5811],[-6.01147,43.58017],[-6.01294,43.58253],[-6.017,43.58292],[-6.01727,43.58826],[-6.02217,43.58573],[-6.03706,43.58396],[-6.03518,43.58108],[-6.03678,43.57895],[-6.05217,43.572],[-6.0537,43.57168]]],[[[-6.05315,43.57525],[-6.05298,43.57531],[-6.05324,43.57558],[-6.05355,43.57558],[-6.05315,43.57525]]],[[[-5.99308,43.57674],[-5.99309,43.57693],[-5.99317,43.57713],[-5.99329,43.57717],[-5.99338,43.57711],[-5.99352,43.57694],[-5.99332,43.57681],[-5.99322,43.57677],[-5.99308,43.57674]]],[[[-6.00287,43.57958],[-6.00276,43.57963],[-6.00271,43.57988],[-6.00274,43.58007],[-6.00287,43.5801],[-6.00307,43.57984],[-6.00298,43.57965],[-6.00287,43.57958]]],[[[-6.03679,43.57986],[-6.03654,43.57998],[-6.03646,43.5801],[-6.03655,43.58017],[-6.03687,43.57998],[-6.03692,43.57988],[-6.03679,43.57986]]],[[[-6.03752,43.57976],[-6.03738,43.57992],[-6.03738,43.58008],[-6.03751,43.58032],[-6.03764,43.58039],[-6.03773,43.58032],[-6.03774,43.58],[-6.03765,43.57991],[-6.03764,43.57979],[-6.03752,43.57976]]],[[[-6.03625,43.5802],[-6.03613,43.58023],[-6.03603,43.58029],[-6.03601,43.58032],[-6.03605,43.58041],[-6.03619,43.58041],[-6.0363,43.58035],[-6.03634,43.58026],[-6.03625,43.5802]]],[[[-5.9703,43.58074],[-5.9702,43.58077],[-5.97028,43.58084],[-5.9704,43.5808],[-5.9703,43.58074]]],[[[-6.03717,43.58095],[-6.03705,43.581],[-6.03719,43.58116],[-6.03732,43.58124],[-6.03746,43.58127],[-6.03758,43.58124],[-6.03753,43.58115],[-6.03731,43.58102],[-6.03717,43.58095]]],[[[-5.9684,43.58104],[-5.96829,43.58112],[-5.96829,43.58122],[-5.96817,43.58126],[-5.9681,43.58137],[-5.96824,43.5814],[-5.96837,43.58135],[-5.96844,43.58117],[-5.96851,43.58109],[-5.9684,43.58104]]],[[[-6.00904,43.58096],[-6.00891,43.58102],[-6.009,43.58112],[-6.00905,43.58119],[-6.00919,43.58116],[-6.00924,43.58105],[-6.00919,43.58097],[-6.00904,43.58096]]],[[[-6.03795,43.58171],[-6.03788,43.58174],[-6.03788,43.58184],[-6.03796,43.58191],[-6.03808,43.58192],[-6.03821,43.58188],[-6.03819,43.58177],[-6.03809,43.58172],[-6.03795,43.58171]]],[[[-6.01272,43.58292],[-6.01256,43.58297],[-6.0125,43.58299],[-6.01244,43.58309],[-6.01255,43.58316],[-6.01256,43.58325],[-6.01268,43.58321],[-6.01274,43.58301],[-6.01272,43.58292]]],[[[-6.03709,43.58286],[-6.03694,43.58288],[-6.03685,43.58296],[-6.03679,43.5831],[-6.03705,43.58332],[-6.03717,43.58326],[-6.03716,43.58294],[-6.03709,43.58286]]],[[[-6.03491,43.58349],[-6.03477,43.5835],[-6.03483,43.58373],[-6.03492,43.58381],[-6.03504,43.58376],[-6.03504,43.58365],[-6.03491,43.58349]]],[[[-6.03543,43.58357],[-6.0353,43.58361],[-6.03526,43.5838],[-6.03537,43.58387],[-6.03562,43.58396],[-6.03573,43.58393],[-6.03566,43.58371],[-6.03543,43.58357]]],[[[-6.03684,43.58405],[-6.03673,43.58409],[-6.03671,43.58431],[-6.03677,43.58441],[-6.03687,43.58435],[-6.03699,43.58438],[-6.03699,43.58428],[-6.03697,43.58408],[-6.03684,43.58405]]],[[[-6.03263,43.58452],[-6.03255,43.58459],[-6.03263,43.58469],[-6.03273,43.58473],[-6.03283,43.58465],[-6.03274,43.58458],[-6.03263,43.58452]]],[[[-6.03452,43.58476],[-6.03448,43.58485],[-6.03447,43.58494],[-6.0346,43.585],[-6.03467,43.58494],[-6.03463,43.58483],[-6.03464,43.58481],[-6.03452,43.58476]]],[[[-6.01656,43.58539],[-6.01649,43.58547],[-6.01643,43.58556],[-6.01655,43.58556],[-6.01665,43.5855],[-6.01669,43.58539],[-6.01656,43.58539]]],[[[-6.02472,43.58643],[-6.02463,43.58649],[-6.02462,43.58649],[-6.02468,43.58657],[-6.02483,43.5865],[-6.02487,43.58643],[-6.02472,43.58643]]],[[[-6.02871,43.58667],[-6.02844,43.58673],[-6.0285,43.58681],[-6.02894,43.58678],[-6.02902,43.58669],[-6.02871,43.58667]]],[[[-6.02245,43.58656],[-6.02234,43.58665],[-6.0224,43.58693],[-6.02252,43.58696],[-6.02266,43.58677],[-6.02265,43.58667],[-6.0226,43.58657],[-6.02245,43.58656]]],[[[-6.02798,43.58672],[-6.02784,43.58678],[-6.02768,43.58685],[-6.02781,43.5869],[-6.02796,43.58692],[-6.02812,43.58689],[-6.02817,43.5868],[-6.02812,43.58671],[-6.02798,43.58672]]],[[[-6.02481,43.587],[-6.02467,43.58708],[-6.02447,43.58711],[-6.02434,43.5871],[-6.02429,43.58718],[-6.02438,43.58728],[-6.02439,43.58737],[-6.02451,43.58737],[-6.02471,43.58722],[-6.02485,43.5872],[-6.02497,43.58714],[-6.02494,43.58704],[-6.02481,43.587]]],[[[-6.02374,43.58712],[-6.02361,43.58716],[-6.02355,43.58722],[-6.02368,43.58726],[-6.02382,43.58722],[-6.02387,43.58712],[-6.02374,43.58712]]],[[[-6.0195,43.58755],[-6.0194,43.58763],[-6.0194,43.5877],[-6.01955,43.58769],[-6.01962,43.58761],[-6.0195,43.58755]]],[[[-6.02778,43.58758],[-6.02778,43.58768],[-6.02792,43.58771],[-6.02819,43.5877],[-6.02829,43.58764],[-6.02817,43.58758],[-6.02803,43.58757],[-6.02778,43.58758]]],[[[-6.02501,43.58753],[-6.02485,43.58755],[-6.02484,43.58769],[-6.02495,43.58778],[-6.02508,43.58777],[-6.02515,43.58768],[-6.02512,43.58759],[-6.02501,43.58753]]],[[[-6.01861,43.58824],[-6.01847,43.58827],[-6.01839,43.58838],[-6.01839,43.58841],[-6.01851,43.58849],[-6.01863,43.58843],[-6.0187,43.58833],[-6.01861,43.58824]]],[[[-6.03378,43.58836],[-6.03366,43.58842],[-6.03365,43.58851],[-6.03379,43.58848],[-6.03388,43.58841],[-6.03378,43.58836]]],[[[-6.01973,43.58834],[-6.01961,43.58844],[-6.01956,43.58854],[-6.0197,43.58857],[-6.01981,43.5885],[-6.01985,43.58839],[-6.01973,43.58834]]],[[[-6.01906,43.58784],[-6.01899,43.58795],[-6.01896,43.58802],[-6.01909,43.58803],[-6.01916,43.58795],[-6.0192,43.58786],[-6.01906,43.58784]]],[[[-6.02023,43.58799],[-6.02013,43.58805],[-6.02003,43.58813],[-6.01997,43.58819],[-6.01999,43.58829],[-6.02014,43.58825],[-6.02034,43.58812],[-6.02038,43.58802],[-6.02023,43.58799]]],[[[-6.02096,43.58752],[-6.02094,43.58753],[-6.02082,43.58756],[-6.02056,43.58772],[-6.02045,43.58788],[-6.02058,43.58788],[-6.02094,43.58765],[-6.02102,43.5876],[-6.02096,43.58752]]],[[[-6.02082,43.58786],[-6.02075,43.58794],[-6.02084,43.58803],[-6.02095,43.58803],[-6.02098,43.58803],[-6.02102,43.58794],[-6.02094,43.58786],[-6.02082,43.58786]]],[[[-6.0233,43.58787],[-6.0232,43.58793],[-6.02328,43.58803],[-6.02329,43.58807],[-6.02342,43.58811],[-6.02345,43.58801],[-6.0234,43.58792],[-6.0233,43.58787]]],[[[-6.03343,43.58858],[-6.03332,43.58867],[-6.03339,43.58873],[-6.03348,43.58866],[-6.03343,43.58858]]],[[[-6.03285,43.59162],[-6.03223,43.59277],[-6.03311,43.59165],[-6.03285,43.59162]]],[[[-6.0305,43.58978],[-6.03037,43.5898],[-6.03036,43.58992],[-6.03047,43.58995],[-6.03054,43.58986],[-6.0305,43.58978]]],[[[-6.03369,43.58881],[-6.03054,43.59191],[-6.03353,43.59144],[-6.03372,43.58892],[-6.03369,43.58881]]],[[[-5.76516,43.60502],[-5.76774,43.60724],[-5.76532,43.60502],[-5.76516,43.60502]]],[[[-5.77067,43.60852],[-5.77068,43.6086],[-5.77082,43.60869],[-5.77097,43.60875],[-5.771,43.60868],[-5.77101,43.60855],[-5.77101,43.60855],[-5.77096,43.60852],[-5.77083,43.60851],[-5.77067,43.60852]]],[[[-5.91545,43.60853],[-5.91532,43.60857],[-5.91516,43.60872],[-5.91516,43.60883],[-5.91529,43.60884],[-5.91537,43.60872],[-5.91545,43.60853]]],[[[-5.77576,43.60914],[-5.77561,43.60918],[-5.77561,43.60928],[-5.77574,43.60935],[-5.7759,43.60931],[-5.7759,43.6092],[-5.77576,43.60914]]],[[[-5.78421,43.61137],[-5.78406,43.61141],[-5.78394,43.61149],[-5.78384,43.61157],[-5.78366,43.6116],[-5.78358,43.61169],[-5.78348,43.6118],[-5.78338,43.61189],[-5.7834,43.61195],[-5.7835,43.61205],[-5.78364,43.61205],[-5.78377,43.61199],[-5.78393,43.61189],[-5.78408,43.61178],[-5.78422,43.61172],[-5.78435,43.61163],[-5.78438,43.61152],[-5.78437,43.61148],[-5.78435,43.61144],[-5.78421,43.61137]]],[[[-5.77945,43.6129],[-5.78079,43.61366],[-5.77961,43.61295],[-5.77945,43.6129]]],[[[-5.78667,43.61603],[-5.78651,43.61606],[-5.78636,43.6161],[-5.78622,43.61617],[-5.78609,43.61626],[-5.7861,43.61637],[-5.78619,43.61641],[-5.78641,43.61636],[-5.78646,43.61635],[-5.78663,43.61632],[-5.78677,43.61624],[-5.78679,43.61612],[-5.78667,43.61603]]],[[[-5.91551,43.62325],[-5.91538,43.62327],[-5.91527,43.62333],[-5.91519,43.62345],[-5.9152,43.6236],[-5.91532,43.6236],[-5.91551,43.62335],[-5.91551,43.62325]]],[[[-5.90467,43.62499],[-5.90454,43.62504],[-5.90449,43.62515],[-5.90449,43.62527],[-5.90462,43.62523],[-5.9047,43.62516],[-5.90474,43.62507],[-5.90467,43.62499]]],[[[-5.89747,43.62671],[-5.89729,43.62675],[-5.89719,43.62683],[-5.89732,43.62684],[-5.89744,43.6268],[-5.89747,43.62671]]],[[[-5.89654,43.6269],[-5.89656,43.627],[-5.89663,43.62709],[-5.89672,43.62704],[-5.89669,43.62693],[-5.89668,43.62691],[-5.89654,43.6269]]],[[[-5.88995,43.62764],[-5.88981,43.62767],[-5.88974,43.62776],[-5.8897,43.62786],[-5.88982,43.62788],[-5.88992,43.62779],[-5.88999,43.62774],[-5.88995,43.62764]]],[[[-5.8903,43.6286],[-5.89013,43.62891],[-5.89014,43.62904],[-5.89026,43.62902],[-5.89035,43.62894],[-5.89042,43.62866],[-5.8903,43.6286]]],[[[-5.90028,43.62875],[-5.90024,43.62884],[-5.90031,43.62892],[-5.9004,43.62899],[-5.90042,43.6289],[-5.9004,43.62879],[-5.9004,43.62875],[-5.90028,43.62875]]],[[[-5.89692,43.62655],[-5.8969,43.62674],[-5.89693,43.62687],[-5.89709,43.62691],[-5.89704,43.62673],[-5.89706,43.62654],[-5.89692,43.62655]]],[[[-5.89008,43.62861],[-5.88986,43.62873],[-5.88962,43.62882],[-5.88945,43.62897],[-5.88945,43.62911],[-5.88956,43.62916],[-5.88985,43.62916],[-5.88998,43.62909],[-5.89012,43.6287],[-5.89008,43.62861]]],[[[-5.87852,43.62998],[-5.87844,43.63006],[-5.87843,43.6302],[-5.87849,43.63032],[-5.87861,43.63034],[-5.87872,43.63028],[-5.87875,43.63019],[-5.87865,43.63002],[-5.87852,43.62998]]],[[[-5.87942,43.63045],[-5.87919,43.63055],[-5.87907,43.63055],[-5.87905,43.63065],[-5.8792,43.63067],[-5.87943,43.63062],[-5.87949,43.63053],[-5.87942,43.63045]]],[[[-5.88083,43.6311],[-5.88071,43.63113],[-5.8806,43.63121],[-5.8805,43.63126],[-5.88051,43.63135],[-5.88081,43.63136],[-5.88093,43.63117],[-5.88083,43.6311]]],[[[-5.79307,43.63332],[-5.79292,43.63336],[-5.79292,43.63348],[-5.79301,43.63355],[-5.79308,43.63352],[-5.79313,43.63341],[-5.79307,43.63332]]],[[[-5.8803,43.63054],[-5.88014,43.63071],[-5.88005,43.63065],[-5.87993,43.6307],[-5.87979,43.63087],[-5.88001,43.63098],[-5.88022,43.63103],[-5.88034,43.63098],[-5.88043,43.63069],[-5.8804,43.6306],[-5.8803,43.63054]]],[[[-5.88063,43.6307],[-5.88058,43.6308],[-5.88058,43.63083],[-5.88065,43.63091],[-5.88073,43.63084],[-5.88075,43.63073],[-5.88063,43.6307]]],[[[-5.88114,43.63087],[-5.88103,43.63094],[-5.88102,43.63095],[-5.88098,43.63104],[-5.8811,43.63104],[-5.8812,43.63098],[-5.88127,43.63088],[-5.88114,43.63087]]],[[[-5.86259,43.64366],[-5.86248,43.64372],[-5.86243,43.64381],[-5.86252,43.64389],[-5.86264,43.64381],[-5.86273,43.64375],[-5.86273,43.64367],[-5.86259,43.64366]]],[[[-5.86644,43.64374],[-5.86631,43.64381],[-5.86628,43.64386],[-5.86626,43.64395],[-5.86638,43.64398],[-5.86649,43.64392],[-5.86651,43.64382],[-5.86644,43.64374]]],[[[-5.86202,43.64905],[-5.8619,43.6491],[-5.86188,43.64919],[-5.86199,43.64916],[-5.86211,43.6491],[-5.86202,43.64905]]],[[[-5.86369,43.64925],[-5.86361,43.64934],[-5.86358,43.64942],[-5.8637,43.64946],[-5.86379,43.64939],[-5.86383,43.64928],[-5.86369,43.64925]]],[[[-5.86242,43.64913],[-5.86226,43.64914],[-5.86211,43.64921],[-5.86201,43.64927],[-5.86198,43.64937],[-5.86212,43.64936],[-5.86239,43.64922],[-5.86242,43.64913]]],[[[-5.86881,43.63327],[-5.86859,43.63343],[-5.86853,43.63357],[-5.86863,43.63363],[-5.86874,43.63357],[-5.86892,43.63331],[-5.86881,43.63327]]],[[[-5.87204,43.63346],[-5.87195,43.63353],[-5.87198,43.63366],[-5.87208,43.63375],[-5.87217,43.63369],[-5.87219,43.63359],[-5.87216,43.63349],[-5.87204,43.63346]]],[[[-5.86356,43.66136],[-5.86352,43.66144],[-5.86365,43.66152],[-5.86373,43.66153],[-5.8638,43.66145],[-5.86371,43.66137],[-5.86356,43.66136]]],[[[-5.86717,43.66228],[-5.86706,43.66232],[-5.86706,43.66243],[-5.86708,43.66248],[-5.86715,43.66255],[-5.86725,43.66247],[-5.86726,43.66236],[-5.86717,43.66228]]],[[[-5.8669,43.66351],[-5.86681,43.6636],[-5.86681,43.66361],[-5.86689,43.6637],[-5.867,43.66366],[-5.867,43.66357],[-5.8669,43.66351]]],[[[-5.86509,43.66382],[-5.86506,43.66392],[-5.86513,43.664],[-5.86525,43.66397],[-5.86526,43.66388],[-5.86523,43.66384],[-5.86509,43.66382]]],[[[-5.86286,43.66297],[-5.86273,43.66298],[-5.86271,43.66307],[-5.86277,43.66317],[-5.86286,43.66323],[-5.86297,43.66315],[-5.86295,43.66306],[-5.86286,43.66297]]],[[[-5.86274,43.66262],[-5.86272,43.66273],[-5.86272,43.66275],[-5.86285,43.66277],[-5.86286,43.66266],[-5.86274,43.66262]]],[[[-5.86714,43.66276],[-5.867,43.66277],[-5.86693,43.66284],[-5.8669,43.66296],[-5.86689,43.66306],[-5.86697,43.66314],[-5.86705,43.66306],[-5.86707,43.66285],[-5.86714,43.66276]]],[[[-5.86134,43.66601],[-5.86105,43.66618],[-5.86099,43.66648],[-5.86112,43.66653],[-5.86135,43.66645],[-5.86151,43.66641],[-5.86153,43.66631],[-5.86169,43.66613],[-5.86165,43.66604],[-5.8615,43.66601],[-5.86134,43.66601]]],[[[-5.86448,43.66533],[-5.86444,43.66541],[-5.86455,43.66548],[-5.86468,43.66548],[-5.86474,43.6654],[-5.86461,43.66534],[-5.86448,43.66533]]],[[[-5.86522,43.6654],[-5.86511,43.66547],[-5.86518,43.66556],[-5.8653,43.66559],[-5.8654,43.66551],[-5.86527,43.66543],[-5.86522,43.6654]]],[[[-5.86141,43.66538],[-5.86139,43.66548],[-5.86142,43.66557],[-5.86156,43.66558],[-5.86153,43.66547],[-5.86151,43.66544],[-5.86141,43.66538]]],[[[-5.86187,43.66546],[-5.86174,43.66548],[-5.86179,43.66557],[-5.86192,43.66558],[-5.86189,43.66547],[-5.86187,43.66546]]],[[[-5.83826,43.66397],[-5.83812,43.66401],[-5.83798,43.66409],[-5.83782,43.66411],[-5.83765,43.66414],[-5.83757,43.66424],[-5.83775,43.66425],[-5.83792,43.66425],[-5.83786,43.66437],[-5.83781,43.66448],[-5.83785,43.6646],[-5.83791,43.66469],[-5.83802,43.66468],[-5.83816,43.66462],[-5.83833,43.6646],[-5.83843,43.66447],[-5.83845,43.66432],[-5.83836,43.66424],[-5.83819,43.66426],[-5.83817,43.66412],[-5.83828,43.66404],[-5.83826,43.66397]]],[[[-5.8656,43.66432],[-5.86547,43.66437],[-5.86543,43.66442],[-5.86551,43.6645],[-5.86561,43.66443],[-5.8656,43.66432]]],[[[-5.83753,43.66447],[-5.83737,43.66455],[-5.83726,43.66463],[-5.83721,43.66474],[-5.83729,43.66484],[-5.83739,43.66477],[-5.83751,43.66468],[-5.83758,43.66458],[-5.83753,43.66447]]],[[[-5.86498,43.66413],[-5.86479,43.66449],[-5.86469,43.66475],[-5.86476,43.66483],[-5.86515,43.66463],[-5.86531,43.66425],[-5.86525,43.66416],[-5.86512,43.66413],[-5.86498,43.66413]]],[[[-5.83944,43.66209],[-5.83931,43.66219],[-5.83921,43.66231],[-5.83912,43.6624],[-5.83909,43.66251],[-5.83914,43.66252],[-5.83929,43.66246],[-5.83944,43.66239],[-5.83957,43.6623],[-5.83957,43.66217],[-5.83944,43.66209]]],[[[-5.86405,43.66173],[-5.86343,43.66455],[-5.86598,43.66332],[-5.86435,43.66174],[-5.86405,43.66173]]],[[[-5.83465,43.64951],[-5.83457,43.64957],[-5.83464,43.64968],[-5.83473,43.64971],[-5.83484,43.6496],[-5.83482,43.64953],[-5.83465,43.64951]]],[[[-5.86346,43.64952],[-5.86332,43.64953],[-5.8633,43.64962],[-5.86337,43.6497],[-5.86351,43.64973],[-5.86361,43.64967],[-5.8636,43.64956],[-5.86346,43.64952]]],[[[-5.83456,43.6498],[-5.83446,43.64989],[-5.83447,43.65001],[-5.83461,43.65006],[-5.83472,43.64996],[-5.83472,43.64982],[-5.83456,43.6498]]],[[[-5.8344,43.65022],[-5.83431,43.65034],[-5.83424,43.65044],[-5.83425,43.65057],[-5.83437,43.65066],[-5.8344,43.65053],[-5.83446,43.6504],[-5.83448,43.65028],[-5.8344,43.65022]]],[[[-5.86324,43.65336],[-5.86315,43.65343],[-5.86313,43.65345],[-5.86313,43.65355],[-5.86325,43.6535],[-5.86333,43.65343],[-5.86324,43.65336]]],[[[-5.83348,43.65443],[-5.83348,43.65458],[-5.83368,43.65458],[-5.83369,43.65446],[-5.83348,43.65443]]],[[[-5.86033,43.65499],[-5.86023,43.65506],[-5.8603,43.65515],[-5.86044,43.65512],[-5.86056,43.65507],[-5.86051,43.65499],[-5.86037,43.65499],[-5.86033,43.65499]]],[[[-5.85854,43.65585],[-5.8584,43.65589],[-5.85831,43.65595],[-5.85839,43.65602],[-5.8585,43.65598],[-5.85862,43.65593],[-5.85854,43.65585]]],[[[-5.85899,43.65511],[-5.85895,43.6552],[-5.85894,43.65525],[-5.85905,43.65531],[-5.85913,43.65524],[-5.85913,43.65513],[-5.85899,43.65511]]],[[[-5.85814,43.65654],[-5.85808,43.65655],[-5.85797,43.65662],[-5.85806,43.6567],[-5.85818,43.65667],[-5.85826,43.65658],[-5.85814,43.65654]]],[[[-5.85946,43.65672],[-5.85933,43.65677],[-5.8593,43.6568],[-5.85925,43.6569],[-5.85938,43.65689],[-5.85949,43.65683],[-5.85959,43.65676],[-5.85946,43.65672]]],[[[-5.85554,43.65668],[-5.85579,43.65831],[-5.85566,43.65668],[-5.85554,43.65668]]],[[[-5.8547,43.658],[-5.85465,43.65811],[-5.85467,43.65819],[-5.85479,43.6582],[-5.85483,43.65811],[-5.85483,43.65801],[-5.8547,43.658]]],[[[-5.85952,43.65958],[-5.85939,43.65961],[-5.85935,43.6597],[-5.85941,43.6598],[-5.85954,43.65985],[-5.85966,43.65982],[-5.85968,43.65973],[-5.85964,43.65963],[-5.85952,43.65958]]],[[[-5.8606,43.66057],[-5.86057,43.66058],[-5.86052,43.66067],[-5.86063,43.66074],[-5.86077,43.6607],[-5.86075,43.6606],[-5.8606,43.66057]]],[[[-6.34484,43.55832],[-6.34474,43.55833],[-6.34451,43.55844],[-6.34459,43.55855],[-6.34462,43.55862],[-6.34471,43.55865],[-6.34484,43.55866],[-6.34497,43.55868],[-6.34508,43.55867],[-6.34518,43.55864],[-6.34523,43.55859],[-6.34522,43.55852],[-6.34518,43.55844],[-6.34509,43.55837],[-6.34497,43.55833],[-6.34484,43.55832]]],[[[-6.33923,43.55964],[-6.33912,43.55966],[-6.339,43.5597],[-6.33889,43.55975],[-6.33879,43.5598],[-6.33871,43.55987],[-6.33863,43.55994],[-6.33853,43.56],[-6.33849,43.56004],[-6.33849,43.56007],[-6.33853,43.56011],[-6.33861,43.56009],[-6.33871,43.56003],[-6.3388,43.55997],[-6.3389,43.5599],[-6.33914,43.55974],[-6.33927,43.55966],[-6.33923,43.55964]]],[[[-6.33954,43.55985],[-6.33942,43.5599],[-6.3393,43.55992],[-6.33917,43.55994],[-6.33907,43.55999],[-6.33898,43.56007],[-6.3389,43.56013],[-6.33873,43.56023],[-6.33881,43.56037],[-6.33892,43.56042],[-6.33902,43.56047],[-6.33913,43.56051],[-6.33923,43.56052],[-6.33935,43.5605],[-6.33946,43.56044],[-6.33954,43.56037],[-6.3396,43.56028],[-6.33968,43.56022],[-6.33977,43.56015],[-6.33981,43.5601],[-6.33982,43.56004],[-6.33977,43.55995],[-6.33972,43.55989],[-6.33964,43.55986],[-6.33954,43.55985]]],[[[-6.34113,43.55994],[-6.34098,43.56012],[-6.34098,43.56017],[-6.34106,43.56024],[-6.34111,43.56029],[-6.34112,43.56038],[-6.34115,43.56045],[-6.34121,43.56049],[-6.3413,43.56051],[-6.34141,43.56048],[-6.3415,43.56043],[-6.3416,43.56034],[-6.34163,43.56029],[-6.34161,43.5602],[-6.34157,43.5601],[-6.34151,43.56001],[-6.34145,43.55998],[-6.34113,43.55994]]],[[[-6.12334,43.56027],[-6.12323,43.56037],[-6.12324,43.5604],[-6.12334,43.56045],[-6.1234,43.56036],[-6.12334,43.56027]]],[[[-6.13056,43.56044],[-6.13059,43.56053],[-6.13069,43.56049],[-6.13068,43.56048],[-6.13056,43.56044]]],[[[-6.12725,43.56015],[-6.12718,43.56022],[-6.12714,43.56044],[-6.12712,43.56059],[-6.12718,43.56069],[-6.12723,43.56061],[-6.12729,43.56041],[-6.12736,43.56032],[-6.12736,43.56022],[-6.12725,43.56015]]],[[[-6.1281,43.5606],[-6.12802,43.56069],[-6.12801,43.56072],[-6.12811,43.56079],[-6.12813,43.5607],[-6.1281,43.5606]]],[[[-6.12633,43.56065],[-6.12633,43.56075],[-6.12645,43.56078],[-6.12645,43.56067],[-6.12633,43.56065]]],[[[-6.33987,43.56086],[-6.33981,43.5609],[-6.33979,43.56095],[-6.33983,43.56104],[-6.33991,43.56111],[-6.33998,43.56116],[-6.34007,43.56116],[-6.34013,43.56114],[-6.34017,43.56111],[-6.34002,43.56088],[-6.33987,43.56086]]],[[[-6.12812,43.56092],[-6.12798,43.56094],[-6.12799,43.56105],[-6.12799,43.56106],[-6.12809,43.56111],[-6.12812,43.56101],[-6.12812,43.56092]]],[[[-6.12838,43.56117],[-6.12838,43.56118],[-6.12843,43.56127],[-6.1285,43.56119],[-6.12838,43.56117]]],[[[-6.12502,43.56132],[-6.12491,43.56136],[-6.1249,43.56146],[-6.125,43.56151],[-6.12513,43.56153],[-6.12521,43.56161],[-6.12538,43.56148],[-6.12531,43.56139],[-6.12515,43.56132],[-6.12502,43.56132]]],[[[-6.33802,43.56187],[-6.33798,43.56191],[-6.338,43.56198],[-6.33806,43.56205],[-6.33813,43.56208],[-6.33824,43.5621],[-6.33831,43.56208],[-6.33836,43.56204],[-6.33835,43.56199],[-6.3381,43.56187],[-6.33802,43.56187]]],[[[-6.12805,43.56139],[-6.12794,43.56142],[-6.12794,43.56152],[-6.12803,43.56158],[-6.12806,43.56148],[-6.12805,43.56139]]],[[[-6.33259,43.56173],[-6.33247,43.56177],[-6.33234,43.56182],[-6.3323,43.56186],[-6.33217,43.56186],[-6.3321,43.56185],[-6.33202,43.56186],[-6.33195,43.56193],[-6.33186,43.56216],[-6.33205,43.56226],[-6.33216,43.56228],[-6.33227,43.56225],[-6.33238,43.5622],[-6.3325,43.56215],[-6.33261,43.56211],[-6.33272,43.56205],[-6.33281,43.56198],[-6.33286,43.5619],[-6.33284,43.56182],[-6.3328,43.56176],[-6.33272,43.56173],[-6.33259,43.56173]]],[[[-6.33187,43.56228],[-6.3316,43.5623],[-6.33153,43.56238],[-6.33152,43.56244],[-6.33155,43.56248],[-6.33161,43.56251],[-6.33171,43.5625],[-6.33182,43.56244],[-6.33188,43.56239],[-6.3319,43.56232],[-6.33187,43.56228]]],[[[-6.32832,43.56223],[-6.3282,43.56225],[-6.3281,43.56228],[-6.32801,43.56232],[-6.32797,43.56243],[-6.32796,43.56252],[-6.32792,43.56261],[-6.3279,43.56269],[-6.32794,43.56282],[-6.3281,43.56293],[-6.32817,43.56294],[-6.32827,43.56293],[-6.32839,43.56287],[-6.32847,43.56282],[-6.32856,43.56275],[-6.32863,43.56267],[-6.32866,43.56258],[-6.32867,43.56249],[-6.32866,43.5624],[-6.32862,43.56231],[-6.32858,43.56226],[-6.32845,43.56223],[-6.32832,43.56223]]],[[[-6.32731,43.5628],[-6.32706,43.56299],[-6.32707,43.56314],[-6.32711,43.56318],[-6.32722,43.56321],[-6.32734,43.56322],[-6.32747,43.5632],[-6.32756,43.56313],[-6.32763,43.56306],[-6.32767,43.56297],[-6.32766,43.56289],[-6.32762,43.56285],[-6.3275,43.56281],[-6.32737,43.5628],[-6.32731,43.5628]]],[[[-6.32537,43.5629],[-6.32524,43.56293],[-6.32516,43.56295],[-6.32492,43.56323],[-6.32494,43.56331],[-6.32494,43.56335],[-6.32501,43.56339],[-6.32514,43.5634],[-6.32527,43.5634],[-6.32541,43.56339],[-6.32553,43.56338],[-6.32564,43.56334],[-6.32575,43.56328],[-6.32582,43.56321],[-6.32588,43.56314],[-6.32589,43.56308],[-6.32582,43.56299],[-6.32574,43.56293],[-6.32564,43.5629],[-6.32551,43.56289],[-6.32537,43.5629]]],[[[-6.32407,43.56317],[-6.32401,43.56319],[-6.32396,43.56327],[-6.32392,43.56336],[-6.32392,43.56345],[-6.32391,43.56355],[-6.32391,43.56365],[-6.324,43.56389],[-6.32417,43.56395],[-6.32422,43.56395],[-6.32424,43.56388],[-6.32421,43.56379],[-6.32419,43.56374],[-6.32424,43.56365],[-6.32427,43.5636],[-6.32427,43.56351],[-6.32425,43.56342],[-6.32425,43.56332],[-6.32423,43.56325],[-6.32414,43.56319],[-6.32407,43.56317]]],[[[-6.31685,43.5638],[-6.31676,43.56385],[-6.31667,43.56392],[-6.31663,43.564],[-6.31663,43.56403],[-6.31674,43.56407],[-6.31679,43.56407],[-6.31682,43.56414],[-6.31681,43.56418],[-6.31694,43.56431],[-6.31715,43.56433],[-6.31728,43.56434],[-6.31736,43.56433],[-6.31744,43.56429],[-6.31746,43.56424],[-6.31743,43.56417],[-6.31735,43.56411],[-6.31729,43.56402],[-6.31722,43.56395],[-6.31713,43.56388],[-6.31703,43.56383],[-6.31693,43.5638],[-6.31685,43.5638]]],[[[-6.183,43.56478],[-6.18287,43.56481],[-6.1828,43.56492],[-6.18278,43.56499],[-6.18277,43.56502],[-6.18281,43.56506],[-6.18283,43.56507],[-6.18286,43.56507],[-6.18293,43.56497],[-6.18298,43.56489],[-6.183,43.56478]]],[[[-6.14561,43.56476],[-6.14549,43.56481],[-6.14541,43.56506],[-6.1454,43.56514],[-6.14552,43.56518],[-6.1457,43.56502],[-6.14572,43.56483],[-6.14561,43.56476]]],[[[-6.13562,43.56491],[-6.13549,43.56495],[-6.13547,43.56495],[-6.13536,43.565],[-6.13545,43.56506],[-6.13557,43.56501],[-6.13562,43.56491]]],[[[-6.30503,43.56445],[-6.30488,43.56448],[-6.30482,43.56456],[-6.3048,43.56466],[-6.30481,43.56475],[-6.30485,43.56484],[-6.30493,43.56489],[-6.30503,43.56492],[-6.30513,43.56491],[-6.30522,43.56486],[-6.30529,43.5648],[-6.30533,43.56472],[-6.30531,43.56462],[-6.30525,43.56453],[-6.30521,43.5645],[-6.30503,43.56445]]],[[[-6.32079,43.56353],[-6.32076,43.56488],[-6.32089,43.56353],[-6.32079,43.56353]]],[[[-6.32207,43.56459],[-6.32207,43.56472],[-6.32207,43.56478],[-6.32212,43.56482],[-6.32221,43.56483],[-6.32228,43.56482],[-6.32234,43.56478],[-6.32237,43.56469],[-6.32236,43.56461],[-6.32233,43.56458],[-6.32207,43.56459]]],[[[-6.32175,43.56483],[-6.32164,43.56489],[-6.32162,43.56498],[-6.32162,43.56508],[-6.32164,43.56515],[-6.32171,43.5652],[-6.32182,43.56523],[-6.32196,43.56525],[-6.32206,43.56523],[-6.32217,43.56518],[-6.32221,43.56512],[-6.32221,43.56505],[-6.32217,43.56498],[-6.32207,43.56493],[-6.32175,43.56483]]],[[[-6.13538,43.56512],[-6.13533,43.56519],[-6.13545,43.56522],[-6.13552,43.56513],[-6.13538,43.56512]]],[[[-6.13812,43.56478],[-6.13781,43.5648],[-6.13762,43.56485],[-6.13755,43.56495],[-6.13758,43.56505],[-6.13793,43.56518],[-6.13806,43.56514],[-6.13817,43.5652],[-6.13825,43.56512],[-6.1384,43.56511],[-6.13841,43.56501],[-6.13835,43.56491],[-6.13812,43.56478]]],[[[-6.30304,43.56508],[-6.30293,43.56512],[-6.30284,43.56518],[-6.30277,43.56523],[-6.30275,43.56532],[-6.30289,43.56531],[-6.303,43.56527],[-6.3031,43.56524],[-6.30315,43.56519],[-6.30314,43.56513],[-6.30312,43.56509],[-6.30304,43.56508]]],[[[-6.13914,43.56532],[-6.139,43.56535],[-6.13895,43.56536],[-6.13885,43.56544],[-6.13899,43.56546],[-6.13911,43.56543],[-6.13914,43.56532]]],[[[-6.13761,43.5658],[-6.13765,43.56589],[-6.13778,43.56595],[-6.13773,43.56585],[-6.13772,43.56582],[-6.13761,43.5658]]],[[[-6.14911,43.56536],[-6.14902,43.56544],[-6.149,43.56551],[-6.14899,43.56558],[-6.14899,43.56564],[-6.14899,43.56568],[-6.14901,43.56572],[-6.14904,43.56574],[-6.14909,43.56574],[-6.14914,43.56573],[-6.14916,43.56565],[-6.14918,43.56546],[-6.14911,43.56536]]],[[[-6.13918,43.56553],[-6.13907,43.56558],[-6.13912,43.56566],[-6.13926,43.56566],[-6.1393,43.56557],[-6.13918,43.56554],[-6.13918,43.56553]]],[[[-6.13875,43.56555],[-6.13871,43.56557],[-6.13873,43.56567],[-6.13886,43.56566],[-6.13888,43.56556],[-6.13875,43.56555]]],[[[-6.3083,43.56684],[-6.30821,43.5669],[-6.30817,43.56696],[-6.30816,43.56703],[-6.30822,43.56708],[-6.30832,43.56711],[-6.30843,43.56712],[-6.30855,43.56709],[-6.30861,43.56705],[-6.30863,43.56698],[-6.30862,43.56693],[-6.30846,43.56685],[-6.3083,43.56684]]],[[[-6.17328,43.56799],[-6.17313,43.56804],[-6.17302,43.56813],[-6.17301,43.56826],[-6.17315,43.56824],[-6.17335,43.5681],[-6.17341,43.568],[-6.17328,43.56799]]],[[[-6.30086,43.56736],[-6.30075,43.56737],[-6.30064,43.56742],[-6.30055,43.5675],[-6.30047,43.56757],[-6.30043,43.56761],[-6.3005,43.56778],[-6.30069,43.56778],[-6.3008,43.56773],[-6.30091,43.56767],[-6.30098,43.56761],[-6.30101,43.56752],[-6.30099,43.56745],[-6.30094,43.56739],[-6.30086,43.56736]]],[[[-6.30151,43.56718],[-6.30126,43.5672],[-6.30122,43.56724],[-6.30118,43.56734],[-6.30119,43.56741],[-6.30123,43.56747],[-6.30133,43.56751],[-6.30143,43.56752],[-6.30152,43.5675],[-6.30161,43.56743],[-6.30163,43.56739],[-6.30151,43.56718]]],[[[-6.3087,43.56737],[-6.30861,43.56741],[-6.30855,43.56746],[-6.30853,43.56756],[-6.30853,43.56761],[-6.30866,43.56769],[-6.30888,43.56759],[-6.30893,43.56751],[-6.30894,43.56743],[-6.30893,43.56738],[-6.30881,43.56737],[-6.3087,43.56737]]],[[[-6.17947,43.56747],[-6.17942,43.56762],[-6.17942,43.56767],[-6.17947,43.56775],[-6.17957,43.56769],[-6.17957,43.56759],[-6.1796,43.56749],[-6.17947,43.56747]]],[[[-6.30759,43.56741],[-6.30753,43.56744],[-6.30738,43.56772],[-6.30742,43.56786],[-6.30747,43.56795],[-6.30757,43.56801],[-6.30769,43.56804],[-6.30779,43.56804],[-6.3079,43.56801],[-6.30798,43.56794],[-6.30802,43.56786],[-6.30803,43.56777],[-6.308,43.56767],[-6.30795,43.56759],[-6.30788,43.5675],[-6.30778,43.56744],[-6.30769,43.56741],[-6.30759,43.56741]]],[[[-6.31076,43.56763],[-6.31065,43.56764],[-6.31057,43.56768],[-6.31052,43.56775],[-6.31051,43.5678],[-6.31058,43.56788],[-6.31076,43.56794],[-6.31086,43.56788],[-6.31093,43.56783],[-6.31094,43.56776],[-6.31091,43.56768],[-6.31086,43.56764],[-6.31076,43.56763]]],[[[-6.30919,43.56772],[-6.30907,43.56775],[-6.309,43.56779],[-6.30898,43.56784],[-6.30899,43.56791],[-6.30903,43.56795],[-6.30929,43.56799],[-6.3094,43.56782],[-6.30937,43.56776],[-6.30932,43.56772],[-6.30919,43.56772]]],[[[-6.32072,43.5657],[-6.32064,43.56576],[-6.3206,43.5658],[-6.32069,43.56596],[-6.32087,43.56595],[-6.32092,43.56594],[-6.32094,43.56588],[-6.32091,43.56579],[-6.32085,43.56572],[-6.32078,43.5657],[-6.32072,43.5657]]],[[[-6.13988,43.56562],[-6.13977,43.56569],[-6.13976,43.56578],[-6.13989,43.56582],[-6.13997,43.56573],[-6.14001,43.56563],[-6.13988,43.56562]]],[[[-6.3015,43.56569],[-6.30142,43.56573],[-6.30136,43.56577],[-6.30136,43.56584],[-6.30147,43.56596],[-6.30157,43.56597],[-6.30169,43.56593],[-6.30176,43.5659],[-6.30178,43.56583],[-6.30177,43.56577],[-6.3017,43.56572],[-6.3016,43.56568],[-6.3015,43.56569]]],[[[-6.14205,43.56572],[-6.14195,43.56579],[-6.14189,43.56611],[-6.1419,43.5663],[-6.14198,43.56637],[-6.14208,43.5663],[-6.14219,43.56575],[-6.14205,43.56572]]],[[[-6.32228,43.56592],[-6.32219,43.56598],[-6.32219,43.56604],[-6.32225,43.56612],[-6.32236,43.56619],[-6.32245,43.56622],[-6.32253,43.56623],[-6.32261,43.56621],[-6.32263,43.56615],[-6.32261,43.56607],[-6.32257,43.56601],[-6.32228,43.56592]]],[[[-6.13976,43.56593],[-6.13963,43.56594],[-6.13951,43.56601],[-6.13942,43.56619],[-6.13958,43.56635],[-6.13962,43.56627],[-6.1398,43.56611],[-6.13981,43.56602],[-6.13976,43.56593]]],[[[-6.18099,43.56588],[-6.18086,43.56591],[-6.18077,43.56602],[-6.18074,43.56624],[-6.18085,43.5662],[-6.18099,43.56588]]],[[[-6.30255,43.56578],[-6.30241,43.5658],[-6.30228,43.56582],[-6.30216,43.56585],[-6.30205,43.56589],[-6.30193,43.56595],[-6.30182,43.566],[-6.30172,43.56608],[-6.30168,43.56616],[-6.30166,43.56625],[-6.30169,43.5663],[-6.30181,43.56637],[-6.30207,43.56629],[-6.30219,43.56626],[-6.3023,43.56621],[-6.30242,43.56615],[-6.30252,43.56609],[-6.30262,43.56602],[-6.30271,43.56596],[-6.30274,43.56589],[-6.30274,43.56583],[-6.30267,43.5658],[-6.30255,43.56578]]],[[[-6.2431,43.5952],[-6.24294,43.59534],[-6.24275,43.59583],[-6.24274,43.59605],[-6.24273,43.5962],[-6.24296,43.59623],[-6.24317,43.5961],[-6.24358,43.59614],[-6.24389,43.5963],[-6.24413,43.59622],[-6.2444,43.59623],[-6.24445,43.59574],[-6.24462,43.59548],[-6.24391,43.59542],[-6.2431,43.5952]]],[[[-6.17569,43.56845],[-6.17556,43.56848],[-6.17551,43.5686],[-6.17555,43.56869],[-6.17566,43.56865],[-6.1757,43.56854],[-6.17569,43.56845]]],[[[-6.17791,43.56852],[-6.17781,43.5686],[-6.17789,43.56871],[-6.17801,43.56863],[-6.17803,43.56854],[-6.17791,43.56852]]],[[[-6.17744,43.56862],[-6.17729,43.56865],[-6.17727,43.56867],[-6.1772,43.56876],[-6.17734,43.56876],[-6.17748,43.56871],[-6.17759,43.56863],[-6.17744,43.56862]]],[[[-6.15343,43.5689],[-6.15337,43.56898],[-6.15336,43.56912],[-6.15336,43.56923],[-6.15346,43.56928],[-6.15355,43.56921],[-6.15361,43.569],[-6.15356,43.56891],[-6.15343,43.5689]]],[[[-6.30769,43.56858],[-6.30846,43.56974],[-6.30775,43.56859],[-6.30769,43.56858]]],[[[-6.17586,43.56894],[-6.17581,43.56904],[-6.17581,43.56914],[-6.17593,43.56916],[-6.17598,43.56907],[-6.17599,43.56898],[-6.17586,43.56894]]],[[[-6.17504,43.56895],[-6.17491,43.56897],[-6.17485,43.56909],[-6.17485,43.56912],[-6.17488,43.56921],[-6.17499,43.56916],[-6.17507,43.56906],[-6.17504,43.56895]]],[[[-6.17535,43.56912],[-6.17524,43.56917],[-6.17516,43.56925],[-6.17515,43.56928],[-6.17518,43.56937],[-6.17528,43.5693],[-6.17534,43.56923],[-6.17535,43.56912]]],[[[-6.16767,43.56916],[-6.16753,43.5692],[-6.16748,43.56929],[-6.16752,43.56938],[-6.16765,43.56938],[-6.16776,43.5693],[-6.1678,43.56919],[-6.16767,43.56916]]],[[[-6.17175,43.56924],[-6.17169,43.56933],[-6.1717,43.56942],[-6.17181,43.56959],[-6.17193,43.56958],[-6.17194,43.56938],[-6.17188,43.5693],[-6.17175,43.56924]]],[[[-6.16723,43.56998],[-6.16709,43.57001],[-6.16703,43.57012],[-6.16706,43.57021],[-6.16718,43.57017],[-6.16724,43.57007],[-6.16723,43.56998]]],[[[-6.29592,43.57044],[-6.29586,43.57056],[-6.29587,43.57066],[-6.29591,43.57074],[-6.29599,43.57081],[-6.29606,43.57084],[-6.29616,43.57084],[-6.29622,43.57081],[-6.29625,43.57076],[-6.2962,43.57068],[-6.29614,43.5706],[-6.29608,43.57051],[-6.29606,43.57046],[-6.29592,43.57044]]],[[[-6.16211,43.57054],[-6.16204,43.57066],[-6.16202,43.57076],[-6.16213,43.57083],[-6.16221,43.57076],[-6.16223,43.57066],[-6.16224,43.57056],[-6.16211,43.57054]]],[[[-6.29628,43.57091],[-6.2961,43.57096],[-6.29606,43.57102],[-6.29606,43.57106],[-6.29614,43.57109],[-6.29624,43.57109],[-6.29632,43.57106],[-6.29635,43.57102],[-6.29628,43.57091]]],[[[-6.14954,43.57137],[-6.14943,43.57142],[-6.14947,43.57156],[-6.14954,43.57162],[-6.14969,43.57161],[-6.14971,43.57151],[-6.14966,43.57143],[-6.14954,43.57137]]],[[[-6.15005,43.5703],[-6.14985,43.57053],[-6.14986,43.5709],[-6.15012,43.57097],[-6.15027,43.57092],[-6.15028,43.5707],[-6.15022,43.57049],[-6.15023,43.5704],[-6.15017,43.5703],[-6.15005,43.5703]]],[[[-6.29555,43.57045],[-6.2952,43.57052],[-6.29506,43.57065],[-6.29506,43.57074],[-6.29507,43.57081],[-6.29512,43.57085],[-6.29521,43.57087],[-6.29532,43.57084],[-6.2954,43.57078],[-6.29549,43.5707],[-6.29556,43.57062],[-6.29559,43.57054],[-6.29557,43.57048],[-6.29555,43.57045]]],[[[-6.16642,43.57056],[-6.16623,43.57071],[-6.16623,43.5709],[-6.16632,43.57099],[-6.16668,43.5708],[-6.16666,43.57068],[-6.16666,43.57062],[-6.16656,43.57055],[-6.16642,43.57056]]],[[[-6.15391,43.57086],[-6.15377,43.57091],[-6.15378,43.57104],[-6.1538,43.57114],[-6.15392,43.57119],[-6.15401,43.57113],[-6.154,43.57094],[-6.15391,43.57086]]],[[[-6.14992,43.57202],[-6.14981,43.57207],[-6.14975,43.57216],[-6.14971,43.57227],[-6.14974,43.57238],[-6.14986,43.57233],[-6.14995,43.57212],[-6.14992,43.57202]]],[[[-6.16697,43.57221],[-6.16682,43.57225],[-6.1668,43.57232],[-6.16683,43.57241],[-6.16697,43.57241],[-6.16707,43.57234],[-6.16711,43.57225],[-6.16697,43.57221]]],[[[-6.2913,43.57222],[-6.29121,43.57223],[-6.29115,43.57227],[-6.29114,43.57233],[-6.29118,43.57242],[-6.29128,43.57249],[-6.29134,43.57254],[-6.29148,43.57257],[-6.29155,43.57238],[-6.29149,43.5723],[-6.29141,43.57225],[-6.2913,43.57222]]],[[[-6.29509,43.57243],[-6.295,43.57245],[-6.29473,43.57263],[-6.29466,43.57266],[-6.29464,43.57274],[-6.29464,43.57281],[-6.29469,43.5729],[-6.29476,43.57296],[-6.29486,43.57299],[-6.29499,43.573],[-6.29512,43.57298],[-6.29524,43.57293],[-6.29534,43.57286],[-6.2954,43.57281],[-6.29544,43.57272],[-6.29542,43.57263],[-6.29536,43.57255],[-6.29529,43.57248],[-6.29521,43.57244],[-6.29509,43.57243]]],[[[-6.16637,43.57272],[-6.16627,43.57278],[-6.16625,43.57292],[-6.16631,43.57306],[-6.16652,43.57297],[-6.16649,43.57277],[-6.16637,43.57272]]],[[[-6.29096,43.57316],[-6.29088,43.57317],[-6.29078,43.57322],[-6.29076,43.57325],[-6.29084,43.57342],[-6.29104,43.57335],[-6.29108,43.5733],[-6.29108,43.57324],[-6.29104,43.57318],[-6.29096,43.57316]]],[[[-6.29145,43.5735],[-6.29139,43.57352],[-6.29137,43.5736],[-6.29139,43.57363],[-6.29156,43.57367],[-6.29163,43.57357],[-6.2916,43.57352],[-6.29154,43.57349],[-6.29145,43.5735]]],[[[-6.29108,43.57372],[-6.29102,43.57375],[-6.29099,43.57381],[-6.291,43.57385],[-6.29118,43.57389],[-6.29122,43.57375],[-6.29116,43.57373],[-6.29108,43.57372]]],[[[-6.29201,43.57392],[-6.2919,43.57395],[-6.2918,43.57403],[-6.29173,43.5741],[-6.29166,43.57418],[-6.29162,43.57427],[-6.2916,43.57433],[-6.29168,43.57443],[-6.292,43.57443],[-6.29211,43.57438],[-6.29219,43.57431],[-6.29225,43.57424],[-6.29226,43.57414],[-6.29223,43.57404],[-6.29217,43.57397],[-6.29211,43.57393],[-6.29201,43.57392]]],[[[-6.29265,43.57483],[-6.29247,43.57495],[-6.29243,43.57503],[-6.29239,43.57513],[-6.29235,43.57523],[-6.29234,43.57529],[-6.2924,43.57534],[-6.29248,43.57537],[-6.2926,43.57537],[-6.29271,43.57534],[-6.2928,43.57527],[-6.29286,43.57519],[-6.29288,43.57509],[-6.29285,43.57501],[-6.29265,43.57483]]],[[[-6.28779,43.5724],[-6.28763,43.5725],[-6.28758,43.57258],[-6.28756,43.57267],[-6.28756,43.57275],[-6.2876,43.57283],[-6.28767,43.57288],[-6.28777,43.5729],[-6.28789,43.57288],[-6.28799,43.57285],[-6.28806,43.57277],[-6.28809,43.57268],[-6.28809,43.57259],[-6.28804,43.5725],[-6.288,43.57245],[-6.28779,43.5724]]],[[[-6.28515,43.57281],[-6.28505,43.57284],[-6.28499,43.57287],[-6.28499,43.57292],[-6.28511,43.57298],[-6.28537,43.57299],[-6.28544,43.57296],[-6.28548,43.57291],[-6.28548,43.57287],[-6.28541,43.57282],[-6.28529,43.57281],[-6.28515,43.57281]]],[[[-6.28438,43.57273],[-6.28406,43.57281],[-6.28373,43.57293],[-6.28367,43.57301],[-6.28364,43.5731],[-6.28362,43.57319],[-6.28363,43.57329],[-6.28365,43.57338],[-6.2837,43.57348],[-6.28379,43.57354],[-6.2839,43.57358],[-6.28402,43.57358],[-6.28414,43.57356],[-6.2842,43.57353],[-6.28426,43.57344],[-6.28425,43.57334],[-6.28428,43.57326],[-6.28435,43.57319],[-6.28442,43.5731],[-6.28448,43.57302],[-6.28454,43.57293],[-6.28455,43.57285],[-6.28452,43.57279],[-6.28447,43.57274],[-6.28438,43.57273]]],[[[-6.2913,43.57113],[-6.29127,43.57129],[-6.29128,43.57138],[-6.29129,43.57142],[-6.29135,43.57144],[-6.29143,43.57141],[-6.29148,43.57134],[-6.2915,43.57125],[-6.29148,43.57116],[-6.29144,43.57113],[-6.2913,43.57113]]],[[[-6.16687,43.57125],[-6.16685,43.57137],[-6.16686,43.57144],[-6.16698,43.57149],[-6.16704,43.57139],[-6.16701,43.57129],[-6.16687,43.57125]]],[[[-6.29568,43.57137],[-6.2954,43.57138],[-6.29536,43.57147],[-6.29538,43.57155],[-6.29543,43.57163],[-6.29549,43.57167],[-6.29562,43.57169],[-6.29574,43.57168],[-6.29582,43.57163],[-6.29588,43.57158],[-6.29588,43.57153],[-6.29582,43.57145],[-6.29573,43.57139],[-6.29568,43.57137]]],[[[-6.29338,43.57132],[-6.29269,43.57286],[-6.295,43.57195],[-6.29351,43.57133],[-6.29338,43.57132]]],[[[-6.27595,43.57624],[-6.27584,43.5763],[-6.27583,43.57638],[-6.27585,43.57643],[-6.27592,43.57647],[-6.27601,43.57648],[-6.2761,43.57646],[-6.27614,43.5764],[-6.27615,43.57635],[-6.27611,43.5763],[-6.27595,43.57624]]],[[[-6.19455,43.57682],[-6.19447,43.57691],[-6.19445,43.57699],[-6.19447,43.57704],[-6.19452,43.57714],[-6.19475,43.57726],[-6.1948,43.57705],[-6.19467,43.57688],[-6.19455,43.57682]]],[[[-6.27579,43.57779],[-6.27572,43.5778],[-6.27567,43.57788],[-6.27567,43.57798],[-6.27579,43.57801],[-6.2759,43.57799],[-6.27594,43.57797],[-6.27598,43.57791],[-6.27595,43.57786],[-6.27589,43.57781],[-6.27579,43.57779]]],[[[-6.19463,43.5785],[-6.19446,43.57855],[-6.19434,43.57867],[-6.19442,43.57874],[-6.19457,43.57872],[-6.19472,43.57858],[-6.19463,43.5785]]],[[[-6.26707,43.57907],[-6.26702,43.57912],[-6.267,43.57921],[-6.26699,43.5793],[-6.267,43.57938],[-6.26706,43.57946],[-6.26715,43.57952],[-6.26723,43.5796],[-6.26727,43.57968],[-6.26735,43.57976],[-6.26744,43.57982],[-6.26755,43.57986],[-6.26766,43.5799],[-6.26776,43.57992],[-6.26785,43.5799],[-6.2679,43.57987],[-6.26792,43.5798],[-6.26786,43.57971],[-6.26781,43.57962],[-6.26777,43.57954],[-6.26775,43.57945],[-6.26775,43.57935],[-6.26772,43.57927],[-6.26764,43.5792],[-6.26755,43.57914],[-6.26742,43.57911],[-6.26719,43.57909],[-6.26707,43.57907]]],[[[-6.18877,43.57994],[-6.18866,43.58017],[-6.18866,43.58027],[-6.18877,43.58031],[-6.18893,43.58003],[-6.18892,43.57993],[-6.18877,43.57994]]],[[[-6.19079,43.57996],[-6.19074,43.58006],[-6.19074,43.58008],[-6.19075,43.58012],[-6.19079,43.58014],[-6.19083,43.58014],[-6.19085,43.58013],[-6.19089,43.58006],[-6.19092,43.57996],[-6.19079,43.57996]]],[[[-6.19113,43.57998],[-6.19109,43.58009],[-6.19109,43.58013],[-6.1911,43.58015],[-6.19114,43.58017],[-6.19119,43.58019],[-6.19125,43.58008],[-6.19127,43.57998],[-6.19113,43.57998]]],[[[-6.19118,43.58115],[-6.19091,43.5814],[-6.19089,43.5815],[-6.19094,43.58159],[-6.19109,43.58161],[-6.19109,43.58181],[-6.19115,43.58198],[-6.19131,43.58196],[-6.19138,43.58188],[-6.1914,43.58177],[-6.19141,43.58123],[-6.19131,43.58115],[-6.19118,43.58115]]],[[[-6.26681,43.58123],[-6.26673,43.58124],[-6.26665,43.5813],[-6.26659,43.58139],[-6.26656,43.58148],[-6.26648,43.58165],[-6.26661,43.58176],[-6.26674,43.58179],[-6.26684,43.58178],[-6.26691,43.58175],[-6.26694,43.58171],[-6.26694,43.58161],[-6.26692,43.58152],[-6.26692,43.58143],[-6.26689,43.58134],[-6.26685,43.58125],[-6.26681,43.58123]]],[[[-6.19077,43.58263],[-6.19065,43.58264],[-6.19057,43.58277],[-6.19059,43.58293],[-6.19072,43.58294],[-6.19082,43.58289],[-6.19086,43.58269],[-6.19077,43.58263]]],[[[-6.27235,43.58331],[-6.27113,43.58377],[-6.27248,43.58331],[-6.27235,43.58331]]],[[[-6.20862,43.58487],[-6.20863,43.58555],[-6.2087,43.58575],[-6.20884,43.58574],[-6.20897,43.58519],[-6.20862,43.58487]]],[[[-6.2511,43.584],[-6.25099,43.58404],[-6.25093,43.58408],[-6.25086,43.58435],[-6.25115,43.58439],[-6.25128,43.58437],[-6.25137,43.58432],[-6.25142,43.58428],[-6.25141,43.5842],[-6.25136,43.58411],[-6.25128,43.58403],[-6.2512,43.58399],[-6.2511,43.584]]],[[[-6.27117,43.58418],[-6.2708,43.58426],[-6.27065,43.58425],[-6.27059,43.58429],[-6.27057,43.58432],[-6.27062,43.5844],[-6.27064,43.58447],[-6.27062,43.58453],[-6.27052,43.58459],[-6.27045,43.58467],[-6.27043,43.58471],[-6.27046,43.58478],[-6.27052,43.58481],[-6.27063,43.58483],[-6.27077,43.5848],[-6.27089,43.58478],[-6.27102,43.58476],[-6.27115,43.58474],[-6.27127,43.5847],[-6.27134,43.58465],[-6.27136,43.58461],[-6.27132,43.58452],[-6.27128,43.58446],[-6.27126,43.58438],[-6.27131,43.5843],[-6.27131,43.58425],[-6.27124,43.5842],[-6.27117,43.58418]]],[[[-6.22674,43.58993],[-6.22706,43.59158],[-6.22687,43.59],[-6.22674,43.58993]]],[[[-6.23407,43.59108],[-6.23394,43.59116],[-6.23382,43.59139],[-6.23364,43.59166],[-6.2335,43.59191],[-6.23351,43.59204],[-6.23373,43.59192],[-6.23403,43.59194],[-6.23423,43.59152],[-6.23428,43.59117],[-6.23407,43.59108]]],[[[-6.23186,43.59127],[-6.23205,43.59274],[-6.23221,43.59141],[-6.23186,43.59127]]],[[[-6.25142,43.58296],[-6.25135,43.58298],[-6.25109,43.58322],[-6.2511,43.58329],[-6.25117,43.58332],[-6.25126,43.58332],[-6.25137,43.58328],[-6.25147,43.58321],[-6.25154,43.58315],[-6.25157,43.58308],[-6.25156,43.58301],[-6.25152,43.58298],[-6.25142,43.58296]]],[[[-6.26854,43.58214],[-6.26849,43.58215],[-6.26846,43.5822],[-6.26849,43.58227],[-6.26856,43.58235],[-6.26863,43.58237],[-6.26871,43.58237],[-6.26893,43.58225],[-6.26891,43.58217],[-6.26879,43.58218],[-6.26867,43.58215],[-6.26854,43.58214]]],[[[-6.19217,43.58052],[-6.19185,43.58215],[-6.19263,43.58055],[-6.19217,43.58052]]],[[[-6.19088,43.58215],[-6.19075,43.58218],[-6.19073,43.5823],[-6.19077,43.5824],[-6.19088,43.58246],[-6.19127,43.5825],[-6.19144,43.58231],[-6.19147,43.58216],[-6.19088,43.58215]]],[[[-6.19263,43.58231],[-6.19248,43.58232],[-6.19236,43.58239],[-6.19232,43.58252],[-6.19242,43.58257],[-6.19251,43.58252],[-6.19263,43.58231]]],[[[-6.27734,43.57507],[-6.27725,43.57515],[-6.27717,43.57518],[-6.27723,43.57525],[-6.27731,43.57528],[-6.2774,43.57529],[-6.27748,43.57526],[-6.27754,43.5752],[-6.27755,43.57516],[-6.2775,43.5751],[-6.2774,43.57507],[-6.27734,43.57507]]],[[[-6.27754,43.57465],[-6.27749,43.57469],[-6.27748,43.57473],[-6.27756,43.5748],[-6.27766,43.57484],[-6.27774,43.57482],[-6.27778,43.57478],[-6.27777,43.57472],[-6.27773,43.57468],[-6.27761,43.57466],[-6.27754,43.57465]]],[[[-6.28088,43.57482],[-6.28078,43.57483],[-6.28068,43.57489],[-6.28049,43.57495],[-6.28043,43.57503],[-6.28032,43.57509],[-6.28025,43.57512],[-6.28023,43.57517],[-6.28026,43.57527],[-6.2803,43.57534],[-6.2803,43.57543],[-6.28034,43.57553],[-6.28041,43.5756],[-6.28047,43.57565],[-6.28054,43.57565],[-6.28062,43.5756],[-6.28067,43.57552],[-6.28071,43.57542],[-6.28073,43.57533],[-6.28076,43.57525],[-6.28081,43.57522],[-6.2809,43.57522],[-6.28101,43.57526],[-6.28111,43.57532],[-6.28123,43.57537],[-6.28126,43.57537],[-6.28131,43.57529],[-6.28132,43.5752],[-6.28129,43.57511],[-6.28127,43.57501],[-6.28128,43.57494],[-6.28124,43.57488],[-6.28115,43.57484],[-6.28101,43.57481],[-6.28088,43.57482]]],[[[-6.1606,43.5695],[-6.1605,43.56959],[-6.16052,43.56977],[-6.16064,43.56983],[-6.16103,43.5698],[-6.16105,43.5697],[-6.16102,43.5696],[-6.16092,43.56952],[-6.16079,43.56951],[-6.1606,43.5695]]],[[[-6.16744,43.56948],[-6.16739,43.56957],[-6.16754,43.56962],[-6.1677,43.56962],[-6.16779,43.56956],[-6.16772,43.56949],[-6.16758,43.56948],[-6.16744,43.56948]]],[[[-6.17095,43.5695],[-6.17084,43.56957],[-6.17081,43.56968],[-6.17081,43.5697],[-6.17088,43.56978],[-6.17096,43.56969],[-6.17103,43.56958],[-6.17095,43.5695]]],[[[-6.17122,43.56948],[-6.17121,43.56968],[-6.17119,43.56988],[-6.17132,43.56993],[-6.17148,43.56966],[-6.17147,43.56955],[-6.17137,43.56948],[-6.17122,43.56948]]],[[[-6.16873,43.5694],[-6.16862,43.56948],[-6.16855,43.56958],[-6.16857,43.56978],[-6.16854,43.56987],[-6.16862,43.56996],[-6.16878,43.56995],[-6.1689,43.56989],[-6.16905,43.56989],[-6.1693,43.56995],[-6.16941,43.56988],[-6.16943,43.56979],[-6.16933,43.56949],[-6.16905,43.56944],[-6.16873,43.5694]]],[[[-6.16727,43.56969],[-6.16712,43.5697],[-6.16716,43.5698],[-6.16731,43.56982],[-6.1674,43.56982],[-6.16753,43.56979],[-6.16742,43.56972],[-6.16727,43.56969]]],[[[-6.1624,43.5696],[-6.16229,43.56965],[-6.16221,43.56977],[-6.16219,43.56998],[-6.16232,43.56999],[-6.1624,43.56989],[-6.16246,43.56968],[-6.1624,43.5696]]],[[[-6.06881,43.56751],[-6.07436,43.56904],[-6.06938,43.56764],[-6.06881,43.56751]]],[[[-6.1197,43.55689],[-6.11975,43.55698],[-6.11988,43.557],[-6.11982,43.5569],[-6.1197,43.55689]]],[[[-6.11498,43.55733],[-6.11487,43.55739],[-6.11493,43.55746],[-6.11505,43.55741],[-6.11498,43.55733]]],[[[-6.11499,43.55756],[-6.11487,43.55759],[-6.11495,43.55767],[-6.11507,43.55767],[-6.11503,43.55757],[-6.11499,43.55756]]],[[[-6.11491,43.55773],[-6.11483,43.55779],[-6.11494,43.55782],[-6.11491,43.55773]]],[[[-6.11046,43.55773],[-6.11035,43.55776],[-6.11034,43.55782],[-6.11046,43.55783],[-6.11046,43.55773]]],[[[-6.11155,43.55794],[-6.11151,43.55805],[-6.1116,43.55809],[-6.11162,43.558],[-6.11155,43.55794]]],[[[-6.11917,43.55796],[-6.1191,43.55798],[-6.11915,43.55806],[-6.11928,43.55802],[-6.11917,43.55796]]],[[[-6.11871,43.55806],[-6.11863,43.55808],[-6.11868,43.55817],[-6.1188,43.55815],[-6.11884,43.55805],[-6.11871,43.55806]]],[[[-6.11902,43.5581],[-6.119,43.5582],[-6.11904,43.5583],[-6.11918,43.55829],[-6.11915,43.55818],[-6.11913,43.55813],[-6.11902,43.5581]]],[[[-6.11189,43.55814],[-6.11177,43.55815],[-6.11176,43.55825],[-6.11186,43.55832],[-6.11191,43.55823],[-6.11189,43.55814]]],[[[-6.1115,43.5584],[-6.11136,43.55842],[-6.11139,43.55851],[-6.11139,43.55856],[-6.11143,43.55865],[-6.11153,43.5586],[-6.11153,43.55851],[-6.1115,43.5584]]],[[[-6.10673,43.55849],[-6.10664,43.55851],[-6.10669,43.5586],[-6.10681,43.55858],[-6.10687,43.5585],[-6.10673,43.55849]]],[[[-6.10689,43.55863],[-6.10677,43.55865],[-6.10675,43.55876],[-6.10681,43.55884],[-6.10694,43.55884],[-6.10692,43.55874],[-6.10689,43.55863]]],[[[-6.09607,43.55911],[-6.09599,43.56087],[-6.09623,43.5591],[-6.09607,43.55911]]],[[[-6.09965,43.56045],[-6.09963,43.56056],[-6.09962,43.5606],[-6.09974,43.56065],[-6.09981,43.56056],[-6.0998,43.56045],[-6.09965,43.56045]]],[[[-6.10025,43.56065],[-6.10012,43.56069],[-6.10008,43.56078],[-6.10017,43.56084],[-6.10023,43.56075],[-6.10025,43.56065]]],[[[-6.10083,43.56069],[-6.10075,43.56078],[-6.10076,43.56082],[-6.10086,43.56087],[-6.10091,43.56076],[-6.10083,43.56069]]],[[[-6.09236,43.56113],[-6.09225,43.56117],[-6.09227,43.56129],[-6.09228,43.56131],[-6.09236,43.56138],[-6.09245,43.56132],[-6.09245,43.56123],[-6.09236,43.56113]]],[[[-6.0918,43.56192],[-6.09168,43.562],[-6.09168,43.5621],[-6.09176,43.56218],[-6.09186,43.56212],[-6.09185,43.56201],[-6.0918,43.56192]]],[[[-6.10739,43.56207],[-6.10738,43.56216],[-6.10739,43.56219],[-6.10752,43.56219],[-6.10751,43.56209],[-6.10739,43.56207]]],[[[-6.10509,43.56219],[-6.10497,43.56224],[-6.10493,43.56236],[-6.10496,43.56249],[-6.10508,43.5625],[-6.10509,43.56219]]],[[[-6.10653,43.56223],[-6.10641,43.56228],[-6.10641,43.56234],[-6.10655,43.56232],[-6.10653,43.56223]]],[[[-6.10562,43.56305],[-6.10556,43.56314],[-6.10565,43.5632],[-6.10577,43.5632],[-6.10586,43.56313],[-6.10574,43.56306],[-6.10562,43.56305]]],[[[-6.10699,43.56304],[-6.10689,43.56322],[-6.10688,43.56349],[-6.10698,43.56355],[-6.10708,43.56347],[-6.10711,43.56338],[-6.10712,43.56307],[-6.10699,43.56304]]],[[[-6.10629,43.56242],[-6.1062,43.56248],[-6.10624,43.56264],[-6.10642,43.56284],[-6.1065,43.56277],[-6.10645,43.56258],[-6.10635,43.5625],[-6.10629,43.56242]]],[[[-6.10761,43.56259],[-6.10749,43.56265],[-6.10755,43.56275],[-6.10756,43.56278],[-6.10766,43.56285],[-6.10772,43.56275],[-6.1077,43.56265],[-6.10761,43.56259]]],[[[-6.10506,43.56272],[-6.10501,43.56281],[-6.10501,43.56282],[-6.10508,43.56292],[-6.10515,43.56285],[-6.10518,43.56276],[-6.10506,43.56272]]],[[[-6.08977,43.56329],[-6.08966,43.56335],[-6.08965,43.56346],[-6.08971,43.56354],[-6.08985,43.56349],[-6.08994,43.56341],[-6.08988,43.56333],[-6.08977,43.56329]]],[[[-6.08628,43.56317],[-6.08615,43.56318],[-6.08594,43.5634],[-6.08585,43.5636],[-6.08603,43.56386],[-6.08618,43.56385],[-6.08623,43.56374],[-6.08621,43.56351],[-6.08638,43.56334],[-6.08637,43.56324],[-6.08628,43.56317]]],[[[-6.08741,43.56403],[-6.08745,43.56426],[-6.08753,43.56436],[-6.08764,43.5643],[-6.08765,43.5642],[-6.08755,43.56405],[-6.08741,43.56403]]],[[[-6.08951,43.56359],[-6.08944,43.56367],[-6.08948,43.56375],[-6.08963,43.56373],[-6.08973,43.56367],[-6.08965,43.5636],[-6.08951,43.56359]]],[[[-6.09,43.56375],[-6.08987,43.56379],[-6.08991,43.56393],[-6.08998,43.56402],[-6.09013,43.564],[-6.09016,43.56389],[-6.09012,43.5638],[-6.09,43.56375]]],[[[-6.08939,43.56385],[-6.08936,43.56395],[-6.0894,43.56407],[-6.08949,43.56417],[-6.08961,43.56413],[-6.08963,43.56403],[-6.08956,43.56396],[-6.08953,43.56387],[-6.08939,43.56385]]],[[[-6.0807,43.56623],[-6.0806,43.56629],[-6.08069,43.56638],[-6.0808,43.56636],[-6.08081,43.56626],[-6.0807,43.56623]]],[[[-6.08013,43.5664],[-6.08007,43.56651],[-6.08006,43.5666],[-6.08016,43.56667],[-6.08023,43.56659],[-6.08026,43.56648],[-6.08027,43.56641],[-6.08013,43.5664]]],[[[-6.08292,43.5667],[-6.08287,43.56679],[-6.08285,43.56681],[-6.08298,43.56684],[-6.08303,43.56676],[-6.08292,43.5667]]],[[[-6.08098,43.56638],[-6.08084,43.56641],[-6.08083,43.5665],[-6.08099,43.56649],[-6.08108,43.56644],[-6.08098,43.56638]]],[[[-6.08306,43.56698],[-6.08306,43.56712],[-6.0831,43.56718],[-6.08321,43.56713],[-6.08319,43.56704],[-6.08306,43.56698]]]]}},{"type":"Feature","id":"es-as-comarca-caudal","properties":{"id":"es-as-comarca-caudal","slug":"comarca-caudal","name":"Comarca de Caudal","localName":"Caudal","aliases":["Caudal"],"kind":"functional-region","boundaryStatus":"official","parentId":"es-as","population":57968,"areaKm2":838.6,"density":69.1,"referenceYear":2021,"sourceId":"sitpa-functional-regions","bbox":[-5.95985,42.96262,-5.3831,43.28914],"center":[-5.671475,43.12588]},"geometry":{"type":"Polygon","coordinates":[[[-5.84987,43.28117],[-5.85391,43.27667],[-5.85315,43.27441],[-5.85524,43.27074],[-5.84996,43.2661],[-5.85012,43.26005],[-5.84718,43.25783],[-5.84645,43.25275],[-5.83976,43.24659],[-5.84322,43.24046],[-5.84344,43.22937],[-5.84578,43.22773],[-5.84746,43.22019],[-5.8463,43.21421],[-5.84785,43.20607],[-5.84609,43.19816],[-5.85895,43.19812],[-5.86269,43.1963],[-5.86764,43.19193],[-5.86732,43.18858],[-5.87646,43.17857],[-5.88295,43.16705],[-5.88885,43.16745],[-5.89556,43.16367],[-5.90613,43.16115],[-5.9055,43.1559],[-5.90835,43.14939],[-5.90102,43.13306],[-5.89898,43.13201],[-5.89809,43.13361],[-5.88989,43.1249],[-5.88926,43.11882],[-5.88385,43.11034],[-5.88358,43.10383],[-5.8883,43.09603],[-5.88068,43.08662],[-5.8815,43.08184],[-5.88624,43.07876],[-5.88052,43.07436],[-5.88462,43.06683],[-5.88334,43.06105],[-5.88002,43.0597],[-5.88147,43.05578],[-5.88843,43.05219],[-5.90437,43.05047],[-5.90745,43.04179],[-5.92272,43.04608],[-5.92744,43.04135],[-5.93561,43.04071],[-5.93775,43.03466],[-5.94726,43.03257],[-5.95316,43.02902],[-5.95985,43.029],[-5.95653,43.01763],[-5.93345,43.01072],[-5.93135,43.00595],[-5.92527,43.00579],[-5.92543,43.00402],[-5.91826,43.00192],[-5.91327,42.99766],[-5.91275,42.99242],[-5.90472,42.99037],[-5.88719,42.99409],[-5.89191,42.9892],[-5.89204,42.98503],[-5.88849,42.97919],[-5.87968,42.98111],[-5.87329,42.97939],[-5.86173,42.98169],[-5.86192,42.97958],[-5.85495,42.9752],[-5.85002,42.96746],[-5.84298,42.96426],[-5.83972,42.9662],[-5.82371,42.96771],[-5.80927,42.9657],[-5.80401,42.96262],[-5.8009,42.9652],[-5.79015,42.96796],[-5.77901,42.96702],[-5.76607,42.96894],[-5.76028,42.97267],[-5.76346,42.9755],[-5.76622,42.98625],[-5.76065,42.99008],[-5.75926,42.99886],[-5.75015,43.00612],[-5.74826,43.01726],[-5.74406,43.02048],[-5.73543,43.02302],[-5.7366,43.02524],[-5.73484,43.03304],[-5.72909,43.0377],[-5.72826,43.04249],[-5.72132,43.04257],[-5.69246,43.05644],[-5.68838,43.05687],[-5.67554,43.05178],[-5.67226,43.05244],[-5.65952,43.04546],[-5.65039,43.04443],[-5.64314,43.0378],[-5.63884,43.03834],[-5.6367,43.03501],[-5.60906,43.03412],[-5.60395,43.03579],[-5.59546,43.03326],[-5.59133,43.03425],[-5.57477,43.0321],[-5.56978,43.02208],[-5.55825,43.02238],[-5.55583,43.02031],[-5.54079,43.01829],[-5.53037,43.02243],[-5.52693,43.02639],[-5.50629,43.02857],[-5.4938,43.02124],[-5.49103,43.02959],[-5.48597,43.0332],[-5.48151,43.04077],[-5.48074,43.05358],[-5.47852,43.05491],[-5.47559,43.05555],[-5.46678,43.05056],[-5.44818,43.05541],[-5.43392,43.05271],[-5.42104,43.05279],[-5.41272,43.04936],[-5.40589,43.04989],[-5.39857,43.04749],[-5.39045,43.04934],[-5.38913,43.05189],[-5.3831,43.08724],[-5.39485,43.08021],[-5.40096,43.08142],[-5.4089,43.07862],[-5.40909,43.08586],[-5.42047,43.09499],[-5.42203,43.1007],[-5.43844,43.10906],[-5.44057,43.12077],[-5.44708,43.12162],[-5.45998,43.12902],[-5.46367,43.13417],[-5.47736,43.12883],[-5.4867,43.13232],[-5.49766,43.13357],[-5.50126,43.13608],[-5.50241,43.14315],[-5.51673,43.15021],[-5.52034,43.15786],[-5.51936,43.16105],[-5.52289,43.16357],[-5.5339,43.16378],[-5.53719,43.16675],[-5.55323,43.16804],[-5.5584,43.17032],[-5.56116,43.1752],[-5.58145,43.16708],[-5.58929,43.17457],[-5.59844,43.17889],[-5.62556,43.1856],[-5.62744,43.18715],[-5.62698,43.19108],[-5.63154,43.19297],[-5.62704,43.19715],[-5.62566,43.20543],[-5.62887,43.22071],[-5.64708,43.22445],[-5.65197,43.22852],[-5.6631,43.23079],[-5.67967,43.22873],[-5.69358,43.2318],[-5.69541,43.23401],[-5.69487,43.23975],[-5.6892,43.24148],[-5.68878,43.25494],[-5.69259,43.26172],[-5.69196,43.2651],[-5.70169,43.27211],[-5.71405,43.27722],[-5.73187,43.27496],[-5.73504,43.2776],[-5.74162,43.27886],[-5.75021,43.28914],[-5.7578,43.28656],[-5.77204,43.28788],[-5.78349,43.27916],[-5.79222,43.2797],[-5.81289,43.28871],[-5.84811,43.283],[-5.84987,43.28117]]]}},{"type":"Feature","id":"es-as-comarca-nalon","properties":{"id":"es-as-comarca-nalon","slug":"comarca-nalon","name":"Comarca de Nalón","localName":"Nalón","aliases":["Nalón"],"kind":"functional-region","boundaryStatus":"official","parentId":"es-as","population":69372,"areaKm2":646.1,"density":107.4,"referenceYear":2021,"sourceId":"sitpa-functional-regions","bbox":[-5.77379,43.07743,-5.18819,43.34597],"center":[-5.48099,43.2117]},"geometry":{"type":"Polygon","coordinates":[[[-5.61815,43.32463],[-5.6461,43.33176],[-5.65726,43.34109],[-5.66397,43.34104],[-5.68283,43.33129],[-5.70228,43.33529],[-5.70495,43.34397],[-5.71057,43.34597],[-5.72056,43.34315],[-5.72153,43.34063],[-5.73266,43.33731],[-5.73452,43.33489],[-5.73766,43.33578],[-5.74428,43.33379],[-5.75057,43.33874],[-5.75783,43.32884],[-5.75835,43.3242],[-5.75613,43.31903],[-5.75798,43.31491],[-5.76282,43.30725],[-5.77364,43.30205],[-5.77379,43.29594],[-5.77096,43.2882],[-5.7578,43.28656],[-5.75021,43.28914],[-5.74162,43.27886],[-5.73504,43.2776],[-5.73149,43.27483],[-5.71405,43.27722],[-5.70169,43.27211],[-5.69196,43.2651],[-5.69259,43.26172],[-5.68878,43.25494],[-5.688,43.24761],[-5.68961,43.24073],[-5.69487,43.23975],[-5.69541,43.23401],[-5.69335,43.23168],[-5.67967,43.22873],[-5.6631,43.23079],[-5.65197,43.22852],[-5.64708,43.22445],[-5.62887,43.22071],[-5.62566,43.20543],[-5.62704,43.19715],[-5.63154,43.19297],[-5.62698,43.19108],[-5.62744,43.18715],[-5.62556,43.1856],[-5.59844,43.17889],[-5.58929,43.17457],[-5.58145,43.16708],[-5.56116,43.1752],[-5.5584,43.17032],[-5.55323,43.16804],[-5.53719,43.16675],[-5.5339,43.16378],[-5.52289,43.16357],[-5.51936,43.16105],[-5.52034,43.15786],[-5.51673,43.15021],[-5.50241,43.14315],[-5.50126,43.13608],[-5.49766,43.13357],[-5.4867,43.13232],[-5.47736,43.12883],[-5.46367,43.13417],[-5.45998,43.12902],[-5.44708,43.12162],[-5.44057,43.12077],[-5.43844,43.10906],[-5.42203,43.1007],[-5.42047,43.09499],[-5.40909,43.08586],[-5.4089,43.07862],[-5.40096,43.08142],[-5.39485,43.08021],[-5.3831,43.08724],[-5.37778,43.08833],[-5.36914,43.09458],[-5.36221,43.09531],[-5.34369,43.09385],[-5.33849,43.09094],[-5.34145,43.08378],[-5.32595,43.07945],[-5.31907,43.07976],[-5.31719,43.08272],[-5.3115,43.08416],[-5.30107,43.08003],[-5.28212,43.07743],[-5.28083,43.0811],[-5.27364,43.08602],[-5.25023,43.08918],[-5.24032,43.08856],[-5.2319,43.08438],[-5.22598,43.0855],[-5.22019,43.08365],[-5.20936,43.08717],[-5.19907,43.11201],[-5.18819,43.11724],[-5.19614,43.13149],[-5.20887,43.13598],[-5.21543,43.14415],[-5.21682,43.15476],[-5.21515,43.15837],[-5.21736,43.16573],[-5.21456,43.17282],[-5.23968,43.17831],[-5.25232,43.18532],[-5.25106,43.18878],[-5.25879,43.19783],[-5.24977,43.20658],[-5.24884,43.21116],[-5.27016,43.21789],[-5.28897,43.22663],[-5.2861,43.23989],[-5.29414,43.25029],[-5.3018,43.25145],[-5.30804,43.25604],[-5.31541,43.25736],[-5.32877,43.25411],[-5.33578,43.24849],[-5.35156,43.25452],[-5.3673,43.2504],[-5.37232,43.25746],[-5.37729,43.25819],[-5.37879,43.26227],[-5.39811,43.27182],[-5.40913,43.26814],[-5.41166,43.27085],[-5.41982,43.2707],[-5.41647,43.26583],[-5.41673,43.26064],[-5.41976,43.2607],[-5.42262,43.25733],[-5.42854,43.2549],[-5.46588,43.25899],[-5.46665,43.26141],[-5.46359,43.26592],[-5.46632,43.26956],[-5.47558,43.27237],[-5.48017,43.27579],[-5.49169,43.27641],[-5.49701,43.27968],[-5.49953,43.27948],[-5.50137,43.27656],[-5.50926,43.299],[-5.50749,43.30167],[-5.50999,43.30336],[-5.52923,43.29987],[-5.52775,43.29411],[-5.53947,43.29639],[-5.55876,43.29298],[-5.56159,43.29622],[-5.57868,43.29886],[-5.5831,43.30893],[-5.58768,43.31172],[-5.58821,43.31805],[-5.59721,43.32105],[-5.60667,43.32933],[-5.61544,43.32201],[-5.61724,43.32381],[-5.61815,43.32463]]]}},{"type":"Feature","id":"es-as-comarca-narcea","properties":{"id":"es-as-comarca-narcea","slug":"comarca-narcea","name":"Comarca de Narcea","localName":"Narcea","aliases":["Narcea"],"kind":"functional-region","boundaryStatus":"official","parentId":"es-as","population":24716,"areaKm2":2127.2,"density":11.6,"referenceYear":2021,"sourceId":"sitpa-functional-regions","bbox":[-6.9969,42.88254,-6.29908,43.45996],"center":[-6.64799,43.17125]},"geometry":{"type":"Polygon","coordinates":[[[-6.66594,43.36726],[-6.68153,43.37202],[-6.68386,43.37451],[-6.69342,43.37452],[-6.70083,43.37019],[-6.70814,43.35261],[-6.72021,43.3435],[-6.72777,43.33353],[-6.73959,43.3254],[-6.74355,43.32043],[-6.75649,43.3183],[-6.76493,43.31416],[-6.79423,43.28883],[-6.81529,43.28396],[-6.83056,43.27649],[-6.83141,43.2682],[-6.8358,43.26177],[-6.84026,43.25882],[-6.84436,43.24984],[-6.84393,43.24823],[-6.84005,43.24807],[-6.84049,43.24147],[-6.84803,43.23643],[-6.83311,43.23148],[-6.81498,43.23051],[-6.81655,43.22616],[-6.80461,43.22875],[-6.80399,43.23076],[-6.79801,43.22921],[-6.79495,43.23197],[-6.7919,43.22821],[-6.78655,43.22599],[-6.78607,43.21207],[-6.79026,43.20426],[-6.80562,43.201],[-6.81925,43.20819],[-6.82568,43.19981],[-6.82816,43.18939],[-6.8309,43.18551],[-6.83301,43.17287],[-6.83891,43.16614],[-6.83675,43.1573],[-6.82212,43.14333],[-6.82479,43.14008],[-6.82392,43.13704],[-6.82761,43.12315],[-6.84735,43.11114],[-6.8553,43.10853],[-6.8652,43.10071],[-6.87165,43.09102],[-6.89044,43.0904],[-6.89429,43.09173],[-6.90228,43.08283],[-6.91555,43.07326],[-6.923,43.08163],[-6.93496,43.08199],[-6.93869,43.08651],[-6.94094,43.08],[-6.94473,43.07729],[-6.95182,43.07619],[-6.95044,43.06819],[-6.95736,43.06817],[-6.95604,43.06357],[-6.96637,43.06105],[-6.96885,43.05688],[-6.96209,43.05225],[-6.96493,43.05006],[-6.96353,43.04394],[-6.96614,43.03746],[-6.96507,43.03477],[-6.96917,43.03514],[-6.96901,43.0327],[-6.97254,43.03038],[-6.97586,43.03187],[-6.97877,43.03894],[-6.98217,43.04141],[-6.98643,43.0297],[-6.9913,43.0306],[-6.99629,43.02793],[-6.99471,43.02623],[-6.9969,43.01957],[-6.98592,43.0144],[-6.98637,43.01102],[-6.98352,43.00414],[-6.9795,43.0049],[-6.9751,42.99614],[-6.97247,42.99626],[-6.97216,42.99395],[-6.96669,42.99139],[-6.96192,42.99075],[-6.96196,42.9937],[-6.96435,42.99342],[-6.96321,42.99574],[-6.95604,42.99603],[-6.96228,43.00075],[-6.95977,43.00331],[-6.96238,43.00601],[-6.95974,43.00837],[-6.96231,43.01225],[-6.95951,43.01522],[-6.96405,43.01937],[-6.96041,43.02241],[-6.96475,43.02666],[-6.95804,43.0289],[-6.95801,43.03282],[-6.95544,43.03468],[-6.95678,43.03656],[-6.94686,43.03256],[-6.94082,43.01152],[-6.93293,43.00879],[-6.9312,43.00453],[-6.92263,43.0017],[-6.91,42.9899],[-6.89273,42.98793],[-6.88086,42.9913],[-6.87756,42.98862],[-6.8711,42.98858],[-6.86924,42.98454],[-6.86456,42.98378],[-6.86202,42.97891],[-6.83578,42.95771],[-6.83469,42.94126],[-6.84183,42.92845],[-6.83576,42.91634],[-6.80104,42.91017],[-6.78977,42.90454],[-6.77067,42.89862],[-6.76829,42.89548],[-6.76795,42.89028],[-6.77336,42.88668],[-6.77285,42.88254],[-6.75667,42.88306],[-6.74922,42.89414],[-6.74059,42.89947],[-6.73454,42.90767],[-6.72266,42.91748],[-6.71279,42.91505],[-6.69699,42.91852],[-6.6899,42.92246],[-6.66719,42.92453],[-6.66064,42.92279],[-6.65694,42.92458],[-6.64675,42.92385],[-6.63878,42.92546],[-6.63222,42.9232],[-6.62858,42.91949],[-6.61293,42.92455],[-6.6065,42.9161],[-6.59786,42.91858],[-6.59029,42.91669],[-6.5794,42.9185],[-6.57117,42.91708],[-6.56906,42.91478],[-6.54123,42.91251],[-6.53885,42.9188],[-6.53564,42.92162],[-6.5232,42.92344],[-6.51058,42.92873],[-6.50012,42.92281],[-6.48977,42.92025],[-6.48612,42.929],[-6.47859,42.93356],[-6.45487,42.93493],[-6.44161,42.93957],[-6.4331,42.93976],[-6.44161,42.94731],[-6.43364,42.96416],[-6.44237,42.96688],[-6.45177,42.96595],[-6.46238,42.96768],[-6.46854,42.96612],[-6.47239,42.96739],[-6.47468,42.97062],[-6.47197,42.97663],[-6.47826,42.98013],[-6.47889,42.98975],[-6.47732,42.9919],[-6.47085,42.99168],[-6.46588,42.98636],[-6.45903,42.9836],[-6.44644,42.98217],[-6.4371,42.99303],[-6.42759,42.98763],[-6.42413,42.98762],[-6.40737,42.99942],[-6.41017,43.00092],[-6.41215,43.00749],[-6.41096,43.01199],[-6.41255,43.01515],[-6.41111,43.01693],[-6.40798,43.0185],[-6.40237,43.01623],[-6.39435,43.01661],[-6.39082,43.02582],[-6.3917,43.03127],[-6.39504,43.03267],[-6.39705,43.03832],[-6.39015,43.04053],[-6.37355,43.04111],[-6.37376,43.04658],[-6.36475,43.0499],[-6.36202,43.05419],[-6.36343,43.05731],[-6.35909,43.05958],[-6.36004,43.06344],[-6.35839,43.0683],[-6.36629,43.07747],[-6.3636,43.08253],[-6.36696,43.09044],[-6.36295,43.1025],[-6.37344,43.10831],[-6.37408,43.11585],[-6.37237,43.11838],[-6.37662,43.12772],[-6.37486,43.13166],[-6.37729,43.13626],[-6.37259,43.14756],[-6.36504,43.15029],[-6.35586,43.15088],[-6.3591,43.15536],[-6.35949,43.15985],[-6.35426,43.16278],[-6.35193,43.1748],[-6.3489,43.18005],[-6.3439,43.1818],[-6.33889,43.19864],[-6.3326,43.20558],[-6.33694,43.21249],[-6.33067,43.21535],[-6.33072,43.22451],[-6.32221,43.23029],[-6.3152,43.23194],[-6.31544,43.23419],[-6.32456,43.24179],[-6.33954,43.24965],[-6.3417,43.26437],[-6.33259,43.26924],[-6.32767,43.26969],[-6.33147,43.27399],[-6.33008,43.28465],[-6.33279,43.288],[-6.33326,43.29427],[-6.32132,43.30194],[-6.317,43.30238],[-6.31793,43.30651],[-6.30918,43.31223],[-6.30326,43.3218],[-6.30778,43.32405],[-6.3113,43.32938],[-6.31517,43.33044],[-6.30686,43.34456],[-6.29908,43.3496],[-6.30995,43.35594],[-6.31379,43.35579],[-6.315,43.35802],[-6.32224,43.35831],[-6.33494,43.36416],[-6.32647,43.37697],[-6.33423,43.38663],[-6.34822,43.39435],[-6.35141,43.39921],[-6.34734,43.40016],[-6.34495,43.40514],[-6.34881,43.41385],[-6.35088,43.41372],[-6.35415,43.41828],[-6.3535,43.4218],[-6.36142,43.42653],[-6.35984,43.4281],[-6.36259,43.43185],[-6.37372,43.42486],[-6.38321,43.42144],[-6.38547,43.41837],[-6.38623,43.4114],[-6.3901,43.40788],[-6.39315,43.39985],[-6.39077,43.39865],[-6.39507,43.39825],[-6.42946,43.40824],[-6.42732,43.41387],[-6.43342,43.42379],[-6.4392,43.42767],[-6.44945,43.42893],[-6.44965,43.43603],[-6.45336,43.43912],[-6.46576,43.43602],[-6.47394,43.44194],[-6.47748,43.44043],[-6.47675,43.43901],[-6.48337,43.43792],[-6.49437,43.43227],[-6.50618,43.43386],[-6.51025,43.43587],[-6.50943,43.43843],[-6.51483,43.43359],[-6.51758,43.43607],[-6.53135,43.43896],[-6.5373,43.44497],[-6.54554,43.44914],[-6.54614,43.45316],[-6.55612,43.45957],[-6.55872,43.45996],[-6.56311,43.4562],[-6.57593,43.45905],[-6.5971,43.45541],[-6.59876,43.45488],[-6.60163,43.44531],[-6.60636,43.44284],[-6.61031,43.43589],[-6.61951,43.4323],[-6.62798,43.4256],[-6.63365,43.42444],[-6.64248,43.41269],[-6.64553,43.41326],[-6.64641,43.4117],[-6.64453,43.40974],[-6.64087,43.4097],[-6.64118,43.40458],[-6.64401,43.40348],[-6.64546,43.40062],[-6.64324,43.40022],[-6.65173,43.39147],[-6.6566,43.38415],[-6.65648,43.37869],[-6.66222,43.37435],[-6.66312,43.36889],[-6.66542,43.36751],[-6.66594,43.36726]]]}}]}
