{"type":"FeatureCollection","features":[{"type":"Feature","id":"es-as-concejo-33001","properties":{"id":"es-as-concejo-33001","slug":"allande","name":"Allande","localName":"Allande","aliases":[],"kind":"municipality","boundaryStatus":"official","parentId":"es-as","population":null,"areaKm2":339.9,"density":null,"referenceYear":null,"sourceId":"sitpa-administrative-units","bbox":[-6.84803,43.09932,-6.53084,43.37452],"center":[-6.689435,43.23692]},"geometry":{"type":"Polygon","coordinates":[[[-6.83891,43.16614],[-6.83732,43.16354],[-6.83709,43.15904],[-6.83585,43.1586],[-6.83675,43.1573],[-6.82987,43.15185],[-6.82628,43.14581],[-6.82212,43.14333],[-6.82479,43.14008],[-6.82392,43.13704],[-6.82746,43.12805],[-6.8284,43.12408],[-6.82761,43.12315],[-6.84101,43.11529],[-6.83316,43.11803],[-6.829,43.11777],[-6.82908,43.11648],[-6.82444,43.11477],[-6.8231,43.11145],[-6.81535,43.10915],[-6.81105,43.11013],[-6.80543,43.10531],[-6.79467,43.09932],[-6.79174,43.09952],[-6.78705,43.10125],[-6.78543,43.10744],[-6.78177,43.11298],[-6.77251,43.11501],[-6.76587,43.11432],[-6.74772,43.11695],[-6.74358,43.12025],[-6.73217,43.12574],[-6.73405,43.1324],[-6.73831,43.13887],[-6.74328,43.14212],[-6.74264,43.1467],[-6.73705,43.15255],[-6.73639,43.16174],[-6.73293,43.16608],[-6.73263,43.16914],[-6.72302,43.17736],[-6.72541,43.18093],[-6.72639,43.18572],[-6.72334,43.19082],[-6.72029,43.19257],[-6.71822,43.19947],[-6.71326,43.20008],[-6.71125,43.19325],[-6.70848,43.1914],[-6.70617,43.19581],[-6.69538,43.20239],[-6.67761,43.20592],[-6.66248,43.20214],[-6.65366,43.20301],[-6.64524,43.1996],[-6.63761,43.2],[-6.63438,43.19919],[-6.63251,43.19714],[-6.6315,43.19855],[-6.62726,43.19869],[-6.62532,43.19584],[-6.62585,43.19387],[-6.62199,43.19076],[-6.6154,43.19186],[-6.61405,43.19412],[-6.60937,43.19531],[-6.6085,43.19356],[-6.59763,43.19487],[-6.59766,43.19694],[-6.59612,43.19848],[-6.58215,43.20196],[-6.57968,43.20226],[-6.57924,43.20125],[-6.57509,43.20705],[-6.57611,43.20979],[-6.57324,43.21015],[-6.57242,43.20482],[-6.56885,43.19848],[-6.5629,43.20068],[-6.5595,43.20577],[-6.55077,43.20761],[-6.55137,43.21328],[-6.54979,43.21591],[-6.55215,43.21937],[-6.55184,43.22303],[-6.53084,43.23623],[-6.54086,43.24432],[-6.55509,43.24313],[-6.5556,43.24577],[-6.56833,43.2511],[-6.57492,43.26008],[-6.5827,43.26584],[-6.58467,43.27263],[-6.58947,43.27424],[-6.5888,43.27677],[-6.59029,43.28146],[-6.59291,43.2837],[-6.59506,43.28917],[-6.60479,43.29223],[-6.61919,43.29184],[-6.63173,43.2977],[-6.63594,43.30254],[-6.6474,43.30257],[-6.65429,43.30562],[-6.65927,43.30546],[-6.67159,43.30962],[-6.67999,43.31458],[-6.68381,43.31514],[-6.68305,43.31938],[-6.67529,43.32696],[-6.67843,43.33227],[-6.67593,43.33846],[-6.66934,43.34691],[-6.67312,43.35198],[-6.67385,43.35629],[-6.67254,43.35828],[-6.66593,43.36037],[-6.66483,43.36368],[-6.66594,43.36726],[-6.68153,43.37202],[-6.68386,43.37451],[-6.69342,43.37452],[-6.70083,43.37019],[-6.70309,43.36369],[-6.70621,43.35979],[-6.70559,43.35881],[-6.70685,43.35738],[-6.7058,43.35538],[-6.70814,43.35261],[-6.72021,43.3435],[-6.72777,43.33353],[-6.73959,43.3254],[-6.74355,43.32043],[-6.75097,43.3183],[-6.75649,43.3183],[-6.75767,43.31676],[-6.76493,43.31416],[-6.77315,43.30793],[-6.77384,43.30573],[-6.77831,43.30153],[-6.78222,43.30051],[-6.79101,43.29075],[-6.79423,43.28883],[-6.80182,43.28614],[-6.81529,43.28396],[-6.83056,43.27649],[-6.83141,43.2682],[-6.8358,43.26177],[-6.84026,43.25882],[-6.84103,43.25471],[-6.84436,43.24984],[-6.84393,43.24823],[-6.84005,43.24807],[-6.84049,43.24147],[-6.84481,43.23737],[-6.84803,43.23643],[-6.84399,43.23384],[-6.83311,43.23148],[-6.81498,43.23051],[-6.81655,43.22616],[-6.8142,43.22625],[-6.81146,43.22824],[-6.80461,43.22875],[-6.80399,43.23076],[-6.79801,43.22921],[-6.79495,43.23197],[-6.7919,43.22821],[-6.78655,43.22599],[-6.78727,43.22157],[-6.78607,43.21207],[-6.79026,43.20426],[-6.80562,43.201],[-6.81925,43.20819],[-6.82568,43.19981],[-6.82816,43.18939],[-6.8309,43.18551],[-6.83301,43.17287],[-6.83672,43.1675],[-6.83891,43.16614]],[[-6.59621,43.20868],[-6.60086,43.21105],[-6.5991,43.21391],[-6.59491,43.2167],[-6.59038,43.21508],[-6.59328,43.21357],[-6.59293,43.20881],[-6.59441,43.20824],[-6.59621,43.20868]],[[-6.61481,43.20506],[-6.61236,43.20505],[-6.60747,43.20049],[-6.61077,43.19816],[-6.61897,43.19938],[-6.61611,43.20343],[-6.61481,43.20506]]]}},{"type":"Feature","id":"es-as-concejo-33010","properties":{"id":"es-as-concejo-33010","slug":"candamo","name":"Candamo","localName":"Candamu","aliases":["Candamu"],"kind":"municipality","boundaryStatus":"official","parentId":"es-as","population":null,"areaKm2":72,"density":null,"referenceYear":null,"sourceId":"sitpa-administrative-units","bbox":[-6.12129,43.40183,-5.98839,43.5093],"center":[-6.05484,43.455565]},"geometry":{"type":"Polygon","coordinates":[[[-6.12129,43.44401],[-6.11887,43.43933],[-6.11873,43.43494],[-6.11357,43.43229],[-6.11065,43.42907],[-6.11121,43.42322],[-6.11529,43.41078],[-6.10982,43.41004],[-6.10731,43.40711],[-6.10213,43.40552],[-6.09758,43.40631],[-6.09221,43.40183],[-6.08925,43.40697],[-6.08208,43.41232],[-6.07163,43.41094],[-6.06798,43.40785],[-6.06444,43.40222],[-6.06237,43.40319],[-6.05834,43.40209],[-6.04501,43.4035],[-6.03558,43.40281],[-6.03381,43.40865],[-6.02993,43.41225],[-6.0256,43.42183],[-6.02097,43.42463],[-6.01495,43.43269],[-6.01487,43.44034],[-6.01195,43.44696],[-6.00335,43.45473],[-5.99981,43.46044],[-5.98839,43.47343],[-5.99238,43.47545],[-5.9989,43.48176],[-6.00834,43.48169],[-6.01049,43.48973],[-6.01709,43.4946],[-6.01285,43.49831],[-6.01304,43.49969],[-6.01908,43.50422],[-6.01891,43.5063],[-6.02172,43.5093],[-6.03015,43.50269],[-6.03292,43.49602],[-6.04085,43.4977],[-6.04533,43.49573],[-6.04885,43.49014],[-6.04878,43.48691],[-6.04707,43.48561],[-6.05114,43.48023],[-6.05547,43.48178],[-6.0567,43.48103],[-6.06149,43.48418],[-6.06473,43.48414],[-6.07876,43.47605],[-6.0856,43.47549],[-6.08697,43.47263],[-6.09847,43.46876],[-6.09645,43.46629],[-6.09846,43.46377],[-6.10548,43.46251],[-6.11917,43.44551],[-6.12129,43.44401]]]}},{"type":"Feature","id":"es-as-concejo-33002","properties":{"id":"es-as-concejo-33002","slug":"aller","name":"Aller","localName":"Ayer","aliases":["Ayer"],"kind":"municipality","boundaryStatus":"official","parentId":"es-as","population":null,"areaKm2":376.4,"density":null,"referenceYear":null,"sourceId":"sitpa-administrative-units","bbox":[-5.79003,43.01829,-5.3831,43.19331],"center":[-5.586565,43.1058]},"geometry":{"type":"Polygon","coordinates":[[[-5.77144,43.18111],[-5.79003,43.163],[-5.7894,43.15524],[-5.77939,43.1459],[-5.77718,43.14173],[-5.76727,43.13793],[-5.7647,43.12819],[-5.76009,43.11804],[-5.74366,43.1132],[-5.73952,43.10962],[-5.73267,43.10785],[-5.72035,43.10029],[-5.70313,43.09211],[-5.70285,43.08714],[-5.69918,43.07936],[-5.69421,43.07217],[-5.69011,43.07062],[-5.68754,43.06659],[-5.68892,43.05906],[-5.68744,43.05598],[-5.67699,43.05207],[-5.67226,43.05244],[-5.66544,43.04791],[-5.66026,43.04708],[-5.65952,43.04546],[-5.65039,43.04443],[-5.64314,43.0378],[-5.63884,43.03834],[-5.6367,43.03501],[-5.62626,43.03383],[-5.61361,43.03537],[-5.60906,43.03412],[-5.60395,43.03579],[-5.59546,43.03326],[-5.59133,43.03425],[-5.5807,43.03205],[-5.57477,43.0321],[-5.56978,43.02208],[-5.55825,43.02238],[-5.55583,43.02031],[-5.54873,43.02021],[-5.54079,43.01829],[-5.53037,43.02243],[-5.52893,43.02578],[-5.52693,43.02639],[-5.50629,43.02857],[-5.49682,43.02185],[-5.4938,43.02124],[-5.49103,43.02959],[-5.48597,43.0332],[-5.48151,43.04077],[-5.48074,43.05358],[-5.47852,43.05491],[-5.47559,43.05555],[-5.46678,43.05056],[-5.45435,43.05287],[-5.44818,43.05541],[-5.43392,43.05271],[-5.42104,43.05279],[-5.41692,43.05209],[-5.41272,43.04936],[-5.40589,43.04989],[-5.39857,43.04749],[-5.39045,43.04934],[-5.38913,43.05189],[-5.38936,43.05543],[-5.38701,43.06153],[-5.3831,43.08724],[-5.38539,43.08482],[-5.39485,43.08021],[-5.39908,43.08014],[-5.40096,43.08142],[-5.40407,43.07919],[-5.4089,43.07862],[-5.40994,43.08304],[-5.4091,43.08586],[-5.41133,43.08877],[-5.42047,43.09499],[-5.42203,43.1007],[-5.42717,43.10436],[-5.43844,43.10906],[-5.44057,43.12077],[-5.44708,43.12162],[-5.45277,43.12592],[-5.45998,43.12902],[-5.46367,43.13417],[-5.47736,43.12883],[-5.4867,43.13232],[-5.49766,43.13357],[-5.50126,43.13608],[-5.50241,43.14315],[-5.51673,43.15021],[-5.52034,43.15786],[-5.51936,43.16105],[-5.52289,43.16357],[-5.5339,43.16378],[-5.53647,43.16474],[-5.53719,43.16675],[-5.55323,43.16804],[-5.5584,43.17032],[-5.56116,43.1752],[-5.56548,43.17456],[-5.56849,43.17221],[-5.58145,43.16708],[-5.58555,43.16949],[-5.58929,43.17457],[-5.59844,43.17889],[-5.6055,43.1795],[-5.61305,43.18271],[-5.62556,43.1856],[-5.62744,43.18715],[-5.62698,43.19108],[-5.63154,43.19297],[-5.64498,43.19325],[-5.66874,43.19064],[-5.67929,43.19104],[-5.68708,43.18856],[-5.70177,43.19045],[-5.70877,43.18913],[-5.71677,43.19005],[-5.72115,43.18865],[-5.73454,43.19331],[-5.73861,43.19135],[-5.75542,43.19309],[-5.7603,43.18401],[-5.76959,43.18198],[-5.77144,43.18111]]]}},{"type":"Feature","id":"es-as-concejo-33005","properties":{"id":"es-as-concejo-33005","slug":"belmonte-de-miranda","name":"Belmonte De Miranda","localName":"Miranda","aliases":["Miranda"],"kind":"municipality","boundaryStatus":"official","parentId":"es-as","population":null,"areaKm2":208.2,"density":null,"referenceYear":null,"sourceId":"sitpa-administrative-units","bbox":[-6.3417,43.17366,-6.13033,43.37104],"center":[-6.236015,43.27235]},"geometry":{"type":"Polygon","coordinates":[[[-6.34115,43.18944],[-6.33598,43.1853],[-6.31408,43.18024],[-6.31028,43.17716],[-6.30094,43.17508],[-6.29993,43.17624],[-6.29421,43.17691],[-6.27703,43.17366],[-6.26703,43.18142],[-6.26665,43.1865],[-6.25392,43.1901],[-6.25093,43.19287],[-6.24518,43.19368],[-6.24039,43.19673],[-6.23524,43.19336],[-6.23158,43.1873],[-6.22773,43.18584],[-6.22649,43.18167],[-6.21537,43.18371],[-6.2155,43.1762],[-6.21378,43.17512],[-6.21135,43.17452],[-6.20104,43.17909],[-6.19914,43.18071],[-6.20189,43.18837],[-6.19982,43.18988],[-6.19757,43.19517],[-6.20171,43.19885],[-6.19952,43.2024],[-6.20174,43.21519],[-6.19972,43.21732],[-6.20035,43.22924],[-6.19747,43.23036],[-6.19842,43.23291],[-6.19392,43.23994],[-6.19394,43.24849],[-6.19109,43.2521],[-6.18916,43.25984],[-6.1862,43.26171],[-6.18914,43.26857],[-6.19087,43.26989],[-6.19299,43.27698],[-6.19477,43.27858],[-6.19307,43.28041],[-6.18924,43.2813],[-6.19366,43.28672],[-6.19438,43.29179],[-6.19692,43.29482],[-6.19661,43.29738],[-6.19944,43.30011],[-6.19925,43.30448],[-6.19356,43.31134],[-6.1961,43.31294],[-6.19665,43.31745],[-6.19481,43.3199],[-6.19623,43.32146],[-6.18165,43.32628],[-6.18258,43.32758],[-6.17719,43.33132],[-6.17487,43.32971],[-6.17162,43.32979],[-6.17075,43.33128],[-6.16501,43.33343],[-6.16201,43.33751],[-6.15675,43.33867],[-6.15522,43.34149],[-6.14992,43.34419],[-6.13829,43.34636],[-6.13429,43.35255],[-6.13225,43.35369],[-6.13033,43.35913],[-6.13312,43.36494],[-6.13168,43.3654],[-6.13122,43.36729],[-6.15168,43.37104],[-6.15459,43.36594],[-6.16071,43.36123],[-6.16952,43.36021],[-6.17921,43.35567],[-6.19133,43.35666],[-6.19934,43.35353],[-6.20458,43.35741],[-6.21777,43.35938],[-6.22183,43.36386],[-6.23068,43.36607],[-6.23592,43.36124],[-6.25084,43.35859],[-6.2575,43.34712],[-6.25665,43.34321],[-6.2607,43.34293],[-6.26279,43.33695],[-6.26237,43.33506],[-6.26655,43.33205],[-6.2705,43.33046],[-6.27585,43.33297],[-6.28708,43.32642],[-6.29357,43.32995],[-6.29642,43.32506],[-6.30483,43.32059],[-6.30918,43.31223],[-6.31793,43.30651],[-6.317,43.30238],[-6.32132,43.30194],[-6.33326,43.29427],[-6.33279,43.288],[-6.33008,43.28465],[-6.32993,43.27691],[-6.33147,43.27399],[-6.33024,43.27131],[-6.32767,43.26969],[-6.33259,43.26924],[-6.3417,43.26437],[-6.34119,43.25402],[-6.33954,43.24965],[-6.33517,43.24629],[-6.32456,43.24179],[-6.31544,43.23419],[-6.3152,43.23194],[-6.32221,43.23029],[-6.33072,43.22451],[-6.33067,43.21535],[-6.33694,43.21249],[-6.33619,43.2097],[-6.3326,43.20558],[-6.33723,43.20172],[-6.33928,43.19504],[-6.34115,43.18944]]]}},{"type":"Feature","id":"es-as-concejo-33003","properties":{"id":"es-as-concejo-33003","slug":"amieva","name":"Amieva","localName":"Amieva","aliases":[],"kind":"municipality","boundaryStatus":"official","parentId":"es-as","population":null,"areaKm2":115,"density":null,"referenceYear":null,"sourceId":"sitpa-administrative-units","bbox":[-5.20872,43.17026,-4.97061,43.30721],"center":[-5.089665,43.238735]},"geometry":{"type":"Polygon","coordinates":[[[-5.20723,43.27687],[-5.20751,43.27313],[-5.20872,43.27213],[-5.19984,43.26718],[-5.20142,43.26522],[-5.19644,43.26254],[-5.19383,43.25853],[-5.17731,43.25154],[-5.17657,43.25069],[-5.17762,43.24779],[-5.17314,43.24182],[-5.16862,43.23984],[-5.16737,43.23756],[-5.15883,43.23195],[-5.14932,43.23297],[-5.14386,43.23015],[-5.13678,43.22183],[-5.12402,43.22086],[-5.12244,43.22266],[-5.11641,43.22223],[-5.10752,43.22556],[-5.101,43.2256],[-5.09901,43.22671],[-5.09541,43.22495],[-5.0785,43.22193],[-5.07866,43.20543],[-5.07476,43.20284],[-5.06989,43.19605],[-5.06586,43.19333],[-5.05869,43.19173],[-5.05624,43.18954],[-5.05367,43.18143],[-5.04526,43.18259],[-5.0409,43.18468],[-5.03162,43.1818],[-5.02804,43.18326],[-5.02146,43.18351],[-5.01493,43.17936],[-5.00771,43.17798],[-5.00195,43.17523],[-4.99762,43.17026],[-4.99641,43.18533],[-4.98585,43.19316],[-4.98035,43.20029],[-4.97061,43.20174],[-4.97141,43.20453],[-4.97465,43.20762],[-4.98242,43.20849],[-4.99649,43.21967],[-5.00491,43.22125],[-5.00518,43.22288],[-5.01126,43.22439],[-5.0178,43.23127],[-5.02066,43.23105],[-5.0227,43.23422],[-5.02208,43.23502],[-5.02543,43.23864],[-5.02817,43.23873],[-5.03129,43.24422],[-5.03688,43.24631],[-5.04356,43.25499],[-5.04726,43.25787],[-5.05821,43.26417],[-5.07309,43.26895],[-5.07419,43.27122],[-5.0782,43.27227],[-5.08008,43.27446],[-5.09281,43.27697],[-5.10311,43.28193],[-5.10335,43.28353],[-5.11474,43.29269],[-5.11503,43.29424],[-5.11773,43.2956],[-5.12033,43.29449],[-5.1215,43.29656],[-5.12078,43.29927],[-5.12733,43.30064],[-5.12591,43.30323],[-5.12882,43.30353],[-5.12864,43.30721],[-5.13116,43.30687],[-5.13274,43.30487],[-5.13297,43.3036],[-5.13115,43.30247],[-5.14177,43.30034],[-5.15728,43.30409],[-5.16179,43.30167],[-5.16272,43.29801],[-5.16939,43.29718],[-5.17161,43.29965],[-5.17452,43.3003],[-5.18821,43.28816],[-5.20671,43.27729],[-5.20723,43.27687]]]}},{"type":"Feature","id":"es-as-concejo-33004","properties":{"id":"es-as-concejo-33004","slug":"aviles","name":"Avilés","localName":"Avilés","aliases":[],"kind":"municipality","boundaryStatus":"official","parentId":"es-as","population":null,"areaKm2":26.7,"density":null,"referenceYear":null,"sourceId":"sitpa-administrative-units","bbox":[-5.95586,43.53054,-5.87675,43.59595],"center":[-5.916305,43.563245]},"geometry":{"type":"Polygon","coordinates":[[[-5.92955,43.58868],[-5.92961,43.5873],[-5.92777,43.58743],[-5.92698,43.58084],[-5.9358,43.5802],[-5.937,43.57327],[-5.94709,43.57258],[-5.95201,43.56682],[-5.95586,43.56444],[-5.95025,43.55721],[-5.94947,43.55425],[-5.95365,43.55153],[-5.9498,43.54678],[-5.95021,43.54404],[-5.95263,43.54159],[-5.9519,43.53966],[-5.95282,43.53679],[-5.94726,43.53398],[-5.94076,43.53384],[-5.93798,43.53497],[-5.91263,43.53054],[-5.90911,43.53382],[-5.90875,43.53573],[-5.90378,43.53624],[-5.89973,43.53967],[-5.89842,43.54366],[-5.88997,43.55014],[-5.88854,43.55547],[-5.88447,43.55555],[-5.87675,43.5689],[-5.88207,43.57436],[-5.88849,43.57441],[-5.90056,43.57823],[-5.90698,43.58208],[-5.90634,43.58408],[-5.91826,43.58402],[-5.92131,43.58843],[-5.9178,43.58741],[-5.91388,43.58965],[-5.91569,43.59017],[-5.91662,43.59393],[-5.91535,43.59595],[-5.92143,43.59462],[-5.92191,43.59149],[-5.93158,43.59422],[-5.9392,43.59351],[-5.92859,43.59189],[-5.92955,43.58868]]]}},{"type":"Feature","id":"es-as-concejo-33006","properties":{"id":"es-as-concejo-33006","slug":"bimenes","name":"Bimenes","localName":"Bimenes","aliases":[],"kind":"municipality","boundaryStatus":"official","parentId":"es-as","population":null,"areaKm2":32.6,"density":null,"referenceYear":null,"sourceId":"sitpa-administrative-units","bbox":[-5.60667,43.29298,-5.50999,43.35738],"center":[-5.55833,43.32518]},"geometry":{"type":"Polygon","coordinates":[[[-5.60667,43.32933],[-5.60503,43.32636],[-5.60002,43.32464],[-5.59721,43.32105],[-5.58821,43.31805],[-5.58768,43.31172],[-5.5831,43.30893],[-5.57868,43.29886],[-5.56831,43.29636],[-5.5662,43.29746],[-5.56159,43.29622],[-5.55876,43.29298],[-5.55107,43.29356],[-5.54773,43.29509],[-5.54594,43.29427],[-5.53947,43.29639],[-5.53203,43.29399],[-5.52775,43.29411],[-5.52923,43.29987],[-5.50999,43.30336],[-5.51231,43.30923],[-5.5153,43.31252],[-5.51598,43.31705],[-5.53156,43.32259],[-5.53228,43.32673],[-5.54224,43.33013],[-5.54804,43.33946],[-5.54297,43.34556],[-5.54703,43.35386],[-5.55067,43.35486],[-5.55905,43.35432],[-5.56692,43.35738],[-5.57241,43.35638],[-5.57778,43.35293],[-5.593,43.35185],[-5.60292,43.34163],[-5.60065,43.33549],[-5.6034,43.33024],[-5.60499,43.32994],[-5.60667,43.32933]]]}},{"type":"Feature","id":"es-as-concejo-33007","properties":{"id":"es-as-concejo-33007","slug":"boal","name":"Boal","localName":"Bual","aliases":["Bual"],"kind":"municipality","boundaryStatus":"official","parentId":"es-as","population":null,"areaKm2":120.5,"density":null,"referenceYear":null,"sourceId":"sitpa-administrative-units","bbox":[-6.94269,43.34802,-6.7198,43.47263],"center":[-6.831245,43.410325]},"geometry":{"type":"Polygon","coordinates":[[[-6.94269,43.38005],[-6.94249,43.37535],[-6.94006,43.37305],[-6.93942,43.37803],[-6.93329,43.38201],[-6.92737,43.38045],[-6.92585,43.38303],[-6.91853,43.38593],[-6.90433,43.38461],[-6.9045,43.38597],[-6.89846,43.38969],[-6.89468,43.39542],[-6.88939,43.39882],[-6.87804,43.3987],[-6.87381,43.39498],[-6.87539,43.38947],[-6.88164,43.37936],[-6.87473,43.37891],[-6.85535,43.38274],[-6.83239,43.38301],[-6.83005,43.3796],[-6.83177,43.3764],[-6.81905,43.37431],[-6.81388,43.37182],[-6.80262,43.36263],[-6.79805,43.35611],[-6.78966,43.35399],[-6.78332,43.34802],[-6.77514,43.34956],[-6.77421,43.35507],[-6.7678,43.36486],[-6.76708,43.37224],[-6.7649,43.37609],[-6.7662,43.38371],[-6.76007,43.39403],[-6.76119,43.39682],[-6.75933,43.40481],[-6.76164,43.41003],[-6.75997,43.41422],[-6.7612,43.41685],[-6.75738,43.42092],[-6.76249,43.4244],[-6.74975,43.43017],[-6.74703,43.43311],[-6.74332,43.43406],[-6.74242,43.43284],[-6.74094,43.43533],[-6.73781,43.43581],[-6.73285,43.4337],[-6.73191,43.43656],[-6.73026,43.43756],[-6.7198,43.44005],[-6.72121,43.44278],[-6.72523,43.44381],[-6.72685,43.44645],[-6.73524,43.44761],[-6.73223,43.45253],[-6.72562,43.45598],[-6.72121,43.46144],[-6.7227,43.46478],[-6.73171,43.46662],[-6.7329,43.46591],[-6.73171,43.46375],[-6.73244,43.46138],[-6.73698,43.45885],[-6.7406,43.4584],[-6.74149,43.45633],[-6.74582,43.45622],[-6.7549,43.45923],[-6.7656,43.45876],[-6.76825,43.45994],[-6.7732,43.45777],[-6.78138,43.46121],[-6.78597,43.46686],[-6.79392,43.47091],[-6.79822,43.47263],[-6.80756,43.47255],[-6.8185,43.4672],[-6.8194,43.46354],[-6.82221,43.4614],[-6.82348,43.4577],[-6.82248,43.45568],[-6.82775,43.45081],[-6.8396,43.44783],[-6.85005,43.45016],[-6.86192,43.45103],[-6.86778,43.45321],[-6.8741,43.45252],[-6.87388,43.4566],[-6.87903,43.45783],[-6.88438,43.45543],[-6.89683,43.4591],[-6.89902,43.4566],[-6.89754,43.45463],[-6.90035,43.45399],[-6.90127,43.45177],[-6.9085,43.45012],[-6.90517,43.44443],[-6.90988,43.43827],[-6.90869,43.43464],[-6.90482,43.43271],[-6.90576,43.42602],[-6.90129,43.42452],[-6.89873,43.42159],[-6.90445,43.41755],[-6.90933,43.40821],[-6.91327,43.40601],[-6.91666,43.40094],[-6.91976,43.39953],[-6.92203,43.3944],[-6.92786,43.39162],[-6.93032,43.38593],[-6.94201,43.3814],[-6.94269,43.38005]]]}},{"type":"Feature","id":"es-as-concejo-33008","properties":{"id":"es-as-concejo-33008","slug":"cabrales","name":"Cabrales","localName":"Cabrales","aliases":[],"kind":"municipality","boundaryStatus":"official","parentId":"es-as","population":null,"areaKm2":238.8,"density":null,"referenceYear":null,"sourceId":"sitpa-administrative-units","bbox":[-4.94086,43.17835,-4.72101,43.36488],"center":[-4.830935,43.271615]},"geometry":{"type":"Polygon","coordinates":[[[-4.73076,43.25599],[-4.73023,43.26161],[-4.73793,43.27253],[-4.74866,43.27897],[-4.75059,43.28441],[-4.76156,43.30089],[-4.766,43.30347],[-4.76553,43.30555],[-4.77321,43.31193],[-4.77901,43.32174],[-4.78201,43.32372],[-4.78488,43.33776],[-4.78767,43.34287],[-4.78118,43.35519],[-4.77616,43.35993],[-4.77834,43.36212],[-4.78975,43.35318],[-4.80762,43.35585],[-4.82061,43.35489],[-4.83145,43.35785],[-4.8398,43.36231],[-4.85028,43.36488],[-4.85271,43.36474],[-4.85426,43.36169],[-4.86007,43.35883],[-4.86528,43.35777],[-4.88509,43.35825],[-4.89456,43.36075],[-4.893,43.35726],[-4.89578,43.35339],[-4.90674,43.35212],[-4.91556,43.35804],[-4.91661,43.35538],[-4.91435,43.35191],[-4.91932,43.34778],[-4.91273,43.34287],[-4.91385,43.3393],[-4.91131,43.33586],[-4.91546,43.33344],[-4.92657,43.31424],[-4.94086,43.29759],[-4.93724,43.28757],[-4.90818,43.25599],[-4.90747,43.25348],[-4.90891,43.23786],[-4.89479,43.23817],[-4.88681,43.23535],[-4.88454,43.23215],[-4.88146,43.23225],[-4.87966,43.23027],[-4.87101,43.22802],[-4.8703,43.22589],[-4.8669,43.22424],[-4.8613,43.21842],[-4.86024,43.21505],[-4.86351,43.21189],[-4.86016,43.20898],[-4.86082,43.20532],[-4.85631,43.20335],[-4.85598,43.20018],[-4.85249,43.1974],[-4.85247,43.19541],[-4.85018,43.19507],[-4.84943,43.19298],[-4.84547,43.19339],[-4.83955,43.18966],[-4.83936,43.18701],[-4.84122,43.18533],[-4.84102,43.18078],[-4.83385,43.18077],[-4.82449,43.17835],[-4.81897,43.17912],[-4.81633,43.18335],[-4.81061,43.18119],[-4.78672,43.18578],[-4.77899,43.19208],[-4.75995,43.1867],[-4.75427,43.184],[-4.74352,43.18443],[-4.73687,43.18701],[-4.73402,43.18985],[-4.73319,43.19342],[-4.7376,43.19687],[-4.73562,43.20171],[-4.73647,43.20694],[-4.72776,43.21679],[-4.73078,43.2232],[-4.72101,43.22951],[-4.72492,43.23706],[-4.72279,43.24162],[-4.72557,43.24635],[-4.72882,43.24903],[-4.73012,43.25505],[-4.73076,43.25599]]]}},{"type":"Feature","id":"es-as-concejo-33019","properties":{"id":"es-as-concejo-33019","slug":"colunga","name":"Colunga","localName":"Colunga","aliases":[],"kind":"municipality","boundaryStatus":"official","parentId":"es-as","population":null,"areaKm2":96.7,"density":null,"referenceYear":null,"sourceId":"sitpa-administrative-units","bbox":[-5.34447,43.41195,-5.20071,43.5357],"center":[-5.27259,43.473825]},"geometry":{"type":"MultiPolygon","coordinates":[[[[-5.33976,43.42676],[-5.33882,43.42819],[-5.32423,43.42231],[-5.3226,43.41857],[-5.31895,43.41511],[-5.31394,43.41401],[-5.31143,43.41608],[-5.29708,43.41195],[-5.28475,43.41254],[-5.28043,43.41379],[-5.26944,43.42595],[-5.26944,43.42764],[-5.26453,43.4307],[-5.25793,43.43009],[-5.25148,43.43252],[-5.24972,43.4306],[-5.24303,43.43195],[-5.2396,43.43098],[-5.2327,43.43188],[-5.23158,43.43333],[-5.22949,43.43223],[-5.2267,43.43612],[-5.22102,43.43954],[-5.20071,43.43797],[-5.21572,43.45288],[-5.21468,43.45876],[-5.21584,43.46154],[-5.21591,43.47484],[-5.21888,43.47694],[-5.22143,43.47689],[-5.22496,43.48002],[-5.22524,43.48119],[-5.22353,43.48243],[-5.22414,43.48429],[-5.22699,43.4865],[-5.23028,43.48581],[-5.23299,43.48958],[-5.24271,43.49355],[-5.25013,43.50109],[-5.25873,43.5025],[-5.26774,43.50664],[-5.26985,43.5095],[-5.26723,43.51221],[-5.26786,43.51575],[-5.26651,43.51541],[-5.26515,43.51718],[-5.26428,43.51531],[-5.26402,43.51704],[-5.26657,43.51871],[-5.26536,43.51856],[-5.27478,43.52206],[-5.27955,43.52633],[-5.29162,43.53127],[-5.2954,43.53516],[-5.29952,43.5357],[-5.30364,43.53531],[-5.30408,43.53388],[-5.30843,43.53243],[-5.31187,43.53347],[-5.31288,43.5268],[-5.31107,43.51934],[-5.31547,43.51556],[-5.32595,43.51302],[-5.3322,43.5099],[-5.33727,43.5056],[-5.33887,43.49182],[-5.34399,43.48744],[-5.34447,43.48106],[-5.33785,43.47292],[-5.33599,43.46674],[-5.3422,43.46007],[-5.33611,43.45073],[-5.33959,43.43554],[-5.33976,43.42676]]],[[[-5.22226,43.48016],[-5.22211,43.48019],[-5.22199,43.48025],[-5.22195,43.48047],[-5.22181,43.48064],[-5.22183,43.48073],[-5.22194,43.4808],[-5.22223,43.48079],[-5.22235,43.48071],[-5.22261,43.48066],[-5.22255,43.48057],[-5.22232,43.48044],[-5.22236,43.48023],[-5.22226,43.48016]]]]}},{"type":"Feature","id":"es-as-concejo-33009","properties":{"id":"es-as-concejo-33009","slug":"cabranes","name":"Cabranes","localName":"Cabranes","aliases":[],"kind":"municipality","boundaryStatus":"official","parentId":"es-as","population":null,"areaKm2":38.3,"density":null,"referenceYear":null,"sourceId":"sitpa-administrative-units","bbox":[-5.49648,43.37622,-5.36615,43.43792],"center":[-5.431315,43.407070000000004]},"geometry":{"type":"Polygon","coordinates":[[[-5.49648,43.41593],[-5.48884,43.41488],[-5.48192,43.40995],[-5.47307,43.39734],[-5.46628,43.39802],[-5.46363,43.39695],[-5.46691,43.39338],[-5.46801,43.38958],[-5.46557,43.38406],[-5.45969,43.37712],[-5.45231,43.37797],[-5.44651,43.37622],[-5.42962,43.38393],[-5.40519,43.38394],[-5.38314,43.3856],[-5.37158,43.3925],[-5.36615,43.40698],[-5.36946,43.40827],[-5.37288,43.41668],[-5.37594,43.41788],[-5.37658,43.42089],[-5.38917,43.42332],[-5.39249,43.42279],[-5.39673,43.42506],[-5.39826,43.42924],[-5.4004,43.43107],[-5.40969,43.43472],[-5.41206,43.4375],[-5.42357,43.43792],[-5.43522,43.43518],[-5.4334,43.43473],[-5.43288,43.43108],[-5.43457,43.42698],[-5.43697,43.42492],[-5.43658,43.41999],[-5.44349,43.41657],[-5.44779,43.41143],[-5.45577,43.41328],[-5.46972,43.41333],[-5.47526,43.41552],[-5.48995,43.41546],[-5.49648,43.41593]]]}},{"type":"Feature","id":"es-as-concejo-33011","properties":{"id":"es-as-concejo-33011","slug":"cangas-del-narcea","name":"Cangas Del Narcea","localName":"Cangas Del Narcea","aliases":[],"kind":"municipality","boundaryStatus":"official","parentId":"es-as","population":null,"areaKm2":824.6,"density":null,"referenceYear":null,"sourceId":"sitpa-administrative-units","bbox":[-6.79934,42.95618,-6.35586,43.27553],"center":[-6.5776,43.115855]},"geometry":{"type":"MultiPolygon","coordinates":[[[[-6.44062,43.26604],[-6.44514,43.27186],[-6.45104,43.27553],[-6.47133,43.26392],[-6.4755,43.26401],[-6.48622,43.26031],[-6.49564,43.2525],[-6.50974,43.24727],[-6.51295,43.24233],[-6.52019,43.23693],[-6.53084,43.23623],[-6.54825,43.22591],[-6.5522,43.22153],[-6.55215,43.21937],[-6.54979,43.21591],[-6.55137,43.21328],[-6.55077,43.20761],[-6.5595,43.20577],[-6.5629,43.20068],[-6.56885,43.19848],[-6.57242,43.20482],[-6.57324,43.21015],[-6.57611,43.20979],[-6.57509,43.20705],[-6.57924,43.20125],[-6.57968,43.20226],[-6.58215,43.20196],[-6.59612,43.19848],[-6.59766,43.19694],[-6.59763,43.19487],[-6.6085,43.19356],[-6.60937,43.19531],[-6.61405,43.19412],[-6.6154,43.19186],[-6.62199,43.19076],[-6.62585,43.19387],[-6.62532,43.19584],[-6.62726,43.19869],[-6.6315,43.19855],[-6.63251,43.19714],[-6.63438,43.19919],[-6.63761,43.2],[-6.64524,43.1996],[-6.65366,43.20301],[-6.66248,43.20214],[-6.67761,43.20592],[-6.69538,43.20239],[-6.70617,43.19581],[-6.70848,43.1914],[-6.71125,43.19325],[-6.71326,43.20008],[-6.71822,43.19947],[-6.72029,43.19257],[-6.72334,43.19082],[-6.72639,43.18572],[-6.72541,43.18093],[-6.72302,43.17736],[-6.73263,43.16914],[-6.73293,43.16608],[-6.73639,43.16174],[-6.73705,43.15255],[-6.74264,43.1467],[-6.74328,43.14212],[-6.73831,43.13887],[-6.73405,43.1324],[-6.73217,43.12574],[-6.74358,43.12025],[-6.74772,43.11695],[-6.76587,43.11432],[-6.77251,43.11501],[-6.78177,43.11298],[-6.78543,43.10744],[-6.78705,43.10125],[-6.79467,43.09932],[-6.79858,43.09626],[-6.79934,43.09406],[-6.79267,43.08962],[-6.79327,43.08671],[-6.78965,43.07989],[-6.78669,43.0771],[-6.78845,43.07531],[-6.78832,43.07289],[-6.77842,43.07183],[-6.77661,43.06968],[-6.76686,43.0675],[-6.75917,43.06891],[-6.74255,43.06285],[-6.7391,43.05824],[-6.73082,43.05296],[-6.71993,43.05248],[-6.72014,43.04213],[-6.71866,43.03624],[-6.72633,43.0328],[-6.72983,43.02747],[-6.73899,43.02586],[-6.74196,43.02108],[-6.74612,43.0176],[-6.74316,43.00584],[-6.73125,43.00541],[-6.72335,43.00117],[-6.72258,42.99886],[-6.70509,42.98913],[-6.69769,42.98661],[-6.68312,42.98614],[-6.67139,42.97346],[-6.66629,42.96902],[-6.66398,42.96998],[-6.66049,42.96643],[-6.6576,42.96641],[-6.6574,42.96745],[-6.64471,42.97252],[-6.63145,42.97057],[-6.62472,42.97412],[-6.60189,42.97159],[-6.59919,42.97551],[-6.59591,42.97371],[-6.59092,42.97503],[-6.59004,42.97084],[-6.58169,42.96183],[-6.56885,42.96036],[-6.56225,42.95784],[-6.55593,42.95928],[-6.54562,42.95618],[-6.53864,42.95843],[-6.52832,42.95696],[-6.523,42.9611],[-6.51713,42.96168],[-6.51744,42.96403],[-6.51365,42.96791],[-6.50588,42.97157],[-6.49547,42.97069],[-6.47965,42.96718],[-6.47301,42.96775],[-6.47468,42.97062],[-6.47197,42.97663],[-6.47826,42.98013],[-6.47889,42.98975],[-6.47732,42.9919],[-6.47085,42.99168],[-6.46588,42.98636],[-6.45903,42.9836],[-6.44644,42.98217],[-6.4371,42.99303],[-6.42635,42.98752],[-6.42413,42.98762],[-6.41852,42.99213],[-6.4134,42.99387],[-6.40737,42.99942],[-6.41017,43.00092],[-6.41113,43.00322],[-6.41215,43.00749],[-6.411,43.0123],[-6.4126,43.01444],[-6.41182,43.01623],[-6.40798,43.0185],[-6.40237,43.01623],[-6.39435,43.01661],[-6.39366,43.02014],[-6.392,43.02179],[-6.39347,43.02222],[-6.39082,43.02582],[-6.3921,43.02902],[-6.39157,43.03093],[-6.39504,43.03267],[-6.39705,43.03832],[-6.39015,43.04053],[-6.37355,43.04111],[-6.37402,43.04625],[-6.36475,43.0499],[-6.36457,43.05207],[-6.36202,43.05419],[-6.36343,43.05731],[-6.35909,43.05958],[-6.36004,43.06344],[-6.35839,43.0683],[-6.36134,43.07133],[-6.36216,43.0743],[-6.36629,43.07747],[-6.36572,43.08031],[-6.3636,43.08253],[-6.36635,43.08636],[-6.36696,43.09044],[-6.36543,43.09295],[-6.36591,43.09696],[-6.36371,43.09909],[-6.36295,43.1025],[-6.36594,43.10288],[-6.37344,43.10831],[-6.37408,43.11585],[-6.37237,43.11838],[-6.37343,43.12302],[-6.37662,43.12772],[-6.37486,43.13166],[-6.37732,43.1357],[-6.37461,43.14123],[-6.37408,43.14645],[-6.37259,43.14756],[-6.36504,43.15029],[-6.35586,43.15088],[-6.3591,43.15536],[-6.35962,43.15906],[-6.36779,43.16159],[-6.3717,43.16789],[-6.37149,43.17503],[-6.37437,43.17905],[-6.37182,43.18672],[-6.3738,43.18939],[-6.3752,43.20564],[-6.37366,43.21181],[-6.38087,43.21902],[-6.37851,43.22889],[-6.38166,43.22947],[-6.38574,43.23389],[-6.38629,43.23726],[-6.39378,43.24332],[-6.40294,43.25693],[-6.41778,43.25498],[-6.42472,43.25708],[-6.4311,43.25398],[-6.43948,43.2588],[-6.43953,43.26458],[-6.44062,43.26604]]],[[[-6.61025,43.19829],[-6.60747,43.20049],[-6.61236,43.20505],[-6.61481,43.20506],[-6.61897,43.19938],[-6.61077,43.19816],[-6.61025,43.19829]]],[[[-6.59293,43.20881],[-6.59328,43.21357],[-6.59038,43.21508],[-6.59491,43.2167],[-6.5991,43.21391],[-6.60086,43.21105],[-6.59441,43.20824],[-6.59293,43.20881]]]]}},{"type":"Feature","id":"es-as-concejo-33030","properties":{"id":"es-as-concejo-33030","slug":"illas","name":"Illas","localName":"Illas","aliases":[],"kind":"municipality","boundaryStatus":"official","parentId":"es-as","population":null,"areaKm2":25.5,"density":null,"referenceYear":null,"sourceId":"sitpa-administrative-units","bbox":[-6.01709,43.47119,-5.91642,43.52062],"center":[-5.966754999999999,43.495905]},"geometry":{"type":"Polygon","coordinates":[[[-5.95084,43.51807],[-5.95384,43.52062],[-5.95591,43.51857],[-5.97097,43.5148],[-5.98475,43.50953],[-5.99389,43.50681],[-5.99747,43.50708],[-5.99854,43.50457],[-6.00624,43.50332],[-6.00985,43.49865],[-6.01285,43.49831],[-6.01709,43.4946],[-6.01049,43.48973],[-6.00834,43.48169],[-5.9989,43.48176],[-5.99238,43.47545],[-5.98839,43.47343],[-5.97778,43.4749],[-5.9716,43.47119],[-5.96772,43.47248],[-5.96828,43.47478],[-5.96096,43.47635],[-5.95627,43.4799],[-5.95361,43.4866],[-5.94059,43.49229],[-5.93657,43.48905],[-5.91642,43.49816],[-5.92306,43.50858],[-5.92732,43.51928],[-5.93632,43.52011],[-5.94399,43.51741],[-5.95016,43.51724],[-5.95084,43.51807]]]}},{"type":"Feature","id":"es-as-concejo-33012","properties":{"id":"es-as-concejo-33012","slug":"cangas-de-onis","name":"Cangas De Onís","localName":"Cangues D´onís","aliases":["Cangues D´onís"],"kind":"municipality","boundaryStatus":"official","parentId":"es-as","population":null,"areaKm2":213.2,"density":null,"referenceYear":null,"sourceId":"sitpa-administrative-units","bbox":[-5.18502,43.20295,-4.94153,43.42453],"center":[-5.063275,43.313739999999996]},"geometry":{"type":"Polygon","coordinates":[[[-5.13116,43.30687],[-5.12864,43.30721],[-5.12882,43.30353],[-5.12598,43.30338],[-5.12715,43.30047],[-5.12078,43.29927],[-5.1215,43.29656],[-5.12033,43.29449],[-5.11773,43.2956],[-5.11503,43.29424],[-5.11474,43.29269],[-5.10335,43.28353],[-5.10311,43.28193],[-5.09281,43.27697],[-5.08008,43.27446],[-5.0782,43.27227],[-5.07419,43.27122],[-5.07309,43.26895],[-5.05821,43.26417],[-5.04726,43.25787],[-5.04356,43.25499],[-5.03688,43.24631],[-5.03129,43.24422],[-5.02817,43.23873],[-5.02543,43.23864],[-5.02208,43.23502],[-5.0227,43.23422],[-5.02066,43.23105],[-5.0178,43.23127],[-5.01126,43.22439],[-5.00518,43.22288],[-5.00491,43.22125],[-4.99649,43.21967],[-4.98242,43.20849],[-4.97465,43.20762],[-4.97076,43.20295],[-4.96306,43.21267],[-4.96061,43.21199],[-4.95214,43.21459],[-4.95139,43.21945],[-4.94615,43.22106],[-4.94272,43.22477],[-4.94153,43.23191],[-4.94223,43.23581],[-4.95279,43.2408],[-4.95873,43.24688],[-4.96797,43.2503],[-4.96718,43.26201],[-4.973,43.26715],[-4.9715,43.2728],[-4.97439,43.28696],[-4.99076,43.28953],[-5.00043,43.29383],[-5.00316,43.29751],[-5.00029,43.31311],[-5.00337,43.32814],[-5.00068,43.34208],[-4.99256,43.35099],[-4.98981,43.36182],[-4.98734,43.36085],[-4.9836,43.36548],[-4.98897,43.36763],[-4.98898,43.36998],[-4.9906,43.37202],[-4.98984,43.37308],[-4.99429,43.37626],[-5.00319,43.37734],[-5.0116,43.38312],[-5.00922,43.38722],[-5.00942,43.39204],[-5.01178,43.39519],[-5.00954,43.39647],[-5.02574,43.39912],[-5.03054,43.40878],[-5.05517,43.40675],[-5.06718,43.40943],[-5.07982,43.41782],[-5.08548,43.42453],[-5.09002,43.41854],[-5.09429,43.41668],[-5.09386,43.41291],[-5.09798,43.4107],[-5.10089,43.4105],[-5.11229,43.41393],[-5.11472,43.40859],[-5.1233,43.41133],[-5.1274,43.40744],[-5.13524,43.4073],[-5.13713,43.40291],[-5.14048,43.40105],[-5.14724,43.39845],[-5.15289,43.39798],[-5.15686,43.3952],[-5.16722,43.39478],[-5.17446,43.39726],[-5.18093,43.39515],[-5.18054,43.39084],[-5.18435,43.38827],[-5.18502,43.38594],[-5.17791,43.38674],[-5.17904,43.38362],[-5.17344,43.38133],[-5.1663,43.37255],[-5.14592,43.37297],[-5.14765,43.36974],[-5.15248,43.36546],[-5.14083,43.35954],[-5.1354,43.35884],[-5.13206,43.35419],[-5.13466,43.33547],[-5.1369,43.33387],[-5.13988,43.32739],[-5.14278,43.32587],[-5.13852,43.32358],[-5.13157,43.32421],[-5.13444,43.31977],[-5.13054,43.31688],[-5.13146,43.30832],[-5.13116,43.30687]]]}},{"type":"Feature","id":"es-as-concejo-33013","properties":{"id":"es-as-concejo-33013","slug":"caravia","name":"Caravia","localName":"Caravia","aliases":[],"kind":"municipality","boundaryStatus":"official","parentId":"es-as","population":null,"areaKm2":13.3,"density":null,"referenceYear":null,"sourceId":"sitpa-administrative-units","bbox":[-5.21591,43.43797,-5.16207,43.47863],"center":[-5.18899,43.4583]},"geometry":{"type":"Polygon","coordinates":[[[-5.21591,43.47484],[-5.21584,43.46154],[-5.21468,43.45876],[-5.21572,43.45288],[-5.20071,43.43797],[-5.1933,43.4392],[-5.1921,43.44169],[-5.17939,43.44816],[-5.17715,43.45101],[-5.16934,43.4556],[-5.16643,43.45623],[-5.16207,43.46043],[-5.16841,43.47678],[-5.17145,43.47499],[-5.17764,43.47459],[-5.18086,43.47672],[-5.18956,43.47605],[-5.1906,43.47863],[-5.19362,43.4778],[-5.19551,43.47525],[-5.19916,43.47539],[-5.20105,43.47673],[-5.20345,43.47662],[-5.20467,43.4745],[-5.21576,43.47482],[-5.21591,43.47484]]]}},{"type":"Feature","id":"es-as-concejo-33014","properties":{"id":"es-as-concejo-33014","slug":"carreno","name":"Carreño","localName":"Carreño","aliases":[],"kind":"municipality","boundaryStatus":"official","parentId":"es-as","population":null,"areaKm2":66.6,"density":null,"referenceYear":null,"sourceId":"sitpa-administrative-units","bbox":[-5.86301,43.50253,-5.70887,43.60059],"center":[-5.78594,43.551559999999995]},"geometry":{"type":"MultiPolygon","coordinates":[[[[-5.77052,43.60059],[-5.77409,43.59949],[-5.77563,43.59209],[-5.78154,43.5915],[-5.7883,43.58659],[-5.79558,43.58339],[-5.79897,43.58015],[-5.82253,43.57112],[-5.83297,43.56492],[-5.83267,43.56326],[-5.84214,43.56054],[-5.85491,43.55226],[-5.84707,43.54754],[-5.86301,43.53092],[-5.86281,43.52857],[-5.83912,43.50988],[-5.82491,43.50253],[-5.82123,43.50405],[-5.81663,43.51051],[-5.81509,43.51093],[-5.81204,43.50898],[-5.80862,43.51271],[-5.79542,43.5167],[-5.79239,43.51894],[-5.78383,43.52023],[-5.78267,43.52202],[-5.76892,43.52512],[-5.75809,43.53201],[-5.74575,43.53788],[-5.74276,43.53762],[-5.74509,43.54078],[-5.73565,43.54273],[-5.72844,43.54708],[-5.71645,43.55871],[-5.71388,43.56206],[-5.71317,43.56563],[-5.71021,43.56762],[-5.70887,43.57269],[-5.71164,43.56833],[-5.72649,43.57285],[-5.7347,43.57343],[-5.73764,43.57642],[-5.73907,43.57608],[-5.7389,43.57891],[-5.74248,43.57751],[-5.74404,43.57834],[-5.74352,43.58218],[-5.74719,43.58446],[-5.74912,43.58513],[-5.75208,43.58323],[-5.75561,43.58317],[-5.75553,43.58489],[-5.75726,43.58423],[-5.76062,43.5868],[-5.76069,43.58825],[-5.75857,43.58835],[-5.76229,43.58872],[-5.76294,43.59001],[-5.75761,43.58904],[-5.76143,43.59176],[-5.75987,43.59501],[-5.76592,43.59356],[-5.76579,43.59606],[-5.76706,43.59502],[-5.76806,43.59666],[-5.76723,43.59893],[-5.7694,43.59907],[-5.77037,43.6005],[-5.77052,43.60059]]],[[[-5.74347,43.581],[-5.74334,43.58106],[-5.74325,43.58115],[-5.74311,43.58122],[-5.74293,43.58122],[-5.74286,43.5813],[-5.74288,43.58144],[-5.74291,43.58156],[-5.74303,43.58162],[-5.74317,43.58168],[-5.74332,43.58172],[-5.74347,43.58167],[-5.74346,43.58154],[-5.74361,43.5815],[-5.74376,43.58147],[-5.74386,43.58138],[-5.7439,43.58126],[-5.7439,43.58114],[-5.74384,43.58104],[-5.74367,43.58097],[-5.74347,43.581]]],[[[-5.76678,43.59901],[-5.76688,43.59914],[-5.76699,43.59923],[-5.7671,43.59931],[-5.76724,43.5994],[-5.76733,43.59936],[-5.76731,43.59924],[-5.76725,43.59917],[-5.76718,43.59909],[-5.76705,43.59901],[-5.76689,43.59898],[-5.76678,43.59901]]]]}},{"type":"Feature","id":"es-as-concejo-33022","properties":{"id":"es-as-concejo-33022","slug":"degana","name":"Degaña","localName":"Degaña","aliases":[],"kind":"municipality","boundaryStatus":"official","parentId":"es-as","population":null,"areaKm2":87.3,"density":null,"referenceYear":null,"sourceId":"sitpa-administrative-units","bbox":[-6.70075,42.91251,-6.4331,42.98705],"center":[-6.5669249999999995,42.949780000000004]},"geometry":{"type":"MultiPolygon","coordinates":[[[[-6.6576,42.96641],[-6.65942,42.96292],[-6.65403,42.96118],[-6.65414,42.95831],[-6.63878,42.92546],[-6.63222,42.9232],[-6.62858,42.91949],[-6.61293,42.92455],[-6.6065,42.9161],[-6.59786,42.91858],[-6.59029,42.91669],[-6.58554,42.91844],[-6.5794,42.9185],[-6.57117,42.91708],[-6.56906,42.91478],[-6.56039,42.91436],[-6.55518,42.91278],[-6.54123,42.91251],[-6.53885,42.9188],[-6.53564,42.92162],[-6.52942,42.92363],[-6.5232,42.92344],[-6.51969,42.92587],[-6.51058,42.92873],[-6.50012,42.92281],[-6.48977,42.92025],[-6.48612,42.929],[-6.47859,42.93356],[-6.45487,42.93493],[-6.44161,42.93957],[-6.4331,42.93976],[-6.44161,42.94731],[-6.43364,42.96416],[-6.44237,42.96688],[-6.45177,42.96595],[-6.46238,42.96768],[-6.46854,42.96612],[-6.47393,42.96796],[-6.47965,42.96718],[-6.49547,42.97069],[-6.50588,42.97157],[-6.51365,42.96791],[-6.51744,42.96403],[-6.51713,42.96168],[-6.523,42.9611],[-6.52832,42.95696],[-6.53864,42.95843],[-6.54562,42.95618],[-6.55593,42.95928],[-6.56225,42.95784],[-6.56885,42.96036],[-6.58169,42.96183],[-6.59004,42.97084],[-6.59092,42.97503],[-6.59591,42.97371],[-6.59919,42.97551],[-6.60189,42.97159],[-6.62472,42.97412],[-6.63145,42.97057],[-6.64471,42.97252],[-6.6574,42.96745],[-6.6576,42.96641]]],[[[-6.69457,42.98705],[-6.69315,42.98176],[-6.70075,42.96829],[-6.69257,42.96308],[-6.69272,42.95951],[-6.6893,42.96128],[-6.68502,42.96011],[-6.67321,42.96209],[-6.67233,42.96591],[-6.66629,42.96902],[-6.68129,42.98509],[-6.68769,42.98651],[-6.69457,42.98705]]]]}},{"type":"Feature","id":"es-as-concejo-33023","properties":{"id":"es-as-concejo-33023","slug":"el-franco","name":"El Franco","localName":"El Franco","aliases":[],"kind":"municipality","boundaryStatus":"official","parentId":"es-as","population":null,"areaKm2":78.3,"density":null,"referenceYear":null,"sourceId":"sitpa-administrative-units","bbox":[-6.88958,43.44783,-6.78749,43.57137],"center":[-6.838535,43.509600000000006]},"geometry":{"type":"MultiPolygon","coordinates":[[[[-6.88958,43.46759],[-6.88772,43.46639],[-6.88526,43.46033],[-6.87388,43.4566],[-6.8741,43.45252],[-6.86778,43.45321],[-6.86192,43.45103],[-6.85005,43.45016],[-6.8396,43.44783],[-6.82775,43.45081],[-6.82248,43.45568],[-6.82348,43.4577],[-6.82221,43.4614],[-6.8194,43.46354],[-6.8185,43.4672],[-6.81641,43.46906],[-6.81564,43.47538],[-6.81954,43.48254],[-6.81832,43.48731],[-6.80574,43.48949],[-6.78925,43.5029],[-6.79049,43.50538],[-6.78814,43.51086],[-6.79011,43.51471],[-6.78749,43.51909],[-6.78773,43.52308],[-6.78953,43.52879],[-6.79665,43.53638],[-6.80321,43.54789],[-6.8035,43.55287],[-6.80188,43.55702],[-6.80342,43.55752],[-6.80307,43.55935],[-6.80743,43.55721],[-6.80884,43.5549],[-6.81185,43.55456],[-6.81323,43.55696],[-6.81724,43.5562],[-6.81691,43.55879],[-6.81977,43.55989],[-6.81927,43.56188],[-6.82109,43.56193],[-6.821,43.56317],[-6.82251,43.56252],[-6.82634,43.56541],[-6.82796,43.56396],[-6.82821,43.56636],[-6.83072,43.56554],[-6.83117,43.56675],[-6.83241,43.56562],[-6.83311,43.56703],[-6.83519,43.56566],[-6.83533,43.56689],[-6.8371,43.56727],[-6.84082,43.56581],[-6.83834,43.56427],[-6.83889,43.56331],[-6.84057,43.56306],[-6.84072,43.56398],[-6.83925,43.5641],[-6.84015,43.56515],[-6.84406,43.56573],[-6.84639,43.56446],[-6.8484,43.565],[-6.85159,43.56266],[-6.84992,43.56515],[-6.85209,43.56533],[-6.85216,43.56428],[-6.85408,43.56563],[-6.85284,43.56715],[-6.8546,43.56785],[-6.85443,43.57057],[-6.85717,43.5679],[-6.86478,43.56683],[-6.86715,43.56701],[-6.8649,43.57041],[-6.86648,43.56923],[-6.86621,43.5705],[-6.87297,43.56532],[-6.87411,43.56304],[-6.87626,43.56241],[-6.87729,43.56357],[-6.87613,43.56199],[-6.87758,43.55844],[-6.88153,43.55775],[-6.8754,43.55157],[-6.87623,43.55009],[-6.87529,43.54465],[-6.87801,43.54377],[-6.87805,43.54163],[-6.8746,43.54209],[-6.87791,43.53457],[-6.88287,43.53078],[-6.88434,43.52601],[-6.87741,43.52338],[-6.87671,43.52142],[-6.88637,43.51263],[-6.88546,43.51065],[-6.88279,43.51066],[-6.87727,43.50865],[-6.87583,43.50656],[-6.87263,43.50624],[-6.87806,43.49598],[-6.87803,43.49349],[-6.88446,43.48741],[-6.88566,43.47914],[-6.8876,43.47731],[-6.88926,43.468],[-6.88958,43.46759]]],[[[-6.81103,43.55597],[-6.81098,43.55598],[-6.81096,43.55606],[-6.81101,43.55623],[-6.81106,43.55623],[-6.81108,43.55625],[-6.81117,43.55624],[-6.81121,43.5562],[-6.81122,43.55613],[-6.81117,43.55604],[-6.81109,43.55599],[-6.81103,43.55597]]],[[[-6.81261,43.55675],[-6.81247,43.55682],[-6.81231,43.55696],[-6.81229,43.55703],[-6.81238,43.55701],[-6.81258,43.5569],[-6.81265,43.55685],[-6.81269,43.55677],[-6.81261,43.55675]]],[[[-6.80121,43.55691],[-6.80116,43.55693],[-6.80119,43.55717],[-6.80151,43.55716],[-6.80162,43.55713],[-6.80166,43.55709],[-6.80166,43.55704],[-6.80159,43.55697],[-6.80147,43.55693],[-6.80134,43.55691],[-6.80121,43.55691]]],[[[-6.80882,43.5573],[-6.80847,43.55744],[-6.80849,43.55754],[-6.80853,43.55757],[-6.80861,43.55758],[-6.80874,43.55754],[-6.80886,43.55749],[-6.80897,43.55745],[-6.80904,43.55741],[-6.80906,43.55737],[-6.80903,43.55733],[-6.80893,43.5573],[-6.80882,43.5573]]],[[[-6.81255,43.55736],[-6.81249,43.55738],[-6.81237,43.55745],[-6.81234,43.55753],[-6.8124,43.55758],[-6.81247,43.55758],[-6.81262,43.55751],[-6.81269,43.55745],[-6.81268,43.55738],[-6.81255,43.55736]]],[[[-6.8076,43.5577],[-6.80749,43.55772],[-6.80739,43.55776],[-6.80733,43.55784],[-6.80731,43.55793],[-6.80732,43.55798],[-6.80741,43.55805],[-6.80751,43.55809],[-6.80762,43.5581],[-6.80772,43.55808],[-6.80784,43.55799],[-6.80786,43.5578],[-6.80782,43.55775],[-6.80772,43.55771],[-6.8076,43.5577]]],[[[-6.80936,43.55786],[-6.80922,43.55794],[-6.80916,43.55798],[-6.80913,43.55806],[-6.80913,43.55812],[-6.80918,43.55817],[-6.80929,43.55819],[-6.8094,43.55819],[-6.8095,43.55814],[-6.80959,43.55808],[-6.80963,43.55801],[-6.80961,43.55792],[-6.80959,43.55789],[-6.80936,43.55786]]],[[[-6.8005,43.55832],[-6.80045,43.55834],[-6.80047,43.55843],[-6.80051,43.55852],[-6.80056,43.55861],[-6.80062,43.55868],[-6.80065,43.55878],[-6.80065,43.55888],[-6.80066,43.55897],[-6.80069,43.55903],[-6.80073,43.55906],[-6.80079,43.55905],[-6.80085,43.55897],[-6.80085,43.55888],[-6.80086,43.55878],[-6.80077,43.55848],[-6.80056,43.55833],[-6.8005,43.55832]]],[[[-6.80745,43.55817],[-6.80737,43.55819],[-6.80731,43.55822],[-6.80727,43.5583],[-6.80729,43.55835],[-6.80733,43.55839],[-6.8076,43.55837],[-6.80774,43.5583],[-6.80778,43.55827],[-6.80768,43.55821],[-6.80755,43.55818],[-6.80745,43.55817]]],[[[-6.80848,43.5584],[-6.80779,43.55887],[-6.80858,43.55841],[-6.80848,43.5584]]],[[[-6.8162,43.55901],[-6.81608,43.55904],[-6.81596,43.5591],[-6.81588,43.55917],[-6.81583,43.55923],[-6.81584,43.55929],[-6.81588,43.55933],[-6.81597,43.55934],[-6.81611,43.5593],[-6.8163,43.55915],[-6.81635,43.55912],[-6.81633,43.55905],[-6.81629,43.55902],[-6.8162,43.55901]]],[[[-6.80676,43.55944],[-6.80672,43.55948],[-6.8067,43.55954],[-6.80682,43.55974],[-6.80691,43.55973],[-6.80703,43.55974],[-6.80715,43.55972],[-6.80727,43.55968],[-6.8074,43.55964],[-6.80745,43.5596],[-6.80748,43.55954],[-6.80746,43.5595],[-6.80736,43.55946],[-6.80723,43.55943],[-6.8071,43.55944],[-6.80697,43.55943],[-6.80685,43.55944],[-6.80676,43.55944]]],[[[-6.80859,43.55869],[-6.80826,43.55884],[-6.80825,43.55892],[-6.80827,43.55898],[-6.80832,43.55901],[-6.80842,43.55902],[-6.80854,43.55898],[-6.80864,43.55893],[-6.80871,43.55885],[-6.80875,43.55876],[-6.80874,43.55872],[-6.80867,43.55868],[-6.80859,43.55869]]],[[[-6.80597,43.55942],[-6.80589,43.56035],[-6.80605,43.55945],[-6.80597,43.55942]]],[[[-6.80396,43.55975],[-6.80384,43.5598],[-6.80377,43.55985],[-6.80375,43.55989],[-6.80389,43.56008],[-6.80412,43.56007],[-6.80423,43.56003],[-6.80432,43.55997],[-6.80437,43.55992],[-6.80438,43.55985],[-6.80432,43.5598],[-6.80422,43.55976],[-6.80408,43.55974],[-6.80396,43.55975]]],[[[-6.81705,43.56074],[-6.81694,43.56077],[-6.81684,43.56083],[-6.81678,43.5609],[-6.81679,43.56093],[-6.81691,43.56097],[-6.81708,43.56089],[-6.81714,43.56084],[-6.81716,43.56079],[-6.81713,43.56076],[-6.81705,43.56074]]],[[[-6.81814,43.56104],[-6.81803,43.56107],[-6.81799,43.56111],[-6.81797,43.56122],[-6.81798,43.56125],[-6.81799,43.56131],[-6.818,43.56133],[-6.8181,43.56132],[-6.81821,43.56127],[-6.81828,43.56121],[-6.81831,43.56114],[-6.8183,43.56108],[-6.81823,43.56105],[-6.81814,43.56104]]],[[[-6.87668,43.56334],[-6.87656,43.56356],[-6.87653,43.56365],[-6.87649,43.56372],[-6.87652,43.56378],[-6.87661,43.56384],[-6.87672,43.5639],[-6.87683,43.56394],[-6.87692,43.56397],[-6.87699,43.56396],[-6.87703,43.56393],[-6.87702,43.56384],[-6.87698,43.56378],[-6.87698,43.56374],[-6.87705,43.56366],[-6.87709,43.56358],[-6.87709,43.56351],[-6.87702,43.56343],[-6.87692,43.56337],[-6.87685,43.56334],[-6.87668,43.56334]]],[[[-6.87625,43.5638],[-6.87617,43.56386],[-6.87611,43.56395],[-6.87608,43.56405],[-6.87608,43.56414],[-6.87609,43.56419],[-6.87618,43.56426],[-6.87641,43.56446],[-6.87654,43.56446],[-6.87663,43.56445],[-6.87674,43.5644],[-6.87683,43.56435],[-6.87691,43.56427],[-6.87698,43.5642],[-6.877,43.56415],[-6.87694,43.56407],[-6.87687,43.56401],[-6.87676,43.56398],[-6.87663,43.56394],[-6.87653,43.56388],[-6.87643,43.56383],[-6.87631,43.5638],[-6.87625,43.5638]]],[[[-6.81656,43.56397],[-6.81592,43.56464],[-6.81667,43.56396],[-6.81656,43.56397]]],[[[-6.87558,43.56478],[-6.87553,43.56486],[-6.87552,43.56494],[-6.87555,43.565],[-6.87559,43.56502],[-6.87571,43.56497],[-6.87572,43.56484],[-6.87571,43.5648],[-6.87565,43.56478],[-6.87558,43.56478]]],[[[-6.84777,43.56492],[-6.8477,43.56497],[-6.84767,43.56507],[-6.84767,43.56515],[-6.84769,43.56518],[-6.84782,43.5651],[-6.84789,43.56501],[-6.84787,43.56495],[-6.84783,43.56492],[-6.84777,43.56492]]],[[[-6.87494,43.56473],[-6.8749,43.56475],[-6.87494,43.56482],[-6.87498,43.56485],[-6.8751,43.56483],[-6.87507,43.56475],[-6.87502,43.56472],[-6.87494,43.56473]]],[[[-6.81954,43.56416],[-6.81949,43.56418],[-6.81949,43.56424],[-6.81954,43.5643],[-6.81965,43.56435],[-6.81976,43.5644],[-6.81988,43.56443],[-6.81992,43.56444],[-6.81992,43.56433],[-6.81973,43.56421],[-6.81963,43.56417],[-6.81954,43.56416]]],[[[-6.87472,43.56428],[-6.87467,43.56431],[-6.87464,43.56438],[-6.87466,43.56441],[-6.87473,43.56442],[-6.87488,43.56437],[-6.87486,43.56431],[-6.87482,43.56428],[-6.87472,43.56428]]],[[[-6.81903,43.56434],[-6.81897,43.56435],[-6.81895,43.56442],[-6.81897,43.5645],[-6.81905,43.56458],[-6.81914,43.56462],[-6.81923,43.56463],[-6.81929,43.56461],[-6.81932,43.56457],[-6.81928,43.56447],[-6.81919,43.56439],[-6.81913,43.56436],[-6.81903,43.56434]]],[[[-6.8748,43.5645],[-6.87474,43.56451],[-6.8747,43.56455],[-6.87472,43.56463],[-6.87476,43.56467],[-6.8748,43.56468],[-6.87487,43.5646],[-6.87486,43.56452],[-6.8748,43.5645]]],[[[-6.8745,43.56453],[-6.87443,43.56455],[-6.87437,43.56463],[-6.87435,43.56468],[-6.87438,43.56474],[-6.87443,43.56475],[-6.87455,43.56473],[-6.87465,43.56465],[-6.87462,43.56459],[-6.87457,43.56455],[-6.8745,43.56453]]],[[[-6.85333,43.57061],[-6.85326,43.57065],[-6.85321,43.57074],[-6.85318,43.57083],[-6.85318,43.57086],[-6.85328,43.57092],[-6.85333,43.57061]]],[[[-6.85475,43.57086],[-6.85462,43.57089],[-6.85456,43.571],[-6.85458,43.57105],[-6.85463,43.57108],[-6.85473,43.57106],[-6.85477,43.57101],[-6.8548,43.57092],[-6.8548,43.57087],[-6.85475,43.57086]]],[[[-6.86527,43.57062],[-6.86513,43.57067],[-6.86519,43.57081],[-6.86523,43.57084],[-6.86529,43.57086],[-6.86535,43.57082],[-6.86538,43.57076],[-6.86538,43.5707],[-6.86532,43.57063],[-6.86527,43.57062]]],[[[-6.86682,43.57076],[-6.86672,43.57083],[-6.86665,43.5709],[-6.86642,43.5712],[-6.86639,43.57128],[-6.8664,43.57134],[-6.86642,43.57137],[-6.86656,43.57135],[-6.86665,43.57131],[-6.86676,43.57124],[-6.86683,43.57116],[-6.86687,43.57107],[-6.86691,43.57098],[-6.86692,43.57088],[-6.86692,43.57081],[-6.86688,43.57077],[-6.86682,43.57076]]],[[[-6.84703,43.56536],[-6.84694,43.5654],[-6.84685,43.56548],[-6.84681,43.56555],[-6.8468,43.56563],[-6.84683,43.56569],[-6.84688,43.56571],[-6.84697,43.5657],[-6.84705,43.56563],[-6.84709,43.56543],[-6.84707,43.56539],[-6.84703,43.56536]]],[[[-6.87257,43.56559],[-6.87244,43.56561],[-6.8724,43.56564],[-6.87239,43.56569],[-6.87248,43.56577],[-6.87258,43.5658],[-6.87265,43.56579],[-6.87268,43.56577],[-6.87266,43.56568],[-6.8726,43.56561],[-6.87257,43.56559]]],[[[-6.83188,43.5664],[-6.8318,43.56643],[-6.83175,43.56649],[-6.83175,43.56656],[-6.8318,43.56662],[-6.83187,43.56666],[-6.832,43.56666],[-6.83208,43.56657],[-6.83208,43.5665],[-6.83204,43.56644],[-6.83197,43.56641],[-6.83188,43.5664]]],[[[-6.87535,43.56673],[-6.87452,43.5679],[-6.87541,43.56674],[-6.87535,43.56673]]],[[[-6.85169,43.56543],[-6.85098,43.56634],[-6.85182,43.56543],[-6.85169,43.56543]]],[[[-6.8733,43.56541],[-6.87302,43.56647],[-6.87337,43.56544],[-6.8733,43.56541]]],[[[-6.87266,43.56586],[-6.87253,43.56588],[-6.87238,43.56591],[-6.87229,43.56596],[-6.87226,43.56602],[-6.87226,43.56609],[-6.87232,43.56614],[-6.87238,43.56615],[-6.87246,43.56613],[-6.87255,43.56607],[-6.87262,43.56598],[-6.87265,43.56589],[-6.87266,43.56586]]],[[[-6.85241,43.56612],[-6.85234,43.56614],[-6.85229,43.56619],[-6.85228,43.56628],[-6.85231,43.56633],[-6.85235,43.56635],[-6.85249,43.56628],[-6.85251,43.56617],[-6.85248,43.56613],[-6.85241,43.56612]]],[[[-6.87272,43.56614],[-6.87258,43.56625],[-6.8725,43.56632],[-6.87247,43.56635],[-6.87247,43.56644],[-6.87253,43.56653],[-6.87259,43.56661],[-6.87267,43.56668],[-6.87275,43.56672],[-6.87282,43.56672],[-6.87288,43.56668],[-6.87292,43.5666],[-6.87291,43.56651],[-6.87289,43.56642],[-6.87287,43.56633],[-6.87284,43.56624],[-6.87283,43.56619],[-6.87272,43.56614]]],[[[-6.87204,43.56609],[-6.8718,43.56622],[-6.87188,43.56634],[-6.87204,43.56627],[-6.87209,43.56624],[-6.87209,43.56615],[-6.87208,43.56611],[-6.87204,43.56609]]],[[[-6.8716,43.56619],[-6.87155,43.5662],[-6.87151,43.56626],[-6.8715,43.56636],[-6.87153,43.56642],[-6.87157,43.56644],[-6.87168,43.56639],[-6.87167,43.5663],[-6.87163,43.56622],[-6.8716,43.56619]]],[[[-6.87217,43.5664],[-6.8721,43.56641],[-6.87205,43.56644],[-6.87205,43.56647],[-6.87219,43.56655],[-6.87227,43.56645],[-6.87225,43.56641],[-6.87217,43.5664]]],[[[-6.87427,43.56586],[-6.87313,43.56711],[-6.87447,43.5673],[-6.87434,43.56586],[-6.87427,43.56586]]],[[[-6.87139,43.56657],[-6.87128,43.56662],[-6.87117,43.56676],[-6.87103,43.56713],[-6.87105,43.56718],[-6.87112,43.56722],[-6.87123,43.56723],[-6.87133,43.56722],[-6.87143,43.56715],[-6.8715,43.56708],[-6.87151,43.56698],[-6.8715,43.56689],[-6.87145,43.5668],[-6.87146,43.56671],[-6.87147,43.56664],[-6.87144,43.5666],[-6.87139,43.56657]]],[[[-6.85639,43.56859],[-6.85629,43.56863],[-6.85622,43.56872],[-6.85619,43.5688],[-6.85618,43.56888],[-6.85624,43.56897],[-6.8563,43.56903],[-6.85637,43.56906],[-6.85649,43.56903],[-6.85678,43.56886],[-6.85679,43.56885],[-6.85686,43.56877],[-6.85689,43.56871],[-6.85688,43.56867],[-6.8568,43.56863],[-6.85667,43.56861],[-6.85658,43.56862],[-6.85645,43.56858],[-6.85639,43.56859]]],[[[-6.85621,43.56909],[-6.8561,43.56914],[-6.85601,43.5692],[-6.85596,43.56922],[-6.85596,43.56931],[-6.85599,43.56937],[-6.85603,43.5694],[-6.85613,43.56935],[-6.8563,43.56917],[-6.85631,43.56911],[-6.85628,43.56909],[-6.85621,43.56909]]],[[[-6.86087,43.56825],[-6.86075,43.56827],[-6.86052,43.56832],[-6.86045,43.56836],[-6.86044,43.56841],[-6.86045,43.56845],[-6.86058,43.56846],[-6.8607,43.56844],[-6.86081,43.5684],[-6.86092,43.56835],[-6.86095,43.56832],[-6.86094,43.56827],[-6.86087,43.56825]]],[[[-6.86801,43.56967],[-6.86793,43.56974],[-6.86781,43.56983],[-6.86776,43.56989],[-6.86769,43.56996],[-6.86768,43.57],[-6.86776,43.57],[-6.86786,43.56996],[-6.86794,43.56989],[-6.86802,43.56981],[-6.86809,43.56974],[-6.8681,43.56969],[-6.86808,43.56967],[-6.86801,43.56967]]],[[[-6.86714,43.5704],[-6.86701,43.57043],[-6.86697,43.57048],[-6.867,43.57054],[-6.86705,43.57058],[-6.86713,43.57058],[-6.8672,43.57055],[-6.86722,43.57052],[-6.86714,43.5704]]],[[[-6.85584,43.56933],[-6.85575,43.5694],[-6.85566,43.56948],[-6.85563,43.5695],[-6.85563,43.56956],[-6.85571,43.56964],[-6.85576,43.56966],[-6.85584,43.56965],[-6.85592,43.56958],[-6.856,43.56948],[-6.85589,43.56934],[-6.85584,43.56933]]],[[[-6.87073,43.56808],[-6.87101,43.56949],[-6.87086,43.5681],[-6.87073,43.56808]]],[[[-6.87028,43.56948],[-6.87017,43.56952],[-6.87012,43.56956],[-6.87011,43.56962],[-6.87017,43.5697],[-6.87022,43.56973],[-6.87029,43.56974],[-6.87041,43.56968],[-6.8704,43.56951],[-6.87035,43.56948],[-6.87028,43.56948]]],[[[-6.85343,43.56761],[-6.85337,43.56764],[-6.85336,43.56768],[-6.85345,43.56779],[-6.85357,43.56777],[-6.85365,43.56774],[-6.85367,43.56771],[-6.8536,43.56764],[-6.85354,43.56761],[-6.85343,43.56761]]],[[[-6.85271,43.56737],[-6.85258,43.56738],[-6.85245,43.56742],[-6.8524,43.56745],[-6.85234,43.56759],[-6.8525,43.56763],[-6.85255,43.56764],[-6.85258,43.56767],[-6.85253,43.56776],[-6.85252,43.56782],[-6.85255,43.56785],[-6.85264,43.56786],[-6.85275,43.56783],[-6.85286,43.56778],[-6.85295,43.56772],[-6.85305,43.56766],[-6.85309,43.56763],[-6.85309,43.56756],[-6.85302,43.56748],[-6.85292,43.56743],[-6.85283,43.56738],[-6.85271,43.56737]]],[[[-6.83367,43.56752],[-6.83359,43.56755],[-6.83351,43.56763],[-6.83349,43.56783],[-6.8335,43.56792],[-6.83351,43.56795],[-6.83359,43.56799],[-6.83368,43.56797],[-6.83377,43.56793],[-6.83384,43.56783],[-6.83387,43.56774],[-6.83388,43.56764],[-6.83385,43.56758],[-6.83377,43.56754],[-6.83367,43.56752]]],[[[-6.85425,43.56789],[-6.85415,43.56792],[-6.85406,43.56799],[-6.85398,43.56806],[-6.85392,43.56813],[-6.85392,43.56817],[-6.85405,43.56823],[-6.85418,43.56811],[-6.85422,43.56803],[-6.85428,43.56795],[-6.8543,43.56792],[-6.85425,43.56789]]],[[[-6.87057,43.56763],[-6.87047,43.56764],[-6.87037,43.56769],[-6.87029,43.56776],[-6.87023,43.56785],[-6.87018,43.56792],[-6.87011,43.568],[-6.87004,43.56809],[-6.87002,43.56811],[-6.87008,43.56819],[-6.8704,43.56795],[-6.87046,43.56787],[-6.87053,43.56778],[-6.87059,43.56773],[-6.87058,43.56766],[-6.87057,43.56763]]]]}},{"type":"Feature","id":"es-as-concejo-33024","properties":{"id":"es-as-concejo-33024","slug":"gijon","name":"Gijón","localName":"Xixón","aliases":["Xixón"],"kind":"municipality","boundaryStatus":"official","parentId":"es-as","population":null,"areaKm2":184,"density":null,"referenceYear":null,"sourceId":"sitpa-administrative-units","bbox":[-5.82123,43.44189,-5.56288,43.58669],"center":[-5.692055,43.51429]},"geometry":{"type":"MultiPolygon","coordinates":[[[[-5.67559,43.58669],[-5.69592,43.58137],[-5.69725,43.57951],[-5.69602,43.57275],[-5.69743,43.57199],[-5.69871,43.57193],[-5.69679,43.57351],[-5.69924,43.57308],[-5.69782,43.57385],[-5.69796,43.57552],[-5.70088,43.57315],[-5.70049,43.57171],[-5.70398,43.57177],[-5.70356,43.57296],[-5.70887,43.57269],[-5.71021,43.56762],[-5.71317,43.56563],[-5.71388,43.56206],[-5.7177,43.55732],[-5.73282,43.54422],[-5.74509,43.54078],[-5.74276,43.53762],[-5.74575,43.53788],[-5.75809,43.53201],[-5.76892,43.52512],[-5.78267,43.52202],[-5.78383,43.52023],[-5.79239,43.51894],[-5.79542,43.5167],[-5.80862,43.51271],[-5.81204,43.50898],[-5.81509,43.51093],[-5.81663,43.51051],[-5.82123,43.50405],[-5.82029,43.50123],[-5.81526,43.49745],[-5.81767,43.49132],[-5.81114,43.49038],[-5.81121,43.48583],[-5.80359,43.48516],[-5.80376,43.48263],[-5.80171,43.48181],[-5.80127,43.48009],[-5.79766,43.48029],[-5.79033,43.47513],[-5.78716,43.47608],[-5.78713,43.47085],[-5.77966,43.4633],[-5.76592,43.46138],[-5.75872,43.45593],[-5.75709,43.45167],[-5.74761,43.4479],[-5.74119,43.44951],[-5.73187,43.449],[-5.72997,43.45038],[-5.72985,43.45379],[-5.72578,43.45744],[-5.72054,43.45638],[-5.71756,43.45119],[-5.71378,43.4545],[-5.705,43.45875],[-5.6979,43.46608],[-5.69102,43.45945],[-5.68247,43.45408],[-5.67335,43.45634],[-5.66312,43.45621],[-5.66129,43.45489],[-5.65593,43.456],[-5.65059,43.45364],[-5.64532,43.45499],[-5.64017,43.45041],[-5.63296,43.44912],[-5.62411,43.44309],[-5.61068,43.44339],[-5.60528,43.44189],[-5.59752,43.44335],[-5.58551,43.44323],[-5.58408,43.45049],[-5.58346,43.4712],[-5.58494,43.48605],[-5.57418,43.49463],[-5.57052,43.50264],[-5.5656,43.50091],[-5.56288,43.50172],[-5.56521,43.50356],[-5.5648,43.50604],[-5.56794,43.50884],[-5.57044,43.51538],[-5.5752,43.51828],[-5.57558,43.52149],[-5.57408,43.5257],[-5.57718,43.52851],[-5.58037,43.52882],[-5.58694,43.5327],[-5.58727,43.5353],[-5.58361,43.53799],[-5.58661,43.53993],[-5.59003,43.54454],[-5.59067,43.54746],[-5.59373,43.54897],[-5.59722,43.54783],[-5.60104,43.54963],[-5.60945,43.54995],[-5.61413,43.55447],[-5.61356,43.55627],[-5.6165,43.5573],[-5.61757,43.55902],[-5.6168,43.55723],[-5.62224,43.5568],[-5.62233,43.55302],[-5.62881,43.55013],[-5.63726,43.55247],[-5.63921,43.55162],[-5.63839,43.54889],[-5.63998,43.54821],[-5.6421,43.54921],[-5.64199,43.54803],[-5.64371,43.54765],[-5.64291,43.54549],[-5.64689,43.54445],[-5.64686,43.54249],[-5.64814,43.54185],[-5.65398,43.54142],[-5.65878,43.54257],[-5.66142,43.54484],[-5.65952,43.54765],[-5.66069,43.54916],[-5.66395,43.54975],[-5.67042,43.54659],[-5.66666,43.54735],[-5.66743,43.54615],[-5.66595,43.54673],[-5.66459,43.54428],[-5.66626,43.54593],[-5.66545,43.54405],[-5.6664,43.54345],[-5.66762,43.54555],[-5.66676,43.54317],[-5.66785,43.54262],[-5.66871,43.5455],[-5.67107,43.54489],[-5.67001,43.54389],[-5.67249,43.54295],[-5.67562,43.54356],[-5.67671,43.54469],[-5.67542,43.54526],[-5.67666,43.54523],[-5.6787,43.54444],[-5.6759,43.54246],[-5.67767,43.54304],[-5.67777,43.54026],[-5.67864,43.54193],[-5.68126,43.54233],[-5.68094,43.54495],[-5.67935,43.54548],[-5.68575,43.54431],[-5.68777,43.54543],[-5.68423,43.54339],[-5.68511,43.54328],[-5.68452,43.54251],[-5.69074,43.544],[-5.69092,43.54532],[-5.69144,43.5442],[-5.69319,43.54456],[-5.69446,43.54621],[-5.69044,43.55002],[-5.6879,43.5501],[-5.69027,43.55019],[-5.6885,43.55218],[-5.68651,43.55093],[-5.6871,43.54951],[-5.68041,43.55615],[-5.68439,43.56071],[-5.68624,43.56056],[-5.68471,43.55753],[-5.68584,43.55604],[-5.6878,43.55749],[-5.69556,43.55012],[-5.69752,43.55262],[-5.69639,43.55509],[-5.69845,43.55787],[-5.69271,43.55523],[-5.69613,43.5583],[-5.69896,43.55852],[-5.69708,43.5594],[-5.69948,43.55912],[-5.69589,43.56153],[-5.69969,43.56094],[-5.70096,43.56303],[-5.69706,43.56456],[-5.69777,43.5655],[-5.70016,43.56456],[-5.70089,43.56821],[-5.69613,43.56681],[-5.69162,43.56108],[-5.69103,43.56231],[-5.69301,43.56513],[-5.68193,43.56802],[-5.68031,43.56506],[-5.68214,43.5693],[-5.67589,43.57095],[-5.68731,43.56937],[-5.68905,43.57026],[-5.69298,43.57843],[-5.67714,43.58242],[-5.67572,43.57939],[-5.67452,43.57965],[-5.67753,43.58455],[-5.67512,43.58586],[-5.67559,43.58669]]],[[[-5.59777,43.54925],[-5.59792,43.5493],[-5.59802,43.54939],[-5.59806,43.54945],[-5.59815,43.54948],[-5.59832,43.54946],[-5.59839,43.54938],[-5.5985,43.54925],[-5.5985,43.54918],[-5.59843,43.54913],[-5.59834,43.5491],[-5.59822,43.54913],[-5.59814,43.54918],[-5.59805,43.54919],[-5.59795,43.54913],[-5.59787,43.54903],[-5.59777,43.54896],[-5.59767,43.54894],[-5.59761,43.54895],[-5.59756,43.54902],[-5.59756,43.5491],[-5.59764,43.54918],[-5.59777,43.54925]]],[[[-5.60231,43.55001],[-5.60228,43.55013],[-5.60228,43.55018],[-5.60233,43.55023],[-5.60244,43.55022],[-5.60255,43.55018],[-5.60261,43.55011],[-5.60262,43.55004],[-5.60259,43.54999],[-5.60244,43.54995],[-5.60231,43.55001]]],[[[-5.60541,43.55051],[-5.60529,43.55065],[-5.60526,43.55076],[-5.60529,43.55085],[-5.60533,43.55089],[-5.60542,43.55088],[-5.60554,43.55081],[-5.60563,43.55072],[-5.60572,43.55051],[-5.60571,43.55045],[-5.60563,43.55043],[-5.60553,43.55043],[-5.60541,43.55051]]],[[[-5.60706,43.55673],[-5.6071,43.55677],[-5.60719,43.55679],[-5.60729,43.55675],[-5.60738,43.55665],[-5.60744,43.55662],[-5.60759,43.55665],[-5.60768,43.55664],[-5.60772,43.5566],[-5.60773,43.55652],[-5.60765,43.55642],[-5.60759,43.55637],[-5.60749,43.55636],[-5.60728,43.55645],[-5.60712,43.55641],[-5.60704,43.55647],[-5.60703,43.55662],[-5.60706,43.55673]]],[[[-5.6157,43.55734],[-5.61564,43.55739],[-5.61562,43.55747],[-5.61567,43.55756],[-5.61572,43.55759],[-5.61587,43.55756],[-5.61594,43.55741],[-5.61588,43.55735],[-5.6158,43.55733],[-5.6157,43.55734]]]]}},{"type":"Feature","id":"es-as-concejo-33015","properties":{"id":"es-as-concejo-33015","slug":"caso","name":"Caso","localName":"Casu","aliases":["Casu"],"kind":"municipality","boundaryStatus":"official","parentId":"es-as","population":null,"areaKm2":306.6,"density":null,"referenceYear":null,"sourceId":"sitpa-administrative-units","bbox":[-5.46367,43.07743,-5.18819,43.27178],"center":[-5.32593,43.174605]},"geometry":{"type":"Polygon","coordinates":[[[-5.39622,43.27086],[-5.39896,43.27178],[-5.40672,43.26997],[-5.40913,43.26814],[-5.40976,43.27009],[-5.41166,43.27085],[-5.41867,43.2713],[-5.41974,43.27026],[-5.41647,43.26583],[-5.41673,43.26064],[-5.41976,43.2607],[-5.42262,43.25733],[-5.42852,43.25537],[-5.42399,43.25089],[-5.42234,43.24747],[-5.41983,43.24595],[-5.41559,43.23931],[-5.41516,43.22806],[-5.42547,43.22676],[-5.42555,43.22244],[-5.42838,43.22043],[-5.43037,43.21495],[-5.42444,43.209],[-5.42638,43.20139],[-5.4208,43.19792],[-5.42078,43.19395],[-5.42197,43.19089],[-5.42386,43.18975],[-5.43335,43.18793],[-5.434,43.18064],[-5.43148,43.17682],[-5.43421,43.169],[-5.43806,43.16676],[-5.44001,43.16008],[-5.44536,43.15672],[-5.44956,43.14959],[-5.4608,43.14471],[-5.46017,43.14096],[-5.46367,43.13417],[-5.45998,43.12902],[-5.45277,43.12592],[-5.44708,43.12162],[-5.44057,43.12077],[-5.43844,43.10906],[-5.42717,43.10436],[-5.42203,43.1007],[-5.42047,43.09499],[-5.41133,43.08877],[-5.4091,43.08586],[-5.40994,43.08304],[-5.4089,43.07862],[-5.40407,43.07919],[-5.40096,43.08142],[-5.39908,43.08014],[-5.39485,43.08021],[-5.38539,43.08482],[-5.3831,43.08724],[-5.37778,43.08833],[-5.36914,43.09458],[-5.36221,43.09531],[-5.34369,43.09385],[-5.33849,43.09094],[-5.34145,43.08378],[-5.32249,43.07924],[-5.31907,43.07976],[-5.31719,43.08272],[-5.3115,43.08416],[-5.30425,43.08248],[-5.30107,43.08003],[-5.28212,43.07743],[-5.28083,43.0811],[-5.27364,43.08602],[-5.2685,43.08756],[-5.25972,43.08744],[-5.25023,43.08918],[-5.24032,43.08856],[-5.2319,43.08438],[-5.22598,43.0855],[-5.22019,43.08365],[-5.20936,43.08717],[-5.20858,43.09036],[-5.20473,43.09575],[-5.20428,43.10106],[-5.19921,43.10949],[-5.19907,43.11201],[-5.19576,43.11492],[-5.19128,43.11513],[-5.18819,43.11724],[-5.19091,43.1231],[-5.19597,43.12874],[-5.19614,43.13149],[-5.20887,43.13598],[-5.21543,43.14415],[-5.21682,43.15476],[-5.21515,43.15837],[-5.21736,43.16573],[-5.21456,43.17282],[-5.22342,43.17565],[-5.23184,43.17589],[-5.23968,43.17831],[-5.25269,43.18583],[-5.25106,43.18878],[-5.25879,43.19783],[-5.24977,43.20658],[-5.24884,43.21116],[-5.27016,43.21789],[-5.28897,43.22663],[-5.28853,43.2319],[-5.28565,43.23657],[-5.2861,43.23989],[-5.29124,43.24813],[-5.29782,43.2516],[-5.3018,43.25145],[-5.30804,43.25604],[-5.31541,43.25736],[-5.31958,43.25541],[-5.32877,43.25411],[-5.33467,43.25067],[-5.33578,43.24849],[-5.35156,43.25452],[-5.36064,43.25323],[-5.3673,43.2504],[-5.37129,43.2545],[-5.37232,43.25746],[-5.37729,43.25819],[-5.37879,43.26227],[-5.38454,43.26436],[-5.38733,43.26775],[-5.39593,43.27071],[-5.39622,43.27086]]]}},{"type":"Feature","id":"es-as-concejo-33016","properties":{"id":"es-as-concejo-33016","slug":"castrillon","name":"Castrillón","localName":"Castrillón","aliases":[],"kind":"municipality","boundaryStatus":"official","parentId":"es-as","population":null,"areaKm2":55.5,"density":null,"referenceYear":null,"sourceId":"sitpa-administrative-units","bbox":[-6.0537,43.49831,-5.92698,43.59306],"center":[-5.99034,43.545685]},"geometry":{"type":"MultiPolygon","coordinates":[[[[-5.93934,43.59282],[-5.94155,43.59306],[-5.94158,43.59164],[-5.94633,43.59265],[-5.94115,43.59136],[-5.9425,43.58748],[-5.95048,43.58213],[-5.96148,43.57832],[-5.96654,43.57884],[-5.96658,43.58128],[-5.96921,43.58078],[-5.96936,43.57978],[-5.97293,43.5798],[-5.97424,43.582],[-5.9765,43.57878],[-5.97902,43.57916],[-5.98059,43.57761],[-5.98531,43.58011],[-5.98664,43.58024],[-5.98958,43.5774],[-5.99218,43.57928],[-5.99168,43.57678],[-5.9974,43.57417],[-5.99868,43.57474],[-5.99806,43.57649],[-5.99913,43.57647],[-5.99802,43.57833],[-6.0041,43.57964],[-6.00462,43.57805],[-6.00658,43.57806],[-6.00847,43.5811],[-6.01147,43.58017],[-6.01362,43.58153],[-6.01294,43.58253],[-6.01477,43.5818],[-6.017,43.58292],[-6.01727,43.58826],[-6.02217,43.58573],[-6.02424,43.58636],[-6.02674,43.58509],[-6.02863,43.58604],[-6.03248,43.58351],[-6.03706,43.58396],[-6.03518,43.58108],[-6.03678,43.57895],[-6.0537,43.57168],[-6.05137,43.56264],[-6.04665,43.56325],[-6.04329,43.5623],[-6.04447,43.55827],[-6.04212,43.54969],[-6.0246,43.54074],[-6.01757,43.53022],[-6.02482,43.51642],[-6.02172,43.5093],[-6.01891,43.5063],[-6.01908,43.50422],[-6.01304,43.49969],[-6.01285,43.49831],[-6.00985,43.49865],[-6.00624,43.50332],[-5.99854,43.50457],[-5.99747,43.50708],[-5.99389,43.50681],[-5.97097,43.5148],[-5.95591,43.51857],[-5.95042,43.52719],[-5.94219,43.53373],[-5.94819,43.53424],[-5.95282,43.53679],[-5.9519,43.53966],[-5.95263,43.54159],[-5.95021,43.54404],[-5.9498,43.54678],[-5.95365,43.55153],[-5.94947,43.55425],[-5.95025,43.55721],[-5.95586,43.56444],[-5.95201,43.56682],[-5.94709,43.57258],[-5.937,43.57327],[-5.9358,43.5802],[-5.92698,43.58084],[-5.92777,43.58743],[-5.92961,43.5873],[-5.9308,43.59181],[-5.93934,43.59282]]],[[[-5.99309,43.57693],[-5.99317,43.57713],[-5.99329,43.57717],[-5.99338,43.57711],[-5.99352,43.57694],[-5.99332,43.57681],[-5.99322,43.57677],[-5.99308,43.57674],[-5.99309,43.57693]]],[[[-6.05298,43.57531],[-6.05324,43.57558],[-6.05355,43.57558],[-6.05315,43.57525],[-6.05298,43.57531]]],[[[-5.9702,43.58077],[-5.97028,43.58084],[-5.9704,43.5808],[-5.9703,43.58074],[-5.9702,43.58077]]],[[[-6.00276,43.57963],[-6.00271,43.57988],[-6.00274,43.58007],[-6.00287,43.5801],[-6.00307,43.57984],[-6.00298,43.57965],[-6.00287,43.57958],[-6.00276,43.57963]]],[[[-5.96829,43.58112],[-5.96829,43.58122],[-5.96817,43.58126],[-5.9681,43.58137],[-5.96824,43.5814],[-5.96837,43.58135],[-5.96844,43.58117],[-5.96851,43.58109],[-5.9684,43.58104],[-5.96829,43.58112]]],[[[-6.03654,43.57998],[-6.03646,43.5801],[-6.03655,43.58017],[-6.03687,43.57998],[-6.03692,43.57988],[-6.03679,43.57986],[-6.03654,43.57998]]],[[[-6.03613,43.58023],[-6.03603,43.58029],[-6.03601,43.58032],[-6.03605,43.58041],[-6.03619,43.58041],[-6.0363,43.58035],[-6.03634,43.58026],[-6.03625,43.5802],[-6.03613,43.58023]]],[[[-6.03738,43.57992],[-6.03738,43.58008],[-6.03751,43.58032],[-6.03764,43.58039],[-6.03773,43.58032],[-6.03774,43.58],[-6.03765,43.57991],[-6.03764,43.57979],[-6.03752,43.57976],[-6.03738,43.57992]]],[[[-6.00891,43.58102],[-6.009,43.58112],[-6.00905,43.58119],[-6.00919,43.58116],[-6.00924,43.58105],[-6.00919,43.58097],[-6.00904,43.58096],[-6.00891,43.58102]]],[[[-6.03705,43.581],[-6.03719,43.58116],[-6.03732,43.58124],[-6.03746,43.58127],[-6.03758,43.58124],[-6.03753,43.58115],[-6.03731,43.58102],[-6.03717,43.58095],[-6.03705,43.581]]],[[[-6.03788,43.58174],[-6.03788,43.58184],[-6.03796,43.58191],[-6.03808,43.58192],[-6.03821,43.58188],[-6.03819,43.58177],[-6.03809,43.58172],[-6.03795,43.58171],[-6.03788,43.58174]]],[[[-6.01256,43.58297],[-6.0125,43.58299],[-6.01244,43.58309],[-6.01255,43.58316],[-6.01256,43.58325],[-6.01268,43.58321],[-6.01274,43.58301],[-6.01272,43.58292],[-6.01256,43.58297]]],[[[-6.03694,43.58288],[-6.03685,43.58296],[-6.03679,43.5831],[-6.03705,43.58332],[-6.03717,43.58326],[-6.03716,43.58294],[-6.03709,43.58286],[-6.03694,43.58288]]],[[[-6.03477,43.5835],[-6.03483,43.58373],[-6.03492,43.58381],[-6.03504,43.58376],[-6.03504,43.58365],[-6.03491,43.58349],[-6.03477,43.5835]]],[[[-6.0353,43.58361],[-6.03526,43.5838],[-6.03537,43.58387],[-6.03562,43.58396],[-6.03573,43.58393],[-6.03566,43.58371],[-6.03543,43.58357],[-6.0353,43.58361]]],[[[-6.03677,43.58441],[-6.03687,43.58435],[-6.03699,43.58438],[-6.03699,43.58428],[-6.03697,43.58408],[-6.03684,43.58405],[-6.03673,43.58409],[-6.03671,43.58431],[-6.03677,43.58441]]],[[[-6.03255,43.58459],[-6.03263,43.58469],[-6.03273,43.58473],[-6.03283,43.58465],[-6.03274,43.58458],[-6.03263,43.58452],[-6.03255,43.58459]]],[[[-6.03448,43.58485],[-6.03447,43.58494],[-6.0346,43.585],[-6.03467,43.58494],[-6.03463,43.58483],[-6.03464,43.58481],[-6.03452,43.58476],[-6.03448,43.58485]]],[[[-6.01649,43.58547],[-6.01643,43.58556],[-6.01655,43.58556],[-6.01665,43.5855],[-6.01669,43.58539],[-6.01656,43.58539],[-6.01649,43.58547]]],[[[-6.02463,43.58649],[-6.02462,43.58649],[-6.02468,43.58657],[-6.02483,43.5865],[-6.02487,43.58643],[-6.02472,43.58643],[-6.02463,43.58649]]],[[[-6.02234,43.58665],[-6.0224,43.58693],[-6.02252,43.58696],[-6.02266,43.58677],[-6.02265,43.58667],[-6.0226,43.58657],[-6.02245,43.58656],[-6.02234,43.58665]]],[[[-6.02844,43.58673],[-6.0285,43.58681],[-6.02894,43.58678],[-6.02902,43.58669],[-6.02871,43.58667],[-6.02844,43.58673]]],[[[-6.02784,43.58678],[-6.02768,43.58685],[-6.02781,43.5869],[-6.02796,43.58692],[-6.02812,43.58689],[-6.02817,43.5868],[-6.02812,43.58671],[-6.02798,43.58672],[-6.02784,43.58678]]],[[[-6.02361,43.58716],[-6.02355,43.58722],[-6.02368,43.58726],[-6.02382,43.58722],[-6.02387,43.58712],[-6.02374,43.58712],[-6.02361,43.58716]]],[[[-6.02429,43.58718],[-6.02438,43.58728],[-6.02439,43.58737],[-6.02451,43.58737],[-6.02471,43.58722],[-6.02485,43.5872],[-6.02497,43.58714],[-6.02494,43.58704],[-6.02481,43.587],[-6.02467,43.58708],[-6.02447,43.58711],[-6.02434,43.5871],[-6.02429,43.58718]]],[[[-6.0194,43.58763],[-6.0194,43.5877],[-6.01955,43.58769],[-6.01962,43.58761],[-6.0195,43.58755],[-6.0194,43.58763]]],[[[-6.02094,43.58753],[-6.02082,43.58756],[-6.02056,43.58772],[-6.02045,43.58788],[-6.02058,43.58788],[-6.02094,43.58765],[-6.02102,43.5876],[-6.02096,43.58752],[-6.02094,43.58753]]],[[[-6.02485,43.58755],[-6.02484,43.58769],[-6.02495,43.58778],[-6.02508,43.58777],[-6.02515,43.58768],[-6.02512,43.58759],[-6.02501,43.58753],[-6.02485,43.58755]]],[[[-6.02778,43.58758],[-6.02778,43.58768],[-6.02792,43.58771],[-6.02819,43.5877],[-6.02829,43.58764],[-6.02817,43.58758],[-6.02803,43.58757],[-6.02778,43.58758]]],[[[-6.01899,43.58795],[-6.01896,43.58802],[-6.01909,43.58803],[-6.01916,43.58795],[-6.0192,43.58786],[-6.01906,43.58784],[-6.01899,43.58795]]],[[[-6.02084,43.58803],[-6.02095,43.58803],[-6.02098,43.58803],[-6.02102,43.58794],[-6.02094,43.58786],[-6.02082,43.58786],[-6.02075,43.58794],[-6.02084,43.58803]]],[[[-6.0232,43.58793],[-6.02328,43.58803],[-6.02329,43.58807],[-6.02342,43.58811],[-6.02345,43.58801],[-6.0234,43.58792],[-6.0233,43.58787],[-6.0232,43.58793]]],[[[-6.02013,43.58805],[-6.02003,43.58813],[-6.01997,43.58819],[-6.01999,43.58829],[-6.02014,43.58825],[-6.02034,43.58812],[-6.02038,43.58802],[-6.02023,43.58799],[-6.02013,43.58805]]],[[[-6.01847,43.58827],[-6.01839,43.58838],[-6.01839,43.58841],[-6.01851,43.58849],[-6.01863,43.58843],[-6.0187,43.58833],[-6.01861,43.58824],[-6.01847,43.58827]]],[[[-6.01961,43.58844],[-6.01956,43.58854],[-6.0197,43.58857],[-6.01981,43.5885],[-6.01985,43.58839],[-6.01973,43.58834],[-6.01961,43.58844]]],[[[-6.03366,43.58842],[-6.03365,43.58851],[-6.03379,43.58848],[-6.03388,43.58841],[-6.03378,43.58836],[-6.03366,43.58842]]],[[[-6.03332,43.58867],[-6.03339,43.58873],[-6.03348,43.58866],[-6.03343,43.58858],[-6.03332,43.58867]]],[[[-6.03037,43.5898],[-6.03036,43.58992],[-6.03047,43.58995],[-6.03054,43.58986],[-6.0305,43.58978],[-6.03037,43.5898]]],[[[-6.03088,43.59203],[-6.03353,43.59144],[-6.03477,43.58886],[-6.03171,43.58919],[-6.03081,43.59192],[-6.03088,43.59203]]],[[[-6.03223,43.59277],[-6.03323,43.5917],[-6.03237,43.59215],[-6.03223,43.59277]]]]}},{"type":"Feature","id":"es-as-concejo-33017","properties":{"id":"es-as-concejo-33017","slug":"castropol","name":"Castropol","localName":"Castropol","aliases":[],"kind":"municipality","boundaryStatus":"official","parentId":"es-as","population":null,"areaKm2":125.7,"density":null,"referenceYear":null,"sourceId":"sitpa-administrative-units","bbox":[-7.05675,43.37385,-6.87903,43.56119],"center":[-6.967890000000001,43.46752]},"geometry":{"type":"MultiPolygon","coordinates":[[[[-7.02224,43.55935],[-7.02332,43.55951],[-7.02165,43.55699],[-7.02249,43.55623],[-7.02403,43.55577],[-7.02581,43.55785],[-7.0294,43.55656],[-7.02652,43.55561],[-7.02537,43.55372],[-7.02268,43.55372],[-7.02195,43.54899],[-7.02359,43.54739],[-7.02656,43.54725],[-7.02548,43.54613],[-7.02876,43.54477],[-7.03319,43.54473],[-7.03364,43.5424],[-7.03183,43.53737],[-7.03244,43.53341],[-7.03873,43.52717],[-7.04523,43.51482],[-7.04662,43.50816],[-7.04348,43.49767],[-7.04885,43.48604],[-7.04707,43.47782],[-7.05675,43.47207],[-7.048,43.47209],[-7.04378,43.47068],[-7.03337,43.47391],[-7.01937,43.47194],[-7.00266,43.47426],[-7.00923,43.46525],[-7.00876,43.46338],[-7.01051,43.46074],[-7.0126,43.46081],[-7.00958,43.45871],[-7.011,43.45734],[-7.00353,43.44988],[-7.00127,43.45161],[-6.99605,43.45065],[-6.99312,43.44786],[-6.99127,43.44891],[-6.99016,43.44703],[-6.99256,43.44423],[-6.99062,43.44396],[-6.99044,43.43978],[-6.99267,43.44014],[-6.99552,43.43766],[-6.98448,43.4241],[-6.97782,43.41962],[-6.9757,43.41676],[-6.97269,43.41953],[-6.97253,43.42625],[-6.9655,43.42849],[-6.95727,43.43654],[-6.94704,43.43494],[-6.94712,43.43277],[-6.95206,43.42502],[-6.95228,43.41967],[-6.96173,43.4118],[-6.96503,43.40741],[-6.96629,43.40134],[-6.96939,43.39912],[-6.96827,43.39435],[-6.96901,43.39145],[-6.9639,43.38587],[-6.95782,43.3751],[-6.95624,43.37385],[-6.94683,43.37736],[-6.94113,43.38217],[-6.93032,43.38593],[-6.92786,43.39162],[-6.92203,43.3944],[-6.91976,43.39953],[-6.91666,43.40094],[-6.91327,43.40601],[-6.90933,43.40821],[-6.90445,43.41755],[-6.89873,43.42159],[-6.90163,43.42473],[-6.90559,43.42579],[-6.90482,43.43271],[-6.90923,43.43556],[-6.90985,43.43856],[-6.90517,43.44443],[-6.9085,43.45012],[-6.90127,43.45177],[-6.90035,43.45399],[-6.89754,43.45463],[-6.89902,43.4566],[-6.89683,43.4591],[-6.88438,43.45543],[-6.87903,43.45783],[-6.88631,43.4611],[-6.88772,43.46639],[-6.89058,43.46801],[-6.89233,43.47193],[-6.89623,43.47373],[-6.89687,43.47713],[-6.90663,43.47968],[-6.90464,43.48232],[-6.90945,43.4859],[-6.91718,43.48486],[-6.91706,43.48206],[-6.91892,43.48134],[-6.92992,43.46838],[-6.93487,43.46509],[-6.94256,43.46246],[-6.94035,43.46926],[-6.93519,43.47737],[-6.94541,43.4751],[-6.95268,43.47642],[-6.95778,43.47556],[-6.95441,43.48419],[-6.9566,43.48775],[-6.95587,43.4906],[-6.96169,43.49899],[-6.96681,43.50291],[-6.96554,43.50901],[-6.96086,43.50578],[-6.95947,43.50319],[-6.95291,43.51143],[-6.9464,43.51027],[-6.93764,43.50627],[-6.93438,43.50893],[-6.93431,43.51196],[-6.93585,43.51536],[-6.94018,43.51926],[-6.94226,43.51962],[-6.94469,43.52337],[-6.9405,43.52834],[-6.93227,43.52053],[-6.92611,43.52076],[-6.9253,43.52421],[-6.92203,43.52866],[-6.92261,43.53417],[-6.93032,43.53701],[-6.93241,43.53639],[-6.93433,43.54042],[-6.93976,43.54438],[-6.94542,43.54386],[-6.94544,43.54282],[-6.95515,43.53925],[-6.95996,43.53926],[-6.96366,43.53598],[-6.9616,43.5323],[-6.97921,43.52964],[-6.98273,43.53321],[-6.98153,43.53746],[-6.98236,43.53928],[-6.98633,43.54033],[-6.9882,43.54362],[-6.98794,43.54629],[-6.99026,43.54855],[-6.99001,43.55023],[-6.99527,43.55195],[-6.99472,43.55311],[-6.99639,43.55408],[-7.00087,43.5543],[-7.00319,43.55743],[-7.00548,43.55772],[-7.00356,43.55566],[-7.006,43.55611],[-7.00597,43.55501],[-7.00954,43.55668],[-7.00984,43.55582],[-7.01732,43.55594],[-7.01844,43.55759],[-7.0177,43.55821],[-7.02212,43.55934],[-7.02224,43.55935]]],[[[-7.02538,43.54761],[-7.02545,43.54768],[-7.02553,43.54773],[-7.02565,43.54774],[-7.02578,43.54774],[-7.02591,43.5477],[-7.02598,43.54767],[-7.026,43.54764],[-7.02598,43.54759],[-7.0259,43.54756],[-7.02578,43.54757],[-7.02552,43.54757],[-7.02538,43.54761]]],[[[-7.01,43.5565],[-7.00995,43.55657],[-7.00993,43.55666],[-7.00991,43.5567],[-7.00994,43.55674],[-7.01005,43.55677],[-7.01027,43.55678],[-7.01042,43.55674],[-7.01043,43.55669],[-7.01037,43.55662],[-7.01031,43.55658],[-7.01017,43.55657],[-7.01008,43.55654],[-7.01004,43.5565],[-7.01,43.5565]]],[[[-7.01344,43.55648],[-7.01343,43.55652],[-7.01349,43.5566],[-7.01355,43.55668],[-7.01373,43.55682],[-7.01392,43.55681],[-7.01395,43.55676],[-7.01393,43.55671],[-7.01385,43.55664],[-7.01375,43.5566],[-7.01363,43.55656],[-7.01354,43.5565],[-7.01348,43.55647],[-7.01344,43.55648]]],[[[-7.02372,43.55692],[-7.02369,43.55697],[-7.02374,43.55705],[-7.02382,43.55713],[-7.02391,43.55717],[-7.02398,43.55718],[-7.02409,43.55715],[-7.02415,43.55711],[-7.02418,43.55703],[-7.02415,43.55696],[-7.02411,43.55692],[-7.02389,43.55688],[-7.02372,43.55692]]],[[[-7.0086,43.55801],[-7.00852,43.55805],[-7.00849,43.5581],[-7.00838,43.55815],[-7.00835,43.55818],[-7.00838,43.55822],[-7.00861,43.55832],[-7.00874,43.55835],[-7.00882,43.55834],[-7.00886,43.55831],[-7.00884,43.55822],[-7.0088,43.55812],[-7.00873,43.55804],[-7.00867,43.55801],[-7.0086,43.55801]]],[[[-7.02025,43.55882],[-7.02012,43.55885],[-7.02,43.55888],[-7.01996,43.5589],[-7.01995,43.55894],[-7.02006,43.55898],[-7.02025,43.55902],[-7.02029,43.55908],[-7.02034,43.55906],[-7.02034,43.55901],[-7.02043,43.55895],[-7.02049,43.55892],[-7.02052,43.55889],[-7.02046,43.55884],[-7.02037,43.55881],[-7.02025,43.55882]]],[[[-7.01847,43.55936],[-7.02013,43.55911],[-7.01855,43.55933],[-7.01847,43.55936]]],[[[-7.02214,43.56023],[-7.02205,43.56036],[-7.02206,43.56044],[-7.0221,43.5605],[-7.02217,43.56053],[-7.0223,43.56054],[-7.02242,43.5605],[-7.0225,43.56046],[-7.02255,43.56039],[-7.02254,43.56031],[-7.02249,43.56024],[-7.02244,43.56021],[-7.02214,43.56023]]],[[[-7.02161,43.56084],[-7.02157,43.56089],[-7.02155,43.56097],[-7.02159,43.56106],[-7.02166,43.56113],[-7.02176,43.56118],[-7.02188,43.56119],[-7.02199,43.56118],[-7.02205,43.56115],[-7.02209,43.56109],[-7.02207,43.56104],[-7.0218,43.56082],[-7.02161,43.56084]]]]}},{"type":"Feature","id":"es-as-concejo-33018","properties":{"id":"es-as-concejo-33018","slug":"coana","name":"Coaña","localName":"Cuaña","aliases":["Cuaña"],"kind":"municipality","boundaryStatus":"official","parentId":"es-as","population":null,"areaKm2":66,"density":null,"referenceYear":null,"sourceId":"sitpa-administrative-units","bbox":[-6.81954,43.45622,-6.71517,43.57471],"center":[-6.767355,43.515465000000006]},"geometry":{"type":"MultiPolygon","coordinates":[[[[-6.81641,43.46906],[-6.80756,43.47255],[-6.79822,43.47263],[-6.78597,43.46686],[-6.78138,43.46121],[-6.77383,43.4579],[-6.76825,43.45994],[-6.7656,43.45876],[-6.75556,43.45928],[-6.74911,43.45813],[-6.74582,43.45622],[-6.74149,43.45633],[-6.7406,43.4584],[-6.73698,43.45885],[-6.73244,43.46138],[-6.73219,43.4665],[-6.7227,43.46478],[-6.72009,43.46681],[-6.71517,43.47532],[-6.71903,43.47562],[-6.7243,43.47847],[-6.73186,43.47664],[-6.73606,43.47738],[-6.73494,43.47891],[-6.72794,43.48036],[-6.72299,43.48423],[-6.72458,43.49317],[-6.73313,43.49756],[-6.72881,43.49857],[-6.72915,43.50013],[-6.73205,43.501],[-6.73538,43.49979],[-6.73567,43.50371],[-6.7344,43.50653],[-6.73628,43.5085],[-6.73496,43.50984],[-6.73271,43.50979],[-6.72649,43.50649],[-6.72162,43.5094],[-6.72619,43.5123],[-6.73614,43.5138],[-6.73232,43.52006],[-6.73187,43.52592],[-6.72373,43.53019],[-6.72598,43.536],[-6.72487,43.54505],[-6.7258,43.55732],[-6.72695,43.55687],[-6.72902,43.55976],[-6.73228,43.56052],[-6.73347,43.56446],[-6.74122,43.56057],[-6.74058,43.56234],[-6.74237,43.56323],[-6.74214,43.56469],[-6.74445,43.56401],[-6.7458,43.56617],[-6.75273,43.56458],[-6.75341,43.56325],[-6.75591,43.56331],[-6.75894,43.56141],[-6.76046,43.56384],[-6.76234,43.56271],[-6.76415,43.56463],[-6.76336,43.56857],[-6.76705,43.56879],[-6.77029,43.56616],[-6.77463,43.56857],[-6.77555,43.56673],[-6.77734,43.56727],[-6.77655,43.56552],[-6.77745,43.56479],[-6.78282,43.56512],[-6.78331,43.56275],[-6.78088,43.55953],[-6.78459,43.55612],[-6.78874,43.55589],[-6.79447,43.5579],[-6.7983,43.5554],[-6.80234,43.55629],[-6.8035,43.55287],[-6.80321,43.54789],[-6.79665,43.53638],[-6.78953,43.52879],[-6.78773,43.52308],[-6.78749,43.51909],[-6.79011,43.51471],[-6.78814,43.51086],[-6.79049,43.50538],[-6.78925,43.5029],[-6.80574,43.48949],[-6.81832,43.48731],[-6.81954,43.48254],[-6.81564,43.47538],[-6.81641,43.46906]]],[[[-6.78787,43.55748],[-6.78783,43.55752],[-6.78774,43.55776],[-6.78789,43.55774],[-6.78796,43.55768],[-6.78799,43.55759],[-6.78799,43.55753],[-6.78795,43.55749],[-6.78787,43.55748]]],[[[-6.78992,43.5581],[-6.78982,43.55811],[-6.78972,43.55818],[-6.78965,43.55826],[-6.78964,43.55835],[-6.78964,43.5584],[-6.78969,43.55842],[-6.78995,43.55839],[-6.79004,43.55833],[-6.79006,43.55826],[-6.79003,43.55817],[-6.78999,43.55813],[-6.78992,43.5581]]],[[[-6.78993,43.55847],[-6.78978,43.55854],[-6.78973,43.55862],[-6.78971,43.55868],[-6.78971,43.55872],[-6.7898,43.55875],[-6.78993,43.55874],[-6.79004,43.5587],[-6.79012,43.55865],[-6.79017,43.55858],[-6.79017,43.55854],[-6.78993,43.55847]]],[[[-6.79231,43.55861],[-6.79221,43.55862],[-6.7921,43.55867],[-6.79202,43.55874],[-6.79195,43.55883],[-6.79178,43.55908],[-6.79183,43.55912],[-6.79187,43.55915],[-6.79198,43.55914],[-6.79209,43.5591],[-6.79217,43.55909],[-6.79228,43.55913],[-6.79237,43.55918],[-6.79247,43.55921],[-6.79254,43.5592],[-6.79263,43.55916],[-6.79268,43.55907],[-6.7927,43.55897],[-6.79271,43.55888],[-6.7927,43.55878],[-6.79267,43.55872],[-6.79256,43.55866],[-6.79245,43.55862],[-6.79231,43.55861]]],[[[-6.79665,43.55914],[-6.79658,43.55917],[-6.79654,43.55922],[-6.79653,43.55929],[-6.79666,43.55946],[-6.79681,43.55944],[-6.79687,43.55941],[-6.7969,43.55934],[-6.79687,43.55926],[-6.79682,43.55919],[-6.79674,43.55914],[-6.79665,43.55914]]],[[[-6.79619,43.55862],[-6.79607,43.55864],[-6.79594,43.55867],[-6.79582,43.55872],[-6.7957,43.55875],[-6.79561,43.55879],[-6.79556,43.55882],[-6.79556,43.55889],[-6.7956,43.55893],[-6.79569,43.55895],[-6.7958,43.55895],[-6.7962,43.55882],[-6.79634,43.5587],[-6.79636,43.55866],[-6.79633,43.55863],[-6.79619,43.55862]]],[[[-6.79473,43.55862],[-6.79466,43.55865],[-6.79462,43.55868],[-6.79465,43.55897],[-6.79499,43.55898],[-6.79506,43.55897],[-6.79512,43.55895],[-6.79514,43.55889],[-6.79512,43.55881],[-6.79505,43.55874],[-6.79494,43.55867],[-6.79484,43.55863],[-6.79473,43.55862]]],[[[-6.79441,43.56002],[-6.79489,43.56077],[-6.79452,43.56002],[-6.79441,43.56002]]],[[[-6.79273,43.56037],[-6.79268,43.56039],[-6.79263,43.56046],[-6.79262,43.56056],[-6.79261,43.56059],[-6.79255,43.56061],[-6.79245,43.56056],[-6.79232,43.56056],[-6.79226,43.56057],[-6.79222,43.56063],[-6.79221,43.56072],[-6.7923,43.56101],[-6.79245,43.56101],[-6.79251,43.56101],[-6.79257,43.56098],[-6.79262,43.5609],[-6.79262,43.56081],[-6.79263,43.56075],[-6.79266,43.56072],[-6.79277,43.56074],[-6.79285,43.56079],[-6.79292,43.5608],[-6.79297,43.56079],[-6.79299,43.56071],[-6.79296,43.56062],[-6.79292,43.56053],[-6.79286,43.56044],[-6.79281,43.5604],[-6.79273,43.56037]]],[[[-6.7838,43.56209],[-6.78367,43.56211],[-6.78355,43.56214],[-6.78349,43.56217],[-6.78348,43.5622],[-6.78352,43.56224],[-6.78378,43.56229],[-6.7839,43.56232],[-6.78407,43.56227],[-6.78412,43.56225],[-6.78412,43.5622],[-6.78405,43.56215],[-6.78393,43.56211],[-6.7838,43.56209]]],[[[-6.78377,43.56277],[-6.78365,43.56278],[-6.7836,43.56281],[-6.78358,43.56287],[-6.78362,43.56293],[-6.7837,43.56297],[-6.78402,43.563],[-6.78416,43.5629],[-6.78414,43.56285],[-6.78402,43.56281],[-6.7839,43.56278],[-6.78377,43.56277]]],[[[-6.78451,43.56325],[-6.78441,43.56327],[-6.78437,43.56331],[-6.78441,43.5635],[-6.78445,43.56355],[-6.78455,43.56349],[-6.7846,43.56341],[-6.78464,43.56336],[-6.78463,43.56331],[-6.78458,43.56327],[-6.78451,43.56325]]],[[[-6.78408,43.56351],[-6.78404,43.56354],[-6.7841,43.56361],[-6.78433,43.56381],[-6.78447,43.56382],[-6.78451,43.56381],[-6.7845,43.56375],[-6.78442,43.56368],[-6.78433,43.56361],[-6.78424,43.56355],[-6.78414,43.56351],[-6.78408,43.56351]]],[[[-6.78431,43.56392],[-6.78427,43.56394],[-6.78427,43.56401],[-6.78438,43.56419],[-6.78449,43.5642],[-6.78454,43.56419],[-6.78456,43.56413],[-6.78452,43.56404],[-6.78445,43.56397],[-6.78439,43.56393],[-6.78431,43.56392]]],[[[-6.75544,43.56407],[-6.75526,43.56486],[-6.75555,43.56409],[-6.75544,43.56407]]],[[[-6.74936,43.56563],[-6.7493,43.56565],[-6.74926,43.56572],[-6.74918,43.56584],[-6.74918,43.56586],[-6.74919,43.56587],[-6.74921,43.5659],[-6.74927,43.56592],[-6.74935,43.56592],[-6.74944,43.56591],[-6.7495,43.56588],[-6.74957,43.56583],[-6.74961,43.56577],[-6.7496,43.56571],[-6.74953,43.56566],[-6.74944,43.56564],[-6.74936,43.56563]]],[[[-6.78423,43.56463],[-6.78415,43.56464],[-6.78411,43.56467],[-6.78419,43.56493],[-6.78443,43.56496],[-6.78448,43.56494],[-6.7845,43.56487],[-6.78448,43.56479],[-6.7844,43.56471],[-6.78432,43.56465],[-6.78423,43.56463]]],[[[-6.75633,43.56445],[-6.75625,43.56446],[-6.75618,43.56449],[-6.75612,43.56455],[-6.75612,43.56462],[-6.75614,43.56469],[-6.75625,43.5648],[-6.75636,43.56479],[-6.75639,43.56479],[-6.75641,43.56476],[-6.75643,43.5647],[-6.75644,43.56463],[-6.75645,43.56456],[-6.75644,43.5645],[-6.7564,43.56447],[-6.75633,43.56445]]],[[[-6.75663,43.56475],[-6.75658,43.56477],[-6.75655,43.56482],[-6.75653,43.56495],[-6.75655,43.56502],[-6.75655,43.56503],[-6.75659,43.56503],[-6.75663,43.56501],[-6.75668,43.56495],[-6.75671,43.5649],[-6.75672,43.56483],[-6.75668,43.56476],[-6.75663,43.56475]]],[[[-6.76496,43.56897],[-6.76573,43.5701],[-6.76505,43.56897],[-6.76496,43.56897]]],[[[-6.78304,43.5704],[-6.78281,43.57062],[-6.78284,43.5708],[-6.78292,43.57086],[-6.78302,43.57089],[-6.78314,43.57089],[-6.78325,43.57087],[-6.78331,43.57083],[-6.78336,43.57076],[-6.78335,43.57066],[-6.78331,43.57058],[-6.78325,43.57049],[-6.78319,43.57043],[-6.7831,43.5704],[-6.78304,43.5704]]],[[[-6.78052,43.56915],[-6.78036,43.56917],[-6.78033,43.56922],[-6.78034,43.56929],[-6.78042,43.56937],[-6.78052,43.56943],[-6.78064,43.56946],[-6.78078,43.5695],[-6.7809,43.56951],[-6.78104,43.56951],[-6.78112,43.56948],[-6.78118,43.56945],[-6.78118,43.56938],[-6.78112,43.56931],[-6.78102,43.56926],[-6.78091,43.56923],[-6.78052,43.56915]]],[[[-6.76463,43.57091],[-6.76452,43.57095],[-6.76445,43.57103],[-6.76438,43.57111],[-6.76434,43.57119],[-6.76429,43.57129],[-6.76425,43.57138],[-6.76422,43.57147],[-6.76421,43.57151],[-6.76431,43.57152],[-6.76443,43.57148],[-6.76454,43.57143],[-6.76463,43.57136],[-6.76472,43.57129],[-6.76484,43.57108],[-6.7647,43.57092],[-6.76463,43.57091]]],[[[-6.76667,43.57363],[-6.76822,43.57471],[-6.76672,43.57365],[-6.76667,43.57363]]],[[[-6.7835,43.56561],[-6.78327,43.56563],[-6.78322,43.56564],[-6.78329,43.5657],[-6.78339,43.56576],[-6.78348,43.5658],[-6.78353,43.56586],[-6.78355,43.56596],[-6.78355,43.56603],[-6.78359,43.56607],[-6.78372,43.56609],[-6.78384,43.56606],[-6.78395,43.56603],[-6.78406,43.56598],[-6.78417,43.56594],[-6.78424,43.56591],[-6.78426,43.56586],[-6.78422,43.5658],[-6.78411,43.56576],[-6.78398,43.56572],[-6.78387,43.56569],[-6.7835,43.56561]]],[[[-6.78247,43.56563],[-6.78217,43.5657],[-6.78204,43.56575],[-6.78203,43.56578],[-6.78213,43.56584],[-6.78225,43.56588],[-6.78234,43.56595],[-6.78242,43.56602],[-6.78249,43.56607],[-6.78258,43.56609],[-6.78269,43.56607],[-6.78279,43.566],[-6.78288,43.56595],[-6.783,43.56593],[-6.78308,43.56589],[-6.78312,43.56584],[-6.78312,43.5658],[-6.78304,43.56575],[-6.78293,43.56572],[-6.7828,43.56569],[-6.78268,43.56567],[-6.78255,43.56565],[-6.78247,43.56563]]],[[[-6.78149,43.56573],[-6.78141,43.56577],[-6.78135,43.56583],[-6.78133,43.56593],[-6.78135,43.56597],[-6.78158,43.56608],[-6.7818,43.56593],[-6.78182,43.56587],[-6.78181,43.56582],[-6.78169,43.56576],[-6.78158,43.56573],[-6.78149,43.56573]]],[[[-6.75238,43.56468],[-6.75136,43.56722],[-6.75334,43.56635],[-6.75351,43.56756],[-6.75245,43.56469],[-6.75238,43.56468]]],[[[-6.78745,43.56641],[-6.78719,43.56662],[-6.78723,43.56672],[-6.78723,43.56678],[-6.78727,43.56684],[-6.78737,43.5669],[-6.78747,43.56691],[-6.7876,43.5669],[-6.78772,43.56685],[-6.78781,43.56679],[-6.78787,43.56673],[-6.78788,43.56665],[-6.78782,43.56656],[-6.78774,43.56649],[-6.78765,43.56644],[-6.78753,43.56641],[-6.78745,43.56641]]],[[[-6.74733,43.56669],[-6.74731,43.56671],[-6.74731,43.56675],[-6.74731,43.56678],[-6.74731,43.56683],[-6.74734,43.56687],[-6.74738,43.56691],[-6.74742,43.56696],[-6.74747,43.56701],[-6.74754,43.56704],[-6.7476,43.56704],[-6.74763,43.56702],[-6.74764,43.56698],[-6.74762,43.56693],[-6.74758,43.56686],[-6.74749,43.56676],[-6.74744,43.56672],[-6.74742,43.56672],[-6.74738,43.5667],[-6.74733,43.56669]]],[[[-6.74506,43.56691],[-6.74502,43.56694],[-6.74497,43.56699],[-6.74493,43.56706],[-6.74488,43.56713],[-6.74486,43.5672],[-6.74486,43.56729],[-6.74491,43.56734],[-6.74496,43.56738],[-6.74501,43.56739],[-6.74504,43.56737],[-6.74505,43.56732],[-6.74507,43.56725],[-6.74513,43.56718],[-6.74519,43.56711],[-6.74523,43.56697],[-6.74514,43.56692],[-6.74513,43.56691],[-6.74506,43.56691]]],[[[-6.74693,43.56692],[-6.74687,43.56693],[-6.74681,43.56696],[-6.74677,43.56701],[-6.74672,43.56708],[-6.7467,43.56716],[-6.7467,43.56725],[-6.7467,43.56734],[-6.74673,43.56743],[-6.74679,43.5675],[-6.74685,43.56758],[-6.74693,43.56763],[-6.747,43.56763],[-6.74706,43.56757],[-6.74709,43.5675],[-6.74709,43.56741],[-6.74708,43.56734],[-6.74703,43.56727],[-6.747,43.56719],[-6.74702,43.56712],[-6.7471,43.56697],[-6.74698,43.56692],[-6.74693,43.56692]]],[[[-6.74879,43.56605],[-6.74871,43.56607],[-6.74868,43.56612],[-6.74865,43.56621],[-6.74862,43.5663],[-6.74859,43.56639],[-6.74855,43.56647],[-6.74854,43.56657],[-6.74851,43.56673],[-6.74859,43.56679],[-6.74864,43.56679],[-6.7487,43.56679],[-6.74876,43.56675],[-6.74879,43.5667],[-6.74881,43.56661],[-6.74883,43.56652],[-6.74885,43.56643],[-6.74888,43.56633],[-6.74891,43.56625],[-6.74892,43.56617],[-6.74891,43.5661],[-6.74886,43.56605],[-6.74879,43.56605]]],[[[-6.76263,43.56647],[-6.76255,43.56654],[-6.76249,43.56662],[-6.76245,43.56671],[-6.7624,43.56679],[-6.76239,43.56684],[-6.76243,43.56686],[-6.76253,43.56684],[-6.76261,43.56679],[-6.76267,43.56671],[-6.7627,43.56655],[-6.76268,43.56647],[-6.76263,43.56647]]],[[[-6.75881,43.56648],[-6.75872,43.5665],[-6.75865,43.56654],[-6.75861,43.56664],[-6.75858,43.56674],[-6.75852,43.56692],[-6.75862,43.56693],[-6.75864,43.56693],[-6.75866,43.56694],[-6.75872,43.56691],[-6.75878,43.56685],[-6.75884,43.56676],[-6.75888,43.56668],[-6.75889,43.56659],[-6.75887,43.56651],[-6.75881,43.56648]]],[[[-6.78145,43.56685],[-6.7814,43.56686],[-6.78136,43.56695],[-6.78136,43.56705],[-6.78137,43.56714],[-6.78139,43.56722],[-6.78143,43.5673],[-6.7815,43.56735],[-6.78156,43.56737],[-6.78164,43.56735],[-6.7817,43.5673],[-6.78172,43.56721],[-6.7817,43.56712],[-6.78156,43.56687],[-6.78145,43.56685]]],[[[-6.751,43.56771],[-6.75097,43.56772],[-6.75094,43.56773],[-6.75089,43.56776],[-6.75087,43.56782],[-6.75086,43.56787],[-6.75084,43.56793],[-6.75082,43.56799],[-6.75079,43.56805],[-6.75079,43.56813],[-6.75079,43.56818],[-6.75083,43.5682],[-6.75089,43.5682],[-6.75096,43.56816],[-6.75102,43.56811],[-6.75109,43.56804],[-6.75111,43.56794],[-6.75112,43.56786],[-6.75107,43.56778],[-6.751,43.56771]]],[[[-6.77097,43.56774],[-6.77085,43.56775],[-6.77074,43.56779],[-6.77069,43.56783],[-6.77068,43.56788],[-6.77074,43.56796],[-6.77081,43.56799],[-6.77095,43.568],[-6.77102,43.568],[-6.77119,43.56789],[-6.77119,43.56785],[-6.77117,43.5678],[-6.77111,43.56775],[-6.77097,43.56774]]],[[[-6.77738,43.56819],[-6.7773,43.56822],[-6.77725,43.56831],[-6.77724,43.5684],[-6.77725,43.5685],[-6.77732,43.56874],[-6.77741,43.56877],[-6.77746,43.56878],[-6.77751,43.56871],[-6.77751,43.56862],[-6.77751,43.56852],[-6.77753,43.56844],[-6.77756,43.56835],[-6.77757,43.56827],[-6.77753,43.56822],[-6.77745,43.56819],[-6.77738,43.56819]]],[[[-6.77607,43.56831],[-6.77587,43.56834],[-6.77585,43.5684],[-6.77591,43.56848],[-6.77599,43.56855],[-6.77609,43.5686],[-6.7762,43.56864],[-6.77632,43.56868],[-6.77644,43.56871],[-6.77655,43.56872],[-6.7766,43.56871],[-6.77661,43.56866],[-6.77654,43.56857],[-6.77647,43.5685],[-6.77636,43.56844],[-6.77607,43.56831]]],[[[-6.77156,43.56793],[-6.77243,43.56825],[-6.77166,43.56792],[-6.77156,43.56793]]],[[[-6.76297,43.56833],[-6.76293,43.56835],[-6.76293,43.56845],[-6.76293,43.56854],[-6.76295,43.56863],[-6.76295,43.56866],[-6.763,43.56867],[-6.76305,43.56861],[-6.76306,43.56851],[-6.76302,43.56834],[-6.76297,43.56833]]],[[[-6.75138,43.56753],[-6.75156,43.56846],[-6.75152,43.56761],[-6.75138,43.56753]]],[[[-6.77391,43.56829],[-6.77382,43.5683],[-6.77373,43.56834],[-6.77361,43.56849],[-6.77365,43.5686],[-6.77374,43.56867],[-6.77383,43.56873],[-6.77393,43.56879],[-6.77401,43.56886],[-6.77409,43.56891],[-6.77418,43.56892],[-6.77423,43.56891],[-6.77426,43.56885],[-6.77424,43.56875],[-6.7742,43.56867],[-6.77414,43.56858],[-6.77409,43.56849],[-6.77402,43.5684],[-6.77395,43.56833],[-6.77391,43.56829]]],[[[-6.77122,43.56879],[-6.7712,43.56885],[-6.77123,43.56894],[-6.77131,43.56902],[-6.77141,43.56908],[-6.77149,43.5691],[-6.77155,43.5691],[-6.77161,43.56907],[-6.77161,43.56902],[-6.77155,43.56894],[-6.77135,43.56879],[-6.77122,43.56879]]]]}},{"type":"Feature","id":"es-as-concejo-33020","properties":{"id":"es-as-concejo-33020","slug":"corvera-de-asturias","name":"Corvera De Asturias","localName":"Corvera","aliases":["Corvera"],"kind":"municipality","boundaryStatus":"official","parentId":"es-as","population":null,"areaKm2":45.9,"density":null,"referenceYear":null,"sourceId":"sitpa-administrative-units","bbox":[-5.95384,43.47839,-5.81526,43.5574],"center":[-5.88455,43.517894999999996]},"geometry":{"type":"Polygon","coordinates":[[[-5.87999,43.55647],[-5.88284,43.5574],[-5.88447,43.55555],[-5.88854,43.55547],[-5.88997,43.55014],[-5.89842,43.54366],[-5.89973,43.53967],[-5.90378,43.53624],[-5.90875,43.53573],[-5.90911,43.53382],[-5.91263,43.53054],[-5.93824,43.53497],[-5.94276,43.53359],[-5.9493,43.52826],[-5.95384,43.52062],[-5.94957,43.51652],[-5.93632,43.52011],[-5.92732,43.51928],[-5.92306,43.50858],[-5.91625,43.49764],[-5.90993,43.49935],[-5.90625,43.5023],[-5.8991,43.49393],[-5.88726,43.49239],[-5.87568,43.48661],[-5.85341,43.47839],[-5.85005,43.48156],[-5.84531,43.48223],[-5.84033,43.48537],[-5.8359,43.48437],[-5.829,43.47984],[-5.8219,43.48403],[-5.81526,43.49745],[-5.82029,43.50123],[-5.82123,43.50405],[-5.82491,43.50253],[-5.83912,43.50988],[-5.86281,43.52857],[-5.86301,43.53092],[-5.84707,43.54754],[-5.8617,43.55542],[-5.86841,43.55573],[-5.87288,43.55347],[-5.87549,43.55427],[-5.87522,43.5555],[-5.87934,43.55609],[-5.87999,43.55647]]]}},{"type":"Feature","id":"es-as-concejo-33021","properties":{"id":"es-as-concejo-33021","slug":"cudillero","name":"Cudillero","localName":"Cuideiru","aliases":["Cuideiru"],"kind":"municipality","boundaryStatus":"official","parentId":"es-as","population":null,"areaKm2":101.6,"density":null,"referenceYear":null,"sourceId":"sitpa-administrative-units","bbox":[-6.35258,43.49161,-6.12118,43.59623],"center":[-6.236879999999999,43.54392]},"geometry":{"type":"MultiPolygon","coordinates":[[[[-6.34471,43.55423],[-6.3341,43.5449],[-6.3343,43.54154],[-6.34144,43.53598],[-6.34509,43.53512],[-6.3471,43.53314],[-6.34705,43.53078],[-6.35258,43.528],[-6.35123,43.52403],[-6.35205,43.52307],[-6.34923,43.52089],[-6.33496,43.52504],[-6.32767,43.52502],[-6.32452,43.52746],[-6.32347,43.53106],[-6.3161,43.53161],[-6.30904,43.53643],[-6.29249,43.53864],[-6.28744,43.5421],[-6.27819,43.54514],[-6.27418,43.5491],[-6.27181,43.54788],[-6.27106,43.54504],[-6.26327,43.54483],[-6.25919,43.54269],[-6.26253,43.53939],[-6.26659,43.54034],[-6.26693,43.53683],[-6.26894,43.53601],[-6.26749,43.53254],[-6.26466,43.53],[-6.26754,43.5264],[-6.26786,43.5208],[-6.27113,43.51807],[-6.27273,43.51326],[-6.27097,43.50924],[-6.2657,43.50708],[-6.26867,43.50288],[-6.26806,43.49923],[-6.2698,43.49768],[-6.2687,43.49539],[-6.25847,43.49161],[-6.25444,43.49519],[-6.23546,43.49573],[-6.23267,43.499],[-6.23321,43.50025],[-6.22765,43.50259],[-6.22588,43.5076],[-6.22138,43.5092],[-6.21517,43.51938],[-6.2163,43.52093],[-6.21393,43.52255],[-6.21027,43.51929],[-6.20302,43.51832],[-6.20084,43.51577],[-6.19948,43.51109],[-6.1933,43.507],[-6.18659,43.50514],[-6.18221,43.51031],[-6.17933,43.51162],[-6.17809,43.51443],[-6.17395,43.51589],[-6.17561,43.5199],[-6.173,43.51964],[-6.1719,43.51661],[-6.16998,43.51527],[-6.15175,43.51738],[-6.14287,43.52032],[-6.14076,43.52195],[-6.14107,43.52762],[-6.13413,43.53906],[-6.12712,43.54215],[-6.12468,43.54649],[-6.12139,43.5482],[-6.12462,43.55221],[-6.12195,43.55394],[-6.12118,43.55624],[-6.12381,43.55695],[-6.12373,43.56135],[-6.12693,43.55934],[-6.13239,43.55857],[-6.13291,43.56017],[-6.13562,43.56084],[-6.13556,43.56474],[-6.13776,43.56419],[-6.14258,43.56591],[-6.14395,43.56506],[-6.14479,43.56629],[-6.14536,43.56434],[-6.14678,43.56488],[-6.14593,43.56355],[-6.14737,43.56368],[-6.14753,43.56499],[-6.14928,43.56484],[-6.1529,43.56799],[-6.15105,43.56946],[-6.14765,43.56721],[-6.14779,43.56559],[-6.14639,43.56597],[-6.14755,43.56601],[-6.14743,43.5675],[-6.15115,43.5697],[-6.15425,43.56835],[-6.15447,43.57073],[-6.15497,43.56842],[-6.15819,43.56638],[-6.16142,43.56935],[-6.16488,43.56731],[-6.17,43.56964],[-6.17401,43.5662],[-6.17771,43.5684],[-6.18292,43.56353],[-6.18637,43.5639],[-6.19102,43.56644],[-6.192,43.56984],[-6.18851,43.57597],[-6.18821,43.57954],[-6.1905,43.57859],[-6.19377,43.58042],[-6.19456,43.57579],[-6.19806,43.57458],[-6.19902,43.57268],[-6.20306,43.57291],[-6.20634,43.57696],[-6.20675,43.58005],[-6.20881,43.58205],[-6.20784,43.58401],[-6.20914,43.58514],[-6.2108,43.58183],[-6.21249,43.58199],[-6.21318,43.58039],[-6.21995,43.57937],[-6.22148,43.58036],[-6.22163,43.5827],[-6.22493,43.58297],[-6.22386,43.58555],[-6.22544,43.58606],[-6.22512,43.58703],[-6.226,43.58656],[-6.2266,43.58908],[-6.23132,43.58824],[-6.23218,43.59114],[-6.23524,43.59046],[-6.2375,43.59149],[-6.23672,43.5938],[-6.24076,43.59219],[-6.24184,43.59264],[-6.24153,43.5946],[-6.24267,43.59391],[-6.24451,43.59518],[-6.24547,43.59388],[-6.24234,43.59018],[-6.24249,43.58882],[-6.24654,43.58772],[-6.24527,43.58513],[-6.24589,43.58398],[-6.2479,43.58313],[-6.2492,43.584],[-6.25042,43.581],[-6.25595,43.57779],[-6.26242,43.57683],[-6.26774,43.57898],[-6.26993,43.5767],[-6.27449,43.57653],[-6.27391,43.57448],[-6.27533,43.57329],[-6.27899,43.57276],[-6.2818,43.57427],[-6.28258,43.57351],[-6.28148,43.57233],[-6.28412,43.57212],[-6.28344,43.5715],[-6.28543,43.56997],[-6.28748,43.57096],[-6.28806,43.57016],[-6.28876,43.57179],[-6.28899,43.57064],[-6.2936,43.56974],[-6.29471,43.57052],[-6.29437,43.5697],[-6.29642,43.56956],[-6.29718,43.57112],[-6.29882,43.5693],[-6.29553,43.56783],[-6.29568,43.56672],[-6.29892,43.566],[-6.30003,43.56787],[-6.30093,43.56673],[-6.29994,43.56519],[-6.30241,43.56521],[-6.30351,43.56341],[-6.30835,43.56355],[-6.30935,43.56759],[-6.31013,43.56354],[-6.31406,43.56435],[-6.31475,43.56561],[-6.31501,43.56448],[-6.31598,43.5651],[-6.31537,43.56359],[-6.31713,43.56279],[-6.31936,43.56455],[-6.32068,43.5616],[-6.32409,43.56264],[-6.32891,43.56066],[-6.33209,43.56163],[-6.33264,43.55971],[-6.33448,43.55998],[-6.33654,43.55835],[-6.33922,43.55883],[-6.34229,43.55579],[-6.34481,43.55537],[-6.34464,43.55427],[-6.34471,43.55423]]],[[[-6.34484,43.55832],[-6.34474,43.55833],[-6.34451,43.55844],[-6.34459,43.55855],[-6.34462,43.55862],[-6.34471,43.55865],[-6.34484,43.55866],[-6.34497,43.55868],[-6.34508,43.55867],[-6.34518,43.55864],[-6.34523,43.55859],[-6.34522,43.55852],[-6.34518,43.55844],[-6.34509,43.55837],[-6.34497,43.55833],[-6.34484,43.55832]]],[[[-6.33923,43.55964],[-6.33849,43.56007],[-6.33927,43.55966],[-6.33923,43.55964]]],[[[-6.33954,43.55985],[-6.33881,43.56037],[-6.33964,43.55986],[-6.33954,43.55985]]],[[[-6.34113,43.55994],[-6.34098,43.56012],[-6.34098,43.56017],[-6.34106,43.56024],[-6.34111,43.56029],[-6.34112,43.56038],[-6.34115,43.56045],[-6.34121,43.56049],[-6.3413,43.56051],[-6.34141,43.56048],[-6.3415,43.56043],[-6.3416,43.56034],[-6.34163,43.56029],[-6.34161,43.5602],[-6.34157,43.5601],[-6.34151,43.56001],[-6.34145,43.55998],[-6.34113,43.55994]]],[[[-6.12334,43.56027],[-6.12323,43.56037],[-6.12324,43.5604],[-6.12334,43.56045],[-6.1234,43.56036],[-6.12334,43.56027]]],[[[-6.13056,43.56044],[-6.13059,43.56053],[-6.13069,43.56049],[-6.13068,43.56048],[-6.13056,43.56044]]],[[[-6.12725,43.56015],[-6.12718,43.56022],[-6.12714,43.56044],[-6.12712,43.56059],[-6.12718,43.56069],[-6.12723,43.56061],[-6.12729,43.56041],[-6.12736,43.56032],[-6.12736,43.56022],[-6.12725,43.56015]]],[[[-6.1281,43.5606],[-6.12802,43.56069],[-6.12801,43.56072],[-6.12811,43.56079],[-6.12813,43.5607],[-6.1281,43.5606]]],[[[-6.12633,43.56065],[-6.12633,43.56075],[-6.12645,43.56078],[-6.12645,43.56067],[-6.12633,43.56065]]],[[[-6.33987,43.56086],[-6.33981,43.5609],[-6.33979,43.56095],[-6.33983,43.56104],[-6.33991,43.56111],[-6.33998,43.56116],[-6.34007,43.56116],[-6.34013,43.56114],[-6.34017,43.56111],[-6.34002,43.56088],[-6.33987,43.56086]]],[[[-6.12812,43.56092],[-6.12798,43.56094],[-6.12799,43.56105],[-6.12799,43.56106],[-6.12809,43.56111],[-6.12812,43.56101],[-6.12812,43.56092]]],[[[-6.12838,43.56117],[-6.12838,43.56118],[-6.12843,43.56127],[-6.1285,43.56119],[-6.12838,43.56117]]],[[[-6.12502,43.56132],[-6.12491,43.56136],[-6.1249,43.56146],[-6.125,43.56151],[-6.12513,43.56153],[-6.12521,43.56161],[-6.12538,43.56148],[-6.12531,43.56139],[-6.12515,43.56132],[-6.12502,43.56132]]],[[[-6.33802,43.56187],[-6.33798,43.56191],[-6.338,43.56198],[-6.33806,43.56205],[-6.33813,43.56208],[-6.33824,43.5621],[-6.33831,43.56208],[-6.33836,43.56204],[-6.33835,43.56199],[-6.3381,43.56187],[-6.33802,43.56187]]],[[[-6.12805,43.56139],[-6.12794,43.56142],[-6.12794,43.56152],[-6.12803,43.56158],[-6.12806,43.56148],[-6.12805,43.56139]]],[[[-6.33259,43.56173],[-6.33186,43.56216],[-6.33272,43.56173],[-6.33259,43.56173]]],[[[-6.33187,43.56228],[-6.3316,43.5623],[-6.33153,43.56238],[-6.33152,43.56244],[-6.33155,43.56248],[-6.33161,43.56251],[-6.33171,43.5625],[-6.33182,43.56244],[-6.33188,43.56239],[-6.3319,43.56232],[-6.33187,43.56228]]],[[[-6.32832,43.56223],[-6.3282,43.56225],[-6.3281,43.56228],[-6.32801,43.56232],[-6.32797,43.56243],[-6.32796,43.56252],[-6.32792,43.56261],[-6.3279,43.56269],[-6.32794,43.56282],[-6.3281,43.56293],[-6.32817,43.56294],[-6.32827,43.56293],[-6.32839,43.56287],[-6.32847,43.56282],[-6.32856,43.56275],[-6.32863,43.56267],[-6.32866,43.56258],[-6.32867,43.56249],[-6.32866,43.5624],[-6.32862,43.56231],[-6.32858,43.56226],[-6.32845,43.56223],[-6.32832,43.56223]]],[[[-6.32731,43.5628],[-6.32706,43.56299],[-6.32707,43.56314],[-6.32711,43.56318],[-6.32722,43.56321],[-6.32734,43.56322],[-6.32747,43.5632],[-6.32756,43.56313],[-6.32763,43.56306],[-6.32767,43.56297],[-6.32766,43.56289],[-6.32762,43.56285],[-6.3275,43.56281],[-6.32737,43.5628],[-6.32731,43.5628]]],[[[-6.32537,43.5629],[-6.32524,43.56293],[-6.32516,43.56295],[-6.32492,43.56323],[-6.32494,43.56331],[-6.32494,43.56335],[-6.32501,43.56339],[-6.32514,43.5634],[-6.32527,43.5634],[-6.32541,43.56339],[-6.32553,43.56338],[-6.32564,43.56334],[-6.32575,43.56328],[-6.32582,43.56321],[-6.32588,43.56314],[-6.32589,43.56308],[-6.32582,43.56299],[-6.32574,43.56293],[-6.32564,43.5629],[-6.32551,43.56289],[-6.32537,43.5629]]],[[[-6.32407,43.56317],[-6.32401,43.56319],[-6.32396,43.56327],[-6.32392,43.56336],[-6.32392,43.56345],[-6.32391,43.56355],[-6.32391,43.56365],[-6.324,43.56389],[-6.32417,43.56395],[-6.32422,43.56395],[-6.32424,43.56388],[-6.32421,43.56379],[-6.32419,43.56374],[-6.32424,43.56365],[-6.32427,43.5636],[-6.32427,43.56351],[-6.32425,43.56342],[-6.32425,43.56332],[-6.32423,43.56325],[-6.32414,43.56319],[-6.32407,43.56317]]],[[[-6.31685,43.5638],[-6.31676,43.56385],[-6.31667,43.56392],[-6.31663,43.564],[-6.31663,43.56403],[-6.31674,43.56407],[-6.31679,43.56407],[-6.31682,43.56414],[-6.31681,43.56418],[-6.31694,43.56431],[-6.31715,43.56433],[-6.31728,43.56434],[-6.31736,43.56433],[-6.31744,43.56429],[-6.31746,43.56424],[-6.31743,43.56417],[-6.31735,43.56411],[-6.31729,43.56402],[-6.31722,43.56395],[-6.31713,43.56388],[-6.31703,43.56383],[-6.31693,43.5638],[-6.31685,43.5638]]],[[[-6.183,43.56478],[-6.18287,43.56481],[-6.1828,43.56492],[-6.18278,43.56499],[-6.18277,43.56502],[-6.18281,43.56506],[-6.18283,43.56507],[-6.18286,43.56507],[-6.18293,43.56497],[-6.18298,43.56489],[-6.183,43.56478]]],[[[-6.14561,43.56476],[-6.14549,43.56481],[-6.14541,43.56506],[-6.1454,43.56514],[-6.14552,43.56518],[-6.1457,43.56502],[-6.14572,43.56483],[-6.14561,43.56476]]],[[[-6.13562,43.56491],[-6.13549,43.56495],[-6.13547,43.56495],[-6.13536,43.565],[-6.13545,43.56506],[-6.13557,43.56501],[-6.13562,43.56491]]],[[[-6.30503,43.56445],[-6.30488,43.56448],[-6.30482,43.56456],[-6.3048,43.56466],[-6.30481,43.56475],[-6.30485,43.56484],[-6.30493,43.56489],[-6.30503,43.56492],[-6.30513,43.56491],[-6.30522,43.56486],[-6.30529,43.5648],[-6.30533,43.56472],[-6.30531,43.56462],[-6.30525,43.56453],[-6.30521,43.5645],[-6.30503,43.56445]]],[[[-6.32079,43.56353],[-6.32076,43.56488],[-6.32089,43.56353],[-6.32079,43.56353]]],[[[-6.32207,43.56459],[-6.32207,43.56472],[-6.32207,43.56478],[-6.32212,43.56482],[-6.32221,43.56483],[-6.32228,43.56482],[-6.32234,43.56478],[-6.32237,43.56469],[-6.32236,43.56461],[-6.32233,43.56458],[-6.32207,43.56459]]],[[[-6.32175,43.56483],[-6.32164,43.56489],[-6.32162,43.56498],[-6.32162,43.56508],[-6.32164,43.56515],[-6.32171,43.5652],[-6.32182,43.56523],[-6.32196,43.56525],[-6.32206,43.56523],[-6.32217,43.56518],[-6.32221,43.56512],[-6.32221,43.56505],[-6.32217,43.56498],[-6.32207,43.56493],[-6.32175,43.56483]]],[[[-6.13538,43.56512],[-6.13533,43.56519],[-6.13545,43.56522],[-6.13552,43.56513],[-6.13538,43.56512]]],[[[-6.13812,43.56478],[-6.13781,43.5648],[-6.13762,43.56485],[-6.13755,43.56495],[-6.13758,43.56505],[-6.13793,43.56518],[-6.13806,43.56514],[-6.13817,43.5652],[-6.13825,43.56512],[-6.1384,43.56511],[-6.13841,43.56501],[-6.13835,43.56491],[-6.13812,43.56478]]],[[[-6.30304,43.56508],[-6.30293,43.56512],[-6.30284,43.56518],[-6.30277,43.56523],[-6.30275,43.56532],[-6.30289,43.56531],[-6.303,43.56527],[-6.3031,43.56524],[-6.30315,43.56519],[-6.30314,43.56513],[-6.30312,43.56509],[-6.30304,43.56508]]],[[[-6.13914,43.56532],[-6.139,43.56535],[-6.13895,43.56536],[-6.13885,43.56544],[-6.13899,43.56546],[-6.13911,43.56543],[-6.13914,43.56532]]],[[[-6.13761,43.5658],[-6.13765,43.56589],[-6.13778,43.56595],[-6.13773,43.56585],[-6.13772,43.56582],[-6.13761,43.5658]]],[[[-6.14911,43.56536],[-6.14902,43.56544],[-6.149,43.56551],[-6.14899,43.56558],[-6.14899,43.56564],[-6.14899,43.56568],[-6.14901,43.56572],[-6.14904,43.56574],[-6.14909,43.56574],[-6.14914,43.56573],[-6.14916,43.56565],[-6.14918,43.56546],[-6.14911,43.56536]]],[[[-6.13918,43.56553],[-6.13907,43.56558],[-6.13912,43.56566],[-6.13926,43.56566],[-6.1393,43.56557],[-6.13918,43.56554],[-6.13918,43.56553]]],[[[-6.13875,43.56555],[-6.13871,43.56557],[-6.13873,43.56567],[-6.13886,43.56566],[-6.13888,43.56556],[-6.13875,43.56555]]],[[[-6.3083,43.56684],[-6.30821,43.5669],[-6.30817,43.56696],[-6.30816,43.56703],[-6.30822,43.56708],[-6.30832,43.56711],[-6.30843,43.56712],[-6.30855,43.56709],[-6.30861,43.56705],[-6.30863,43.56698],[-6.30862,43.56693],[-6.30846,43.56685],[-6.3083,43.56684]]],[[[-6.17328,43.56799],[-6.17313,43.56804],[-6.17302,43.56813],[-6.17301,43.56826],[-6.17315,43.56824],[-6.17335,43.5681],[-6.17341,43.568],[-6.17328,43.56799]]],[[[-6.30086,43.56736],[-6.30075,43.56737],[-6.30064,43.56742],[-6.30055,43.5675],[-6.30047,43.56757],[-6.30043,43.56761],[-6.3005,43.56778],[-6.30069,43.56778],[-6.3008,43.56773],[-6.30091,43.56767],[-6.30098,43.56761],[-6.30101,43.56752],[-6.30099,43.56745],[-6.30094,43.56739],[-6.30086,43.56736]]],[[[-6.30151,43.56718],[-6.30126,43.5672],[-6.30122,43.56724],[-6.30118,43.56734],[-6.30119,43.56741],[-6.30123,43.56747],[-6.30133,43.56751],[-6.30143,43.56752],[-6.30152,43.5675],[-6.30161,43.56743],[-6.30163,43.56739],[-6.30151,43.56718]]],[[[-6.3087,43.56737],[-6.30861,43.56741],[-6.30855,43.56746],[-6.30853,43.56756],[-6.30853,43.56761],[-6.30866,43.56769],[-6.30888,43.56759],[-6.30893,43.56751],[-6.30894,43.56743],[-6.30893,43.56738],[-6.30881,43.56737],[-6.3087,43.56737]]],[[[-6.17947,43.56747],[-6.17942,43.56762],[-6.17942,43.56767],[-6.17947,43.56775],[-6.17957,43.56769],[-6.17957,43.56759],[-6.1796,43.56749],[-6.17947,43.56747]]],[[[-6.30759,43.56741],[-6.30753,43.56744],[-6.30738,43.56772],[-6.30742,43.56786],[-6.30747,43.56795],[-6.30757,43.56801],[-6.30769,43.56804],[-6.30779,43.56804],[-6.3079,43.56801],[-6.30798,43.56794],[-6.30802,43.56786],[-6.30803,43.56777],[-6.308,43.56767],[-6.30795,43.56759],[-6.30788,43.5675],[-6.30778,43.56744],[-6.30769,43.56741],[-6.30759,43.56741]]],[[[-6.31076,43.56763],[-6.31065,43.56764],[-6.31057,43.56768],[-6.31052,43.56775],[-6.31051,43.5678],[-6.31058,43.56788],[-6.31076,43.56794],[-6.31086,43.56788],[-6.31093,43.56783],[-6.31094,43.56776],[-6.31091,43.56768],[-6.31086,43.56764],[-6.31076,43.56763]]],[[[-6.30919,43.56772],[-6.30907,43.56775],[-6.309,43.56779],[-6.30898,43.56784],[-6.30899,43.56791],[-6.30903,43.56795],[-6.30929,43.56799],[-6.3094,43.56782],[-6.30937,43.56776],[-6.30932,43.56772],[-6.30919,43.56772]]],[[[-6.32072,43.5657],[-6.32064,43.56576],[-6.3206,43.5658],[-6.32069,43.56596],[-6.32087,43.56595],[-6.32092,43.56594],[-6.32094,43.56588],[-6.32091,43.56579],[-6.32085,43.56572],[-6.32078,43.5657],[-6.32072,43.5657]]],[[[-6.13988,43.56562],[-6.13977,43.56569],[-6.13976,43.56578],[-6.13989,43.56582],[-6.13997,43.56573],[-6.14001,43.56563],[-6.13988,43.56562]]],[[[-6.3015,43.56569],[-6.30142,43.56573],[-6.30136,43.56577],[-6.30136,43.56584],[-6.30147,43.56596],[-6.30157,43.56597],[-6.30169,43.56593],[-6.30176,43.5659],[-6.30178,43.56583],[-6.30177,43.56577],[-6.3017,43.56572],[-6.3016,43.56568],[-6.3015,43.56569]]],[[[-6.14205,43.56572],[-6.14195,43.56579],[-6.14189,43.56611],[-6.1419,43.5663],[-6.14198,43.56637],[-6.14208,43.5663],[-6.14219,43.56575],[-6.14205,43.56572]]],[[[-6.32228,43.56592],[-6.32219,43.56598],[-6.32219,43.56604],[-6.32225,43.56612],[-6.32236,43.56619],[-6.32245,43.56622],[-6.32253,43.56623],[-6.32261,43.56621],[-6.32263,43.56615],[-6.32261,43.56607],[-6.32257,43.56601],[-6.32228,43.56592]]],[[[-6.13976,43.56593],[-6.13963,43.56594],[-6.13951,43.56601],[-6.13942,43.56619],[-6.13958,43.56635],[-6.13962,43.56627],[-6.1398,43.56611],[-6.13981,43.56602],[-6.13976,43.56593]]],[[[-6.18099,43.56588],[-6.18086,43.56591],[-6.18077,43.56602],[-6.18074,43.56624],[-6.18085,43.5662],[-6.18099,43.56588]]],[[[-6.30255,43.56578],[-6.30166,43.56625],[-6.30267,43.5658],[-6.30255,43.56578]]],[[[-6.2431,43.5952],[-6.24273,43.5962],[-6.2444,43.59623],[-6.24391,43.59542],[-6.2431,43.5952]]],[[[-6.17569,43.56845],[-6.17556,43.56848],[-6.17551,43.5686],[-6.17555,43.56869],[-6.17566,43.56865],[-6.1757,43.56854],[-6.17569,43.56845]]],[[[-6.17791,43.56852],[-6.17781,43.5686],[-6.17789,43.56871],[-6.17801,43.56863],[-6.17803,43.56854],[-6.17791,43.56852]]],[[[-6.17744,43.56862],[-6.17729,43.56865],[-6.17727,43.56867],[-6.1772,43.56876],[-6.17734,43.56876],[-6.17748,43.56871],[-6.17759,43.56863],[-6.17744,43.56862]]],[[[-6.15343,43.5689],[-6.15337,43.56898],[-6.15336,43.56912],[-6.15336,43.56923],[-6.15346,43.56928],[-6.15355,43.56921],[-6.15361,43.569],[-6.15356,43.56891],[-6.15343,43.5689]]],[[[-6.30769,43.56858],[-6.30846,43.56974],[-6.30775,43.56859],[-6.30769,43.56858]]],[[[-6.17586,43.56894],[-6.17581,43.56904],[-6.17581,43.56914],[-6.17593,43.56916],[-6.17598,43.56907],[-6.17599,43.56898],[-6.17586,43.56894]]],[[[-6.17504,43.56895],[-6.17491,43.56897],[-6.17485,43.56909],[-6.17485,43.56912],[-6.17488,43.56921],[-6.17499,43.56916],[-6.17507,43.56906],[-6.17504,43.56895]]],[[[-6.17535,43.56912],[-6.17524,43.56917],[-6.17516,43.56925],[-6.17515,43.56928],[-6.17518,43.56937],[-6.17528,43.5693],[-6.17534,43.56923],[-6.17535,43.56912]]],[[[-6.16767,43.56916],[-6.16753,43.5692],[-6.16748,43.56929],[-6.16752,43.56938],[-6.16765,43.56938],[-6.16776,43.5693],[-6.1678,43.56919],[-6.16767,43.56916]]],[[[-6.17175,43.56924],[-6.17169,43.56933],[-6.1717,43.56942],[-6.17181,43.56959],[-6.17193,43.56958],[-6.17194,43.56938],[-6.17188,43.5693],[-6.17175,43.56924]]],[[[-6.16723,43.56998],[-6.16709,43.57001],[-6.16703,43.57012],[-6.16706,43.57021],[-6.16718,43.57017],[-6.16724,43.57007],[-6.16723,43.56998]]],[[[-6.29592,43.57044],[-6.29586,43.57056],[-6.29587,43.57066],[-6.29591,43.57074],[-6.29599,43.57081],[-6.29606,43.57084],[-6.29616,43.57084],[-6.29622,43.57081],[-6.29625,43.57076],[-6.2962,43.57068],[-6.29614,43.5706],[-6.29608,43.57051],[-6.29606,43.57046],[-6.29592,43.57044]]],[[[-6.16211,43.57054],[-6.16204,43.57066],[-6.16202,43.57076],[-6.16213,43.57083],[-6.16221,43.57076],[-6.16223,43.57066],[-6.16224,43.57056],[-6.16211,43.57054]]],[[[-6.29628,43.57091],[-6.2961,43.57096],[-6.29606,43.57102],[-6.29606,43.57106],[-6.29614,43.57109],[-6.29624,43.57109],[-6.29632,43.57106],[-6.29635,43.57102],[-6.29628,43.57091]]],[[[-6.14954,43.57137],[-6.14943,43.57142],[-6.14947,43.57156],[-6.14954,43.57162],[-6.14969,43.57161],[-6.14971,43.57151],[-6.14966,43.57143],[-6.14954,43.57137]]],[[[-6.15005,43.5703],[-6.14985,43.57053],[-6.14986,43.5709],[-6.15012,43.57097],[-6.15027,43.57092],[-6.15028,43.5707],[-6.15022,43.57049],[-6.15023,43.5704],[-6.15017,43.5703],[-6.15005,43.5703]]],[[[-6.29555,43.57045],[-6.2952,43.57052],[-6.29506,43.57065],[-6.29506,43.57074],[-6.29507,43.57081],[-6.29512,43.57085],[-6.29521,43.57087],[-6.29532,43.57084],[-6.2954,43.57078],[-6.29549,43.5707],[-6.29556,43.57062],[-6.29559,43.57054],[-6.29557,43.57048],[-6.29555,43.57045]]],[[[-6.16642,43.57056],[-6.16623,43.57071],[-6.16623,43.5709],[-6.16632,43.57099],[-6.16668,43.5708],[-6.16666,43.57068],[-6.16666,43.57062],[-6.16656,43.57055],[-6.16642,43.57056]]],[[[-6.15391,43.57086],[-6.15377,43.57091],[-6.15378,43.57104],[-6.1538,43.57114],[-6.15392,43.57119],[-6.15401,43.57113],[-6.154,43.57094],[-6.15391,43.57086]]],[[[-6.14992,43.57202],[-6.14981,43.57207],[-6.14975,43.57216],[-6.14971,43.57227],[-6.14974,43.57238],[-6.14986,43.57233],[-6.14995,43.57212],[-6.14992,43.57202]]],[[[-6.16697,43.57221],[-6.16682,43.57225],[-6.1668,43.57232],[-6.16683,43.57241],[-6.16697,43.57241],[-6.16707,43.57234],[-6.16711,43.57225],[-6.16697,43.57221]]],[[[-6.2913,43.57222],[-6.29121,43.57223],[-6.29115,43.57227],[-6.29114,43.57233],[-6.29118,43.57242],[-6.29128,43.57249],[-6.29134,43.57254],[-6.29148,43.57257],[-6.29155,43.57238],[-6.29149,43.5723],[-6.29141,43.57225],[-6.2913,43.57222]]],[[[-6.29509,43.57243],[-6.295,43.57245],[-6.29473,43.57263],[-6.29466,43.57266],[-6.29464,43.57274],[-6.29464,43.57281],[-6.29469,43.5729],[-6.29476,43.57296],[-6.29486,43.57299],[-6.29499,43.573],[-6.29512,43.57298],[-6.29524,43.57293],[-6.29534,43.57286],[-6.2954,43.57281],[-6.29544,43.57272],[-6.29542,43.57263],[-6.29536,43.57255],[-6.29529,43.57248],[-6.29521,43.57244],[-6.29509,43.57243]]],[[[-6.16637,43.57272],[-6.16627,43.57278],[-6.16625,43.57292],[-6.16631,43.57306],[-6.16652,43.57297],[-6.16649,43.57277],[-6.16637,43.57272]]],[[[-6.29096,43.57316],[-6.29088,43.57317],[-6.29078,43.57322],[-6.29076,43.57325],[-6.29084,43.57342],[-6.29104,43.57335],[-6.29108,43.5733],[-6.29108,43.57324],[-6.29104,43.57318],[-6.29096,43.57316]]],[[[-6.29145,43.5735],[-6.29139,43.57352],[-6.29137,43.5736],[-6.29139,43.57363],[-6.29156,43.57367],[-6.29163,43.57357],[-6.2916,43.57352],[-6.29154,43.57349],[-6.29145,43.5735]]],[[[-6.29108,43.57372],[-6.29102,43.57375],[-6.29099,43.57381],[-6.291,43.57385],[-6.29118,43.57389],[-6.29122,43.57375],[-6.29116,43.57373],[-6.29108,43.57372]]],[[[-6.29201,43.57392],[-6.2919,43.57395],[-6.2918,43.57403],[-6.29173,43.5741],[-6.29166,43.57418],[-6.29162,43.57427],[-6.2916,43.57433],[-6.29168,43.57443],[-6.292,43.57443],[-6.29211,43.57438],[-6.29219,43.57431],[-6.29225,43.57424],[-6.29226,43.57414],[-6.29223,43.57404],[-6.29217,43.57397],[-6.29211,43.57393],[-6.29201,43.57392]]],[[[-6.29265,43.57483],[-6.29247,43.57495],[-6.29243,43.57503],[-6.29239,43.57513],[-6.29235,43.57523],[-6.29234,43.57529],[-6.2924,43.57534],[-6.29248,43.57537],[-6.2926,43.57537],[-6.29271,43.57534],[-6.2928,43.57527],[-6.29286,43.57519],[-6.29288,43.57509],[-6.29285,43.57501],[-6.29265,43.57483]]],[[[-6.28779,43.5724],[-6.28763,43.5725],[-6.28758,43.57258],[-6.28756,43.57267],[-6.28756,43.57275],[-6.2876,43.57283],[-6.28767,43.57288],[-6.28777,43.5729],[-6.28789,43.57288],[-6.28799,43.57285],[-6.28806,43.57277],[-6.28809,43.57268],[-6.28809,43.57259],[-6.28804,43.5725],[-6.288,43.57245],[-6.28779,43.5724]]],[[[-6.28515,43.57281],[-6.28505,43.57284],[-6.28499,43.57287],[-6.28499,43.57292],[-6.28511,43.57298],[-6.28537,43.57299],[-6.28544,43.57296],[-6.28548,43.57291],[-6.28548,43.57287],[-6.28541,43.57282],[-6.28529,43.57281],[-6.28515,43.57281]]],[[[-6.28438,43.57273],[-6.2837,43.57348],[-6.28447,43.57274],[-6.28438,43.57273]]],[[[-6.2913,43.57113],[-6.29127,43.57129],[-6.29128,43.57138],[-6.29129,43.57142],[-6.29135,43.57144],[-6.29143,43.57141],[-6.29148,43.57134],[-6.2915,43.57125],[-6.29148,43.57116],[-6.29144,43.57113],[-6.2913,43.57113]]],[[[-6.16687,43.57125],[-6.16685,43.57137],[-6.16686,43.57144],[-6.16698,43.57149],[-6.16704,43.57139],[-6.16701,43.57129],[-6.16687,43.57125]]],[[[-6.29568,43.57137],[-6.2954,43.57138],[-6.29536,43.57147],[-6.29538,43.57155],[-6.29543,43.57163],[-6.29549,43.57167],[-6.29562,43.57169],[-6.29574,43.57168],[-6.29582,43.57163],[-6.29588,43.57158],[-6.29588,43.57153],[-6.29582,43.57145],[-6.29573,43.57139],[-6.29568,43.57137]]],[[[-6.29338,43.57132],[-6.29269,43.57286],[-6.295,43.57195],[-6.29351,43.57133],[-6.29338,43.57132]]],[[[-6.27595,43.57624],[-6.27584,43.5763],[-6.27583,43.57638],[-6.27585,43.57643],[-6.27592,43.57647],[-6.27601,43.57648],[-6.2761,43.57646],[-6.27614,43.5764],[-6.27615,43.57635],[-6.27611,43.5763],[-6.27595,43.57624]]],[[[-6.19455,43.57682],[-6.19447,43.57691],[-6.19445,43.57699],[-6.19447,43.57704],[-6.19452,43.57714],[-6.19475,43.57726],[-6.1948,43.57705],[-6.19467,43.57688],[-6.19455,43.57682]]],[[[-6.27579,43.57779],[-6.27572,43.5778],[-6.27567,43.57788],[-6.27567,43.57798],[-6.27579,43.57801],[-6.2759,43.57799],[-6.27594,43.57797],[-6.27598,43.57791],[-6.27595,43.57786],[-6.27589,43.57781],[-6.27579,43.57779]]],[[[-6.19463,43.5785],[-6.19446,43.57855],[-6.19434,43.57867],[-6.19442,43.57874],[-6.19457,43.57872],[-6.19472,43.57858],[-6.19463,43.5785]]],[[[-6.26707,43.57907],[-6.2679,43.57987],[-6.26719,43.57909],[-6.26707,43.57907]]],[[[-6.18877,43.57994],[-6.18866,43.58017],[-6.18866,43.58027],[-6.18877,43.58031],[-6.18893,43.58003],[-6.18892,43.57993],[-6.18877,43.57994]]],[[[-6.19079,43.57996],[-6.19074,43.58006],[-6.19074,43.58008],[-6.19075,43.58012],[-6.19079,43.58014],[-6.19083,43.58014],[-6.19085,43.58013],[-6.19089,43.58006],[-6.19092,43.57996],[-6.19079,43.57996]]],[[[-6.19113,43.57998],[-6.19109,43.58009],[-6.19109,43.58013],[-6.1911,43.58015],[-6.19114,43.58017],[-6.19119,43.58019],[-6.19125,43.58008],[-6.19127,43.57998],[-6.19113,43.57998]]],[[[-6.19118,43.58115],[-6.19115,43.58198],[-6.19131,43.58115],[-6.19118,43.58115]]],[[[-6.26681,43.58123],[-6.26673,43.58124],[-6.26665,43.5813],[-6.26659,43.58139],[-6.26656,43.58148],[-6.26648,43.58165],[-6.26661,43.58176],[-6.26674,43.58179],[-6.26684,43.58178],[-6.26691,43.58175],[-6.26694,43.58171],[-6.26694,43.58161],[-6.26692,43.58152],[-6.26692,43.58143],[-6.26689,43.58134],[-6.26685,43.58125],[-6.26681,43.58123]]],[[[-6.19077,43.58263],[-6.19065,43.58264],[-6.19057,43.58277],[-6.19059,43.58293],[-6.19072,43.58294],[-6.19082,43.58289],[-6.19086,43.58269],[-6.19077,43.58263]]],[[[-6.27235,43.58331],[-6.27113,43.58377],[-6.27248,43.58331],[-6.27235,43.58331]]],[[[-6.20862,43.58487],[-6.20863,43.58555],[-6.2087,43.58575],[-6.20884,43.58574],[-6.20897,43.58519],[-6.20862,43.58487]]],[[[-6.2511,43.584],[-6.25099,43.58404],[-6.25093,43.58408],[-6.25086,43.58435],[-6.25115,43.58439],[-6.25128,43.58437],[-6.25137,43.58432],[-6.25142,43.58428],[-6.25141,43.5842],[-6.25136,43.58411],[-6.25128,43.58403],[-6.2512,43.58399],[-6.2511,43.584]]],[[[-6.27117,43.58418],[-6.27046,43.58478],[-6.27124,43.5842],[-6.27117,43.58418]]],[[[-6.22674,43.58993],[-6.22706,43.59158],[-6.22687,43.59],[-6.22674,43.58993]]],[[[-6.23407,43.59108],[-6.23351,43.59204],[-6.23428,43.59117],[-6.23407,43.59108]]],[[[-6.23186,43.59127],[-6.23205,43.59274],[-6.23221,43.59141],[-6.23186,43.59127]]],[[[-6.25142,43.58296],[-6.25135,43.58298],[-6.25109,43.58322],[-6.2511,43.58329],[-6.25117,43.58332],[-6.25126,43.58332],[-6.25137,43.58328],[-6.25147,43.58321],[-6.25154,43.58315],[-6.25157,43.58308],[-6.25156,43.58301],[-6.25152,43.58298],[-6.25142,43.58296]]],[[[-6.26854,43.58214],[-6.26849,43.58215],[-6.26846,43.5822],[-6.26849,43.58227],[-6.26856,43.58235],[-6.26863,43.58237],[-6.26871,43.58237],[-6.26893,43.58225],[-6.26891,43.58217],[-6.26879,43.58218],[-6.26867,43.58215],[-6.26854,43.58214]]],[[[-6.19217,43.58052],[-6.19185,43.58215],[-6.19335,43.58142],[-6.19263,43.58055],[-6.19217,43.58052]]],[[[-6.19088,43.58215],[-6.19075,43.58218],[-6.19073,43.5823],[-6.19077,43.5824],[-6.19088,43.58246],[-6.19127,43.5825],[-6.19144,43.58231],[-6.19147,43.58216],[-6.19088,43.58215]]],[[[-6.19263,43.58231],[-6.19248,43.58232],[-6.19236,43.58239],[-6.19232,43.58252],[-6.19242,43.58257],[-6.19251,43.58252],[-6.19263,43.58231]]],[[[-6.27734,43.57507],[-6.27725,43.57515],[-6.27717,43.57518],[-6.27723,43.57525],[-6.27731,43.57528],[-6.2774,43.57529],[-6.27748,43.57526],[-6.27754,43.5752],[-6.27755,43.57516],[-6.2775,43.5751],[-6.2774,43.57507],[-6.27734,43.57507]]],[[[-6.27754,43.57465],[-6.27749,43.57469],[-6.27748,43.57473],[-6.27756,43.5748],[-6.27766,43.57484],[-6.27774,43.57482],[-6.27778,43.57478],[-6.27777,43.57472],[-6.27773,43.57468],[-6.27761,43.57466],[-6.27754,43.57465]]],[[[-6.28088,43.57482],[-6.28047,43.57565],[-6.28101,43.57481],[-6.28088,43.57482]]],[[[-6.1606,43.5695],[-6.1605,43.56959],[-6.16052,43.56977],[-6.16064,43.56983],[-6.16103,43.5698],[-6.16105,43.5697],[-6.16102,43.5696],[-6.16092,43.56952],[-6.16079,43.56951],[-6.1606,43.5695]]],[[[-6.16744,43.56948],[-6.16739,43.56957],[-6.16754,43.56962],[-6.1677,43.56962],[-6.16779,43.56956],[-6.16772,43.56949],[-6.16758,43.56948],[-6.16744,43.56948]]],[[[-6.17095,43.5695],[-6.17084,43.56957],[-6.17081,43.56968],[-6.17081,43.5697],[-6.17088,43.56978],[-6.17096,43.56969],[-6.17103,43.56958],[-6.17095,43.5695]]],[[[-6.17122,43.56948],[-6.17121,43.56968],[-6.17119,43.56988],[-6.17132,43.56993],[-6.17148,43.56966],[-6.17147,43.56955],[-6.17137,43.56948],[-6.17122,43.56948]]],[[[-6.16873,43.5694],[-6.16862,43.56948],[-6.16855,43.56958],[-6.16857,43.56978],[-6.16854,43.56987],[-6.16862,43.56996],[-6.16878,43.56995],[-6.1689,43.56989],[-6.16905,43.56989],[-6.1693,43.56995],[-6.16941,43.56988],[-6.16943,43.56979],[-6.16933,43.56949],[-6.16905,43.56944],[-6.16873,43.5694]]],[[[-6.16727,43.56969],[-6.16712,43.5697],[-6.16716,43.5698],[-6.16731,43.56982],[-6.1674,43.56982],[-6.16753,43.56979],[-6.16742,43.56972],[-6.16727,43.56969]]],[[[-6.1624,43.5696],[-6.16229,43.56965],[-6.16221,43.56977],[-6.16219,43.56998],[-6.16232,43.56999],[-6.1624,43.56989],[-6.16246,43.56968],[-6.1624,43.5696]]]]}},{"type":"Feature","id":"es-as-concejo-33025","properties":{"id":"es-as-concejo-33025","slug":"gozon","name":"Gozón","localName":"Gozón","aliases":[],"kind":"municipality","boundaryStatus":"official","parentId":"es-as","population":null,"areaKm2":82.3,"density":null,"referenceYear":null,"sourceId":"sitpa-administrative-units","bbox":[-5.94803,43.55213,-5.76516,43.66653],"center":[-5.856595,43.60933]},"geometry":{"type":"MultiPolygon","coordinates":[[[[-5.93905,43.59422],[-5.93158,43.59422],[-5.92191,43.59149],[-5.92143,43.59462],[-5.91535,43.59595],[-5.91662,43.59393],[-5.91569,43.59017],[-5.91388,43.58965],[-5.9178,43.58741],[-5.92131,43.58843],[-5.91826,43.58402],[-5.90634,43.58408],[-5.90698,43.58208],[-5.90056,43.57823],[-5.88849,43.57441],[-5.88229,43.57444],[-5.87739,43.5701],[-5.87675,43.5689],[-5.88015,43.56434],[-5.88284,43.5574],[-5.87522,43.5555],[-5.87549,43.55427],[-5.87288,43.55347],[-5.86841,43.55573],[-5.86316,43.55577],[-5.85618,43.55213],[-5.85357,43.55271],[-5.84214,43.56054],[-5.83267,43.56326],[-5.83297,43.56492],[-5.82253,43.57112],[-5.79827,43.5805],[-5.79558,43.58339],[-5.7883,43.58659],[-5.78154,43.5915],[-5.77563,43.59209],[-5.77409,43.59949],[-5.77073,43.6007],[-5.77119,43.60223],[-5.76905,43.60267],[-5.76933,43.60393],[-5.76761,43.60468],[-5.7701,43.60596],[-5.77108,43.60826],[-5.77242,43.60669],[-5.77354,43.60781],[-5.77611,43.60634],[-5.77527,43.60846],[-5.7779,43.6084],[-5.77676,43.60949],[-5.77869,43.61116],[-5.77938,43.60974],[-5.78173,43.61281],[-5.78204,43.61123],[-5.78465,43.61017],[-5.78457,43.61291],[-5.7883,43.61232],[-5.7893,43.61323],[-5.78848,43.61364],[-5.79097,43.6142],[-5.7906,43.61544],[-5.78585,43.61707],[-5.78677,43.61837],[-5.78604,43.61958],[-5.78287,43.61916],[-5.78622,43.62035],[-5.78155,43.62295],[-5.7805,43.62715],[-5.78123,43.62938],[-5.78366,43.62995],[-5.78348,43.63159],[-5.78733,43.62888],[-5.78846,43.63052],[-5.79071,43.63021],[-5.79048,43.63136],[-5.7937,43.62954],[-5.79367,43.63607],[-5.7955,43.63456],[-5.79736,43.63678],[-5.7989,43.6353],[-5.80411,43.63641],[-5.80616,43.63531],[-5.80672,43.63306],[-5.80992,43.63257],[-5.81103,43.63326],[-5.81005,43.6367],[-5.81134,43.64249],[-5.81276,43.64231],[-5.81367,43.63984],[-5.82237,43.64446],[-5.82496,43.64014],[-5.82987,43.64004],[-5.83115,43.64309],[-5.83482,43.64425],[-5.83401,43.64573],[-5.83575,43.6453],[-5.83535,43.65185],[-5.83403,43.65447],[-5.83691,43.65216],[-5.8403,43.65378],[-5.84262,43.65723],[-5.83999,43.66062],[-5.84121,43.66065],[-5.84539,43.65717],[-5.84943,43.65809],[-5.85095,43.65725],[-5.85281,43.65856],[-5.85323,43.65693],[-5.85885,43.65513],[-5.86168,43.64553],[-5.85851,43.64039],[-5.85917,43.63646],[-5.86127,43.63524],[-5.86712,43.63572],[-5.86667,43.63132],[-5.87754,43.62975],[-5.87835,43.62568],[-5.88774,43.62314],[-5.89544,43.62684],[-5.89875,43.62421],[-5.90073,43.62865],[-5.90155,43.62611],[-5.90674,43.62336],[-5.9138,43.6244],[-5.91553,43.62272],[-5.91607,43.61961],[-5.91114,43.61657],[-5.91407,43.61507],[-5.91485,43.61214],[-5.91613,43.61176],[-5.91423,43.60889],[-5.92732,43.59935],[-5.93354,43.60139],[-5.94269,43.59971],[-5.94255,43.59883],[-5.94803,43.59716],[-5.9447,43.59715],[-5.94634,43.59652],[-5.94496,43.59497],[-5.9398,43.59516],[-5.93914,43.59424],[-5.93905,43.59422]]],[[[-5.76516,43.60502],[-5.76774,43.60724],[-5.76532,43.60502],[-5.76516,43.60502]]],[[[-5.77067,43.60852],[-5.77068,43.6086],[-5.77082,43.60869],[-5.77097,43.60875],[-5.771,43.60868],[-5.77101,43.60855],[-5.77101,43.60855],[-5.77096,43.60852],[-5.77083,43.60851],[-5.77067,43.60852]]],[[[-5.91545,43.60853],[-5.91532,43.60857],[-5.91516,43.60872],[-5.91516,43.60883],[-5.91529,43.60884],[-5.91537,43.60872],[-5.91545,43.60853]]],[[[-5.77576,43.60914],[-5.77561,43.60918],[-5.77561,43.60928],[-5.77574,43.60935],[-5.7759,43.60931],[-5.7759,43.6092],[-5.77576,43.60914]]],[[[-5.78421,43.61137],[-5.7834,43.61195],[-5.78435,43.61144],[-5.78421,43.61137]]],[[[-5.77945,43.6129],[-5.78079,43.61366],[-5.77961,43.61295],[-5.77945,43.6129]]],[[[-5.78667,43.61603],[-5.78651,43.61606],[-5.78636,43.6161],[-5.78622,43.61617],[-5.78609,43.61626],[-5.7861,43.61637],[-5.78619,43.61641],[-5.78641,43.61636],[-5.78646,43.61635],[-5.78663,43.61632],[-5.78677,43.61624],[-5.78679,43.61612],[-5.78667,43.61603]]],[[[-5.91551,43.62325],[-5.91538,43.62327],[-5.91527,43.62333],[-5.91519,43.62345],[-5.9152,43.6236],[-5.91532,43.6236],[-5.91551,43.62335],[-5.91551,43.62325]]],[[[-5.90467,43.62499],[-5.90454,43.62504],[-5.90449,43.62515],[-5.90449,43.62527],[-5.90462,43.62523],[-5.9047,43.62516],[-5.90474,43.62507],[-5.90467,43.62499]]],[[[-5.89747,43.62671],[-5.89729,43.62675],[-5.89719,43.62683],[-5.89732,43.62684],[-5.89744,43.6268],[-5.89747,43.62671]]],[[[-5.89654,43.6269],[-5.89656,43.627],[-5.89663,43.62709],[-5.89672,43.62704],[-5.89669,43.62693],[-5.89668,43.62691],[-5.89654,43.6269]]],[[[-5.88995,43.62764],[-5.88981,43.62767],[-5.88974,43.62776],[-5.8897,43.62786],[-5.88982,43.62788],[-5.88992,43.62779],[-5.88999,43.62774],[-5.88995,43.62764]]],[[[-5.8903,43.6286],[-5.89013,43.62891],[-5.89014,43.62904],[-5.89026,43.62902],[-5.89035,43.62894],[-5.89042,43.62866],[-5.8903,43.6286]]],[[[-5.90028,43.62875],[-5.90024,43.62884],[-5.90031,43.62892],[-5.9004,43.62899],[-5.90042,43.6289],[-5.9004,43.62879],[-5.9004,43.62875],[-5.90028,43.62875]]],[[[-5.89692,43.62655],[-5.8969,43.62674],[-5.89693,43.62687],[-5.89709,43.62691],[-5.89704,43.62673],[-5.89706,43.62654],[-5.89692,43.62655]]],[[[-5.89008,43.62861],[-5.88986,43.62873],[-5.88962,43.62882],[-5.88945,43.62897],[-5.88945,43.62911],[-5.88956,43.62916],[-5.88985,43.62916],[-5.88998,43.62909],[-5.89012,43.6287],[-5.89008,43.62861]]],[[[-5.87852,43.62998],[-5.87844,43.63006],[-5.87843,43.6302],[-5.87849,43.63032],[-5.87861,43.63034],[-5.87872,43.63028],[-5.87875,43.63019],[-5.87865,43.63002],[-5.87852,43.62998]]],[[[-5.87942,43.63045],[-5.87919,43.63055],[-5.87907,43.63055],[-5.87905,43.63065],[-5.8792,43.63067],[-5.87943,43.63062],[-5.87949,43.63053],[-5.87942,43.63045]]],[[[-5.88083,43.6311],[-5.88071,43.63113],[-5.8806,43.63121],[-5.8805,43.63126],[-5.88051,43.63135],[-5.88081,43.63136],[-5.88093,43.63117],[-5.88083,43.6311]]],[[[-5.79307,43.63332],[-5.79292,43.63336],[-5.79292,43.63348],[-5.79301,43.63355],[-5.79308,43.63352],[-5.79313,43.63341],[-5.79307,43.63332]]],[[[-5.8803,43.63054],[-5.88014,43.63071],[-5.88005,43.63065],[-5.87993,43.6307],[-5.87979,43.63087],[-5.88001,43.63098],[-5.88022,43.63103],[-5.88034,43.63098],[-5.88043,43.63069],[-5.8804,43.6306],[-5.8803,43.63054]]],[[[-5.88063,43.6307],[-5.88058,43.6308],[-5.88058,43.63083],[-5.88065,43.63091],[-5.88073,43.63084],[-5.88075,43.63073],[-5.88063,43.6307]]],[[[-5.88114,43.63087],[-5.88103,43.63094],[-5.88102,43.63095],[-5.88098,43.63104],[-5.8811,43.63104],[-5.8812,43.63098],[-5.88127,43.63088],[-5.88114,43.63087]]],[[[-5.86259,43.64366],[-5.86248,43.64372],[-5.86243,43.64381],[-5.86252,43.64389],[-5.86264,43.64381],[-5.86273,43.64375],[-5.86273,43.64367],[-5.86259,43.64366]]],[[[-5.86644,43.64374],[-5.86631,43.64381],[-5.86628,43.64386],[-5.86626,43.64395],[-5.86638,43.64398],[-5.86649,43.64392],[-5.86651,43.64382],[-5.86644,43.64374]]],[[[-5.86202,43.64905],[-5.8619,43.6491],[-5.86188,43.64919],[-5.86199,43.64916],[-5.86211,43.6491],[-5.86202,43.64905]]],[[[-5.86369,43.64925],[-5.86361,43.64934],[-5.86358,43.64942],[-5.8637,43.64946],[-5.86379,43.64939],[-5.86383,43.64928],[-5.86369,43.64925]]],[[[-5.86242,43.64913],[-5.86226,43.64914],[-5.86211,43.64921],[-5.86201,43.64927],[-5.86198,43.64937],[-5.86212,43.64936],[-5.86239,43.64922],[-5.86242,43.64913]]],[[[-5.86881,43.63327],[-5.86859,43.63343],[-5.86853,43.63357],[-5.86863,43.63363],[-5.86874,43.63357],[-5.86892,43.63331],[-5.86881,43.63327]]],[[[-5.87204,43.63346],[-5.87195,43.63353],[-5.87198,43.63366],[-5.87208,43.63375],[-5.87217,43.63369],[-5.87219,43.63359],[-5.87216,43.63349],[-5.87204,43.63346]]],[[[-5.86356,43.66136],[-5.86352,43.66144],[-5.86365,43.66152],[-5.86373,43.66153],[-5.8638,43.66145],[-5.86371,43.66137],[-5.86356,43.66136]]],[[[-5.86717,43.66228],[-5.86706,43.66232],[-5.86706,43.66243],[-5.86708,43.66248],[-5.86715,43.66255],[-5.86725,43.66247],[-5.86726,43.66236],[-5.86717,43.66228]]],[[[-5.8669,43.66351],[-5.86681,43.6636],[-5.86681,43.66361],[-5.86689,43.6637],[-5.867,43.66366],[-5.867,43.66357],[-5.8669,43.66351]]],[[[-5.86509,43.66382],[-5.86506,43.66392],[-5.86513,43.664],[-5.86525,43.66397],[-5.86526,43.66388],[-5.86523,43.66384],[-5.86509,43.66382]]],[[[-5.86286,43.66297],[-5.86273,43.66298],[-5.86271,43.66307],[-5.86277,43.66317],[-5.86286,43.66323],[-5.86297,43.66315],[-5.86295,43.66306],[-5.86286,43.66297]]],[[[-5.86274,43.66262],[-5.86272,43.66273],[-5.86272,43.66275],[-5.86285,43.66277],[-5.86286,43.66266],[-5.86274,43.66262]]],[[[-5.86714,43.66276],[-5.867,43.66277],[-5.86693,43.66284],[-5.8669,43.66296],[-5.86689,43.66306],[-5.86697,43.66314],[-5.86705,43.66306],[-5.86707,43.66285],[-5.86714,43.66276]]],[[[-5.86134,43.66601],[-5.86105,43.66618],[-5.86099,43.66648],[-5.86112,43.66653],[-5.86135,43.66645],[-5.86151,43.66641],[-5.86153,43.66631],[-5.86169,43.66613],[-5.86165,43.66604],[-5.8615,43.66601],[-5.86134,43.66601]]],[[[-5.86448,43.66533],[-5.86444,43.66541],[-5.86455,43.66548],[-5.86468,43.66548],[-5.86474,43.6654],[-5.86461,43.66534],[-5.86448,43.66533]]],[[[-5.86522,43.6654],[-5.86511,43.66547],[-5.86518,43.66556],[-5.8653,43.66559],[-5.8654,43.66551],[-5.86527,43.66543],[-5.86522,43.6654]]],[[[-5.86141,43.66538],[-5.86139,43.66548],[-5.86142,43.66557],[-5.86156,43.66558],[-5.86153,43.66547],[-5.86151,43.66544],[-5.86141,43.66538]]],[[[-5.86187,43.66546],[-5.86174,43.66548],[-5.86179,43.66557],[-5.86192,43.66558],[-5.86189,43.66547],[-5.86187,43.66546]]],[[[-5.83826,43.66397],[-5.83812,43.66401],[-5.83798,43.66409],[-5.83782,43.66411],[-5.83765,43.66414],[-5.83757,43.66424],[-5.83775,43.66425],[-5.83792,43.66425],[-5.83786,43.66437],[-5.83781,43.66448],[-5.83785,43.6646],[-5.83791,43.66469],[-5.83802,43.66468],[-5.83816,43.66462],[-5.83833,43.6646],[-5.83843,43.66447],[-5.83845,43.66432],[-5.83836,43.66424],[-5.83819,43.66426],[-5.83817,43.66412],[-5.83828,43.66404],[-5.83826,43.66397]]],[[[-5.8656,43.66432],[-5.86547,43.66437],[-5.86543,43.66442],[-5.86551,43.6645],[-5.86561,43.66443],[-5.8656,43.66432]]],[[[-5.83753,43.66447],[-5.83737,43.66455],[-5.83726,43.66463],[-5.83721,43.66474],[-5.83729,43.66484],[-5.83739,43.66477],[-5.83751,43.66468],[-5.83758,43.66458],[-5.83753,43.66447]]],[[[-5.86498,43.66413],[-5.86479,43.66449],[-5.86469,43.66475],[-5.86476,43.66483],[-5.86515,43.66463],[-5.86531,43.66425],[-5.86525,43.66416],[-5.86512,43.66413],[-5.86498,43.66413]]],[[[-5.83944,43.66209],[-5.83931,43.66219],[-5.83921,43.66231],[-5.83912,43.6624],[-5.83909,43.66251],[-5.83914,43.66252],[-5.83929,43.66246],[-5.83944,43.66239],[-5.83957,43.6623],[-5.83957,43.66217],[-5.83944,43.66209]]],[[[-5.86405,43.66173],[-5.86297,43.66238],[-5.86343,43.66455],[-5.86598,43.66332],[-5.86435,43.66174],[-5.86405,43.66173]]],[[[-5.83465,43.64951],[-5.83457,43.64957],[-5.83464,43.64968],[-5.83473,43.64971],[-5.83484,43.6496],[-5.83482,43.64953],[-5.83465,43.64951]]],[[[-5.86346,43.64952],[-5.86332,43.64953],[-5.8633,43.64962],[-5.86337,43.6497],[-5.86351,43.64973],[-5.86361,43.64967],[-5.8636,43.64956],[-5.86346,43.64952]]],[[[-5.83456,43.6498],[-5.83446,43.64989],[-5.83447,43.65001],[-5.83461,43.65006],[-5.83473,43.64996],[-5.83472,43.64982],[-5.83456,43.6498]]],[[[-5.8344,43.65022],[-5.83431,43.65034],[-5.83424,43.65044],[-5.83425,43.65057],[-5.83437,43.65066],[-5.8344,43.65053],[-5.83446,43.6504],[-5.83448,43.65028],[-5.8344,43.65022]]],[[[-5.86324,43.65336],[-5.86315,43.65343],[-5.86313,43.65345],[-5.86313,43.65355],[-5.86325,43.6535],[-5.86333,43.65343],[-5.86324,43.65336]]],[[[-5.83348,43.65443],[-5.83348,43.65458],[-5.83368,43.65458],[-5.83369,43.65446],[-5.83348,43.65443]]],[[[-5.86033,43.65499],[-5.86023,43.65506],[-5.8603,43.65515],[-5.86044,43.65512],[-5.86056,43.65507],[-5.86051,43.65499],[-5.86037,43.65499],[-5.86033,43.65499]]],[[[-5.85854,43.65585],[-5.8584,43.65589],[-5.85831,43.65595],[-5.85839,43.65602],[-5.8585,43.65598],[-5.85862,43.65593],[-5.85854,43.65585]]],[[[-5.85899,43.65511],[-5.85895,43.6552],[-5.85894,43.65525],[-5.85905,43.65531],[-5.85913,43.65524],[-5.85913,43.65513],[-5.85899,43.65511]]],[[[-5.85814,43.65654],[-5.85808,43.65655],[-5.85797,43.65662],[-5.85806,43.6567],[-5.85818,43.65667],[-5.85826,43.65658],[-5.85814,43.65654]]],[[[-5.85946,43.65672],[-5.85933,43.65677],[-5.8593,43.6568],[-5.85925,43.6569],[-5.85938,43.65689],[-5.85949,43.65683],[-5.85959,43.65676],[-5.85946,43.65672]]],[[[-5.85554,43.65668],[-5.85579,43.65831],[-5.85566,43.65668],[-5.85554,43.65668]]],[[[-5.8547,43.658],[-5.85465,43.65811],[-5.85467,43.65819],[-5.85479,43.6582],[-5.85483,43.65811],[-5.85483,43.65801],[-5.8547,43.658]]],[[[-5.85952,43.65958],[-5.85939,43.65961],[-5.85935,43.6597],[-5.85941,43.6598],[-5.85954,43.65985],[-5.85966,43.65982],[-5.85968,43.65973],[-5.85964,43.65963],[-5.85952,43.65958]]],[[[-5.8606,43.66057],[-5.86057,43.66058],[-5.86052,43.66067],[-5.86063,43.66074],[-5.86077,43.6607],[-5.86075,43.6606],[-5.8606,43.66057]]]]}},{"type":"Feature","id":"es-as-concejo-33026","properties":{"id":"es-as-concejo-33026","slug":"grado","name":"Grado","localName":"Grau","aliases":["Grau"],"kind":"municipality","boundaryStatus":"official","parentId":"es-as","population":null,"areaKm2":216.9,"density":null,"referenceYear":null,"sourceId":"sitpa-administrative-units","bbox":[-6.20189,43.18357,-5.96885,43.41232],"center":[-6.085369999999999,43.297945]},"geometry":{"type":"Polygon","coordinates":[[[-5.97709,43.38363],[-5.97632,43.38718],[-5.97728,43.38849],[-5.98344,43.38972],[-5.98865,43.3884],[-5.99552,43.39184],[-6.00113,43.38833],[-6.00415,43.38923],[-6.01212,43.39557],[-6.01603,43.39624],[-6.02228,43.39474],[-6.03049,43.40343],[-6.05834,43.40209],[-6.06237,43.40319],[-6.06444,43.40222],[-6.06798,43.40785],[-6.07163,43.41094],[-6.07601,43.41208],[-6.08208,43.41232],[-6.08925,43.40697],[-6.09221,43.40183],[-6.09758,43.40631],[-6.10213,43.40552],[-6.10731,43.40711],[-6.10982,43.41004],[-6.11529,43.41078],[-6.12701,43.4013],[-6.12706,43.39742],[-6.12219,43.39618],[-6.12302,43.39215],[-6.12123,43.38377],[-6.1236,43.38085],[-6.13243,43.37898],[-6.13406,43.37565],[-6.13345,43.37031],[-6.13122,43.36729],[-6.13168,43.3654],[-6.13312,43.36494],[-6.13033,43.35913],[-6.13225,43.35369],[-6.13429,43.35255],[-6.13782,43.34681],[-6.14992,43.34419],[-6.15522,43.34149],[-6.15675,43.33867],[-6.16201,43.33751],[-6.16501,43.33343],[-6.17075,43.33128],[-6.17162,43.32979],[-6.17487,43.32971],[-6.17719,43.33132],[-6.18258,43.32758],[-6.18165,43.32628],[-6.19623,43.32146],[-6.19481,43.3199],[-6.19665,43.31745],[-6.1961,43.31294],[-6.19356,43.31134],[-6.19925,43.30448],[-6.19944,43.30011],[-6.19661,43.29738],[-6.19692,43.29482],[-6.19438,43.29179],[-6.19366,43.28672],[-6.18924,43.2813],[-6.19307,43.28041],[-6.19477,43.27858],[-6.19299,43.27698],[-6.19087,43.26989],[-6.18914,43.26857],[-6.1862,43.26171],[-6.18916,43.25984],[-6.19109,43.2521],[-6.19394,43.24849],[-6.19392,43.23994],[-6.19842,43.23291],[-6.19747,43.23036],[-6.20035,43.22924],[-6.19972,43.21732],[-6.20174,43.21519],[-6.19952,43.2024],[-6.20171,43.19885],[-6.19757,43.19517],[-6.19982,43.18988],[-6.20189,43.18837],[-6.20021,43.18357],[-6.19518,43.18811],[-6.18613,43.19103],[-6.18357,43.19718],[-6.17863,43.19901],[-6.17627,43.20125],[-6.17052,43.20194],[-6.16621,43.20512],[-6.16199,43.20398],[-6.16042,43.21078],[-6.1569,43.21623],[-6.14668,43.21792],[-6.1446,43.21697],[-6.14087,43.23238],[-6.14155,43.23924],[-6.14065,43.24304],[-6.13604,43.25381],[-6.13135,43.25825],[-6.13149,43.26211],[-6.13324,43.26313],[-6.13347,43.26692],[-6.13173,43.26945],[-6.13241,43.27515],[-6.13394,43.27614],[-6.13364,43.27983],[-6.13194,43.27967],[-6.12943,43.282],[-6.12461,43.28251],[-6.11137,43.29437],[-6.09001,43.29996],[-6.08356,43.30384],[-6.07535,43.29588],[-6.06986,43.28778],[-6.08148,43.28096],[-6.08209,43.27322],[-6.08116,43.27117],[-6.08235,43.26933],[-6.0795,43.2613],[-6.0696,43.25942],[-6.06654,43.26047],[-6.05782,43.26949],[-6.05587,43.26646],[-6.04931,43.27261],[-6.04406,43.27499],[-6.03612,43.28503],[-6.03324,43.2844],[-6.03179,43.28684],[-6.0273,43.28589],[-6.02369,43.28757],[-6.02109,43.2872],[-6.01291,43.2903],[-6.01129,43.29199],[-6.00827,43.29228],[-6.00479,43.29488],[-6.00061,43.30252],[-6.00085,43.3044],[-6.00246,43.30606],[-6.00483,43.31473],[-6.00919,43.31956],[-6.00895,43.3221],[-6.01417,43.32497],[-6.0179,43.33252],[-6.01302,43.33635],[-6.00936,43.336],[-6.00451,43.33834],[-6.00052,43.34316],[-5.99217,43.34744],[-5.98875,43.35053],[-5.9834,43.3522],[-5.98206,43.35381],[-5.97452,43.35537],[-5.97221,43.35911],[-5.96885,43.36129],[-5.97092,43.36296],[-5.97492,43.36321],[-5.97573,43.37035],[-5.97166,43.37144],[-5.97093,43.37282],[-5.97946,43.3767],[-5.97937,43.38033],[-5.97783,43.38293],[-5.97709,43.38363]]]}},{"type":"Feature","id":"es-as-concejo-33027","properties":{"id":"es-as-concejo-33027","slug":"grandas-de-salime","name":"Grandas De Salime","localName":"Grandas De Salime","aliases":[],"kind":"municipality","boundaryStatus":"official","parentId":"es-as","population":null,"areaKm2":114.7,"density":null,"referenceYear":null,"sourceId":"sitpa-administrative-units","bbox":[-6.99315,43.13172,-6.78607,43.24443],"center":[-6.889609999999999,43.188075]},"geometry":{"type":"Polygon","coordinates":[[[-6.84803,43.23643],[-6.85084,43.23992],[-6.85731,43.23999],[-6.87057,43.24323],[-6.87555,43.24046],[-6.88072,43.24028],[-6.88509,43.24184],[-6.88854,43.24002],[-6.88694,43.23559],[-6.89131,43.23371],[-6.89523,43.23636],[-6.8971,43.23617],[-6.89766,43.2339],[-6.90054,43.23259],[-6.90111,43.22981],[-6.90449,43.23262],[-6.90376,43.23399],[-6.90748,43.23957],[-6.90713,43.24183],[-6.91123,43.24443],[-6.92428,43.24267],[-6.92648,43.23997],[-6.92977,43.24017],[-6.93508,43.23781],[-6.9378,43.2394],[-6.94676,43.23775],[-6.94968,43.23245],[-6.95568,43.22738],[-6.95159,43.22414],[-6.94938,43.21915],[-6.9443,43.21357],[-6.9469,43.20843],[-6.95129,43.209],[-6.95366,43.21108],[-6.96404,43.22623],[-6.9732,43.22442],[-6.98214,43.21728],[-6.98051,43.2156],[-6.98164,43.21411],[-6.97714,43.20938],[-6.98243,43.20861],[-6.98412,43.20659],[-6.99315,43.20846],[-6.98637,43.20216],[-6.98092,43.20375],[-6.97102,43.20425],[-6.96498,43.19261],[-6.96512,43.18709],[-6.97405,43.17893],[-6.98077,43.16655],[-6.97312,43.14936],[-6.9651,43.14854],[-6.96039,43.14484],[-6.9571,43.13938],[-6.95789,43.13654],[-6.95691,43.13479],[-6.95094,43.13471],[-6.94654,43.13225],[-6.94137,43.13172],[-6.93838,43.13289],[-6.93731,43.13966],[-6.93269,43.14051],[-6.9298,43.14288],[-6.92861,43.14091],[-6.92041,43.14052],[-6.91425,43.14695],[-6.90574,43.14968],[-6.9019,43.15504],[-6.89337,43.15476],[-6.88588,43.15683],[-6.88286,43.16065],[-6.88738,43.16617],[-6.8807,43.16957],[-6.87776,43.17321],[-6.87631,43.17564],[-6.87657,43.18049],[-6.87474,43.18161],[-6.87566,43.18412],[-6.87463,43.18701],[-6.86743,43.19009],[-6.8699,43.17998],[-6.86593,43.18187],[-6.86198,43.18204],[-6.85631,43.1724],[-6.84711,43.16705],[-6.83891,43.16614],[-6.83301,43.17287],[-6.8309,43.18551],[-6.82816,43.18939],[-6.82568,43.19981],[-6.81925,43.20819],[-6.80562,43.201],[-6.79026,43.20426],[-6.78607,43.21207],[-6.78727,43.22157],[-6.78655,43.22599],[-6.7919,43.22821],[-6.79495,43.23197],[-6.79801,43.22921],[-6.80399,43.23076],[-6.80461,43.22875],[-6.81146,43.22824],[-6.8142,43.22625],[-6.81655,43.22616],[-6.81498,43.23051],[-6.83311,43.23148],[-6.84399,43.23384],[-6.84803,43.23643]]]}},{"type":"Feature","id":"es-as-concejo-33029","properties":{"id":"es-as-concejo-33029","slug":"illano","name":"Illano","localName":"Eilao","aliases":["Eilao"],"kind":"municipality","boundaryStatus":"official","parentId":"es-as","population":null,"areaKm2":102.6,"density":null,"referenceYear":null,"sourceId":"sitpa-administrative-units","bbox":[-6.941,43.27649,-6.75649,43.39882],"center":[-6.848745,43.337655]},"geometry":{"type":"Polygon","coordinates":[[[-6.941,43.37312],[-6.93569,43.36697],[-6.93414,43.36226],[-6.93024,43.35695],[-6.92696,43.35802],[-6.92436,43.3571],[-6.92116,43.35251],[-6.92367,43.34702],[-6.91844,43.33261],[-6.92092,43.3234],[-6.90868,43.32181],[-6.89854,43.32331],[-6.89431,43.3262],[-6.88357,43.31466],[-6.88256,43.31193],[-6.86922,43.3099],[-6.8657,43.30588],[-6.84605,43.30283],[-6.84516,43.29848],[-6.83239,43.29756],[-6.83243,43.29036],[-6.82844,43.28599],[-6.8318,43.28028],[-6.83056,43.27649],[-6.81573,43.28381],[-6.80182,43.28614],[-6.79147,43.29033],[-6.78222,43.30051],[-6.77831,43.30153],[-6.77384,43.30573],[-6.77315,43.30793],[-6.76493,43.31416],[-6.75767,43.31676],[-6.75649,43.3183],[-6.75964,43.32156],[-6.78168,43.33155],[-6.78326,43.33642],[-6.78179,43.33979],[-6.77873,43.34077],[-6.77514,43.34956],[-6.78332,43.34802],[-6.78966,43.35399],[-6.79805,43.35611],[-6.80262,43.36263],[-6.81388,43.37182],[-6.81905,43.37431],[-6.83177,43.3764],[-6.83005,43.3796],[-6.832,43.38288],[-6.85535,43.38274],[-6.87473,43.37891],[-6.88164,43.37936],[-6.87539,43.38947],[-6.87381,43.39498],[-6.87804,43.3987],[-6.88939,43.39882],[-6.89468,43.39542],[-6.89846,43.38969],[-6.9045,43.38597],[-6.90433,43.38461],[-6.91853,43.38593],[-6.92585,43.38303],[-6.92737,43.38045],[-6.93329,43.38201],[-6.93942,43.37803],[-6.94006,43.37305],[-6.941,43.37312]]]}},{"type":"Feature","id":"es-as-concejo-33028","properties":{"id":"es-as-concejo-33028","slug":"ibias","name":"Ibias","localName":"Ibias","aliases":[],"kind":"municipality","boundaryStatus":"official","parentId":"es-as","population":null,"areaKm2":333.9,"density":null,"referenceYear":null,"sourceId":"sitpa-administrative-units","bbox":[-6.9969,42.88254,-6.63878,43.11777],"center":[-6.81784,43.000155]},"geometry":{"type":"Polygon","coordinates":[[[-6.84183,42.92845],[-6.83576,42.91634],[-6.80104,42.91017],[-6.78977,42.90454],[-6.77693,42.90143],[-6.77067,42.89862],[-6.76829,42.89548],[-6.76795,42.89028],[-6.77336,42.88668],[-6.77424,42.8842],[-6.77285,42.88254],[-6.76048,42.88403],[-6.75667,42.88306],[-6.74922,42.89414],[-6.74059,42.89947],[-6.73454,42.90767],[-6.72319,42.91738],[-6.71279,42.91505],[-6.69699,42.91852],[-6.6899,42.92246],[-6.66719,42.92453],[-6.66064,42.92279],[-6.65694,42.92458],[-6.6509,42.92502],[-6.64675,42.92385],[-6.63878,42.92546],[-6.65414,42.95831],[-6.65403,42.96118],[-6.65942,42.96292],[-6.6576,42.96641],[-6.66049,42.96643],[-6.66398,42.96998],[-6.67233,42.96591],[-6.67321,42.96209],[-6.68502,42.96011],[-6.6893,42.96128],[-6.69272,42.95951],[-6.69257,42.96308],[-6.70075,42.96829],[-6.69315,42.98176],[-6.69457,42.98705],[-6.69769,42.98661],[-6.70509,42.98913],[-6.72258,42.99886],[-6.72335,43.00117],[-6.73125,43.00541],[-6.74316,43.00584],[-6.74612,43.0176],[-6.74196,43.02108],[-6.73899,43.02586],[-6.72983,43.02747],[-6.72633,43.0328],[-6.71866,43.03624],[-6.72014,43.04213],[-6.71993,43.05248],[-6.73082,43.05296],[-6.7391,43.05824],[-6.74255,43.06285],[-6.75917,43.06891],[-6.76686,43.0675],[-6.77661,43.06968],[-6.77842,43.07183],[-6.78832,43.07289],[-6.78845,43.07531],[-6.78669,43.0771],[-6.78965,43.07989],[-6.79327,43.08671],[-6.79267,43.08962],[-6.79934,43.09406],[-6.79858,43.09626],[-6.79467,43.09932],[-6.80543,43.10531],[-6.81105,43.11013],[-6.81535,43.10915],[-6.8231,43.11145],[-6.82444,43.11477],[-6.82908,43.11648],[-6.829,43.11777],[-6.83699,43.11683],[-6.85061,43.10943],[-6.8553,43.10853],[-6.85659,43.10634],[-6.8652,43.10071],[-6.87165,43.09102],[-6.89044,43.0904],[-6.89429,43.09173],[-6.89881,43.08817],[-6.89946,43.08547],[-6.90228,43.08283],[-6.91148,43.0775],[-6.91555,43.07326],[-6.923,43.08163],[-6.93496,43.08199],[-6.93869,43.08651],[-6.94094,43.08],[-6.94473,43.07729],[-6.9481,43.07763],[-6.95182,43.07619],[-6.95085,43.07265],[-6.95202,43.07104],[-6.95044,43.06819],[-6.95736,43.06817],[-6.95816,43.06692],[-6.95604,43.06357],[-6.96121,43.06112],[-6.96637,43.06105],[-6.9672,43.05782],[-6.96885,43.05688],[-6.96797,43.05518],[-6.96209,43.05225],[-6.96493,43.05006],[-6.96353,43.04394],[-6.96614,43.03746],[-6.96507,43.03477],[-6.96917,43.03514],[-6.96901,43.0327],[-6.97254,43.03038],[-6.97586,43.03187],[-6.97877,43.03894],[-6.98217,43.04141],[-6.98643,43.0297],[-6.9913,43.0306],[-6.99629,43.02793],[-6.99653,43.02679],[-6.99471,43.02623],[-6.9969,43.01957],[-6.98592,43.0144],[-6.98637,43.01102],[-6.98352,43.00414],[-6.9795,43.0049],[-6.9751,42.99614],[-6.97247,42.99626],[-6.97216,42.99395],[-6.96237,42.99048],[-6.96196,42.9937],[-6.96407,42.99281],[-6.96393,42.99539],[-6.95604,42.99603],[-6.95713,42.99813],[-6.96228,43.00075],[-6.95977,43.00331],[-6.96238,43.00601],[-6.95974,43.00837],[-6.96231,43.01225],[-6.95951,43.01522],[-6.96405,43.01937],[-6.96041,43.02241],[-6.96475,43.02666],[-6.95804,43.0289],[-6.95801,43.03282],[-6.95544,43.03468],[-6.95678,43.03656],[-6.94686,43.03256],[-6.94506,43.02252],[-6.94194,43.01697],[-6.94082,43.01152],[-6.93293,43.00879],[-6.9312,43.00453],[-6.92263,43.0017],[-6.91,42.9899],[-6.90767,42.9888],[-6.89885,42.98927],[-6.89273,42.98793],[-6.88086,42.9913],[-6.87756,42.98862],[-6.87131,42.98869],[-6.86832,42.98378],[-6.86456,42.98378],[-6.86202,42.97891],[-6.85312,42.97277],[-6.83578,42.95771],[-6.83469,42.94126],[-6.84183,42.92845]]]}},{"type":"Feature","id":"es-as-concejo-33034","properties":{"id":"es-as-concejo-33034","slug":"valdes","name":"Valdés","localName":"Valdés","aliases":[],"kind":"municipality","boundaryStatus":"official","parentId":"es-as","population":null,"areaKm2":354.3,"density":null,"referenceYear":null,"sourceId":"sitpa-administrative-units","bbox":[-6.65783,43.39825,-6.25919,43.57164],"center":[-6.45851,43.484944999999996]},"geometry":{"type":"MultiPolygon","coordinates":[[[[-6.64336,43.48511],[-6.64166,43.48289],[-6.64337,43.47839],[-6.64264,43.47635],[-6.64113,43.476],[-6.64571,43.46549],[-6.64526,43.46241],[-6.64851,43.45941],[-6.6487,43.45588],[-6.65725,43.44921],[-6.65783,43.44432],[-6.64673,43.44074],[-6.63788,43.43966],[-6.63108,43.42463],[-6.62713,43.4261],[-6.61951,43.4323],[-6.60859,43.43749],[-6.60636,43.44284],[-6.60119,43.44602],[-6.59862,43.45173],[-6.59876,43.45488],[-6.57593,43.45905],[-6.56311,43.4562],[-6.55802,43.4599],[-6.55056,43.45676],[-6.54614,43.45316],[-6.54554,43.44914],[-6.5373,43.44497],[-6.53135,43.43896],[-6.52564,43.43658],[-6.51758,43.43607],[-6.51483,43.43359],[-6.50943,43.43843],[-6.51025,43.43587],[-6.50618,43.43386],[-6.50518,43.43463],[-6.49437,43.43227],[-6.49326,43.43378],[-6.48337,43.43792],[-6.47675,43.43901],[-6.47748,43.44043],[-6.47394,43.44194],[-6.46576,43.43602],[-6.45336,43.43912],[-6.44965,43.43603],[-6.4507,43.43089],[-6.44945,43.42893],[-6.4392,43.42767],[-6.43342,43.42379],[-6.42732,43.41386],[-6.42946,43.40824],[-6.42156,43.40606],[-6.41845,43.4038],[-6.39507,43.39825],[-6.39077,43.39865],[-6.39315,43.39985],[-6.3901,43.40788],[-6.38623,43.4114],[-6.38483,43.41973],[-6.3813,43.42299],[-6.37372,43.42486],[-6.36259,43.43185],[-6.36064,43.43742],[-6.35294,43.44011],[-6.35586,43.44351],[-6.35149,43.446],[-6.3493,43.4517],[-6.33668,43.46744],[-6.33914,43.47118],[-6.34362,43.47334],[-6.32719,43.48346],[-6.31608,43.48014],[-6.30624,43.4808],[-6.29726,43.48562],[-6.2952,43.49206],[-6.29384,43.49391],[-6.28939,43.49514],[-6.28934,43.49867],[-6.28787,43.49986],[-6.28139,43.49989],[-6.27449,43.49753],[-6.26863,43.4986],[-6.26784,43.50049],[-6.26867,43.50288],[-6.2657,43.50708],[-6.27097,43.50924],[-6.27273,43.51326],[-6.27113,43.51807],[-6.26786,43.5208],[-6.26754,43.5264],[-6.26466,43.53],[-6.26921,43.53534],[-6.26675,43.53717],[-6.26659,43.54034],[-6.26253,43.53939],[-6.25919,43.54269],[-6.26327,43.54483],[-6.27106,43.54504],[-6.27181,43.54788],[-6.27418,43.5491],[-6.27819,43.54514],[-6.28744,43.5421],[-6.29249,43.53864],[-6.30904,43.53643],[-6.3161,43.53161],[-6.32347,43.53106],[-6.32452,43.52746],[-6.32767,43.52502],[-6.33496,43.52504],[-6.34923,43.52089],[-6.35205,43.52307],[-6.35123,43.52403],[-6.35258,43.528],[-6.34705,43.53078],[-6.3471,43.53314],[-6.34509,43.53512],[-6.34144,43.53598],[-6.3343,43.54154],[-6.3341,43.5449],[-6.34471,43.55423],[-6.35441,43.55124],[-6.36117,43.55181],[-6.36205,43.55386],[-6.36984,43.55112],[-6.37201,43.55377],[-6.36781,43.55833],[-6.37096,43.55863],[-6.37071,43.55728],[-6.3743,43.55546],[-6.37935,43.55755],[-6.38362,43.55597],[-6.38663,43.55669],[-6.38686,43.55839],[-6.38751,43.55751],[-6.39019,43.55904],[-6.39359,43.55861],[-6.39686,43.56045],[-6.40416,43.55621],[-6.40975,43.55797],[-6.41476,43.55795],[-6.41505,43.55953],[-6.41722,43.55861],[-6.42052,43.55388],[-6.42975,43.55276],[-6.43438,43.55634],[-6.43634,43.55534],[-6.43883,43.55614],[-6.43914,43.55898],[-6.44389,43.55954],[-6.44549,43.56275],[-6.44732,43.56106],[-6.44965,43.56101],[-6.45468,43.56365],[-6.45447,43.56466],[-6.45758,43.56403],[-6.46052,43.56506],[-6.46134,43.56694],[-6.46025,43.56911],[-6.46495,43.56873],[-6.47023,43.57116],[-6.47138,43.56843],[-6.47398,43.56734],[-6.47258,43.56473],[-6.47541,43.56341],[-6.47371,43.56197],[-6.47508,43.56112],[-6.47361,43.55902],[-6.47373,43.55675],[-6.4754,43.55558],[-6.47297,43.55442],[-6.47221,43.55166],[-6.47439,43.5503],[-6.47771,43.55035],[-6.47995,43.55136],[-6.48018,43.55269],[-6.4823,43.55296],[-6.48842,43.54899],[-6.4916,43.54892],[-6.49809,43.55174],[-6.50045,43.5506],[-6.50155,43.55171],[-6.50424,43.54942],[-6.50677,43.55113],[-6.51281,43.54721],[-6.51778,43.54806],[-6.52133,43.55068],[-6.52795,43.54972],[-6.5303,43.54792],[-6.532,43.55072],[-6.53397,43.54839],[-6.53608,43.54882],[-6.53207,43.5466],[-6.5333,43.54523],[-6.53332,43.54672],[-6.53472,43.54732],[-6.53671,43.54611],[-6.53953,43.54744],[-6.53896,43.54959],[-6.53731,43.54946],[-6.54143,43.54978],[-6.53964,43.55247],[-6.54185,43.55201],[-6.54061,43.55376],[-6.54223,43.55333],[-6.54249,43.55476],[-6.55127,43.55169],[-6.55223,43.55293],[-6.5572,43.55041],[-6.55477,43.55383],[-6.55819,43.55293],[-6.5584,43.55577],[-6.5608,43.55466],[-6.56085,43.55556],[-6.56266,43.55511],[-6.56213,43.55646],[-6.56614,43.55575],[-6.56643,43.55675],[-6.57487,43.55663],[-6.5752,43.55757],[-6.5774,43.55656],[-6.57725,43.55794],[-6.58073,43.55665],[-6.58096,43.55438],[-6.58257,43.55514],[-6.59041,43.5533],[-6.59848,43.55403],[-6.59979,43.55496],[-6.59929,43.55667],[-6.60195,43.55589],[-6.60367,43.55687],[-6.60136,43.56321],[-6.60376,43.56616],[-6.60612,43.56281],[-6.60846,43.56261],[-6.60852,43.56138],[-6.6119,43.56106],[-6.61663,43.56289],[-6.61833,43.56144],[-6.61935,43.55885],[-6.61807,43.55999],[-6.61399,43.55945],[-6.61972,43.55643],[-6.62389,43.55018],[-6.62349,43.54882],[-6.62581,43.54727],[-6.62518,43.54531],[-6.62777,43.54404],[-6.63379,43.53632],[-6.63857,43.53398],[-6.63507,43.53131],[-6.63366,43.53313],[-6.6323,43.53276],[-6.63248,43.53168],[-6.62942,43.53266],[-6.62948,43.53133],[-6.62622,43.52978],[-6.62347,43.53027],[-6.62244,43.52757],[-6.62391,43.52711],[-6.62519,43.52414],[-6.63108,43.52114],[-6.6295,43.51976],[-6.63148,43.51831],[-6.63179,43.5164],[-6.63418,43.51653],[-6.63678,43.51469],[-6.63554,43.5137],[-6.6364,43.5125],[-6.6385,43.5126],[-6.63684,43.51124],[-6.63418,43.51139],[-6.63101,43.50857],[-6.63228,43.50643],[-6.63652,43.50566],[-6.63793,43.49731],[-6.64099,43.49421],[-6.6432,43.48546],[-6.64336,43.48511]]],[[[-6.49174,43.5496],[-6.49163,43.54965],[-6.49152,43.54972],[-6.49143,43.54977],[-6.49133,43.54983],[-6.49124,43.5499],[-6.49119,43.54996],[-6.4912,43.55004],[-6.49124,43.5501],[-6.49151,43.55028],[-6.49163,43.55034],[-6.4917,43.55032],[-6.49178,43.55026],[-6.49182,43.55017],[-6.49187,43.55009],[-6.49186,43.55],[-6.49183,43.5499],[-6.49184,43.54981],[-6.49183,43.54972],[-6.49183,43.54965],[-6.4918,43.54962],[-6.49174,43.5496]]],[[[-6.50922,43.54966],[-6.50832,43.55039],[-6.5093,43.54968],[-6.50922,43.54966]]],[[[-6.50813,43.55071],[-6.50699,43.55149],[-6.50818,43.55074],[-6.50813,43.55071]]],[[[-6.51385,43.55195],[-6.51282,43.55285],[-6.51394,43.55195],[-6.51385,43.55195]]],[[[-6.50034,43.5514],[-6.49928,43.55194],[-6.50037,43.55143],[-6.50034,43.5514]]],[[[-6.36728,43.55225],[-6.36721,43.55228],[-6.36715,43.55237],[-6.36712,43.55246],[-6.36711,43.55255],[-6.36711,43.55265],[-6.36712,43.55272],[-6.36716,43.55276],[-6.36722,43.55276],[-6.36733,43.55269],[-6.36746,43.55252],[-6.36748,43.55243],[-6.36746,43.55234],[-6.36743,43.55228],[-6.36736,43.55225],[-6.36728,43.55225]]],[[[-6.48607,43.55167],[-6.48584,43.55274],[-6.48617,43.55167],[-6.48607,43.55167]]],[[[-6.35009,43.55288],[-6.34997,43.55297],[-6.34997,43.55304],[-6.35005,43.55312],[-6.35014,43.55317],[-6.35024,43.55319],[-6.35029,43.55318],[-6.35032,43.5531],[-6.35032,43.55306],[-6.35009,43.55288]]],[[[-6.49937,43.55306],[-6.49932,43.55308],[-6.49931,43.55317],[-6.4994,43.55343],[-6.49948,43.55344],[-6.49957,43.55342],[-6.49967,43.55336],[-6.4997,43.55332],[-6.4997,43.55324],[-6.49963,43.55316],[-6.49954,43.55309],[-6.49947,43.55306],[-6.49937,43.55306]]],[[[-6.35925,43.55256],[-6.35919,43.55257],[-6.35911,43.55265],[-6.35903,43.55271],[-6.35892,43.55277],[-6.35886,43.55279],[-6.35881,43.55288],[-6.35882,43.55291],[-6.35889,43.55298],[-6.35926,43.55314],[-6.35931,43.5532],[-6.35941,43.55322],[-6.35948,43.55321],[-6.35956,43.55314],[-6.35962,43.55305],[-6.35967,43.55297],[-6.35976,43.55291],[-6.35983,43.55284],[-6.35984,43.55279],[-6.35982,43.55275],[-6.35977,43.55273],[-6.35966,43.55276],[-6.35958,43.55284],[-6.35951,43.55291],[-6.35946,43.55293],[-6.35936,43.55289],[-6.35929,43.55284],[-6.35925,43.55277],[-6.35927,43.55268],[-6.35927,43.5526],[-6.35925,43.55256]]],[[[-6.36406,43.55277],[-6.36401,43.55281],[-6.364,43.55294],[-6.36397,43.55301],[-6.36398,43.55311],[-6.36401,43.5532],[-6.36403,43.55327],[-6.36407,43.55332],[-6.36412,43.55333],[-6.36418,43.5533],[-6.36422,43.55321],[-6.36422,43.55311],[-6.36421,43.55302],[-6.36418,43.55292],[-6.36415,43.55283],[-6.36411,43.55279],[-6.36406,43.55277]]],[[[-6.4304,43.5532],[-6.43034,43.55321],[-6.43028,43.55327],[-6.43024,43.55334],[-6.43018,43.55343],[-6.43014,43.55349],[-6.43014,43.55353],[-6.4302,43.55357],[-6.43032,43.55355],[-6.43052,43.55333],[-6.43056,43.55329],[-6.43055,43.55324],[-6.43052,43.55321],[-6.4304,43.5532]]],[[[-6.35962,43.55352],[-6.35953,43.55357],[-6.35948,43.55365],[-6.35942,43.55373],[-6.35936,43.5538],[-6.35935,43.55385],[-6.35938,43.55389],[-6.3595,43.55389],[-6.3596,43.55375],[-6.35965,43.55366],[-6.35967,43.55358],[-6.35965,43.55354],[-6.35962,43.55352]]],[[[-6.48343,43.55348],[-6.48272,43.55391],[-6.48356,43.55348],[-6.48343,43.55348]]],[[[-6.36169,43.55345],[-6.36158,43.55349],[-6.3615,43.5536],[-6.36153,43.55365],[-6.36159,43.55368],[-6.3617,43.55366],[-6.36178,43.55362],[-6.36182,43.55357],[-6.36181,43.55352],[-6.36176,43.55347],[-6.36169,43.55345]]],[[[-6.35879,43.55372],[-6.3587,43.55374],[-6.35866,43.55376],[-6.35869,43.55386],[-6.35886,43.55386],[-6.35891,43.55381],[-6.35893,43.55378],[-6.35889,43.55374],[-6.35879,43.55372]]],[[[-6.35896,43.55382],[-6.35891,43.55386],[-6.35889,43.55389],[-6.35898,43.55395],[-6.35906,43.5539],[-6.35908,43.55386],[-6.35904,43.55383],[-6.35896,43.55382]]],[[[-6.49786,43.55404],[-6.49777,43.55407],[-6.49767,43.55414],[-6.49764,43.5542],[-6.49764,43.55429],[-6.49768,43.55452],[-6.49765,43.55455],[-6.49764,43.55459],[-6.49768,43.55463],[-6.49776,43.55466],[-6.4979,43.55465],[-6.49801,43.55461],[-6.49812,43.55455],[-6.49819,43.55449],[-6.49822,43.5544],[-6.49824,43.55432],[-6.4982,43.55422],[-6.49812,43.55415],[-6.49804,43.55408],[-6.49799,43.55405],[-6.49786,43.55404]]],[[[-6.48269,43.55411],[-6.48261,43.55416],[-6.48256,43.55422],[-6.48255,43.55428],[-6.48262,43.55436],[-6.48265,43.55441],[-6.48263,43.55447],[-6.48253,43.55453],[-6.48246,43.5546],[-6.48242,43.5547],[-6.48241,43.55475],[-6.48246,43.5548],[-6.48256,43.55484],[-6.48265,43.55484],[-6.48277,43.55481],[-6.48283,43.55476],[-6.48285,43.5547],[-6.48282,43.55461],[-6.48282,43.55456],[-6.48288,43.55451],[-6.48298,43.55448],[-6.48307,43.55443],[-6.4831,43.55439],[-6.48307,43.5543],[-6.48303,43.55425],[-6.48272,43.55416],[-6.48269,43.55411]]],[[[-6.43123,43.55371],[-6.43116,43.55373],[-6.43112,43.55376],[-6.43116,43.55384],[-6.43135,43.55383],[-6.4314,43.55381],[-6.43138,43.55375],[-6.43134,43.55371],[-6.43123,43.55371]]],[[[-6.4299,43.55383],[-6.42981,43.55391],[-6.42982,43.55396],[-6.42985,43.55397],[-6.42994,43.55393],[-6.42997,43.5539],[-6.4299,43.55383]]],[[[-6.35986,43.55364],[-6.35976,43.55371],[-6.35969,43.55378],[-6.35964,43.55386],[-6.35964,43.55395],[-6.35964,43.55402],[-6.35959,43.55411],[-6.35958,43.55419],[-6.35962,43.55426],[-6.35967,43.5543],[-6.3598,43.55433],[-6.36031,43.55401],[-6.3604,43.55395],[-6.36047,43.55387],[-6.3605,43.55382],[-6.36048,43.55376],[-6.36041,43.55371],[-6.36028,43.55369],[-6.36016,43.55368],[-6.36003,43.55369],[-6.35996,43.55368],[-6.35992,43.55365],[-6.35986,43.55364]]],[[[-6.35928,43.55393],[-6.35919,43.55394],[-6.35915,43.55396],[-6.35916,43.55405],[-6.35927,43.554],[-6.35929,43.55396],[-6.35928,43.55393]]],[[[-6.43258,43.55497],[-6.43247,43.55509],[-6.43248,43.55515],[-6.43253,43.55518],[-6.43262,43.5552],[-6.4327,43.55517],[-6.43275,43.55513],[-6.43274,43.55505],[-6.43272,43.555],[-6.43258,43.55497]]],[[[-6.42021,43.55433],[-6.42013,43.55435],[-6.42008,43.55437],[-6.42005,43.55449],[-6.42014,43.55458],[-6.42016,43.5546],[-6.42023,43.55462],[-6.42031,43.5546],[-6.42037,43.55456],[-6.42039,43.55449],[-6.42038,43.55442],[-6.42031,43.55437],[-6.42021,43.55433]]],[[[-6.43231,43.55446],[-6.43213,43.55447],[-6.43206,43.55454],[-6.43207,43.55459],[-6.43211,43.55463],[-6.43221,43.55462],[-6.43231,43.55458],[-6.43235,43.55454],[-6.43235,43.55449],[-6.43231,43.55446]]],[[[-6.43234,43.55475],[-6.43177,43.55533],[-6.43247,43.55475],[-6.43234,43.55475]]],[[[-6.35796,43.55542],[-6.35784,43.55544],[-6.35772,43.55549],[-6.35763,43.55555],[-6.35753,43.55563],[-6.35746,43.55571],[-6.3574,43.55579],[-6.35737,43.55588],[-6.35739,43.55595],[-6.35743,43.55599],[-6.35764,43.55602],[-6.35788,43.55596],[-6.35794,43.55592],[-6.35798,43.55586],[-6.35795,43.55576],[-6.35794,43.5557],[-6.358,43.55565],[-6.35812,43.55562],[-6.35817,43.55559],[-6.35819,43.55554],[-6.35817,43.55548],[-6.35809,43.55544],[-6.35796,43.55542]]],[[[-6.43299,43.55518],[-6.43288,43.55524],[-6.43272,43.55535],[-6.43265,43.55544],[-6.43258,43.55552],[-6.43255,43.5556],[-6.43256,43.55567],[-6.43259,43.5557],[-6.43266,43.5557],[-6.43275,43.55564],[-6.43281,43.55556],[-6.43287,43.55547],[-6.43294,43.55538],[-6.43301,43.55533],[-6.43303,43.55527],[-6.43301,43.5552],[-6.43299,43.55518]]],[[[-6.42497,43.5549],[-6.4249,43.55575],[-6.42504,43.55492],[-6.42497,43.5549]]],[[[-6.42435,43.55566],[-6.42429,43.55567],[-6.42424,43.55573],[-6.42423,43.55582],[-6.42426,43.55591],[-6.4243,43.55593],[-6.42449,43.55586],[-6.42447,43.55572],[-6.42443,43.55567],[-6.42435,43.55566]]],[[[-6.43344,43.5557],[-6.43336,43.55572],[-6.43333,43.55576],[-6.43336,43.55586],[-6.43352,43.55592],[-6.4336,43.55591],[-6.43366,43.55588],[-6.43367,43.55584],[-6.4336,43.55576],[-6.43352,43.55572],[-6.43344,43.5557]]],[[[-6.47586,43.556],[-6.47507,43.55654],[-6.47591,43.55603],[-6.47586,43.556]]],[[[-6.35806,43.55621],[-6.35798,43.55623],[-6.35795,43.55632],[-6.35796,43.5564],[-6.35797,43.55643],[-6.35815,43.55645],[-6.35826,43.55633],[-6.35827,43.55627],[-6.35826,43.55623],[-6.35813,43.5562],[-6.35806,43.55621]]],[[[-6.36772,43.55657],[-6.36766,43.55658],[-6.36763,43.55663],[-6.36762,43.55666],[-6.36773,43.55672],[-6.3678,43.55664],[-6.36779,43.55659],[-6.36772,43.55657]]],[[[-6.43343,43.5563],[-6.43326,43.55637],[-6.43323,43.55645],[-6.43325,43.55653],[-6.4333,43.5566],[-6.43335,43.55664],[-6.43344,43.55666],[-6.4335,43.55664],[-6.43355,43.55659],[-6.43354,43.55649],[-6.43354,43.5564],[-6.43356,43.55633],[-6.43356,43.55629],[-6.43343,43.5563]]],[[[-6.41893,43.55644],[-6.41886,43.55645],[-6.41881,43.5565],[-6.4188,43.55656],[-6.41884,43.55663],[-6.41892,43.55667],[-6.41899,43.55668],[-6.41912,43.55664],[-6.41911,43.55649],[-6.41903,43.55645],[-6.41893,43.55644]]],[[[-6.43316,43.55675],[-6.43308,43.55682],[-6.43313,43.55703],[-6.43315,43.55713],[-6.43319,43.55722],[-6.43323,43.55727],[-6.43332,43.55729],[-6.43337,43.55728],[-6.43341,43.55721],[-6.43342,43.55712],[-6.43341,43.55702],[-6.43339,43.55691],[-6.43335,43.55682],[-6.4333,43.55677],[-6.43322,43.55674],[-6.43316,43.55675]]],[[[-6.43436,43.557],[-6.4343,43.55701],[-6.43427,43.55708],[-6.43427,43.55712],[-6.43442,43.55718],[-6.43448,43.55705],[-6.43444,43.55701],[-6.43436,43.557]]],[[[-6.40701,43.55715],[-6.40688,43.55717],[-6.40678,43.5572],[-6.40672,43.55724],[-6.40672,43.55729],[-6.40676,43.55733],[-6.40689,43.55735],[-6.40717,43.55736],[-6.40728,43.55732],[-6.40737,43.55729],[-6.40739,43.55726],[-6.40737,43.55721],[-6.40726,43.55717],[-6.40714,43.55715],[-6.40701,43.55715]]],[[[-6.43461,43.55719],[-6.43455,43.5572],[-6.4345,43.55726],[-6.43449,43.55734],[-6.43452,43.55739],[-6.4346,43.5574],[-6.43465,43.5574],[-6.4347,43.55728],[-6.43461,43.55719]]],[[[-6.43348,43.55728],[-6.43343,43.5573],[-6.43342,43.55736],[-6.43343,43.55739],[-6.4335,43.5574],[-6.43354,43.55738],[-6.43356,43.55729],[-6.43348,43.55728]]],[[[-6.38179,43.55722],[-6.38168,43.55726],[-6.38157,43.55732],[-6.3816,43.55745],[-6.38164,43.55748],[-6.38171,43.5575],[-6.38182,43.55747],[-6.38188,43.55741],[-6.38192,43.55735],[-6.3819,43.55728],[-6.38185,43.55724],[-6.38179,43.55722]]],[[[-6.37197,43.55756],[-6.3719,43.55758],[-6.37189,43.55761],[-6.37188,43.55763],[-6.37191,43.5577],[-6.37195,43.55773],[-6.37205,43.55775],[-6.37212,43.55773],[-6.37218,43.55769],[-6.37219,43.55764],[-6.37214,43.55759],[-6.37197,43.55756]]],[[[-6.37946,43.5579],[-6.37935,43.55795],[-6.37929,43.558],[-6.37927,43.55805],[-6.37934,43.55813],[-6.37948,43.55806],[-6.37953,43.55799],[-6.37954,43.55794],[-6.37952,43.5579],[-6.37946,43.5579]]],[[[-6.38159,43.55787],[-6.38157,43.55793],[-6.38158,43.55798],[-6.38172,43.55803],[-6.38172,43.55789],[-6.38164,43.55787],[-6.38159,43.55787]]],[[[-6.43863,43.55748],[-6.43854,43.55756],[-6.43857,43.55759],[-6.43863,43.55761],[-6.43868,43.55759],[-6.4387,43.55755],[-6.43863,43.55748]]],[[[-6.38461,43.55725],[-6.38452,43.55726],[-6.38444,43.55733],[-6.38437,43.5574],[-6.3844,43.55768],[-6.38445,43.55777],[-6.38451,43.55782],[-6.38459,43.55784],[-6.38468,43.55782],[-6.38479,43.55777],[-6.38486,43.55769],[-6.38489,43.55759],[-6.38488,43.5575],[-6.38484,43.55741],[-6.38478,43.55733],[-6.38469,43.55727],[-6.38461,43.55725]]],[[[-6.43865,43.55772],[-6.4386,43.55782],[-6.43862,43.55786],[-6.43867,43.55787],[-6.43872,43.55783],[-6.43874,43.55779],[-6.43865,43.55772]]],[[[-6.4081,43.55761],[-6.40803,43.55762],[-6.40798,43.55765],[-6.40804,43.55782],[-6.40822,43.55792],[-6.40835,43.55796],[-6.40847,43.55796],[-6.40859,43.55794],[-6.40865,43.55791],[-6.40869,43.55786],[-6.40866,43.5578],[-6.40857,43.55774],[-6.40844,43.55771],[-6.40833,43.55767],[-6.4082,43.55764],[-6.4081,43.55761]]],[[[-6.38095,43.55782],[-6.38077,43.55796],[-6.38078,43.55805],[-6.3808,43.55811],[-6.38087,43.55816],[-6.38096,43.55819],[-6.38105,43.55817],[-6.38113,43.55813],[-6.38118,43.55805],[-6.38118,43.55796],[-6.38114,43.55787],[-6.38111,43.55784],[-6.38095,43.55782]]],[[[-6.38224,43.55743],[-6.38213,43.55746],[-6.38201,43.5575],[-6.3819,43.55755],[-6.38181,43.55761],[-6.3817,43.55774],[-6.38184,43.55789],[-6.38191,43.55793],[-6.382,43.55795],[-6.38208,43.55793],[-6.38217,43.55785],[-6.38225,43.55778],[-6.38232,43.5577],[-6.38239,43.55763],[-6.38241,43.55754],[-6.38239,43.55749],[-6.38233,43.55744],[-6.38224,43.55743]]],[[[-6.38645,43.55778],[-6.38621,43.55782],[-6.38618,43.55809],[-6.38621,43.55815],[-6.38626,43.55817],[-6.38636,43.55816],[-6.38645,43.5581],[-6.38654,43.55804],[-6.38657,43.55796],[-6.38655,43.55788],[-6.3865,43.55781],[-6.38645,43.55778]]],[[[-6.37221,43.55804],[-6.37211,43.55805],[-6.372,43.5581],[-6.37193,43.55816],[-6.37189,43.55825],[-6.37189,43.55828],[-6.37194,43.5583],[-6.37205,43.55826],[-6.37227,43.55816],[-6.37229,43.55811],[-6.37228,43.55807],[-6.37221,43.55804]]],[[[-6.40983,43.55808],[-6.41099,43.55824],[-6.40996,43.55809],[-6.40983,43.55808]]],[[[-6.3823,43.55821],[-6.38209,43.55822],[-6.38201,43.55836],[-6.38204,43.55844],[-6.38208,43.55849],[-6.38215,43.55851],[-6.38225,43.5585],[-6.38234,43.55845],[-6.38238,43.55839],[-6.38239,43.55831],[-6.38235,43.55824],[-6.3823,43.55821]]],[[[-6.47625,43.55858],[-6.47597,43.55866],[-6.4759,43.55876],[-6.47593,43.55883],[-6.476,43.55889],[-6.4761,43.55893],[-6.47617,43.55894],[-6.47626,43.5589],[-6.47633,43.55882],[-6.4764,43.55873],[-6.47643,43.55868],[-6.47641,43.55863],[-6.47633,43.55859],[-6.47625,43.55858]]],[[[-6.36766,43.55865],[-6.36757,43.55872],[-6.36754,43.55883],[-6.36754,43.5589],[-6.36757,43.55894],[-6.36762,43.55896],[-6.36769,43.55893],[-6.36775,43.55886],[-6.36777,43.55876],[-6.36775,43.55869],[-6.36771,43.55866],[-6.36766,43.55865]]],[[[-6.38048,43.55757],[-6.38028,43.55867],[-6.3806,43.55758],[-6.38048,43.55757]]],[[[-6.37939,43.55834],[-6.3793,43.55838],[-6.37926,43.55843],[-6.37925,43.5585],[-6.37929,43.55857],[-6.37937,43.55861],[-6.3795,43.55863],[-6.37966,43.55853],[-6.37969,43.55847],[-6.37968,43.55842],[-6.37958,43.55837],[-6.37946,43.55834],[-6.37939,43.55834]]],[[[-6.41112,43.55847],[-6.41101,43.55851],[-6.41092,43.55856],[-6.41088,43.55862],[-6.41089,43.55866],[-6.41104,43.55871],[-6.41122,43.55865],[-6.41125,43.55859],[-6.41125,43.55854],[-6.4112,43.55849],[-6.41112,43.55847]]],[[[-6.42012,43.55858],[-6.42,43.55867],[-6.42003,43.55872],[-6.42008,43.55874],[-6.42019,43.55873],[-6.42024,43.55869],[-6.42025,43.55865],[-6.42012,43.55858]]],[[[-6.37224,43.55852],[-6.37213,43.55856],[-6.37209,43.55868],[-6.3721,43.55876],[-6.37214,43.55881],[-6.37221,43.55882],[-6.37229,43.5588],[-6.37235,43.55873],[-6.37237,43.55865],[-6.37235,43.55858],[-6.3723,43.55853],[-6.37224,43.55852]]],[[[-6.36937,43.55881],[-6.3693,43.55884],[-6.36925,43.55889],[-6.36927,43.55894],[-6.36932,43.55897],[-6.36944,43.55899],[-6.3695,43.5589],[-6.3695,43.55885],[-6.36944,43.55881],[-6.36937,43.55881]]],[[[-6.41729,43.55878],[-6.41721,43.5588],[-6.41716,43.55883],[-6.41719,43.55892],[-6.41729,43.55887],[-6.41731,43.55881],[-6.41729,43.55878]]],[[[-6.41149,43.55875],[-6.41145,43.55876],[-6.41143,43.5588],[-6.41152,43.55889],[-6.41157,43.55892],[-6.41162,43.55892],[-6.41165,43.55889],[-6.41163,43.55881],[-6.41157,43.55877],[-6.41149,43.55875]]],[[[-6.41838,43.55878],[-6.41832,43.55881],[-6.41828,43.55886],[-6.41829,43.55889],[-6.41834,43.55892],[-6.41843,43.55891],[-6.41847,43.55887],[-6.41849,43.55883],[-6.41838,43.55878]]],[[[-6.47579,43.57121],[-6.47566,43.57127],[-6.47566,43.57136],[-6.4757,43.57142],[-6.47578,43.57145],[-6.4759,43.57145],[-6.47598,43.57146],[-6.47608,43.57151],[-6.47616,43.57159],[-6.47622,43.57163],[-6.47631,43.57164],[-6.47639,43.57162],[-6.47648,43.57154],[-6.4765,43.5715],[-6.4765,43.57144],[-6.47641,43.57138],[-6.47629,43.57134],[-6.47617,43.57132],[-6.47579,43.57121]]],[[[-6.37027,43.55958],[-6.37017,43.55966],[-6.37019,43.5597],[-6.37023,43.55973],[-6.37032,43.55972],[-6.3704,43.55969],[-6.37044,43.55962],[-6.37044,43.55959],[-6.37027,43.55958]]],[[[-6.37196,43.55956],[-6.37185,43.55958],[-6.37179,43.55961],[-6.37177,43.55967],[-6.37179,43.55973],[-6.3719,43.55978],[-6.372,43.55971],[-6.37206,43.55967],[-6.37208,43.55962],[-6.37205,43.55958],[-6.37196,43.55956]]],[[[-6.43908,43.55912],[-6.43908,43.55918],[-6.43916,43.55922],[-6.43927,43.55924],[-6.43933,43.55924],[-6.43941,43.55922],[-6.43943,43.55919],[-6.43941,43.55915],[-6.43929,43.55914],[-6.43917,43.55914],[-6.43913,43.55913],[-6.43908,43.55912]]],[[[-6.37087,43.55904],[-6.37084,43.55912],[-6.37084,43.55916],[-6.37089,43.55919],[-6.37096,43.55919],[-6.37101,43.55918],[-6.37101,43.55907],[-6.37087,43.55904]]],[[[-6.4375,43.55905],[-6.43741,43.55913],[-6.43741,43.55917],[-6.43746,43.55922],[-6.43755,43.55922],[-6.43762,43.5592],[-6.43766,43.55916],[-6.43766,43.55909],[-6.43764,43.55904],[-6.4375,43.55905]]],[[[-6.43867,43.55911],[-6.43863,43.55913],[-6.43876,43.55921],[-6.43881,43.55921],[-6.43886,43.55922],[-6.43888,43.55918],[-6.43883,43.55914],[-6.43872,43.55911],[-6.43867,43.55911]]],[[[-6.41342,43.55902],[-6.41331,43.55905],[-6.41325,43.55909],[-6.41323,43.55917],[-6.41325,43.55924],[-6.41329,43.55928],[-6.41337,43.55928],[-6.41342,43.55926],[-6.41347,43.55912],[-6.41347,43.55905],[-6.41342,43.55902]]],[[[-6.41709,43.55873],[-6.41687,43.55882],[-6.41685,43.55887],[-6.41687,43.55893],[-6.41694,43.55894],[-6.41702,43.55893],[-6.4171,43.55886],[-6.41713,43.55882],[-6.41709,43.55873]]],[[[-6.41749,43.55875],[-6.41737,43.55879],[-6.41733,43.55892],[-6.41734,43.55895],[-6.4174,43.55895],[-6.4175,43.55887],[-6.41753,43.55881],[-6.41753,43.55876],[-6.41749,43.55875]]],[[[-6.41216,43.55824],[-6.41208,43.5583],[-6.41203,43.55839],[-6.412,43.55848],[-6.41201,43.55858],[-6.412,43.55867],[-6.41198,43.55876],[-6.41196,43.55885],[-6.41197,43.55894],[-6.41199,43.55898],[-6.41207,43.55902],[-6.41219,43.55901],[-6.41245,43.55879],[-6.4125,43.55875],[-6.41251,43.55867],[-6.41245,43.55858],[-6.4124,43.5585],[-6.41233,43.55842],[-6.41229,43.55833],[-6.41228,43.55828],[-6.41222,43.55825],[-6.41216,43.55824]]],[[[-6.40077,43.55817],[-6.39992,43.55897],[-6.40096,43.5582],[-6.40077,43.55817]]],[[[-6.43873,43.55894],[-6.4387,43.55895],[-6.43871,43.559],[-6.43876,43.55904],[-6.43888,43.55906],[-6.43886,43.55897],[-6.43882,43.55893],[-6.43873,43.55894]]],[[[-6.41981,43.55882],[-6.4197,43.55883],[-6.41965,43.55886],[-6.41961,43.55895],[-6.41961,43.559],[-6.41975,43.55907],[-6.41989,43.559],[-6.41994,43.55895],[-6.41995,43.5589],[-6.4199,43.55885],[-6.41981,43.55882]]],[[[-6.41266,43.55881],[-6.41262,43.55884],[-6.41261,43.55887],[-6.41271,43.55896],[-6.41283,43.55888],[-6.41283,43.55884],[-6.41275,43.55881],[-6.41266,43.55881]]],[[[-6.40924,43.55874],[-6.40898,43.55883],[-6.40897,43.55891],[-6.40899,43.55898],[-6.40906,43.55905],[-6.40915,43.55909],[-6.40923,43.55908],[-6.40932,43.55904],[-6.40938,43.55897],[-6.4094,43.55888],[-6.40938,43.55881],[-6.40931,43.55875],[-6.40924,43.55874]]],[[[-6.37165,43.55879],[-6.37158,43.55884],[-6.37154,43.55893],[-6.37155,43.55902],[-6.37156,43.55908],[-6.37162,43.55912],[-6.37167,43.55912],[-6.37176,43.55905],[-6.37183,43.55895],[-6.37182,43.55887],[-6.37177,43.55882],[-6.37171,43.55879],[-6.37165,43.55879]]],[[[-6.40831,43.55884],[-6.40807,43.55886],[-6.40807,43.55902],[-6.40809,43.55906],[-6.40819,43.5591],[-6.40826,43.55908],[-6.40832,43.55905],[-6.40835,43.55896],[-6.40834,43.55888],[-6.40831,43.55884]]],[[[-6.38885,43.55897],[-6.38864,43.55898],[-6.3886,43.55913],[-6.38864,43.55918],[-6.38869,43.5592],[-6.3888,43.55918],[-6.38886,43.55913],[-6.3889,43.55908],[-6.38889,43.559],[-6.38885,43.55897]]],[[[-6.41911,43.55875],[-6.41817,43.5592],[-6.41921,43.55875],[-6.41911,43.55875]]],[[[-6.39963,43.5591],[-6.39957,43.55912],[-6.39955,43.55918],[-6.39958,43.55924],[-6.39964,43.55928],[-6.39973,43.55929],[-6.3998,43.55926],[-6.39985,43.55922],[-6.39982,43.55911],[-6.39963,43.5591]]],[[[-6.44301,43.5593],[-6.44299,43.55933],[-6.44304,43.55938],[-6.44306,43.55939],[-6.4431,43.55935],[-6.44309,43.55933],[-6.44306,43.5593],[-6.44301,43.5593]]],[[[-6.36977,43.55937],[-6.36964,43.55939],[-6.36964,43.55949],[-6.36966,43.55957],[-6.36969,43.5596],[-6.36975,43.55957],[-6.36979,43.55951],[-6.36979,43.55941],[-6.36977,43.55937]]],[[[-6.44293,43.5592],[-6.44288,43.55922],[-6.44288,43.55931],[-6.44296,43.5593],[-6.44299,43.55925],[-6.44298,43.55921],[-6.44293,43.5592]]],[[[-6.37002,43.55917],[-6.36989,43.55922],[-6.36989,43.55933],[-6.36992,43.5594],[-6.36996,43.55944],[-6.37001,43.55945],[-6.37007,43.55942],[-6.3701,43.55933],[-6.3701,43.55925],[-6.37006,43.55919],[-6.37002,43.55917]]],[[[-6.37904,43.55887],[-6.37899,43.55976],[-6.37928,43.55888],[-6.37904,43.55887]]],[[[-6.41124,43.55901],[-6.41112,43.55904],[-6.41105,43.55911],[-6.41099,43.55919],[-6.41098,43.55926],[-6.41102,43.55935],[-6.41105,43.55939],[-6.41114,43.5594],[-6.41124,43.55937],[-6.41133,43.55931],[-6.41139,43.55923],[-6.4114,43.55915],[-6.41137,43.55907],[-6.41132,43.55903],[-6.41124,43.55901]]],[[[-6.43997,43.55911],[-6.43989,43.55917],[-6.43987,43.55928],[-6.43988,43.55933],[-6.43995,43.55937],[-6.44003,43.55937],[-6.44012,43.55934],[-6.44016,43.55928],[-6.44017,43.55923],[-6.44012,43.55917],[-6.44002,43.55911],[-6.43997,43.55911]]],[[[-6.4406,43.55907],[-6.44048,43.5591],[-6.44027,43.55933],[-6.4402,43.55941],[-6.44014,43.5595],[-6.44013,43.55953],[-6.44017,43.55955],[-6.44028,43.5595],[-6.44036,43.55943],[-6.44044,43.55935],[-6.44052,43.55927],[-6.44059,43.5592],[-6.44063,43.55914],[-6.44064,43.5591],[-6.4406,43.55907]]],[[[-6.43865,43.55924],[-6.43858,43.5593],[-6.43867,43.55933],[-6.43873,43.55933],[-6.43877,43.55931],[-6.43876,43.55927],[-6.4387,43.55923],[-6.43865,43.55924]]],[[[-6.43906,43.5593],[-6.439,43.55932],[-6.43898,43.55936],[-6.43906,43.55943],[-6.43913,43.55936],[-6.43911,43.55932],[-6.43906,43.5593]]],[[[-6.43887,43.55932],[-6.43883,43.55937],[-6.43883,43.55939],[-6.43887,43.55942],[-6.43891,43.55941],[-6.43893,43.55937],[-6.4389,43.55933],[-6.43887,43.55932]]],[[[-6.43852,43.55938],[-6.43842,43.55943],[-6.43851,43.55945],[-6.43861,43.55945],[-6.43866,43.55944],[-6.43857,43.55939],[-6.43852,43.55938]]],[[[-6.37121,43.55933],[-6.37115,43.55935],[-6.37111,43.5594],[-6.37111,43.55944],[-6.37123,43.55951],[-6.3713,43.55946],[-6.37135,43.55942],[-6.37136,43.55938],[-6.37129,43.55934],[-6.37121,43.55933]]],[[[-6.4375,43.55943],[-6.43743,43.55954],[-6.43743,43.55959],[-6.43748,43.55962],[-6.43756,43.55963],[-6.43764,43.5596],[-6.43768,43.55956],[-6.43766,43.55948],[-6.43764,43.55945],[-6.4375,43.55943]]],[[[-6.43826,43.55946],[-6.43819,43.55948],[-6.43818,43.55952],[-6.43824,43.5596],[-6.43833,43.55961],[-6.43836,43.55958],[-6.43836,43.55952],[-6.43832,43.55947],[-6.43826,43.55946]]],[[[-6.44051,43.55941],[-6.44037,43.55956],[-6.44032,43.55964],[-6.44031,43.55967],[-6.44036,43.55971],[-6.44042,43.55971],[-6.44052,43.55966],[-6.44058,43.55958],[-6.44062,43.55949],[-6.44062,43.55946],[-6.44051,43.55941]]],[[[-6.39197,43.55933],[-6.39167,43.55951],[-6.39157,43.55958],[-6.3915,43.55966],[-6.39147,43.55975],[-6.39148,43.55982],[-6.39152,43.55987],[-6.39157,43.55989],[-6.39165,43.55986],[-6.39174,43.55979],[-6.39182,43.55971],[-6.3919,43.55964],[-6.39199,43.55956],[-6.39206,43.55949],[-6.39215,43.55941],[-6.39218,43.55936],[-6.39217,43.55932],[-6.39197,43.55933]]],[[[-6.43876,43.55945],[-6.43868,43.55951],[-6.43865,43.55959],[-6.43865,43.55962],[-6.43877,43.55958],[-6.43887,43.55953],[-6.43886,43.55947],[-6.43882,43.55945],[-6.43876,43.55945]]],[[[-6.40783,43.55933],[-6.40765,43.55946],[-6.40771,43.5596],[-6.40776,43.55968],[-6.40783,43.55972],[-6.40795,43.55974],[-6.40805,43.55974],[-6.40811,43.5597],[-6.40815,43.55961],[-6.40814,43.55953],[-6.40808,43.55945],[-6.40799,43.55939],[-6.40788,43.55934],[-6.40783,43.55933]]],[[[-6.39059,43.55939],[-6.39029,43.55957],[-6.39022,43.55965],[-6.39017,43.55973],[-6.39016,43.55982],[-6.39019,43.55987],[-6.39025,43.55989],[-6.39034,43.55988],[-6.39044,43.55982],[-6.39052,43.55975],[-6.3906,43.55967],[-6.39068,43.5596],[-6.39073,43.55952],[-6.39074,43.55947],[-6.39059,43.55939]]],[[[-6.36982,43.55977],[-6.36976,43.55979],[-6.36971,43.55987],[-6.36972,43.55991],[-6.36975,43.55994],[-6.36988,43.55993],[-6.3699,43.55983],[-6.36987,43.55978],[-6.36982,43.55977]]],[[[-6.37057,43.55971],[-6.3705,43.55974],[-6.37045,43.55982],[-6.37046,43.55986],[-6.37052,43.5599],[-6.37058,43.55991],[-6.37071,43.55983],[-6.37072,43.55975],[-6.37066,43.55971],[-6.37057,43.55971]]],[[[-6.38018,43.55962],[-6.38012,43.55969],[-6.38011,43.55975],[-6.38015,43.55979],[-6.38023,43.55982],[-6.3803,43.55981],[-6.38035,43.55976],[-6.38037,43.5597],[-6.38034,43.55965],[-6.38018,43.55962]]],[[[-6.44077,43.55963],[-6.44072,43.55966],[-6.44073,43.5598],[-6.44094,43.55977],[-6.44094,43.55971],[-6.44093,43.55966],[-6.44085,43.55963],[-6.44077,43.55963]]],[[[-6.41899,43.55959],[-6.4188,43.55962],[-6.41876,43.5597],[-6.41877,43.55973],[-6.41886,43.55976],[-6.41899,43.55974],[-6.41905,43.55971],[-6.41908,43.55967],[-6.41904,43.55962],[-6.41899,43.55959]]],[[[-6.43792,43.55969],[-6.43795,43.55982],[-6.43798,43.55986],[-6.43804,43.55986],[-6.43808,43.55981],[-6.43807,43.55974],[-6.43806,43.5597],[-6.43792,43.55969]]],[[[-6.40996,43.55973],[-6.40975,43.55977],[-6.40969,43.55982],[-6.40964,43.55991],[-6.40965,43.55994],[-6.40971,43.55995],[-6.40983,43.5599],[-6.40993,43.55985],[-6.40997,43.55982],[-6.40996,43.55973]]],[[[-6.44427,43.56001],[-6.44416,43.56015],[-6.44417,43.56019],[-6.44422,43.56021],[-6.44428,43.56021],[-6.44432,43.56014],[-6.44433,43.56009],[-6.44427,43.56001]]],[[[-6.44381,43.55985],[-6.44366,43.55987],[-6.44362,43.55991],[-6.44362,43.55998],[-6.44365,43.56001],[-6.44372,43.56002],[-6.44383,43.55997],[-6.44387,43.55994],[-6.44381,43.55985]]],[[[-6.44228,43.55994],[-6.44225,43.56006],[-6.44227,43.56008],[-6.44236,43.56008],[-6.44241,43.56005],[-6.44242,43.56001],[-6.44228,43.55994]]],[[[-6.39915,43.55946],[-6.39841,43.56009],[-6.3992,43.55947],[-6.39915,43.55946]]],[[[-6.39132,43.5599],[-6.39134,43.56004],[-6.3915,43.56001],[-6.3915,43.55995],[-6.39146,43.55992],[-6.39136,43.55989],[-6.39132,43.5599]]],[[[-6.38974,43.55982],[-6.38972,43.56002],[-6.38976,43.56008],[-6.38982,43.56012],[-6.38992,43.56013],[-6.39001,43.56011],[-6.39005,43.56005],[-6.39006,43.55997],[-6.39002,43.55988],[-6.38998,43.55985],[-6.38974,43.55982]]],[[[-6.39241,43.55971],[-6.39221,43.55988],[-6.39217,43.56],[-6.39214,43.56009],[-6.3921,43.56018],[-6.39211,43.56027],[-6.39214,43.56031],[-6.39219,43.56033],[-6.39227,43.56029],[-6.39235,43.56022],[-6.39241,43.56012],[-6.39245,43.56003],[-6.39249,43.55994],[-6.39251,43.55985],[-6.39249,43.55976],[-6.39246,43.55972],[-6.39241,43.55971]]],[[[-6.3943,43.5598],[-6.39413,43.55993],[-6.39423,43.56009],[-6.39429,43.56011],[-6.39438,43.56011],[-6.39447,43.56007],[-6.39451,43.56002],[-6.3945,43.55995],[-6.39444,43.55987],[-6.39435,43.55981],[-6.3943,43.5598]]],[[[-6.41097,43.55965],[-6.41083,43.55969],[-6.41075,43.55976],[-6.4107,43.55982],[-6.4107,43.5599],[-6.41074,43.55999],[-6.41082,43.56006],[-6.41088,43.56009],[-6.41094,43.56008],[-6.41101,43.56],[-6.41107,43.55992],[-6.41108,43.55982],[-6.41107,43.55974],[-6.41102,43.55968],[-6.41097,43.55965]]],[[[-6.37047,43.56004],[-6.3704,43.56005],[-6.37036,43.56009],[-6.37036,43.56015],[-6.37044,43.56022],[-6.37056,43.56018],[-6.37061,43.56014],[-6.37062,43.5601],[-6.37055,43.56005],[-6.37047,43.56004]]],[[[-6.43822,43.55999],[-6.43814,43.56005],[-6.43821,43.56014],[-6.43826,43.56016],[-6.43832,43.56015],[-6.43835,43.5601],[-6.43835,43.56005],[-6.43827,43.56],[-6.43822,43.55999]]],[[[-6.41007,43.55999],[-6.41,43.56001],[-6.40997,43.56005],[-6.40999,43.56015],[-6.41018,43.56022],[-6.41024,43.5602],[-6.41029,43.56015],[-6.41028,43.56007],[-6.41026,43.56002],[-6.41017,43.55999],[-6.41007,43.55999]]],[[[-6.4375,43.56008],[-6.4374,43.56015],[-6.43749,43.56022],[-6.43758,43.56023],[-6.43764,43.56023],[-6.43766,43.56018],[-6.43765,43.56014],[-6.43755,43.56009],[-6.4375,43.56008]]],[[[-6.44269,43.56012],[-6.44263,43.56021],[-6.44265,43.56024],[-6.44271,43.56027],[-6.44278,43.56026],[-6.44283,43.56022],[-6.44283,43.56018],[-6.44269,43.56012]]],[[[-6.39438,43.56029],[-6.39432,43.56032],[-6.39429,43.56037],[-6.39432,43.56045],[-6.39439,43.56049],[-6.3945,43.56052],[-6.39462,43.56051],[-6.39475,43.56049],[-6.39479,43.56047],[-6.39482,43.56029],[-6.39438,43.56029]]],[[[-6.44017,43.56089],[-6.44015,43.56093],[-6.44017,43.56096],[-6.44023,43.56095],[-6.44025,43.56094],[-6.44024,43.5609],[-6.44019,43.56089],[-6.44017,43.56089]]],[[[-6.39771,43.56099],[-6.3977,43.56103],[-6.39778,43.56112],[-6.39792,43.56107],[-6.39793,43.56103],[-6.39789,43.561],[-6.39777,43.56099],[-6.39771,43.56099]]],[[[-6.43927,43.56097],[-6.43922,43.56103],[-6.4392,43.56106],[-6.43923,43.56109],[-6.43929,43.56111],[-6.43935,43.5611],[-6.4394,43.56103],[-6.4394,43.561],[-6.43927,43.56097]]],[[[-6.39827,43.56101],[-6.39801,43.56105],[-6.39796,43.56111],[-6.39795,43.56118],[-6.39798,43.56122],[-6.39808,43.56124],[-6.3982,43.56122],[-6.39825,43.5612],[-6.39827,43.56101]]],[[[-6.39588,43.56172],[-6.39582,43.56181],[-6.39584,43.56187],[-6.39588,43.5619],[-6.39595,43.56191],[-6.39606,43.56186],[-6.39611,43.56182],[-6.3961,43.56176],[-6.39608,43.56173],[-6.39588,43.56172]]],[[[-6.41561,43.56176],[-6.41555,43.56179],[-6.41552,43.56183],[-6.4156,43.56191],[-6.41573,43.56184],[-6.41573,43.5618],[-6.41568,43.56176],[-6.41561,43.56176]]],[[[-6.4475,43.56109],[-6.44742,43.56111],[-6.44734,43.56118],[-6.44729,43.56127],[-6.44725,43.56136],[-6.44726,43.56146],[-6.44728,43.56152],[-6.44733,43.56156],[-6.44738,43.56157],[-6.44746,43.56149],[-6.44757,43.5613],[-6.4476,43.56121],[-6.44761,43.56115],[-6.44756,43.5611],[-6.4475,43.56109]]],[[[-6.44465,43.5611],[-6.44454,43.56113],[-6.4444,43.5613],[-6.44439,43.56134],[-6.44443,43.56137],[-6.44449,43.56136],[-6.44457,43.56128],[-6.44464,43.56121],[-6.44467,43.56113],[-6.44465,43.5611]]],[[[-6.41913,43.56132],[-6.41902,43.56137],[-6.41898,43.56143],[-6.41898,43.56147],[-6.41902,43.56149],[-6.41911,43.56148],[-6.41916,43.56143],[-6.4192,43.56138],[-6.41918,43.56133],[-6.41913,43.56132]]],[[[-6.44398,43.56135],[-6.44383,43.56141],[-6.44377,43.56145],[-6.44376,43.5615],[-6.44378,43.56153],[-6.4439,43.56155],[-6.44397,43.56152],[-6.44405,43.56146],[-6.44406,43.56142],[-6.44398,43.56135]]],[[[-6.39636,43.56139],[-6.39611,43.56148],[-6.39609,43.56155],[-6.39611,43.5616],[-6.3962,43.56164],[-6.3963,43.56165],[-6.39642,43.56163],[-6.39649,43.56158],[-6.39651,43.56154],[-6.39636,43.56139]]],[[[-6.44035,43.56153],[-6.44029,43.56155],[-6.44027,43.56161],[-6.44029,43.56164],[-6.44038,43.56168],[-6.44045,43.56168],[-6.4405,43.56166],[-6.44049,43.56154],[-6.44035,43.56153]]],[[[-6.44433,43.56032],[-6.4443,43.56034],[-6.44436,43.56041],[-6.44444,43.56039],[-6.44445,43.56034],[-6.44442,43.56031],[-6.44433,43.56032]]],[[[-6.41786,43.55894],[-6.41662,43.56068],[-6.4187,43.55994],[-6.418,43.55896],[-6.41786,43.55894]]],[[[-6.44029,43.56048],[-6.44022,43.56051],[-6.44025,43.56057],[-6.4403,43.56057],[-6.44035,43.56054],[-6.44036,43.56049],[-6.44029,43.56048]]],[[[-6.41893,43.56006],[-6.41889,43.56007],[-6.41888,43.56015],[-6.41892,43.56024],[-6.41899,43.56032],[-6.41908,43.56041],[-6.41916,43.56046],[-6.41921,43.56048],[-6.41932,43.56038],[-6.41916,43.5602],[-6.41908,43.56013],[-6.41899,43.56007],[-6.41893,43.56006]]],[[[-6.39953,43.56014],[-6.3994,43.56022],[-6.39935,43.56031],[-6.39935,43.56039],[-6.39937,43.56044],[-6.39946,43.56047],[-6.39959,43.56048],[-6.39968,43.56046],[-6.39978,43.5604],[-6.39983,43.56034],[-6.39982,43.56025],[-6.39979,43.56021],[-6.39953,43.56014]]],[[[-6.398,43.56022],[-6.39779,43.56023],[-6.39768,43.56029],[-6.39763,43.56035],[-6.39763,43.56043],[-6.39764,43.56046],[-6.39772,43.56048],[-6.39783,43.56045],[-6.39796,43.5604],[-6.39807,43.56035],[-6.39813,43.5603],[-6.39813,43.56026],[-6.398,43.56022]]],[[[-6.44034,43.5602],[-6.44026,43.56024],[-6.4402,43.56032],[-6.44019,43.56036],[-6.44025,43.56043],[-6.44041,43.56025],[-6.4404,43.56022],[-6.44034,43.5602]]],[[[-6.39868,43.56023],[-6.3985,43.56026],[-6.39846,43.56048],[-6.39848,43.56056],[-6.39848,43.56065],[-6.3985,43.5607],[-6.3986,43.56071],[-6.39871,43.56069],[-6.3988,43.56065],[-6.39888,43.56056],[-6.39892,43.56047],[-6.3989,43.5604],[-6.39883,43.56033],[-6.39874,43.56026],[-6.39868,43.56023]]],[[[-6.43999,43.56036],[-6.43992,43.56037],[-6.43982,43.56043],[-6.4398,43.56047],[-6.43988,43.5606],[-6.44001,43.56048],[-6.44006,43.56042],[-6.44005,43.56038],[-6.43999,43.56036]]],[[[-6.39567,43.5604],[-6.39549,43.56044],[-6.39541,43.5605],[-6.39537,43.56059],[-6.39536,43.56069],[-6.3954,43.56076],[-6.39546,43.5608],[-6.39554,43.56081],[-6.39567,43.56078],[-6.39576,43.56072],[-6.39579,43.5605],[-6.39577,43.56046],[-6.39567,43.5604]]],[[[-6.4402,43.56063],[-6.44014,43.56073],[-6.44015,43.56076],[-6.4402,43.56076],[-6.44025,43.56072],[-6.4402,43.56063]]],[[[-6.39788,43.5606],[-6.39777,43.56061],[-6.39773,43.56065],[-6.39769,43.56073],[-6.39771,43.56077],[-6.39787,43.56079],[-6.39808,43.56078],[-6.39813,43.56075],[-6.39812,43.56068],[-6.3981,43.56064],[-6.39801,43.56061],[-6.39788,43.5606]]],[[[-6.44434,43.56078],[-6.44424,43.56084],[-6.44416,43.56092],[-6.44412,43.56096],[-6.44413,43.56101],[-6.44416,43.56102],[-6.44427,43.56097],[-6.44435,43.56089],[-6.44439,43.56086],[-6.44434,43.56078]]],[[[-6.44185,43.56066],[-6.44178,43.56073],[-6.4418,43.56081],[-6.44184,43.56085],[-6.44191,43.56087],[-6.44199,43.56086],[-6.44205,43.5608],[-6.44205,43.56074],[-6.44203,43.56069],[-6.44185,43.56066]]],[[[-6.41838,43.5607],[-6.41832,43.56072],[-6.41829,43.56078],[-6.4183,43.56084],[-6.41839,43.56091],[-6.41849,43.56096],[-6.41854,43.56097],[-6.41865,43.56092],[-6.41863,43.56081],[-6.41854,43.56074],[-6.41847,43.56071],[-6.41838,43.5607]]],[[[-6.44025,43.56081],[-6.4402,43.56083],[-6.44021,43.56086],[-6.44023,43.56087],[-6.44029,43.56086],[-6.44029,43.56083],[-6.44025,43.56081]]],[[[-6.397,43.56079],[-6.39683,43.56097],[-6.39676,43.56101],[-6.39672,43.56108],[-6.39673,43.56114],[-6.39678,43.56117],[-6.3969,43.56117],[-6.39703,43.56113],[-6.39714,43.56108],[-6.39724,43.56102],[-6.39729,43.56097],[-6.39728,43.56091],[-6.39726,43.56086],[-6.397,43.56079]]],[[[-6.44075,43.56081],[-6.44063,43.56086],[-6.44054,43.56093],[-6.44046,43.561],[-6.44035,43.56106],[-6.44029,43.5611],[-6.44027,43.56116],[-6.44034,43.56134],[-6.44054,43.56122],[-6.44066,43.56125],[-6.44071,43.56125],[-6.44077,43.56116],[-6.44081,43.56108],[-6.44088,43.561],[-6.4409,43.56092],[-6.44087,43.56087],[-6.44081,43.56083],[-6.44075,43.56081]]],[[[-6.45212,43.56241],[-6.45198,43.56245],[-6.45199,43.56251],[-6.45201,43.56254],[-6.45211,43.56256],[-6.45219,43.56255],[-6.45223,43.56252],[-6.45222,43.56247],[-6.45212,43.56241]]],[[[-6.4517,43.56232],[-6.45158,43.56236],[-6.45158,43.56239],[-6.45166,43.56243],[-6.45173,43.56242],[-6.45177,43.5624],[-6.4517,43.56232]]],[[[-6.44484,43.56252],[-6.44476,43.56261],[-6.44478,43.56265],[-6.44484,43.56268],[-6.4449,43.56268],[-6.44494,43.56264],[-6.44493,43.56259],[-6.44484,43.56252]]],[[[-6.44391,43.56288],[-6.44388,43.56293],[-6.44388,43.56297],[-6.44393,43.56299],[-6.44399,43.56297],[-6.44403,43.56294],[-6.44402,43.5629],[-6.44391,43.56288]]],[[[-6.45284,43.56276],[-6.45276,43.56289],[-6.45271,43.56297],[-6.4527,43.56307],[-6.4527,43.56315],[-6.45275,43.56321],[-6.45282,43.56326],[-6.4529,43.56326],[-6.45294,43.56323],[-6.45299,43.56314],[-6.453,43.56305],[-6.45299,43.56296],[-6.45299,43.56286],[-6.45297,43.56281],[-6.45284,43.56276]]],[[[-6.44515,43.56261],[-6.44504,43.56265],[-6.44493,43.56275],[-6.4449,43.5628],[-6.44491,43.56284],[-6.44496,43.56285],[-6.44506,43.5628],[-6.44513,43.56272],[-6.44515,43.56265],[-6.44515,43.56261]]],[[[-6.45124,43.56267],[-6.45118,43.5627],[-6.45116,43.56278],[-6.45117,43.56281],[-6.45134,43.56282],[-6.45138,43.5627],[-6.45133,43.56267],[-6.45124,43.56267]]],[[[-6.44818,43.56246],[-6.44806,43.56247],[-6.44785,43.56265],[-6.44779,43.56273],[-6.44772,43.56282],[-6.44767,43.56288],[-6.44769,43.56296],[-6.44773,43.56302],[-6.44777,43.56305],[-6.44784,43.56303],[-6.44791,43.56295],[-6.448,43.56288],[-6.44807,43.5628],[-6.44814,43.56272],[-6.44819,43.56263],[-6.44822,43.56254],[-6.44822,43.56249],[-6.44818,43.56246]]],[[[-6.4464,43.56263],[-6.44633,43.56276],[-6.44633,43.56283],[-6.44639,43.5629],[-6.44645,43.56293],[-6.44654,43.56292],[-6.4466,43.56289],[-6.44663,43.5628],[-6.44663,43.56272],[-6.44657,43.56265],[-6.44652,43.56263],[-6.4464,43.56263]]],[[[-6.44861,43.56285],[-6.44857,43.56296],[-6.44859,43.56304],[-6.44861,43.56307],[-6.44868,43.56306],[-6.44873,43.56301],[-6.44874,43.56292],[-6.44874,43.56288],[-6.44861,43.56285]]],[[[-6.44579,43.56291],[-6.44567,43.56292],[-6.44562,43.56293],[-6.44559,43.56307],[-6.44556,43.56312],[-6.44568,43.56315],[-6.44581,43.56315],[-6.44593,43.56315],[-6.446,43.56313],[-6.44605,43.56308],[-6.44605,43.56302],[-6.44602,43.56297],[-6.44592,43.56292],[-6.44579,43.56291]]],[[[-6.45413,43.56341],[-6.45402,43.56347],[-6.45402,43.5635],[-6.45403,43.56357],[-6.45412,43.56369],[-6.45416,43.56371],[-6.45423,43.5637],[-6.45431,43.56364],[-6.45435,43.56357],[-6.45435,43.5635],[-6.45431,43.56345],[-6.45419,43.56341],[-6.45413,43.56341]]],[[[-6.40004,43.56366],[-6.39983,43.56373],[-6.39994,43.5639],[-6.40003,43.56394],[-6.4001,43.56395],[-6.40019,43.56391],[-6.40025,43.56385],[-6.40024,43.56378],[-6.4002,43.56372],[-6.4001,43.56367],[-6.40004,43.56366]]],[[[-6.45352,43.5638],[-6.45341,43.56388],[-6.45343,43.56393],[-6.45349,43.56396],[-6.45356,43.56395],[-6.45359,43.56393],[-6.45352,43.5638]]],[[[-6.45348,43.56359],[-6.45344,43.56361],[-6.45343,43.56366],[-6.45347,43.56371],[-6.45354,43.56372],[-6.45359,43.56372],[-6.45361,43.56361],[-6.45348,43.56359]]],[[[-6.45196,43.56364],[-6.45177,43.56388],[-6.45171,43.56397],[-6.45169,43.56403],[-6.4517,43.56406],[-6.45182,43.56409],[-6.45194,43.56408],[-6.45205,43.56404],[-6.45214,43.56397],[-6.45221,43.5639],[-6.45223,43.5638],[-6.45223,43.56372],[-6.45219,43.56368],[-6.45196,43.56364]]],[[[-6.45605,43.56445],[-6.45601,43.56452],[-6.45603,43.56455],[-6.45606,43.56462],[-6.45611,43.56465],[-6.45616,43.56466],[-6.45621,43.56462],[-6.45619,43.56453],[-6.45616,43.56449],[-6.45605,43.56445]]],[[[-6.45438,43.56396],[-6.45431,43.56401],[-6.45413,43.56421],[-6.45409,43.5643],[-6.45408,43.56433],[-6.45414,43.56436],[-6.45421,43.56434],[-6.45429,43.56427],[-6.45437,43.56419],[-6.45444,43.56412],[-6.45447,43.56407],[-6.45438,43.56396]]],[[[-6.44352,43.56322],[-6.44335,43.56339],[-6.44335,43.56347],[-6.44338,43.56353],[-6.44345,43.56357],[-6.44353,43.56357],[-6.44364,43.56353],[-6.44372,43.56345],[-6.44375,43.5634],[-6.44374,43.56331],[-6.44371,43.56326],[-6.44352,43.56322]]],[[[-6.4524,43.56337],[-6.45235,43.56342],[-6.45236,43.56346],[-6.4524,43.56349],[-6.45246,43.56347],[-6.45249,43.56345],[-6.4524,43.56337]]],[[[-6.45133,43.56316],[-6.45123,43.56318],[-6.45116,43.56323],[-6.45114,43.56327],[-6.45122,43.56338],[-6.45139,43.56333],[-6.45145,43.56327],[-6.45144,43.56321],[-6.45142,43.56317],[-6.45133,43.56316]]],[[[-6.444,43.56316],[-6.44396,43.56333],[-6.444,43.56338],[-6.44405,43.5634],[-6.44411,43.56338],[-6.44415,43.56331],[-6.44414,43.56327],[-6.444,43.56316]]],[[[-6.44484,43.56332],[-6.44376,43.56414],[-6.44485,43.56334],[-6.44484,43.56332]]],[[[-6.44527,43.56347],[-6.44511,43.56348],[-6.44497,43.56357],[-6.44492,43.5636],[-6.4449,43.56366],[-6.44492,43.56368],[-6.44504,43.56366],[-6.44514,43.56361],[-6.44524,43.56356],[-6.44527,43.5635],[-6.44527,43.56347]]],[[[-6.45092,43.56349],[-6.45079,43.56359],[-6.45083,43.56363],[-6.45093,43.56365],[-6.451,43.56363],[-6.45105,43.56359],[-6.45104,43.56355],[-6.45092,43.56349]]],[[[-6.45631,43.56513],[-6.45619,43.56516],[-6.4562,43.56522],[-6.45627,43.56523],[-6.45633,43.56521],[-6.45634,43.56516],[-6.45631,43.56513]]],[[[-6.45613,43.56506],[-6.45604,43.56511],[-6.4561,43.56515],[-6.45614,43.56514],[-6.45615,43.56508],[-6.45613,43.56506]]],[[[-6.45514,43.56502],[-6.45502,43.56505],[-6.45506,43.56518],[-6.45509,43.56521],[-6.45517,43.56521],[-6.45525,43.56518],[-6.45529,43.56514],[-6.45528,43.56508],[-6.45523,43.56504],[-6.45514,43.56502]]],[[[-6.60555,43.56557],[-6.60541,43.56559],[-6.60564,43.5657],[-6.60575,43.56576],[-6.60586,43.5658],[-6.60595,43.56584],[-6.60604,43.56584],[-6.60607,43.56582],[-6.60606,43.56577],[-6.60597,43.5657],[-6.60585,43.56566],[-6.60574,43.56562],[-6.60561,43.56558],[-6.60555,43.56557]]],[[[-6.39902,43.56582],[-6.3988,43.56585],[-6.39882,43.56616],[-6.39881,43.56625],[-6.39882,43.5663],[-6.39889,43.56632],[-6.39897,43.56631],[-6.39908,43.56626],[-6.39916,43.56618],[-6.39923,43.5661],[-6.39927,43.56601],[-6.39928,43.56595],[-6.39922,43.56588],[-6.39913,43.56584],[-6.39902,43.56582]]],[[[-6.45978,43.56658],[-6.45968,43.56661],[-6.45958,43.56667],[-6.45948,43.56674],[-6.45944,43.56678],[-6.45943,43.56685],[-6.45946,43.56688],[-6.45956,43.56689],[-6.45966,43.56686],[-6.4598,43.56684],[-6.45986,43.56683],[-6.46005,43.56668],[-6.45987,43.56658],[-6.45978,43.56658]]],[[[-6.46015,43.56704],[-6.46006,43.56708],[-6.4598,43.56733],[-6.45978,43.5674],[-6.4598,43.56744],[-6.45985,43.56746],[-6.45997,43.56742],[-6.46007,43.56738],[-6.46014,43.5673],[-6.46019,43.56722],[-6.46024,43.56715],[-6.46023,43.56708],[-6.46021,43.56705],[-6.46015,43.56704]]],[[[-6.39915,43.56468],[-6.39858,43.5655],[-6.39929,43.56467],[-6.39915,43.56468]]],[[[-6.4547,43.56508],[-6.45467,43.56525],[-6.45461,43.56534],[-6.45456,43.56543],[-6.45455,43.56548],[-6.45459,43.56552],[-6.45466,43.56551],[-6.45477,43.56545],[-6.45484,43.56537],[-6.45489,43.56529],[-6.45491,43.5652],[-6.45491,43.56511],[-6.45488,43.56508],[-6.4547,43.56508]]],[[[-6.45618,43.5653],[-6.45605,43.56532],[-6.45605,43.56536],[-6.45605,43.56539],[-6.45614,43.5654],[-6.4562,43.56537],[-6.45621,43.56532],[-6.45618,43.5653]]],[[[-6.45576,43.56552],[-6.45575,43.56556],[-6.45578,43.5656],[-6.45582,43.56561],[-6.45585,43.56552],[-6.45576,43.56552]]],[[[-6.45635,43.56554],[-6.45622,43.56558],[-6.45623,43.56563],[-6.4563,43.56565],[-6.45636,43.56565],[-6.4564,43.56563],[-6.45635,43.56554]]],[[[-6.40042,43.56532],[-6.40093,43.56603],[-6.40051,43.56532],[-6.40042,43.56532]]],[[[-6.47319,43.5705],[-6.47283,43.57062],[-6.47284,43.57078],[-6.47294,43.57082],[-6.47307,43.57084],[-6.47319,43.57085],[-6.4733,43.57086],[-6.47342,43.5709],[-6.47352,43.57095],[-6.47362,43.57097],[-6.47371,43.57096],[-6.47375,43.57093],[-6.47377,43.57084],[-6.47377,43.57078],[-6.47369,43.5707],[-6.47359,43.57065],[-6.47349,43.5706],[-6.47337,43.57055],[-6.47326,43.57051],[-6.47319,43.5705]]],[[[-6.47212,43.57071],[-6.47291,43.57109],[-6.47218,43.57072],[-6.47212,43.57071]]],[[[-6.4624,43.5696],[-6.46218,43.56973],[-6.46219,43.56979],[-6.46222,43.56981],[-6.46232,43.56981],[-6.46243,43.56976],[-6.46252,43.56972],[-6.46255,43.56967],[-6.46255,43.56963],[-6.46247,43.5696],[-6.4624,43.5696]]],[[[-6.4618,43.56973],[-6.46148,43.57065],[-6.46191,43.56974],[-6.4618,43.56973]]],[[[-6.47565,43.56409],[-6.47549,43.56422],[-6.47544,43.56431],[-6.47545,43.5644],[-6.47548,43.56449],[-6.47554,43.56456],[-6.47565,43.56463],[-6.47575,43.56467],[-6.47588,43.56468],[-6.47601,43.56466],[-6.47612,43.56461],[-6.47621,43.56455],[-6.47627,43.56448],[-6.47628,43.56439],[-6.47626,43.56433],[-6.47617,43.56427],[-6.47607,43.56422],[-6.47599,43.56417],[-6.47565,43.56409]]],[[[-6.45581,43.56481],[-6.45576,43.56482],[-6.45569,43.56491],[-6.45594,43.56497],[-6.45602,43.56497],[-6.45608,43.56494],[-6.45608,43.56489],[-6.45606,43.56484],[-6.45593,43.56481],[-6.45581,43.56481]]],[[[-6.45556,43.56453],[-6.45545,43.56463],[-6.45542,43.56469],[-6.45541,43.56473],[-6.45547,43.56474],[-6.45553,43.56473],[-6.4556,43.56466],[-6.45562,43.56461],[-6.45556,43.56453]]],[[[-6.45584,43.56458],[-6.4558,43.56461],[-6.45589,43.56469],[-6.45597,43.56464],[-6.45597,43.5646],[-6.45591,43.56458],[-6.45584,43.56458]]],[[[-6.45574,43.56465],[-6.45569,43.56469],[-6.45568,43.56473],[-6.45577,43.5648],[-6.45583,43.56473],[-6.45584,43.56469],[-6.45581,43.56465],[-6.45574,43.56465]]],[[[-6.45421,43.56495],[-6.45399,43.56507],[-6.45396,43.56514],[-6.45396,43.56518],[-6.454,43.56521],[-6.45412,43.56519],[-6.45423,43.56514],[-6.45433,43.56508],[-6.45435,43.56506],[-6.45421,43.56495]]],[[[-6.40002,43.56492],[-6.39936,43.56569],[-6.40012,43.56492],[-6.40002,43.56492]]],[[[-6.45175,43.56212],[-6.45163,43.56214],[-6.45161,43.56217],[-6.45157,43.56221],[-6.45159,43.56225],[-6.45165,43.56227],[-6.45172,43.56225],[-6.45177,43.56222],[-6.45177,43.56214],[-6.45175,43.56212]]],[[[-6.44747,43.56209],[-6.44738,43.56227],[-6.44739,43.5623],[-6.44746,43.5623],[-6.44754,43.56224],[-6.44758,43.56216],[-6.44758,43.56213],[-6.44747,43.56209]]],[[[-6.44498,43.56214],[-6.44485,43.56216],[-6.44478,43.56226],[-6.44479,43.5623],[-6.44486,43.56234],[-6.44498,43.56233],[-6.44507,43.56233],[-6.44517,43.56238],[-6.44527,43.56241],[-6.44533,43.56242],[-6.44537,43.56239],[-6.44537,43.56234],[-6.44527,43.56227],[-6.44516,43.56222],[-6.44506,43.56217],[-6.44498,43.56214]]]]}},{"type":"Feature","id":"es-as-concejo-33031","properties":{"id":"es-as-concejo-33031","slug":"langreo","name":"Langreo","localName":"Llangréu","aliases":["Llangréu"],"kind":"municipality","boundaryStatus":"official","parentId":"es-as","population":null,"areaKm2":83.6,"density":null,"referenceYear":null,"sourceId":"sitpa-administrative-units","bbox":[-5.77379,43.22873,-5.61521,43.34597],"center":[-5.6945,43.28735]},"geometry":{"type":"Polygon","coordinates":[[[-5.70495,43.34397],[-5.71057,43.34597],[-5.71592,43.34325],[-5.72056,43.34315],[-5.72153,43.34063],[-5.73266,43.33731],[-5.73452,43.33489],[-5.74707,43.33605],[-5.75057,43.33874],[-5.75513,43.33341],[-5.75494,43.33089],[-5.75783,43.32884],[-5.75849,43.32506],[-5.75619,43.31855],[-5.75809,43.31473],[-5.76013,43.3136],[-5.75937,43.31261],[-5.7609,43.30968],[-5.7633,43.30694],[-5.76725,43.30621],[-5.77364,43.30205],[-5.77379,43.29594],[-5.77094,43.2881],[-5.7578,43.28656],[-5.75021,43.28914],[-5.74466,43.28389],[-5.74162,43.27886],[-5.73504,43.2776],[-5.73187,43.27496],[-5.72227,43.27724],[-5.71405,43.27722],[-5.70169,43.27211],[-5.69509,43.2661],[-5.69196,43.2651],[-5.69259,43.26172],[-5.68878,43.25494],[-5.6886,43.24333],[-5.68961,43.24073],[-5.69487,43.23975],[-5.69547,43.23484],[-5.69435,43.23244],[-5.67967,43.22873],[-5.67627,43.22983],[-5.67232,43.22887],[-5.66488,43.23097],[-5.65528,43.22902],[-5.65424,43.2362],[-5.65618,43.23981],[-5.65195,43.25031],[-5.64827,43.25419],[-5.6498,43.25538],[-5.64971,43.2572],[-5.64329,43.26142],[-5.64511,43.26363],[-5.64353,43.26453],[-5.64768,43.26583],[-5.64478,43.26842],[-5.6457,43.26965],[-5.64495,43.27053],[-5.64766,43.27669],[-5.64772,43.28221],[-5.65017,43.28659],[-5.65562,43.28931],[-5.66691,43.29041],[-5.64577,43.30632],[-5.64284,43.30575],[-5.63948,43.3079],[-5.63103,43.30861],[-5.62649,43.31088],[-5.61845,43.3104],[-5.61521,43.3198],[-5.61815,43.32463],[-5.6461,43.33176],[-5.64923,43.33459],[-5.65053,43.3344],[-5.65147,43.33744],[-5.65726,43.34109],[-5.66397,43.34104],[-5.68283,43.33129],[-5.70228,43.33529],[-5.70345,43.34139],[-5.70495,43.34397]]]}},{"type":"Feature","id":"es-as-concejo-33032","properties":{"id":"es-as-concejo-33032","slug":"laviana","name":"Laviana","localName":"Llaviana","aliases":["Llaviana"],"kind":"municipality","boundaryStatus":"official","parentId":"es-as","population":null,"areaKm2":131.1,"density":null,"referenceYear":null,"sourceId":"sitpa-administrative-units","bbox":[-5.63154,43.16105,-5.46359,43.30336],"center":[-5.5475650000000005,43.232205]},"geometry":{"type":"Polygon","coordinates":[[[-5.63154,43.19297],[-5.62698,43.19108],[-5.62744,43.18715],[-5.62556,43.1856],[-5.61305,43.18271],[-5.6055,43.1795],[-5.59844,43.17889],[-5.58929,43.17457],[-5.58555,43.16949],[-5.58145,43.16708],[-5.56849,43.17221],[-5.56548,43.17456],[-5.56116,43.1752],[-5.5584,43.17032],[-5.5543,43.16846],[-5.53719,43.16675],[-5.53647,43.16474],[-5.5339,43.16378],[-5.52289,43.16357],[-5.51936,43.16105],[-5.51831,43.16314],[-5.50643,43.16409],[-5.50703,43.16783],[-5.50423,43.18001],[-5.50589,43.18432],[-5.50234,43.18888],[-5.50365,43.19414],[-5.50172,43.19765],[-5.49376,43.19917],[-5.48791,43.20258],[-5.48594,43.21052],[-5.48668,43.21716],[-5.48395,43.21923],[-5.4798,43.22002],[-5.48184,43.22573],[-5.48044,43.23216],[-5.47578,43.23258],[-5.47317,43.23513],[-5.47367,43.24194],[-5.47045,43.24558],[-5.47226,43.25308],[-5.47701,43.25475],[-5.47364,43.2568],[-5.46418,43.25592],[-5.46665,43.26141],[-5.46359,43.26592],[-5.46632,43.26956],[-5.47558,43.27237],[-5.48154,43.27618],[-5.49169,43.27641],[-5.49325,43.27859],[-5.49701,43.27968],[-5.49953,43.27948],[-5.49912,43.278],[-5.50137,43.27656],[-5.5031,43.2848],[-5.50926,43.299],[-5.50749,43.30167],[-5.50999,43.30336],[-5.52923,43.29987],[-5.52775,43.29411],[-5.53203,43.29399],[-5.53947,43.29639],[-5.54594,43.29427],[-5.54773,43.29509],[-5.55295,43.29397],[-5.56032,43.29124],[-5.56474,43.28767],[-5.56735,43.28324],[-5.57745,43.27503],[-5.5809,43.26651],[-5.5801,43.2649],[-5.5871,43.25659],[-5.58738,43.25236],[-5.5943,43.24863],[-5.59585,43.24518],[-5.5939,43.24298],[-5.59543,43.23537],[-5.60749,43.23401],[-5.61335,43.2348],[-5.61408,43.23244],[-5.62013,43.22943],[-5.62127,43.22671],[-5.62887,43.22071],[-5.62735,43.21096],[-5.62549,43.2072],[-5.62779,43.19892],[-5.62704,43.19715],[-5.63087,43.19407],[-5.63154,43.19297]]]}},{"type":"Feature","id":"es-as-concejo-33033","properties":{"id":"es-as-concejo-33033","slug":"lena","name":"Lena","localName":"Llena","aliases":["Llena"],"kind":"municipality","boundaryStatus":"official","parentId":"es-as","population":null,"areaKm2":318.4,"density":null,"referenceYear":null,"sourceId":"sitpa-administrative-units","bbox":[-5.95986,42.96262,-5.68754,43.20349],"center":[-5.8237000000000005,43.083055]},"geometry":{"type":"Polygon","coordinates":[[[-5.81689,43.2016],[-5.83694,43.20349],[-5.84104,43.20246],[-5.84368,43.19823],[-5.85895,43.19812],[-5.86764,43.19193],[-5.86732,43.18858],[-5.87646,43.17857],[-5.87687,43.17598],[-5.88203,43.17003],[-5.88295,43.16705],[-5.88885,43.16745],[-5.89556,43.16367],[-5.90613,43.16115],[-5.9055,43.1559],[-5.90835,43.14939],[-5.90587,43.14366],[-5.90262,43.13882],[-5.90102,43.13306],[-5.89898,43.13201],[-5.89809,43.13361],[-5.8942,43.12822],[-5.88989,43.1249],[-5.88926,43.11882],[-5.88656,43.11576],[-5.8864,43.11282],[-5.88385,43.11034],[-5.88358,43.10383],[-5.88648,43.10101],[-5.8883,43.09603],[-5.88068,43.08662],[-5.8815,43.08184],[-5.88624,43.07876],[-5.88052,43.07436],[-5.88461,43.06696],[-5.88343,43.06119],[-5.88002,43.0597],[-5.88245,43.05446],[-5.88885,43.05212],[-5.89767,43.05212],[-5.90437,43.05047],[-5.90629,43.05171],[-5.90909,43.05031],[-5.9138,43.05328],[-5.91409,43.05558],[-5.91636,43.05409],[-5.91808,43.05775],[-5.92187,43.0587],[-5.92329,43.05708],[-5.92614,43.05713],[-5.92812,43.05379],[-5.92542,43.04986],[-5.92681,43.04663],[-5.93576,43.04319],[-5.93775,43.03466],[-5.94231,43.03266],[-5.94726,43.03257],[-5.95316,43.02902],[-5.95986,43.02918],[-5.95653,43.01763],[-5.94306,43.0143],[-5.93843,43.01127],[-5.93345,43.01072],[-5.93325,43.00858],[-5.93132,43.00788],[-5.93135,43.00595],[-5.92963,43.00497],[-5.92527,43.00579],[-5.92543,43.00402],[-5.91826,43.00192],[-5.91327,42.99766],[-5.91275,42.99242],[-5.90472,42.99037],[-5.88719,42.99409],[-5.89191,42.9892],[-5.89204,42.98503],[-5.88849,42.97919],[-5.87968,42.98111],[-5.87329,42.97939],[-5.86173,42.98169],[-5.86192,42.97958],[-5.85495,42.9752],[-5.85418,42.97271],[-5.85048,42.97006],[-5.85002,42.96746],[-5.84298,42.96426],[-5.83972,42.9662],[-5.83447,42.96563],[-5.82371,42.96771],[-5.81951,42.96627],[-5.80927,42.9657],[-5.80401,42.96262],[-5.8009,42.9652],[-5.79015,42.96796],[-5.77901,42.96702],[-5.76441,42.96976],[-5.76028,42.97267],[-5.76346,42.9755],[-5.76466,42.97985],[-5.76404,42.98205],[-5.76641,42.98588],[-5.76065,42.99008],[-5.75926,42.99886],[-5.75015,43.00612],[-5.74919,43.00903],[-5.75024,43.01247],[-5.74826,43.01726],[-5.74406,43.02048],[-5.74015,43.02051],[-5.73543,43.02302],[-5.7366,43.02524],[-5.73484,43.03304],[-5.72909,43.0377],[-5.72826,43.04249],[-5.72132,43.04257],[-5.71044,43.04893],[-5.70275,43.05075],[-5.6931,43.05634],[-5.68838,43.05687],[-5.68754,43.06659],[-5.69011,43.07062],[-5.69421,43.07217],[-5.69918,43.07936],[-5.70285,43.08714],[-5.70313,43.09211],[-5.72035,43.10029],[-5.73267,43.10785],[-5.73952,43.10962],[-5.74366,43.1132],[-5.76009,43.11804],[-5.7647,43.12819],[-5.76727,43.13793],[-5.77718,43.14173],[-5.77939,43.1459],[-5.7894,43.15524],[-5.79003,43.163],[-5.77144,43.18111],[-5.77795,43.19055],[-5.78461,43.1911],[-5.78717,43.19339],[-5.79332,43.18897],[-5.79775,43.18756],[-5.8051,43.19488],[-5.81689,43.2016]]]}},{"type":"Feature","id":"es-as-concejo-33035","properties":{"id":"es-as-concejo-33035","slug":"llanera","name":"Llanera","localName":"Llanera","aliases":[],"kind":"municipality","boundaryStatus":"official","parentId":"es-as","population":null,"areaKm2":105.5,"density":null,"referenceYear":null,"sourceId":"sitpa-administrative-units","bbox":[-5.96848,43.40847,-5.7567,43.5023],"center":[-5.86259,43.455385]},"geometry":{"type":"Polygon","coordinates":[[[-5.90625,43.5023],[-5.91045,43.49912],[-5.91642,43.49816],[-5.93657,43.48905],[-5.94059,43.49229],[-5.94327,43.49141],[-5.95092,43.48695],[-5.95397,43.48641],[-5.95425,43.48296],[-5.95627,43.4799],[-5.96054,43.47658],[-5.96848,43.4744],[-5.96682,43.47193],[-5.95786,43.4707],[-5.94772,43.46754],[-5.94278,43.46347],[-5.94026,43.45966],[-5.94347,43.45719],[-5.94431,43.4542],[-5.94048,43.44439],[-5.93412,43.44106],[-5.92768,43.4418],[-5.91803,43.43558],[-5.91932,43.43118],[-5.9218,43.4308],[-5.92261,43.4294],[-5.92005,43.4249],[-5.9161,43.42375],[-5.90936,43.41756],[-5.90824,43.41784],[-5.90816,43.41583],[-5.90336,43.41763],[-5.89605,43.41607],[-5.89179,43.41885],[-5.88862,43.41885],[-5.88571,43.41634],[-5.88833,43.41295],[-5.88798,43.41154],[-5.88607,43.40848],[-5.88369,43.4085],[-5.88116,43.41123],[-5.88176,43.41496],[-5.8761,43.42089],[-5.87684,43.4225],[-5.8818,43.42453],[-5.88189,43.42605],[-5.87586,43.42747],[-5.87482,43.42734],[-5.87328,43.42346],[-5.86971,43.42133],[-5.86101,43.42004],[-5.86152,43.4183],[-5.868,43.41412],[-5.86829,43.41206],[-5.86584,43.40948],[-5.86418,43.4096],[-5.86216,43.41405],[-5.85829,43.4116],[-5.85672,43.40847],[-5.84788,43.40848],[-5.84536,43.41],[-5.84598,43.41304],[-5.84398,43.41422],[-5.84128,43.41154],[-5.84217,43.40941],[-5.84116,43.40901],[-5.83558,43.41007],[-5.83102,43.41507],[-5.82592,43.41579],[-5.82152,43.41503],[-5.82097,43.41394],[-5.81927,43.4146],[-5.81795,43.41335],[-5.8108,43.41613],[-5.8097,43.41586],[-5.81068,43.41482],[-5.80903,43.414],[-5.81031,43.41317],[-5.80909,43.41213],[-5.80409,43.41164],[-5.80376,43.41266],[-5.80111,43.41162],[-5.79154,43.42031],[-5.78803,43.42893],[-5.78123,43.42983],[-5.77874,43.42833],[-5.77365,43.43681],[-5.76656,43.43763],[-5.76471,43.44117],[-5.75808,43.44559],[-5.7567,43.45242],[-5.75872,43.45593],[-5.76592,43.46138],[-5.77966,43.4633],[-5.78713,43.47085],[-5.78716,43.47608],[-5.79033,43.47513],[-5.79766,43.48029],[-5.80127,43.48009],[-5.80171,43.48181],[-5.80376,43.48263],[-5.80359,43.48516],[-5.81121,43.48583],[-5.81114,43.49038],[-5.81767,43.49132],[-5.8219,43.48403],[-5.829,43.47984],[-5.8359,43.48437],[-5.84033,43.48537],[-5.84531,43.48223],[-5.85005,43.48156],[-5.85341,43.47839],[-5.87568,43.48661],[-5.88726,43.49239],[-5.8991,43.49393],[-5.90625,43.5023]]]}},{"type":"Feature","id":"es-as-concejo-33036","properties":{"id":"es-as-concejo-33036","slug":"llanes","name":"Llanes","localName":"Llanes","aliases":[],"kind":"municipality","boundaryStatus":"official","parentId":"es-as","population":null,"areaKm2":262.9,"density":null,"referenceYear":null,"sourceId":"sitpa-administrative-units","bbox":[-5.03024,43.34924,-4.57674,43.4624],"center":[-4.80349,43.405820000000006]},"geometry":{"type":"MultiPolygon","coordinates":[[[[-5.03024,43.40674],[-5.02574,43.39912],[-5.00954,43.39647],[-5.01178,43.39519],[-5.00942,43.39204],[-5.00922,43.38722],[-5.01212,43.38368],[-5.00666,43.37878],[-4.99429,43.37626],[-4.98984,43.37308],[-4.9906,43.37202],[-4.98898,43.36998],[-4.98897,43.36763],[-4.98564,43.36558],[-4.97819,43.36521],[-4.96506,43.36699],[-4.95856,43.36607],[-4.9567,43.36342],[-4.95153,43.36106],[-4.94174,43.35926],[-4.9374,43.35689],[-4.93423,43.358],[-4.93241,43.35382],[-4.93001,43.3531],[-4.92705,43.35284],[-4.91556,43.35804],[-4.90674,43.35212],[-4.89578,43.35339],[-4.893,43.35726],[-4.89456,43.36075],[-4.88509,43.35825],[-4.86528,43.35777],[-4.85426,43.36169],[-4.85237,43.36487],[-4.8398,43.36231],[-4.83145,43.35785],[-4.82061,43.35489],[-4.80762,43.35585],[-4.78975,43.35318],[-4.77834,43.36212],[-4.7377,43.36273],[-4.72938,43.36441],[-4.72394,43.36369],[-4.7112,43.36513],[-4.7018,43.36358],[-4.70227,43.36134],[-4.69496,43.35892],[-4.67846,43.35777],[-4.67556,43.35625],[-4.67462,43.35357],[-4.66785,43.3527],[-4.66238,43.35375],[-4.6377,43.34971],[-4.62194,43.34924],[-4.61643,43.35043],[-4.62648,43.35067],[-4.61998,43.36264],[-4.62292,43.36517],[-4.62279,43.36858],[-4.61633,43.36693],[-4.61525,43.37056],[-4.61797,43.37131],[-4.61834,43.37292],[-4.61034,43.37479],[-4.60578,43.37248],[-4.60195,43.37499],[-4.6009,43.37296],[-4.59642,43.37325],[-4.59386,43.37523],[-4.59491,43.37713],[-4.59257,43.37943],[-4.59297,43.38061],[-4.58926,43.38208],[-4.58944,43.38932],[-4.58415,43.39011],[-4.58253,43.39162],[-4.58069,43.39117],[-4.57674,43.39575],[-4.57824,43.39567],[-4.57802,43.39809],[-4.5819,43.39945],[-4.59212,43.39687],[-4.60087,43.39653],[-4.60452,43.39754],[-4.60576,43.39608],[-4.6062,43.39734],[-4.61323,43.39769],[-4.6142,43.39701],[-4.61291,43.39679],[-4.61895,43.39524],[-4.61834,43.39861],[-4.62694,43.3976],[-4.63026,43.39857],[-4.63091,43.40027],[-4.63631,43.40041],[-4.64207,43.40267],[-4.65297,43.40054],[-4.65809,43.40183],[-4.65866,43.40309],[-4.6659,43.40637],[-4.68087,43.40923],[-4.69133,43.40791],[-4.69544,43.40872],[-4.69931,43.40479],[-4.6991,43.40649],[-4.69598,43.40897],[-4.69762,43.40938],[-4.69605,43.41017],[-4.69838,43.41256],[-4.70759,43.41039],[-4.70971,43.41239],[-4.71304,43.41156],[-4.71435,43.41293],[-4.71327,43.41508],[-4.71879,43.41644],[-4.72,43.41538],[-4.72342,43.41571],[-4.72251,43.41692],[-4.7244,43.41861],[-4.72738,43.41781],[-4.72793,43.41594],[-4.73218,43.41646],[-4.73254,43.41804],[-4.73461,43.41819],[-4.73616,43.41767],[-4.7358,43.41589],[-4.73877,43.4166],[-4.74021,43.41501],[-4.74218,43.4183],[-4.74422,43.41659],[-4.74524,43.41939],[-4.74712,43.41859],[-4.74822,43.41917],[-4.74731,43.42044],[-4.75182,43.42064],[-4.74663,43.42179],[-4.75002,43.42157],[-4.75272,43.42275],[-4.7503,43.42306],[-4.75821,43.42569],[-4.76475,43.42591],[-4.76614,43.42708],[-4.76609,43.4293],[-4.76804,43.42837],[-4.76974,43.43001],[-4.77955,43.43025],[-4.78563,43.43172],[-4.78591,43.43046],[-4.78398,43.42928],[-4.78581,43.42588],[-4.78513,43.42799],[-4.78673,43.43203],[-4.79227,43.43246],[-4.79233,43.43084],[-4.80471,43.43331],[-4.80808,43.43153],[-4.8083,43.433],[-4.80969,43.43313],[-4.80761,43.43446],[-4.81518,43.43583],[-4.81305,43.43956],[-4.81743,43.43992],[-4.81555,43.43827],[-4.8175,43.43776],[-4.81744,43.43587],[-4.81994,43.43735],[-4.82281,43.43569],[-4.83322,43.43981],[-4.83354,43.437],[-4.83577,43.43526],[-4.83218,43.43379],[-4.83684,43.43337],[-4.83536,43.43432],[-4.8375,43.43612],[-4.83447,43.43704],[-4.83457,43.43887],[-4.83556,43.44089],[-4.83856,43.44008],[-4.8397,43.44093],[-4.84068,43.44348],[-4.83929,43.44657],[-4.84272,43.44669],[-4.84259,43.44481],[-4.84637,43.44561],[-4.84987,43.44471],[-4.84866,43.4431],[-4.85084,43.44188],[-4.8549,43.44242],[-4.85589,43.44463],[-4.85441,43.44514],[-4.85478,43.44632],[-4.86069,43.44439],[-4.86295,43.44591],[-4.86328,43.44367],[-4.87474,43.44161],[-4.87622,43.44263],[-4.87488,43.443],[-4.87983,43.44543],[-4.8795,43.44666],[-4.88435,43.44689],[-4.88421,43.44844],[-4.89943,43.44911],[-4.89672,43.45076],[-4.89955,43.45198],[-4.90483,43.4518],[-4.906,43.45287],[-4.90447,43.45394],[-4.90691,43.45433],[-4.90682,43.45289],[-4.91019,43.45202],[-4.91585,43.45429],[-4.91634,43.45738],[-4.92356,43.45716],[-4.92493,43.45775],[-4.92479,43.45905],[-4.92565,43.4583],[-4.928,43.45948],[-4.9272,43.46007],[-4.92851,43.46055],[-4.92615,43.4624],[-4.93049,43.46182],[-4.93545,43.45885],[-4.93636,43.45698],[-4.9372,43.45728],[-4.9364,43.45971],[-4.94485,43.45886],[-4.94193,43.46045],[-4.9462,43.46117],[-4.95105,43.45999],[-4.95208,43.46094],[-4.95552,43.45948],[-4.95632,43.46014],[-4.95537,43.46146],[-4.96094,43.46041],[-4.9751,43.46227],[-4.97714,43.46122],[-4.98081,43.45833],[-4.98161,43.45502],[-4.98405,43.45408],[-4.98311,43.45326],[-4.98374,43.44957],[-4.98598,43.44924],[-4.98307,43.44579],[-4.98525,43.44277],[-4.98526,43.44028],[-4.99473,43.43551],[-4.99083,43.42334],[-5.00085,43.42192],[-5.00383,43.42256],[-5.00714,43.42067],[-5.01849,43.41906],[-5.02058,43.41616],[-5.01906,43.41472],[-5.01854,43.40948],[-5.02905,43.40733],[-5.03024,43.40674]]],[[[-4.61534,43.39666],[-4.61477,43.39684],[-4.61517,43.39703],[-4.6153,43.39705],[-4.61536,43.39705],[-4.61544,43.39697],[-4.61548,43.39689],[-4.61548,43.3968],[-4.61545,43.39672],[-4.61541,43.39668],[-4.61534,43.39666]]],[[[-4.62549,43.39897],[-4.62533,43.39899],[-4.62527,43.39901],[-4.62523,43.3991],[-4.62523,43.39916],[-4.62528,43.39922],[-4.6254,43.39926],[-4.62553,43.39927],[-4.62564,43.39926],[-4.62574,43.39921],[-4.62579,43.39916],[-4.62579,43.3991],[-4.62576,43.39905],[-4.62549,43.39897]]],[[[-4.62935,43.39896],[-4.62928,43.39897],[-4.62923,43.39899],[-4.62923,43.39907],[-4.62939,43.39933],[-4.62955,43.39936],[-4.62965,43.3993],[-4.62969,43.39922],[-4.62972,43.39916],[-4.62968,43.39909],[-4.62959,43.39902],[-4.62948,43.39897],[-4.62935,43.39896]]],[[[-4.62868,43.39918],[-4.6284,43.39926],[-4.62834,43.39938],[-4.62836,43.39941],[-4.62848,43.39944],[-4.62873,43.39941],[-4.62897,43.39937],[-4.62916,43.39928],[-4.6292,43.39925],[-4.62917,43.3992],[-4.62906,43.39918],[-4.6288,43.39918],[-4.62868,43.39918]]],[[[-4.62837,43.39954],[-4.62822,43.39961],[-4.62819,43.39967],[-4.62819,43.39973],[-4.62825,43.39977],[-4.62836,43.3998],[-4.6285,43.3998],[-4.62862,43.3998],[-4.62874,43.39978],[-4.62884,43.39973],[-4.6289,43.39968],[-4.62891,43.39963],[-4.62886,43.39957],[-4.62874,43.39954],[-4.62837,43.39954]]],[[[-4.62336,43.40209],[-4.62324,43.40221],[-4.6233,43.40228],[-4.6234,43.40234],[-4.6235,43.40239],[-4.624,43.40251],[-4.62412,43.40251],[-4.62423,43.40248],[-4.6244,43.40237],[-4.62461,43.40233],[-4.62464,43.4023],[-4.62459,43.40225],[-4.62447,43.4022],[-4.62436,43.40218],[-4.62336,43.40209]]],[[[-4.64203,43.40433],[-4.64198,43.40435],[-4.64198,43.40444],[-4.64202,43.40452],[-4.64209,43.4046],[-4.64219,43.40466],[-4.6423,43.4047],[-4.64244,43.40472],[-4.64254,43.40471],[-4.6426,43.40468],[-4.64263,43.40464],[-4.64259,43.40456],[-4.64251,43.4045],[-4.64218,43.40435],[-4.64203,43.40433]]],[[[-4.7093,43.41482],[-4.70813,43.41576],[-4.70944,43.41482],[-4.7093,43.41482]]],[[[-4.73923,43.41659],[-4.73916,43.4166],[-4.73911,43.41664],[-4.7391,43.41675],[-4.73909,43.41685],[-4.73916,43.41686],[-4.73924,43.41689],[-4.73929,43.41688],[-4.73936,43.4168],[-4.73937,43.41675],[-4.73938,43.41672],[-4.73937,43.41666],[-4.73932,43.41661],[-4.73923,43.41659]]],[[[-4.72926,43.41654],[-4.72821,43.41703],[-4.72938,43.41654],[-4.72926,43.41654]]],[[[-4.72964,43.41729],[-4.72885,43.41772],[-4.72989,43.4173],[-4.72964,43.41729]]],[[[-4.73743,43.41673],[-4.73838,43.41783],[-4.73752,43.41675],[-4.73743,43.41673]]],[[[-4.74409,43.41778],[-4.744,43.41783],[-4.74397,43.41787],[-4.74407,43.41808],[-4.74423,43.41811],[-4.74429,43.41808],[-4.74432,43.41801],[-4.7443,43.41793],[-4.74423,43.41785],[-4.74416,43.41779],[-4.74409,43.41778]]],[[[-4.73082,43.41706],[-4.7299,43.41854],[-4.73167,43.4184],[-4.73091,43.41708],[-4.73082,43.41706]]],[[[-4.76318,43.42577],[-4.76277,43.42586],[-4.7628,43.4259],[-4.76292,43.42593],[-4.76358,43.42601],[-4.76378,43.426],[-4.76387,43.42597],[-4.76391,43.42594],[-4.76391,43.42589],[-4.76381,43.42585],[-4.76368,43.42581],[-4.76343,43.42577],[-4.76318,43.42577]]],[[[-4.77678,43.4327],[-4.77671,43.43276],[-4.77675,43.4329],[-4.77683,43.43303],[-4.77699,43.43308],[-4.77724,43.43302],[-4.77742,43.43294],[-4.77753,43.43284],[-4.77746,43.43278],[-4.77704,43.4327],[-4.77678,43.4327]]],[[[-4.77804,43.43293],[-4.77798,43.43296],[-4.77793,43.43305],[-4.77822,43.43315],[-4.77832,43.43313],[-4.7784,43.43309],[-4.77842,43.43306],[-4.77834,43.433],[-4.77814,43.43293],[-4.77804,43.43293]]],[[[-4.78258,43.43312],[-4.7825,43.43313],[-4.78244,43.43316],[-4.78243,43.43319],[-4.78271,43.43336],[-4.78297,43.43333],[-4.78336,43.43334],[-4.78347,43.43332],[-4.78351,43.43329],[-4.7835,43.43325],[-4.78337,43.43322],[-4.78326,43.43319],[-4.78258,43.43312]]],[[[-4.77587,43.43272],[-4.77495,43.43369],[-4.77636,43.43277],[-4.77587,43.43272]]],[[[-4.77566,43.43406],[-4.77557,43.43408],[-4.77541,43.4342],[-4.77537,43.43427],[-4.77537,43.43433],[-4.77559,43.43453],[-4.7757,43.43458],[-4.77584,43.43458],[-4.77602,43.43454],[-4.77611,43.43448],[-4.77615,43.4344],[-4.77616,43.43431],[-4.77615,43.43426],[-4.77605,43.4342],[-4.77576,43.43405],[-4.77566,43.43406]]],[[[-4.79639,43.43343],[-4.79808,43.43453],[-4.79646,43.43345],[-4.79639,43.43343]]],[[[-4.78968,43.43288],[-4.78765,43.43502],[-4.79134,43.43536],[-4.79021,43.43287],[-4.78968,43.43288]]],[[[-4.8034,43.43545],[-4.80317,43.43552],[-4.80317,43.43561],[-4.80309,43.4358],[-4.8031,43.43589],[-4.80314,43.43596],[-4.80322,43.43603],[-4.80334,43.43607],[-4.80347,43.43608],[-4.80372,43.43607],[-4.80392,43.43612],[-4.80398,43.43611],[-4.80404,43.43605],[-4.80405,43.43595],[-4.80403,43.43584],[-4.80398,43.43576],[-4.80389,43.43569],[-4.8034,43.43545]]],[[[-4.80931,43.437],[-4.8083,43.43833],[-4.8092,43.43746],[-4.81146,43.43875],[-4.8115,43.43754],[-4.81,43.43702],[-4.80931,43.437]]],[[[-4.8232,43.43714],[-4.82249,43.43874],[-4.82382,43.43839],[-4.8233,43.43714],[-4.8232,43.43714]]],[[[-4.82687,43.43759],[-4.82491,43.4384],[-4.82676,43.43889],[-4.82697,43.43761],[-4.82687,43.43759]]],[[[-4.81926,43.43926],[-4.81893,43.4393],[-4.81895,43.43988],[-4.81898,43.43995],[-4.81905,43.43999],[-4.81916,43.44002],[-4.81925,43.44001],[-4.81945,43.4399],[-4.81954,43.43983],[-4.81958,43.43975],[-4.81957,43.43956],[-4.81947,43.43931],[-4.81938,43.43927],[-4.81926,43.43926]]],[[[-4.83053,43.44008],[-4.83044,43.44011],[-4.8303,43.44026],[-4.83025,43.44035],[-4.83025,43.44051],[-4.83073,43.44063],[-4.83082,43.44064],[-4.83092,43.4406],[-4.83095,43.44057],[-4.83095,43.44047],[-4.8309,43.44038],[-4.83068,43.44015],[-4.8306,43.4401],[-4.83053,43.44008]]],[[[-4.82527,43.44035],[-4.82515,43.44038],[-4.825,43.44055],[-4.82483,43.44064],[-4.82481,43.44069],[-4.82484,43.44076],[-4.82493,43.44082],[-4.82503,43.44084],[-4.82514,43.44084],[-4.82537,43.44076],[-4.82548,43.44076],[-4.82558,43.44073],[-4.82565,43.44065],[-4.82568,43.4406],[-4.82565,43.44053],[-4.82537,43.44037],[-4.82527,43.44035]]],[[[-4.83621,43.44247],[-4.83613,43.4425],[-4.83609,43.44255],[-4.83609,43.44259],[-4.83618,43.44264],[-4.83655,43.4427],[-4.83661,43.44262],[-4.83662,43.44257],[-4.83657,43.44253],[-4.83634,43.44247],[-4.83621,43.44247]]],[[[-4.86033,43.44473],[-4.86028,43.4448],[-4.86027,43.44507],[-4.8603,43.44512],[-4.86033,43.44515],[-4.86042,43.44514],[-4.86049,43.44508],[-4.86052,43.44498],[-4.86049,43.44487],[-4.86044,43.44477],[-4.86039,43.44473],[-4.86033,43.44473]]],[[[-4.84652,43.4458],[-4.84613,43.44588],[-4.84609,43.44598],[-4.84618,43.44604],[-4.84653,43.44614],[-4.84663,43.44615],[-4.84672,43.44612],[-4.8468,43.44605],[-4.84684,43.44599],[-4.84682,43.44592],[-4.84672,43.44586],[-4.84662,43.44581],[-4.84652,43.4458]]],[[[-4.8479,43.44573],[-4.84885,43.44583],[-4.84795,43.44573],[-4.8479,43.44573]]],[[[-4.84532,43.44627],[-4.84509,43.44642],[-4.84511,43.44651],[-4.84516,43.4466],[-4.84522,43.44665],[-4.84531,43.44668],[-4.84542,43.44666],[-4.84551,43.44662],[-4.84557,43.44655],[-4.84559,43.44645],[-4.84559,43.44637],[-4.84554,43.44631],[-4.84545,43.44628],[-4.84532,43.44627]]],[[[-4.85934,43.44585],[-4.85898,43.44588],[-4.85891,43.44592],[-4.85886,43.44602],[-4.85886,43.44609],[-4.85895,43.44618],[-4.85907,43.44627],[-4.85919,43.44634],[-4.85928,43.44642],[-4.85931,43.44651],[-4.85939,43.44657],[-4.85953,43.44661],[-4.8597,43.44661],[-4.85984,43.44657],[-4.85996,43.4465],[-4.86007,43.4464],[-4.86012,43.44633],[-4.86012,43.44623],[-4.86005,43.44614],[-4.85994,43.44607],[-4.85979,43.44603],[-4.85964,43.44598],[-4.85951,43.44591],[-4.85934,43.44585]]],[[[-4.89374,43.44924],[-4.89358,43.44925],[-4.89342,43.44928],[-4.89332,43.44929],[-4.89309,43.4495],[-4.89312,43.44966],[-4.8934,43.44973],[-4.89347,43.44968],[-4.8935,43.44956],[-4.89356,43.44949],[-4.89369,43.44942],[-4.89383,43.44936],[-4.89389,43.44932],[-4.89388,43.44928],[-4.89374,43.44924]]],[[[-4.89635,43.45085],[-4.89626,43.45087],[-4.89617,43.45097],[-4.89611,43.45107],[-4.8961,43.45115],[-4.89614,43.4512],[-4.89624,43.45122],[-4.89635,43.45119],[-4.89644,43.45111],[-4.89649,43.451],[-4.89643,43.45086],[-4.89635,43.45085]]],[[[-4.91361,43.45454],[-4.9134,43.45456],[-4.91339,43.45462],[-4.91339,43.45472],[-4.91344,43.45479],[-4.91349,43.45482],[-4.9136,43.45479],[-4.91365,43.45475],[-4.91361,43.45454]]],[[[-4.94969,43.46126],[-4.94906,43.46212],[-4.94975,43.46129],[-4.94969,43.46126]]]]}},{"type":"Feature","id":"es-as-concejo-33037","properties":{"id":"es-as-concejo-33037","slug":"mieres","name":"Mieres","localName":"Mieres","aliases":[],"kind":"municipality","boundaryStatus":"official","parentId":"es-as","population":null,"areaKm2":146.1,"density":null,"referenceYear":null,"sourceId":"sitpa-administrative-units","bbox":[-5.85551,43.18111,-5.62549,43.28914],"center":[-5.7405,43.235125]},"geometry":{"type":"Polygon","coordinates":[[[-5.81191,43.28886],[-5.8207,43.28788],[-5.82952,43.28502],[-5.83654,43.28572],[-5.83965,43.28439],[-5.84596,43.28421],[-5.85304,43.27777],[-5.85391,43.27667],[-5.85315,43.27441],[-5.85551,43.27269],[-5.85428,43.26844],[-5.84996,43.2661],[-5.85012,43.26005],[-5.84718,43.25783],[-5.84554,43.25394],[-5.84645,43.25275],[-5.83976,43.24659],[-5.84322,43.24046],[-5.84267,43.2378],[-5.84445,43.23515],[-5.84344,43.22937],[-5.84578,43.22773],[-5.84496,43.22655],[-5.84612,43.2211],[-5.84746,43.22019],[-5.8463,43.21421],[-5.84785,43.20607],[-5.84609,43.19816],[-5.84325,43.1984],[-5.84104,43.20246],[-5.8379,43.20338],[-5.81689,43.2016],[-5.8051,43.19488],[-5.79775,43.18756],[-5.79332,43.18897],[-5.78717,43.19339],[-5.78461,43.1911],[-5.77795,43.19055],[-5.77144,43.18111],[-5.76415,43.1839],[-5.7603,43.18401],[-5.75542,43.19309],[-5.73861,43.19135],[-5.73454,43.19331],[-5.72115,43.18865],[-5.71677,43.19005],[-5.70877,43.18913],[-5.70177,43.19045],[-5.68708,43.18856],[-5.67929,43.19104],[-5.66874,43.19064],[-5.64498,43.19325],[-5.63154,43.19297],[-5.62704,43.19715],[-5.62779,43.19892],[-5.62549,43.2072],[-5.62735,43.21096],[-5.62887,43.22071],[-5.63621,43.2214],[-5.64448,43.22476],[-5.64708,43.22445],[-5.65144,43.22826],[-5.65695,43.22971],[-5.66603,43.23093],[-5.67232,43.22887],[-5.67627,43.22983],[-5.67967,43.22873],[-5.69435,43.23244],[-5.69547,43.23484],[-5.69487,43.23975],[-5.68961,43.24073],[-5.6886,43.24333],[-5.68878,43.25494],[-5.69259,43.26172],[-5.69196,43.2651],[-5.69509,43.2661],[-5.70169,43.27211],[-5.71405,43.27722],[-5.72227,43.27724],[-5.73187,43.27496],[-5.73504,43.2776],[-5.74162,43.27886],[-5.74466,43.28389],[-5.75021,43.28914],[-5.7578,43.28656],[-5.77094,43.2881],[-5.78382,43.27916],[-5.79231,43.27973],[-5.80096,43.28269],[-5.80582,43.28695],[-5.81175,43.28881],[-5.81191,43.28886]]]}},{"type":"Feature","id":"es-as-concejo-33048","properties":{"id":"es-as-concejo-33048","slug":"pesoz","name":"Pesoz","localName":"Pezós","aliases":["Pezós"],"kind":"municipality","boundaryStatus":"official","parentId":"es-as","population":null,"areaKm2":39,"density":null,"referenceYear":null,"sourceId":"sitpa-administrative-units","bbox":[-6.91365,43.22982,-6.82844,43.31707],"center":[-6.871045,43.273444999999995]},"geometry":{"type":"Polygon","coordinates":[[[-6.91365,43.24438],[-6.91123,43.24443],[-6.90713,43.24183],[-6.90748,43.23957],[-6.90376,43.23399],[-6.90449,43.23262],[-6.90141,43.22982],[-6.90054,43.23259],[-6.89766,43.2339],[-6.8971,43.23617],[-6.89523,43.23636],[-6.89131,43.23371],[-6.88694,43.23559],[-6.88854,43.24002],[-6.88509,43.24184],[-6.88072,43.24028],[-6.87555,43.24046],[-6.87057,43.24323],[-6.85731,43.23999],[-6.85084,43.23992],[-6.84803,43.23643],[-6.84481,43.23737],[-6.84049,43.24147],[-6.8396,43.24586],[-6.84033,43.24837],[-6.84355,43.24809],[-6.84436,43.24984],[-6.84103,43.25471],[-6.84026,43.25882],[-6.83534,43.26227],[-6.83094,43.26961],[-6.83057,43.277],[-6.8319,43.27972],[-6.82844,43.28599],[-6.83243,43.29036],[-6.83239,43.29756],[-6.84516,43.29848],[-6.84605,43.30283],[-6.8657,43.30588],[-6.86922,43.3099],[-6.88195,43.31167],[-6.88526,43.31602],[-6.88975,43.31707],[-6.89018,43.30598],[-6.89508,43.30319],[-6.89488,43.29896],[-6.89258,43.29665],[-6.89282,43.29234],[-6.89451,43.28648],[-6.89839,43.27996],[-6.89324,43.27764],[-6.89435,43.2751],[-6.89182,43.27049],[-6.89397,43.26925],[-6.89295,43.26705],[-6.89819,43.26511],[-6.89588,43.26487],[-6.89376,43.26274],[-6.90662,43.25803],[-6.90686,43.25552],[-6.90899,43.25405],[-6.91152,43.24753],[-6.91365,43.24438]]]}},{"type":"Feature","id":"es-as-concejo-33038","properties":{"id":"es-as-concejo-33038","slug":"morcin","name":"Morcín","localName":"Morcín","aliases":[],"kind":"municipality","boundaryStatus":"official","parentId":"es-as","population":null,"areaKm2":50.1,"density":null,"referenceYear":null,"sourceId":"sitpa-administrative-units","bbox":[-5.96206,43.22882,-5.83976,43.3048],"center":[-5.90091,43.26681]},"geometry":{"type":"Polygon","coordinates":[[[-5.96013,43.27525],[-5.95484,43.2702],[-5.95137,43.26881],[-5.94945,43.26462],[-5.95184,43.26261],[-5.95016,43.25577],[-5.96206,43.2454],[-5.96049,43.24356],[-5.9607,43.24173],[-5.95087,43.23506],[-5.94792,43.22882],[-5.93914,43.23127],[-5.94139,43.23514],[-5.93073,43.23886],[-5.93002,43.24073],[-5.92471,43.24268],[-5.91084,43.24445],[-5.90692,43.24899],[-5.89829,43.25076],[-5.89085,43.24797],[-5.88887,43.24836],[-5.88321,43.24336],[-5.87748,43.2427],[-5.87781,43.24063],[-5.87163,43.24259],[-5.86207,43.24207],[-5.85909,43.23794],[-5.85252,43.23523],[-5.84543,43.23597],[-5.84267,43.2378],[-5.84322,43.24046],[-5.83976,43.24659],[-5.84645,43.25275],[-5.84554,43.25394],[-5.84718,43.25783],[-5.85012,43.26005],[-5.84996,43.2661],[-5.85428,43.26844],[-5.85524,43.27074],[-5.85551,43.27269],[-5.85315,43.27441],[-5.85391,43.27667],[-5.84987,43.28117],[-5.85603,43.28247],[-5.85602,43.28357],[-5.8626,43.28669],[-5.86996,43.29273],[-5.87053,43.29743],[-5.86898,43.29968],[-5.87018,43.30332],[-5.88188,43.3048],[-5.89984,43.29837],[-5.90394,43.29539],[-5.91498,43.29271],[-5.9242,43.2941],[-5.93283,43.28969],[-5.94304,43.28823],[-5.95665,43.28238],[-5.95896,43.27731],[-5.96013,43.27525]]]}},{"type":"Feature","id":"es-as-concejo-33039","properties":{"id":"es-as-concejo-33039","slug":"muros-de-nalon","name":"Muros De Nalón","localName":"Muros","aliases":["Muros"],"kind":"municipality","boundaryStatus":"official","parentId":"es-as","population":null,"areaKm2":8.3,"density":null,"referenceYear":null,"sourceId":"sitpa-administrative-units","bbox":[-6.12462,43.5345,-6.0756,43.57035],"center":[-6.10011,43.552425]},"geometry":{"type":"MultiPolygon","coordinates":[[[[-6.12223,43.54713],[-6.12021,43.54511],[-6.12143,43.54296],[-6.12028,43.54172],[-6.1152,43.53955],[-6.10905,43.54143],[-6.10919,43.53807],[-6.10262,43.53583],[-6.09977,43.53623],[-6.09383,43.5345],[-6.09259,43.53472],[-6.09303,43.53744],[-6.0917,43.53842],[-6.08254,43.53671],[-6.07723,43.5375],[-6.0756,43.53963],[-6.08114,43.54518],[-6.08312,43.55147],[-6.07735,43.56017],[-6.0766,43.56446],[-6.07793,43.5643],[-6.07878,43.5676],[-6.07712,43.57035],[-6.07906,43.56796],[-6.07819,43.56466],[-6.08172,43.56613],[-6.08329,43.56572],[-6.08216,43.5649],[-6.08276,43.56394],[-6.08654,43.56214],[-6.08951,43.5633],[-6.09267,43.55826],[-6.09823,43.55835],[-6.09961,43.56029],[-6.10587,43.56224],[-6.10667,43.56178],[-6.10462,43.55959],[-6.10723,43.55689],[-6.1093,43.55631],[-6.11141,43.55766],[-6.11299,43.55543],[-6.11498,43.55663],[-6.12118,43.55624],[-6.12195,43.55394],[-6.12462,43.55221],[-6.12185,43.5477],[-6.12223,43.54713]]],[[[-6.1197,43.55689],[-6.11975,43.55698],[-6.11988,43.557],[-6.11982,43.5569],[-6.1197,43.55689]]],[[[-6.11498,43.55733],[-6.11487,43.55739],[-6.11493,43.55746],[-6.11505,43.55741],[-6.11498,43.55733]]],[[[-6.11499,43.55756],[-6.11487,43.55759],[-6.11495,43.55767],[-6.11507,43.55767],[-6.11503,43.55757],[-6.11499,43.55756]]],[[[-6.11491,43.55773],[-6.11483,43.55779],[-6.11494,43.55782],[-6.11491,43.55773]]],[[[-6.11046,43.55773],[-6.11035,43.55776],[-6.11034,43.55782],[-6.11046,43.55783],[-6.11046,43.55773]]],[[[-6.11155,43.55794],[-6.11151,43.55805],[-6.1116,43.55809],[-6.11162,43.558],[-6.11155,43.55794]]],[[[-6.11917,43.55796],[-6.1191,43.55798],[-6.11915,43.55806],[-6.11928,43.55802],[-6.11917,43.55796]]],[[[-6.11871,43.55806],[-6.11863,43.55808],[-6.11868,43.55817],[-6.1188,43.55815],[-6.11884,43.55805],[-6.11871,43.55806]]],[[[-6.11902,43.5581],[-6.119,43.5582],[-6.11904,43.5583],[-6.11918,43.55829],[-6.11915,43.55818],[-6.11913,43.55813],[-6.11902,43.5581]]],[[[-6.11189,43.55814],[-6.11177,43.55815],[-6.11176,43.55825],[-6.11186,43.55832],[-6.11191,43.55823],[-6.11189,43.55814]]],[[[-6.1115,43.5584],[-6.11136,43.55842],[-6.11139,43.55851],[-6.11139,43.55856],[-6.11143,43.55865],[-6.11153,43.5586],[-6.11153,43.55851],[-6.1115,43.5584]]],[[[-6.10673,43.55849],[-6.10664,43.55851],[-6.10669,43.5586],[-6.10681,43.55858],[-6.10687,43.5585],[-6.10673,43.55849]]],[[[-6.10689,43.55863],[-6.10677,43.55865],[-6.10675,43.55876],[-6.10681,43.55884],[-6.10694,43.55884],[-6.10692,43.55874],[-6.10689,43.55863]]],[[[-6.09607,43.55911],[-6.09599,43.56087],[-6.09623,43.5591],[-6.09607,43.55911]]],[[[-6.09965,43.56045],[-6.09963,43.56056],[-6.09962,43.5606],[-6.09974,43.56065],[-6.09981,43.56056],[-6.0998,43.56045],[-6.09965,43.56045]]],[[[-6.10025,43.56065],[-6.10012,43.56069],[-6.10008,43.56078],[-6.10017,43.56084],[-6.10023,43.56075],[-6.10025,43.56065]]],[[[-6.10083,43.56069],[-6.10075,43.56078],[-6.10076,43.56082],[-6.10086,43.56087],[-6.10091,43.56076],[-6.10083,43.56069]]],[[[-6.09236,43.56113],[-6.09225,43.56117],[-6.09227,43.56129],[-6.09228,43.56131],[-6.09236,43.56138],[-6.09245,43.56132],[-6.09245,43.56123],[-6.09236,43.56113]]],[[[-6.0918,43.56192],[-6.09168,43.562],[-6.09168,43.5621],[-6.09176,43.56218],[-6.09186,43.56212],[-6.09185,43.56201],[-6.0918,43.56192]]],[[[-6.10739,43.56207],[-6.10738,43.56216],[-6.10739,43.56219],[-6.10752,43.56219],[-6.10751,43.56209],[-6.10739,43.56207]]],[[[-6.10509,43.56219],[-6.10497,43.56224],[-6.10493,43.56236],[-6.10496,43.56249],[-6.10508,43.5625],[-6.10509,43.56219]]],[[[-6.10653,43.56223],[-6.10641,43.56228],[-6.10641,43.56234],[-6.10655,43.56232],[-6.10653,43.56223]]],[[[-6.10562,43.56305],[-6.10556,43.56314],[-6.10565,43.5632],[-6.10577,43.5632],[-6.10586,43.56313],[-6.10574,43.56306],[-6.10562,43.56305]]],[[[-6.10699,43.56304],[-6.10689,43.56322],[-6.10688,43.56349],[-6.10698,43.56355],[-6.10708,43.56347],[-6.10711,43.56338],[-6.10712,43.56307],[-6.10699,43.56304]]],[[[-6.10629,43.56242],[-6.1062,43.56248],[-6.10624,43.56264],[-6.10642,43.56284],[-6.1065,43.56277],[-6.10645,43.56258],[-6.10635,43.5625],[-6.10629,43.56242]]],[[[-6.10761,43.56259],[-6.10749,43.56265],[-6.10755,43.56275],[-6.10756,43.56278],[-6.10766,43.56285],[-6.10772,43.56275],[-6.1077,43.56265],[-6.10761,43.56259]]],[[[-6.10506,43.56272],[-6.10501,43.56281],[-6.10501,43.56282],[-6.10508,43.56292],[-6.10515,43.56285],[-6.10518,43.56276],[-6.10506,43.56272]]],[[[-6.08977,43.56329],[-6.08966,43.56335],[-6.08965,43.56346],[-6.08971,43.56354],[-6.08985,43.56349],[-6.08994,43.56341],[-6.08988,43.56333],[-6.08977,43.56329]]],[[[-6.08628,43.56317],[-6.08615,43.56318],[-6.08594,43.5634],[-6.08585,43.5636],[-6.08603,43.56386],[-6.08618,43.56385],[-6.08623,43.56374],[-6.08621,43.56351],[-6.08638,43.56334],[-6.08637,43.56324],[-6.08628,43.56317]]],[[[-6.08741,43.56403],[-6.08745,43.56426],[-6.08753,43.56436],[-6.08764,43.5643],[-6.08765,43.5642],[-6.08755,43.56405],[-6.08741,43.56403]]],[[[-6.08951,43.56359],[-6.08944,43.56367],[-6.08948,43.56375],[-6.08963,43.56373],[-6.08973,43.56367],[-6.08965,43.5636],[-6.08951,43.56359]]],[[[-6.09,43.56375],[-6.08987,43.56379],[-6.08991,43.56393],[-6.08998,43.56402],[-6.09013,43.564],[-6.09016,43.56389],[-6.09012,43.5638],[-6.09,43.56375]]],[[[-6.08939,43.56385],[-6.08936,43.56395],[-6.0894,43.56407],[-6.08949,43.56417],[-6.08961,43.56413],[-6.08963,43.56403],[-6.08956,43.56396],[-6.08953,43.56387],[-6.08939,43.56385]]],[[[-6.0807,43.56623],[-6.0806,43.56629],[-6.08069,43.56638],[-6.0808,43.56636],[-6.08081,43.56626],[-6.0807,43.56623]]],[[[-6.08013,43.5664],[-6.08007,43.56651],[-6.08006,43.5666],[-6.08016,43.56667],[-6.08023,43.56659],[-6.08026,43.56648],[-6.08027,43.56641],[-6.08013,43.5664]]],[[[-6.08292,43.5667],[-6.08287,43.56679],[-6.08285,43.56681],[-6.08298,43.56684],[-6.08303,43.56676],[-6.08292,43.5667]]],[[[-6.08098,43.56638],[-6.08084,43.56641],[-6.08083,43.5665],[-6.08099,43.56649],[-6.08108,43.56644],[-6.08098,43.56638]]],[[[-6.08306,43.56698],[-6.08306,43.56712],[-6.0831,43.56718],[-6.08321,43.56713],[-6.08319,43.56704],[-6.08306,43.56698]]]]}},{"type":"Feature","id":"es-as-concejo-33064","properties":{"id":"es-as-concejo-33064","slug":"santo-adriano","name":"Santo Adriano","localName":"Santu Adrianu","aliases":["Santu Adrianu"],"kind":"municipality","boundaryStatus":"official","parentId":"es-as","population":null,"areaKm2":23.2,"density":null,"referenceYear":null,"sourceId":"sitpa-administrative-units","bbox":[-6.02224,43.25681,-5.93798,43.31956],"center":[-5.98011,43.288185]},"geometry":{"type":"Polygon","coordinates":[[[-6.02109,43.2872],[-6.02224,43.28135],[-6.01945,43.27943],[-6.02146,43.27597],[-6.0134,43.27362],[-6.01104,43.27018],[-6.0045,43.26823],[-6.00565,43.26337],[-6.00941,43.2604],[-6.00663,43.25681],[-5.99435,43.26789],[-5.9946,43.26936],[-5.99156,43.26844],[-5.99053,43.26663],[-5.97442,43.26692],[-5.96013,43.27525],[-5.95665,43.28238],[-5.94107,43.28814],[-5.93887,43.28949],[-5.94057,43.29144],[-5.93798,43.29078],[-5.93902,43.29222],[-5.93842,43.29494],[-5.94268,43.30359],[-5.95981,43.30675],[-5.96591,43.31956],[-5.97753,43.30938],[-5.98174,43.309],[-5.99096,43.30435],[-5.99701,43.30615],[-6.00198,43.3011],[-6.00521,43.29453],[-6.02107,43.28721],[-6.02109,43.2872]]]}},{"type":"Feature","id":"es-as-concejo-33040","properties":{"id":"es-as-concejo-33040","slug":"nava","name":"Nava","localName":"Nava","aliases":[],"kind":"municipality","boundaryStatus":"official","parentId":"es-as","population":null,"areaKm2":95.8,"density":null,"referenceYear":null,"sourceId":"sitpa-administrative-units","bbox":[-5.56869,43.27618,-5.41904,43.41593],"center":[-5.4938649999999996,43.346055]},"geometry":{"type":"Polygon","coordinates":[[[-5.56754,43.35726],[-5.55905,43.35432],[-5.55067,43.35486],[-5.54703,43.35386],[-5.54297,43.34556],[-5.54804,43.33946],[-5.54224,43.33013],[-5.53228,43.32673],[-5.53156,43.32259],[-5.51598,43.31705],[-5.51488,43.31166],[-5.51231,43.30923],[-5.50999,43.30336],[-5.50749,43.30167],[-5.50926,43.299],[-5.5031,43.2848],[-5.50137,43.27656],[-5.49912,43.278],[-5.49953,43.27948],[-5.49701,43.27968],[-5.49325,43.27859],[-5.49169,43.27641],[-5.48154,43.27618],[-5.48194,43.28127],[-5.48339,43.28387],[-5.48112,43.28983],[-5.47607,43.29186],[-5.47336,43.29155],[-5.47429,43.29408],[-5.46681,43.29896],[-5.46997,43.30328],[-5.46393,43.31134],[-5.46299,43.3177],[-5.45695,43.3232],[-5.45154,43.32429],[-5.44706,43.32764],[-5.44176,43.32851],[-5.43026,43.33617],[-5.42646,43.33617],[-5.42252,43.33841],[-5.41904,43.34306],[-5.42158,43.34975],[-5.42124,43.35403],[-5.42802,43.3627],[-5.42571,43.36386],[-5.42962,43.38393],[-5.44651,43.37622],[-5.45231,43.37797],[-5.45969,43.37712],[-5.46557,43.38406],[-5.46801,43.38958],[-5.46691,43.39338],[-5.46363,43.39695],[-5.46628,43.39802],[-5.47307,43.39734],[-5.48192,43.40995],[-5.48884,43.41488],[-5.49648,43.41593],[-5.49969,43.40688],[-5.49637,43.40371],[-5.50784,43.39763],[-5.53409,43.39598],[-5.55438,43.39193],[-5.55624,43.38757],[-5.55537,43.38254],[-5.55866,43.37787],[-5.56097,43.37815],[-5.56238,43.37329],[-5.561,43.37156],[-5.56364,43.36778],[-5.56793,43.36763],[-5.56869,43.35908],[-5.56754,43.35726]]]}},{"type":"Feature","id":"es-as-concejo-33041","properties":{"id":"es-as-concejo-33041","slug":"navia","name":"Navia","localName":"Navia","aliases":[],"kind":"municipality","boundaryStatus":"official","parentId":"es-as","population":null,"areaKm2":63.3,"density":null,"referenceYear":null,"sourceId":"sitpa-administrative-units","bbox":[-6.73629,43.48475,-6.61399,43.57518],"center":[-6.675140000000001,43.529965000000004]},"geometry":{"type":"MultiPolygon","coordinates":[[[[-6.72498,43.49364],[-6.72328,43.49394],[-6.72372,43.49526],[-6.72089,43.49723],[-6.71522,43.4993],[-6.70958,43.49862],[-6.70112,43.49311],[-6.69149,43.49476],[-6.67624,43.49114],[-6.66464,43.49296],[-6.66038,43.48976],[-6.65429,43.48965],[-6.64793,43.48763],[-6.64596,43.48475],[-6.64336,43.48511],[-6.64099,43.49421],[-6.63793,43.49731],[-6.63652,43.50566],[-6.63228,43.50643],[-6.63101,43.50857],[-6.63418,43.51139],[-6.63684,43.51124],[-6.6385,43.5126],[-6.6364,43.5125],[-6.63554,43.5137],[-6.63678,43.51469],[-6.63418,43.51653],[-6.63179,43.5164],[-6.63148,43.51831],[-6.6295,43.51976],[-6.63108,43.52114],[-6.62519,43.52414],[-6.62391,43.52711],[-6.62244,43.52757],[-6.62347,43.53027],[-6.62622,43.52978],[-6.62948,43.53133],[-6.62942,43.53266],[-6.63248,43.53168],[-6.6323,43.53276],[-6.63366,43.53313],[-6.63507,43.53131],[-6.63857,43.53398],[-6.63379,43.53632],[-6.62777,43.54404],[-6.62518,43.54531],[-6.62581,43.54727],[-6.62349,43.54882],[-6.62389,43.55018],[-6.61972,43.55643],[-6.61399,43.55945],[-6.61966,43.5593],[-6.61663,43.56289],[-6.61731,43.56388],[-6.61576,43.56618],[-6.62021,43.56552],[-6.62114,43.56768],[-6.62232,43.56769],[-6.62175,43.56997],[-6.62631,43.5729],[-6.62776,43.5725],[-6.62627,43.57205],[-6.62797,43.57091],[-6.62721,43.5698],[-6.62813,43.56903],[-6.63261,43.56997],[-6.63221,43.56719],[-6.63384,43.56877],[-6.64476,43.56853],[-6.64403,43.56742],[-6.64544,43.56715],[-6.64453,43.56599],[-6.64582,43.56558],[-6.64481,43.56477],[-6.64561,43.56424],[-6.6457,43.56614],[-6.64989,43.56783],[-6.65633,43.56602],[-6.65599,43.5672],[-6.65867,43.5673],[-6.66305,43.56632],[-6.66355,43.56446],[-6.66475,43.5661],[-6.66634,43.56568],[-6.66802,43.56368],[-6.67018,43.56384],[-6.67404,43.56174],[-6.67468,43.56018],[-6.67994,43.56029],[-6.68151,43.55909],[-6.68382,43.55981],[-6.68476,43.55866],[-6.68818,43.55902],[-6.68842,43.56048],[-6.69106,43.55973],[-6.69092,43.56258],[-6.69819,43.5603],[-6.69777,43.5638],[-6.70092,43.56265],[-6.70144,43.56392],[-6.70346,43.56382],[-6.70849,43.56153],[-6.7095,43.56411],[-6.71659,43.55869],[-6.71954,43.55813],[-6.72079,43.5562],[-6.72493,43.55632],[-6.72598,43.536],[-6.72373,43.53019],[-6.73187,43.52592],[-6.73232,43.52006],[-6.73614,43.5138],[-6.72619,43.5123],[-6.72162,43.5094],[-6.72649,43.50649],[-6.73271,43.50979],[-6.73629,43.50895],[-6.7344,43.50653],[-6.73567,43.50371],[-6.73538,43.49979],[-6.73015,43.50082],[-6.72881,43.49857],[-6.73313,43.49756],[-6.72538,43.49412],[-6.72498,43.49364]]],[[[-6.70474,43.56342],[-6.70466,43.56349],[-6.70459,43.56357],[-6.70452,43.56365],[-6.70447,43.56373],[-6.70443,43.56382],[-6.70444,43.56386],[-6.70449,43.56389],[-6.70461,43.5639],[-6.70472,43.5639],[-6.70485,43.56385],[-6.70523,43.56361],[-6.70522,43.56352],[-6.70519,43.56348],[-6.70507,43.56346],[-6.70494,43.56346],[-6.70484,43.56344],[-6.70479,43.56342],[-6.70474,43.56342]]],[[[-6.66335,43.56717],[-6.6632,43.5672],[-6.66317,43.56728],[-6.66316,43.56737],[-6.66317,43.56747],[-6.66317,43.56756],[-6.66318,43.56763],[-6.6632,43.56768],[-6.66328,43.56769],[-6.6634,43.56767],[-6.66352,43.56763],[-6.66363,43.56758],[-6.66367,43.56755],[-6.66367,43.56748],[-6.66363,43.56739],[-6.66355,43.56732],[-6.66335,43.56717]]],[[[-6.65914,43.5673],[-6.65905,43.56734],[-6.65895,43.56742],[-6.6589,43.56749],[-6.65883,43.56756],[-6.65879,43.56765],[-6.6588,43.56771],[-6.65885,43.56774],[-6.65897,43.56776],[-6.6591,43.56774],[-6.65918,43.56772],[-6.65926,43.56774],[-6.65946,43.56767],[-6.65945,43.56761],[-6.65941,43.56759],[-6.65947,43.56754],[-6.65954,43.56752],[-6.65956,43.5675],[-6.65952,43.56745],[-6.65941,43.56742],[-6.6593,43.56738],[-6.65919,43.56732],[-6.65914,43.5673]]],[[[-6.65964,43.56766],[-6.65866,43.56908],[-6.66127,43.56894],[-6.65976,43.56768],[-6.65964,43.56766]]],[[[-6.62356,43.57141],[-6.62345,43.57145],[-6.62334,43.57153],[-6.62336,43.57159],[-6.62343,43.57161],[-6.62352,43.57161],[-6.6236,43.57156],[-6.62366,43.57149],[-6.62367,43.57145],[-6.62363,43.57141],[-6.62356,43.57141]]],[[[-6.6265,43.57307],[-6.62644,43.57309],[-6.62642,43.57313],[-6.62653,43.57337],[-6.62666,43.57337],[-6.62671,43.57336],[-6.62673,43.57331],[-6.6267,43.57322],[-6.62663,43.57314],[-6.62655,43.57309],[-6.6265,43.57307]]],[[[-6.6268,43.57385],[-6.62671,43.57388],[-6.62664,43.57394],[-6.62662,43.57401],[-6.62665,43.57406],[-6.62674,43.57412],[-6.62679,43.57415],[-6.62686,43.57429],[-6.62707,43.5743],[-6.62716,43.5743],[-6.62721,43.57428],[-6.62723,43.57423],[-6.62719,43.57415],[-6.62711,43.57408],[-6.62703,43.57403],[-6.62697,43.57396],[-6.62695,43.5739],[-6.62689,43.57386],[-6.6268,43.57385]]],[[[-6.62568,43.5746],[-6.62642,43.57518],[-6.62573,43.57461],[-6.62568,43.5746]]],[[[-6.62809,43.57249],[-6.62798,43.57253],[-6.62783,43.57263],[-6.62788,43.57268],[-6.62797,43.5727],[-6.62809,43.57267],[-6.62817,43.57263],[-6.62822,43.57259],[-6.62822,43.57254],[-6.62818,43.5725],[-6.62809,43.57249]]],[[[-6.62775,43.57272],[-6.62748,43.57281],[-6.62744,43.57291],[-6.62745,43.57294],[-6.62758,43.57296],[-6.62766,43.57295],[-6.62776,43.57289],[-6.62783,43.57283],[-6.62785,43.57278],[-6.62781,43.57274],[-6.62775,43.57272]]]]}},{"type":"Feature","id":"es-as-concejo-33042","properties":{"id":"es-as-concejo-33042","slug":"norena","name":"Noreña","localName":"Noreña","aliases":[],"kind":"municipality","boundaryStatus":"official","parentId":"es-as","population":null,"areaKm2":5.7,"density":null,"referenceYear":null,"sourceId":"sitpa-administrative-units","bbox":[-5.73236,43.33737,-5.66983,43.44074],"center":[-5.7010950000000005,43.389055]},"geometry":{"type":"MultiPolygon","coordinates":[[[[-5.70464,43.38467],[-5.69809,43.38813],[-5.69641,43.39228],[-5.7012,43.40354],[-5.706,43.40575],[-5.70726,43.4091],[-5.71571,43.40475],[-5.71729,43.4015],[-5.7198,43.40011],[-5.71794,43.39458],[-5.72,43.39191],[-5.7205,43.3883],[-5.72392,43.38668],[-5.70733,43.38461],[-5.70464,43.38467]]],[[[-5.73236,43.33737],[-5.72145,43.34084],[-5.72784,43.34383],[-5.73121,43.34369],[-5.73236,43.33737]]],[[[-5.68133,43.40578],[-5.67996,43.40739],[-5.68167,43.40807],[-5.68252,43.40631],[-5.68133,43.40578]]],[[[-5.68387,43.41658],[-5.68349,43.41767],[-5.68521,43.41781],[-5.68496,43.41695],[-5.68387,43.41658]]],[[[-5.6777,43.42285],[-5.66983,43.42955],[-5.67249,43.4304],[-5.67281,43.43332],[-5.67582,43.43757],[-5.6753,43.43972],[-5.67661,43.44074],[-5.68023,43.4389],[-5.6818,43.43315],[-5.68119,43.4305],[-5.68931,43.42823],[-5.69119,43.42506],[-5.6857,43.42273],[-5.6815,43.42391],[-5.6777,43.42285]]]]}},{"type":"Feature","id":"es-as-concejo-33043","properties":{"id":"es-as-concejo-33043","slug":"onis","name":"Onís","localName":"Onís","aliases":[],"kind":"municipality","boundaryStatus":"official","parentId":"es-as","population":null,"areaKm2":74.9,"density":null,"referenceYear":null,"sourceId":"sitpa-administrative-units","bbox":[-5.00337,43.22457,-4.90773,43.36699],"center":[-4.955550000000001,43.29578]},"geometry":{"type":"Polygon","coordinates":[[[-4.9836,43.36548],[-4.98734,43.36085],[-4.98981,43.36182],[-4.99256,43.35099],[-5.00068,43.34208],[-5.00337,43.32814],[-5.00029,43.31311],[-5.00316,43.29751],[-5.00043,43.29383],[-4.99076,43.28953],[-4.97439,43.28696],[-4.9715,43.2728],[-4.973,43.26715],[-4.96718,43.26201],[-4.96797,43.2503],[-4.95873,43.24688],[-4.95279,43.2408],[-4.94223,43.23581],[-4.94153,43.23191],[-4.94272,43.22477],[-4.93217,43.22457],[-4.92708,43.22641],[-4.91953,43.22697],[-4.91976,43.22878],[-4.91553,43.23364],[-4.90891,43.23786],[-4.90773,43.25463],[-4.91382,43.26325],[-4.92708,43.27579],[-4.93724,43.28757],[-4.94098,43.29624],[-4.94072,43.29805],[-4.92657,43.31424],[-4.91546,43.33344],[-4.91131,43.33586],[-4.91385,43.3393],[-4.91273,43.34287],[-4.91932,43.34778],[-4.91435,43.35191],[-4.91661,43.35538],[-4.91556,43.35804],[-4.92705,43.35284],[-4.93001,43.3531],[-4.93241,43.35382],[-4.93423,43.358],[-4.9374,43.35689],[-4.94174,43.35926],[-4.95153,43.36106],[-4.9567,43.36342],[-4.95856,43.36607],[-4.96506,43.36699],[-4.98172,43.36541],[-4.9836,43.36548]]]}},{"type":"Feature","id":"es-as-concejo-33044","properties":{"id":"es-as-concejo-33044","slug":"oviedo","name":"Oviedo","localName":"Uviéu","aliases":["Uviéu"],"kind":"municipality","boundaryStatus":"official","parentId":"es-as","population":null,"areaKm2":186.2,"density":null,"referenceYear":null,"sourceId":"sitpa-administrative-units","bbox":[-6.0179,43.27916,-5.74224,43.42734],"center":[-5.88007,43.35325]},"geometry":{"type":"Polygon","coordinates":[[[-5.86971,43.42133],[-5.87328,43.42346],[-5.87482,43.42734],[-5.88189,43.42605],[-5.8818,43.42453],[-5.87684,43.4225],[-5.8761,43.42089],[-5.88176,43.41496],[-5.88104,43.41187],[-5.88192,43.41005],[-5.88551,43.40819],[-5.88835,43.41259],[-5.88573,43.4161],[-5.88695,43.41828],[-5.89179,43.41885],[-5.89721,43.41594],[-5.90336,43.41763],[-5.90816,43.41583],[-5.90824,43.41784],[-5.90936,43.41756],[-5.9161,43.42375],[-5.92005,43.4249],[-5.93137,43.39757],[-5.9354,43.39607],[-5.93915,43.39873],[-5.94288,43.39647],[-5.94205,43.39436],[-5.93502,43.39326],[-5.93858,43.38838],[-5.93028,43.38747],[-5.92895,43.38596],[-5.93475,43.37896],[-5.9328,43.37729],[-5.92856,43.37945],[-5.92698,43.37843],[-5.92771,43.37388],[-5.93416,43.37146],[-5.93872,43.36773],[-5.94161,43.36907],[-5.94332,43.37265],[-5.95104,43.37137],[-5.95409,43.37442],[-5.95685,43.3734],[-5.95672,43.37006],[-5.96329,43.36858],[-5.95913,43.37429],[-5.96203,43.37856],[-5.96086,43.3814],[-5.9624,43.38142],[-5.96354,43.37958],[-5.96835,43.37879],[-5.96908,43.38081],[-5.96625,43.38301],[-5.9669,43.38428],[-5.97003,43.38432],[-5.97042,43.38079],[-5.97165,43.38005],[-5.97709,43.38363],[-5.97937,43.38033],[-5.97946,43.3767],[-5.97093,43.37282],[-5.97166,43.37144],[-5.97573,43.37035],[-5.97492,43.36321],[-5.97092,43.36296],[-5.96885,43.36129],[-5.97221,43.35911],[-5.97452,43.35537],[-5.98206,43.35381],[-5.9834,43.3522],[-5.98875,43.35053],[-5.99217,43.34744],[-6.00052,43.34316],[-6.00451,43.33834],[-6.00936,43.336],[-6.01302,43.33635],[-6.0179,43.33252],[-6.01417,43.32497],[-6.00895,43.3221],[-6.00919,43.31956],[-6.00483,43.31473],[-6.00066,43.30259],[-5.99701,43.30615],[-5.99096,43.30435],[-5.98174,43.309],[-5.97753,43.30938],[-5.96591,43.31956],[-5.95981,43.30675],[-5.94268,43.30359],[-5.92997,43.30895],[-5.92073,43.31558],[-5.9191,43.31908],[-5.9178,43.31748],[-5.91368,43.31813],[-5.90926,43.3207],[-5.90611,43.31948],[-5.9044,43.32169],[-5.88671,43.32158],[-5.87712,43.32696],[-5.87389,43.3272],[-5.86842,43.32098],[-5.86786,43.31701],[-5.87043,43.31501],[-5.87081,43.31277],[-5.86871,43.31147],[-5.86762,43.30817],[-5.8633,43.30742],[-5.85469,43.31083],[-5.84866,43.31091],[-5.84039,43.31741],[-5.84327,43.31958],[-5.84265,43.3215],[-5.84409,43.32532],[-5.8433,43.32822],[-5.83994,43.32434],[-5.83217,43.32153],[-5.83107,43.31989],[-5.83819,43.31094],[-5.83736,43.30913],[-5.84555,43.30287],[-5.84538,43.30138],[-5.83348,43.29734],[-5.83521,43.29606],[-5.83577,43.29332],[-5.82915,43.29129],[-5.83965,43.28439],[-5.83654,43.28572],[-5.82952,43.28502],[-5.81251,43.28911],[-5.80582,43.28695],[-5.80096,43.28269],[-5.79231,43.27973],[-5.78382,43.27916],[-5.771,43.28804],[-5.77379,43.29594],[-5.77364,43.30205],[-5.76725,43.30621],[-5.7633,43.30694],[-5.7609,43.30968],[-5.75937,43.31261],[-5.76013,43.3136],[-5.75809,43.31473],[-5.75619,43.31855],[-5.75849,43.32506],[-5.75776,43.32901],[-5.75494,43.33089],[-5.75513,43.33341],[-5.75057,43.33874],[-5.74707,43.33605],[-5.74408,43.3371],[-5.74224,43.33942],[-5.74269,43.34295],[-5.75513,43.3471],[-5.76718,43.34626],[-5.7724,43.34438],[-5.77733,43.34535],[-5.77637,43.35377],[-5.78117,43.35531],[-5.78107,43.36007],[-5.78399,43.36648],[-5.7926,43.37911],[-5.79382,43.38021],[-5.80623,43.38085],[-5.80696,43.3818],[-5.80482,43.38293],[-5.8053,43.38486],[-5.80818,43.38562],[-5.80865,43.38848],[-5.81364,43.38858],[-5.81698,43.39013],[-5.81811,43.39155],[-5.81669,43.3933],[-5.82023,43.39407],[-5.82148,43.39921],[-5.82055,43.40126],[-5.8212,43.40233],[-5.82293,43.40111],[-5.82439,43.40274],[-5.82373,43.40528],[-5.82626,43.40729],[-5.82696,43.41041],[-5.82968,43.41227],[-5.82952,43.41323],[-5.82209,43.41375],[-5.82152,43.41503],[-5.83102,43.41507],[-5.83558,43.41007],[-5.84116,43.40901],[-5.84217,43.40941],[-5.84128,43.41154],[-5.84398,43.41422],[-5.84598,43.41304],[-5.84536,43.41],[-5.85055,43.40806],[-5.85672,43.40847],[-5.85829,43.4116],[-5.86216,43.41405],[-5.86418,43.4096],[-5.86584,43.40948],[-5.86829,43.41206],[-5.868,43.41412],[-5.86152,43.4183],[-5.86101,43.42004],[-5.86872,43.42111],[-5.86971,43.42133]]]}},{"type":"Feature","id":"es-as-concejo-33052","properties":{"id":"es-as-concejo-33052","slug":"proaza","name":"Proaza","localName":"Proaza","aliases":[],"kind":"municipality","boundaryStatus":"official","parentId":"es-as","population":null,"areaKm2":76.9,"density":null,"referenceYear":null,"sourceId":"sitpa-administrative-units","bbox":[-6.10464,43.16758,-5.97335,43.28757],"center":[-6.038995,43.227575]},"geometry":{"type":"Polygon","coordinates":[[[-6.02096,43.28701],[-6.02369,43.28757],[-6.0273,43.28589],[-6.03179,43.28684],[-6.03324,43.2844],[-6.03612,43.28503],[-6.04406,43.27499],[-6.04931,43.27261],[-6.05587,43.26646],[-6.05782,43.26949],[-6.06712,43.25999],[-6.0696,43.25942],[-6.0795,43.2613],[-6.07912,43.25696],[-6.08796,43.24505],[-6.10464,43.23548],[-6.09315,43.22648],[-6.09591,43.22194],[-6.09329,43.21818],[-6.0944,43.21543],[-6.09711,43.21354],[-6.09723,43.20967],[-6.09912,43.20741],[-6.09623,43.2042],[-6.09655,43.19519],[-6.09249,43.1907],[-6.09273,43.18951],[-6.08138,43.18451],[-6.07595,43.1804],[-6.07042,43.17366],[-6.06442,43.17038],[-6.04681,43.16758],[-6.03499,43.1713],[-6.03268,43.17674],[-6.03263,43.18029],[-6.02698,43.18047],[-6.02415,43.18245],[-6.0292,43.18718],[-6.02815,43.19031],[-6.02882,43.1931],[-6.02568,43.19849],[-6.02329,43.19954],[-6.02398,43.20212],[-6.0215,43.20791],[-6.02055,43.21833],[-6.01176,43.21845],[-6.00426,43.22243],[-5.99356,43.23063],[-5.99456,43.23127],[-5.99246,43.23543],[-5.97987,43.23433],[-5.97557,43.23494],[-5.97472,43.23641],[-5.97335,43.24867],[-5.97581,43.24869],[-5.9816,43.25163],[-5.98218,43.2538],[-5.9805,43.26172],[-5.97864,43.2635],[-5.97857,43.26692],[-5.99053,43.26663],[-5.99156,43.26844],[-5.9946,43.26936],[-5.99435,43.26789],[-6.00663,43.25681],[-6.00941,43.2604],[-6.00565,43.26337],[-6.0045,43.26823],[-6.01104,43.27018],[-6.0134,43.27362],[-6.02146,43.27597],[-6.01945,43.27943],[-6.02224,43.28135],[-6.02095,43.28697],[-6.02096,43.28701]]]}},{"type":"Feature","id":"es-as-concejo-33045","properties":{"id":"es-as-concejo-33045","slug":"parres","name":"Parres","localName":"Parres","aliases":[],"kind":"municipality","boundaryStatus":"official","parentId":"es-as","population":null,"areaKm2":126.2,"density":null,"referenceYear":null,"sourceId":"sitpa-administrative-units","bbox":[-5.26944,43.27687,-5.08548,43.44108],"center":[-5.17746,43.358975]},"geometry":{"type":"Polygon","coordinates":[[[-5.26944,43.42595],[-5.26414,43.42443],[-5.26131,43.42052],[-5.24975,43.41498],[-5.24882,43.4135],[-5.24982,43.4101],[-5.23795,43.40034],[-5.23498,43.39175],[-5.23159,43.38966],[-5.22772,43.38432],[-5.22812,43.38187],[-5.23159,43.37829],[-5.22893,43.37386],[-5.23058,43.37107],[-5.2339,43.37004],[-5.23758,43.36584],[-5.23393,43.3635],[-5.23407,43.35787],[-5.23028,43.35585],[-5.22864,43.35179],[-5.22844,43.34844],[-5.23163,43.3437],[-5.22694,43.33592],[-5.2294,43.333],[-5.23987,43.32642],[-5.24262,43.3261],[-5.23947,43.32164],[-5.24003,43.31914],[-5.23747,43.31516],[-5.23747,43.30952],[-5.23328,43.30546],[-5.23283,43.30307],[-5.22656,43.30104],[-5.22164,43.29669],[-5.22434,43.29461],[-5.22239,43.29149],[-5.22113,43.28285],[-5.21915,43.28239],[-5.21498,43.27823],[-5.20723,43.27687],[-5.18821,43.28816],[-5.17452,43.3003],[-5.17161,43.29965],[-5.16939,43.29718],[-5.16272,43.29801],[-5.16179,43.30167],[-5.15728,43.30409],[-5.14253,43.30035],[-5.13115,43.30247],[-5.13303,43.30404],[-5.13116,43.30687],[-5.13044,43.31643],[-5.13444,43.31977],[-5.13145,43.32397],[-5.13852,43.32358],[-5.14278,43.32587],[-5.13988,43.32739],[-5.1369,43.33387],[-5.13466,43.33547],[-5.13206,43.35419],[-5.1354,43.35884],[-5.14083,43.35954],[-5.15248,43.36546],[-5.14765,43.36974],[-5.14592,43.37297],[-5.1663,43.37255],[-5.17344,43.38133],[-5.17904,43.38362],[-5.17791,43.38674],[-5.18346,43.38557],[-5.18538,43.38657],[-5.18054,43.39084],[-5.18093,43.39515],[-5.1777,43.39669],[-5.17347,43.39719],[-5.16722,43.39478],[-5.15686,43.3952],[-5.15289,43.39798],[-5.14724,43.39845],[-5.14048,43.40105],[-5.13713,43.40291],[-5.13524,43.4073],[-5.1274,43.40744],[-5.1233,43.41133],[-5.11472,43.40859],[-5.11229,43.41393],[-5.10089,43.4105],[-5.09632,43.41125],[-5.09352,43.4134],[-5.09429,43.41668],[-5.09002,43.41854],[-5.08548,43.42453],[-5.09646,43.42784],[-5.1076,43.42588],[-5.11658,43.4302],[-5.12042,43.42908],[-5.12603,43.43009],[-5.12878,43.42783],[-5.13587,43.4254],[-5.14705,43.42643],[-5.15068,43.42431],[-5.15297,43.42002],[-5.15801,43.419],[-5.16018,43.41731],[-5.16361,43.41981],[-5.16427,43.42369],[-5.16965,43.42611],[-5.16469,43.43061],[-5.16773,43.43351],[-5.17662,43.43901],[-5.17938,43.43868],[-5.1862,43.44108],[-5.18924,43.43892],[-5.19672,43.43919],[-5.19822,43.43791],[-5.22102,43.43954],[-5.2267,43.43612],[-5.22949,43.43223],[-5.23158,43.43333],[-5.2327,43.43188],[-5.2396,43.43098],[-5.24303,43.43195],[-5.24972,43.4306],[-5.25148,43.43252],[-5.25403,43.43237],[-5.25793,43.43009],[-5.26453,43.4307],[-5.26944,43.42764],[-5.26944,43.42595]]]}},{"type":"Feature","id":"es-as-concejo-33046","properties":{"id":"es-as-concejo-33046","slug":"penamellera-alta","name":"Peñamellera Alta","localName":"Peñamellera Alta","aliases":[],"kind":"municipality","boundaryStatus":"official","parentId":"es-as","population":null,"areaKm2":92.2,"density":null,"referenceYear":null,"sourceId":"sitpa-administrative-units","bbox":[-4.78767,43.25609,-4.63399,43.36513],"center":[-4.71083,43.31061]},"geometry":{"type":"Polygon","coordinates":[[[-4.77834,43.36212],[-4.77616,43.35993],[-4.78118,43.35519],[-4.78767,43.34287],[-4.78488,43.33776],[-4.78201,43.32372],[-4.77901,43.32174],[-4.77321,43.31193],[-4.76553,43.30555],[-4.766,43.30347],[-4.76156,43.30089],[-4.75059,43.28441],[-4.74866,43.27897],[-4.73793,43.27253],[-4.73076,43.26269],[-4.73094,43.25734],[-4.7288,43.25609],[-4.71162,43.26097],[-4.70627,43.26625],[-4.70026,43.27611],[-4.66553,43.29035],[-4.65272,43.30991],[-4.65425,43.31372],[-4.6589,43.31605],[-4.66169,43.31921],[-4.66163,43.32214],[-4.65545,43.32289],[-4.65301,43.32571],[-4.65462,43.32697],[-4.64613,43.32706],[-4.64495,43.33011],[-4.63543,43.33277],[-4.63434,43.33607],[-4.63399,43.3385],[-4.63659,43.34161],[-4.64304,43.34465],[-4.64405,43.34755],[-4.64343,43.35115],[-4.66238,43.35375],[-4.66785,43.3527],[-4.67462,43.35357],[-4.67556,43.35625],[-4.67846,43.35777],[-4.69496,43.35892],[-4.70227,43.36134],[-4.7018,43.36358],[-4.7112,43.36513],[-4.72394,43.36369],[-4.72938,43.36441],[-4.7377,43.36273],[-4.76361,43.36277],[-4.77834,43.36212]]]}},{"type":"Feature","id":"es-as-concejo-33058","properties":{"id":"es-as-concejo-33058","slug":"riosa","name":"Riosa","localName":"Riosa","aliases":[],"kind":"municipality","boundaryStatus":"official","parentId":"es-as","population":null,"areaKm2":46.5,"density":null,"referenceYear":null,"sourceId":"sitpa-administrative-units","bbox":[-5.94792,43.16705,-5.84267,43.25076],"center":[-5.895295,43.208905]},"geometry":{"type":"Polygon","coordinates":[[[-5.94792,43.22882],[-5.94247,43.22526],[-5.94289,43.21945],[-5.94076,43.21767],[-5.93523,43.2176],[-5.93239,43.20666],[-5.91864,43.19911],[-5.91666,43.18966],[-5.90827,43.17986],[-5.89635,43.17036],[-5.88885,43.16745],[-5.88295,43.16705],[-5.88203,43.17003],[-5.87687,43.17598],[-5.87646,43.17857],[-5.86732,43.18858],[-5.86764,43.19193],[-5.86269,43.1963],[-5.85895,43.19812],[-5.846,43.19843],[-5.84785,43.20607],[-5.8463,43.21421],[-5.84746,43.22019],[-5.84612,43.2211],[-5.84496,43.22655],[-5.84578,43.22773],[-5.84344,43.22937],[-5.84445,43.23515],[-5.84267,43.2378],[-5.84543,43.23597],[-5.85252,43.23523],[-5.85909,43.23794],[-5.86207,43.24207],[-5.87163,43.24259],[-5.87781,43.24063],[-5.87748,43.2427],[-5.88321,43.24336],[-5.88887,43.24836],[-5.89085,43.24797],[-5.89829,43.25076],[-5.90692,43.24899],[-5.91084,43.24445],[-5.92471,43.24268],[-5.93002,43.24073],[-5.93073,43.23886],[-5.94139,43.23514],[-5.93914,43.23127],[-5.94694,43.22883],[-5.94792,43.22882]]]}},{"type":"Feature","id":"es-as-concejo-33047","properties":{"id":"es-as-concejo-33047","slug":"penamellera-baja","name":"Peñamellera Baja","localName":"Peñamellera Baxa","aliases":["Peñamellera Baxa"],"kind":"municipality","boundaryStatus":"official","parentId":"es-as","population":null,"areaKm2":84,"density":null,"referenceYear":null,"sourceId":"sitpa-administrative-units","bbox":[-4.70604,43.26416,-4.51857,43.35115],"center":[-4.612305,43.307655]},"geometry":{"type":"Polygon","coordinates":[[[-4.54737,43.26898],[-4.53772,43.26933],[-4.53267,43.27532],[-4.52496,43.27743],[-4.52152,43.28041],[-4.51857,43.29404],[-4.5191,43.30992],[-4.52017,43.31466],[-4.52703,43.32761],[-4.52298,43.33339],[-4.523,43.33809],[-4.54405,43.34555],[-4.59933,43.35091],[-4.61094,43.35097],[-4.62194,43.34924],[-4.6377,43.34971],[-4.64343,43.35115],[-4.64405,43.34755],[-4.64304,43.34465],[-4.63659,43.34161],[-4.63399,43.3385],[-4.63516,43.33302],[-4.64495,43.33011],[-4.64613,43.32706],[-4.65462,43.32697],[-4.65301,43.32571],[-4.65545,43.32289],[-4.66163,43.32214],[-4.66169,43.31921],[-4.6589,43.31605],[-4.65425,43.31372],[-4.65272,43.30991],[-4.66553,43.29035],[-4.70026,43.27611],[-4.70604,43.26687],[-4.70405,43.26498],[-4.69643,43.26563],[-4.6918,43.26451],[-4.68788,43.26622],[-4.68451,43.26543],[-4.68256,43.26745],[-4.67357,43.26763],[-4.66845,43.265],[-4.65832,43.26416],[-4.65079,43.26593],[-4.64987,43.26826],[-4.63157,43.26708],[-4.63594,43.27039],[-4.63654,43.2755],[-4.63445,43.27733],[-4.6309,43.27797],[-4.63019,43.27996],[-4.62692,43.2815],[-4.62383,43.2883],[-4.62023,43.28814],[-4.61851,43.2907],[-4.60744,43.29562],[-4.60756,43.29863],[-4.59885,43.29866],[-4.591,43.2931],[-4.58259,43.29187],[-4.58106,43.28982],[-4.57309,43.28908],[-4.57014,43.29177],[-4.55176,43.28672],[-4.55026,43.28569],[-4.55359,43.27955],[-4.55399,43.27736],[-4.5527,43.27508],[-4.54737,43.26898]]]}},{"type":"Feature","id":"es-as-concejo-33065","properties":{"id":"es-as-concejo-33065","slug":"sariego","name":"Sariego","localName":"Sariegu","aliases":["Sariegu"],"kind":"municipality","boundaryStatus":"official","parentId":"es-as","population":null,"areaKm2":25.7,"density":null,"referenceYear":null,"sourceId":"sitpa-administrative-units","bbox":[-5.60062,43.38907,-5.49637,43.44323],"center":[-5.548495,43.41615]},"geometry":{"type":"Polygon","coordinates":[[[-5.58551,43.44323],[-5.59482,43.43049],[-5.59756,43.42958],[-5.60062,43.42356],[-5.5938,43.41078],[-5.5737,43.4031],[-5.57529,43.39734],[-5.57342,43.39472],[-5.57629,43.39221],[-5.57298,43.39239],[-5.56773,43.38945],[-5.56568,43.39099],[-5.56208,43.38907],[-5.55456,43.39046],[-5.55438,43.39193],[-5.55263,43.39264],[-5.54854,43.39247],[-5.53409,43.39598],[-5.50784,43.39763],[-5.49637,43.40371],[-5.49969,43.40688],[-5.49648,43.41593],[-5.49975,43.41376],[-5.51173,43.42197],[-5.53863,43.42259],[-5.5559,43.42839],[-5.56481,43.42632],[-5.5798,43.43417],[-5.58551,43.44323]]]}},{"type":"Feature","id":"es-as-concejo-33067","properties":{"id":"es-as-concejo-33067","slug":"sobrescobio","name":"Sobrescobio","localName":"Sobrescobiu","aliases":["Sobrescobiu"],"kind":"municipality","boundaryStatus":"official","parentId":"es-as","population":null,"areaKm2":69.7,"density":null,"referenceYear":null,"sourceId":"sitpa-administrative-units","bbox":[-5.52034,43.12883,-5.41516,43.25899],"center":[-5.4677500000000006,43.19391]},"geometry":{"type":"Polygon","coordinates":[[[-5.51936,43.16105],[-5.52034,43.15786],[-5.51673,43.15021],[-5.50241,43.14315],[-5.50126,43.13608],[-5.49766,43.13357],[-5.4867,43.13232],[-5.47736,43.12883],[-5.46367,43.13417],[-5.46017,43.14096],[-5.4608,43.14471],[-5.44956,43.14959],[-5.44536,43.15672],[-5.44001,43.16008],[-5.43806,43.16676],[-5.43421,43.169],[-5.43148,43.17682],[-5.434,43.18064],[-5.43335,43.18793],[-5.42386,43.18975],[-5.42197,43.19089],[-5.42078,43.19395],[-5.4208,43.19792],[-5.42638,43.20139],[-5.42444,43.209],[-5.43037,43.21495],[-5.42838,43.22043],[-5.42555,43.22244],[-5.42547,43.22676],[-5.41516,43.22806],[-5.41559,43.23931],[-5.42399,43.25089],[-5.42854,43.2549],[-5.46588,43.25899],[-5.46418,43.25592],[-5.46976,43.25696],[-5.47608,43.25616],[-5.47701,43.25475],[-5.47226,43.25308],[-5.47045,43.24558],[-5.47367,43.24194],[-5.47317,43.23513],[-5.47578,43.23258],[-5.48044,43.23216],[-5.48184,43.22573],[-5.4798,43.22002],[-5.48395,43.21923],[-5.48668,43.21716],[-5.48594,43.21052],[-5.48791,43.20258],[-5.49376,43.19917],[-5.50172,43.19765],[-5.50365,43.19414],[-5.50234,43.18888],[-5.50589,43.18432],[-5.50423,43.18001],[-5.50703,43.16783],[-5.50643,43.16409],[-5.51898,43.16243],[-5.51936,43.16105]]]}},{"type":"Feature","id":"es-as-concejo-33066","properties":{"id":"es-as-concejo-33066","slug":"siero","name":"Siero","localName":"Siero","aliases":[],"kind":"municipality","boundaryStatus":"official","parentId":"es-as","population":null,"areaKm2":211,"density":null,"referenceYear":null,"sourceId":"sitpa-administrative-units","bbox":[-5.82968,43.32201,-5.55435,43.46608],"center":[-5.692015,43.394045]},"geometry":{"type":"Polygon","coordinates":[[[-5.68443,43.4554],[-5.6919,43.46014],[-5.6979,43.46608],[-5.705,43.45875],[-5.71378,43.4545],[-5.71756,43.45119],[-5.72054,43.45638],[-5.72505,43.45744],[-5.72985,43.45379],[-5.73026,43.44993],[-5.7336,43.44852],[-5.74119,43.44951],[-5.74761,43.4479],[-5.75709,43.45167],[-5.75808,43.44559],[-5.76471,43.44117],[-5.76656,43.43763],[-5.77365,43.43681],[-5.77874,43.42833],[-5.78123,43.42983],[-5.78803,43.42893],[-5.79154,43.42031],[-5.80111,43.41162],[-5.80376,43.41266],[-5.80409,43.41164],[-5.80909,43.41213],[-5.81031,43.41317],[-5.80903,43.414],[-5.81068,43.41482],[-5.8097,43.41586],[-5.81093,43.41615],[-5.81795,43.41335],[-5.81927,43.4146],[-5.82149,43.41441],[-5.82551,43.41282],[-5.82952,43.41323],[-5.82968,43.41227],[-5.82696,43.41041],[-5.82626,43.40729],[-5.82373,43.40528],[-5.82439,43.40274],[-5.82293,43.40111],[-5.8212,43.40233],[-5.82055,43.40126],[-5.82148,43.39921],[-5.82023,43.39407],[-5.81669,43.3933],[-5.81763,43.39059],[-5.81364,43.38858],[-5.80865,43.38848],[-5.80818,43.38562],[-5.8053,43.38486],[-5.80482,43.38293],[-5.80699,43.38151],[-5.8051,43.38029],[-5.79382,43.38021],[-5.7926,43.37911],[-5.78399,43.36648],[-5.78107,43.36007],[-5.78117,43.35531],[-5.77637,43.35377],[-5.77733,43.34535],[-5.7724,43.34438],[-5.76718,43.34626],[-5.75183,43.34665],[-5.74263,43.34285],[-5.74224,43.33942],[-5.74408,43.3371],[-5.74707,43.33605],[-5.73452,43.33489],[-5.73236,43.33737],[-5.73121,43.34369],[-5.72784,43.34383],[-5.72145,43.34084],[-5.72056,43.34315],[-5.71592,43.34325],[-5.71057,43.34597],[-5.70495,43.34397],[-5.70228,43.33529],[-5.68283,43.33129],[-5.66397,43.34104],[-5.65726,43.34109],[-5.65147,43.33744],[-5.65053,43.3344],[-5.64923,43.33459],[-5.6461,43.33176],[-5.61815,43.32463],[-5.61544,43.32201],[-5.60869,43.32869],[-5.6034,43.33024],[-5.60065,43.33549],[-5.60292,43.34163],[-5.593,43.35185],[-5.57778,43.35293],[-5.57241,43.35638],[-5.56754,43.35726],[-5.56869,43.35908],[-5.56793,43.36763],[-5.56364,43.36778],[-5.561,43.37156],[-5.56238,43.37329],[-5.56097,43.37815],[-5.55866,43.37787],[-5.55537,43.38254],[-5.55624,43.38757],[-5.55435,43.38999],[-5.55787,43.39054],[-5.5629,43.38902],[-5.56568,43.39099],[-5.56773,43.38945],[-5.57298,43.39239],[-5.57629,43.39221],[-5.57342,43.39472],[-5.57529,43.39734],[-5.5737,43.4031],[-5.5938,43.41078],[-5.60062,43.42356],[-5.59756,43.42958],[-5.59482,43.43049],[-5.58551,43.44323],[-5.59752,43.44335],[-5.60528,43.44189],[-5.61068,43.44339],[-5.62411,43.44309],[-5.63296,43.44912],[-5.64017,43.45041],[-5.64532,43.45499],[-5.65059,43.45364],[-5.65593,43.456],[-5.66129,43.45489],[-5.66312,43.45621],[-5.67335,43.45634],[-5.68247,43.45408],[-5.68443,43.4554]],[[-5.679,43.43942],[-5.67573,43.44023],[-5.67582,43.43757],[-5.67281,43.43332],[-5.67249,43.4304],[-5.66983,43.42955],[-5.67687,43.42297],[-5.6815,43.42391],[-5.6857,43.42273],[-5.69119,43.42506],[-5.68931,43.42823],[-5.68119,43.4305],[-5.6818,43.43315],[-5.68023,43.4389],[-5.679,43.43942]],[[-5.68496,43.41695],[-5.68521,43.41781],[-5.68349,43.41767],[-5.68387,43.41658],[-5.68496,43.41695]],[[-5.71451,43.40511],[-5.70726,43.4091],[-5.706,43.40575],[-5.7012,43.40354],[-5.69641,43.39228],[-5.69809,43.38813],[-5.70464,43.38467],[-5.72392,43.38668],[-5.7205,43.3883],[-5.72,43.39191],[-5.71775,43.39528],[-5.71865,43.39911],[-5.72009,43.39968],[-5.71729,43.4015],[-5.71571,43.40475],[-5.71451,43.40511]],[[-5.68252,43.40631],[-5.68167,43.40807],[-5.67996,43.40739],[-5.68133,43.40578],[-5.68252,43.40631]]]}},{"type":"Feature","id":"es-as-concejo-33049","properties":{"id":"es-as-concejo-33049","slug":"pilona","name":"Piloña","localName":"Piloña","aliases":[],"kind":"municipality","boundaryStatus":"official","parentId":"es-as","population":null,"areaKm2":284.9,"density":null,"referenceYear":null,"sourceId":"sitpa-administrative-units","bbox":[-5.48335,43.23989,-5.22113,43.42819],"center":[-5.35224,43.33404]},"geometry":{"type":"Polygon","coordinates":[[[-5.33319,43.42625],[-5.33882,43.42819],[-5.34303,43.42422],[-5.34776,43.42679],[-5.35651,43.41814],[-5.35908,43.41818],[-5.36615,43.40698],[-5.37158,43.3925],[-5.38314,43.3856],[-5.40519,43.38394],[-5.42962,43.38393],[-5.42571,43.36386],[-5.42802,43.3627],[-5.42124,43.35403],[-5.42158,43.34975],[-5.41904,43.34306],[-5.41972,43.34104],[-5.42646,43.33617],[-5.43026,43.33617],[-5.44176,43.32851],[-5.44706,43.32764],[-5.45154,43.32429],[-5.45695,43.3232],[-5.46299,43.3177],[-5.46393,43.31134],[-5.46997,43.30328],[-5.46681,43.29896],[-5.47429,43.29408],[-5.47336,43.29155],[-5.48031,43.29066],[-5.48335,43.28407],[-5.48154,43.27618],[-5.47558,43.27237],[-5.46632,43.26956],[-5.46359,43.26592],[-5.46665,43.26141],[-5.46588,43.25899],[-5.42854,43.2549],[-5.42765,43.25638],[-5.42262,43.25733],[-5.41976,43.2607],[-5.41673,43.26064],[-5.41647,43.26583],[-5.41982,43.2707],[-5.41166,43.27085],[-5.40976,43.27009],[-5.40913,43.26814],[-5.40672,43.26997],[-5.39811,43.27182],[-5.38733,43.26775],[-5.38454,43.26436],[-5.37879,43.26227],[-5.37729,43.25819],[-5.37232,43.25746],[-5.37129,43.2545],[-5.3673,43.2504],[-5.36064,43.25323],[-5.35156,43.25452],[-5.33578,43.24849],[-5.33467,43.25067],[-5.32877,43.25411],[-5.31382,43.25731],[-5.30804,43.25604],[-5.3018,43.25145],[-5.29414,43.25029],[-5.29124,43.24813],[-5.2861,43.23989],[-5.28585,43.24573],[-5.28205,43.25545],[-5.2773,43.2599],[-5.27635,43.26337],[-5.27387,43.26627],[-5.26038,43.26657],[-5.25794,43.26897],[-5.25083,43.26829],[-5.23755,43.28342],[-5.23435,43.2804],[-5.22942,43.27973],[-5.22113,43.28285],[-5.22239,43.29149],[-5.22434,43.29461],[-5.22164,43.29669],[-5.22656,43.30104],[-5.23283,43.30307],[-5.23328,43.30546],[-5.23747,43.30952],[-5.23747,43.31516],[-5.24003,43.31914],[-5.23947,43.32164],[-5.24262,43.3261],[-5.23987,43.32642],[-5.2294,43.333],[-5.22694,43.33592],[-5.23163,43.3437],[-5.22844,43.34844],[-5.22864,43.35179],[-5.23028,43.35585],[-5.23407,43.35787],[-5.23393,43.3635],[-5.23758,43.36584],[-5.2339,43.37004],[-5.23058,43.37107],[-5.22893,43.37386],[-5.23159,43.37829],[-5.22812,43.38187],[-5.22772,43.38432],[-5.23159,43.38966],[-5.23498,43.39175],[-5.23795,43.40034],[-5.24982,43.4101],[-5.24882,43.4135],[-5.24975,43.41498],[-5.26131,43.42052],[-5.26414,43.42443],[-5.26944,43.42595],[-5.28157,43.41306],[-5.2954,43.41183],[-5.31143,43.41608],[-5.31394,43.41401],[-5.31895,43.41511],[-5.3226,43.41857],[-5.32423,43.42231],[-5.33319,43.42625]]]}},{"type":"Feature","id":"es-as-concejo-33060","properties":{"id":"es-as-concejo-33060","slug":"san-martin-del-rey-aurelio","name":"San Martín Del Rey Aurelio","localName":"Samartín Del Rey Aurelio","aliases":["Samartín Del Rey Aurelio"],"kind":"municipality","boundaryStatus":"official","parentId":"es-as","population":null,"areaKm2":55.1,"density":null,"referenceYear":null,"sourceId":"sitpa-administrative-units","bbox":[-5.66691,43.22071,-5.55512,43.32933],"center":[-5.611015,43.27502]},"geometry":{"type":"Polygon","coordinates":[[[-5.65528,43.22902],[-5.65144,43.22826],[-5.64708,43.22445],[-5.64448,43.22476],[-5.63621,43.2214],[-5.62887,43.22071],[-5.62127,43.22671],[-5.62013,43.22943],[-5.61408,43.23244],[-5.61335,43.2348],[-5.60749,43.23401],[-5.59581,43.23506],[-5.5939,43.24298],[-5.59585,43.24518],[-5.59483,43.24761],[-5.59268,43.25009],[-5.58738,43.25236],[-5.5871,43.25659],[-5.5801,43.2649],[-5.5809,43.26651],[-5.57745,43.27503],[-5.56735,43.28324],[-5.56474,43.28767],[-5.56032,43.29124],[-5.55512,43.29309],[-5.55876,43.29298],[-5.56075,43.29576],[-5.56555,43.29738],[-5.56831,43.29636],[-5.57868,43.29886],[-5.5831,43.30893],[-5.58768,43.31172],[-5.58821,43.31805],[-5.59721,43.32105],[-5.60002,43.32464],[-5.60503,43.32636],[-5.60667,43.32933],[-5.61044,43.32732],[-5.61544,43.32201],[-5.61815,43.32463],[-5.61521,43.3198],[-5.61845,43.3104],[-5.62649,43.31088],[-5.63103,43.30861],[-5.63948,43.3079],[-5.64284,43.30575],[-5.64577,43.30632],[-5.66691,43.29041],[-5.65562,43.28931],[-5.65017,43.28659],[-5.64772,43.28221],[-5.64766,43.27669],[-5.64495,43.27053],[-5.6457,43.26965],[-5.64478,43.26842],[-5.64768,43.26583],[-5.64353,43.26453],[-5.64511,43.26363],[-5.64329,43.26142],[-5.64971,43.2572],[-5.6498,43.25538],[-5.64827,43.25419],[-5.65195,43.25031],[-5.65618,43.23981],[-5.65424,43.2362],[-5.65551,43.22954],[-5.65528,43.22902]]]}},{"type":"Feature","id":"es-as-concejo-33050","properties":{"id":"es-as-concejo-33050","slug":"ponga","name":"Ponga","localName":"Ponga","aliases":[],"kind":"municipality","boundaryStatus":"official","parentId":"es-as","population":null,"areaKm2":206.4,"density":null,"referenceYear":null,"sourceId":"sitpa-administrative-units","bbox":[-5.28897,43.09023,-5.05362,43.28342],"center":[-5.171295,43.186825]},"geometry":{"type":"Polygon","coordinates":[[[-5.2861,43.23989],[-5.28578,43.23593],[-5.28853,43.2319],[-5.28897,43.22663],[-5.27016,43.21789],[-5.24884,43.21116],[-5.24977,43.20658],[-5.25879,43.19783],[-5.25106,43.18878],[-5.2527,43.18697],[-5.25232,43.18532],[-5.23968,43.17831],[-5.23184,43.17589],[-5.22342,43.17565],[-5.21456,43.17282],[-5.21736,43.16573],[-5.21515,43.15837],[-5.21682,43.15476],[-5.21543,43.14415],[-5.20887,43.13598],[-5.19614,43.13149],[-5.19597,43.12874],[-5.19091,43.1231],[-5.18819,43.11724],[-5.19128,43.11513],[-5.19576,43.11492],[-5.19907,43.11201],[-5.19921,43.10949],[-5.20343,43.10337],[-5.20473,43.09575],[-5.20683,43.09238],[-5.20395,43.09059],[-5.20119,43.09023],[-5.20091,43.09171],[-5.19818,43.09324],[-5.19202,43.09489],[-5.1886,43.09977],[-5.1806,43.1008],[-5.1754,43.10002],[-5.17094,43.10239],[-5.16792,43.10244],[-5.16203,43.11008],[-5.15346,43.11098],[-5.1478,43.11512],[-5.14075,43.10508],[-5.14068,43.10292],[-5.12393,43.1006],[-5.10174,43.10185],[-5.09565,43.1077],[-5.09929,43.11584],[-5.0969,43.12131],[-5.0939,43.12352],[-5.09152,43.13229],[-5.0939,43.14299],[-5.09328,43.14435],[-5.08681,43.14746],[-5.08649,43.15372],[-5.08289,43.15827],[-5.07901,43.15979],[-5.07761,43.166],[-5.07536,43.1669],[-5.0759,43.17126],[-5.07792,43.17333],[-5.07663,43.17895],[-5.06668,43.17479],[-5.05947,43.17433],[-5.05885,43.17661],[-5.05362,43.18059],[-5.05624,43.18954],[-5.05869,43.19173],[-5.06586,43.19333],[-5.06989,43.19605],[-5.07476,43.20284],[-5.07866,43.20543],[-5.0785,43.22193],[-5.09541,43.22495],[-5.09901,43.22671],[-5.101,43.2256],[-5.10752,43.22556],[-5.11641,43.22223],[-5.12244,43.22266],[-5.12402,43.22086],[-5.13678,43.22183],[-5.14386,43.23015],[-5.14932,43.23297],[-5.15746,43.23153],[-5.16607,43.23655],[-5.16862,43.23984],[-5.17124,43.24051],[-5.17588,43.2447],[-5.17762,43.24779],[-5.17657,43.25069],[-5.17731,43.25154],[-5.19383,43.25853],[-5.19644,43.26254],[-5.20142,43.26522],[-5.19984,43.26718],[-5.20872,43.27213],[-5.20751,43.27313],[-5.20723,43.27687],[-5.21498,43.27823],[-5.21971,43.2828],[-5.22942,43.27973],[-5.23435,43.2804],[-5.23755,43.28342],[-5.25083,43.26829],[-5.25794,43.26897],[-5.26038,43.26657],[-5.27387,43.26627],[-5.27635,43.26337],[-5.2773,43.2599],[-5.28205,43.25545],[-5.28585,43.24573],[-5.28632,43.24062],[-5.2861,43.23989]]]}},{"type":"Feature","id":"es-as-concejo-33051","properties":{"id":"es-as-concejo-33051","slug":"pravia","name":"Pravia","localName":"Pravia","aliases":[],"kind":"municipality","boundaryStatus":"official","parentId":"es-as","population":null,"areaKm2":103,"density":null,"referenceYear":null,"sourceId":"sitpa-administrative-units","bbox":[-6.23546,43.41694,-6.06473,43.54713],"center":[-6.150095,43.482034999999996]},"geometry":{"type":"Polygon","coordinates":[[[-6.23546,43.49573],[-6.23364,43.49148],[-6.22765,43.4883],[-6.23087,43.48773],[-6.22988,43.48168],[-6.2277,43.48196],[-6.22826,43.48048],[-6.22645,43.48042],[-6.22635,43.47878],[-6.22225,43.47618],[-6.22257,43.47474],[-6.22036,43.47342],[-6.22015,43.47068],[-6.21866,43.47021],[-6.21766,43.46754],[-6.22507,43.46171],[-6.23043,43.46103],[-6.22991,43.45836],[-6.22424,43.45437],[-6.20219,43.45273],[-6.19125,43.44978],[-6.1891,43.44633],[-6.18645,43.44473],[-6.18562,43.44122],[-6.18089,43.44304],[-6.17843,43.4416],[-6.17589,43.43774],[-6.17071,43.4377],[-6.16238,43.43222],[-6.16323,43.4248],[-6.16127,43.42225],[-6.15664,43.41966],[-6.15504,43.41694],[-6.15163,43.42021],[-6.1449,43.42058],[-6.14129,43.42697],[-6.14232,43.43393],[-6.13753,43.43897],[-6.13132,43.44051],[-6.12994,43.44253],[-6.12728,43.44197],[-6.11917,43.44551],[-6.10548,43.46251],[-6.09936,43.46323],[-6.09733,43.46478],[-6.09645,43.46629],[-6.09847,43.46876],[-6.08697,43.47263],[-6.0856,43.47549],[-6.07876,43.47605],[-6.06473,43.48414],[-6.07368,43.49129],[-6.08226,43.49615],[-6.0846,43.49977],[-6.08475,43.50254],[-6.07928,43.50673],[-6.07706,43.51042],[-6.07596,43.51726],[-6.07702,43.52052],[-6.08288,43.52354],[-6.08585,43.52871],[-6.09259,43.53472],[-6.10262,43.53583],[-6.10919,43.53807],[-6.10905,43.54143],[-6.1152,43.53955],[-6.1211,43.54255],[-6.12021,43.54511],[-6.12223,43.54713],[-6.12468,43.54649],[-6.12712,43.54215],[-6.13413,43.53906],[-6.14107,43.52762],[-6.14076,43.52195],[-6.14287,43.52032],[-6.15175,43.51738],[-6.16998,43.51527],[-6.1719,43.51661],[-6.173,43.51964],[-6.17561,43.5199],[-6.17395,43.51589],[-6.17809,43.51443],[-6.17933,43.51162],[-6.18221,43.51031],[-6.18659,43.50514],[-6.1933,43.507],[-6.19948,43.51109],[-6.20084,43.51577],[-6.20302,43.51832],[-6.21027,43.51929],[-6.21393,43.52255],[-6.2163,43.52093],[-6.21517,43.51938],[-6.22138,43.5092],[-6.22588,43.5076],[-6.22765,43.50259],[-6.23321,43.50025],[-6.23267,43.499],[-6.23474,43.49632],[-6.23546,43.49573]]]}},{"type":"Feature","id":"es-as-concejo-33053","properties":{"id":"es-as-concejo-33053","slug":"quiros","name":"Quirós","localName":"Quirós","aliases":[],"kind":"municipality","boundaryStatus":"official","parentId":"es-as","population":null,"areaKm2":203.3,"density":null,"referenceYear":null,"sourceId":"sitpa-administrative-units","bbox":[-6.05811,43.02902,-5.88002,43.27525],"center":[-5.9690650000000005,43.152135]},"geometry":{"type":"Polygon","coordinates":[[[-5.89739,43.05205],[-5.88843,43.05219],[-5.88345,43.05384],[-5.88147,43.05578],[-5.88002,43.0597],[-5.88334,43.06105],[-5.88462,43.06683],[-5.88052,43.07436],[-5.88624,43.07876],[-5.8815,43.08184],[-5.88068,43.08662],[-5.88819,43.09512],[-5.88648,43.10101],[-5.88358,43.10383],[-5.88385,43.11034],[-5.8864,43.11282],[-5.88656,43.11576],[-5.88926,43.11882],[-5.88989,43.1249],[-5.8942,43.12822],[-5.89809,43.13361],[-5.89898,43.13201],[-5.90102,43.13306],[-5.90262,43.13882],[-5.90835,43.14939],[-5.9055,43.1559],[-5.90613,43.16115],[-5.89556,43.16367],[-5.88885,43.16745],[-5.89635,43.17036],[-5.90827,43.17986],[-5.91666,43.18966],[-5.91864,43.19911],[-5.93239,43.20666],[-5.93523,43.2176],[-5.94076,43.21767],[-5.94289,43.21945],[-5.94247,43.22526],[-5.94792,43.22882],[-5.94961,43.23328],[-5.95351,43.2376],[-5.95557,43.2378],[-5.9607,43.24173],[-5.96049,43.24356],[-5.96206,43.2454],[-5.95016,43.25577],[-5.95184,43.26261],[-5.94945,43.26462],[-5.95137,43.26881],[-5.95484,43.2702],[-5.96013,43.27525],[-5.97442,43.26692],[-5.97857,43.26692],[-5.97864,43.2635],[-5.9805,43.26172],[-5.98218,43.2538],[-5.9816,43.25163],[-5.97581,43.24869],[-5.97335,43.24867],[-5.97557,43.23494],[-5.99246,43.23543],[-5.99456,43.23127],[-5.99356,43.23063],[-6.00426,43.22243],[-6.01176,43.21845],[-6.02055,43.21833],[-6.0215,43.20791],[-6.02398,43.20212],[-6.02329,43.19954],[-6.02568,43.19849],[-6.02882,43.1931],[-6.02815,43.19031],[-6.0292,43.18718],[-6.02445,43.18179],[-6.02902,43.18006],[-6.03263,43.18029],[-6.0347,43.17155],[-6.03874,43.16956],[-6.04681,43.16758],[-6.05811,43.16886],[-6.04083,43.15649],[-6.04138,43.15538],[-6.03395,43.1429],[-6.03714,43.13742],[-6.02569,43.13091],[-6.02441,43.11493],[-6.01973,43.11311],[-6.01524,43.11529],[-6.01108,43.11224],[-6.00535,43.10521],[-6.01305,43.09516],[-6.01292,43.08657],[-6.00201,43.06849],[-6.00426,43.05805],[-5.99633,43.05792],[-5.98894,43.06722],[-5.98599,43.06724],[-5.98206,43.06446],[-5.97897,43.06398],[-5.97708,43.06551],[-5.97384,43.06531],[-5.97347,43.0594],[-5.97049,43.05754],[-5.96599,43.05821],[-5.96411,43.05423],[-5.96216,43.05294],[-5.96382,43.05066],[-5.96449,43.04604],[-5.96966,43.04083],[-5.96695,43.03654],[-5.96257,43.03372],[-5.96045,43.03372],[-5.96226,43.03323],[-5.95962,43.0291],[-5.95316,43.02902],[-5.94726,43.03257],[-5.94231,43.03266],[-5.93775,43.03466],[-5.93576,43.04319],[-5.92833,43.04538],[-5.92644,43.04707],[-5.92542,43.04986],[-5.92812,43.05379],[-5.92614,43.05713],[-5.92329,43.05708],[-5.92158,43.05877],[-5.91904,43.05817],[-5.91636,43.05409],[-5.91409,43.05558],[-5.9138,43.05328],[-5.91079,43.05053],[-5.90629,43.05171],[-5.90437,43.05047],[-5.89767,43.05212],[-5.89739,43.05205]]]}},{"type":"Feature","id":"es-as-concejo-33054","properties":{"id":"es-as-concejo-33054","slug":"las-regueras","name":"Las Regueras","localName":"Les Regueres","aliases":["Les Regueres"],"kind":"municipality","boundaryStatus":"official","parentId":"es-as","population":null,"areaKm2":67.4,"density":null,"referenceYear":null,"sourceId":"sitpa-administrative-units","bbox":[-6.03558,43.36773,-5.91803,43.47473],"center":[-5.976805000000001,43.42123]},"geometry":{"type":"Polygon","coordinates":[[[-5.97736,43.47473],[-5.98839,43.47343],[-5.99981,43.46044],[-6.00335,43.45473],[-6.01195,43.44696],[-6.01487,43.44034],[-6.01495,43.43269],[-6.02097,43.42463],[-6.0256,43.42183],[-6.02993,43.41225],[-6.03381,43.40865],[-6.03558,43.40281],[-6.02944,43.40298],[-6.02407,43.39579],[-6.02155,43.39447],[-6.01603,43.39624],[-6.01212,43.39557],[-6.00262,43.38857],[-6.00018,43.38842],[-5.99552,43.39184],[-5.98865,43.3884],[-5.98344,43.38972],[-5.97728,43.38849],[-5.97632,43.38718],[-5.97709,43.38363],[-5.97372,43.38227],[-5.97243,43.38028],[-5.97042,43.38079],[-5.97003,43.38432],[-5.9662,43.38362],[-5.96908,43.38081],[-5.96835,43.37879],[-5.96354,43.37958],[-5.96124,43.38167],[-5.96181,43.37775],[-5.95913,43.37429],[-5.96363,43.36935],[-5.96283,43.36841],[-5.95672,43.37006],[-5.95685,43.3734],[-5.95409,43.37442],[-5.95104,43.37137],[-5.94332,43.37265],[-5.94161,43.36907],[-5.93872,43.36773],[-5.93416,43.37146],[-5.92771,43.37388],[-5.92698,43.37843],[-5.92856,43.37945],[-5.9328,43.37729],[-5.93475,43.37896],[-5.92895,43.38596],[-5.93028,43.38747],[-5.93858,43.38838],[-5.93502,43.39326],[-5.94205,43.39436],[-5.94288,43.39647],[-5.93915,43.39873],[-5.9354,43.39607],[-5.93137,43.39757],[-5.92005,43.4249],[-5.92273,43.42968],[-5.91932,43.43118],[-5.91803,43.43558],[-5.92768,43.4418],[-5.93412,43.44106],[-5.94048,43.44439],[-5.94433,43.45437],[-5.94347,43.45719],[-5.94028,43.45959],[-5.94055,43.46083],[-5.94772,43.46754],[-5.96772,43.47248],[-5.97313,43.47151],[-5.97595,43.47363],[-5.97736,43.47473]]]}},{"type":"Feature","id":"es-as-concejo-33059","properties":{"id":"es-as-concejo-33059","slug":"salas","name":"Salas","localName":"Salas","aliases":[],"kind":"municipality","boundaryStatus":"official","parentId":"es-as","population":null,"areaKm2":227.3,"density":null,"referenceYear":null,"sourceId":"sitpa-administrative-units","bbox":[-6.36259,43.3218,-6.11065,43.49989],"center":[-6.23662,43.410845]},"geometry":{"type":"Polygon","coordinates":[[[-6.36259,43.43185],[-6.35984,43.4281],[-6.36142,43.42653],[-6.3535,43.4218],[-6.35415,43.41828],[-6.35185,43.4165],[-6.35088,43.41372],[-6.34881,43.41385],[-6.34696,43.40757],[-6.34495,43.40514],[-6.34734,43.40016],[-6.35141,43.39921],[-6.34822,43.39435],[-6.34198,43.39186],[-6.34099,43.38994],[-6.33423,43.38663],[-6.32647,43.37697],[-6.32927,43.37443],[-6.33072,43.36959],[-6.33494,43.36416],[-6.32224,43.35831],[-6.315,43.35802],[-6.31379,43.35579],[-6.30995,43.35594],[-6.30338,43.35282],[-6.30195,43.3507],[-6.30028,43.35153],[-6.29908,43.3496],[-6.30686,43.34456],[-6.31517,43.33044],[-6.3113,43.32938],[-6.30778,43.32405],[-6.30326,43.3218],[-6.29642,43.32506],[-6.29357,43.32995],[-6.28708,43.32642],[-6.27585,43.33297],[-6.2705,43.33046],[-6.26655,43.33205],[-6.26237,43.33506],[-6.26279,43.33695],[-6.2607,43.34293],[-6.25665,43.34321],[-6.2575,43.34712],[-6.25084,43.35859],[-6.23592,43.36124],[-6.23068,43.36607],[-6.22183,43.36386],[-6.21777,43.35938],[-6.20458,43.35741],[-6.19934,43.35353],[-6.19133,43.35666],[-6.17921,43.35567],[-6.16952,43.36021],[-6.16071,43.36123],[-6.15459,43.36594],[-6.15168,43.37104],[-6.13122,43.36729],[-6.13423,43.37354],[-6.13243,43.37898],[-6.1236,43.38085],[-6.12123,43.38377],[-6.12302,43.39215],[-6.12219,43.39618],[-6.12706,43.39742],[-6.12701,43.4013],[-6.11529,43.41078],[-6.11121,43.42322],[-6.11065,43.42907],[-6.11357,43.43229],[-6.11873,43.43494],[-6.11887,43.43933],[-6.12129,43.44401],[-6.12458,43.44379],[-6.12728,43.44197],[-6.12994,43.44253],[-6.13132,43.44051],[-6.13718,43.43927],[-6.14232,43.43393],[-6.14129,43.42697],[-6.1449,43.42058],[-6.15163,43.42021],[-6.15504,43.41694],[-6.15664,43.41966],[-6.16127,43.42225],[-6.16323,43.4248],[-6.16238,43.43222],[-6.17071,43.4377],[-6.17589,43.43774],[-6.17843,43.4416],[-6.18089,43.44304],[-6.18562,43.44122],[-6.18645,43.44473],[-6.1891,43.44633],[-6.19125,43.44978],[-6.20219,43.45273],[-6.22424,43.45437],[-6.22991,43.45836],[-6.23043,43.46103],[-6.22507,43.46171],[-6.21766,43.46754],[-6.21866,43.47021],[-6.22015,43.47068],[-6.22036,43.47342],[-6.22257,43.47474],[-6.22225,43.47618],[-6.22635,43.47878],[-6.22645,43.48042],[-6.22826,43.48048],[-6.2277,43.48196],[-6.22988,43.48168],[-6.23087,43.48773],[-6.22765,43.4883],[-6.23364,43.49148],[-6.23546,43.49573],[-6.25444,43.49519],[-6.25847,43.49161],[-6.26611,43.49388],[-6.2687,43.49539],[-6.2698,43.49768],[-6.27449,43.49753],[-6.28139,43.49989],[-6.28787,43.49986],[-6.28934,43.49867],[-6.28939,43.49514],[-6.29384,43.49391],[-6.2952,43.49206],[-6.29726,43.48562],[-6.30624,43.4808],[-6.31608,43.48014],[-6.32719,43.48346],[-6.34362,43.47334],[-6.33914,43.47118],[-6.33681,43.46712],[-6.3493,43.4517],[-6.35149,43.446],[-6.35586,43.44351],[-6.35294,43.44011],[-6.36064,43.43742],[-6.36162,43.43463],[-6.36259,43.43185]]]}},{"type":"Feature","id":"es-as-concejo-33055","properties":{"id":"es-as-concejo-33055","slug":"ribadedeva","name":"Ribadedeva","localName":"Ribedeva","aliases":["Ribedeva"],"kind":"municipality","boundaryStatus":"official","parentId":"es-as","population":null,"areaKm2":35.4,"density":null,"referenceYear":null,"sourceId":"sitpa-administrative-units","bbox":[-4.62648,43.34373,-4.51045,43.40012],"center":[-4.568465,43.371925000000005]},"geometry":{"type":"MultiPolygon","coordinates":[[[[-4.53992,43.39983],[-4.54601,43.39976],[-4.54679,43.39901],[-4.54576,43.3984],[-4.54706,43.39788],[-4.54571,43.39738],[-4.5477,43.39759],[-4.54718,43.39651],[-4.54927,43.39592],[-4.5573,43.39798],[-4.5556,43.3951],[-4.55625,43.39394],[-4.56125,43.39269],[-4.56491,43.39329],[-4.56653,43.39201],[-4.57067,43.39402],[-4.57191,43.39345],[-4.57205,43.39445],[-4.57626,43.39288],[-4.57757,43.39388],[-4.57593,43.39511],[-4.57674,43.39575],[-4.58069,43.39117],[-4.58919,43.3895],[-4.58926,43.38208],[-4.59297,43.38061],[-4.59257,43.37943],[-4.59491,43.37713],[-4.59386,43.37523],[-4.59642,43.37325],[-4.6009,43.37296],[-4.60195,43.37499],[-4.60578,43.37248],[-4.61034,43.37479],[-4.61834,43.37292],[-4.61797,43.37131],[-4.61525,43.37056],[-4.61633,43.36693],[-4.62279,43.36858],[-4.62292,43.36517],[-4.61998,43.36264],[-4.62648,43.35067],[-4.59933,43.35091],[-4.54405,43.34555],[-4.53755,43.34373],[-4.53669,43.34455],[-4.53767,43.3473],[-4.53617,43.34863],[-4.53709,43.35041],[-4.53434,43.35322],[-4.5399,43.35623],[-4.53675,43.35858],[-4.53134,43.35941],[-4.53525,43.36274],[-4.53533,43.36681],[-4.53316,43.36776],[-4.52115,43.36615],[-4.52357,43.36932],[-4.51703,43.37623],[-4.51191,43.37914],[-4.51045,43.38175],[-4.51355,43.3888],[-4.51243,43.39328],[-4.51873,43.39581],[-4.52391,43.39628],[-4.52468,43.39743],[-4.53216,43.39766],[-4.53118,43.39891],[-4.53371,43.39984],[-4.53736,43.39979],[-4.53992,43.39983]]],[[[-4.56831,43.39344],[-4.56823,43.39345],[-4.56818,43.39349],[-4.56817,43.39353],[-4.56825,43.39359],[-4.56837,43.39361],[-4.56849,43.39361],[-4.56877,43.39358],[-4.56888,43.39353],[-4.56894,43.3935],[-4.56894,43.39346],[-4.5686,43.39333],[-4.56831,43.39344]]],[[[-4.56184,43.3935],[-4.56184,43.39357],[-4.5619,43.39365],[-4.56198,43.3937],[-4.56205,43.39373],[-4.56215,43.39372],[-4.5622,43.3937],[-4.56219,43.39349],[-4.56196,43.39347],[-4.56189,43.39347],[-4.56184,43.3935]]],[[[-4.55989,43.39368],[-4.55983,43.3937],[-4.55981,43.39378],[-4.55981,43.39384],[-4.55986,43.39388],[-4.55997,43.39393],[-4.56011,43.39393],[-4.56023,43.39392],[-4.56034,43.39389],[-4.5604,43.39386],[-4.56041,43.39381],[-4.56036,43.39375],[-4.55999,43.3936],[-4.55989,43.39368]]],[[[-4.56264,43.39372],[-4.56257,43.39376],[-4.56254,43.39382],[-4.56256,43.39389],[-4.56263,43.39393],[-4.56274,43.39397],[-4.56287,43.39399],[-4.563,43.39398],[-4.56313,43.39397],[-4.56321,43.39394],[-4.56327,43.39388],[-4.56327,43.39384],[-4.56304,43.39368],[-4.56264,43.39372]]],[[[-4.56523,43.39358],[-4.56525,43.39364],[-4.56556,43.39393],[-4.56568,43.39397],[-4.56578,43.39398],[-4.56584,43.39396],[-4.56587,43.39389],[-4.56586,43.39383],[-4.5656,43.39355],[-4.56528,43.39355],[-4.56523,43.39358]]],[[[-4.57064,43.39435],[-4.57057,43.39442],[-4.57053,43.39448],[-4.57053,43.39453],[-4.57059,43.39457],[-4.57071,43.39459],[-4.57083,43.39456],[-4.57095,43.39452],[-4.57099,43.3945],[-4.57092,43.39432],[-4.57074,43.3943],[-4.57064,43.39435]]],[[[-4.57194,43.39452],[-4.57189,43.39457],[-4.57188,43.39464],[-4.57194,43.39472],[-4.57204,43.39478],[-4.57216,43.39481],[-4.57228,43.39482],[-4.5724,43.39479],[-4.5725,43.39475],[-4.57254,43.39469],[-4.57253,43.39465],[-4.57226,43.39461],[-4.57207,43.39452],[-4.572,43.3945],[-4.57194,43.39452]]],[[[-4.55592,43.39486],[-4.55593,43.39495],[-4.55604,43.39512],[-4.55611,43.39519],[-4.5562,43.39523],[-4.55634,43.39524],[-4.5566,43.39524],[-4.55669,43.39523],[-4.55674,43.3952],[-4.55673,43.39513],[-4.55668,43.39508],[-4.55649,43.39501],[-4.55644,43.39493],[-4.55636,43.39488],[-4.5561,43.39481],[-4.55592,43.39486]]],[[[-4.5756,43.39537],[-4.57548,43.39541],[-4.5754,43.39546],[-4.57536,43.39553],[-4.57537,43.39571],[-4.57542,43.39579],[-4.57549,43.39584],[-4.5758,43.39581],[-4.57583,43.39554],[-4.57583,43.39545],[-4.57578,43.39538],[-4.57571,43.39536],[-4.5756,43.39537]]],[[[-4.57597,43.39625],[-4.57586,43.39632],[-4.57583,43.39636],[-4.57583,43.3964],[-4.5759,43.39644],[-4.57616,43.39641],[-4.57628,43.39637],[-4.57633,43.39633],[-4.57633,43.39628],[-4.57631,43.39624],[-4.57597,43.39625]]],[[[-4.57569,43.39688],[-4.57515,43.39702],[-4.57508,43.39707],[-4.57508,43.39712],[-4.57514,43.39716],[-4.57527,43.39717],[-4.5754,43.39715],[-4.57565,43.39709],[-4.57586,43.39699],[-4.5759,43.39695],[-4.57589,43.3969],[-4.57583,43.39688],[-4.57569,43.39688]]],[[[-4.57432,43.39884],[-4.57537,43.40012],[-4.57647,43.39797],[-4.57419,43.39858],[-4.57432,43.39884]]]]}},{"type":"Feature","id":"es-as-concejo-33056","properties":{"id":"es-as-concejo-33056","slug":"ribadesella","name":"Ribadesella","localName":"Ribesella","aliases":["Ribesella"],"kind":"municipality","boundaryStatus":"official","parentId":"es-as","population":null,"areaKm2":84.4,"density":null,"referenceYear":null,"sourceId":"sitpa-administrative-units","bbox":[-5.1933,43.40674,-4.98154,43.4846],"center":[-5.08742,43.44567]},"geometry":{"type":"MultiPolygon","coordinates":[[[[-5.1933,43.4392],[-5.18924,43.43892],[-5.1862,43.44108],[-5.17938,43.43868],[-5.17662,43.43901],[-5.16773,43.43351],[-5.16469,43.43061],[-5.16965,43.42611],[-5.16427,43.42369],[-5.16361,43.41981],[-5.16018,43.41731],[-5.15801,43.419],[-5.15297,43.42002],[-5.15068,43.42431],[-5.14705,43.42643],[-5.13587,43.4254],[-5.12878,43.42783],[-5.12603,43.43009],[-5.12042,43.42908],[-5.11658,43.4302],[-5.1076,43.42588],[-5.09719,43.42785],[-5.0905,43.42659],[-5.08548,43.42453],[-5.07982,43.41782],[-5.07113,43.41275],[-5.06907,43.41017],[-5.05977,43.40738],[-5.03789,43.40745],[-5.03157,43.40886],[-5.0295,43.40774],[-5.03024,43.40674],[-5.01854,43.40948],[-5.01906,43.41472],[-5.02058,43.41616],[-5.01849,43.41906],[-5.00714,43.42067],[-5.00383,43.42256],[-5.00085,43.42192],[-4.99083,43.42334],[-4.99473,43.43551],[-4.98526,43.44028],[-4.98525,43.44277],[-4.98307,43.44579],[-4.98598,43.44924],[-4.98374,43.44957],[-4.98311,43.45326],[-4.98405,43.45408],[-4.98183,43.4554],[-4.98154,43.45924],[-4.9851,43.46153],[-4.98473,43.46005],[-4.98739,43.45977],[-4.98902,43.4616],[-4.98894,43.45993],[-4.98986,43.46103],[-4.99182,43.45911],[-4.99867,43.45997],[-4.99855,43.45883],[-5.00103,43.45875],[-5.00609,43.45996],[-5.00863,43.45858],[-5.01155,43.45996],[-5.01336,43.45852],[-5.0223,43.46157],[-5.03692,43.46067],[-5.04215,43.46253],[-5.04502,43.46167],[-5.0476,43.46365],[-5.0501,43.46265],[-5.05498,43.46427],[-5.05716,43.46919],[-5.0621,43.46846],[-5.0661,43.46961],[-5.06586,43.46797],[-5.06201,43.46695],[-5.07192,43.46587],[-5.07623,43.46763],[-5.07506,43.47054],[-5.07819,43.47123],[-5.0828,43.47514],[-5.09656,43.47715],[-5.10066,43.4745],[-5.11449,43.4764],[-5.11648,43.4774],[-5.12062,43.48353],[-5.12338,43.4846],[-5.12885,43.48424],[-5.13223,43.48187],[-5.14434,43.47853],[-5.14935,43.4777],[-5.15449,43.47917],[-5.16841,43.47678],[-5.16249,43.4597],[-5.16643,43.45623],[-5.17715,43.45101],[-5.17939,43.44816],[-5.1921,43.44169],[-5.19313,43.43951],[-5.1933,43.4392]]],[[[-5.013,43.45961],[-5.01293,43.45962],[-5.01285,43.45967],[-5.01282,43.45975],[-5.01282,43.4598],[-5.01292,43.45984],[-5.01297,43.45985],[-5.01318,43.4597],[-5.013,43.45961]]],[[[-5.01316,43.46008],[-5.0131,43.46015],[-5.01317,43.46019],[-5.01326,43.46021],[-5.0133,43.46021],[-5.01332,43.46017],[-5.01328,43.46011],[-5.01316,43.46008]]],[[[-5.01295,43.46036],[-5.01264,43.46042],[-5.01262,43.46047],[-5.01265,43.46055],[-5.01272,43.4606],[-5.01284,43.46064],[-5.01295,43.46064],[-5.01302,43.46061],[-5.01309,43.46054],[-5.01313,43.46048],[-5.01313,43.46043],[-5.01306,43.46039],[-5.01295,43.46036]]]]}},{"type":"Feature","id":"es-as-concejo-33057","properties":{"id":"es-as-concejo-33057","slug":"ribera-de-arriba","name":"Ribera De Arriba","localName":"La Ribera","aliases":["La Ribera"],"kind":"municipality","boundaryStatus":"official","parentId":"es-as","population":null,"areaKm2":22,"density":null,"referenceYear":null,"sourceId":"sitpa-administrative-units","bbox":[-5.94268,43.28101,-5.82915,43.32822],"center":[-5.885915000000001,43.304615]},"geometry":{"type":"Polygon","coordinates":[[[-5.83819,43.31094],[-5.83114,43.32027],[-5.83994,43.32434],[-5.8433,43.32822],[-5.84409,43.32532],[-5.84265,43.3215],[-5.84327,43.31958],[-5.84039,43.31741],[-5.84616,43.31233],[-5.84989,43.31059],[-5.85469,43.31083],[-5.8633,43.30742],[-5.86684,43.30778],[-5.8687,43.30918],[-5.86871,43.31147],[-5.87081,43.31277],[-5.87043,43.31501],[-5.86786,43.31701],[-5.86842,43.32098],[-5.87389,43.3272],[-5.87712,43.32696],[-5.88671,43.32158],[-5.9044,43.32169],[-5.90611,43.31948],[-5.90926,43.3207],[-5.91368,43.31813],[-5.9178,43.31748],[-5.9191,43.31908],[-5.92073,43.31558],[-5.92997,43.30895],[-5.94268,43.30359],[-5.93842,43.29494],[-5.93902,43.29222],[-5.93798,43.29078],[-5.94057,43.29144],[-5.937,43.28927],[-5.93283,43.28969],[-5.9242,43.2941],[-5.91498,43.29271],[-5.90394,43.29539],[-5.89984,43.29837],[-5.88188,43.3048],[-5.87018,43.30332],[-5.86898,43.29968],[-5.87053,43.29743],[-5.86996,43.29273],[-5.8626,43.28669],[-5.85602,43.28357],[-5.85603,43.28247],[-5.85111,43.28101],[-5.84596,43.28421],[-5.83965,43.28439],[-5.82915,43.29129],[-5.83577,43.29332],[-5.83521,43.29606],[-5.83348,43.29734],[-5.84563,43.30152],[-5.84547,43.30305],[-5.84051,43.30769],[-5.83736,43.30913],[-5.83824,43.31081],[-5.83819,43.31094]]]}},{"type":"Feature","id":"es-as-concejo-33061","properties":{"id":"es-as-concejo-33061","slug":"san-martin-de-oscos","name":"San Martín De Oscos","localName":"Samartín D´ozcos","aliases":["Samartín D´ozcos"],"kind":"municipality","boundaryStatus":"official","parentId":"es-as","population":null,"areaKm2":67.8,"density":null,"referenceYear":null,"sourceId":"sitpa-administrative-units","bbox":[-6.98963,43.20845,-6.88526,43.3571],"center":[-6.937445,43.282775]},"geometry":{"type":"Polygon","coordinates":[[[-6.98845,43.26297],[-6.98636,43.25953],[-6.98963,43.24604],[-6.98421,43.24405],[-6.97812,43.23823],[-6.98254,43.23285],[-6.98198,43.22737],[-6.98586,43.2254],[-6.98586,43.2235],[-6.98351,43.22439],[-6.98178,43.22324],[-6.98392,43.22131],[-6.98054,43.22106],[-6.98062,43.21922],[-6.9732,43.22442],[-6.96404,43.22623],[-6.95366,43.21108],[-6.95129,43.209],[-6.94675,43.20845],[-6.9443,43.21357],[-6.94938,43.21915],[-6.95159,43.22414],[-6.95568,43.22738],[-6.94968,43.23245],[-6.94676,43.23775],[-6.9378,43.2394],[-6.93508,43.23781],[-6.92977,43.24017],[-6.92648,43.23997],[-6.92428,43.24267],[-6.91365,43.24438],[-6.90899,43.25405],[-6.90686,43.25552],[-6.90662,43.25803],[-6.89411,43.26189],[-6.89588,43.26487],[-6.89819,43.26511],[-6.89295,43.26705],[-6.89397,43.26925],[-6.89182,43.27049],[-6.89435,43.2751],[-6.89324,43.27764],[-6.89839,43.27996],[-6.89451,43.28648],[-6.89282,43.29234],[-6.89258,43.29665],[-6.89488,43.29896],[-6.89508,43.30319],[-6.89018,43.30598],[-6.88975,43.31707],[-6.88526,43.31602],[-6.89431,43.3262],[-6.89854,43.32331],[-6.90868,43.32181],[-6.92092,43.3234],[-6.91844,43.33261],[-6.92367,43.34702],[-6.92116,43.35251],[-6.92436,43.3571],[-6.92294,43.35406],[-6.92399,43.34891],[-6.93571,43.34395],[-6.9401,43.33886],[-6.94183,43.33309],[-6.9596,43.31517],[-6.96217,43.31424],[-6.96563,43.3023],[-6.96711,43.28866],[-6.96827,43.2866],[-6.96834,43.27682],[-6.98022,43.27612],[-6.98231,43.27277],[-6.98273,43.26625],[-6.98544,43.264],[-6.98845,43.26297]]]}},{"type":"Feature","id":"es-as-concejo-33062","properties":{"id":"es-as-concejo-33062","slug":"santa-eulalia-de-oscos","name":"Santa Eulalia De Oscos","localName":"Santalal D´ozcos","aliases":["Santalal D´ozcos"],"kind":"municipality","boundaryStatus":"official","parentId":"es-as","population":null,"areaKm2":47.2,"density":null,"referenceYear":null,"sourceId":"sitpa-administrative-units","bbox":[-7.0716,43.20659,-6.97714,43.31026],"center":[-7.02437,43.258425]},"geometry":{"type":"Polygon","coordinates":[[[-7.05978,43.30533],[-7.06417,43.30173],[-7.0652,43.29915],[-7.06468,43.28874],[-7.06823,43.28326],[-7.06643,43.27964],[-7.06971,43.27948],[-7.06913,43.27542],[-7.0705,43.27584],[-7.07151,43.27122],[-7.0716,43.26778],[-7.06529,43.24945],[-7.06159,43.24405],[-7.0555,43.24152],[-7.05066,43.23784],[-7.04657,43.23128],[-7.04125,43.22863],[-7.0341,43.22814],[-7.02368,43.21583],[-7.02005,43.21324],[-7.01694,43.21487],[-7.01781,43.2158],[-7.017,43.22204],[-7.00958,43.22288],[-7.00144,43.20728],[-6.99315,43.20846],[-6.98412,43.20659],[-6.98243,43.20861],[-6.97714,43.20938],[-6.98164,43.21411],[-6.98051,43.2156],[-6.98214,43.21728],[-6.98027,43.21856],[-6.98022,43.22054],[-6.98392,43.22131],[-6.98148,43.22291],[-6.98351,43.22439],[-6.98586,43.2235],[-6.98586,43.2254],[-6.98198,43.22737],[-6.98254,43.23285],[-6.97812,43.23823],[-6.98421,43.24405],[-6.98963,43.24604],[-6.98636,43.25953],[-6.98845,43.26297],[-6.98934,43.26149],[-6.99603,43.26109],[-6.9975,43.26382],[-7.00539,43.26248],[-7.00923,43.26507],[-7.01295,43.26563],[-7.01213,43.26992],[-7.01736,43.27368],[-7.01826,43.27649],[-7.01692,43.27883],[-7.01921,43.28568],[-7.0274,43.29171],[-7.0346,43.29334],[-7.03405,43.29414],[-7.03589,43.29546],[-7.03539,43.30051],[-7.03632,43.30187],[-7.03496,43.30911],[-7.04091,43.30791],[-7.04534,43.31026],[-7.04663,43.30658],[-7.05124,43.30692],[-7.05733,43.30547],[-7.05577,43.3071],[-7.05709,43.30765],[-7.05978,43.30533]]]}},{"type":"Feature","id":"es-as-concejo-33063","properties":{"id":"es-as-concejo-33063","slug":"san-tirso-de-abres","name":"San Tirso De Abres","localName":"San Tirso D´abres","aliases":["San Tirso D´abres"],"kind":"municipality","boundaryStatus":"official","parentId":"es-as","population":null,"areaKm2":31.2,"density":null,"referenceYear":null,"sourceId":"sitpa-administrative-units","bbox":[-7.18249,43.37458,-7.09478,43.43199],"center":[-7.138635,43.403285]},"geometry":{"type":"Polygon","coordinates":[[[-7.10408,43.42667],[-7.10993,43.42854],[-7.11299,43.42484],[-7.11891,43.42617],[-7.12777,43.42341],[-7.14204,43.4307],[-7.15193,43.42875],[-7.16133,43.43199],[-7.17284,43.43023],[-7.17485,43.42436],[-7.16979,43.42195],[-7.17219,43.4208],[-7.1724,43.41756],[-7.17641,43.4142],[-7.17143,43.40912],[-7.16918,43.40866],[-7.16876,43.40478],[-7.16971,43.40293],[-7.17365,43.40574],[-7.17218,43.40272],[-7.17278,43.40085],[-7.17963,43.39753],[-7.18249,43.39246],[-7.18054,43.39171],[-7.17804,43.39263],[-7.17704,43.39133],[-7.17864,43.38802],[-7.1754,43.38689],[-7.17672,43.38254],[-7.17186,43.38336],[-7.16722,43.37939],[-7.16294,43.38026],[-7.159,43.37458],[-7.15556,43.37486],[-7.14991,43.3799],[-7.13902,43.38335],[-7.13667,43.38231],[-7.13437,43.37742],[-7.13024,43.37976],[-7.12387,43.3864],[-7.11834,43.38735],[-7.11369,43.39029],[-7.10178,43.38616],[-7.09961,43.38401],[-7.0983,43.38005],[-7.09924,43.39115],[-7.09636,43.39624],[-7.09478,43.40759],[-7.09802,43.40938],[-7.09737,43.41117],[-7.10122,43.41211],[-7.09977,43.41621],[-7.10178,43.41815],[-7.10069,43.42142],[-7.10434,43.42292],[-7.10191,43.42427],[-7.10392,43.4264],[-7.10408,43.42667]]]}},{"type":"Feature","id":"es-as-concejo-33068","properties":{"id":"es-as-concejo-33068","slug":"somiedo","name":"Somiedo","localName":"Somiedu","aliases":["Somiedu"],"kind":"municipality","boundaryStatus":"official","parentId":"es-as","population":null,"areaKm2":290.4,"density":null,"referenceYear":null,"sourceId":"sitpa-administrative-units","bbox":[-6.37729,43.00891,-6.08129,43.19673],"center":[-6.229290000000001,43.10282]},"geometry":{"type":"Polygon","coordinates":[[[-6.35962,43.15906],[-6.3591,43.15536],[-6.35586,43.15088],[-6.36504,43.15029],[-6.37259,43.14756],[-6.37408,43.14645],[-6.37461,43.14123],[-6.37729,43.13626],[-6.37486,43.13166],[-6.37662,43.12772],[-6.37343,43.12302],[-6.37237,43.11838],[-6.37408,43.11585],[-6.37344,43.10831],[-6.36594,43.10288],[-6.36295,43.1025],[-6.36371,43.09909],[-6.36591,43.09696],[-6.36543,43.09295],[-6.36696,43.09044],[-6.36635,43.08636],[-6.3636,43.08253],[-6.36572,43.08031],[-6.3662,43.07711],[-6.36216,43.0743],[-6.36134,43.07133],[-6.35839,43.0683],[-6.36003,43.06237],[-6.35792,43.05666],[-6.35089,43.0531],[-6.34893,43.05001],[-6.34072,43.04918],[-6.33822,43.0459],[-6.33316,43.04649],[-6.32987,43.04297],[-6.32945,43.0375],[-6.32649,43.03133],[-6.31368,43.0313],[-6.31131,43.02888],[-6.30338,43.02886],[-6.29517,43.02691],[-6.29035,43.03442],[-6.28519,43.03637],[-6.27359,43.02619],[-6.27017,43.0255],[-6.26903,43.02147],[-6.2637,43.01608],[-6.24272,43.0135],[-6.23887,43.01456],[-6.22681,43.00891],[-6.22702,43.01414],[-6.22984,43.02303],[-6.22568,43.02364],[-6.22632,43.02607],[-6.22231,43.02942],[-6.22273,43.03523],[-6.21897,43.03936],[-6.21897,43.04394],[-6.21556,43.0472],[-6.19507,43.04271],[-6.19082,43.04463],[-6.18765,43.0493],[-6.1784,43.0478],[-6.17111,43.04302],[-6.16741,43.04245],[-6.164,43.03754],[-6.16444,43.03591],[-6.16259,43.03301],[-6.15932,43.03555],[-6.14841,43.0332],[-6.14683,43.03009],[-6.13951,43.02499],[-6.13667,43.02099],[-6.12038,43.02426],[-6.11253,43.02944],[-6.10613,43.02937],[-6.1014,43.03192],[-6.0969,43.03064],[-6.09506,43.03453],[-6.08982,43.03815],[-6.09004,43.04338],[-6.095,43.04888],[-6.09031,43.05822],[-6.09185,43.06692],[-6.08759,43.06764],[-6.08396,43.06991],[-6.08129,43.0759],[-6.08905,43.07962],[-6.09608,43.08753],[-6.11861,43.08823],[-6.12439,43.09032],[-6.12817,43.09573],[-6.13717,43.10272],[-6.13827,43.10469],[-6.13738,43.10616],[-6.1444,43.10631],[-6.14698,43.10792],[-6.1547,43.10887],[-6.17089,43.11646],[-6.17747,43.11815],[-6.18133,43.11699],[-6.18765,43.11788],[-6.19453,43.11393],[-6.20865,43.12209],[-6.20978,43.12467],[-6.20871,43.12553],[-6.20991,43.12645],[-6.20273,43.12563],[-6.19459,43.12898],[-6.19129,43.12909],[-6.18998,43.13327],[-6.19514,43.13736],[-6.19523,43.14077],[-6.19318,43.14339],[-6.20013,43.14834],[-6.19924,43.15048],[-6.20312,43.15248],[-6.20634,43.15725],[-6.20503,43.15885],[-6.21133,43.16337],[-6.21496,43.16417],[-6.21821,43.16782],[-6.21641,43.17198],[-6.21336,43.17232],[-6.21135,43.17452],[-6.2155,43.1762],[-6.21537,43.18371],[-6.22649,43.18167],[-6.22773,43.18584],[-6.23158,43.1873],[-6.23524,43.19336],[-6.24039,43.19673],[-6.24518,43.19368],[-6.25093,43.19287],[-6.25392,43.1901],[-6.26665,43.1865],[-6.26703,43.18142],[-6.27703,43.17366],[-6.29421,43.17691],[-6.29993,43.17624],[-6.30094,43.17508],[-6.31028,43.17716],[-6.31408,43.18024],[-6.33598,43.1853],[-6.34115,43.18944],[-6.3439,43.1818],[-6.3489,43.18005],[-6.34918,43.17782],[-6.35193,43.1748],[-6.35184,43.16926],[-6.35426,43.16278],[-6.35949,43.15985],[-6.35962,43.15906]]]}},{"type":"Feature","id":"es-as-concejo-33069","properties":{"id":"es-as-concejo-33069","slug":"soto-del-barco","name":"Soto Del Barco","localName":"Sotu´l Barcu","aliases":["Sotu´l Barcu"],"kind":"municipality","boundaryStatus":"official","parentId":"es-as","population":null,"areaKm2":35.5,"density":null,"referenceYear":null,"sourceId":"sitpa-administrative-units","bbox":[-6.09304,43.48012,-6.01757,43.57168],"center":[-6.055305000000001,43.5259]},"geometry":{"type":"MultiPolygon","coordinates":[[[[-6.09259,43.53472],[-6.08585,43.52871],[-6.08288,43.52354],[-6.07766,43.52116],[-6.07625,43.51913],[-6.07769,43.50877],[-6.08502,43.50195],[-6.08371,43.49758],[-6.06649,43.48513],[-6.06149,43.48418],[-6.0567,43.48103],[-6.05547,43.48178],[-6.0514,43.48012],[-6.04847,43.48316],[-6.04706,43.48578],[-6.04878,43.48691],[-6.04868,43.49093],[-6.04533,43.49573],[-6.04085,43.4977],[-6.03292,43.49602],[-6.03015,43.50269],[-6.02172,43.5093],[-6.02482,43.51642],[-6.01757,43.53022],[-6.0246,43.54074],[-6.04212,43.54969],[-6.04447,43.55827],[-6.04329,43.5623],[-6.04665,43.56325],[-6.05137,43.56264],[-6.0537,43.57168],[-6.06646,43.56576],[-6.07572,43.56472],[-6.07584,43.56669],[-6.07888,43.55646],[-6.08312,43.55147],[-6.08114,43.54518],[-6.07576,43.53998],[-6.07574,43.53862],[-6.08142,43.53666],[-6.0917,43.53842],[-6.09304,43.53579],[-6.09259,43.53472]]],[[[-6.06881,43.56751],[-6.07436,43.56904],[-6.06938,43.56764],[-6.06881,43.56751]]]]}},{"type":"Feature","id":"es-as-concejo-33070","properties":{"id":"es-as-concejo-33070","slug":"tapia-de-casariego","name":"Tapia De Casariego","localName":"Tapia","aliases":["Tapia"],"kind":"municipality","boundaryStatus":"official","parentId":"es-as","population":null,"areaKm2":66.1,"density":null,"referenceYear":null,"sourceId":"sitpa-administrative-units","bbox":[-6.99639,43.46246,-6.87263,43.57789],"center":[-6.9345099999999995,43.520174999999995]},"geometry":{"type":"MultiPolygon","coordinates":[[[[-6.99639,43.55408],[-6.99472,43.55311],[-6.99527,43.55195],[-6.98972,43.54995],[-6.99026,43.54855],[-6.98794,43.54629],[-6.9882,43.54362],[-6.98633,43.54033],[-6.98236,43.53928],[-6.98153,43.53746],[-6.98273,43.53321],[-6.97921,43.52964],[-6.9616,43.5323],[-6.96366,43.53598],[-6.95996,43.53926],[-6.95515,43.53925],[-6.94544,43.54282],[-6.94542,43.54386],[-6.93976,43.54438],[-6.93433,43.54042],[-6.93241,43.53639],[-6.93032,43.53701],[-6.92261,43.53417],[-6.92203,43.52866],[-6.9253,43.52421],[-6.92611,43.52076],[-6.93227,43.52053],[-6.9405,43.52834],[-6.94469,43.52337],[-6.94226,43.51962],[-6.94018,43.51926],[-6.93585,43.51536],[-6.93431,43.51196],[-6.93438,43.50893],[-6.93764,43.50627],[-6.9464,43.51027],[-6.95239,43.51144],[-6.95709,43.50727],[-6.95947,43.50319],[-6.96086,43.50578],[-6.96554,43.50901],[-6.96607,43.50781],[-6.9666,43.50253],[-6.96169,43.49899],[-6.95587,43.4906],[-6.9566,43.48775],[-6.95441,43.48419],[-6.95778,43.47556],[-6.95268,43.47642],[-6.94541,43.4751],[-6.93519,43.47737],[-6.94035,43.46926],[-6.94256,43.46246],[-6.93487,43.46509],[-6.92992,43.46838],[-6.91892,43.48134],[-6.91706,43.48206],[-6.91718,43.48486],[-6.91391,43.48602],[-6.90945,43.4859],[-6.90538,43.48319],[-6.90477,43.48194],[-6.90663,43.47968],[-6.89687,43.47713],[-6.89623,43.47373],[-6.89233,43.47193],[-6.88958,43.46759],[-6.8876,43.47731],[-6.88566,43.47914],[-6.88446,43.48741],[-6.87803,43.49349],[-6.87806,43.49598],[-6.87263,43.50624],[-6.87583,43.50656],[-6.87727,43.50865],[-6.88279,43.51066],[-6.88546,43.51065],[-6.88637,43.51263],[-6.87671,43.52142],[-6.87741,43.52338],[-6.88434,43.52601],[-6.88287,43.53078],[-6.87791,43.53457],[-6.8746,43.54209],[-6.87805,43.54163],[-6.87801,43.54377],[-6.87529,43.54465],[-6.87623,43.55009],[-6.8754,43.55157],[-6.88153,43.55775],[-6.87758,43.55844],[-6.87613,43.56199],[-6.87729,43.56357],[-6.88386,43.56608],[-6.88622,43.56558],[-6.88518,43.56752],[-6.88925,43.5695],[-6.89324,43.56804],[-6.89431,43.56945],[-6.8959,43.56864],[-6.89604,43.5699],[-6.89982,43.57009],[-6.89977,43.57095],[-6.90323,43.56997],[-6.90099,43.56981],[-6.90489,43.56765],[-6.90652,43.56865],[-6.9075,43.56661],[-6.91012,43.56642],[-6.91089,43.56718],[-6.90937,43.56821],[-6.91117,43.5683],[-6.91077,43.56994],[-6.91185,43.56917],[-6.91326,43.5696],[-6.91267,43.57043],[-6.91405,43.57009],[-6.91421,43.57278],[-6.91998,43.57251],[-6.9209,43.57121],[-6.92408,43.57084],[-6.92406,43.57368],[-6.92538,43.57499],[-6.92618,43.57339],[-6.92878,43.57299],[-6.93005,43.57014],[-6.93092,43.57105],[-6.9317,43.56973],[-6.93461,43.57063],[-6.9369,43.56987],[-6.93635,43.5714],[-6.93745,43.57169],[-6.93837,43.57005],[-6.93911,43.5717],[-6.94083,43.57154],[-6.94058,43.57266],[-6.94242,43.57254],[-6.94342,43.57439],[-6.94493,43.57366],[-6.94485,43.5748],[-6.94621,43.57497],[-6.94787,43.57325],[-6.94572,43.57399],[-6.94426,43.57188],[-6.94694,43.572],[-6.94704,43.57298],[-6.9491,43.57166],[-6.94828,43.56581],[-6.94723,43.56504],[-6.94818,43.5635],[-6.95099,43.56803],[-6.95358,43.56856],[-6.95542,43.56738],[-6.95337,43.56672],[-6.95536,43.5655],[-6.95578,43.56365],[-6.95855,43.56267],[-6.96054,43.56397],[-6.96137,43.56271],[-6.9602,43.56206],[-6.96381,43.56039],[-6.97092,43.5617],[-6.97183,43.56057],[-6.97089,43.55973],[-6.97201,43.55985],[-6.97406,43.55675],[-6.97912,43.55706],[-6.97879,43.55808],[-6.98018,43.55731],[-6.97974,43.55834],[-6.98089,43.55768],[-6.98133,43.55959],[-6.98499,43.55593],[-6.98741,43.55569],[-6.98897,43.5574],[-6.99088,43.55541],[-6.99267,43.55592],[-6.99379,43.5555],[-6.99305,43.55468],[-6.99628,43.55409],[-6.99639,43.55408]]],[[[-6.9886,43.55742],[-6.98848,43.55745],[-6.98838,43.55748],[-6.98833,43.55751],[-6.98834,43.5576],[-6.98837,43.55765],[-6.98843,43.55767],[-6.98849,43.55767],[-6.98866,43.55756],[-6.98869,43.55744],[-6.9886,43.55742]]],[[[-6.98806,43.55779],[-6.98656,43.5589],[-6.98916,43.55915],[-6.98813,43.55779],[-6.98806,43.55779]]],[[[-6.9869,43.55939],[-6.98474,43.56163],[-6.98718,43.56107],[-6.98702,43.55939],[-6.9869,43.55939]]],[[[-6.98822,43.56199],[-6.98797,43.56204],[-6.98787,43.56206],[-6.98782,43.56208],[-6.98786,43.56216],[-6.98794,43.56223],[-6.98803,43.56228],[-6.98813,43.56234],[-6.98824,43.5624],[-6.98832,43.56247],[-6.98841,43.56254],[-6.98849,43.5626],[-6.98856,43.56264],[-6.98862,43.56264],[-6.98867,43.5626],[-6.98868,43.56251],[-6.98863,43.56242],[-6.98858,43.56233],[-6.98851,43.56225],[-6.98846,43.56216],[-6.98844,43.56211],[-6.98822,43.56199]]],[[[-6.87763,43.56461],[-6.87751,43.56472],[-6.8776,43.56479],[-6.87767,43.5648],[-6.87775,43.56479],[-6.87781,43.56475],[-6.87782,43.56471],[-6.87778,43.56466],[-6.87769,43.56461],[-6.87763,43.56461]]],[[[-6.87763,43.56418],[-6.87763,43.56432],[-6.8778,43.56444],[-6.87792,43.56448],[-6.87802,43.56451],[-6.87813,43.56452],[-6.8782,43.5645],[-6.87823,43.56446],[-6.87818,43.5644],[-6.87808,43.56435],[-6.87797,43.5643],[-6.87787,43.56425],[-6.87775,43.5642],[-6.87767,43.56417],[-6.87763,43.56418]]],[[[-6.95652,43.56433],[-6.9564,43.56434],[-6.9563,43.56438],[-6.95625,43.56443],[-6.95627,43.56447],[-6.95633,43.56452],[-6.95661,43.56454],[-6.95669,43.56453],[-6.95671,43.56448],[-6.95667,43.56439],[-6.95663,43.56435],[-6.95652,43.56433]]],[[[-6.95806,43.56438],[-6.95738,43.56516],[-6.95812,43.5644],[-6.95806,43.56438]]],[[[-6.88492,43.56762],[-6.88486,43.56764],[-6.88482,43.5677],[-6.88483,43.56776],[-6.8849,43.56782],[-6.88502,43.56785],[-6.88513,43.56785],[-6.8852,43.56783],[-6.88526,43.56778],[-6.88527,43.56774],[-6.88504,43.56761],[-6.88492,43.56762]]],[[[-6.95812,43.56752],[-6.95805,43.56754],[-6.95801,43.56761],[-6.95798,43.56795],[-6.95809,43.5681],[-6.95816,43.56818],[-6.95823,43.56821],[-6.95832,43.56823],[-6.9584,43.56821],[-6.95843,43.56815],[-6.95842,43.56806],[-6.95839,43.56797],[-6.95835,43.56788],[-6.95832,43.56778],[-6.95829,43.56769],[-6.95824,43.5676],[-6.95817,43.56754],[-6.95812,43.56752]]],[[[-6.88582,43.5678],[-6.88522,43.56836],[-6.88596,43.5678],[-6.88582,43.5678]]],[[[-6.88624,43.568],[-6.88616,43.56807],[-6.8861,43.56815],[-6.88605,43.56824],[-6.88599,43.56832],[-6.88598,43.56838],[-6.88601,43.56843],[-6.88608,43.56844],[-6.88618,43.56843],[-6.88627,43.56838],[-6.88642,43.56815],[-6.88643,43.56807],[-6.88638,43.56802],[-6.8863,43.56799],[-6.88624,43.568]]],[[[-6.90916,43.5682],[-6.90888,43.56826],[-6.90882,43.56835],[-6.90884,43.56844],[-6.90886,43.56848],[-6.90893,43.5685],[-6.90901,43.56849],[-6.90909,43.56841],[-6.90917,43.56834],[-6.9092,43.56827],[-6.9092,43.56822],[-6.90916,43.5682]]],[[[-6.94956,43.57549],[-6.94891,43.5761],[-6.94966,43.5755],[-6.94956,43.57549]]],[[[-6.94879,43.57645],[-6.94868,43.57648],[-6.94861,43.57651],[-6.94847,43.57675],[-6.94871,43.57681],[-6.94881,43.57675],[-6.94889,43.57668],[-6.94893,43.5766],[-6.94891,43.57653],[-6.94886,43.57648],[-6.94879,43.57645]]],[[[-6.94838,43.57698],[-6.9483,43.57699],[-6.94823,43.57704],[-6.94807,43.57728],[-6.94812,43.57736],[-6.94821,43.57734],[-6.9483,43.57727],[-6.94838,43.5772],[-6.94844,43.57712],[-6.94846,43.57706],[-6.94845,43.57701],[-6.94838,43.57698]]],[[[-6.94853,43.57738],[-6.94842,43.57739],[-6.94834,43.57744],[-6.94811,43.57776],[-6.9481,43.57785],[-6.94814,43.57788],[-6.94824,43.57789],[-6.94835,43.57786],[-6.94844,43.57779],[-6.94852,43.57772],[-6.94857,43.57763],[-6.9486,43.57754],[-6.94861,43.57745],[-6.9486,43.57741],[-6.94853,43.57738]]],[[[-6.89102,43.56927],[-6.89049,43.57017],[-6.8913,43.56929],[-6.89102,43.56927]]],[[[-6.94966,43.56959],[-6.95055,43.57075],[-6.94971,43.56961],[-6.94966,43.56959]]],[[[-6.89104,43.57006],[-6.88987,43.57172],[-6.89121,43.57018],[-6.89104,43.57006]]],[[[-6.95108,43.57091],[-6.95105,43.57103],[-6.95107,43.57107],[-6.95113,43.57111],[-6.95124,43.57109],[-6.95134,43.57105],[-6.95138,43.571],[-6.95139,43.57094],[-6.95136,43.5709],[-6.95108,43.57091]]],[[[-6.93269,43.57035],[-6.93263,43.57036],[-6.93256,43.5704],[-6.93253,43.57049],[-6.93253,43.57053],[-6.9328,43.57065],[-6.93283,43.5707],[-6.93291,43.57068],[-6.93298,43.57064],[-6.933,43.57056],[-6.93297,43.57049],[-6.93288,43.57042],[-6.93278,43.57037],[-6.93269,43.57035]]],[[[-6.93583,43.57068],[-6.93571,43.5707],[-6.93564,43.57073],[-6.93561,43.57078],[-6.93562,43.57081],[-6.93597,43.57078],[-6.93593,43.5707],[-6.93583,43.57068]]],[[[-6.89194,43.5723],[-6.8918,43.57234],[-6.89172,43.57236],[-6.89165,43.57243],[-6.8916,43.57251],[-6.89154,43.57259],[-6.89153,43.57267],[-6.89148,43.57275],[-6.89144,43.57284],[-6.89145,43.57288],[-6.89151,43.5729],[-6.89158,43.5729],[-6.89167,43.57285],[-6.89174,43.57277],[-6.89181,43.57269],[-6.89189,43.5726],[-6.89196,43.57253],[-6.892,43.57249],[-6.89194,43.5723]]],[[[-6.94261,43.57335],[-6.94252,43.57339],[-6.94246,43.57346],[-6.94239,43.57354],[-6.9423,43.57361],[-6.94226,43.57369],[-6.94226,43.57373],[-6.94236,43.57375],[-6.94263,43.57372],[-6.94288,43.57374],[-6.94293,43.57372],[-6.94291,43.57364],[-6.94286,43.57356],[-6.94278,43.57348],[-6.94271,43.57341],[-6.94267,43.57336],[-6.94261,43.57335]]],[[[-6.94297,43.57383],[-6.94288,43.57388],[-6.94278,43.57394],[-6.94273,43.574],[-6.94272,43.57406],[-6.94275,43.57415],[-6.94291,43.57436],[-6.94306,43.57432],[-6.94313,43.57429],[-6.94319,43.57424],[-6.94322,43.57414],[-6.94321,43.57405],[-6.94316,43.57396],[-6.9431,43.57387],[-6.94305,43.57384],[-6.94297,43.57383]]],[[[-6.94768,43.57492],[-6.94764,43.57507],[-6.94768,43.5751],[-6.94779,43.57509],[-6.94786,43.57504],[-6.94789,43.57498],[-6.94789,43.57495],[-6.94768,43.57492]]],[[[-6.94721,43.57377],[-6.94686,43.57486],[-6.94732,43.57379],[-6.94721,43.57377]]],[[[-6.94785,43.57449],[-6.94774,43.57454],[-6.94749,43.57473],[-6.94751,43.57479],[-6.94753,43.57481],[-6.94765,43.5748],[-6.94774,43.57474],[-6.94783,43.57467],[-6.9479,43.57459],[-6.94792,43.57453],[-6.94791,43.5745],[-6.94785,43.57449]]],[[[-6.94296,43.57452],[-6.94286,43.57454],[-6.94278,43.5746],[-6.94262,43.57489],[-6.94269,43.57496],[-6.94276,43.57495],[-6.94285,43.57488],[-6.94291,43.5748],[-6.94296,43.57471],[-6.94299,43.57462],[-6.94298,43.57455],[-6.94296,43.57452]]],[[[-6.93257,43.57106],[-6.93244,43.57109],[-6.93234,43.57114],[-6.93223,43.57117],[-6.93212,43.57123],[-6.93206,43.57131],[-6.93203,43.5714],[-6.93205,43.57149],[-6.9321,43.57158],[-6.93219,43.57164],[-6.93231,43.57167],[-6.93242,43.5717],[-6.93288,43.57172],[-6.9331,43.57159],[-6.9331,43.57153],[-6.93304,43.57145],[-6.93293,43.57139],[-6.93284,43.57132],[-6.93278,43.57126],[-6.93273,43.57118],[-6.9327,43.5711],[-6.93265,43.57106],[-6.93257,43.57106]]],[[[-6.9357,43.57153],[-6.93562,43.57155],[-6.93552,43.57161],[-6.93543,43.57168],[-6.93535,43.57174],[-6.93531,43.57182],[-6.93533,43.57189],[-6.9354,43.57197],[-6.93549,43.57204],[-6.93558,43.57211],[-6.93563,43.57214],[-6.93573,43.57211],[-6.93602,43.57188],[-6.93607,43.57178],[-6.93606,43.57172],[-6.936,43.57165],[-6.93589,43.5716],[-6.93578,43.57156],[-6.9357,43.57153]]],[[[-6.91335,43.57169],[-6.91323,43.57173],[-6.91315,43.57179],[-6.91305,43.57186],[-6.91301,43.57193],[-6.913,43.57199],[-6.91301,43.57202],[-6.91314,43.57203],[-6.91324,43.57203],[-6.91329,43.57204],[-6.91329,43.57211],[-6.91324,43.57221],[-6.9132,43.57227],[-6.91321,43.57232],[-6.91327,43.57235],[-6.91338,43.57234],[-6.9135,43.5723],[-6.91358,43.57224],[-6.91365,43.57216],[-6.9137,43.57207],[-6.91375,43.57199],[-6.91378,43.57194],[-6.91366,43.57175],[-6.91346,43.57169],[-6.91335,43.57169]]],[[[-6.93865,43.57174],[-6.93853,43.57176],[-6.93842,43.57181],[-6.93831,43.57187],[-6.93821,43.57193],[-6.93812,43.572],[-6.93807,43.57205],[-6.93806,43.57213],[-6.93809,43.57221],[-6.93817,43.57228],[-6.93822,43.57231],[-6.93858,43.57221],[-6.93885,43.57204],[-6.93892,43.57202],[-6.93894,43.57197],[-6.93891,43.57189],[-6.93883,43.57181],[-6.93875,43.57176],[-6.93865,43.57174]]]]}},{"type":"Feature","id":"es-as-concejo-33071","properties":{"id":"es-as-concejo-33071","slug":"taramundi","name":"Taramundi","localName":"Taramundi","aliases":[],"kind":"municipality","boundaryStatus":"official","parentId":"es-as","population":null,"areaKm2":82.3,"density":null,"referenceYear":null,"sourceId":"sitpa-administrative-units","bbox":[-7.13437,43.29982,-7.02041,43.42697],"center":[-7.077389999999999,43.363395]},"geometry":{"type":"Polygon","coordinates":[[[-7.13437,43.37742],[-7.12753,43.3726],[-7.13158,43.3629],[-7.12828,43.3556],[-7.131,43.35188],[-7.13033,43.35015],[-7.13279,43.34773],[-7.13013,43.34089],[-7.13165,43.33405],[-7.13075,43.33025],[-7.12566,43.33173],[-7.11571,43.32659],[-7.11254,43.31746],[-7.10723,43.31415],[-7.10127,43.30413],[-7.0975,43.30147],[-7.09109,43.29982],[-7.08471,43.30111],[-7.0786,43.30045],[-7.07394,43.30569],[-7.06763,43.3069],[-7.05978,43.30533],[-7.05709,43.30765],[-7.05577,43.3071],[-7.05494,43.31279],[-7.04196,43.32911],[-7.03569,43.33352],[-7.02942,43.3418],[-7.02531,43.34352],[-7.02053,43.34951],[-7.02041,43.3528],[-7.02242,43.3564],[-7.02863,43.35816],[-7.02372,43.36191],[-7.02661,43.36843],[-7.0289,43.37042],[-7.02847,43.37627],[-7.02981,43.3784],[-7.02965,43.38142],[-7.03168,43.38366],[-7.02718,43.39084],[-7.03133,43.39255],[-7.03647,43.39238],[-7.03714,43.39761],[-7.03943,43.40138],[-7.03858,43.40468],[-7.04267,43.40934],[-7.04222,43.41622],[-7.04687,43.41767],[-7.05149,43.42285],[-7.06057,43.42697],[-7.06942,43.42516],[-7.06947,43.42147],[-7.07321,43.41081],[-7.07843,43.40643],[-7.08288,43.40512],[-7.08423,43.40294],[-7.08754,43.40586],[-7.09483,43.40701],[-7.09674,43.39486],[-7.09924,43.39115],[-7.0983,43.38005],[-7.09961,43.38401],[-7.10178,43.38616],[-7.11369,43.39029],[-7.11834,43.38735],[-7.12387,43.3864],[-7.13024,43.37976],[-7.13379,43.37789],[-7.13437,43.37742]]]}},{"type":"Feature","id":"es-as-concejo-33072","properties":{"id":"es-as-concejo-33072","slug":"teverga","name":"Teverga","localName":"Teberga","aliases":["Teberga"],"kind":"municipality","boundaryStatus":"official","parentId":"es-as","population":null,"areaKm2":176.5,"density":null,"referenceYear":null,"sourceId":"sitpa-administrative-units","bbox":[-6.21821,43.05344,-6.00201,43.23548],"center":[-6.110110000000001,43.14446]},"geometry":{"type":"Polygon","coordinates":[[[-6.21135,43.17452],[-6.21336,43.17232],[-6.21641,43.17198],[-6.21821,43.16782],[-6.21496,43.16417],[-6.21133,43.16337],[-6.20503,43.15885],[-6.20634,43.15725],[-6.20312,43.15248],[-6.19924,43.15048],[-6.20013,43.14834],[-6.19318,43.14339],[-6.19523,43.14077],[-6.19514,43.13736],[-6.18998,43.13327],[-6.19129,43.12909],[-6.19459,43.12898],[-6.20273,43.12563],[-6.20991,43.12645],[-6.20871,43.12553],[-6.20978,43.12467],[-6.20865,43.12209],[-6.19983,43.11673],[-6.19453,43.11393],[-6.18765,43.11788],[-6.18133,43.11699],[-6.17747,43.11815],[-6.17089,43.11646],[-6.1547,43.10887],[-6.14698,43.10792],[-6.1444,43.10631],[-6.13738,43.10616],[-6.13827,43.10469],[-6.13717,43.10272],[-6.12817,43.09573],[-6.12439,43.09032],[-6.11861,43.08823],[-6.09608,43.08753],[-6.08905,43.07962],[-6.08129,43.0759],[-6.07884,43.0732],[-6.07356,43.07167],[-6.0717,43.06785],[-6.06703,43.06563],[-6.06131,43.06489],[-6.05214,43.06819],[-6.04966,43.06547],[-6.04394,43.06325],[-6.03789,43.06296],[-6.02973,43.05706],[-6.02093,43.05379],[-6.01688,43.05344],[-6.00881,43.05771],[-6.00426,43.05805],[-6.00201,43.06849],[-6.01292,43.08657],[-6.01305,43.09516],[-6.00535,43.10521],[-6.01108,43.11224],[-6.01524,43.11529],[-6.01973,43.11311],[-6.02441,43.11493],[-6.02569,43.13091],[-6.03714,43.13742],[-6.03395,43.1429],[-6.04138,43.15538],[-6.04083,43.15649],[-6.05811,43.16886],[-6.06855,43.17223],[-6.08138,43.18451],[-6.09273,43.18951],[-6.09249,43.1907],[-6.09655,43.19519],[-6.09623,43.2042],[-6.09912,43.20741],[-6.09723,43.20967],[-6.09711,43.21354],[-6.0944,43.21543],[-6.09329,43.21818],[-6.09591,43.22194],[-6.09315,43.22648],[-6.10296,43.23471],[-6.10464,43.23548],[-6.11395,43.23206],[-6.11642,43.22528],[-6.1272,43.21911],[-6.1446,43.21697],[-6.14668,43.21792],[-6.1534,43.2174],[-6.1569,43.21623],[-6.16042,43.21078],[-6.16199,43.20398],[-6.16621,43.20512],[-6.17052,43.20194],[-6.17627,43.20125],[-6.17863,43.19901],[-6.18261,43.19778],[-6.18613,43.19103],[-6.19518,43.18811],[-6.20021,43.18357],[-6.19914,43.18071],[-6.20876,43.17582],[-6.21135,43.17452]]]}},{"type":"Feature","id":"es-as-concejo-33077","properties":{"id":"es-as-concejo-33077","slug":"villayon","name":"Villayón","localName":"Villayón","aliases":[],"kind":"municipality","boundaryStatus":"official","parentId":"es-as","population":null,"areaKm2":132.7,"density":null,"referenceYear":null,"sourceId":"sitpa-administrative-units","bbox":[-6.78326,43.3183,-6.63108,43.4993],"center":[-6.70717,43.4088]},"geometry":{"type":"Polygon","coordinates":[[[-6.77514,43.34956],[-6.77873,43.34077],[-6.78179,43.33979],[-6.78326,43.33642],[-6.78168,43.33155],[-6.75964,43.32156],[-6.75649,43.3183],[-6.75097,43.3183],[-6.74355,43.32043],[-6.73959,43.3254],[-6.72777,43.33353],[-6.72021,43.3435],[-6.70814,43.35261],[-6.7058,43.35538],[-6.70685,43.35738],[-6.70559,43.35881],[-6.70621,43.35979],[-6.70309,43.36369],[-6.70083,43.37019],[-6.69342,43.37452],[-6.68386,43.37451],[-6.68153,43.37202],[-6.66717,43.36748],[-6.66312,43.36889],[-6.66222,43.37435],[-6.66033,43.37479],[-6.65632,43.37904],[-6.65555,43.38149],[-6.6566,43.38415],[-6.65341,43.38736],[-6.65173,43.39147],[-6.64324,43.40022],[-6.64546,43.40062],[-6.64401,43.40348],[-6.64118,43.40458],[-6.64013,43.4078],[-6.64087,43.4097],[-6.64453,43.40974],[-6.64632,43.41197],[-6.64553,43.41326],[-6.64248,43.41269],[-6.63776,43.42062],[-6.63365,43.42444],[-6.63108,43.42463],[-6.63788,43.43966],[-6.64673,43.44074],[-6.65783,43.44432],[-6.65725,43.44921],[-6.6487,43.45588],[-6.64851,43.45941],[-6.64526,43.46241],[-6.64571,43.46549],[-6.64113,43.476],[-6.64264,43.47635],[-6.64337,43.47839],[-6.64166,43.48289],[-6.6423,43.48433],[-6.64596,43.48475],[-6.64793,43.48763],[-6.65074,43.48866],[-6.66038,43.48976],[-6.66464,43.49296],[-6.67624,43.49114],[-6.69149,43.49476],[-6.70112,43.49311],[-6.70958,43.49862],[-6.71522,43.4993],[-6.72372,43.49526],[-6.72283,43.49447],[-6.72498,43.49364],[-6.72321,43.48381],[-6.72794,43.48036],[-6.73494,43.47891],[-6.73606,43.47738],[-6.73186,43.47664],[-6.7243,43.47847],[-6.71491,43.47461],[-6.7227,43.46478],[-6.72121,43.46144],[-6.72562,43.45598],[-6.73223,43.45253],[-6.73524,43.44761],[-6.72685,43.44645],[-6.72523,43.44381],[-6.72121,43.44278],[-6.7198,43.44005],[-6.73026,43.43756],[-6.73191,43.43656],[-6.73285,43.4337],[-6.73781,43.43581],[-6.74094,43.43533],[-6.74242,43.43284],[-6.74332,43.43406],[-6.74703,43.43311],[-6.74975,43.43017],[-6.76249,43.4244],[-6.75738,43.42092],[-6.7612,43.41685],[-6.75997,43.41422],[-6.76164,43.41003],[-6.75933,43.40481],[-6.76119,43.39682],[-6.76007,43.39403],[-6.7662,43.38371],[-6.7649,43.37609],[-6.76708,43.37224],[-6.7678,43.36486],[-6.77421,43.35507],[-6.77494,43.35041],[-6.77514,43.34956]]]}},{"type":"Feature","id":"es-as-concejo-33073","properties":{"id":"es-as-concejo-33073","slug":"tineo","name":"Tineo","localName":"Tinéu","aliases":["Tinéu"],"kind":"municipality","boundaryStatus":"official","parentId":"es-as","population":null,"areaKm2":541.5,"density":null,"referenceYear":null,"sourceId":"sitpa-administrative-units","bbox":[-6.68381,43.15906,-6.29908,43.45996],"center":[-6.491445000000001,43.30951]},"geometry":{"type":"Polygon","coordinates":[[[-6.66594,43.36726],[-6.66483,43.36368],[-6.66559,43.3607],[-6.67254,43.35828],[-6.67409,43.35527],[-6.67282,43.35146],[-6.66928,43.34745],[-6.67593,43.33846],[-6.67843,43.33227],[-6.67529,43.32696],[-6.68305,43.31938],[-6.68381,43.31514],[-6.67999,43.31458],[-6.67159,43.30962],[-6.65927,43.30546],[-6.65429,43.30562],[-6.6474,43.30257],[-6.63594,43.30254],[-6.63173,43.2977],[-6.61919,43.29184],[-6.60479,43.29223],[-6.59506,43.28917],[-6.59291,43.2837],[-6.59029,43.28146],[-6.5888,43.27677],[-6.58947,43.27424],[-6.5843,43.2722],[-6.5827,43.26584],[-6.57492,43.26008],[-6.56833,43.2511],[-6.5556,43.24577],[-6.55509,43.24313],[-6.54086,43.24432],[-6.53084,43.23623],[-6.52019,43.23693],[-6.51295,43.24233],[-6.50974,43.24727],[-6.49564,43.2525],[-6.48622,43.26031],[-6.4755,43.26401],[-6.47133,43.26392],[-6.45104,43.27553],[-6.44514,43.27186],[-6.43932,43.26415],[-6.43948,43.2588],[-6.43353,43.25481],[-6.4311,43.25398],[-6.42472,43.25708],[-6.41778,43.25498],[-6.40294,43.25693],[-6.39378,43.24332],[-6.38629,43.23726],[-6.38574,43.23389],[-6.38166,43.22947],[-6.37851,43.22889],[-6.38087,43.21902],[-6.37366,43.21181],[-6.3752,43.20564],[-6.3738,43.18939],[-6.37182,43.18672],[-6.37437,43.17905],[-6.37149,43.17503],[-6.3717,43.16789],[-6.36836,43.16204],[-6.36484,43.16008],[-6.35962,43.15906],[-6.35811,43.16141],[-6.35426,43.16278],[-6.35184,43.16926],[-6.35193,43.1748],[-6.34918,43.17782],[-6.3489,43.18005],[-6.3439,43.1818],[-6.33889,43.19864],[-6.33723,43.20172],[-6.3326,43.20558],[-6.33619,43.2097],[-6.33694,43.21249],[-6.33067,43.21535],[-6.33072,43.22451],[-6.32221,43.23029],[-6.3152,43.23194],[-6.31544,43.23419],[-6.32456,43.24179],[-6.33517,43.24629],[-6.33954,43.24965],[-6.34142,43.25549],[-6.3417,43.26437],[-6.33259,43.26924],[-6.32767,43.26969],[-6.33024,43.27131],[-6.33147,43.27399],[-6.32993,43.27691],[-6.33008,43.28465],[-6.33279,43.288],[-6.33326,43.29427],[-6.32132,43.30194],[-6.317,43.30238],[-6.31793,43.30651],[-6.30918,43.31223],[-6.30788,43.31607],[-6.30326,43.3218],[-6.30778,43.32405],[-6.3113,43.32938],[-6.31517,43.33044],[-6.30686,43.34456],[-6.29908,43.3496],[-6.30028,43.35153],[-6.30195,43.3507],[-6.30338,43.35282],[-6.30995,43.35594],[-6.31379,43.35579],[-6.315,43.35802],[-6.32224,43.35831],[-6.33494,43.36416],[-6.33072,43.36959],[-6.32927,43.37443],[-6.32647,43.37697],[-6.33423,43.38663],[-6.34099,43.38994],[-6.34198,43.39186],[-6.34822,43.39435],[-6.35141,43.39921],[-6.34734,43.40016],[-6.34495,43.40514],[-6.34696,43.40757],[-6.34881,43.41385],[-6.35088,43.41372],[-6.35185,43.4165],[-6.35415,43.41828],[-6.3535,43.4218],[-6.36142,43.42653],[-6.35984,43.4281],[-6.36259,43.43185],[-6.37372,43.42486],[-6.37987,43.42356],[-6.38321,43.42144],[-6.38547,43.41837],[-6.38623,43.4114],[-6.3901,43.40788],[-6.39315,43.39985],[-6.39077,43.39865],[-6.39507,43.39825],[-6.41845,43.4038],[-6.42156,43.40606],[-6.42946,43.40824],[-6.42732,43.41386],[-6.43342,43.42379],[-6.4392,43.42767],[-6.44945,43.42893],[-6.4507,43.43089],[-6.44965,43.43603],[-6.45336,43.43912],[-6.46576,43.43602],[-6.47394,43.44194],[-6.47748,43.44043],[-6.47675,43.43901],[-6.48337,43.43792],[-6.49326,43.43378],[-6.49437,43.43227],[-6.50518,43.43463],[-6.50618,43.43386],[-6.51025,43.43587],[-6.50943,43.43843],[-6.51483,43.43359],[-6.51758,43.43607],[-6.52564,43.43658],[-6.53135,43.43896],[-6.5373,43.44497],[-6.54554,43.44914],[-6.54614,43.45316],[-6.55304,43.45865],[-6.55612,43.45957],[-6.55872,43.45996],[-6.56311,43.4562],[-6.57593,43.45905],[-6.5971,43.45541],[-6.59876,43.45488],[-6.59862,43.45173],[-6.60163,43.44531],[-6.60636,43.44284],[-6.61031,43.43589],[-6.61951,43.4323],[-6.62798,43.4256],[-6.63365,43.42444],[-6.63776,43.42062],[-6.64248,43.41269],[-6.64553,43.41326],[-6.64641,43.4117],[-6.64451,43.41091],[-6.64453,43.40974],[-6.64087,43.4097],[-6.64013,43.4078],[-6.64118,43.40458],[-6.64401,43.40348],[-6.64546,43.40062],[-6.64324,43.40022],[-6.65173,43.39147],[-6.65341,43.38736],[-6.6566,43.38415],[-6.65555,43.38149],[-6.65648,43.37869],[-6.66222,43.37435],[-6.66312,43.36889],[-6.66542,43.36751],[-6.66594,43.36726]]]}},{"type":"Feature","id":"es-as-concejo-33078","properties":{"id":"es-as-concejo-33078","slug":"yernes-y-tameza","name":"Yernes Y Tameza","localName":"Tameza","aliases":["Tameza"],"kind":"municipality","boundaryStatus":"official","parentId":"es-as","population":null,"areaKm2":31.7,"density":null,"referenceYear":null,"sourceId":"sitpa-administrative-units","bbox":[-6.1446,43.21697,-6.06986,43.30384],"center":[-6.1072299999999995,43.260405000000006]},"geometry":{"type":"Polygon","coordinates":[[[-6.1446,43.21697],[-6.1272,43.21911],[-6.12016,43.22277],[-6.11492,43.22722],[-6.11395,43.23206],[-6.09608,43.2398],[-6.08796,43.24505],[-6.0819,43.25266],[-6.07907,43.25757],[-6.08235,43.26933],[-6.08116,43.27117],[-6.08209,43.27322],[-6.08172,43.28055],[-6.06986,43.28778],[-6.07535,43.29588],[-6.08356,43.30384],[-6.09001,43.29996],[-6.11067,43.29473],[-6.12461,43.28251],[-6.12943,43.282],[-6.13194,43.27967],[-6.13364,43.27983],[-6.13394,43.27614],[-6.13241,43.27515],[-6.13173,43.26945],[-6.13347,43.26692],[-6.13324,43.26313],[-6.13149,43.26211],[-6.13135,43.25825],[-6.13604,43.25381],[-6.14065,43.24304],[-6.14155,43.23924],[-6.14087,43.23238],[-6.14459,43.21777],[-6.1446,43.21697]]]}},{"type":"Feature","id":"es-as-concejo-33074","properties":{"id":"es-as-concejo-33074","slug":"vegadeo","name":"Vegadeo","localName":"A Veiga","aliases":["A Veiga"],"kind":"municipality","boundaryStatus":"official","parentId":"es-as","population":null,"areaKm2":83.4,"density":null,"referenceYear":null,"sourceId":"sitpa-administrative-units","bbox":[-7.10624,43.35704,-6.94704,43.47427],"center":[-7.02664,43.415655]},"geometry":{"type":"Polygon","coordinates":[[[-7.05798,43.47175],[-7.06222,43.47427],[-7.06537,43.47123],[-7.0705,43.47023],[-7.07206,43.46581],[-7.07881,43.46514],[-7.08367,43.45816],[-7.09137,43.45406],[-7.09173,43.4477],[-7.08625,43.44358],[-7.08876,43.44336],[-7.08885,43.44488],[-7.09034,43.44487],[-7.09857,43.44197],[-7.10084,43.4401],[-7.09914,43.43858],[-7.09806,43.43245],[-7.09963,43.4319],[-7.10412,43.43366],[-7.10624,43.43271],[-7.10122,43.42882],[-7.10408,43.42667],[-7.10199,43.42535],[-7.10204,43.42364],[-7.10434,43.42292],[-7.10069,43.42142],[-7.10178,43.41815],[-7.09977,43.41621],[-7.10156,43.41346],[-7.1011,43.41187],[-7.09724,43.41107],[-7.09808,43.40948],[-7.09483,43.40701],[-7.08754,43.40586],[-7.08423,43.40294],[-7.08288,43.40512],[-7.07843,43.40643],[-7.07321,43.41081],[-7.06947,43.42147],[-7.06942,43.42516],[-7.06057,43.42697],[-7.05149,43.42285],[-7.04687,43.41767],[-7.04222,43.41622],[-7.04267,43.40934],[-7.03858,43.40468],[-7.03943,43.40138],[-7.03714,43.39761],[-7.03647,43.39238],[-7.03133,43.39255],[-7.02703,43.39038],[-7.03168,43.38366],[-7.02965,43.38142],[-7.02981,43.3784],[-7.02847,43.37627],[-7.0289,43.37042],[-7.02661,43.36843],[-7.02372,43.36191],[-7.02863,43.35816],[-7.02248,43.35904],[-7.02179,43.36079],[-7.01789,43.36142],[-7.01047,43.36665],[-7.00196,43.36711],[-6.99377,43.36383],[-6.98982,43.35704],[-6.98339,43.35827],[-6.98024,43.36563],[-6.98112,43.37513],[-6.97761,43.37853],[-6.97251,43.37795],[-6.97084,43.37996],[-6.96189,43.37418],[-6.95624,43.37385],[-6.9593,43.37703],[-6.9639,43.38587],[-6.96901,43.39145],[-6.96827,43.39435],[-6.96939,43.39912],[-6.96629,43.40134],[-6.96503,43.40741],[-6.96173,43.4118],[-6.95228,43.41967],[-6.95206,43.42502],[-6.94712,43.43277],[-6.94704,43.43494],[-6.95727,43.43654],[-6.9655,43.42849],[-6.97253,43.42625],[-6.97269,43.41953],[-6.9757,43.41676],[-6.97782,43.41962],[-6.98448,43.4241],[-6.99552,43.43766],[-6.99267,43.44014],[-6.99044,43.43978],[-6.99062,43.44396],[-6.99256,43.44423],[-6.99016,43.44703],[-6.99127,43.44891],[-6.99312,43.44786],[-6.99605,43.45065],[-7.00127,43.45161],[-7.00353,43.44988],[-7.011,43.45734],[-7.00958,43.45871],[-7.0126,43.46081],[-7.01051,43.46074],[-7.00876,43.46338],[-7.00923,43.46525],[-7.00266,43.47426],[-7.01937,43.47194],[-7.03337,43.47391],[-7.04378,43.47068],[-7.048,43.47209],[-7.05729,43.47174],[-7.05798,43.47175]]]}},{"type":"Feature","id":"es-as-concejo-33075","properties":{"id":"es-as-concejo-33075","slug":"villanueva-de-oscos","name":"Villanueva De Oscos","localName":"Vilanova D´ozcos","aliases":["Vilanova D´ozcos"],"kind":"municipality","boundaryStatus":"official","parentId":"es-as","population":null,"areaKm2":73.1,"density":null,"referenceYear":null,"sourceId":"sitpa-administrative-units","bbox":[-7.05733,43.26109,-6.92321,43.38005],"center":[-6.990270000000001,43.320570000000004]},"geometry":{"type":"Polygon","coordinates":[[[-7.05577,43.3071],[-7.05733,43.30547],[-7.05124,43.30692],[-7.04663,43.30658],[-7.04534,43.31026],[-7.04091,43.30791],[-7.03496,43.30911],[-7.03632,43.30187],[-7.03539,43.30051],[-7.03589,43.29546],[-7.03405,43.29414],[-7.0346,43.29334],[-7.0274,43.29171],[-7.01921,43.28568],[-7.01692,43.27883],[-7.01826,43.27649],[-7.01736,43.27368],[-7.01213,43.26992],[-7.01295,43.26563],[-7.00923,43.26507],[-7.00539,43.26248],[-6.9975,43.26382],[-6.99603,43.26109],[-6.98934,43.26149],[-6.98273,43.26625],[-6.98231,43.27277],[-6.98022,43.27612],[-6.96834,43.27682],[-6.96827,43.2866],[-6.96711,43.28866],[-6.96563,43.3023],[-6.96217,43.31424],[-6.9596,43.31517],[-6.94183,43.33309],[-6.9401,43.33886],[-6.93571,43.34395],[-6.92399,43.34891],[-6.92321,43.35503],[-6.92436,43.3571],[-6.92696,43.35802],[-6.93024,43.35695],[-6.93189,43.35887],[-6.93569,43.36697],[-6.94249,43.37535],[-6.94269,43.38005],[-6.95624,43.37385],[-6.96189,43.37418],[-6.97084,43.37996],[-6.97251,43.37795],[-6.97761,43.37853],[-6.98112,43.37513],[-6.98024,43.36563],[-6.98339,43.35827],[-6.98982,43.35704],[-6.99377,43.36383],[-7.00196,43.36711],[-7.01047,43.36665],[-7.01789,43.36142],[-7.02179,43.36079],[-7.02248,43.35904],[-7.02863,43.35816],[-7.02242,43.3564],[-7.02041,43.3528],[-7.02053,43.34951],[-7.02531,43.34352],[-7.02942,43.3418],[-7.03569,43.33352],[-7.04196,43.32911],[-7.05494,43.31279],[-7.05571,43.30923],[-7.05577,43.3071]]]}},{"type":"Feature","id":"es-as-concejo-33076","properties":{"id":"es-as-concejo-33076","slug":"villaviciosa","name":"Villaviciosa","localName":"Villaviciosa","aliases":[],"kind":"municipality","boundaryStatus":"official","parentId":"es-as","population":null,"areaKm2":274.1,"density":null,"referenceYear":null,"sourceId":"sitpa-administrative-units","bbox":[-5.59167,43.40698,-5.31107,43.55487],"center":[-5.45137,43.480925]},"geometry":{"type":"MultiPolygon","coordinates":[[[[-5.59129,43.54786],[-5.58661,43.53993],[-5.58371,43.53837],[-5.58727,43.5353],[-5.58694,43.5327],[-5.58037,43.52882],[-5.57718,43.52851],[-5.57408,43.5257],[-5.57558,43.52149],[-5.5752,43.51828],[-5.57044,43.51538],[-5.56794,43.50884],[-5.5648,43.50604],[-5.56521,43.50356],[-5.56288,43.50172],[-5.5656,43.50091],[-5.57052,43.50264],[-5.57418,43.49463],[-5.58494,43.48605],[-5.58346,43.4712],[-5.58408,43.45049],[-5.58551,43.44323],[-5.5798,43.43417],[-5.56481,43.42632],[-5.5559,43.42839],[-5.53863,43.42259],[-5.51173,43.42197],[-5.49975,43.41376],[-5.49648,43.41593],[-5.47526,43.41552],[-5.46972,43.41333],[-5.45577,43.41328],[-5.44779,43.41143],[-5.44349,43.41657],[-5.43658,43.41999],[-5.43697,43.42492],[-5.43457,43.42698],[-5.43288,43.43108],[-5.4334,43.43473],[-5.43522,43.43518],[-5.42357,43.43792],[-5.41206,43.4375],[-5.40969,43.43472],[-5.4004,43.43107],[-5.39826,43.42924],[-5.39673,43.42506],[-5.39249,43.42279],[-5.38917,43.42332],[-5.37658,43.42089],[-5.37594,43.41788],[-5.37288,43.41668],[-5.36946,43.40827],[-5.36615,43.40698],[-5.35908,43.41818],[-5.35651,43.41814],[-5.34776,43.42679],[-5.34303,43.42422],[-5.33976,43.42676],[-5.33939,43.43688],[-5.33611,43.45073],[-5.3422,43.46007],[-5.33599,43.46674],[-5.33785,43.47292],[-5.34447,43.48106],[-5.34399,43.48744],[-5.33887,43.49182],[-5.33727,43.5056],[-5.3322,43.5099],[-5.32595,43.51302],[-5.31547,43.51556],[-5.31107,43.51934],[-5.31288,43.5268],[-5.31203,43.53333],[-5.31948,43.53301],[-5.32675,43.53431],[-5.3375,43.53262],[-5.34704,43.53491],[-5.35354,43.5309],[-5.36562,43.53337],[-5.37181,43.5397],[-5.37362,43.53908],[-5.37442,43.53553],[-5.37607,43.53473],[-5.38592,43.5351],[-5.38703,43.53402],[-5.38556,43.53014],[-5.38699,43.53013],[-5.38798,43.53594],[-5.38716,43.53012],[-5.38822,43.52974],[-5.38974,43.53201],[-5.38915,43.53625],[-5.38758,43.53703],[-5.38901,43.5406],[-5.39936,43.54411],[-5.39931,43.54556],[-5.39707,43.54533],[-5.39813,43.54619],[-5.3969,43.54809],[-5.39741,43.54995],[-5.41325,43.55487],[-5.43204,43.54998],[-5.44023,43.55262],[-5.45011,43.55087],[-5.47263,43.55139],[-5.4838,43.5469],[-5.49229,43.54548],[-5.49378,43.54402],[-5.49906,43.54951],[-5.50321,43.55023],[-5.50848,43.5487],[-5.51824,43.55183],[-5.52553,43.54947],[-5.52669,43.54668],[-5.52888,43.54567],[-5.54557,43.54984],[-5.56263,43.54912],[-5.56829,43.55078],[-5.57098,43.54977],[-5.57538,43.55033],[-5.57929,43.54872],[-5.58821,43.5501],[-5.58897,43.54812],[-5.59116,43.54784],[-5.59129,43.54786]]],[[[-5.59073,43.54859],[-5.59167,43.54987],[-5.59085,43.54861],[-5.59073,43.54859]]]]}}]}
