{"type":"FeatureCollection","features":[{"type":"Feature","id":"country-vat","properties":{"id":"country-vat","slug":"ciudad-del-vaticano","name":"Ciudad del Vaticano","localName":"Vatican","aliases":["Vatican"],"kind":"country","boundaryStatus":"reference","parentId":null,"population":825,"areaKm2":0.7,"density":1178.6,"referenceYear":2019,"sourceId":"natural-earth","bbox":[12.42754,41.89756,12.43916,41.9062],"center":[12.43335,41.90188]},"geometry":{"type":"Polygon","coordinates":[[[12.43916,41.89839],[12.43057,41.89756],[12.42754,41.90073],[12.43057,41.90547],[12.43838,41.9062],[12.43916,41.89839]]]}},{"type":"Feature","id":"country-jey","properties":{"id":"country-jey","slug":"jersey","name":"Jersey","localName":"Jersey","aliases":["Jersey"],"kind":"country","boundaryStatus":"reference","parentId":null,"population":107800,"areaKm2":126.6,"density":851.5,"referenceYear":2019,"sourceId":"natural-earth","bbox":[-2.23584,49.16982,-2.00991,49.26636],"center":[-2.122875,49.218090000000004]},"geometry":{"type":"Polygon","coordinates":[[[-2.01865,49.23125],[-2.00991,49.18081],[-2.05376,49.16982],[-2.09102,49.1874],[-2.16567,49.1874],[-2.23584,49.17637],[-2.22051,49.26636],[-2.08223,49.25537],[-2.01865,49.23125]]]}},{"type":"Feature","id":"country-ggy","properties":{"id":"country-ggy","slug":"guernsey","name":"Guernsey","localName":"Guernsey","aliases":["Guernsey"],"kind":"country","boundaryStatus":"reference","parentId":null,"population":62792,"areaKm2":48.2,"density":1302.7,"referenceYear":2019,"sourceId":"natural-earth","bbox":[-2.64614,49.42871,-2.5123,49.50659],"center":[-2.5792200000000003,49.467650000000006]},"geometry":{"type":"Polygon","coordinates":[[[-2.5123,49.49453],[-2.54736,49.42871],[-2.63901,49.45093],[-2.64614,49.46821],[-2.54219,49.50659],[-2.5209,49.5063],[-2.5123,49.49453]]]}},{"type":"Feature","id":"country-imn","properties":{"id":"country-imn","slug":"isla-de-man","name":"Isla de Man","localName":"Isle of Man","aliases":["Isle of Man"],"kind":"country","boundaryStatus":"reference","parentId":null,"population":84584,"areaKm2":558.6,"density":151.4,"referenceYear":2019,"sourceId":"natural-earth","bbox":[-4.78535,54.05869,-4.33799,54.40718],"center":[-4.5616699999999994,54.232935]},"geometry":{"type":"Polygon","coordinates":[[[-4.41206,54.18535],[-4.61426,54.05869],[-4.69609,54.08145],[-4.76577,54.06943],[-4.78535,54.07305],[-4.74556,54.1188],[-4.69873,54.2249],[-4.61484,54.26694],[-4.50864,54.37671],[-4.42471,54.40718],[-4.39556,54.40293],[-4.3772,54.39258],[-4.33799,54.26909],[-4.39228,54.22539],[-4.41206,54.18535]]]}},{"type":"Feature","id":"country-gbr","properties":{"id":"country-gbr","slug":"reino-unido","name":"Reino Unido","localName":"United Kingdom","aliases":["United Kingdom"],"kind":"country","boundaryStatus":"reference","parentId":null,"population":66834405,"areaKm2":240147.1,"density":278.3,"referenceYear":2019,"sourceId":"natural-earth","bbox":[-8.14482,50.02139,1.74658,60.83189],"center":[-3.1991199999999997,55.42664]},"geometry":{"type":"MultiPolygon","coordinates":[[[[-2.66768,51.623],[-2.74214,51.5811],[-2.97852,51.53887],[-3.08037,51.4958],[-3.25879,51.39849],[-3.29311,51.39043],[-3.56235,51.41382],[-3.76269,51.53994],[-3.89077,51.59165],[-3.94365,51.59751],[-3.99834,51.58213],[-4.11528,51.56641],[-4.23457,51.56909],[-4.17368,51.62734],[-4.09102,51.65991],[-4.27617,51.68252],[-4.32764,51.70024],[-4.38628,51.74106],[-4.53149,51.74805],[-4.60078,51.73765],[-4.71763,51.68369],[-4.90229,51.62627],[-5.12476,51.70586],[-5.16836,51.74072],[-5.16724,51.80806],[-5.20059,51.86138],[-5.2623,51.88018],[-5.18335,51.94966],[-5.08809,51.9959],[-4.87852,52.04185],[-4.56113,52.15088],[-4.38315,52.19731],[-4.21772,52.27744],[-4.14937,52.32627],[-4.09976,52.39312],[-4.05054,52.47515],[-3.98032,52.54175],[-4.04844,52.55762],[-4.07891,52.60786],[-4.0707,52.65884],[-4.03926,52.70405],[-4.06743,52.76074],[-4.11753,52.82002],[-4.11475,52.86616],[-4.10146,52.91548],[-4.22915,52.91284],[-4.35644,52.89741],[-4.47183,52.86245],[-4.58369,52.81494],[-4.68306,52.80615],[-4.68144,52.84414],[-4.63833,52.89111],[-4.52568,52.9582],[-4.40508,53.01382],[-4.36221,53.05606],[-4.32842,53.10513],[-4.26855,53.14453],[-4.11103,53.21895],[-3.80928,53.30269],[-3.76421,53.30762],[-3.6459,53.2979],[-3.52959,53.31055],[-3.42773,53.34067],[-3.32617,53.34717],[-3.09756,53.2603],[-3.16558,53.39468],[-3.06475,53.42686],[-2.91855,53.30537],[-2.86416,53.29258],[-2.74951,53.31021],[-2.79375,53.33071],[-2.84541,53.33193],[-2.91309,53.35024],[-2.96997,53.38921],[-3.0646,53.51284],[-3.05947,53.58623],[-2.9957,53.66255],[-2.9251,53.73276],[-2.98433,53.74673],[-3.03179,53.77358],[-3.04536,53.84385],[-3.02676,53.90591],[-2.89985,53.96069],[-2.8624,54.04385],[-2.84648,54.1353],[-2.86758,54.17725],[-2.99351,54.17051],[-3.05474,54.15342],[-3.10967,54.12632],[-3.16597,54.12793],[-3.32153,54.2291],[-3.41025,54.30562],[-3.56938,54.46758],[-3.59204,54.56436],[-3.4646,54.7731],[-3.26792,54.90659],[-3.03623,54.95308],[-3.08105,54.96196],[-3.43408,54.96377],[-3.55044,54.94741],[-3.6583,54.89287],[-3.71924,54.87612],[-3.78325,54.86992],[-3.8416,54.84277],[-3.89858,54.80508],[-3.95791,54.78096],[-4.07578,54.78721],[-4.13296,54.77925],[-4.17402,54.80107],[-4.2084,54.83716],[-4.25342,54.84678],[-4.30366,54.83569],[-4.40991,54.78706],[-4.51748,54.75835],[-4.64756,54.78901],[-4.81807,54.84614],[-4.85171,54.82529],[-4.8895,54.77227],[-4.91123,54.68945],[-5.03232,54.76138],[-5.1355,54.85752],[-5.17012,54.91792],[-5.1727,54.98589],[-5.1167,55.01226],[-5.05586,54.98814],[-4.96519,55.14946],[-4.78481,55.35942],[-4.72114,55.421],[-4.67676,55.50132],[-4.68437,55.55391],[-4.72417,55.59829],[-4.89185,55.69912],[-4.88965,55.7812],[-4.87168,55.87393],[-4.82607,55.92954],[-4.80684,55.94014],[-4.58408,55.93867],[-4.67095,55.96738],[-4.84409,56.05117],[-4.84102,56.08086],[-4.80029,56.15835],[-4.81914,56.15049],[-4.85625,56.1147],[-4.9271,56.02808],[-4.97036,56.00786],[-5.09282,55.98731],[-5.11499,55.94463],[-5.13467,55.9335],[-5.19585,55.92866],[-5.2146,55.88887],[-5.22822,55.88633],[-5.2456,55.92925],[-5.24731,56.00039],[-5.22295,56.06582],[-5.17642,56.11699],[-4.99697,56.23335],[-5.08433,56.19746],[-5.28232,56.08994],[-5.38345,56.01924],[-5.41045,55.99536],[-5.4189,55.97524],[-5.41831,55.95205],[-5.3729,55.82769],[-5.38584,55.77012],[-5.55644,55.3896],[-5.58877,55.35142],[-5.61846,55.33145],[-5.64653,55.32686],[-5.73066,55.33413],[-5.76821,55.36265],[-5.76787,55.39497],[-5.7521,55.44346],[-5.68135,55.62398],[-5.65063,55.67412],[-5.60503,55.72075],[-5.50449,55.80239],[-5.50693,55.80772],[-5.57388,55.7917],[-5.60239,55.79697],[-5.62285,55.81314],[-5.60957,56.05527],[-5.55527,56.13496],[-5.53496,56.25083],[-5.48789,56.35005],[-5.4334,56.42231],[-5.39194,56.5148],[-5.32944,56.55591],[-5.31269,56.6188],[-5.24258,56.68687],[-5.18838,56.75806],[-5.21758,56.75103],[-5.56421,56.56572],[-5.65244,56.53198],[-5.7728,56.54102],[-5.86484,56.56187],[-5.93677,56.60571],[-5.9689,56.68989],[-6.05771,56.69214],[-6.13369,56.70669],[-6.13276,56.71802],[-6.03472,56.76392],[-5.87764,56.77964],[-5.73061,56.85308],[-5.86143,56.90269],[-5.85039,56.91841],[-5.73628,56.96065],[-5.59131,57.10234],[-5.56191,57.23272],[-5.63125,57.29395],[-5.65635,57.33408],[-5.79492,57.37881],[-5.81807,57.43608],[-5.80195,57.46802],[-5.75674,57.49922],[-5.68862,57.52354],[-5.58179,57.54678],[-5.67876,57.57168],[-5.71494,57.60107],[-5.74238,57.64365],[-5.74492,57.66831],[-5.69473,57.77822],[-5.66548,57.82354],[-5.60835,57.88135],[-5.34902,57.87808],[-5.31919,57.90361],[-5.28979,57.90459],[-5.15723,57.88135],[-5.1769,57.9064],[-5.39375,58.0436],[-5.41318,58.06973],[-5.35137,58.1437],[-5.34687,58.17666],[-5.35596,58.21191],[-5.33828,58.23872],[-5.26953,58.25142],[-5.05996,58.25015],[-5.0083,58.26265],[-5.03184,58.29829],[-5.08061,58.34517],[-5.09014,58.38452],[-5.07871,58.41929],[-5.07602,58.48926],[-5.0665,58.52022],[-5.01675,58.56655],[-4.97563,58.58032],[-4.92466,58.58838],[-4.80962,58.5729],[-4.76577,58.5542],[-4.71543,58.51001],[-4.67822,58.51357],[-4.53496,58.56157],[-4.4919,58.56846],[-4.43325,58.51284],[-4.18862,58.55723],[-3.85952,58.5771],[-3.66182,58.6063],[-3.45356,58.6169],[-3.25913,58.65],[-3.05308,58.63481],[-3.04619,58.61553],[-3.05698,58.58877],[-3.10967,58.51548],[-3.10112,58.43369],[-3.11289,58.40889],[-3.13677,58.37832],[-3.21235,58.32124],[-3.41099,58.23965],[-3.775,58.0521],[-3.99004,57.95903],[-4.01963,57.91426],[-4.0356,57.852],[-3.90684,57.83965],[-3.85713,57.81856],[-3.88794,57.78691],[-4.07842,57.67705],[-4.13452,57.57773],[-3.98848,57.58125],[-3.86816,57.60034],[-3.62822,57.66226],[-3.40278,57.70825],[-3.29453,57.71016],[-3.08394,57.67349],[-3.03603,57.67231],[-2.94668,57.68926],[-2.8563,57.69229],[-2.24414,57.68086],[-2.07407,57.70239],[-1.96152,57.67666],[-1.86738,57.61235],[-1.77793,57.49375],[-1.78066,57.47402],[-1.83472,57.41997],[-1.93447,57.3522],[-2.02031,57.25889],[-2.04551,57.20855],[-2.06235,57.15347],[-2.08955,57.10254],[-2.26025,56.86333],[-2.42666,56.73071],[-2.50098,56.63657],[-2.59268,56.56157],[-2.68096,56.5144],[-2.77519,56.48296],[-3.04741,56.44937],[-3.12358,56.42529],[-3.21445,56.38394],[-3.30996,56.36348],[-3.198,56.36606],[-3.08701,56.38906],[-2.88516,56.39751],[-2.65273,56.31826],[-2.67427,56.25342],[-2.76758,56.20215],[-2.97978,56.19409],[-3.17822,56.08013],[-3.26777,56.04507],[-3.36226,56.02764],[-3.48042,56.03281],[-3.69512,56.06333],[-3.78906,56.09522],[-3.70415,56.04316],[-3.60781,56.01602],[-3.04873,55.95195],[-3.01509,55.95859],[-2.83686,56.02627],[-2.59932,56.0273],[-2.14707,55.90298],[-2.01685,55.80796],[-1.83027,55.67173],[-1.72876,55.61856],[-1.65537,55.57036],[-1.61016,55.4981],[-1.52256,55.25952],[-1.42266,55.02642],[-1.29175,54.77388],[-1.23242,54.70371],[-1.15439,54.65449],[-0.75933,54.54141],[-0.67139,54.50391],[-0.51811,54.39512],[-0.37036,54.2792],[-0.23286,54.19014],[-0.08437,54.11807],[-0.1563,54.08062],[-0.20557,54.02173],[-0.16875,53.94165],[-0.10825,53.86519],[0.01055,53.74282],[0.11533,53.60928],[0.07671,53.62944],[0.03608,53.64053],[-0.01943,53.63721],[-0.07373,53.64365],[-0.17383,53.68545],[-0.27002,53.73677],[-0.46138,53.71616],[-0.56768,53.72539],[-0.65991,53.72402],[-0.48506,53.69439],[-0.2937,53.69233],[0.12832,53.46826],[0.271,53.3355],[0.35576,53.15996],[0.29805,53.0811],[0.2082,53.03003],[0.12441,52.97158],[0.0459,52.90562],[0.27979,52.80869],[0.33018,52.81162],[0.38193,52.8252],[0.43164,52.85815],[0.51553,52.93838],[0.55879,52.96694],[0.70449,52.97725],[0.82676,52.97109],[0.94854,52.95337],[1.05557,52.95898],[1.27129,52.92456],[1.38213,52.89351],[1.65674,52.75371],[1.71611,52.67725],[1.74336,52.57852],[1.74658,52.46899],[1.70039,52.3689],[1.64736,52.27852],[1.61465,52.16182],[1.59141,52.11978],[1.55898,52.08687],[1.41348,51.99478],[1.3168,51.95693],[1.27598,51.97354],[1.23242,51.97124],[1.22783,51.94912],[1.27383,51.9021],[1.27441,51.84536],[1.18848,51.80337],[1.10117,51.78545],[0.95508,51.80781],[0.75225,51.72959],[0.89805,51.6894],[0.92744,51.64663],[0.89092,51.57144],[0.79922,51.53789],[0.69756,51.52305],[0.59346,51.51948],[0.50723,51.50107],[0.42451,51.46563],[0.52832,51.48447],[0.60029,51.46797],[0.64551,51.40469],[0.68652,51.38657],[0.88936,51.35952],[1.01494,51.35972],[1.25713,51.3751],[1.37344,51.37471],[1.41494,51.36328],[1.41563,51.31084],[1.39756,51.18203],[1.36553,51.15547],[1.04443,51.04727],[0.97861,50.97168],[0.96016,50.92588],[0.77236,50.93398],[0.68438,50.88555],[0.53232,50.85342],[0.41475,50.81919],[0.29971,50.77598],[0.20508,50.76304],[-0.20391,50.81436],[-0.45078,50.81016],[-0.78525,50.76543],[-0.87139,50.7728],[-1.00059,50.81563],[-1.13286,50.84458],[-1.28506,50.85732],[-1.41645,50.89688],[-1.33447,50.8208],[-1.51675,50.74746],[-1.60083,50.73286],[-1.68789,50.73516],[-1.86602,50.71523],[-2.03105,50.72539],[-2.00625,50.67324],[-1.96206,50.62778],[-1.9979,50.60801],[-2.03584,50.60308],[-2.35015,50.6374],[-2.39468,50.63091],[-2.43345,50.59922],[-2.54775,50.61631],[-2.65884,50.66973],[-2.77695,50.70557],[-2.90088,50.72241],[-2.99941,50.7166],[-3.40459,50.63242],[-3.48545,50.54795],[-3.52588,50.42817],[-3.58437,50.32183],[-3.67978,50.23994],[-3.79336,50.22925],[-3.90019,50.28594],[-4.10342,50.34854],[-4.17256,50.39082],[-4.19458,50.39331],[-4.21729,50.37817],[-4.29697,50.35908],[-4.37949,50.3582],[-4.50669,50.34136],[-4.72798,50.29048],[-4.81738,50.25596],[-5.00952,50.16074],[-5.04863,50.13438],[-5.11851,50.03833],[-5.22524,50.02139],[-5.32285,50.08296],[-5.43398,50.10444],[-5.55122,50.0834],[-5.62212,50.05068],[-5.65518,50.07725],[-5.65625,50.13189],[-5.57065,50.19697],[-5.34228,50.24614],[-5.1418,50.37373],[-5.04346,50.45151],[-5.00444,50.49526],[-4.9564,50.52315],[-4.89355,50.53369],[-4.86128,50.58203],[-4.58291,50.77637],[-4.55996,50.82095],[-4.54609,50.90068],[-4.5231,50.97744],[-4.29648,51.02715],[-4.18818,51.18853],[-4.1584,51.20132],[-3.84233,51.23091],[-3.60791,51.22856],[-3.3751,51.19697],[-3.25576,51.19414],[-3.13599,51.20503],[-3.04204,51.24858],[-2.88125,51.40566],[-2.79082,51.47481],[-2.68721,51.53726],[-2.59028,51.60859],[-2.43306,51.74072],[-2.53935,51.69522],[-2.66768,51.623]]],[[[-4.19678,53.32144],[-4.15488,53.30283],[-4.04936,53.30576],[-4.08428,53.26431],[-4.20039,53.21807],[-4.27861,53.17241],[-4.37305,53.13418],[-4.41885,53.17803],[-4.47197,53.17637],[-4.55322,53.26045],[-4.56787,53.38648],[-4.46172,53.41929],[-4.31509,53.41724],[-4.19678,53.32144]]],[[[-2.54888,59.23135],[-2.66206,59.23018],[-2.60361,59.28931],[-2.53565,59.30415],[-2.40698,59.29756],[-2.42983,59.27105],[-2.54888,59.23135]]],[[[-1.04253,60.51387],[-1.06787,60.5023],[-1.16553,60.60391],[-1.09331,60.72022],[-1.00561,60.7165],[-0.99165,60.68604],[-1.00034,60.65801],[-1.04502,60.65552],[-1.04902,60.64692],[-1.03511,60.59292],[-1.03423,60.53018],[-1.04253,60.51387]]],[[[-1.30811,60.5375],[-1.2874,60.46704],[-1.23574,60.4853],[-1.15776,60.41773],[-1.11797,60.41763],[-1.05244,60.44448],[-1.06567,60.38159],[-1.13369,60.20698],[-1.15278,60.17734],[-1.16572,60.12427],[-1.17925,60.11392],[-1.19932,60.00659],[-1.24531,59.97124],[-1.28379,59.88691],[-1.29946,59.87866],[-1.35586,59.91113],[-1.29951,60.03984],[-1.27617,60.11465],[-1.29092,60.15347],[-1.3228,60.18838],[-1.40903,60.1895],[-1.48149,60.17339],[-1.49687,60.19399],[-1.49912,60.22178],[-1.5166,60.23101],[-1.61304,60.2291],[-1.64136,60.23677],[-1.66006,60.26226],[-1.66377,60.28252],[-1.57666,60.29839],[-1.49443,60.29248],[-1.37461,60.33291],[-1.44956,60.46856],[-1.54883,60.4813],[-1.57178,60.49443],[-1.55264,60.51743],[-1.49814,60.52983],[-1.41421,60.59873],[-1.36396,60.60957],[-1.30171,60.60767],[-1.30811,60.5375]]],[[[-0.77427,60.81196],[-0.77432,60.80049],[-0.82617,60.71616],[-0.82549,60.68394],[-0.90913,60.68701],[-0.92227,60.69727],[-0.93809,60.74565],[-0.92754,60.79717],[-0.91582,60.81045],[-0.89141,60.81592],[-0.86494,60.80581],[-0.82344,60.83189],[-0.80181,60.83125],[-0.77427,60.81196]]],[[[-3.16494,58.79419],[-3.22212,58.78096],[-3.27881,58.78193],[-3.36719,58.83975],[-3.40083,58.88179],[-3.39473,58.90962],[-3.35742,58.91899],[-3.27192,58.90527],[-3.22764,58.85718],[-3.22212,58.82588],[-3.21162,58.81357],[-3.15854,58.80122],[-3.16494,58.79419]]],[[[-2.92939,58.7416],[-2.93896,58.73862],[-2.97539,58.75693],[-3.03545,58.82266],[-2.94121,58.83569],[-2.89644,58.82759],[-2.91309,58.79961],[-2.92939,58.7416]]],[[[-3.05742,59.02964],[-3.0707,59.00498],[-2.99468,59.00557],[-2.88457,58.98452],[-2.81792,58.98189],[-2.76245,58.95581],[-2.79302,58.90693],[-2.82622,58.89326],[-2.86377,58.89053],[-2.99482,58.93936],[-3.1666,58.91909],[-3.20078,58.92529],[-3.22334,58.93877],[-3.23262,58.95552],[-3.23281,58.98965],[-3.24214,58.99971],[-3.30435,58.96743],[-3.33164,58.97124],[-3.34707,58.98672],[-3.35371,59.01875],[-3.34683,59.06499],[-3.31035,59.13081],[-3.24858,59.14395],[-3.15649,59.13633],[-3.05112,59.09902],[-3.01924,59.07603],[-3.02002,59.05767],[-3.05742,59.02964]]],[[[-2.72939,59.18677],[-2.81523,59.16191],[-2.85185,59.18247],[-2.86143,59.24683],[-2.96377,59.27437],[-3.01348,59.29146],[-3.05205,59.32388],[-3.04224,59.33384],[-2.97554,59.34712],[-2.86162,59.28833],[-2.81504,59.24082],[-2.73066,59.22676],[-2.71992,59.21948],[-2.72939,59.18677]]],[[[-6.60762,56.58501],[-6.66445,56.57944],[-6.66855,56.5936],[-6.56992,56.66123],[-6.50605,56.67236],[-6.48369,56.66577],[-6.53008,56.62661],[-6.60762,56.58501]]],[[[-5.10542,55.44883],[-5.23149,55.4481],[-5.27705,55.45674],[-5.33149,55.48106],[-5.39268,55.61836],[-5.3708,55.66694],[-5.3457,55.69072],[-5.31811,55.70918],[-5.25161,55.71694],[-5.18545,55.69097],[-5.1604,55.6668],[-5.10498,55.57398],[-5.09473,55.49434],[-5.10542,55.44883]]],[[[-5.77788,56.34434],[-6.17617,56.28872],[-6.31343,56.29365],[-6.32583,56.32095],[-6.29849,56.33916],[-6.18486,56.35689],[-6.13887,56.49063],[-6.31064,56.55215],[-6.31968,56.56943],[-6.30625,56.59878],[-6.28633,56.61187],[-6.18208,56.64297],[-6.13828,56.64985],[-6.10273,56.64565],[-6.02959,56.60981],[-5.94668,56.53452],[-5.83603,56.52256],[-5.76084,56.49067],[-5.77788,56.34434]]],[[[-6.12891,55.93057],[-6.09282,55.80215],[-6.05762,55.72251],[-6.05532,55.69531],[-6.08838,55.65752],[-6.25317,55.60723],[-6.30508,55.60693],[-6.30723,55.61914],[-6.27002,55.67031],[-6.30205,55.72837],[-6.28643,55.77251],[-6.30176,55.78062],[-6.33389,55.77437],[-6.45195,55.70425],[-6.49136,55.69731],[-6.49565,55.71157],[-6.46645,55.76899],[-6.46284,55.80825],[-6.44526,55.83237],[-6.41318,55.85464],[-6.37495,55.87134],[-6.34414,55.87373],[-6.31128,55.85649],[-6.21567,55.90459],[-6.12891,55.93057]]],[[[-5.97007,55.81455],[-5.99092,55.80381],[-6.04155,55.80679],[-6.06035,55.8229],[-6.0707,55.84766],[-6.07197,55.89312],[-6.04131,55.92564],[-5.91177,55.97476],[-5.97031,55.99219],[-5.97266,56.00444],[-5.93906,56.04526],[-5.79961,56.10879],[-5.76226,56.12031],[-5.72515,56.11856],[-5.79722,56.00562],[-5.97007,55.81455]]],[[[-6.19868,58.36328],[-6.32583,58.18887],[-6.37559,58.18457],[-6.41929,58.14097],[-6.55459,58.09287],[-6.43652,58.0919],[-6.40337,58.07588],[-6.40244,58.04136],[-6.42519,58.02129],[-6.57812,57.94136],[-6.6833,57.91104],[-6.79658,57.82754],[-6.85376,57.82651],[-6.91035,57.77339],[-6.95693,57.75005],[-6.9831,57.75],[-7.01318,57.76177],[-7.08345,57.81377],[-6.95596,57.86489],[-6.94414,57.89365],[-6.85684,57.92354],[-6.86416,57.93286],[-7.00254,57.9749],[-7.05708,58.00317],[-7.0519,58.01797],[-6.9853,58.05049],[-7.01689,58.05479],[-7.03823,58.07231],[-7.0769,58.079],[-7.08848,58.09536],[-7.0956,58.13828],[-7.08525,58.18218],[-7.04492,58.20156],[-7.02842,58.22231],[-7.01206,58.22871],[-6.94956,58.21768],[-6.88623,58.18257],[-6.8123,58.19609],[-6.72646,58.1894],[-6.72471,58.19756],[-6.78774,58.28389],[-6.77646,58.30151],[-6.74228,58.32163],[-6.54419,58.38315],[-6.29717,58.48662],[-6.23745,58.50283],[-6.21943,58.48872],[-6.19424,58.43511],[-6.19868,58.36328]]],[[[-6.27905,56.9647],[-6.30874,56.95181],[-6.34624,56.9543],[-6.3834,56.9709],[-6.43262,57.01792],[-6.32236,57.05054],[-6.27822,57.0314],[-6.26128,57.00952],[-6.26055,56.98525],[-6.27905,56.9647]]],[[[-6.14473,57.50498],[-6.14614,57.46079],[-6.16377,57.40884],[-6.14082,57.35366],[-6.13555,57.31426],[-6.09341,57.30171],[-6.06763,57.28355],[-5.88027,57.26323],[-5.70601,57.26895],[-5.67246,57.25269],[-5.66865,57.2269],[-5.69619,57.19844],[-5.79541,57.14653],[-5.91377,57.06265],[-5.94907,57.04517],[-5.9873,57.04443],[-6.01475,57.05195],[-6.03437,57.20122],[-6.16274,57.18213],[-6.26611,57.18433],[-6.3227,57.20249],[-6.3624,57.2375],[-6.44243,57.32749],[-6.67544,57.36289],[-6.74131,57.41245],[-6.76113,57.44238],[-6.75273,57.45894],[-6.7042,57.49575],[-6.64346,57.48262],[-6.60586,57.49067],[-6.58301,57.50713],[-6.5835,57.52065],[-6.61528,57.55273],[-6.6168,57.5627],[-6.37852,57.60332],[-6.35767,57.6668],[-6.30596,57.67197],[-6.24692,57.65122],[-6.16606,57.5853],[-6.14473,57.50498]]],[[[-7.20557,57.68296],[-7.09277,57.62666],[-7.18262,57.5333],[-7.32056,57.53374],[-7.51475,57.60195],[-7.51562,57.61587],[-7.49941,57.63633],[-7.47031,57.65254],[-7.44004,57.6564],[-7.39189,57.64522],[-7.32485,57.66314],[-7.27119,57.65747],[-7.20557,57.68296]]],[[[-7.24985,57.11533],[-7.29204,57.10977],[-7.34741,57.11514],[-7.38149,57.13066],[-7.41592,57.19214],[-7.42236,57.22935],[-7.40703,57.29849],[-7.41055,57.3811],[-7.29639,57.38369],[-7.26714,57.37178],[-7.24756,57.12637],[-7.24985,57.11533]]],[[[-7.41689,56.96543],[-7.50478,56.95166],[-7.5374,56.95972],[-7.54297,56.97236],[-7.52295,57.00679],[-7.45547,57.01895],[-7.40669,57.00029],[-7.39893,56.98335],[-7.41689,56.96543]]],[[[-6.21802,54.08872],[-6.30366,54.09487],[-6.36367,54.0771],[-6.40259,54.06065],[-6.44028,54.06362],[-6.54814,54.05728],[-6.6498,54.05864],[-6.66421,54.08477],[-6.64687,54.16343],[-6.66953,54.18472],[-6.7666,54.19561],[-6.80259,54.21436],[-6.85835,54.26865],[-6.86924,54.29404],[-6.87725,54.3291],[-6.93613,54.37432],[-7.00771,54.40669],[-7.04971,54.40825],[-7.1335,54.35537],[-7.20259,54.30181],[-7.17808,54.2749],[-7.15547,54.2395],[-7.19307,54.21411],[-7.30674,54.15601],[-7.32451,54.13345],[-7.35518,54.12124],[-7.40942,54.13731],[-7.54443,54.13359],[-7.60654,54.14385],[-7.67876,54.18667],[-7.85493,54.21528],[-7.88447,54.28379],[-7.91846,54.29658],[-8.11826,54.41426],[-8.14482,54.45352],[-8.11894,54.47695],[-8.04434,54.51245],[-7.7938,54.57124],[-7.75439,54.59492],[-7.74629,54.61582],[-7.81982,54.6397],[-7.88613,54.66606],[-7.90874,54.68335],[-7.9106,54.69834],[-7.87295,54.71787],[-7.79727,54.71929],[-7.7375,54.71045],[-7.68999,54.72803],[-7.60644,54.7457],[-7.55039,54.76797],[-7.5022,54.82544],[-7.45127,54.8771],[-7.446,54.90513],[-7.40142,55.00332],[-7.3769,55.02769],[-7.21865,55.09199],[-7.17861,55.05689],[-7.10063,55.04829],[-7.03076,55.08062],[-6.94717,55.18252],[-6.88896,55.18892],[-6.82485,55.18066],[-6.69883,55.19346],[-6.47505,55.24102],[-6.37529,55.2418],[-6.23423,55.21685],[-6.12915,55.21738],[-6.03579,55.14453],[-5.98574,55.02969],[-5.86919,54.91621],[-5.71685,54.81748],[-5.71074,54.75708],[-5.76519,54.72466],[-5.8791,54.68438],[-5.87861,54.64131],[-5.80347,54.66304],[-5.73862,54.67305],[-5.58252,54.66343],[-5.52793,54.61963],[-5.49019,54.55405],[-5.47041,54.5002],[-5.48389,54.44165],[-5.52588,54.46021],[-5.56855,54.5126],[-5.61597,54.53672],[-5.67109,54.54976],[-5.64609,54.47788],[-5.65596,54.38174],[-5.63188,54.37266],[-5.55781,54.371],[-5.60679,54.27256],[-5.70806,54.24585],[-5.82617,54.23584],[-5.85464,54.20098],[-5.87607,54.15606],[-5.93774,54.08906],[-6.01904,54.05127],[-6.11953,54.05889],[-6.21802,54.08872]]],[[[-1.06558,50.69023],[-1.14936,50.65571],[-1.17583,50.61523],[-1.19609,50.59922],[-1.25146,50.58882],[-1.3063,50.58853],[-1.51533,50.66978],[-1.56343,50.66611],[-1.51567,50.70332],[-1.38584,50.73355],[-1.31279,50.77349],[-1.14424,50.73472],[-1.06558,50.69023]]]]}},{"type":"Feature","id":"country-ukr","properties":{"id":"country-ukr","slug":"ucrania","name":"Ucrania","localName":"Ukraine","aliases":["Ukraine"],"kind":"country","boundaryStatus":"reference","parentId":null,"population":44385155,"areaKm2":571433.1,"density":77.7,"referenceYear":2019,"sourceId":"natural-earth","bbox":[22.13184,45.23413,40.12832,52.35356],"center":[31.13008,48.793845000000005]},"geometry":{"type":"MultiPolygon","coordinates":[[[[38.21435,47.09146],[38.17832,47.08023],[37.82871,47.09585],[37.76115,47.09081],[37.54336,47.07456],[37.33984,46.9169],[37.21856,46.91733],[37.04756,46.87622],[36.93203,46.82515],[36.79482,46.7144],[36.68867,46.76411],[36.55879,46.7627],[36.43203,46.73257],[36.27949,46.65859],[36.19463,46.64551],[36.0249,46.6668],[35.82715,46.62432],[35.40019,46.3814],[35.25664,46.20391],[35.2044,46.16919],[35.13232,46.12588],[35.05527,46.104],[35.01455,46.10601],[35.21777,46.23218],[35.28018,46.27949],[35.29092,46.3144],[35.29199,46.3707],[35.23037,46.44063],[35.06406,46.26724],[34.96953,46.24209],[34.84961,46.18989],[34.84375,46.07358],[34.85732,45.98735],[34.90664,45.87881],[35.00167,45.73338],[34.94643,45.72869],[34.79973,45.79075],[34.79408,45.89232],[34.68688,45.97695],[34.52325,45.97695],[34.4499,45.96567],[34.35398,46.06159],[34.2242,46.10108],[34.12828,46.0898],[34.02672,46.10673],[33.80667,46.20829],[33.65997,46.21957],[33.65432,46.14622],[33.59414,46.09624],[33.49883,46.07886],[33.42988,46.05762],[33.26348,46.12568],[33.20225,46.17573],[32.9418,46.12378],[32.79688,46.13149],[32.47676,46.08369],[32.32988,46.13037],[32.03574,46.26099],[31.9252,46.28726],[31.83125,46.28169],[31.77998,46.32466],[31.84287,46.34614],[31.91592,46.34868],[31.9917,46.3644],[32.01309,46.38716],[32.0085,46.42998],[31.85576,46.46245],[31.71367,46.47178],[31.62363,46.51025],[31.55488,46.5543],[31.71602,46.55498],[31.87793,46.52168],[32.13145,46.50938],[32.36133,46.47495],[32.41895,46.51777],[32.55254,46.59199],[32.57803,46.61563],[32.3541,46.56484],[32.12725,46.59722],[32.04434,46.64248],[31.97432,46.70879],[31.94492,46.78438],[31.96406,46.85483],[31.93955,46.98198],[31.86475,47.09512],[31.83818,47.15723],[31.75918,47.21284],[31.83691,47.08701],[31.86592,47.00327],[31.9127,46.92612],[31.90166,46.72163],[31.87285,46.64976],[31.77959,46.63164],[31.65703,46.64243],[31.53213,46.66475],[31.56338,46.7773],[31.49688,46.73838],[31.40293,46.62881],[31.32031,46.6125],[31.13682,46.62446],[30.79629,46.552],[30.77285,46.47305],[30.72168,46.36621],[30.67227,46.304],[30.65674,46.2665],[30.51152,46.10537],[30.49297,46.09014],[30.21904,45.86675],[30.18418,45.84995],[30.00664,45.79795],[29.90166,45.75239],[29.82119,45.73208],[29.68506,45.75469],[29.62842,45.72246],[29.60166,45.68252],[29.60117,45.6],[29.67031,45.54067],[29.72695,45.34331],[29.70586,45.25991],[29.65195,45.31392],[29.56768,45.3708],[29.40371,45.41968],[29.22354,45.40293],[29.02744,45.32056],[28.89434,45.28994],[28.82432,45.31108],[28.78174,45.30986],[28.7666,45.28623],[28.76982,45.2669],[28.79141,45.2519],[28.78828,45.24097],[28.76074,45.23413],[28.45127,45.29219],[28.31768,45.34712],[28.2125,45.45044],[28.26484,45.48389],[28.31035,45.49858],[28.47139,45.50718],[28.49902,45.51773],[28.50176,45.54155],[28.51377,45.57241],[28.50947,45.61782],[28.4916,45.66577],[28.56231,45.73579],[28.66758,45.79385],[28.7293,45.852],[28.73877,45.93716],[28.84951,45.97866],[28.94775,46.04995],[28.97188,46.12764],[29.00625,46.17647],[28.94375,46.28843],[28.93057,46.36226],[28.92744,46.42412],[28.9584,46.4585],[29.0499,46.49702],[29.14629,46.5269],[29.18623,46.52398],[29.20078,46.50498],[29.20459,46.37935],[29.22383,46.37695],[29.25459,46.39263],[29.30488,46.4666],[29.33955,46.44507],[29.39287,46.43691],[29.43281,46.45596],[29.45879,46.45376],[29.49102,46.43467],[29.55508,46.40776],[29.61494,46.39883],[29.66455,46.41675],[29.70684,46.44873],[29.75195,46.43779],[29.83789,46.35054],[29.87803,46.36021],[30.07568,46.37783],[30.10752,46.40156],[30.13106,46.4231],[29.92432,46.53887],[29.93477,46.625],[29.94248,46.72378],[29.91807,46.78242],[29.87783,46.82891],[29.71973,46.88291],[29.59775,46.93882],[29.57197,46.96401],[29.56865,46.99673],[29.56348,47.04751],[29.51504,47.09111],[29.51094,47.12803],[29.5418,47.18555],[29.54932,47.24683],[29.53916,47.271],[29.51065,47.29072],[29.45566,47.29263],[29.3834,47.32803],[29.33379,47.37573],[29.20059,47.44448],[29.15977,47.45566],[29.13486,47.4897],[29.12295,47.53037],[29.15088,47.58086],[29.18604,47.65859],[29.21074,47.73154],[29.21113,47.775],[29.19482,47.88242],[29.12539,47.96455],[29.09297,47.97544],[29.03691,47.95234],[28.97334,47.93301],[28.92315,47.95112],[28.86582,47.99565],[28.77383,48.11958],[28.60166,48.14439],[28.53047,48.15029],[28.46309,48.09053],[28.44199,48.10869],[28.42305,48.14688],[28.3875,48.16211],[28.34053,48.14443],[28.32695,48.16143],[28.34717,48.21304],[28.29102,48.23857],[28.15879,48.23799],[28.08848,48.25703],[28.08008,48.2958],[28.03848,48.32129],[27.96338,48.33355],[27.89063,48.36523],[27.82002,48.41626],[27.71445,48.44951],[27.57373,48.46489],[27.56221,48.47041],[27.54922,48.47773],[27.4584,48.44307],[27.40381,48.41563],[27.33691,48.43272],[27.22852,48.37144],[27.0085,48.36826],[26.90059,48.37192],[26.84707,48.38716],[26.64043,48.29414],[26.61895,48.25986],[26.57246,48.24849],[26.44238,48.22998],[26.30566,48.20376],[26.27695,48.11323],[26.23623,48.06436],[26.1627,47.99253],[25.90869,47.96758],[25.68926,47.93247],[25.46426,47.91079],[25.16963,47.8231],[25.07383,47.7457],[24.9791,47.72412],[24.89336,47.71777],[24.83789,47.76084],[24.65098,47.87651],[24.57891,47.93106],[24.48408,47.94712],[24.38096,47.93804],[24.28193,47.91118],[24.17773,47.90606],[24.05977,47.94478],[24.04736,47.94102],[24.00186,47.93579],[23.70898,47.98262],[23.68203,47.99038],[23.66904,47.99233],[23.62871,47.99585],[23.4082,47.98999],[23.20264,48.08452],[23.13945,48.0874],[23.09082,48.04912],[23.05479,48.00654],[22.91289,47.96426],[22.87666,47.94727],[22.85606,47.9603],[22.84648,47.99707],[22.85723,48.02954],[22.83623,48.0603],[22.78223,48.09522],[22.76914,48.10962],[22.70156,48.10703],[22.68311,48.10361],[22.67637,48.1044],[22.58242,48.13403],[22.52012,48.20537],[22.42383,48.24331],[22.3502,48.25606],[22.3167,48.28662],[22.29512,48.3273],[22.27217,48.35801],[22.26943,48.36089],[22.25371,48.40737],[22.23115,48.41216],[22.22715,48.41343],[22.13184,48.40532],[22.14287,48.56851],[22.29522,48.68584],[22.33262,48.74507],[22.38945,48.87349],[22.43203,48.93355],[22.4832,48.98325],[22.52412,49.0314],[22.53867,49.07271],[22.57998,49.0772],[22.70127,49.03994],[22.80977,49.02075],[22.83975,49.03892],[22.85205,49.06274],[22.84707,49.08125],[22.76016,49.13623],[22.70566,49.17119],[22.70234,49.19273],[22.72197,49.24097],[22.73242,49.29517],[22.71992,49.35381],[22.66065,49.48369],[22.64941,49.53901],[22.70615,49.6062],[22.89072,49.76626],[22.95225,49.82637],[23.03633,49.89907],[23.26445,50.07285],[23.40859,50.17393],[23.50615,50.22983],[23.64902,50.32705],[23.71172,50.37734],[23.97266,50.41006],[24.00498,50.45703],[24.05264,50.50845],[24.08994,50.53047],[24.09473,50.61704],[24.04629,50.7228],[24.00732,50.76016],[23.97842,50.7856],[23.99707,50.80938],[24.02598,50.81616],[24.06162,50.81953],[24.10576,50.84497],[24.0958,50.87275],[23.98574,50.94043],[23.93809,50.99253],[23.86348,51.12622],[23.71221,51.26514],[23.66445,51.31006],[23.65762,51.35249],[23.67969,51.39492],[23.65889,51.44898],[23.60527,51.51792],[23.61377,51.52539],[23.60859,51.6105],[23.64668,51.62886],[23.70684,51.64131],[23.7917,51.63711],[23.86426,51.62398],[23.95117,51.58506],[23.97832,51.59131],[24.12686,51.66465],[24.28008,51.77471],[24.32373,51.83843],[24.36191,51.86753],[24.49522,51.88306],[24.61133,51.8895],[24.68516,51.88828],[24.86641,51.89912],[24.97383,51.91113],[25.0667,51.93052],[25.26719,51.93774],[25.58027,51.92476],[25.78574,51.92383],[25.92529,51.91353],[26.26709,51.85503],[26.39434,51.84443],[26.45342,51.81343],[26.5669,51.8019],[26.77344,51.7707],[26.95283,51.754],[27.07412,51.76084],[27.14199,51.75205],[27.27012,51.61357],[27.29629,51.59741],[27.34766,51.59414],[27.45234,51.6061],[27.60137,51.60161],[27.68975,51.57241],[27.67676,51.48994],[27.7,51.47798],[27.74131,51.48257],[27.78887,51.52915],[27.82881,51.57744],[27.85859,51.59238],[28.01074,51.55977],[28.08027,51.56504],[28.14443,51.60166],[28.18379,51.60786],[28.2916,51.58184],[28.42461,51.56362],[28.53203,51.56245],[28.59902,51.54263],[28.64775,51.45654],[28.69023,51.43887],[28.73125,51.4334],[28.79326,51.51035],[28.84951,51.54019],[28.92754,51.56216],[28.97773,51.57178],[29.01309,51.59893],[29.06074,51.62544],[29.10205,51.62754],[29.13565,51.61729],[29.17422,51.58062],[29.23047,51.49702],[29.29883,51.41304],[29.34648,51.38257],[29.46963,51.40835],[29.55313,51.43457],[29.70606,51.43955],[29.90879,51.45801],[30.06377,51.48203],[30.16074,51.47788],[30.21953,51.45122],[30.30898,51.39961],[30.3334,51.32554],[30.44951,51.27432],[30.54453,51.26504],[30.57695,51.31836],[30.63252,51.35542],[30.61172,51.40635],[30.60234,51.47124],[30.56074,51.53149],[30.53301,51.59634],[30.58389,51.68897],[30.63945,51.77007],[30.66729,51.81411],[30.75527,51.89517],[30.8457,51.95308],[30.98066,52.04619],[31.0793,52.07695],[31.16846,52.06294],[31.21797,52.05024],[31.346,52.10537],[31.57373,52.10811],[31.76338,52.10107],[31.78242,52.09941],[31.87559,52.0709],[31.97383,52.04663],[32.0416,52.04502],[32.12227,52.05059],[32.2168,52.08296],[32.28281,52.11401],[32.36299,52.27212],[32.39131,52.29482],[32.43545,52.30723],[32.50791,52.30855],[32.64541,52.2791],[32.80644,52.25264],[32.89971,52.25635],[33.14844,52.34043],[33.28711,52.35356],[33.45186,52.33379],[33.61338,52.33262],[33.73525,52.34478],[33.81885,52.31563],[33.92207,52.25147],[34.01533,52.15596],[34.11309,51.97964],[34.39785,51.78042],[34.40273,51.7415],[34.3793,51.7165],[34.23916,51.69224],[34.12109,51.67915],[34.11543,51.64497],[34.14678,51.60796],[34.20088,51.55381],[34.20928,51.48408],[34.20654,51.41992],[34.22988,51.36323],[34.275,51.34019],[34.28066,51.31167],[34.22842,51.27686],[34.21387,51.25537],[34.23418,51.2438],[34.49102,51.23706],[34.6168,51.20313],[34.71231,51.17222],[34.76035,51.16934],[34.86856,51.18921],[34.99023,51.20176],[35.06406,51.20342],[35.09258,51.18066],[35.11533,51.12085],[35.15811,51.06099],[35.19805,51.0439],[35.26914,51.04678],[35.31191,51.0439],[35.33477,51.02114],[35.30908,50.98691],[35.31475,50.9499],[35.34609,50.9043],[35.3832,50.79893],[35.41738,50.76758],[35.44014,50.72769],[35.44014,50.68208],[35.41162,50.64224],[35.3917,50.61094],[35.41162,50.5397],[35.48848,50.45991],[35.54551,50.43999],[35.59111,50.36875],[35.67373,50.346],[35.79619,50.40576],[35.89023,50.43711],[36.00781,50.41968],[36.11641,50.40855],[36.18945,50.36782],[36.24336,50.31177],[36.30606,50.28047],[36.36885,50.29683],[36.49981,50.28047],[36.55967,50.23486],[36.61943,50.20923],[36.69639,50.24624],[36.75908,50.29185],[36.98848,50.33955],[37.13125,50.35151],[37.17109,50.36089],[37.25488,50.39497],[37.34316,50.41763],[37.42285,50.41148],[37.50137,50.34072],[37.58232,50.29185],[37.60508,50.21494],[37.7042,50.10908],[37.95029,49.96421],[38.04688,49.92002],[38.1125,49.92783],[38.14678,49.9394],[38.1627,49.95454],[38.17754,50.02539],[38.20869,50.05147],[38.25859,50.05234],[38.45117,49.96406],[38.55195,49.95459],[38.64775,49.95288],[38.77666,49.88433],[38.91836,49.82471],[39.02773,49.81841],[39.11494,49.84175],[39.17481,49.85596],[39.21182,49.8332],[39.246,49.78193],[39.30293,49.74204],[39.36846,49.73066],[39.46279,49.72803],[39.62656,49.65068],[39.78057,49.57202],[39.87686,49.56768],[39.9585,49.59077],[40.03066,49.59673],[40.08066,49.57686],[40.09492,49.54268],[40.05781,49.49707],[40.05781,49.43154],[40.12617,49.36885],[40.12832,49.30723],[40.10879,49.25156],[40.07002,49.20029],[39.97637,49.12983],[39.88975,49.06406],[39.75947,49.03657],[39.68652,49.00791],[39.70566,48.95957],[39.75332,48.91445],[39.86377,48.87798],[39.98916,48.85142],[40.00361,48.82207],[39.98447,48.80737],[39.9041,48.79375],[39.79287,48.80772],[39.75586,48.78208],[39.70459,48.73936],[39.67041,48.66245],[39.64473,48.59121],[39.76543,48.57188],[39.83565,48.54277],[39.85752,48.48423],[39.88262,48.41909],[39.88984,48.36045],[39.8499,48.33193],[39.84746,48.30278],[39.86631,48.28843],[39.91816,48.28193],[39.95791,48.2689],[39.96104,48.23794],[39.88506,48.16836],[39.81397,48.0353],[39.77578,47.96445],[39.77871,47.88755],[39.73594,47.84482],[39.6585,47.84121],[39.39102,47.83374],[39.1585,47.8374],[39.05781,47.84849],[38.90029,47.85513],[38.82227,47.83701],[38.71895,47.71411],[38.64063,47.66592],[38.51094,47.62241],[38.36885,47.60996],[38.2874,47.55918],[38.25879,47.47954],[38.25654,47.40894],[38.24326,47.37368],[38.2124,47.34277],[38.20137,47.3208],[38.20801,47.29653],[38.24102,47.2877],[38.28076,47.27666],[38.28076,47.25903],[38.26533,47.23696],[38.22119,47.21274],[38.20137,47.17524],[38.20586,47.1356],[38.21435,47.09146]]],[[[32.01221,46.20391],[32.1501,46.15469],[32.00938,46.16782],[31.7002,46.21406],[31.56387,46.25776],[31.52871,46.30659],[31.50879,46.37315],[31.58486,46.30317],[31.63848,46.27256],[32.01221,46.20391]]]]}},{"type":"Feature","id":"country-che","properties":{"id":"country-che","slug":"suiza","name":"Suiza","localName":"Switzerland","aliases":["Switzerland"],"kind":"country","boundaryStatus":"reference","parentId":null,"population":8574832,"areaKm2":41299.3,"density":207.6,"referenceYear":2019,"sourceId":"natural-earth","bbox":[5.97002,45.83003,10.45459,47.77564],"center":[8.212305,46.802835]},"geometry":{"type":"Polygon","coordinates":[[[9.52402,47.52422],[9.5544,47.51113],[9.62588,47.46704],[9.60908,47.3918],[9.52754,47.27075],[9.48428,47.17266],[9.47949,47.09751],[9.4877,47.06226],[9.50234,47.06274],[9.58027,47.05737],[9.61992,47.05747],[9.74502,47.03711],[9.84531,47.00737],[9.86465,46.97598],[9.87773,46.9377],[9.99687,46.88535],[10.1335,46.85151],[10.17979,46.86235],[10.34941,46.98477],[10.41494,46.9644],[10.45459,46.89941],[10.45283,46.86494],[10.40606,46.73486],[10.39795,46.66504],[10.43828,46.61885],[10.44248,46.58286],[10.43066,46.55005],[10.36309,46.54707],[10.27227,46.56484],[10.19551,46.62109],[10.1375,46.61436],[10.08701,46.5999],[10.06123,46.54678],[10.03828,46.4832],[10.04561,46.4479],[10.08193,46.42075],[10.10967,46.36284],[10.12988,46.28799],[10.14522,46.25352],[10.12832,46.23823],[10.08057,46.22798],[10.04102,46.23809],[9.97168,46.32769],[9.93926,46.36182],[9.88447,46.36777],[9.78779,46.34605],[9.63945,46.2959],[9.57959,46.29609],[9.52871,46.3062],[9.48106,46.34878],[9.44063,46.43081],[9.42764,46.48232],[9.39932,46.48066],[9.3044,46.49556],[9.26016,46.4752],[9.25977,46.39126],[9.25107,46.28677],[9.20342,46.21924],[9.071,46.10244],[9.02236,46.05147],[9.00303,46.01489],[8.99893,45.98311],[9.01914,45.92813],[9.04668,45.87559],[9.02373,45.8457],[8.95371,45.83003],[8.9043,45.86196],[8.88516,45.9187],[8.77803,45.99619],[8.82676,46.06104],[8.81856,46.07715],[8.6417,46.11079],[8.56543,46.15981],[8.4584,46.2459],[8.43848,46.28286],[8.44297,46.40278],[8.43682,46.43189],[8.42256,46.44605],[8.3707,46.44512],[8.29853,46.40342],[8.23193,46.34121],[8.0957,46.27105],[8.08154,46.25601],[8.12725,46.1876],[8.1252,46.16094],[8.01426,46.0519],[7.99316,46.01592],[7.85234,45.94746],[7.78789,45.92183],[7.59258,45.97222],[7.53857,45.97817],[7.45156,45.94443],[7.32793,45.91235],[7.129,45.88042],[7.05576,45.90381],[7.02109,45.92578],[7.00391,45.95884],[6.95371,46.01714],[6.89727,46.05176],[6.85801,46.0894],[6.80566,46.13066],[6.77207,46.16514],[6.8168,46.2752],[6.78418,46.31397],[6.76738,46.36919],[6.77607,46.40664],[6.75811,46.41577],[6.57822,46.43735],[6.42891,46.43052],[6.32188,46.3937],[6.23467,46.33262],[6.22422,46.31943],[6.22959,46.30845],[6.27295,46.25225],[6.19941,46.19307],[6.08662,46.14702],[6.00664,46.14233],[5.97148,46.15122],[5.97002,46.2147],[6.03613,46.23809],[6.0959,46.2794],[6.11592,46.33765],[6.12324,46.37861],[6.06025,46.42817],[6.06797,46.45855],[6.10703,46.51606],[6.12969,46.56699],[6.16074,46.61104],[6.28516,46.68306],[6.41016,46.75542],[6.429,46.83228],[6.43857,46.92588],[6.45625,46.94834],[6.62481,47.00435],[6.6669,47.02651],[6.68809,47.05825],[6.8207,47.16318],[6.95205,47.26719],[6.97852,47.30205],[7.00059,47.32251],[7.00059,47.33945],[6.98408,47.35254],[6.92148,47.36123],[6.90039,47.39424],[6.96836,47.45322],[7.05342,47.48936],[7.13604,47.48984],[7.16924,47.47324],[7.16748,47.45371],[7.20313,47.43272],[7.26572,47.42578],[7.34316,47.43311],[7.42002,47.45518],[7.46738,47.50767],[7.49492,47.54736],[7.61563,47.59273],[7.69805,47.56987],[7.92705,47.56387],[8.09375,47.57617],[8.19824,47.60693],[8.32783,47.60693],[8.41475,47.5896],[8.43008,47.59214],[8.454,47.59619],[8.47764,47.6127],[8.55947,47.62402],[8.57051,47.63779],[8.56709,47.6519],[8.55234,47.65913],[8.45176,47.65181],[8.41328,47.6627],[8.40342,47.68779],[8.43574,47.73135],[8.50986,47.7669],[8.57266,47.77564],[8.61787,47.76611],[8.72832,47.70005],[8.75479,47.69805],[8.77012,47.70991],[8.79307,47.71655],[8.83115,47.70361],[8.87402,47.6627],[8.88115,47.6564],[9.12754,47.6707],[9.18281,47.6707],[9.35,47.59893],[9.52402,47.52422]]]}},{"type":"Feature","id":"country-swe","properties":{"id":"country-swe","slug":"suecia","name":"Suecia","localName":"Sweden","aliases":["Sweden"],"kind":"country","boundaryStatus":"reference","parentId":null,"population":10285453,"areaKm2":443969.3,"density":23.2,"referenceYear":2019,"sourceId":"natural-earth","bbox":[11.14717,55.34639,24.15547,69.03687],"center":[17.65132,62.191629999999996]},"geometry":{"type":"MultiPolygon","coordinates":[[[[19.07647,57.83594],[18.99375,57.81211],[18.94512,57.7416],[18.87813,57.72969],[18.81387,57.7062],[18.79092,57.48311],[18.90791,57.39834],[18.84365,57.38648],[18.78486,57.36108],[18.74287,57.32354],[18.6999,57.24273],[18.53848,57.19692],[18.47734,57.16304],[18.38721,57.08765],[18.34023,56.97822],[18.24893,56.93154],[18.14639,56.92051],[18.20654,57.01016],[18.28535,57.0832],[18.20957,57.1333],[18.16397,57.21172],[18.10508,57.27188],[18.15195,57.33906],[18.12891,57.44917],[18.13652,57.55664],[18.20488,57.61089],[18.2832,57.65513],[18.40518,57.75684],[18.5374,57.83057],[18.72188,57.86372],[18.80518,57.83315],[18.84111,57.9002],[18.90059,57.91548],[18.95644,57.9],[19.07647,57.83594]]],[[[16.52852,56.29053],[16.47715,56.24019],[16.43164,56.24375],[16.40127,56.31089],[16.39414,56.48364],[16.41231,56.56899],[16.63037,56.87686],[16.72773,56.902],[16.86465,57.09067],[16.90156,57.17461],[16.96094,57.2502],[16.996,57.31777],[17.02539,57.34507],[17.08926,57.33228],[17.11768,57.31982],[17.05039,57.28047],[17.0582,57.22925],[17.05352,57.20801],[16.88369,56.98521],[16.83828,56.84053],[16.77803,56.80523],[16.52852,56.29053]]],[[[11.38828,59.03652],[11.4707,58.90952],[11.54356,58.89302],[11.64277,58.92607],[11.71221,59.01865],[11.75186,59.15757],[11.79815,59.28989],[11.74336,59.43145],[11.68486,59.55576],[11.68076,59.59229],[11.83428,59.69717],[11.88125,59.78247],[11.93213,59.86367],[11.98828,59.89131],[12.07188,59.89761],[12.16924,59.91289],[12.29199,59.96724],[12.40205,60.04004],[12.48613,60.10679],[12.51465,60.23887],[12.51582,60.30523],[12.55283,60.35449],[12.58867,60.45073],[12.55381,60.54565],[12.44531,60.68965],[12.31465,60.89214],[12.29414,61.00269],[12.35371,61.02319],[12.46758,61.0415],[12.68301,61.04683],[12.70606,61.05986],[12.72783,61.10825],[12.77637,61.17398],[12.82822,61.22183],[12.86367,61.29028],[12.88076,61.3523],[12.75752,61.4457],[12.59609,61.54131],[12.48682,61.573],[12.29209,61.65347],[12.15537,61.72075],[12.23369,61.97686],[12.29199,62.16743],[12.30137,62.21377],[12.30352,62.2856],[12.11455,62.5919],[12.12188,62.66001],[12.13984,62.72134],[12.11963,62.82593],[12.10859,62.91948],[12.14102,62.94785],[12.21816,63.00064],[12.14463,63.08252],[12.13867,63.08916],[11.9999,63.2917],[12.21211,63.49224],[12.1752,63.59595],[12.30195,63.67119],[12.53272,63.84356],[12.6625,63.94048],[12.69004,63.95742],[12.79277,64],[12.9876,64.05049],[13.20352,64.0751],[13.29961,64.07481],[13.6707,64.04063],[13.96055,64.01401],[14.00273,64.04072],[14.06328,64.09551],[14.14121,64.17354],[14.14805,64.2603],[14.11992,64.38774],[14.07764,64.46401],[13.87354,64.51357],[13.65029,64.58154],[13.92481,64.79678],[14.11514,64.94614],[14.35244,65.17085],[14.42627,65.26435],[14.47969,65.30146],[14.54951,65.64639],[14.5958,65.74287],[14.63457,65.79326],[14.63516,65.84502],[14.60996,65.93228],[14.54326,66.12935],[14.91797,66.15371],[15.04004,66.16753],[15.15332,66.19106],[15.3749,66.25205],[15.48379,66.30596],[15.42295,66.48984],[15.55703,66.5521],[15.88418,66.76885],[16.23769,66.97642],[16.40352,67.05498],[16.4207,67.09336],[16.43428,67.15508],[16.36065,67.252],[16.28154,67.31206],[16.12744,67.42583],[16.19356,67.50518],[16.30713,67.52061],[16.45713,67.55176],[16.57412,67.61958],[16.58555,67.62832],[16.78359,67.89502],[17.17051,68.03013],[17.32461,68.10381],[17.56475,68.04844],[17.9167,67.96489],[18.07324,68.08784],[18.125,68.13345],[18.17666,68.20064],[18.15596,68.31685],[18.14707,68.46777],[18.1626,68.52842],[18.30303,68.55542],[18.37861,68.5624],[18.76982,68.50005],[18.86826,68.50112],[19.05264,68.49272],[19.25898,68.46533],[19.69121,68.39243],[19.87002,68.36226],[19.96982,68.3564],[20.05596,68.39038],[20.24004,68.47754],[19.96885,68.54204],[20.14746,68.60732],[20.24004,68.67315],[20.31943,68.75405],[20.34805,68.84873],[20.33711,68.89966],[20.28232,68.93433],[20.1167,69.0209],[20.49199,69.0333],[20.62217,69.03687],[20.89512,68.97983],[20.90703,68.96748],[20.90898,68.93774],[20.91856,68.90693],[21.1834,68.82881],[21.25977,68.78745],[21.42236,68.72461],[21.46543,68.69067],[21.61602,68.65098],[21.72402,68.60855],[21.8502,68.57412],[21.99746,68.52061],[22.19512,68.47798],[22.36211,68.46406],[22.78242,68.39102],[22.8541,68.36733],[22.97539,68.31646],[23.09785,68.25757],[23.18252,68.13662],[23.31856,68.13032],[23.35547,68.08867],[23.47422,68.01733],[23.63887,67.9544],[23.63291,67.9332],[23.50186,67.8752],[23.48779,67.79658],[23.5002,67.69619],[23.54131,67.61431],[23.53701,67.59038],[23.50449,67.56216],[23.46543,67.51787],[23.45147,67.4792],[23.45488,67.46025],[23.46807,67.44995],[23.53711,67.44917],[23.66084,67.44004],[23.73359,67.4229],[23.7749,67.32861],[23.76094,67.3105],[23.65664,67.26782],[23.62607,67.23394],[23.62305,67.18413],[23.6415,67.1294],[23.67734,67.06812],[23.75898,67.00259],[23.86934,66.93403],[23.9418,66.87783],[23.97607,66.83823],[23.98857,66.81055],[23.93887,66.77573],[23.89414,66.70689],[23.88584,66.62803],[23.86553,66.57661],[23.76836,66.50586],[23.70117,66.48076],[23.68203,66.44341],[23.67383,66.38071],[23.69356,66.3043],[23.70029,66.25264],[23.721,66.21543],[23.75147,66.19116],[23.90732,66.14824],[23.99463,66.06035],[24.04902,65.98984],[24.15547,65.80527],[23.89053,65.78223],[23.69141,65.82852],[23.59209,65.80532],[23.41836,65.80435],[23.22109,65.78613],[23.15459,65.7499],[23.10234,65.73535],[22.91934,65.78648],[22.74658,65.87095],[22.62031,65.80654],[22.53857,65.79434],[22.46514,65.85264],[22.40098,65.86211],[22.36631,65.84268],[22.33594,65.79116],[22.2876,65.75064],[22.275,65.725],[22.2666,65.62153],[22.254,65.59756],[22.08623,65.61094],[22.09629,65.58379],[22.13281,65.57012],[22.14756,65.55288],[22.08672,65.53023],[21.92012,65.53237],[21.90313,65.50835],[21.95,65.47036],[21.91348,65.43711],[21.87959,65.42402],[21.68066,65.40337],[21.56553,65.40811],[21.53262,65.38657],[21.52344,65.35859],[21.54522,65.33115],[21.596,65.31655],[21.6127,65.29912],[21.60918,65.26138],[21.5669,65.25454],[21.44688,65.32085],[21.41035,65.31743],[21.43779,65.28296],[21.50635,65.24536],[21.546,65.20698],[21.58066,65.16079],[21.57393,65.12578],[21.4249,65.01269],[21.29375,64.94126],[21.1959,64.8769],[21.13818,64.80869],[21.20498,64.77432],[21.2793,64.72471],[21.33154,64.62935],[21.39385,64.54434],[21.51963,64.46309],[21.49434,64.41611],[21.46504,64.37959],[21.25576,64.29917],[21.01846,64.17798],[20.7627,63.86782],[20.67764,63.82627],[20.45371,63.77373],[20.37139,63.7229],[20.20469,63.66245],[19.91367,63.61055],[19.78164,63.53818],[19.72207,63.46333],[19.65576,63.45801],[19.59004,63.48726],[19.50234,63.50903],[19.49092,63.46021],[19.49463,63.42437],[19.3543,63.47749],[19.28809,63.42876],[19.23633,63.34736],[19.03438,63.23774],[18.8167,63.25747],[18.79229,63.23814],[18.8502,63.22412],[18.85898,63.20659],[18.81943,63.19727],[18.75957,63.19824],[18.66719,63.17656],[18.60645,63.17827],[18.57764,63.12642],[18.53066,63.06353],[18.40772,63.0375],[18.34424,63.03213],[18.31289,62.99639],[18.50205,62.98887],[18.48691,62.95859],[18.48262,62.92832],[18.46309,62.89585],[18.24805,62.84907],[18.21494,62.81221],[18.17002,62.78936],[18.07441,62.79067],[18.07793,62.81196],[18.09355,62.83604],[17.95107,62.83389],[17.90664,62.88677],[17.87959,62.87319],[17.89561,62.83052],[17.93291,62.78613],[17.97441,62.72105],[17.94072,62.67988],[17.90303,62.65947],[17.93047,62.64063],[18.00654,62.62627],[18.03731,62.60054],[17.94707,62.57847],[17.83447,62.50273],[17.71777,62.50088],[17.64639,62.45088],[17.57061,62.45103],[17.50898,62.48252],[17.41025,62.5084],[17.37842,62.46279],[17.37334,62.42651],[17.429,62.33472],[17.53525,62.26367],[17.63369,62.23301],[17.56289,62.21231],[17.51016,62.16631],[17.44658,62.02266],[17.41201,61.96611],[17.37451,61.86631],[17.39824,61.78208],[17.41729,61.74067],[17.46543,61.68447],[17.33457,61.6917],[17.19639,61.72456],[17.21563,61.65635],[17.13076,61.57573],[17.14658,61.50464],[17.16426,61.4583],[17.13799,61.38169],[17.17793,61.35762],[17.19961,61.31196],[17.16387,61.27827],[17.17979,61.24927],[17.18574,61.14653],[17.21289,60.98584],[17.20293,60.95186],[17.27891,60.81216],[17.26123,60.76318],[17.25098,60.70078],[17.35986,60.64082],[17.45703,60.6418],[17.55547,60.64273],[17.59307,60.62769],[17.63076,60.58525],[17.66113,60.53516],[17.74219,60.53931],[17.87158,60.58008],[17.95576,60.5898],[18.01133,60.51143],[18.1625,60.40791],[18.25049,60.36152],[18.4,60.33711],[18.55752,60.25356],[18.53545,60.15288],[18.60117,60.11924],[18.78701,60.07949],[18.85273,60.02588],[18.88428,59.98018],[18.9332,59.94229],[18.99043,59.82778],[18.97051,59.75723],[18.89561,59.73296],[18.71875,59.65737],[18.63994,59.60093],[18.57813,59.56577],[18.40244,59.49038],[18.33809,59.47686],[18.27647,59.43765],[18.2169,59.42051],[18.16357,59.43037],[17.96426,59.35938],[17.97979,59.32905],[18.13262,59.31621],[18.21055,59.33145],[18.27051,59.36714],[18.33604,59.37534],[18.3958,59.3686],[18.45918,59.39673],[18.50889,59.40796],[18.56025,59.39448],[18.61758,59.32705],[18.49863,59.29194],[18.41426,59.29033],[18.37305,59.17974],[18.32197,59.13223],[18.28535,59.10938],[18.09814,59.06231],[17.97461,59.00264],[17.829,58.95459],[17.76543,58.96504],[17.66963,58.91621],[17.45674,58.8584],[17.34766,58.78052],[17.10283,58.71084],[16.97812,58.65415],[16.63935,58.65117],[16.31582,58.66362],[16.21426,58.63667],[16.31807,58.62832],[16.39082,58.60186],[16.47803,58.61289],[16.68301,58.59966],[16.78848,58.58525],[16.92383,58.49258],[16.82432,58.45962],[16.65195,58.43433],[16.7166,58.30288],[16.76992,58.21426],[16.7001,58.16079],[16.69492,57.91753],[16.59697,57.91289],[16.55537,57.81226],[16.58623,57.76094],[16.58379,57.64175],[16.6042,57.56831],[16.65225,57.50068],[16.63086,57.43018],[16.47598,57.26514],[16.47949,57.1877],[16.50732,57.1417],[16.52793,57.06816],[16.45752,56.92681],[16.40781,56.80869],[16.34873,56.70928],[16.2165,56.58999],[16.15068,56.50083],[15.99668,56.22261],[15.92031,56.16738],[15.82666,56.12495],[15.72227,56.16421],[15.62656,56.1856],[15.50967,56.18301],[15.32656,56.15083],[15.05117,56.17222],[14.78203,56.16191],[14.71397,56.13413],[14.75479,56.03315],[14.65557,56.01992],[14.55859,56.04863],[14.47324,56.01436],[14.40195,55.97676],[14.26191,55.88755],[14.21504,55.83262],[14.20293,55.72915],[14.27647,55.63638],[14.3417,55.52773],[14.17373,55.39663],[14.07998,55.39219],[13.80635,55.42856],[13.32139,55.34639],[12.88584,55.41138],[12.94063,55.48159],[12.93877,55.5332],[12.96338,55.6126],[12.97803,55.6938],[12.97393,55.74815],[12.94199,55.80606],[12.83457,55.88184],[12.59258,56.1376],[12.521,56.24556],[12.47119,56.29053],[12.50703,56.29297],[12.70635,56.23501],[12.75283,56.24214],[12.80166,56.26392],[12.74219,56.34688],[12.69111,56.38442],[12.65645,56.44058],[12.77315,56.45576],[12.85742,56.45239],[12.91953,56.51558],[12.88369,56.61773],[12.79316,56.64917],[12.71758,56.66284],[12.57266,56.82329],[12.42148,56.9064],[12.15186,57.22695],[12.05322,57.44697],[11.96152,57.42607],[11.91699,57.52192],[11.88506,57.6127],[11.87871,57.67944],[11.73496,57.71768],[11.7291,57.76445],[11.70322,57.97319],[11.54902,58.00122],[11.44932,58.11836],[11.43154,58.33999],[11.32998,58.38032],[11.24824,58.36914],[11.25205,58.42407],[11.27158,58.47564],[11.22383,58.67993],[11.20791,58.86641],[11.16914,58.92271],[11.14717,58.98862],[11.1669,59.04556],[11.1958,59.07827],[11.29531,59.08687],[11.38828,59.03652]]],[[[19.15635,57.92261],[19.13838,57.86025],[19.08652,57.86499],[19.03926,57.91104],[19.13486,57.98135],[19.28115,57.97754],[19.33144,57.96289],[19.15635,57.92261]]],[[[18.41621,59.0291],[18.37188,59.01958],[18.3499,59.02261],[18.37725,59.06904],[18.39756,59.08911],[18.46494,59.10786],[18.48555,59.10459],[18.41621,59.0291]]],[[[18.59541,59.47036],[18.57031,59.43726],[18.54512,59.47783],[18.55518,59.48579],[18.57236,59.52583],[18.6209,59.5478],[18.69844,59.53462],[18.69795,59.52461],[18.62383,59.49219],[18.59541,59.47036]]]]}},{"type":"Feature","id":"country-esp","properties":{"id":"country-esp","slug":"espana","name":"España","localName":"Spain","aliases":["Spain"],"kind":"country","boundaryStatus":"reference","parentId":null,"population":47076781,"areaKm2":507307.6,"density":92.8,"referenceYear":2019,"sourceId":"natural-earth","bbox":[-18.16055,27.64639,4.32207,43.76455],"center":[-6.91924,35.70547]},"geometry":{"type":"MultiPolygon","coordinates":[[[[1.59395,38.67207],[1.57119,38.65884],[1.50498,38.671],[1.40576,38.671],[1.40195,38.71143],[1.41719,38.73965],[1.43633,38.76821],[1.49688,38.71191],[1.59268,38.70147],[1.59395,38.67207]]],[[[3.14531,39.79009],[3.24111,39.75669],[3.34219,39.78672],[3.3959,39.7773],[3.44893,39.76123],[3.46182,39.69775],[3.41465,39.62715],[3.34873,39.55566],[3.29297,39.47705],[3.24473,39.38662],[3.15459,39.33325],[3.07285,39.30127],[2.9001,39.36836],[2.79981,39.38506],[2.76982,39.41025],[2.746,39.51025],[2.70059,39.54214],[2.63408,39.5562],[2.57588,39.53066],[2.49951,39.47788],[2.45879,39.53047],[2.39434,39.54038],[2.37002,39.57207],[2.37129,39.61309],[2.78496,39.85483],[2.90479,39.9083],[3.15869,39.97051],[3.19756,39.96108],[3.16445,39.92422],[3.16699,39.90772],[3.19863,39.88984],[3.19092,39.86138],[3.15869,39.83657],[3.14531,39.79009]]],[[[4.29365,39.84185],[4.27529,39.83027],[3.96768,39.94585],[3.86719,39.95874],[3.84268,39.97637],[3.84541,40.03648],[3.85342,40.06304],[4.05918,40.0751],[4.22578,40.03237],[4.31514,39.91724],[4.32207,39.89751],[4.29365,39.84185]]],[[[1.44522,38.9187],[1.40898,38.85728],[1.25693,38.879],[1.22334,38.90386],[1.25625,38.97339],[1.29981,38.98174],[1.30254,39.03115],[1.34863,39.08081],[1.56445,39.12105],[1.61318,39.0874],[1.62363,39.03882],[1.49453,38.93252],[1.44522,38.9187]]],[[[-1.79404,43.40732],[-1.79272,43.37256],[-1.75327,43.32471],[-1.71284,43.30703],[-1.62715,43.28247],[-1.56147,43.2792],[-1.47173,43.26768],[-1.41069,43.24009],[-1.40732,43.19712],[-1.42261,43.14912],[-1.45942,43.10498],[-1.48047,43.07114],[-1.46084,43.05176],[-1.42876,43.03677],[-1.39404,43.03262],[-1.37051,43.0376],[-1.35273,43.06426],[-1.31885,43.09697],[-1.30005,43.10098],[-1.30156,43.08247],[-1.28545,43.05962],[-1.17544,43.02114],[-0.93384,42.94951],[-0.83921,42.94819],[-0.76265,42.9398],[-0.74019,42.90952],[-0.58643,42.79898],[-0.5498,42.802],[-0.48115,42.79932],[-0.39844,42.80811],[-0.33857,42.82881],[-0.29932,42.82534],[-0.25605,42.80396],[-0.20532,42.7853],[-0.14004,42.74893],[-0.08149,42.70386],[-0.04116,42.68911],[0.20137,42.71934],[0.25547,42.69292],[0.31289,42.69326],[0.37725,42.70015],[0.51768,42.68628],[0.63164,42.6896],[0.64199,42.70064],[0.65176,42.80044],[0.66982,42.83574],[0.69688,42.84512],[0.76445,42.83804],[1.01006,42.77896],[1.11113,42.74204],[1.2083,42.71314],[1.29326,42.70996],[1.34941,42.69067],[1.42832,42.5959],[1.41484,42.54839],[1.42197,42.53081],[1.43027,42.49785],[1.42813,42.46133],[1.44883,42.43745],[1.48623,42.43447],[1.53408,42.4417],[1.58643,42.45596],[1.67852,42.49668],[1.70606,42.50332],[1.85977,42.45708],[1.92793,42.42632],[1.95147,42.39277],[1.98652,42.3585],[2.03272,42.35352],[2.09834,42.38608],[2.20039,42.42095],[2.37441,42.39028],[2.56797,42.3458],[2.65166,42.34048],[2.65479,42.36211],[2.67002,42.39302],[2.70186,42.4085],[2.74941,42.41304],[2.81563,42.42925],[2.89141,42.45606],[2.97002,42.46724],[3.05264,42.44722],[3.15215,42.43101],[3.21143,42.43115],[3.23984,42.36787],[3.28789,42.3437],[3.30674,42.28897],[3.21865,42.26035],[3.16641,42.25649],[3.15039,42.16245],[3.1752,42.13599],[3.22461,42.11113],[3.23809,42.08223],[3.24805,41.94424],[3.14688,41.86104],[3.00488,41.76743],[2.31094,41.4665],[2.14561,41.32075],[2.08262,41.2874],[1.5666,41.19561],[1.20586,41.09756],[1.03291,41.06206],[0.8169,40.8916],[0.71465,40.82285],[0.79609,40.80381],[0.89111,40.72236],[0.85918,40.68623],[0.72061,40.63047],[0.66006,40.61333],[0.62715,40.62222],[0.59609,40.6145],[0.36367,40.31904],[0.1584,40.10659],[0.04307,40.01397],[-0.07515,39.87593],[-0.327,39.51987],[-0.32895,39.41709],[-0.20493,39.0626],[-0.13379,38.96948],[-0.03413,38.89121],[0.15488,38.82466],[0.20156,38.75918],[0.13633,38.69678],[-0.05273,38.58569],[-0.38125,38.43565],[-0.5208,38.31729],[-0.55068,38.20313],[-0.64678,38.15185],[-0.6832,37.99204],[-0.74155,37.88613],[-0.75273,37.85024],[-0.81465,37.76992],[-0.8231,37.71162],[-0.72158,37.63106],[-0.77187,37.59624],[-0.82217,37.58076],[-0.93809,37.57134],[-1.32754,37.56113],[-1.64097,37.38696],[-1.79761,37.23286],[-1.93931,36.94585],[-2.11152,36.77666],[-2.1877,36.74546],[-2.30557,36.81982],[-2.45283,36.83115],[-2.5957,36.80649],[-2.6706,36.74756],[-2.78755,36.71475],[-2.90185,36.74316],[-3.14917,36.7585],[-3.25913,36.75576],[-3.43125,36.70791],[-3.57881,36.73984],[-3.82778,36.75606],[-4.36685,36.71811],[-4.43486,36.70024],[-4.50225,36.62915],[-4.67412,36.50645],[-4.9353,36.50205],[-5.17148,36.42378],[-5.23052,36.37363],[-5.32969,36.23574],[-5.36094,36.13491],[-5.38159,36.13408],[-5.40723,36.15889],[-5.4436,36.15059],[-5.4625,36.07378],[-5.55127,36.03882],[-5.62549,36.02593],[-5.8084,36.08833],[-5.96069,36.18174],[-6.04067,36.18843],[-6.17046,36.33379],[-6.22627,36.42647],[-6.26592,36.52651],[-6.25771,36.56484],[-6.26894,36.59673],[-6.38413,36.63701],[-6.41226,36.72886],[-6.32832,36.84815],[-6.25942,36.89898],[-6.2168,36.91357],[-6.32095,36.9085],[-6.39619,36.83164],[-6.49243,36.95464],[-6.88462,37.19424],[-6.85937,37.24917],[-6.86377,37.27891],[-6.92949,37.21494],[-6.97466,37.19844],[-7.17495,37.20879],[-7.40615,37.17944],[-7.46719,37.42803],[-7.49604,37.52358],[-7.50352,37.5855],[-7.44394,37.72827],[-7.37891,37.78638],[-7.29224,37.90645],[-7.18545,38.00635],[-7.07251,38.03003],[-7.02285,38.04473],[-6.9811,38.12197],[-6.95757,38.18789],[-6.9748,38.19443],[-7.1064,38.18101],[-7.34302,38.45742],[-7.33579,38.50147],[-7.30596,38.56685],[-7.28638,38.64937],[-7.28154,38.71455],[-7.21992,38.77051],[-7.12549,38.82695],[-7.04604,38.90703],[-7.00625,38.98525],[-6.99795,39.05644],[-7.04297,39.10708],[-7.17241,39.13521],[-7.30576,39.33814],[-7.33545,39.46514],[-7.36269,39.47832],[-7.44512,39.53618],[-7.52422,39.64473],[-7.53569,39.66157],[-7.4541,39.68066],[-7.11768,39.68169],[-7.04741,39.70557],[-7.03672,39.71397],[-6.97539,39.79839],[-6.91118,39.93711],[-6.89609,40.02183],[-6.91641,40.05684],[-7.02783,40.14263],[-7.03262,40.16792],[-7.0147,40.20835],[-6.94844,40.25161],[-6.85889,40.30073],[-6.81016,40.34311],[-6.82178,40.37627],[-6.84795,40.41099],[-6.85205,40.44326],[-6.83569,40.48315],[-6.82983,40.61909],[-6.81836,40.65405],[-6.83589,40.77749],[-6.85771,40.87832],[-6.92847,41.00913],[-6.91553,41.03804],[-6.88281,41.0624],[-6.77578,41.10772],[-6.69014,41.2145],[-6.56592,41.30371],[-6.40312,41.37539],[-6.28935,41.45503],[-6.24434,41.51592],[-6.2125,41.53203],[-6.22168,41.56045],[-6.24311,41.60181],[-6.30806,41.64219],[-6.3917,41.66538],[-6.48467,41.6644],[-6.54219,41.67251],[-6.55898,41.70405],[-6.55259,41.78955],[-6.55752,41.87412],[-6.57534,41.91309],[-6.61826,41.94238],[-6.70361,41.93457],[-6.77729,41.9585],[-6.8332,41.96416],[-6.86553,41.94526],[-7.03047,41.95064],[-7.09912,41.96421],[-7.14712,41.98115],[-7.17793,41.97168],[-7.19536,41.95523],[-7.19834,41.9294],[-7.20962,41.89526],[-7.26855,41.8644],[-7.40361,41.83369],[-7.5126,41.83599],[-7.6126,41.85796],[-7.64468,41.87398],[-7.69307,41.88848],[-7.89639,41.87056],[-7.92085,41.88364],[-7.99097,41.8519],[-8.09443,41.81421],[-8.15249,41.81196],[-8.17353,41.81997],[-8.18125,41.83696],[-8.22476,41.89585],[-8.21333,41.9271],[-8.12998,42.01816],[-8.13931,42.03994],[-8.17358,42.06939],[-8.2042,42.11187],[-8.21309,42.13369],[-8.26606,42.1374],[-8.32256,42.11509],[-8.53809,42.06934],[-8.58965,42.05273],[-8.68296,42.0085],[-8.77715,41.94106],[-8.85234,41.9269],[-8.87832,41.94688],[-8.88721,42.10527],[-8.77246,42.2106],[-8.69092,42.27417],[-8.7292,42.28701],[-8.81582,42.28525],[-8.80996,42.33447],[-8.76938,42.35815],[-8.73003,42.41172],[-8.77617,42.43481],[-8.81211,42.47007],[-8.80991,42.56235],[-8.7999,42.5999],[-8.81152,42.64033],[-8.98779,42.58565],[-9.03311,42.59385],[-9.03506,42.66235],[-8.93721,42.7667],[-8.9272,42.79858],[-9.0416,42.81401],[-9.1272,42.86523],[-9.17944,42.91099],[-9.2352,42.9769],[-9.23564,43.03579],[-9.17808,43.17402],[-9.09556,43.21421],[-9.02451,43.23897],[-8.87368,43.33442],[-8.66562,43.3166],[-8.53706,43.33706],[-8.42158,43.38584],[-8.35547,43.39683],[-8.24893,43.4394],[-8.25229,43.49692],[-8.28887,43.5396],[-8.25674,43.57988],[-8.13716,43.62905],[-8.00469,43.69439],[-7.85273,43.70698],[-7.69814,43.76455],[-7.59458,43.72734],[-7.50361,43.73994],[-7.39932,43.6958],[-7.26196,43.59463],[-7.06099,43.55396],[-6.90068,43.58565],[-6.61728,43.59238],[-6.47568,43.57891],[-6.22412,43.60386],[-6.08013,43.59492],[-5.84668,43.64507],[-5.66582,43.58247],[-5.31572,43.55317],[-5.10527,43.50186],[-4.52305,43.41572],[-4.31279,43.41475],[-4.01533,43.46309],[-3.88935,43.49941],[-3.77402,43.47788],[-3.60464,43.51948],[-3.52363,43.51104],[-3.41787,43.45171],[-3.0456,43.37158],[-2.9477,43.4397],[-2.87505,43.45444],[-2.60708,43.41274],[-2.33711,43.32803],[-2.19668,43.32192],[-1.99131,43.34507],[-1.82852,43.40083],[-1.79404,43.40732]]],[[[-16.33447,28.37993],[-16.41821,28.15142],[-16.49624,28.06191],[-16.54277,28.03208],[-16.65801,28.00718],[-16.79473,28.14917],[-16.86602,28.29326],[-16.90532,28.3396],[-16.84307,28.37612],[-16.75205,28.36982],[-16.55684,28.40049],[-16.51743,28.4127],[-16.31899,28.5582],[-16.12363,28.57598],[-16.11914,28.52827],[-16.33447,28.37993]]],[[[-13.71597,28.91123],[-13.78398,28.84546],[-13.85991,28.86909],[-13.82363,29.01333],[-13.78818,29.0561],[-13.6501,29.11899],[-13.53506,29.14429],[-13.50142,29.21123],[-13.46357,29.23721],[-13.42295,29.19751],[-13.45376,29.15137],[-13.47793,29.00659],[-13.55469,28.96021],[-13.71597,28.91123]]],[[[-14.19678,28.16929],[-14.33262,28.05601],[-14.4686,28.08237],[-14.4918,28.10093],[-14.35557,28.12969],[-14.23198,28.21582],[-14.15259,28.40664],[-14.02837,28.61743],[-14.00337,28.70669],[-13.95415,28.74146],[-13.88628,28.74468],[-13.85723,28.73804],[-13.82715,28.69121],[-13.82759,28.58516],[-13.86299,28.40933],[-13.92803,28.25347],[-14.19678,28.16929]]],[[[-15.40059,28.14736],[-15.40669,28.07051],[-15.38315,27.99282],[-15.38916,27.87471],[-15.43677,27.81069],[-15.55937,27.74697],[-15.65576,27.7584],[-15.7103,27.78408],[-15.80732,27.88755],[-15.80947,27.99448],[-15.72095,28.06416],[-15.68276,28.15405],[-15.45278,28.13691],[-15.43271,28.15425],[-15.41548,28.15933],[-15.40059,28.14736]]],[[[-17.18467,28.02197],[-17.22539,28.01353],[-17.27393,28.03828],[-17.3249,28.11768],[-17.29033,28.17632],[-17.25859,28.20317],[-17.21436,28.19927],[-17.12964,28.15596],[-17.10376,28.11113],[-17.10107,28.08345],[-17.18467,28.02197]]],[[[-17.88794,27.80957],[-17.98477,27.64639],[-18.10659,27.70747],[-18.13594,27.72793],[-18.16055,27.76148],[-18.04336,27.76812],[-17.92451,27.85015],[-17.88794,27.80957]]],[[[-17.83428,28.49321],[-17.85937,28.48569],[-17.88213,28.5646],[-18.00078,28.75825],[-17.92881,28.84458],[-17.79756,28.84678],[-17.74453,28.78657],[-17.72656,28.72446],[-17.75161,28.68857],[-17.74439,28.61602],[-17.75801,28.56909],[-17.83428,28.49321]]]]}},{"type":"Feature","id":"country-svk","properties":{"id":"country-svk","slug":"eslovaquia","name":"Eslovaquia","localName":"Slovakia","aliases":["Slovakia"],"kind":"country","boundaryStatus":"reference","parentId":null,"population":5454073,"areaKm2":48447.9,"density":112.6,"referenceYear":2019,"sourceId":"natural-earth","bbox":[16.86269,47.76343,22.53867,49.59771],"center":[19.70068,48.68057]},"geometry":{"type":"Polygon","coordinates":[[[22.53867,49.07271],[22.52412,49.0314],[22.4832,48.98325],[22.43203,48.93355],[22.38945,48.87349],[22.33262,48.74507],[22.29522,48.68584],[22.14287,48.56851],[22.13184,48.40532],[22.11133,48.39336],[21.76699,48.33809],[21.72148,48.34658],[21.67461,48.37837],[21.64863,48.40147],[21.63252,48.41851],[21.60264,48.46367],[21.56318,48.4957],[21.50469,48.52188],[21.45137,48.55225],[21.38242,48.55347],[21.19639,48.5106],[21.06729,48.50591],[20.98115,48.51968],[20.8666,48.54565],[20.64316,48.54971],[20.49004,48.5269],[20.475,48.49512],[20.33379,48.29556],[20.12861,48.22202],[19.95039,48.14663],[19.89863,48.13135],[19.81006,48.15503],[19.70918,48.19981],[19.62539,48.2231],[19.56426,48.21284],[19.49746,48.16211],[19.46699,48.11069],[19.26514,48.07305],[18.91416,48.05083],[18.7919,48.00029],[18.7501,47.93945],[18.74834,47.89268],[18.77803,47.85288],[18.74063,47.80649],[18.72422,47.78716],[18.47627,47.777],[18.14561,47.76343],[17.94795,47.7669],[17.76191,47.77017],[17.63525,47.80991],[17.48066,47.8876],[17.31728,47.99092],[17.30156,47.99336],[17.27725,48.00435],[17.17461,48.01206],[17.14736,48.00596],[17.08594,48.03955],[17.06787,48.08325],[16.97266,48.1981],[16.86543,48.38691],[16.86269,48.44141],[16.90449,48.50352],[16.94336,48.55093],[16.94883,48.58857],[16.95313,48.59883],[16.98525,48.6769],[17.06328,48.78076],[17.13565,48.84106],[17.18848,48.86094],[17.29688,48.84282],[17.48262,48.82778],[17.62539,48.84185],[17.7585,48.88814],[17.83086,48.92861],[17.89268,48.97114],[17.91328,48.99873],[17.94072,49.01196],[18.05088,49.03652],[18.08594,49.06514],[18.10039,49.11934],[18.10996,49.17979],[18.13262,49.22456],[18.16094,49.25737],[18.36484,49.33623],[18.38311,49.36392],[18.41582,49.39092],[18.47607,49.42109],[18.53457,49.4647],[18.59648,49.49146],[18.67617,49.48848],[18.74971,49.49399],[18.80703,49.50923],[18.83223,49.51079],[18.93818,49.49829],[18.95723,49.44829],[18.96836,49.39624],[19.14941,49.4],[19.2502,49.51143],[19.30234,49.52485],[19.38623,49.56362],[19.4416,49.59771],[19.47969,49.57637],[19.53477,49.50479],[19.59307,49.44712],[19.62666,49.42437],[19.63027,49.40664],[19.66416,49.39605],[19.73008,49.3896],[19.77393,49.37217],[19.78701,49.31856],[19.78799,49.26997],[19.76738,49.23521],[19.75664,49.2044],[19.80225,49.19233],[19.86895,49.204],[19.91611,49.22139],[20.05762,49.1813],[20.10762,49.27075],[20.16367,49.31641],[20.23652,49.33765],[20.30254,49.36553],[20.36299,49.38525],[20.40469,49.38408],[20.42266,49.39233],[20.47451,49.39019],[20.53457,49.3812],[20.61611,49.3917],[20.729,49.36992],[20.79951,49.32866],[20.86846,49.3147],[20.94727,49.31709],[21.00117,49.33984],[21.0794,49.41826],[21.13613,49.41704],[21.225,49.42944],[21.35049,49.42876],[21.63965,49.41196],[21.71211,49.38193],[21.89014,49.34346],[21.96768,49.29907],[22.00215,49.24609],[22.02012,49.20952],[22.20254,49.15322],[22.47305,49.0813],[22.53867,49.07271]]]}},{"type":"Feature","id":"country-svn","properties":{"id":"country-svn","slug":"eslovenia","name":"Eslovenia","localName":"Slovenia","aliases":["Slovenia"],"kind":"country","boundaryStatus":"reference","parentId":null,"population":2087946,"areaKm2":20239.5,"density":103.2,"referenceYear":2019,"sourceId":"natural-earth","bbox":[13.37822,45.42837,16.51621,46.86328],"center":[14.947215,46.145825]},"geometry":{"type":"Polygon","coordinates":[[[16.51621,46.4999],[16.42764,46.52441],[16.32119,46.53462],[16.30117,46.52139],[16.2584,46.50791],[16.23672,46.48384],[16.25332,46.38911],[16.22744,46.37285],[16.10645,46.38223],[16.0665,46.37134],[16.00068,46.30537],[15.9333,46.27764],[15.84756,46.25786],[15.78428,46.23398],[15.7042,46.21323],[15.63594,46.20073],[15.60898,46.17192],[15.59258,46.13999],[15.59688,46.10923],[15.66621,46.04849],[15.67559,45.98369],[15.66807,45.90444],[15.65215,45.86216],[15.62481,45.83403],[15.4541,45.79761],[15.27705,45.73262],[15.27295,45.71773],[15.35371,45.65991],[15.35693,45.64551],[15.29014,45.61265],[15.28359,45.57969],[15.29121,45.54155],[15.32666,45.5023],[15.33945,45.46704],[15.24209,45.44141],[15.11045,45.45078],[14.95459,45.4999],[14.9,45.49268],[14.84707,45.46733],[14.79307,45.47822],[14.73359,45.5085],[14.64951,45.57148],[14.60859,45.61011],[14.5918,45.65127],[14.56885,45.65723],[14.53398,45.64526],[14.50518,45.59522],[14.42734,45.50576],[14.36992,45.48145],[14.28301,45.48662],[14.16123,45.48516],[14.08555,45.47783],[13.99277,45.50942],[13.97031,45.50337],[13.97012,45.48262],[13.93565,45.44981],[13.87871,45.42837],[13.61523,45.47676],[13.57793,45.5169],[13.63731,45.53594],[13.71982,45.5876],[13.77598,45.58198],[13.84473,45.59287],[13.87471,45.61484],[13.83115,45.68042],[13.72168,45.76128],[13.66348,45.79199],[13.5834,45.81235],[13.56963,45.83413],[13.61397,45.96167],[13.60059,45.97979],[13.50918,45.97378],[13.4877,45.98711],[13.48027,46.00923],[13.48643,46.03955],[13.54805,46.08911],[13.6166,46.13311],[13.63496,46.15776],[13.63252,46.17705],[13.54473,46.19658],[13.4918,46.2166],[13.44981,46.22354],[13.421,46.21231],[13.39961,46.22495],[13.37822,46.26162],[13.39951,46.31753],[13.47852,46.36919],[13.56328,46.41509],[13.63711,46.44854],[13.67969,46.46289],[13.7,46.52026],[13.74395,46.51431],[13.83135,46.51123],[13.92881,46.49819],[14.01963,46.48218],[14.09951,46.46191],[14.26729,46.44072],[14.41992,46.42793],[14.46592,46.41611],[14.50352,46.41704],[14.54981,46.39971],[14.57715,46.41294],[14.59697,46.43608],[14.68018,46.46343],[14.75674,46.49912],[14.81055,46.54458],[14.84063,46.58047],[14.89326,46.60591],[14.94941,46.61323],[15.00068,46.62598],[15.21699,46.64297],[15.43926,46.62964],[15.54531,46.65464],[15.63262,46.69844],[15.76025,46.71074],[15.7669,46.71128],[15.95762,46.67764],[15.97227,46.69722],[15.98047,46.70586],[15.97686,46.80137],[16.03721,46.84482],[16.09307,46.86328],[16.28359,46.85728],[16.3085,46.82798],[16.31846,46.78252],[16.33545,46.72163],[16.36719,46.70479],[16.38457,46.68081],[16.38125,46.63867],[16.41846,46.60723],[16.50566,46.52207],[16.51621,46.4999]]]}},{"type":"Feature","id":"country-srb","properties":{"id":"country-srb","slug":"serbia","name":"Serbia","localName":"Serbia","aliases":["Republic of Serbia"],"kind":"country","boundaryStatus":"reference","parentId":null,"population":6944975,"areaKm2":77663.6,"density":89.4,"referenceYear":2019,"sourceId":"natural-earth","bbox":[18.83906,42.24214,22.97686,46.16919],"center":[20.90796,44.205664999999996]},"geometry":{"type":"Polygon","coordinates":[[[21.36006,44.82666],[21.52315,44.79009],[21.59707,44.75542],[21.63613,44.71045],[21.74023,44.68066],[21.90928,44.66611],[22.02695,44.61987],[22.09307,44.54194],[22.20098,44.56069],[22.35068,44.67612],[22.49766,44.70625],[22.64209,44.65098],[22.7209,44.60552],[22.73438,44.56992],[22.70078,44.55552],[22.62012,44.56235],[22.554,44.54033],[22.50234,44.4896],[22.49453,44.43545],[22.53066,44.37798],[22.58184,44.33833],[22.64795,44.31646],[22.6833,44.28648],[22.68789,44.24829],[22.70508,44.23779],[22.66748,44.22022],[22.62656,44.19409],[22.60342,44.14858],[22.59746,44.07529],[22.46904,44.01802],[22.4208,44.00742],[22.39902,43.96953],[22.36543,43.86211],[22.36963,43.7813],[22.38691,43.74014],[22.39482,43.70664],[22.43633,43.66548],[22.47412,43.60225],[22.49912,43.51885],[22.55459,43.45449],[22.69697,43.39106],[22.76758,43.35415],[22.81973,43.30073],[22.85957,43.25234],[22.97686,43.18799],[22.96797,43.14204],[22.94229,43.09707],[22.91523,43.07598],[22.85684,43.01826],[22.7999,42.98574],[22.70615,42.88394],[22.55811,42.87847],[22.52275,42.87031],[22.4668,42.84248],[22.43926,42.79165],[22.46563,42.75078],[22.46328,42.70947],[22.43623,42.6291],[22.47207,42.54331],[22.52422,42.50391],[22.53242,42.4812],[22.52354,42.44097],[22.4457,42.35913],[22.42207,42.32886],[22.34404,42.31397],[22.31738,42.32173],[22.27705,42.34985],[22.23975,42.35815],[22.14668,42.325],[22.05205,42.30464],[21.97754,42.32007],[21.9041,42.32207],[21.85303,42.3084],[21.81465,42.30313],[21.73926,42.26773],[21.61826,42.24214],[21.5625,42.24751],[21.5416,42.28081],[21.51895,42.32842],[21.52998,42.35],[21.60986,42.38745],[21.61904,42.42324],[21.73066,42.59546],[21.75215,42.65151],[21.75293,42.66982],[21.72383,42.68198],[21.6625,42.68149],[21.39063,42.75142],[21.40303,42.83154],[21.32315,42.87471],[21.23711,42.91323],[21.22266,42.9562],[21.12705,43.04302],[21.05703,43.0917],[20.96768,43.11602],[20.89072,43.15166],[20.84443,43.17344],[20.82383,43.21397],[20.82383,43.23794],[20.80059,43.26108],[20.76338,43.25859],[20.70059,43.22637],[20.62315,43.19863],[20.60967,43.17842],[20.6376,43.13037],[20.65762,43.09985],[20.64854,43.07095],[20.62402,43.03418],[20.4751,42.95303],[20.4584,42.92456],[20.48682,42.87905],[20.46885,42.85791],[20.34434,42.82793],[20.34766,42.85278],[20.33994,42.89287],[20.26846,42.93545],[20.16787,42.96851],[19.94404,43.08164],[19.85801,43.09653],[19.78115,43.10977],[19.671,43.16397],[19.61445,43.17344],[19.55156,43.21226],[19.41465,43.34282],[19.29824,43.41397],[19.21875,43.44995],[19.19648,43.48501],[19.1916,43.52105],[19.19434,43.5333],[19.25449,43.58438],[19.30078,43.5918],[19.36035,43.59346],[19.39961,43.56758],[19.45127,43.56206],[19.47998,43.59517],[19.49512,43.64287],[19.48818,43.70356],[19.36406,43.84478],[19.25723,43.94331],[19.24502,43.96504],[19.26807,43.98345],[19.30527,43.99336],[19.34522,43.98511],[19.44941,43.97803],[19.54951,43.98711],[19.58369,44.01108],[19.58379,44.04346],[19.54717,44.07349],[19.43018,44.15449],[19.33887,44.22583],[19.23154,44.28057],[19.15186,44.30254],[19.12832,44.33027],[19.11846,44.35996],[19.12734,44.41455],[19.13242,44.48379],[19.15137,44.52734],[19.22314,44.60957],[19.2919,44.69678],[19.33447,44.78066],[19.35684,44.85855],[19.34863,44.88091],[19.3127,44.89746],[19.23682,44.91426],[19.13154,44.89961],[19.04209,44.87134],[19.00713,44.86919],[18.99551,44.904],[19.00957,44.91939],[19.0376,44.91753],[19.06055,44.91099],[19.08525,44.92676],[19.1,44.97378],[19.06289,45.13721],[19.12969,45.15171],[19.13076,45.17549],[19.13691,45.19624],[19.20596,45.16777],[19.30303,45.16729],[19.38809,45.173],[19.40098,45.18906],[19.4,45.2125],[19.38232,45.23062],[19.35225,45.24541],[19.33027,45.26807],[19.27285,45.27798],[19.09307,45.33691],[19.00469,45.39951],[19.00762,45.46582],[19.0333,45.5022],[19.06426,45.51499],[19.05508,45.52725],[18.95371,45.55801],[18.91787,45.60083],[18.94727,45.65581],[18.89453,45.76709],[18.83906,45.83574],[18.89356,45.86553],[18.90107,45.90762],[18.90537,45.93174],[18.92783,45.9314],[19.01572,45.95972],[19.04766,45.98267],[19.06621,46.00952],[19.08731,46.01616],[19.14629,45.98701],[19.2084,45.98442],[19.27813,46.00288],[19.33027,46.02852],[19.39287,46.04981],[19.42129,46.06445],[19.45752,46.08735],[19.53076,46.15518],[19.61348,46.16919],[19.72451,46.1519],[19.84443,46.1459],[19.93408,46.16148],[20.16143,46.1419],[20.21016,46.12603],[20.2418,46.10859],[20.30137,46.05068],[20.35859,45.97549],[20.43799,45.94077],[20.53262,45.89951],[20.58115,45.86948],[20.65273,45.7794],[20.70928,45.73525],[20.72783,45.7374],[20.74688,45.74898],[20.76016,45.75811],[20.775,45.74981],[20.77578,45.72251],[20.7793,45.66201],[20.76582,45.59746],[20.78603,45.53648],[20.78652,45.51748],[20.77246,45.5001],[20.77422,45.48442],[20.79404,45.46787],[20.8708,45.42754],[20.9418,45.36533],[21.02383,45.32153],[21.0999,45.29356],[21.14785,45.29175],[21.22647,45.24131],[21.38174,45.20508],[21.43145,45.19253],[21.46543,45.17188],[21.49023,45.1479],[21.4918,45.12227],[21.46787,45.10986],[21.43447,45.07515],[21.4207,45.03296],[21.3959,45.02222],[21.37109,45.02139],[21.35293,45.00898],[21.35703,44.99077],[21.37773,44.97344],[21.40996,44.95772],[21.47197,44.94199],[21.5332,44.91885],[21.53232,44.90068],[21.51992,44.88081],[21.44219,44.87339],[21.38438,44.87007],[21.35791,44.86182],[21.36006,44.82666]]]}},{"type":"Feature","id":"country-smr","properties":{"id":"country-smr","slug":"san-marino","name":"San Marino","localName":"San Marino","aliases":["San Marino"],"kind":"country","boundaryStatus":"reference","parentId":null,"population":33860,"areaKm2":68.4,"density":495,"referenceYear":2019,"sourceId":"natural-earth","bbox":[12.39688,43.89409,12.51465,43.98975],"center":[12.455765,43.941919999999996]},"geometry":{"type":"Polygon","coordinates":[[[12.48525,43.90142],[12.42637,43.89409],[12.39688,43.93457],[12.44111,43.98242],[12.50371,43.98975],[12.51465,43.95298],[12.48525,43.90142]]]}},{"type":"Feature","id":"country-rus","properties":{"id":"country-rus","slug":"rusia","name":"Rusia","localName":"Russia","aliases":["Russia"],"kind":"country","boundaryStatus":"reference","parentId":null,"population":144373535,"areaKm2":16917468,"density":8.5,"referenceYear":2019,"sourceId":"natural-earth","bbox":[-180,41.19927,180,81.8542],"center":[0,61.526735]},"geometry":{"type":"MultiPolygon","coordinates":[[[[145.88154,43.45952],[145.8956,43.45454],[145.91387,43.45537],[145.93115,43.45703],[145.94111,43.44546],[145.94356,43.42647],[145.93115,43.42564],[145.90723,43.42231],[145.89395,43.41982],[145.88652,43.43306],[145.88154,43.4438],[145.86914,43.45044],[145.86914,43.45786],[145.88154,43.45952]]],[[[146.35879,43.62539],[146.33232,43.61992],[146.28818,43.62539],[146.27383,43.62983],[146.28369,43.63862],[146.31016,43.65186],[146.3333,43.64746],[146.34981,43.64414],[146.35879,43.62539]]],[[[146.04561,43.40933],[146.03232,43.40713],[146.02803,43.42036],[146.04893,43.43359],[146.08857,43.44902],[146.10078,43.44019],[146.08633,43.4292],[146.06992,43.42148],[146.04561,43.40933]]],[[[137.17861,55.10044],[137.05527,54.92676],[136.96943,54.92398],[136.90273,54.96065],[136.76514,54.94605],[136.71465,54.95615],[136.79531,55.00938],[136.9957,55.09273],[137.07754,55.09175],[137.15606,55.10781],[137.17861,55.10044]]],[[[150.58994,59.01875],[150.51113,59.00742],[150.47178,59.03477],[150.47022,59.05405],[150.59248,59.09722],[150.66621,59.16016],[150.7127,59.12246],[150.72773,59.09522],[150.58994,59.01875]]],[[[120.26133,73.08984],[120.00791,73.04487],[119.79209,73.04541],[119.64043,73.12432],[119.76191,73.15547],[119.96445,73.16768],[120.07852,73.15674],[120.23682,73.10728],[120.26133,73.08984]]],[[[124.54297,73.8501],[124.48174,73.8479],[124.36641,73.87461],[124.33574,73.9103],[124.33652,73.92837],[124.42969,73.94302],[124.54766,73.93384],[124.63691,73.90039],[124.65293,73.88804],[124.54297,73.8501]]],[[[106.27041,78.2062],[106.15107,78.19863],[106.02363,78.22012],[106.0584,78.26465],[106.35059,78.27261],[106.45684,78.34004],[106.64043,78.33623],[106.69121,78.31665],[106.71963,78.29419],[106.71895,78.26499],[106.6791,78.26499],[106.50469,78.26167],[106.47246,78.24502],[106.27041,78.2062]]],[[[107.41475,77.24268],[107.30225,77.2415],[107.26953,77.28901],[107.36641,77.34663],[107.48643,77.34712],[107.59365,77.33003],[107.6293,77.31968],[107.66455,77.29981],[107.67949,77.26826],[107.41475,77.24268]]],[[[97.58838,76.59937],[97.53525,76.58442],[97.43037,76.59072],[97.3417,76.62886],[97.31035,76.6896],[97.38164,76.70669],[97.58838,76.59937]]],[[[96.85391,76.19917],[96.79785,76.18843],[96.75449,76.19575],[96.73936,76.20693],[96.74023,76.25786],[96.83291,76.32417],[96.83525,76.34482],[96.87793,76.35523],[96.99023,76.34341],[97.04531,76.31538],[97.05303,76.30259],[96.97422,76.23652],[96.85391,76.19917]]],[[[100.13594,79.61421],[99.91543,79.60161],[99.94229,79.67144],[99.95576,79.69033],[100.06836,79.70103],[100.1415,79.68369],[100.30029,79.67026],[100.13594,79.61421]]],[[[76.75606,73.4458],[76.65938,73.4395],[76.23447,73.47622],[76.08311,73.52349],[76.13955,73.5543],[76.25068,73.55527],[76.75606,73.4458]]],[[[82.70996,74.09087],[82.61279,74.05645],[82.47813,74.07578],[82.38154,74.09922],[82.3294,74.1311],[82.38242,74.14927],[82.52559,74.16143],[82.61104,74.14854],[82.68897,74.11123],[82.70996,74.09087]]],[[[84.75898,74.45942],[84.71045,74.39981],[84.42891,74.43032],[84.38945,74.45444],[84.54033,74.49043],[84.67988,74.51235],[84.87285,74.51553],[84.75898,74.45942]]],[[[86.65313,74.9813],[86.73711,74.96299],[87.00059,74.99194],[87.05215,74.98257],[87.12432,74.93989],[87.01172,74.86191],[86.92715,74.83076],[86.69199,74.84829],[86.39053,74.85088],[86.25859,74.89351],[86.33066,74.93897],[86.50449,74.96597],[86.60547,74.99282],[86.65313,74.9813]]],[[[59.31309,81.30522],[59.09697,81.29229],[58.71904,81.31353],[58.61016,81.33726],[58.63447,81.36035],[58.88057,81.39185],[59.075,81.39771],[59.28086,81.36611],[59.37461,81.32505],[59.31309,81.30522]]],[[[-179.79853,68.94043],[-179.59541,68.90649],[-179.5145,68.91714],[-179.47085,68.9124],[-179.35596,68.85298],[-179.2793,68.82519],[-178.87388,68.7541],[-178.68931,68.67515],[-178.53852,68.58565],[-178.61367,68.60308],[-178.75146,68.66045],[-178.73652,68.59302],[-178.69263,68.546],[-178.47393,68.50176],[-178.24448,68.46665],[-178.09746,68.42481],[-178.04868,68.38843],[-178.0187,68.32275],[-178.05581,68.26489],[-177.92241,68.28652],[-177.79678,68.33799],[-177.86182,68.37822],[-178.28452,68.51856],[-178.37305,68.56567],[-178.24985,68.54141],[-177.6832,68.36279],[-177.52725,68.29439],[-177.59321,68.28115],[-177.63935,68.24121],[-177.58921,68.22422],[-177.5209,68.23686],[-177.40752,68.24517],[-177.29741,68.22251],[-177.17183,68.17466],[-176.90727,68.11914],[-175.34521,67.67808],[-175.30986,67.60205],[-175.26592,67.5665],[-175.23955,67.52109],[-175.23252,67.44668],[-175.37471,67.35737],[-175.15508,67.36538],[-175.1228,67.37695],[-175.06562,67.41343],[-175.00269,67.4375],[-174.91807,67.40757],[-174.84985,67.34888],[-174.86992,67.26851],[-174.93042,67.20347],[-174.93813,67.09302],[-174.88506,67.00024],[-174.82871,66.96138],[-174.78364,66.9168],[-174.77119,66.78433],[-174.87012,66.7249],[-174.9249,66.62314],[-174.86426,66.61314],[-174.67466,66.60342],[-174.61245,66.5854],[-174.50376,66.53794],[-174.47773,66.49219],[-174.45376,66.42988],[-174.4187,66.37197],[-174.39409,66.34424],[-174.36606,66.34834],[-174.25698,66.42847],[-174.20601,66.45234],[-174.08477,66.4731],[-174.01772,66.38252],[-174.06504,66.22959],[-174.02544,66.22969],[-173.99448,66.2458],[-173.95547,66.28677],[-173.89995,66.3105],[-173.83203,66.36606],[-173.77397,66.43467],[-173.84253,66.48828],[-173.92095,66.52178],[-174.10185,66.54063],[-174.19634,66.58071],[-174.23159,66.63189],[-174.1396,66.65264],[-174.0606,66.6898],[-174.00552,66.77861],[-174.01885,66.82739],[-174.04102,66.87549],[-174.08643,66.94287],[-174.15435,66.98203],[-174.28354,67.00156],[-174.34185,67.03975],[-174.43091,67.03765],[-174.51894,67.04907],[-174.55449,67.06304],[-174.5501,67.09063],[-174.44761,67.10313],[-173.88403,67.10644],[-173.67969,67.14478],[-173.58657,67.13276],[-173.49399,67.10518],[-173.15781,67.06909],[-173.16763,67.05225],[-173.22417,67.03511],[-173.32353,66.95483],[-173.34307,66.90923],[-173.34736,66.85137],[-173.25894,66.84009],[-173.17539,66.8646],[-173.21616,66.91123],[-173.22827,66.96855],[-173.19302,66.9936],[-173.14683,66.99898],[-173.0585,66.95586],[-172.9626,66.94214],[-172.64058,66.925],[-172.54936,66.93052],[-172.52012,66.95249],[-172.58296,66.97783],[-173.0019,67.03398],[-173.00752,67.06489],[-172.62104,67.02681],[-172.44731,66.99175],[-172.27393,66.96558],[-172.03149,66.97329],[-171.79556,66.93174],[-171.56958,66.8187],[-171.3605,66.67676],[-171.14927,66.59273],[-170.92666,66.52974],[-170.55566,66.35723],[-170.50952,66.34365],[-170.4731,66.32026],[-170.54282,66.29106],[-170.60444,66.24893],[-170.4833,66.27808],[-170.36113,66.2979],[-170.30122,66.29404],[-170.24697,66.27187],[-170.21162,66.23643],[-170.19194,66.20127],[-170.24394,66.16929],[-169.88882,66.16348],[-169.77788,66.14311],[-169.72915,66.05811],[-169.83169,65.99893],[-169.8917,66.0061],[-169.94932,66.03101],[-170.00381,66.0335],[-170.15942,66.00806],[-170.40102,65.92852],[-170.54067,65.86543],[-170.56304,65.82358],[-170.54141,65.71025],[-170.56099,65.65625],[-170.66631,65.62153],[-170.89687,65.64263],[-171.00146,65.66489],[-171.11899,65.69502],[-171.23203,65.73686],[-171.37685,65.80396],[-171.42153,65.81035],[-171.45117,65.79424],[-171.40171,65.75176],[-171.30322,65.69849],[-171.13442,65.62808],[-171.05425,65.54995],[-171.10586,65.51104],[-171.16997,65.5021],[-171.21602,65.50278],[-171.36377,65.5272],[-171.46626,65.53311],[-171.79038,65.51045],[-171.90713,65.49595],[-171.94717,65.50796],[-171.95718,65.54209],[-172.13149,65.56694],[-172.23389,65.57046],[-172.28227,65.58232],[-172.32227,65.61753],[-172.43569,65.66963],[-172.60771,65.69004],[-172.71919,65.69243],[-172.7833,65.68106],[-172.55654,65.61201],[-172.35395,65.496],[-172.39199,65.47456],[-172.41777,65.44956],[-172.30571,65.4478],[-172.23281,65.45571],[-172.21157,65.4252],[-172.26987,65.30273],[-172.30928,65.27563],[-172.66191,65.24854],[-172.57314,65.22822],[-172.48208,65.22188],[-172.37871,65.22671],[-172.28603,65.20571],[-172.22368,65.12871],[-172.21318,65.04815],[-172.30435,65.00215],[-172.39873,64.96475],[-172.59282,64.90796],[-172.79248,64.88291],[-172.89736,64.88921],[-172.99912,64.87661],[-173.06621,64.84717],[-173.08579,64.81733],[-172.99805,64.83711],[-172.89687,64.82607],[-172.80107,64.79053],[-172.81157,64.76118],[-172.90259,64.7292],[-172.92402,64.70493],[-172.88906,64.66401],[-172.90088,64.62886],[-172.85415,64.60991],[-172.74687,64.60327],[-172.61611,64.57788],[-172.4874,64.54419],[-172.43662,64.51533],[-172.39385,64.47466],[-172.37876,64.43154],[-172.40146,64.41392],[-172.69468,64.40708],[-172.73916,64.41226],[-172.75596,64.45996],[-172.7915,64.49893],[-172.90317,64.52607],[-172.94902,64.50737],[-172.91587,64.36943],[-172.96006,64.32769],[-173.00913,64.29746],[-173.15742,64.27974],[-173.27549,64.28965],[-173.37568,64.35488],[-173.37554,64.4104],[-173.30923,64.44268],[-173.30933,64.48745],[-173.32749,64.53955],[-173.39565,64.479],[-173.47495,64.42861],[-173.60361,64.36548],[-173.66597,64.35732],[-173.72974,64.3645],[-173.89785,64.40972],[-174.00137,64.44898],[-174.20483,64.57778],[-174.31802,64.63765],[-174.57056,64.71777],[-174.83047,64.77598],[-175.03603,64.81367],[-175.14585,64.80928],[-175.25591,64.79399],[-175.39512,64.80239],[-175.44214,64.8167],[-175.4832,64.84858],[-175.52065,64.86709],[-175.71587,64.94609],[-175.85386,65.01084],[-175.85947,65.0542],[-175.83022,65.10552],[-175.85615,65.23281],[-175.92295,65.35249],[-176.09326,65.47105],[-176.54746,65.54756],[-176.92212,65.60137],[-177.05625,65.61362],[-177.17524,65.60166],[-177.48877,65.50371],[-177.69863,65.4897],[-178.3102,65.48486],[-178.4125,65.49556],[-178.50464,65.53721],[-178.52593,65.59302],[-178.49932,65.69663],[-178.50234,65.74043],[-178.52622,65.75523],[-178.55854,65.754],[-178.67915,65.79536],[-178.79106,65.86475],[-178.87935,65.93648],[-178.93906,66.03276],[-178.85825,66.03755],[-178.74673,66.01367],[-178.73057,66.03726],[-178.6938,66.12422],[-178.61626,66.16602],[-178.58652,66.19844],[-178.53413,66.31655],[-178.52656,66.40156],[-178.61577,66.35518],[-178.75278,66.23726],[-178.82085,66.20269],[-178.86811,66.18706],[-178.91553,66.17993],[-179.02612,66.20352],[-179.10508,66.23193],[-179.10688,66.34609],[-179.14341,66.37505],[-179.17837,66.35332],[-179.19268,66.31255],[-179.29316,66.30508],[-179.34014,66.2875],[-179.31621,66.21982],[-179.3272,66.1626],[-179.42266,66.14106],[-179.61616,66.12788],[-179.6833,66.18413],[-179.74087,66.10576],[-179.78364,66.01797],[-179.7897,65.90088],[-179.72832,65.80381],[-179.64062,65.75757],[-179.44907,65.68784],[-179.36597,65.63862],[-179.34438,65.57524],[-179.3521,65.51675],[-179.45166,65.44531],[-179.51934,65.38628],[-179.63516,65.24414],[-179.70459,65.18721],[-180,65.06724],[-180,65.31196],[-180,65.55679],[-180,65.80156],[-180,66.04629],[-180,66.29106],[-180,66.53584],[-180,66.78057],[-180,67.02534],[-180,67.27012],[-180,67.51484],[-180,67.75962],[-180,68.0044],[-180,68.24912],[-180,68.4939],[-180,68.73867],[-179.99995,68.98345],[-179.79853,68.94043]]],[[[130.68731,42.30254],[130.65801,42.32778],[130.65156,42.37251],[130.61797,42.41563],[130.5541,42.47471],[130.52695,42.5354],[130.58447,42.56733],[130.57656,42.62324],[130.5206,42.67432],[130.43926,42.68555],[130.41992,42.69985],[130.42481,42.72705],[130.45273,42.75542],[130.49297,42.7791],[130.57725,42.81162],[130.72246,42.83584],[130.80332,42.85684],[130.86855,42.86333],[130.94287,42.85176],[131.00557,42.88311],[131.06856,42.90225],[131.0835,42.9563],[131.08613,43.03809],[131.10898,43.06245],[131.13555,43.09761],[131.17559,43.14219],[131.21191,43.25776],[131.23935,43.33765],[131.25732,43.37808],[131.26182,43.43306],[131.24395,43.46904],[131.20918,43.49043],[131.18242,43.50557],[131.18008,43.56709],[131.18359,43.65088],[131.17422,43.70474],[131.21328,44.00293],[131.25527,44.07158],[131.12578,44.46919],[131.08691,44.59565],[131.06065,44.65967],[131.00391,44.75322],[130.96777,44.79995],[130.98164,44.84434],[131.03301,44.88887],[131.08232,44.91001],[131.22793,44.92017],[131.26826,44.93613],[131.44688,44.98403],[131.4875,45.01314],[131.57871,45.08364],[131.61397,45.13657],[131.654,45.20537],[131.74209,45.24263],[131.79492,45.30527],[131.85186,45.32686],[131.90928,45.27373],[131.97754,45.24399],[132.06738,45.22598],[132.18135,45.20327],[132.36299,45.15996],[132.54902,45.1228],[132.66563,45.0937],[132.72314,45.08057],[132.83867,45.06113],[132.88877,45.04605],[132.93604,45.02993],[133.01172,45.07456],[133.11348,45.13071],[133.09688,45.22046],[133.11338,45.32144],[133.18604,45.49482],[133.26699,45.54526],[133.30957,45.55308],[133.35547,45.57222],[133.43643,45.60469],[133.46562,45.65122],[133.44912,45.70508],[133.47578,45.75767],[133.48467,45.81045],[133.51309,45.87881],[133.55117,45.8978],[133.60801,45.92031],[133.64785,45.95523],[133.68574,46.00894],[133.71113,46.06963],[133.70068,46.13975],[133.7502,46.18594],[133.83281,46.22427],[133.86133,46.24775],[133.87481,46.30908],[133.88027,46.33604],[133.90273,46.36694],[133.88672,46.43057],[133.8666,46.49912],[133.95752,46.61426],[134.02266,46.71318],[134.03857,46.85815],[134.046,46.88198],[134.07139,46.95078],[134.08643,46.97813],[134.13691,47.06899],[134.20215,47.12808],[134.18926,47.19424],[134.16299,47.25874],[134.16768,47.3022],[134.2252,47.35264],[134.26006,47.37773],[134.29082,47.41357],[134.33945,47.42949],[134.38252,47.43823],[134.4835,47.44736],[134.5419,47.48516],[134.59619,47.52388],[134.6958,47.62485],[134.72813,47.68447],[134.75234,47.71543],[134.69863,47.80142],[134.65029,47.87427],[134.59131,47.9752],[134.56602,48.02251],[134.60537,48.08291],[134.64727,48.12017],[134.66934,48.15332],[134.68086,48.21045],[134.66523,48.25391],[134.56357,48.32173],[134.45615,48.35532],[134.33496,48.36885],[134.29336,48.37344],[134.20586,48.35991],[133.84219,48.27373],[133.67178,48.20772],[133.57324,48.13301],[133.46836,48.09717],[133.30117,48.10151],[133.14404,48.10566],[133.02012,48.0644],[132.87715,47.9791],[132.77285,47.94009],[132.70723,47.94727],[132.63691,47.89009],[132.56191,47.76851],[132.47627,47.71499],[132.38018,47.72949],[132.1498,47.71797],[131.78525,47.68052],[131.55674,47.68203],[131.46426,47.72261],[131.31934,47.72783],[131.12187,47.69766],[131.00273,47.69146],[130.96191,47.70933],[130.93281,47.75981],[130.91543,47.84292],[130.84863,47.92944],[130.73262,48.01924],[130.71211,48.12764],[130.78721,48.25459],[130.8043,48.3415],[130.76348,48.38843],[130.74687,48.43037],[130.65918,48.4834],[130.59727,48.57466],[130.55215,48.60249],[130.56563,48.68013],[130.61719,48.77319],[130.55313,48.86118],[130.35527,48.86636],[130.196,48.89165],[130.03711,48.97227],[129.79258,49.19888],[129.67109,49.27852],[129.59141,49.28667],[129.53369,49.32344],[129.49815,49.38882],[129.44072,49.38945],[129.38467,49.38945],[129.3501,49.36235],[129.30986,49.35386],[129.24844,49.37866],[129.18516,49.3814],[129.12012,49.36206],[129.06514,49.37466],[129.02031,49.41924],[128.93828,49.44893],[128.81934,49.46377],[128.77031,49.49473],[128.79102,49.54185],[128.76904,49.57695],[128.704,49.60015],[128.52676,49.59424],[128.23711,49.55928],[127.99961,49.5686],[127.81426,49.62212],[127.71113,49.67153],[127.69014,49.71675],[127.63672,49.76021],[127.55078,49.80181],[127.50244,49.87344],[127.4918,49.97505],[127.51231,50.07168],[127.59023,50.20898],[127.39531,50.29858],[127.33721,50.35015],[127.35117,50.3936],[127.34082,50.42808],[127.30606,50.45352],[127.3082,50.49419],[127.34717,50.5501],[127.34688,50.62134],[127.30703,50.70796],[127.19824,50.82944],[127.02041,50.98589],[126.92481,51.10015],[126.91152,51.17231],[126.8877,51.23013],[126.8544,51.26138],[126.83379,51.31489],[126.84775,51.37417],[126.82734,51.41226],[126.80176,51.44805],[126.80547,51.50566],[126.77451,51.54507],[126.70918,51.56631],[126.68867,51.60991],[126.70078,51.70303],[126.65371,51.7813],[126.51055,51.92583],[126.46807,52.0313],[126.45557,52.12647],[126.39482,52.173],[126.3915,52.2145],[126.3835,52.28652],[126.34629,52.30625],[126.32422,52.33164],[126.3417,52.36201],[126.31289,52.39976],[126.2376,52.44482],[126.20293,52.48384],[126.19443,52.51914],[126.15664,52.54663],[126.0459,52.57334],[126.01602,52.61021],[126.02324,52.64302],[126.04707,52.67349],[126.06016,52.69199],[126.05606,52.71587],[126.04815,52.73945],[126.0043,52.76787],[125.9416,52.80068],[125.87188,52.87153],[125.78281,52.89072],[125.72813,52.89072],[125.68076,52.93081],[125.69531,52.9563],[125.6917,53.00371],[125.64902,53.04229],[125.596,53.05747],[125.546,53.04761],[125.42246,53.08374],[125.22559,53.16582],[125.075,53.20366],[124.9709,53.19731],[124.90664,53.17266],[124.88213,53.12974],[124.81231,53.13384],[124.63984,53.21065],[124.46592,53.22964],[124.36914,53.27095],[124.29141,53.34087],[124.21992,53.37012],[124.1543,53.35869],[123.99473,53.40562],[123.74092,53.51099],[123.60781,53.54653],[123.55977,53.52666],[123.53477,53.52647],[123.48945,53.52944],[123.42402,53.53076],[123.30957,53.55562],[123.1541,53.54458],[122.95762,53.49771],[122.74473,53.46851],[122.51582,53.45698],[122.38018,53.4625],[122.33779,53.48501],[122.08887,53.45147],[121.74395,53.38359],[121.40547,53.31704],[120.98545,53.28457],[120.7041,53.17183],[120.42129,52.96807],[120.21816,52.83989],[120.09453,52.78721],[120.04434,52.71821],[120.06758,52.63291],[120.17275,52.60249],[120.36006,52.627],[120.52109,52.61504],[120.65615,52.56665],[120.69922,52.4936],[120.65039,52.3959],[120.66543,52.2999],[120.74453,52.20547],[120.74981,52.09653],[120.68145,51.97305],[120.51055,51.84854],[120.23701,51.723],[120.0669,51.60068],[119.96699,51.42212],[119.81318,51.26704],[119.75664,51.17949],[119.746,51.10772],[119.68496,51.03013],[119.57344,50.94678],[119.51231,50.86314],[119.50176,50.77925],[119.4457,50.70283],[119.34404,50.63389],[119.28066,50.56099],[119.25586,50.48418],[119.2167,50.43252],[119.16367,50.40601],[119.1919,50.37983],[119.30156,50.35391],[119.34629,50.27896],[119.32607,50.15493],[119.25986,50.06641],[119.14746,50.01338],[118.97949,49.97886],[118.75596,49.96284],[118.45156,49.84448],[118.18662,49.69277],[117.87344,49.51348],[117.8126,49.51353],[117.69844,49.53584],[117.47715,49.60942],[117.24561,49.62485],[117.02168,49.69297],[116.88897,49.73779],[116.6833,49.82378],[116.63154,49.87705],[116.55117,49.92031],[116.35117,49.97808],[116.2168,50.00928],[116.13457,50.01079],[115.92598,49.95215],[115.79522,49.90591],[115.71777,49.88062],[115.58799,49.88604],[115.4292,49.89648],[115.36504,49.91177],[115.27451,49.94888],[115.09805,50.05942],[115.00332,50.13857],[114.87959,50.18306],[114.74316,50.23369],[114.6749,50.2457],[114.554,50.24146],[114.38633,50.25547],[114.29707,50.27441],[114.22178,50.25728],[114.0707,50.20474],[113.88115,50.10112],[113.73242,50.06152],[113.57422,50.00703],[113.44551,49.9416],[113.31904,49.87432],[113.16416,49.79717],[113.09209,49.69253],[113.05557,49.61626],[112.91484,49.56924],[112.80645,49.52358],[112.69736,49.50728],[112.49492,49.53232],[112.3752,49.5146],[112.07969,49.42422],[111.93447,49.41602],[111.8334,49.40361],[111.73555,49.39775],[111.57481,49.37642],[111.51191,49.36094],[111.4293,49.34263],[111.33662,49.35586],[111.2042,49.3043],[110.82793,49.16616],[110.70977,49.14297],[110.63106,49.1376],[110.52959,49.18706],[110.42783,49.21997],[110.32139,49.21587],[110.1999,49.17041],[109.99453,49.20562],[109.75039,49.23931],[109.52871,49.26987],[109.45371,49.29634],[109.23672,49.33491],[108.91992,49.33535],[108.73301,49.33565],[108.61367,49.3228],[108.52246,49.3415],[108.40693,49.39639],[108.21309,49.52481],[108.09805,49.56265],[108.03379,49.59399],[108.00957,49.64688],[107.96543,49.65352],[107.93672,49.69102],[107.93877,49.74072],[107.93486,49.84902],[107.94785,49.92471],[107.9166,49.9478],[107.78682,49.96001],[107.63096,49.98311],[107.34707,49.98667],[107.2333,49.9894],[107.14307,50.03301],[107.04023,50.08648],[106.94131,50.19668],[106.85371,50.24829],[106.71113,50.3126],[106.57441,50.32881],[106.36846,50.31758],[106.21787,50.30459],[106.08252,50.33257],[105.99648,50.36792],[105.8752,50.40537],[105.69258,50.41416],[105.5416,50.44126],[105.38359,50.47373],[105.2667,50.4605],[105.18594,50.42959],[105.09473,50.38994],[104.97695,50.38291],[104.68535,50.34185],[104.59639,50.31719],[104.46631,50.30615],[104.35391,50.27529],[104.25996,50.21445],[104.17969,50.16943],[104.07871,50.15425],[103.9585,50.15728],[103.85615,50.17183],[103.80264,50.17607],[103.72324,50.15386],[103.63291,50.13857],[103.49629,50.16494],[103.42119,50.18706],[103.3044,50.20029],[103.23379,50.26426],[103.16172,50.29072],[103.03945,50.30064],[102.85967,50.33325],[102.76543,50.36655],[102.6833,50.38716],[102.54629,50.46133],[102.46943,50.52568],[102.40684,50.53618],[102.33643,50.54424],[102.28838,50.58511],[102.28574,50.63467],[102.30332,50.66553],[102.3166,50.71846],[102.27656,50.7687],[102.23506,50.79121],[102.21504,50.82944],[102.22617,50.90147],[102.21025,50.97432],[102.19453,51.05068],[102.15195,51.10752],[102.14238,51.21606],[102.16006,51.26084],[102.15566,51.31377],[102.11152,51.35347],[101.9792,51.38223],[101.82119,51.42105],[101.5709,51.46719],[101.46436,51.47148],[101.38125,51.45264],[101.30449,51.47476],[101.22324,51.51328],[101.08535,51.55303],[100.90361,51.60425],[100.71074,51.66157],[100.53623,51.71348],[100.46895,51.72607],[100.23037,51.72983],[100.03457,51.73711],[99.92168,51.75552],[99.78789,51.82754],[99.71924,51.87163],[99.61289,51.89253],[99.53232,51.8999],[99.40703,51.92354],[99.17617,51.99888],[99.09141,52.03486],[99.03428,52.0354],[98.95811,52.10171],[98.89316,52.11729],[98.84863,52.07007],[98.80254,51.95747],[98.76016,51.90508],[98.64053,51.80117],[98.35273,51.71763],[98.30313,51.67427],[98.27686,51.63457],[98.2375,51.57842],[98.21992,51.50562],[98.18467,51.48574],[98.10313,51.48355],[98.0376,51.44995],[97.98916,51.37705],[97.94688,51.34844],[97.92324,51.28047],[97.92734,51.25073],[97.91787,51.21787],[97.91084,51.16519],[97.83574,51.05166],[97.82529,50.98525],[97.85615,50.94336],[97.91982,50.88716],[97.95313,50.85518],[97.96416,50.81768],[97.96191,50.76914],[98.00117,50.70205],[98.02979,50.64463],[98.07891,50.60381],[98.14502,50.56856],[98.22051,50.55718],[98.27949,50.53325],[98.29268,50.48696],[98.27734,50.423],[98.25029,50.30244],[98.2,50.22769],[98.17012,50.18057],[98.12197,50.10659],[98.10342,50.07783],[98.00391,50.01426],[97.93662,49.99678],[97.85391,49.94678],[97.78555,49.94453],[97.7207,49.94463],[97.65098,49.93359],[97.58936,49.91148],[97.54082,49.84312],[97.41836,49.77305],[97.35977,49.74146],[97.20859,49.73081],[97.13691,49.76172],[97.09766,49.80503],[97.04912,49.82988],[96.98574,49.88281],[96.71172,49.91157],[96.64023,49.89785],[96.59844,49.87842],[96.54326,49.89253],[96.50576,49.9187],[96.46641,49.91152],[96.38115,49.89605],[96.31504,49.90112],[96.22969,49.9541],[96.11172,49.98247],[96.06553,49.99873],[96.01856,49.99878],[95.98955,49.97358],[95.93574,49.96001],[95.89941,49.99058],[95.85195,50.01294],[95.78936,50.0125],[95.70781,49.96602],[95.56719,49.94385],[95.52266,49.91123],[95.4418,49.91553],[95.38565,49.94121],[95.32949,49.94414],[95.16621,49.94385],[95.11143,49.93545],[95.04434,49.96157],[95.01289,50.00825],[94.93027,50.04375],[94.81123,50.04819],[94.71807,50.04326],[94.67549,50.02808],[94.61475,50.02373],[94.56465,50.08794],[94.49688,50.13281],[94.4585,50.16572],[94.4002,50.17964],[94.35469,50.22183],[94.34688,50.30342],[94.31934,50.40488],[94.28701,50.51138],[94.25107,50.5564],[94.07578,50.57285],[93.98984,50.56885],[93.79541,50.57764],[93.66201,50.58369],[93.62559,50.58555],[93.50107,50.59746],[93.38682,50.6085],[93.27051,50.61558],[93.22256,50.60654],[93.10313,50.60391],[93.00986,50.65454],[92.9707,50.7125],[92.96357,50.74492],[92.94131,50.77822],[92.85645,50.78911],[92.7793,50.77866],[92.73867,50.71094],[92.68135,50.6832],[92.62666,50.68828],[92.57891,50.72544],[92.48643,50.76509],[92.42637,50.80308],[92.35479,50.86416],[92.2958,50.84981],[92.279,50.81221],[92.26533,50.7752],[92.19238,50.70059],[92.104,50.69199],[91.95654,50.69761],[91.8043,50.6936],[91.70635,50.66553],[91.63418,50.61514],[91.59688,50.57554],[91.52168,50.56201],[91.44648,50.52217],[91.41504,50.46802],[91.34082,50.47007],[91.30059,50.46338],[91.23379,50.45239],[91.06279,50.42261],[91.02158,50.41548],[90.91719,50.36416],[90.83809,50.32373],[90.76074,50.30596],[90.71436,50.25942],[90.65508,50.22236],[90.5169,50.21333],[90.36484,50.1669],[90.31133,50.15117],[90.22451,50.1167],[90.10371,50.10332],[90.05371,50.09375],[90.00498,50.06929],[89.97734,49.98433],[89.87803,49.95352],[89.74424,49.9481],[89.64385,49.90303],[89.63428,49.82329],[89.66953,49.75049],[89.6541,49.71748],[89.5792,49.69971],[89.475,49.66055],[89.39561,49.61152],[89.29922,49.61113],[89.24395,49.62705],[89.20293,49.5957],[89.17998,49.53223],[89.10947,49.50137],[89.0084,49.4728],[88.97061,49.48374],[88.94541,49.50767],[88.9002,49.5397],[88.86387,49.52764],[88.86035,49.48154],[88.83164,49.44844],[88.74785,49.44624],[88.68272,49.46455],[88.6332,49.48613],[88.54434,49.48257],[88.45244,49.47271],[88.39336,49.48286],[88.33779,49.47256],[88.19258,49.45171],[88.13555,49.38149],[88.13428,49.29844],[88.11572,49.2563],[88.02852,49.21978],[87.98809,49.18691],[87.93477,49.16455],[87.81826,49.16211],[87.81426,49.16231],[87.7625,49.16582],[87.66836,49.14722],[87.57656,49.13237],[87.51582,49.12241],[87.47617,49.09146],[87.4167,49.07661],[87.32285,49.08579],[87.29688,49.14766],[87.23369,49.21616],[87.14805,49.2398],[87.07061,49.25459],[87.00098,49.28731],[86.95293,49.32207],[86.81211,49.48789],[86.71436,49.55859],[86.62647,49.5627],[86.61426,49.60972],[86.66533,49.65669],[86.73066,49.69556],[86.72871,49.74868],[86.67549,49.7773],[86.61016,49.76914],[86.52227,49.70776],[86.41797,49.63848],[86.29238,49.5875],[86.24219,49.54634],[86.18086,49.49932],[86.09297,49.50547],[86.02959,49.50342],[85.97441,49.49932],[85.93359,49.55044],[85.88047,49.55654],[85.49844,49.60537],[85.37158,49.62393],[85.2919,49.59946],[85.23262,49.61582],[85.21016,49.66484],[85.13652,49.75073],[85.07647,49.82163],[85.00078,49.89414],[84.9752,49.95107],[84.99971,50.0103],[84.98945,50.06143],[84.92402,50.08799],[84.83897,50.09131],[84.60732,50.20239],[84.49902,50.21875],[84.40098,50.23916],[84.32324,50.23916],[84.25781,50.28823],[84.19453,50.43745],[84.17598,50.52056],[84.09932,50.60474],[84.00234,50.67686],[83.94512,50.77466],[83.85977,50.81802],[83.71777,50.88716],[83.58145,50.93574],[83.35732,50.99458],[83.27373,50.99458],[83.16025,50.98921],[83.09277,50.9606],[83.01924,50.89727],[82.91904,50.89312],[82.76084,50.89336],[82.71855,50.86948],[82.69297,50.82632],[82.61172,50.77148],[82.49395,50.72759],[82.32637,50.7419],[82.21191,50.71943],[82.09805,50.71084],[81.93369,50.76636],[81.75205,50.7644],[81.63389,50.73911],[81.46592,50.73984],[81.43145,50.77114],[81.45156,50.82368],[81.4377,50.87105],[81.41016,50.90977],[81.38828,50.95649],[81.31914,50.96641],[81.12461,50.94629],[81.07148,50.96875],[81.07754,51.01494],[81.1124,51.07236],[81.14102,51.14658],[81.12725,51.19106],[81.02676,51.18569],[80.96563,51.1898],[80.93408,51.24277],[80.87734,51.28145],[80.81309,51.2835],[80.73525,51.29341],[80.65049,51.27734],[80.60547,51.22422],[80.55068,51.2166],[80.49102,51.20176],[80.44805,51.18335],[80.42148,51.13638],[80.43359,51.09263],[80.45225,50.99761],[80.42363,50.94629],[80.34522,50.91909],[80.27041,50.92461],[80.22022,50.91177],[80.12725,50.85835],[80.08633,50.83999],[80.07207,50.80728],[80.06592,50.7582],[79.98623,50.77456],[79.85967,50.95547],[79.71641,51.16001],[79.5543,51.37798],[79.46885,51.49312],[79.14873,51.86812],[78.99209,52.04741],[78.72148,52.35703],[78.47549,52.63843],[78.19805,52.92969],[78.0335,53.09497],[77.85996,53.26919],[77.79941,53.31743],[77.7044,53.37915],[77.46924,53.49878],[77.13242,53.67012],[76.8207,53.82266],[76.57568,53.94253],[76.51309,53.99321],[76.48477,54.02256],[76.45859,54.05527],[76.42207,54.11353],[76.42168,54.15151],[76.65459,54.14526],[76.70303,54.18247],[76.78897,54.32188],[76.83731,54.44238],[76.75938,54.43687],[76.61553,54.38711],[76.53916,54.35107],[76.49648,54.33569],[76.2666,54.31196],[76.14053,54.25855],[75.88066,54.16797],[75.69287,54.1148],[75.65684,54.10601],[75.43721,54.08965],[75.39815,54.06851],[75.39238,54.02173],[75.37705,53.97012],[75.22022,53.8938],[75.05215,53.82671],[74.98896,53.81924],[74.88682,53.83403],[74.83418,53.82568],[74.68145,53.7544],[74.45195,53.64727],[74.43047,53.60371],[74.4293,53.55073],[74.40273,53.50444],[74.35156,53.48765],[74.27734,53.52773],[74.20996,53.57647],[74.06865,53.61143],[73.85898,53.61973],[73.73115,53.60278],[73.64297,53.57627],[73.46992,53.4689],[73.40693,53.44756],[73.37188,53.4544],[73.36191,53.5062],[73.32685,53.54316],[73.28574,53.59839],[73.30566,53.70723],[73.39941,53.81148],[73.5542,53.86831],[73.67891,53.92944],[73.71553,53.99619],[73.7124,54.04238],[73.66641,54.06348],[73.61797,54.06738],[73.58994,54.04497],[73.50566,53.99932],[73.38066,53.96284],[73.27656,53.95562],[73.22988,53.95781],[73.11934,53.98076],[72.91406,54.10732],[72.74102,54.12451],[72.62227,54.13433],[72.58271,54.12158],[72.56426,54.09043],[72.57559,54.05649],[72.59922,54.02305],[72.58594,53.99595],[72.53027,53.97578],[72.44678,53.94185],[72.4043,53.96445],[72.38301,54.05366],[72.38731,54.12305],[72.32949,54.18145],[72.26914,54.27212],[72.18604,54.32564],[72.10537,54.30845],[72.06563,54.23164],[72.00449,54.20566],[71.8874,54.22148],[71.67715,54.17803],[71.33643,54.15835],[71.09316,54.21221],[71.05273,54.2605],[71.15215,54.36406],[71.15977,54.45542],[71.15918,54.53862],[71.18555,54.59932],[71.12627,54.71504],[70.9918,54.95049],[70.91016,55.12798],[70.79033,55.26113],[70.73809,55.30518],[70.48633,55.28237],[70.41719,55.25317],[70.37148,55.21226],[70.29336,55.18359],[70.18242,55.16245],[70.0874,55.17676],[69.98174,55.19907],[69.87022,55.24565],[69.74023,55.30737],[69.49326,55.35689],[69.24697,55.37251],[68.97725,55.3896],[68.84297,55.35835],[68.71289,55.3085],[68.52481,55.20483],[68.43848,55.19443],[68.30195,55.18652],[68.20625,55.16094],[68.22529,55.11523],[68.24404,55.05244],[68.20937,55.00303],[68.15586,54.97671],[68.07383,54.95957],[67.93994,54.95371],[67.82988,54.94356],[67.69336,54.87241],[67.48467,54.85449],[67.25732,54.82881],[67.09834,54.78818],[66.75449,54.73789],[66.55537,54.71543],[66.22266,54.66738],[65.95469,54.65952],[65.91426,54.69331],[65.70781,54.6187],[65.47695,54.62329],[65.43438,54.59331],[65.37813,54.56445],[65.31592,54.55156],[65.2374,54.51606],[65.19219,54.44111],[65.15781,54.3644],[65.08838,54.34019],[64.99541,54.36875],[64.92676,54.39663],[64.80928,54.36856],[64.6499,54.35225],[64.5251,54.36216],[64.46123,54.38418],[64.19941,54.34741],[64.06289,54.30293],[64.0374,54.27974],[64.00391,54.26709],[63.84707,54.23648],[63.72119,54.24502],[63.70137,54.24321],[63.58203,54.22192],[63.41367,54.1832],[63.29268,54.17046],[63.19131,54.17105],[63.12656,54.13926],[63.07393,54.10523],[62.63272,54.06929],[62.58828,54.04443],[62.49902,54.01318],[62.04023,54.00264],[62.00234,53.97993],[61.98565,53.9544],[61.92871,53.94648],[61.59815,53.99492],[61.33369,54.04927],[61.23106,54.01948],[61.14375,53.96382],[61.11318,53.88247],[61.11318,53.81299],[61.11318,53.75347],[61.07354,53.71045],[60.98555,53.65742],[60.97949,53.62173],[61.09854,53.58311],[61.24795,53.55098],[61.33613,53.56519],[61.40996,53.58706],[61.47412,53.58027],[61.51914,53.55449],[61.53496,53.52329],[61.52656,53.50156],[61.49854,53.48467],[61.40098,53.45581],[61.31162,53.46572],[61.22891,53.4459],[61.18594,53.4062],[61.16279,53.33677],[61.19922,53.28716],[61.31094,53.2752],[61.43682,53.2394],[61.57617,53.22246],[61.65986,53.22847],[61.76621,53.17393],[62.01465,53.10786],[62.08106,53.05742],[62.08272,53.00542],[62.03711,52.96611],[61.97422,52.94375],[61.88857,52.95591],[61.71934,52.96939],[61.53359,52.97852],[61.40078,52.996],[61.20693,52.98906],[61.04746,52.97246],[61.00654,52.93335],[60.94473,52.86016],[60.89326,52.81943],[60.80234,52.74473],[60.77441,52.67578],[60.82129,52.56982],[60.97949,52.39478],[60.99453,52.33687],[60.9376,52.28057],[60.82842,52.2334],[60.67031,52.15083],[60.49932,52.14634],[60.42549,52.12559],[60.23369,52.02451],[60.06553,51.97647],[60.03027,51.93325],[60.06748,51.89063],[60.28037,51.83462],[60.3875,51.773],[60.41836,51.70391],[60.46475,51.65117],[60.63037,51.61694],[60.97354,51.53706],[60.99336,51.52871],[61.01484,51.49238],[61.36309,51.4419],[61.41133,51.41475],[61.55469,51.32461],[61.58506,51.22969],[61.51221,51.13701],[61.46504,50.99023],[61.38945,50.86104],[61.22686,50.77481],[60.94229,50.69551],[60.63799,50.66372],[60.5085,50.66919],[60.42481,50.67915],[60.28809,50.70415],[60.18672,50.76978],[60.11211,50.83418],[60.05859,50.85029],[60.00527,50.8397],[59.95518,50.79927],[59.88779,50.69019],[59.8124,50.58203],[59.75117,50.54395],[59.52305,50.49287],[59.49785,50.51108],[59.52393,50.58281],[59.49512,50.6043],[59.45234,50.62041],[59.1709,50.6479],[59.06436,50.66821],[58.98486,50.67612],[58.88369,50.69443],[58.81406,50.73721],[58.66455,50.86831],[58.54746,50.97105],[58.35918,51.06382],[58.18848,51.08174],[58.17471,51.07227],[58.04512,51.06885],[57.83887,51.09165],[57.82891,51.08901],[57.76484,51.04688],[57.71699,50.98096],[57.65381,50.92515],[57.55781,50.89556],[57.44219,50.88887],[57.3125,50.94653],[57.179,51.03604],[57.01172,51.06519],[56.84961,51.04556],[56.79033,51.03159],[56.62022,50.98086],[56.5669,51.00449],[56.49141,51.01953],[56.32559,50.93608],[56.14395,50.84463],[56.10449,50.77627],[56.04971,50.71353],[55.9292,50.65376],[55.79766,50.60205],[55.68623,50.58286],[55.54229,50.60181],[55.36113,50.66528],[55.19522,50.74473],[55.01484,50.86978],[54.86797,50.94136],[54.72715,50.9981],[54.6416,51.01157],[54.57295,50.99023],[54.54609,50.94605],[54.56563,50.91128],[54.60625,50.87988],[54.63789,50.78106],[54.65,50.66016],[54.63613,50.5916],[54.59619,50.55068],[54.55527,50.53579],[54.51738,50.54116],[54.47148,50.58379],[54.44336,50.67393],[54.42148,50.78032],[54.29785,50.91406],[54.19111,50.9957],[54.13975,51.04077],[54.0415,51.11519],[53.95684,51.16118],[53.77647,51.21372],[53.68809,51.25181],[53.53467,51.39956],[53.44863,51.44453],[53.33809,51.48237],[53.24727,51.4936],[53.22734,51.48496],[53.03838,51.46372],[52.90264,51.46694],[52.82051,51.49458],[52.73506,51.4979],[52.72813,51.49815],[52.63516,51.47954],[52.61777,51.48076],[52.57119,51.48164],[52.49619,51.51216],[52.42305,51.59424],[52.33106,51.6813],[52.21914,51.70938],[52.00713,51.67271],[51.77539,51.55425],[51.60908,51.48398],[51.47344,51.48203],[51.396,51.47129],[51.34453,51.47534],[51.30107,51.49741],[51.29072,51.54019],[51.26992,51.59448],[51.16348,51.64746],[51.01787,51.68164],[50.88242,51.71919],[50.79395,51.7292],[50.75615,51.67515],[50.64395,51.58916],[50.51631,51.50562],[50.35371,51.36973],[50.30928,51.32158],[50.24688,51.2895],[50.10488,51.25459],[49.93232,51.19717],[49.82227,51.13189],[49.66631,51.1023],[49.49805,51.08359],[49.42461,51.027],[49.37949,50.93467],[49.32344,50.85171],[49.05869,50.72607],[48.91377,50.64458],[48.8084,50.60132],[48.73477,50.60689],[48.65518,50.61987],[48.6251,50.6127],[48.66602,50.55034],[48.70049,50.35376],[48.74941,50.22847],[48.78477,50.15645],[48.81797,50.09985],[48.84326,50.01314],[48.81025,49.9624],[48.75898,49.92832],[48.6,49.87471],[48.43428,49.82852],[48.33496,49.85825],[48.22481,49.93193],[48.18135,49.97002],[48.06074,50.0936],[47.84961,50.28232],[47.70576,50.37798],[47.59961,50.41357],[47.50361,50.40273],[47.4292,50.35796],[47.37637,50.31812],[47.32647,50.27354],[47.29473,50.21748],[47.29766,50.14023],[47.29522,50.0585],[47.24834,50.00088],[47.12959,49.93906],[46.99199,49.85273],[46.88955,49.69697],[46.82315,49.50225],[46.80205,49.36709],[46.85293,49.30386],[46.95342,49.25259],[47.01816,49.1999],[47.03135,49.15029],[47.01426,49.09834],[46.96221,49.03833],[46.85293,48.96963],[46.70264,48.80557],[46.60918,48.57388],[46.66094,48.41226],[46.85313,48.32358],[47.0043,48.28447],[47.06465,48.23247],[47.11904,48.127],[47.11152,48.02012],[47.09326,47.94771],[47.13076,47.87676],[47.20205,47.79248],[47.29238,47.74092],[47.38731,47.76865],[47.48193,47.80391],[47.6002,47.78999],[47.93467,47.76069],[48.10996,47.74541],[48.16699,47.70879],[48.27568,47.58994],[48.41309,47.45649],[48.55254,47.321],[48.60068,47.26231],[48.71436,47.10049],[48.83184,46.95493],[48.95938,46.77461],[48.95029,46.72578],[48.88359,46.70542],[48.77637,46.71035],[48.69356,46.73682],[48.64707,46.75869],[48.60527,46.76592],[48.5584,46.75713],[48.51856,46.73433],[48.50234,46.69863],[48.50918,46.64995],[48.54121,46.60562],[48.58604,46.5771],[48.61016,46.56646],[48.77432,46.50796],[48.95898,46.44214],[49.18428,46.34883],[49.23223,46.33716],[49.2459,46.2916],[49.12549,46.28174],[49.11065,46.22847],[49.07959,46.18921],[48.80996,46.10049],[48.74258,46.10073],[48.68369,46.08618],[48.68731,46.02876],[48.70342,45.97622],[48.74961,45.92056],[48.72959,45.89683],[48.68965,45.88887],[48.6374,45.90576],[48.58906,45.93486],[48.53731,45.94214],[48.48701,45.93486],[48.25762,45.77778],[48.15918,45.73701],[48.05283,45.721],[47.83018,45.66304],[47.76397,45.66597],[47.70107,45.68618],[47.64981,45.65674],[47.6333,45.58403],[47.57402,45.63428],[47.5084,45.67417],[47.4794,45.6876],[47.46328,45.67969],[47.52422,45.60171],[47.52949,45.53023],[47.51455,45.49092],[47.48867,45.45508],[47.45449,45.43306],[47.41309,45.42105],[47.39111,45.29478],[47.35127,45.21773],[47.29619,45.14946],[47.22148,45.02427],[47.16152,44.96963],[47.11475,44.90596],[47.08379,44.81699],[47.03926,44.83789],[47.00293,44.87607],[46.98369,44.82559],[46.95742,44.78257],[46.84121,44.71826],[46.75527,44.65654],[46.71611,44.56069],[46.70723,44.50332],[46.7209,44.45166],[46.75303,44.42065],[46.91572,44.38716],[47.02363,44.34326],[47.12266,44.26167],[47.22988,44.19238],[47.30703,44.10313],[47.36152,43.99336],[47.4292,43.77988],[47.46279,43.55503],[47.5626,43.83467],[47.64648,43.88462],[47.62783,43.80596],[47.56797,43.68496],[47.50898,43.50972],[47.48984,43.38169],[47.51162,43.27075],[47.51289,43.21875],[47.46318,43.03506],[47.48887,42.99976],[47.529,42.96714],[47.63486,42.90347],[47.70908,42.81094],[47.72773,42.68071],[47.76973,42.64478],[47.82236,42.61348],[48.08018,42.35371],[48.22861,42.18096],[48.30303,42.08023],[48.38379,41.95342],[48.42637,41.92398],[48.47676,41.90513],[48.57285,41.84448],[48.51865,41.77935],[48.43066,41.66333],[48.39141,41.6019],[48.29815,41.54502],[48.14229,41.48477],[48.05606,41.45869],[47.96367,41.33398],[47.86113,41.21274],[47.79102,41.19927],[47.5918,41.21811],[47.52061,41.22905],[47.31768,41.28242],[47.26113,41.31509],[47.20527,41.45562],[47.14258,41.51606],[47.06397,41.55469],[47.01016,41.5875],[46.98779,41.62139],[46.93086,41.67041],[46.82559,41.74341],[46.74932,41.8126],[46.69033,41.83135],[46.61602,41.80693],[46.57129,41.8001],[46.55215,41.81231],[46.5377,41.87041],[46.42988,41.89097],[46.41152,41.90464],[46.26777,41.96035],[46.2127,41.98989],[46.15977,41.99204],[46.04844,42.00874],[45.954,42.0354],[45.91035,42.0707],[45.846,42.10996],[45.72656,42.15889],[45.63857,42.20508],[45.63428,42.23472],[45.68838,42.35737],[45.72754,42.47505],[45.70527,42.4981],[45.65557,42.51768],[45.56289,42.53574],[45.34375,42.52979],[45.2082,42.64824],[45.16025,42.675],[45.07158,42.69414],[44.94336,42.73027],[44.871,42.7564],[44.85049,42.74683],[44.77109,42.6168],[44.6918,42.70962],[44.64434,42.73472],[44.57647,42.74849],[44.50586,42.74863],[44.32949,42.70352],[44.19971,42.65361],[44.10273,42.61636],[44.00469,42.59561],[43.95742,42.56655],[43.82598,42.57153],[43.75986,42.59385],[43.73838,42.61699],[43.7499,42.65752],[43.79541,42.70298],[43.79873,42.72778],[43.78262,42.74702],[43.62305,42.80772],[43.55781,42.84448],[43.34795,42.89668],[43.08916,42.98906],[43.0002,43.04966],[42.9916,43.0915],[42.89004,43.13262],[42.76065,43.16958],[42.66025,43.15908],[42.56602,43.15513],[42.41904,43.22422],[42.27969,43.22808],[42.12227,43.20732],[42.08779,43.19912],[42.05,43.19014],[41.58057,43.21924],[41.46074,43.27632],[41.3582,43.3334],[41.08311,43.37446],[40.94199,43.41807],[40.80166,43.47993],[40.64805,43.53389],[40.51895,43.51201],[40.34228,43.54273],[40.15019,43.56978],[40.08457,43.55313],[40.02373,43.48486],[39.97832,43.41982],[39.87363,43.4728],[39.5167,43.72788],[39.3294,43.89727],[38.71728,44.28809],[38.63584,44.31802],[38.31182,44.37446],[38.18125,44.41968],[37.85146,44.69883],[37.70488,44.66138],[37.57246,44.67085],[37.49512,44.69526],[37.41133,44.73535],[37.35234,44.78838],[37.28408,44.90503],[37.20479,44.97197],[36.94443,45.06958],[36.65078,45.12647],[36.62764,45.15132],[36.61914,45.1855],[36.87305,45.25176],[36.94121,45.2897],[36.81103,45.34004],[36.76162,45.34834],[36.72041,45.37188],[36.79375,45.40972],[36.86592,45.42705],[36.97783,45.38359],[37.10352,45.30288],[37.21357,45.27231],[37.26426,45.31094],[37.64717,45.3772],[37.67295,45.42974],[37.67188,45.48838],[37.63438,45.48633],[37.60996,45.49951],[37.6124,45.5647],[37.66924,45.65405],[37.84092,45.79956],[37.9331,46.00171],[38.01426,46.04775],[38.07383,46.01709],[38.06973,45.96987],[38.07959,45.93481],[38.13281,46.00283],[38.18359,46.09482],[38.31182,46.09536],[38.40039,46.08003],[38.49229,46.09053],[38.31523,46.24194],[38.07773,46.39434],[37.97754,46.38286],[37.91387,46.40649],[37.80957,46.53208],[37.7665,46.63613],[37.86738,46.63379],[37.96797,46.61802],[38.15947,46.69067],[38.22998,46.70127],[38.34346,46.67832],[38.50098,46.66367],[38.48799,46.73218],[38.43867,46.81309],[38.63076,46.87305],[38.80107,46.90615],[39.12676,47.02344],[39.2707,47.04414],[39.28906,47.0709],[39.29346,47.10576],[39.24453,47.19951],[39.1957,47.26885],[39.02373,47.27222],[38.92832,47.17568],[38.66816,47.14395],[38.55244,47.15034],[38.64434,47.21221],[38.73604,47.23584],[38.76191,47.26162],[38.57725,47.23911],[38.48477,47.17554],[38.21435,47.09146],[38.20586,47.1356],[38.20137,47.17524],[38.22119,47.21274],[38.26533,47.23696],[38.28076,47.25903],[38.28076,47.27666],[38.24102,47.2877],[38.20801,47.29653],[38.20137,47.3208],[38.2124,47.34277],[38.24326,47.37368],[38.25654,47.40894],[38.25879,47.47954],[38.2874,47.55918],[38.36885,47.60996],[38.51094,47.62241],[38.64063,47.66592],[38.71895,47.71411],[38.82227,47.83701],[38.90029,47.85513],[39.05781,47.84849],[39.1585,47.8374],[39.39102,47.83374],[39.6585,47.84121],[39.73594,47.84482],[39.77871,47.88755],[39.77578,47.96445],[39.81397,48.0353],[39.88506,48.16836],[39.96104,48.23794],[39.95791,48.2689],[39.91816,48.28193],[39.86631,48.28843],[39.84746,48.30278],[39.8499,48.33193],[39.88984,48.36045],[39.88262,48.41909],[39.85752,48.48423],[39.83565,48.54277],[39.76543,48.57188],[39.64473,48.59121],[39.67041,48.66245],[39.70459,48.73936],[39.75586,48.78208],[39.79287,48.80772],[39.9041,48.79375],[39.98447,48.80737],[40.00361,48.82207],[39.98916,48.85142],[39.86377,48.87798],[39.75332,48.91445],[39.70566,48.95957],[39.68652,49.00791],[39.75947,49.03657],[39.88975,49.06406],[39.97637,49.12983],[40.07002,49.20029],[40.10879,49.25156],[40.12832,49.30723],[40.12617,49.36885],[40.05781,49.43154],[40.05781,49.49707],[40.09492,49.54268],[40.08066,49.57686],[40.03066,49.59673],[39.9585,49.59077],[39.87686,49.56768],[39.78057,49.57202],[39.62656,49.65068],[39.46279,49.72803],[39.36846,49.73066],[39.30293,49.74204],[39.246,49.78193],[39.21182,49.8332],[39.17481,49.85596],[39.11494,49.84175],[39.02773,49.81841],[38.91836,49.82471],[38.77666,49.88433],[38.64775,49.95288],[38.55195,49.95459],[38.45117,49.96406],[38.25859,50.05234],[38.20869,50.05147],[38.17754,50.02539],[38.1627,49.95454],[38.14678,49.9394],[38.1125,49.92783],[38.04688,49.92002],[37.95029,49.96421],[37.7042,50.10908],[37.60508,50.21494],[37.58232,50.29185],[37.50137,50.34072],[37.42285,50.41148],[37.34316,50.41763],[37.25488,50.39497],[37.17109,50.36089],[37.13125,50.35151],[36.98848,50.33955],[36.75908,50.29185],[36.69639,50.24624],[36.61943,50.20923],[36.55967,50.23486],[36.49981,50.28047],[36.36885,50.29683],[36.30606,50.28047],[36.24336,50.31177],[36.18945,50.36782],[36.11641,50.40855],[36.00781,50.41968],[35.89023,50.43711],[35.79619,50.40576],[35.67373,50.346],[35.59111,50.36875],[35.54551,50.43999],[35.48848,50.45991],[35.41162,50.5397],[35.3917,50.61094],[35.41162,50.64224],[35.44014,50.68208],[35.44014,50.72769],[35.41738,50.76758],[35.3832,50.79893],[35.34609,50.9043],[35.31475,50.9499],[35.30908,50.98691],[35.33477,51.02114],[35.31191,51.0439],[35.26914,51.04678],[35.19805,51.0439],[35.15811,51.06099],[35.11533,51.12085],[35.09258,51.18066],[35.06406,51.20342],[34.99023,51.20176],[34.86856,51.18921],[34.76035,51.16934],[34.71231,51.17222],[34.6168,51.20313],[34.49102,51.23706],[34.23418,51.2438],[34.21387,51.25537],[34.22842,51.27686],[34.28066,51.31167],[34.275,51.34019],[34.22988,51.36323],[34.20654,51.41992],[34.20928,51.48408],[34.20088,51.55381],[34.14678,51.60796],[34.11543,51.64497],[34.12109,51.67915],[34.23916,51.69224],[34.3793,51.7165],[34.40273,51.7415],[34.39785,51.78042],[34.11309,51.97964],[34.01533,52.15596],[33.92207,52.25147],[33.81885,52.31563],[33.73525,52.34478],[33.61338,52.33262],[33.45186,52.33379],[33.28711,52.35356],[33.14844,52.34043],[32.89971,52.25635],[32.80644,52.25264],[32.64541,52.2791],[32.50791,52.30855],[32.43545,52.30723],[32.39131,52.29482],[32.36299,52.27212],[32.28281,52.11401],[32.2168,52.08296],[32.12227,52.05059],[32.0416,52.04502],[31.97383,52.04663],[31.87559,52.0709],[31.78242,52.09941],[31.76338,52.10107],[31.75859,52.12583],[31.69063,52.22065],[31.6499,52.26221],[31.60156,52.28481],[31.57734,52.31231],[31.57656,52.42603],[31.58555,52.53247],[31.61592,52.54619],[31.52617,52.63301],[31.51943,52.69873],[31.56348,52.73145],[31.56484,52.75923],[31.53516,52.79824],[31.44277,52.86182],[31.35303,52.93345],[31.29512,52.9898],[31.25879,53.0167],[31.30293,53.06089],[31.36455,53.13897],[31.38838,53.18481],[31.41787,53.19605],[31.56299,53.20249],[31.66826,53.20093],[31.74746,53.18418],[31.77744,53.14688],[31.84971,53.1062],[32.05547,53.08945],[32.14199,53.09116],[32.25068,53.12837],[32.42627,53.2106],[32.46934,53.27031],[32.57803,53.3124],[32.64443,53.32891],[32.7043,53.33633],[32.71025,53.37144],[32.70645,53.41943],[32.68574,53.44815],[32.46963,53.54697],[32.44238,53.57925],[32.4252,53.61729],[32.45098,53.65332],[32.4502,53.69292],[32.20039,53.78125],[31.99219,53.79688],[31.8208,53.79194],[31.7542,53.81045],[31.78301,53.85498],[31.82529,53.93501],[31.83779,54.00078],[31.82598,54.03071],[31.79199,54.05591],[31.62842,54.11118],[31.40361,54.19595],[31.29912,54.2917],[31.24551,54.39165],[31.18477,54.45298],[31.07481,54.4918],[31.08193,54.51709],[31.15488,54.61094],[31.15215,54.62534],[31.12129,54.64849],[30.98418,54.6959],[30.79883,54.78325],[30.79102,54.80601],[30.80449,54.86094],[30.82988,54.91499],[30.8668,54.94072],[30.97773,55.05049],[30.97773,55.08779],[30.95889,55.1376],[30.87744,55.22344],[30.81445,55.27871],[30.81055,55.30698],[30.821,55.33027],[30.86182,55.3604],[30.90059,55.39741],[30.90879,55.52534],[30.90684,55.57002],[30.88223,55.59639],[30.85596,55.60752],[30.80078,55.60112],[30.72168,55.62212],[30.66231,55.65547],[30.62559,55.66626],[30.58672,55.70029],[30.47539,55.7688],[30.45625,55.78682],[30.23359,55.84522],[30.04268,55.83643],[29.93701,55.84526],[29.88164,55.83232],[29.82393,55.79512],[29.74414,55.77041],[29.68457,55.76973],[29.63008,55.75117],[29.48223,55.68457],[29.41299,55.72485],[29.35342,55.78438],[29.37315,55.83472],[29.39795,55.88106],[29.39609,55.91221],[29.375,55.93872],[29.28301,55.96787],[29.0874,56.02114],[29.03174,56.02178],[28.94746,56.0021],[28.79473,55.94258],[28.74082,55.95537],[28.69082,56.00264],[28.63691,56.06177],[28.56397,56.09199],[28.40703,56.08901],[28.39209,56.08672],[28.31631,56.05254],[28.28428,56.05591],[28.14795,56.14292],[28.17334,56.19033],[28.20205,56.2604],[28.1917,56.31558],[28.16924,56.38687],[28.11084,56.51069],[28.10313,56.5457],[28.00752,56.59985],[27.9916,56.64531],[27.94141,56.70371],[27.89209,56.74106],[27.88154,56.82417],[27.84863,56.85342],[27.80606,56.86709],[27.65566,56.84321],[27.63945,56.84565],[27.71113,56.97808],[27.71738,57.05464],[27.76279,57.13511],[27.81455,57.1669],[27.83027,57.19448],[27.83828,57.24771],[27.82861,57.29331],[27.79688,57.31694],[27.67275,57.36812],[27.53867,57.42979],[27.51113,57.50815],[27.46973,57.52402],[27.35195,57.52813],[27.3543,57.55029],[27.37178,57.61255],[27.4,57.6668],[27.49199,57.72495],[27.51475,57.76421],[27.54209,57.79941],[27.75283,57.84102],[27.77695,57.85674],[27.77852,57.8707],[27.76875,57.88413],[27.72197,57.90547],[27.67344,57.93462],[27.64414,58.01392],[27.57109,58.13809],[27.50244,58.22134],[27.48779,58.27007],[27.50557,58.32627],[27.53008,58.38149],[27.53135,58.43525],[27.42705,58.73306],[27.43418,58.78726],[27.46445,58.84131],[27.51309,58.88628],[27.62178,58.94497],[27.75762,59.052],[27.84951,59.19268],[27.89766,59.27764],[27.93818,59.29702],[28.01641,59.30171],[28.04609,59.32783],[28.06133,59.34326],[28.12832,59.35757],[28.15107,59.37441],[28.13301,59.40308],[28.06582,59.45317],[28.0125,59.48428],[28.06397,59.554],[28.04629,59.64717],[28.01397,59.72476],[28.05801,59.78154],[28.13115,59.78652],[28.2125,59.72466],[28.33457,59.69253],[28.42373,59.73408],[28.45391,59.81426],[28.51816,59.84956],[28.60391,59.81807],[28.74766,59.80669],[28.8669,59.81191],[28.94727,59.82876],[28.98154,59.85479],[29.01338,59.90156],[29.0791,59.96099],[29.14727,59.99976],[29.66973,59.95566],[30.12256,59.87358],[30.15684,59.9043],[30.17266,59.95713],[30.05996,60.00259],[29.97676,60.02637],[29.87227,60.12085],[29.72119,60.19531],[29.56934,60.20186],[29.37041,60.17593],[29.06914,60.19146],[28.8127,60.33154],[28.64316,60.37529],[28.52227,60.48296],[28.4916,60.54014],[28.62246,60.4916],[28.64033,60.54287],[28.65059,60.61099],[28.57783,60.65254],[28.51279,60.6773],[28.1793,60.571],[27.79766,60.53613],[28.15195,60.74585],[28.40742,60.89692],[28.45508,60.91963],[28.56816,60.96021],[28.66289,61.00283],[28.73906,61.05874],[28.99297,61.16904],[29.25166,61.28779],[29.49238,61.44424],[29.5794,61.49346],[29.69014,61.54609],[29.9332,61.71157],[30.00996,61.75737],[30.30645,61.96484],[30.47969,62.06821],[30.56563,62.12759],[30.93574,62.32378],[31.18672,62.4814],[31.28565,62.56782],[31.38242,62.69165],[31.43731,62.77612],[31.53398,62.8854],[31.53652,62.92163],[31.50928,62.95532],[31.43701,63.00772],[31.33672,63.06807],[31.24746,63.1419],[31.18086,63.2083],[30.97481,63.30064],[30.65527,63.41748],[30.41856,63.50405],[30.05537,63.68901],[29.9915,63.73516],[30.0041,63.74731],[30.21025,63.80332],[30.41533,63.94751],[30.50391,64.02061],[30.52607,64.0773],[30.52793,64.14111],[30.51377,64.2],[30.48789,64.23652],[30.39063,64.28242],[30.10811,64.36611],[30.0419,64.44336],[29.98662,64.52427],[29.98555,64.55772],[30.12012,64.64463],[30.12617,64.68809],[30.11025,64.73257],[30.07285,64.76504],[29.7832,64.8043],[29.70166,64.84575],[29.6375,64.91177],[29.6042,64.96841],[29.60088,65.00195],[29.62246,65.0395],[29.72002,65.08032],[29.81084,65.10791],[29.82695,65.14507],[29.82617,65.1853],[29.81055,65.20474],[29.62969,65.22388],[29.6124,65.23477],[29.60801,65.24868],[29.61719,65.26533],[29.71484,65.33696],[29.72803,65.47344],[29.81943,65.56875],[29.71592,65.62456],[29.72393,65.63438],[29.88262,65.66362],[30.029,65.6707],[30.09531,65.68169],[30.10273,65.72627],[30.0875,65.78652],[29.93662,66.02295],[29.90342,66.09106],[29.80352,66.17705],[29.7207,66.23486],[29.6709,66.27612],[29.59072,66.35684],[29.54434,66.4397],[29.46436,66.53218],[29.37119,66.61704],[29.29326,66.69551],[29.09307,66.84922],[29.06621,66.89175],[29.06904,66.93022],[29.08701,66.97095],[29.24336,67.09658],[29.3877,67.20142],[29.57227,67.32437],[29.75059,67.42642],[29.94121,67.54746],[29.98809,67.66826],[29.9792,67.68857],[29.82158,67.754],[29.52422,67.9291],[29.34385,68.06187],[29.06299,68.11797],[28.68516,68.1898],[28.56016,68.35137],[28.4707,68.48838],[28.4793,68.53765],[28.75205,68.77144],[28.77764,68.81382],[28.77285,68.84004],[28.74482,68.85644],[28.70596,68.86553],[28.45352,68.87227],[28.41406,68.90415],[28.56602,68.92822],[28.69219,68.96104],[28.89893,69.00967],[28.96582,69.02197],[29.11856,69.04995],[29.1709,69.07153],[29.20996,69.09702],[29.35303,69.27061],[29.38828,69.29815],[29.83272,69.36045],[29.99404,69.39248],[30.08731,69.43286],[30.13184,69.46426],[30.16377,69.50161],[30.18672,69.54277],[30.19648,69.58057],[30.15977,69.62988],[30.18018,69.63584],[30.22754,69.63379],[30.37969,69.58472],[30.61543,69.53257],[30.78887,69.52852],[30.86074,69.53843],[30.89668,69.56123],[30.92246,69.60581],[30.92412,69.65176],[30.86973,69.78345],[31.04951,69.76924],[31.45273,69.6896],[31.54697,69.69692],[31.66621,69.721],[31.78857,69.81577],[31.8794,69.83198],[31.99795,69.80991],[32.03057,69.8353],[31.96934,69.91392],[31.98457,69.95366],[32.3916,69.8687],[32.56543,69.80649],[32.9417,69.75186],[33.00781,69.72212],[33.0126,69.67051],[32.99463,69.62617],[32.91504,69.60171],[32.7543,69.60571],[32.17676,69.67402],[32.0915,69.63257],[32.16133,69.59663],[32.33057,69.55425],[32.37773,69.4791],[32.63682,69.48945],[32.88379,69.46084],[32.99981,69.47012],[33.021,69.44561],[32.9416,69.38335],[32.97891,69.36733],[33.25586,69.42773],[33.38486,69.44429],[33.4543,69.42817],[33.46367,69.37817],[33.41797,69.31528],[33.41299,69.26743],[33.32773,69.15186],[33.19639,69.11685],[33.14121,69.0687],[33.3334,69.09819],[33.43565,69.13037],[33.62705,69.28916],[33.68438,69.31025],[34.22939,69.31314],[34.35273,69.30293],[34.86397,69.22808],[35.00957,69.22124],[35.17588,69.23081],[35.2332,69.26558],[35.28984,69.27544],[35.85791,69.19175],[36.61826,69.00347],[37.73057,68.69214],[38.35762,68.41514],[38.43018,68.35562],[38.65684,68.32188],[38.70557,68.34473],[38.83154,68.3249],[39.56895,68.07173],[39.82334,68.05859],[39.78975,68.11216],[39.74629,68.16221],[39.80928,68.15083],[39.89561,68.1145],[40.03574,68.01538],[40.20664,67.9419],[40.38066,67.83189],[40.52578,67.7897],[40.65654,67.77407],[40.76631,67.74302],[40.96641,67.71348],[41.06094,67.44419],[41.13389,67.38604],[41.13389,67.26694],[41.26172,67.21846],[41.35879,67.20967],[41.3543,67.12144],[41.27559,66.91431],[41.18897,66.82617],[40.52158,66.44663],[40.10332,66.29995],[39.28906,66.13203],[38.65391,66.06904],[38.39756,66.06445],[37.90068,66.09561],[37.62822,66.12959],[37.29482,66.22505],[36.98369,66.27256],[36.76992,66.29356],[36.37344,66.3023],[35.51348,66.3958],[35.36397,66.42866],[34.82461,66.61113],[34.61025,66.55962],[34.48262,66.55034],[34.39609,66.61318],[34.43086,66.62979],[34.45156,66.65122],[34.14609,66.70327],[33.89365,66.70674],[33.75957,66.75098],[33.59541,66.78462],[33.52295,66.76435],[33.48203,66.76455],[33.15019,66.84395],[33.00195,66.9083],[32.84756,67.02153],[32.88525,67.06113],[32.93047,67.08682],[32.3999,67.15269],[31.89531,67.16143],[31.98301,67.12983],[32.20156,67.11323],[32.34063,67.06787],[32.50098,67.00386],[32.46367,66.91631],[32.68643,66.82954],[32.85732,66.74692],[32.8624,66.72139],[32.92871,66.7041],[33.18057,66.67993],[33.22441,66.60386],[33.18291,66.57388],[33.21738,66.53164],[33.40527,66.48428],[33.51768,66.47139],[33.65596,66.44263],[33.59326,66.38457],[33.47695,66.34688],[33.36055,66.32954],[33.41582,66.31563],[33.5667,66.321],[34.1127,66.22524],[34.39981,66.12842],[34.6918,65.95185],[34.78633,65.86455],[34.79316,65.81636],[34.77695,65.76826],[34.73477,65.71631],[34.71553,65.66406],[34.61572,65.50991],[34.54414,65.45669],[34.40645,65.39575],[34.53594,65.27793],[34.67109,65.16812],[34.80352,64.98599],[34.82715,64.9127],[34.83262,64.8002],[34.95225,64.75596],[34.90547,64.73867],[34.8583,64.70669],[34.86953,64.56001],[35.03535,64.44023],[35.28408,64.36255],[35.43203,64.34678],[35.64707,64.37832],[35.80205,64.33535],[36.14648,64.18901],[36.30195,64.03438],[36.36494,64.00283],[36.71377,63.94507],[36.9752,63.90952],[37.37275,63.81675],[37.44219,63.81338],[37.63535,63.89341],[37.96797,63.94912],[38.0708,64.02583],[38.06221,64.09102],[37.97715,64.20703],[37.95371,64.32012],[37.84356,64.36631],[37.74063,64.39697],[37.42959,64.37358],[37.28955,64.37793],[37.18369,64.4085],[37.04043,64.48916],[36.76934,64.68525],[36.62422,64.75054],[36.57871,64.79097],[36.52822,64.84736],[36.53457,64.93862],[36.65293,64.93545],[36.78594,64.98716],[36.88281,65.17236],[37.0502,65.1959],[37.14082,65.19429],[37.52813,65.10825],[38.00938,64.87876],[38.11572,64.85459],[38.22822,64.85122],[38.41211,64.85708],[38.44199,64.82715],[38.54092,64.79126],[38.61309,64.78667],[39.05352,64.71392],[39.56738,64.57056],[39.75801,64.57705],[39.83301,64.6564],[39.84863,64.69053],[40.05781,64.77075],[40.20371,64.78403],[40.40781,64.75488],[40.44492,64.77871],[40.37539,64.89629],[40.28125,64.9981],[40.14268,65.06328],[39.89648,65.25479],[39.79805,65.34985],[39.74912,65.44795],[39.78115,65.53472],[39.8165,65.59795],[40.32783,65.75171],[40.51279,65.8438],[40.6916,65.96343],[40.77441,65.98789],[41.07607,66.02109],[41.47578,66.12344],[41.78086,66.25933],[42.08359,66.46592],[42.21055,66.51968],[42.31367,66.51475],[42.45078,66.48242],[42.60215,66.42251],[42.80654,66.41133],[43.00596,66.42095],[43.2332,66.41553],[43.55088,66.32129],[43.60332,66.29121],[43.65313,66.25098],[43.55039,66.17339],[43.5419,66.12339],[43.62393,66.14673],[43.73701,66.1584],[43.84375,66.14238],[43.94414,66.09868],[44.0167,66.04976],[44.1044,66.00859],[44.13242,66.06455],[44.14531,66.11274],[44.09717,66.23506],[44.2207,66.40708],[44.31641,66.48169],[44.48867,66.67178],[44.43711,66.79463],[44.4293,66.93774],[44.40391,67.0042],[44.2918,67.09966],[44.07441,67.16733],[43.85537,67.18862],[43.78242,67.25449],[43.7957,67.32959],[43.85635,67.43931],[44.03643,67.67065],[44.22539,67.99561],[44.23154,68.07124],[44.21387,68.1126],[44.22647,68.15444],[44.20469,68.25376],[44.16914,68.3271],[43.404,68.60855],[43.35801,68.63579],[43.3332,68.67339],[43.41328,68.68174],[43.47197,68.67983],[44.04805,68.54883],[44.17529,68.54175],[45.07813,68.57817],[45.51943,68.54653],[45.89199,68.47969],[46.1584,68.29136],[46.42969,68.11885],[46.68359,67.97046],[46.69043,67.84883],[46.42891,67.82368],[46.17422,67.81816],[45.52871,67.75757],[45.37412,67.68887],[44.93945,67.47744],[44.90215,67.41314],[44.93945,67.35078],[45.13887,67.28472],[45.56221,67.1856],[45.75254,66.98916],[45.88535,66.89106],[45.98604,66.85313],[46.08398,66.84351],[46.29775,66.84282],[46.44854,66.81899],[46.49238,66.8002],[46.55234,66.81899],[46.69082,66.82554],[47.49648,66.92983],[47.65586,66.97593],[47.70908,67.04502],[47.76807,67.27563],[47.83926,67.35571],[47.9082,67.45469],[47.88262,67.51533],[47.87471,67.58418],[48.27871,67.65039],[48.65381,67.69526],[48.8332,67.68149],[48.87793,67.73135],[48.7627,67.827],[48.6957,67.87422],[48.7543,67.89595],[48.84063,67.86973],[48.95391,67.85381],[49.15527,67.87041],[49.93125,68.06514],[50.2332,68.17534],[50.41406,68.21836],[50.69941,68.31773],[50.83887,68.34995],[51.07852,68.36333],[51.33613,68.40244],[51.6167,68.47632],[51.99473,68.53877],[52.05566,68.54131],[52.12881,68.53203],[52.28535,68.45937],[52.22744,68.4186],[52.1835,68.37427],[52.25918,68.35093],[52.32227,68.3397],[52.39668,68.35171],[52.475,68.38213],[52.66973,68.42676],[52.72266,68.48403],[52.64766,68.50615],[52.5501,68.59243],[52.43506,68.6102],[52.34404,68.60815],[52.68359,68.7312],[53.41289,68.91255],[53.80195,68.9959],[54.18584,69.00332],[54.49121,68.99233],[54.37627,68.96475],[53.87441,68.92661],[53.79766,68.90747],[53.79824,68.88467],[53.91953,68.87124],[53.97061,68.84429],[53.9293,68.81187],[53.89121,68.80151],[53.83389,68.70894],[53.75889,68.63398],[53.91768,68.53696],[53.93086,68.43555],[53.82949,68.38267],[53.69004,68.40254],[53.5667,68.36709],[53.34258,68.34321],[53.29336,68.31167],[53.26055,68.26748],[53.40313,68.25684],[53.51514,68.25967],[53.91367,68.2312],[53.96787,68.22734],[54.09922,68.25903],[54.23291,68.26631],[54.39395,68.2751],[54.47617,68.29414],[54.56123,68.27305],[54.71797,68.18418],[54.86133,68.20185],[54.92305,68.37383],[55.15088,68.48003],[55.41807,68.56782],[55.67529,68.57588],[55.92461,68.63731],[56.04365,68.64888],[56.27568,68.62407],[56.62022,68.61904],[56.90938,68.5667],[57.12686,68.554],[57.44434,68.6415],[58.17305,68.88975],[58.23701,68.83394],[58.35391,68.91621],[58.91895,69.00381],[59.05732,69.00606],[59.05986,68.97256],[59.11016,68.89629],[59.22041,68.84961],[59.37051,68.73838],[59.29834,68.70845],[59.22256,68.69131],[59.11231,68.61631],[59.09902,68.44434],[59.31074,68.40029],[59.6043,68.35112],[59.72568,68.35161],[59.82754,68.38032],[59.85879,68.39605],[59.89736,68.42192],[59.92285,68.47134],[59.94141,68.5105],[59.86514,68.60493],[59.896,68.70635],[60.16025,68.69951],[60.48916,68.72896],[60.6377,68.78701],[60.81514,68.89521],[60.93359,68.98677],[60.85859,69.14551],[60.66455,69.11025],[60.33731,69.45703],[60.17061,69.59092],[60.27647,69.65264],[60.55869,69.69233],[60.81299,69.82114],[60.90908,69.84712],[61.01592,69.85147],[61.77051,69.76304],[62.63125,69.74312],[63.36143,69.67529],[64.19043,69.53467],[64.59219,69.43564],[64.92852,69.32539],[64.89629,69.2478],[65.03154,69.26982],[65.32676,69.20137],[65.52793,69.17344],[65.73574,69.13232],[65.8127,69.077],[66.08477,69.03633],[66.36562,68.96133],[66.41611,68.94785],[66.75645,68.89199],[67.00244,68.87358],[67.14922,68.75396],[67.63965,68.5793],[67.73076,68.51367],[68.15693,68.40366],[68.37119,68.31426],[68.5042,68.34844],[68.82949,68.56743],[69.02432,68.81797],[69.14053,68.95064],[68.92441,68.9562],[68.76289,68.91738],[68.65957,68.92739],[68.54277,68.96709],[68.35508,69.06758],[68.11738,69.23623],[68.07305,69.4208],[68.00586,69.48003],[67.77432,69.52998],[67.62412,69.58442],[67.06445,69.6937],[66.96406,69.65557],[66.93418,69.59668],[66.89668,69.55381],[66.84023,69.60918],[66.804,69.65923],[66.80293,69.74014],[66.83223,69.84219],[66.92637,70.01426],[67.06904,70.00562],[67.14443,70.03062],[67.23926,70.10806],[67.19746,70.17163],[67.14648,70.21992],[67.15684,70.29512],[67.24688,70.5001],[67.28477,70.73872],[67.21152,70.79844],[67.14336,70.83755],[66.82246,70.79736],[66.70225,70.81851],[66.6752,70.8647],[66.66611,70.90059],[66.75879,70.96235],[66.84707,71.06372],[66.69258,71.0417],[66.63965,71.0814],[66.76807,71.13989],[66.91758,71.28237],[67.27422,71.34785],[67.5418,71.41201],[67.95937,71.54839],[68.26924,71.68281],[68.46943,71.85264],[68.60742,72.01274],[68.82969,72.39155],[69.03906,72.66992],[69.39141,72.95552],[69.61182,72.98193],[69.69434,72.97754],[69.70898,72.9564],[69.65879,72.93184],[69.64512,72.89756],[69.73828,72.88496],[69.8875,72.88257],[70.17217,72.90117],[70.65537,72.89038],[71.5002,72.91367],[71.61699,72.9021],[71.92959,72.81968],[72.10098,72.829],[72.44639,72.79033],[72.63379,72.74448],[72.81211,72.69141],[72.7874,72.48296],[72.75293,72.34316],[72.62441,72.07944],[72.57412,72.01255],[72.375,71.82163],[72.27949,71.69551],[72.12969,71.60918],[71.91201,71.54795],[71.88438,71.51138],[71.86729,71.45737],[72.0793,71.30669],[72.58135,71.15112],[72.70449,70.96323],[72.73164,70.82285],[72.7,70.45732],[72.65332,70.40342],[72.56191,70.34556],[72.46943,70.27495],[72.52969,70.17251],[72.59941,69.79321],[72.61562,69.48403],[72.55732,69.37842],[72.52705,69.15425],[72.52734,69.08052],[72.57676,68.9687],[72.67832,68.87485],[72.81191,68.81523],[73.19072,68.70679],[73.54805,68.57451],[73.57344,68.53262],[73.5917,68.48189],[73.46523,68.43076],[73.26641,68.29448],[73.13945,68.18135],[73.1294,68.09092],[73.17305,67.97305],[73.15215,67.86504],[73.0668,67.76694],[72.94873,67.69624],[72.59434,67.58696],[71.84746,67.00762],[71.66816,66.9397],[71.36523,66.96152],[71.44893,66.87896],[71.55117,66.76045],[71.53955,66.68311],[71.34199,66.68672],[71.06563,66.60449],[70.93945,66.54815],[70.7249,66.51943],[70.56143,66.54868],[70.38281,66.60249],[70.40889,66.64761],[70.44258,66.66826],[70.56797,66.70088],[70.69072,66.74531],[70.63076,66.7542],[70.5791,66.75376],[70.44395,66.69731],[70.2834,66.68579],[70.09375,66.75435],[69.94863,66.82998],[69.87715,66.84546],[69.74043,66.8146],[69.21777,66.82861],[69.07871,66.81592],[69.01348,66.78833],[69.05117,66.76636],[69.09111,66.72358],[69.14395,66.64072],[69.19434,66.57866],[69.41201,66.51074],[69.70098,66.48457],[69.98242,66.40142],[70.33945,66.34238],[71.14551,66.36665],[71.35801,66.35942],[71.56563,66.33374],[71.91699,66.24673],[72.06758,66.25332],[72.32158,66.33213],[72.38398,66.50654],[72.41738,66.56079],[73.3416,66.80684],[73.51357,66.86108],[73.79209,66.99531],[73.8833,67.08496],[73.98623,67.32769],[74.07451,67.41411],[74.67607,67.69463],[74.76953,67.76636],[74.78731,67.89751],[74.77822,67.98594],[74.74268,68.07354],[74.63242,68.21831],[74.51123,68.30308],[74.39141,68.4206],[74.48096,68.65889],[74.57959,68.75122],[75.12461,68.86172],[75.58955,68.90117],[76.10752,68.97573],[76.31602,68.9915],[76.45918,68.97827],[76.60576,68.89761],[76.73506,68.7769],[77.11172,68.59619],[77.23848,68.46958],[77.26104,68.31558],[77.24844,67.94102],[77.17441,67.77852],[77.3251,67.73565],[77.39561,67.69868],[77.5792,67.64395],[77.6751,67.5896],[77.77158,67.57026],[77.98555,67.55918],[78.58955,67.57847],[78.92246,67.58911],[78.8876,67.61314],[78.83906,67.6312],[78.55908,67.63911],[78.16123,67.67837],[77.58828,67.7519],[77.52012,67.90962],[77.53594,68.00767],[77.66484,68.19038],[77.75684,68.22236],[77.86826,68.23472],[77.99512,68.25947],[77.95869,68.37705],[77.90684,68.48228],[77.78525,68.63047],[77.65068,68.90303],[77.46631,68.90513],[77.32832,68.95864],[76.64492,69.11738],[76.00098,69.23506],[75.56113,69.25181],[75.42002,69.23862],[75.05352,69.11631],[74.81484,69.09058],[74.3626,69.14458],[73.97744,69.11465],[73.83604,69.14321],[73.77568,69.19824],[73.89092,69.41797],[73.83271,69.50391],[73.66328,69.61709],[73.56016,69.70723],[73.57813,69.80298],[73.83018,70.17568],[73.9374,70.27285],[74.20674,70.44546],[74.34336,70.57871],[74.31094,70.65361],[73.73154,71.0687],[73.57656,71.2165],[73.50723,71.26353],[73.36523,71.31978],[73.15049,71.38521],[73.08623,71.44492],[73.67178,71.84507],[73.93945,71.91475],[74.31123,71.95781],[74.48906,71.99702],[74.8041,72.07739],[74.99219,72.14482],[75.05322,72.19922],[75.08994,72.26314],[75.09707,72.42065],[75.06035,72.54878],[75.00801,72.61943],[74.89687,72.71011],[74.78682,72.81187],[74.86494,72.83843],[74.94219,72.85381],[75.15244,72.85273],[75.36934,72.79663],[75.4749,72.68501],[75.60352,72.58106],[75.60313,72.51216],[75.59141,72.45723],[75.64434,72.38228],[75.69111,72.35],[75.74141,72.29624],[75.69443,72.25352],[75.64434,72.23232],[75.5502,72.1708],[75.39453,71.9832],[75.27383,71.95894],[75.24746,71.81338],[75.50322,71.65464],[75.46855,71.53438],[75.41719,71.49468],[75.28027,71.43008],[75.29805,71.37847],[75.33203,71.34175],[75.73359,71.26592],[76.11045,71.21855],[76.74199,71.20205],[76.929,71.12788],[76.99522,71.18106],[77.58965,71.16792],[78.06826,70.98633],[78.32061,70.93042],[78.52578,70.91182],[78.94219,70.93379],[79.01543,70.95019],[79.08389,71.002],[78.88867,70.99717],[78.80352,70.97354],[78.72393,70.97598],[78.5877,70.9939],[78.49141,71.02539],[78.38652,71.08711],[78.2126,71.26631],[77.9084,71.32407],[77.70664,71.30059],[77.48106,71.31157],[77.11367,71.40938],[76.87119,71.44658],[76.4334,71.55249],[76.31211,71.59546],[76.21572,71.68286],[76.10361,71.829],[76.03242,71.9104],[76.12402,71.92661],[76.42168,72.00601],[76.87139,72.03301],[77.06133,72.0042],[77.55078,71.84209],[77.77754,71.83643],[78.18691,71.90708],[78.23242,71.9523],[78.14082,72.04468],[78.01641,72.09204],[77.78066,72.11431],[77.49287,72.07173],[77.41084,72.10776],[77.43975,72.15654],[77.47158,72.19214],[77.62529,72.20142],[77.7332,72.2292],[77.96816,72.32871],[78.22539,72.37744],[78.48262,72.39497],[79.42207,72.38076],[79.95391,72.22305],[80.47402,72.15313],[80.69922,72.09829],[80.7625,72.08916],[80.81475,72.0543],[80.85606,71.97022],[81.51123,71.74614],[81.66162,71.71597],[82.07988,71.70684],[82.54727,71.75859],[82.75781,71.76411],[82.98613,71.74868],[83.10664,71.72051],[83.23359,71.66816],[83.16553,71.6022],[83.10566,71.56245],[82.97705,71.45137],[82.91797,71.41992],[82.49316,71.29287],[82.32285,71.26001],[82.27695,71.09346],[82.2543,71.0562],[82.23916,70.99771],[82.31602,70.87944],[82.33594,70.80737],[82.2707,70.70674],[82.16318,70.59815],[82.18242,70.51148],[82.22119,70.3957],[82.23584,70.43027],[82.23144,70.48291],[82.2584,70.5436],[82.45166,70.69009],[82.59248,70.88994],[82.73779,70.94209],[82.86914,70.95483],[83.01016,70.89541],[83.05107,70.81523],[83.0584,70.69473],[83.03018,70.58052],[82.91982,70.40742],[82.74248,70.28648],[82.68232,70.21773],[82.76729,70.15405],[82.85654,70.10454],[82.96104,70.08828],[83.08076,70.09302],[83.10957,70.10957],[83.13203,70.15718],[83.09414,70.22109],[83.07383,70.27671],[83.29346,70.32134],[83.49707,70.34526],[83.65986,70.41836],[83.70049,70.46641],[83.73594,70.54648],[83.65127,70.67222],[83.57891,70.76592],[83.33389,70.98853],[83.15127,71.10361],[83.26602,71.27588],[83.45762,71.46753],[83.53105,71.51426],[83.55049,71.54365],[83.57129,71.59439],[83.55352,71.64981],[83.53438,71.68394],[83.34043,71.82754],[83.20029,71.87471],[82.75508,71.90283],[82.64541,71.92524],[82.31914,72.07183],[82.28066,72.10513],[82.20928,72.21118],[82.18359,72.23755],[82.09365,72.26543],[81.79287,72.32661],[81.58623,72.35171],[81.28272,72.35884],[81.09815,72.38975],[80.82705,72.48828],[80.79775,72.51997],[80.71963,72.6479],[80.65625,72.71201],[80.67539,72.75918],[80.77373,72.86079],[80.8416,72.94917],[80.75742,73.02524],[80.63867,73.04917],[80.50967,73.08608],[80.45547,73.15523],[80.42451,73.23115],[80.41894,73.28965],[80.39805,73.35684],[80.4583,73.41372],[80.5959,73.47402],[80.56191,73.51499],[80.5832,73.56846],[81.46885,73.64043],[81.81699,73.65884],[83.54473,73.6665],[83.66699,73.68648],[84.41738,73.72202],[84.73789,73.76284],[85.07744,73.71953],[85.20059,73.72153],[85.44834,73.73462],[85.61143,73.82158],[85.9793,73.85693],[86.59141,73.89429],[86.89297,73.88711],[86.96133,73.86074],[87.02949,73.82417],[86.69766,73.71685],[86.36592,73.61978],[86.09414,73.57832],[85.82705,73.49277],[85.80049,73.45894],[85.79258,73.43833],[85.80244,73.37168],[85.81816,73.32695],[86.09815,73.27261],[86.30791,73.19575],[86.51436,73.14048],[86.67705,73.10679],[86.71504,73.12583],[86.12168,73.30674],[85.9708,73.34707],[85.91006,73.39043],[85.93897,73.45649],[85.99893,73.48584],[86.09238,73.51914],[86.15508,73.53467],[86.37627,73.56885],[87.12012,73.61504],[87.29443,73.70469],[87.36953,73.75591],[87.57119,73.81074],[87.50322,73.83247],[87.3375,73.84605],[87.20967,73.87866],[86.69707,74.19531],[86.57109,74.24375],[86.17783,74.27939],[86.00137,74.31602],[86.18291,74.42305],[86.3958,74.4501],[86.53848,74.44424],[86.66475,74.41426],[86.89795,74.32534],[87.22969,74.36387],[87.10615,74.40356],[86.89424,74.44971],[86.7001,74.52246],[86.42568,74.5855],[86.11611,74.62856],[85.79102,74.64512],[85.88076,74.74023],[86.05889,74.72822],[86.11953,74.75742],[86.20127,74.81621],[86.65147,74.68242],[86.86289,74.71787],[87.0418,74.77886],[87.41934,74.94092],[87.46758,75.01323],[87.2874,75.05254],[87.14072,75.07227],[86.93906,75.06812],[86.92168,75.11279],[87.00596,75.16982],[87.1708,75.19175],[87.67139,75.12959],[88.50371,75.29048],[88.73311,75.36919],[89.31025,75.47012],[89.59512,75.45825],[90.18496,75.59106],[91.00469,75.64956],[91.47949,75.64966],[91.84541,75.72368],[92.40752,75.74966],[92.60254,75.7791],[93.54981,75.8541],[94.0752,75.91289],[94.15635,75.95923],[93.68701,75.92158],[93.57402,75.9563],[93.47549,75.93286],[93.40606,75.90127],[93.17813,75.95898],[93.11631,75.94463],[93.06865,75.91284],[92.98662,75.90269],[92.89043,75.90996],[92.85859,75.97949],[92.97158,76.0751],[93.10488,76.02583],[93.25928,76.09878],[93.35957,76.10073],[93.64844,76.05415],[93.84287,76.10132],[94.10234,76.12358],[94.38828,76.10278],[94.50674,76.10796],[94.57559,76.15176],[95.03848,76.11353],[95.35928,76.1396],[95.57871,76.13731],[95.91992,76.11314],[96.07549,76.08198],[95.98604,76.00967],[95.65332,75.89219],[95.74385,75.87231],[95.93477,75.92603],[96.50859,76.00557],[96.60059,75.98989],[96.5377,75.92163],[96.49707,75.89121],[96.8792,75.93106],[97.20547,76.0187],[97.35068,76.0334],[97.49922,75.98023],[97.6377,76.02905],[97.66982,76.07803],[97.91836,76.08867],[98.02002,76.13369],[98.19463,76.16641],[98.34199,76.18057],[98.66201,76.24268],[98.77129,76.22402],[98.98467,76.20757],[99.18731,76.17764],[99.5627,76.10933],[99.61563,76.08232],[99.66318,76.07803],[99.77041,76.02876],[99.68926,75.95635],[99.60234,75.85205],[99.44219,75.80317],[99.54072,75.79858],[99.60938,75.81128],[99.7375,75.88066],[99.85137,75.93027],[99.82539,76.13594],[99.6168,76.24019],[99.46065,76.2751],[99.09385,76.38433],[98.96953,76.43081],[98.80566,76.48066],[98.86943,76.50957],[99.57627,76.47144],[99.93574,76.48989],[100.32236,76.47915],[100.84375,76.5252],[101.06074,76.47725],[101.31074,76.47891],[101.59775,76.43921],[101.68379,76.4855],[101.21299,76.53569],[101.00264,76.53052],[100.92803,76.55674],[101.00625,76.61509],[101.09932,76.704],[101.0082,76.78135],[100.92041,76.82251],[100.90586,76.90068],[100.98994,76.99048],[101.18574,77.02856],[101.29287,77.10156],[101.51768,77.1981],[102.61016,77.50855],[103.13145,77.62647],[103.33125,77.64106],[103.56074,77.63193],[104.01455,77.73042],[104.18486,77.73047],[104.81426,77.6521],[104.96523,77.59473],[105.30898,77.54922],[105.71025,77.52524],[105.89453,77.48887],[105.9834,77.44761],[106.05957,77.39053],[105.73418,77.352],[105.38457,77.23784],[104.91191,77.17471],[104.32363,77.13267],[104.20244,77.10181],[105.32022,77.09233],[105.6459,77.10068],[105.71201,77.00147],[105.82217,76.99751],[106.14541,77.04531],[106.33867,77.04785],[106.70508,77.01377],[106.78369,77.03179],[106.9416,77.03438],[107.27891,76.99097],[107.42979,76.92656],[107.19023,76.82202],[106.94092,76.73047],[106.63877,76.57339],[106.54551,76.58628],[106.38467,76.58945],[106.41357,76.51226],[106.6832,76.5147],[106.82539,76.48008],[107.15772,76.52407],[107.62422,76.51011],[107.72217,76.52231],[107.90225,76.56968],[107.9499,76.66065],[108.02793,76.71846],[108.18164,76.73784],[108.35205,76.71953],[108.63838,76.72012],[109.36934,76.74922],[109.98115,76.71187],[110.47148,76.7584],[111.11484,76.72305],[111.39248,76.68667],[111.60059,76.62231],[111.78613,76.60356],[111.93867,76.55342],[112.09395,76.48032],[112.0168,76.42056],[111.94268,76.38047],[112.14277,76.42398],[112.29707,76.43467],[112.41328,76.4083],[112.61953,76.38355],[112.68418,76.21885],[112.74258,76.18691],[112.79844,76.12964],[112.72188,76.0772],[112.65625,76.05356],[112.81895,76.05859],[113.04668,76.11411],[113.09404,76.13291],[113.15039,76.17451],[113.06602,76.21523],[112.98799,76.23975],[113.08604,76.25811],[113.27266,76.25166],[113.36553,76.17886],[113.42773,76.11211],[113.56387,75.89165],[113.85723,75.92129],[113.871,75.85601],[113.74873,75.70479],[113.61992,75.59268],[113.56758,75.56841],[113.48594,75.56397],[113.51719,75.62188],[113.46904,75.65669],[113.3916,75.67788],[113.12637,75.69868],[112.6292,75.8354],[112.49668,75.8499],[112.46611,75.84365],[112.45303,75.83018],[112.72959,75.73765],[112.95566,75.57192],[113.16152,75.62051],[113.24297,75.61143],[113.35625,75.53428],[113.55889,75.50205],[113.72617,75.45064],[113.61357,75.29297],[112.9249,75.01504],[112.19199,74.85317],[111.86826,74.74004],[111.29902,74.65845],[110.89277,74.5481],[110.37354,74.46606],[110.22588,74.37866],[109.84033,74.32197],[109.86641,74.29307],[109.91133,74.26133],[109.86387,74.20889],[109.81025,74.16919],[109.51084,74.08882],[109.075,74.03232],[108.19951,73.69409],[107.76543,73.625],[107.27109,73.62104],[107.16699,73.5894],[106.79424,73.37666],[106.6794,73.33066],[106.18867,73.30801],[105.67715,72.95928],[105.39277,72.84102],[105.14395,72.77705],[105.40273,72.78994],[105.7082,72.83667],[106.0667,72.94985],[106.15957,73.002],[106.20879,73.06055],[106.31504,73.1064],[106.47793,73.1394],[107.10879,73.1773],[107.36875,73.16314],[107.75039,73.17315],[108.00127,73.2356],[108.15098,73.25791],[108.28535,73.26587],[108.35147,73.31021],[108.57539,73.31904],[109.08994,73.37842],[109.16563,73.39961],[109.33106,73.48745],[109.63711,73.454],[109.85527,73.47246],[110.42871,73.62891],[110.77334,73.68916],[110.86816,73.73071],[110.79922,73.75977],[110.72236,73.77993],[110.38828,73.72603],[110.09121,73.70855],[109.75273,73.72256],[109.70674,73.74375],[109.66563,73.80024],[109.77412,73.88125],[109.86914,73.93062],[110.08389,73.99438],[110.26143,74.01743],[110.92012,73.9479],[111.05625,73.93936],[111.13086,74.05283],[111.34141,74.04736],[111.55059,74.02852],[111.45996,74.00483],[111.22813,73.96855],[111.29951,73.88486],[111.40039,73.82773],[111.80371,73.74526],[112.14727,73.70894],[112.4,73.71113],[112.79541,73.74609],[112.85596,73.77114],[112.93965,73.83565],[112.83594,73.96206],[112.93496,73.9457],[113.03281,73.91387],[113.18154,73.8374],[113.32686,73.70742],[113.41621,73.64761],[113.36445,73.58276],[113.15693,73.45957],[113.27695,73.3915],[113.49092,73.34609],[113.4876,73.14512],[113.47461,73.04785],[113.36934,72.9419],[113.24736,72.89722],[113.12783,72.83066],[113.1582,72.76948],[113.18613,72.73018],[113.31221,72.65737],[113.66455,72.63452],[113.71191,72.65415],[113.63008,72.6771],[113.39141,72.71104],[113.29815,72.73887],[113.21553,72.80586],[113.31152,72.87832],[113.41748,72.93218],[113.54277,73.05435],[113.58145,73.14224],[113.55889,73.23262],[113.63916,73.27358],[113.76523,73.31797],[113.8293,73.32656],[113.88623,73.3458],[113.79512,73.36743],[113.71133,73.37856],[113.53945,73.43364],[113.51035,73.50498],[113.85693,73.5334],[114.06055,73.58467],[114.81602,73.60718],[115.3377,73.70259],[116.49551,73.67607],[117.30859,73.59917],[118.4502,73.58979],[118.8709,73.53789],[118.91123,73.51836],[118.93643,73.4812],[118.75449,73.4645],[118.45703,73.4644],[118.37656,73.36724],[118.43027,73.24653],[118.96035,73.11729],[119.42529,73.06397],[119.75039,72.9791],[119.92168,72.97134],[120.59795,72.9811],[120.99717,72.93672],[121.3543,72.97085],[121.74785,72.96968],[121.88604,72.96089],[122.02979,72.89722],[122.26016,72.88057],[122.5375,72.87778],[122.69209,72.89082],[122.75195,72.90649],[122.73086,72.9313],[122.50195,72.97065],[122.52676,73.0167],[122.61523,73.02793],[122.99932,72.96465],[123.16035,72.95488],[123.30117,73.00181],[123.40459,73.08565],[123.46162,73.14419],[123.52188,73.1729],[123.57246,73.17734],[123.62227,73.19326],[123.50098,73.26162],[123.38389,73.34731],[123.35527,73.40249],[123.32266,73.43081],[123.30508,73.53291],[123.41621,73.63687],[123.49111,73.66636],[123.79688,73.62676],[123.93389,73.68931],[124.01904,73.71231],[124.38809,73.75483],[124.54121,73.75127],[124.79629,73.71177],[125.61709,73.52061],[125.59854,73.44741],[125.79443,73.46846],[125.88789,73.4981],[126.10742,73.51748],[126.25449,73.54819],[126.296,73.53667],[126.34492,73.5063],[126.30889,73.46367],[126.25742,73.41978],[126.29248,73.39419],[126.33545,73.38877],[126.55254,73.33491],[126.83848,73.43418],[126.95518,73.52822],[127.03135,73.54746],[127.74033,73.48154],[127.95508,73.44556],[127.99688,73.42564],[128.02568,73.39077],[128.1417,73.35239],[128.28145,73.33057],[128.26416,73.30073],[128.25781,73.26748],[128.58701,73.2624],[128.73047,73.2334],[128.88867,73.19023],[128.87168,73.13935],[128.91338,73.1106],[129.05918,73.10752],[129.10059,73.11235],[129.05371,73.04541],[128.85352,72.97261],[128.73525,72.94326],[128.59902,72.89517],[128.67402,72.88589],[129.01728,72.87246],[129.2291,72.77573],[129.25039,72.70518],[129.11758,72.67695],[128.81533,72.58589],[128.6334,72.55015],[128.5085,72.54731],[128.41826,72.53516],[128.54941,72.49585],[129.1166,72.48574],[129.28135,72.4377],[129.41172,72.31548],[129.41064,72.16631],[129.2835,72.09204],[128.93496,72.07949],[128.4752,72.24556],[128.19697,72.30962],[127.80342,72.43403],[127.72607,72.41318],[127.84141,72.30825],[128.02656,72.25],[128.35879,72.08833],[128.91143,71.75532],[129.04014,71.78242],[129.1166,71.82461],[129.1542,71.87866],[129.12158,71.95322],[129.21025,71.91694],[129.2918,71.8502],[129.46084,71.73931],[129.23418,71.74482],[128.94902,71.70757],[128.84326,71.66348],[128.92266,71.60176],[129.13428,71.59287],[129.22451,71.50884],[129.38984,71.40488],[129.76191,71.11953],[130.02598,71.06538],[130.28125,70.94731],[130.53711,70.89253],[130.66846,70.88833],[130.75713,70.96235],[130.83193,70.93589],[130.89805,70.80356],[131.02158,70.74609],[131.15742,70.74219],[131.26826,70.76553],[131.43232,70.82827],[131.56201,70.90103],[131.76904,71.10142],[131.90645,71.20264],[132.03535,71.24404],[131.99082,71.29321],[132.00371,71.3502],[132.09883,71.48398],[132.22764,71.64277],[132.32578,71.72622],[132.56231,71.89531],[132.65391,71.92598],[132.71582,71.87148],[132.76856,71.79873],[132.80361,71.76758],[132.83926,71.75518],[133.13086,71.60669],[133.42617,71.49097],[133.68887,71.43423],[134.10283,71.37896],[134.70273,71.38682],[134.81387,71.4606],[135.02236,71.51504],[135.35938,71.54351],[135.55918,71.61035],[135.88477,71.63057],[136.09033,71.61958],[136.40615,71.57075],[137.11582,71.41567],[137.31543,71.35942],[137.41748,71.29902],[137.65059,71.20815],[137.79785,71.16392],[137.93965,71.1334],[137.9917,71.14273],[137.97373,71.16865],[137.90195,71.19404],[137.84404,71.22681],[138.0127,71.26084],[138.03252,71.28584],[138.09062,71.30742],[138.31406,71.32554],[138.09717,71.35859],[138.02217,71.36343],[137.91836,71.38408],[137.92734,71.42979],[137.9957,71.46353],[138.04834,71.52598],[138.11846,71.56616],[138.23418,71.59634],[138.31807,71.60283],[138.5252,71.56274],[138.67002,71.63481],[138.78018,71.629],[139.00488,71.55606],[139.20938,71.44478],[139.32021,71.44473],[139.63213,71.48926],[139.98418,71.4915],[139.93877,71.55767],[139.69512,71.70044],[139.72295,71.88496],[139.55234,71.92671],[139.35928,71.95137],[139.64023,71.99834],[139.84707,72.14858],[140.01406,72.16211],[140.1877,72.19131],[140.13438,72.20962],[139.61699,72.22568],[139.50527,72.20767],[139.43047,72.16348],[139.17637,72.16348],[139.14502,72.2644],[139.14082,72.32974],[139.47363,72.4665],[139.60117,72.49609],[140.45059,72.49312],[140.70508,72.51895],[141.0793,72.58691],[140.9832,72.63003],[140.97285,72.71699],[140.65234,72.84282],[140.67598,72.87163],[140.7081,72.89004],[140.8082,72.89097],[141.30977,72.85772],[141.51836,72.78867],[142.06143,72.7208],[143.51582,72.69824],[143.68096,72.67319],[144.30391,72.64302],[144.56865,72.60991],[145.19932,72.57022],[145.48574,72.54209],[145.71416,72.49736],[146.0833,72.47139],[146.25293,72.44224],[146.23477,72.34971],[145.46709,72.36206],[145.21289,72.39268],[144.89746,72.39624],[144.77637,72.38228],[144.5876,72.30552],[144.36094,72.26533],[144.16924,72.25879],[144.29492,72.19263],[144.4707,72.17476],[145.03916,72.25986],[146.59414,72.30244],[146.83184,72.29541],[146.80703,72.23657],[146.59922,72.12354],[146.40166,72.0355],[146.11328,71.94497],[146.00586,71.94546],[146.23027,72.1375],[146.13731,72.14648],[146.05147,72.14229],[145.79941,72.22188],[145.75859,72.22588],[145.70967,72.20635],[145.71016,72.17759],[145.66406,72.06699],[145.75674,72.02065],[145.75674,71.94131],[145.40723,71.89014],[145.27119,71.89463],[145.12578,71.92715],[145.06397,71.92607],[145.04688,71.90103],[145.07773,71.85464],[145.07373,71.83086],[145.01787,71.7937],[144.98965,71.75337],[145.07559,71.70737],[145.18857,71.6958],[145.80479,71.74648],[146.07324,71.80835],[146.36797,71.92207],[146.89473,72.19751],[147.12705,72.29204],[147.26182,72.32788],[147.43398,72.34092],[148.40205,72.31196],[148.96484,72.25234],[149.50156,72.16431],[149.76621,72.09126],[149.96309,71.99219],[149.99815,71.95049],[150.0169,71.89565],[149.88106,71.84302],[149.27969,71.82554],[149.04873,71.79575],[148.96533,71.76279],[148.95488,71.74414],[148.92334,71.71465],[148.96816,71.69048],[149.23789,71.68794],[149.49805,71.66401],[149.85713,71.60147],[149.9127,71.58071],[150.02647,71.52134],[150.06084,71.51084],[150.59981,71.52012],[150.63486,71.49888],[150.66777,71.45523],[150.5251,71.38584],[150.38477,71.33882],[150.09766,71.22656],[150.24297,71.26719],[150.82168,71.36289],[150.96777,71.38047],[151.14531,71.37373],[151.58242,71.28696],[151.75977,71.21782],[152.09277,71.02329],[151.99981,71.00249],[151.76201,70.98247],[152.50879,70.83447],[152.79834,70.83565],[153.46065,70.87861],[153.79414,70.87998],[154.41396,70.97446],[155.02949,71.03423],[155.5959,71.03862],[155.89522,71.09551],[156.68457,71.09375],[157.44736,71.07451],[158.03701,71.03926],[158.70215,70.93501],[159.35068,70.79072],[159.72793,70.64966],[159.80469,70.60493],[159.91182,70.5061],[159.95859,70.42363],[160.00645,70.30967],[159.9834,70.22139],[159.88965,70.15879],[159.83145,70.08145],[159.83916,69.98999],[159.7294,69.87022],[159.83252,69.78496],[160.11914,69.72979],[160.73945,69.65518],[160.91074,69.60635],[160.92891,69.45855],[160.98203,69.33447],[161.03555,69.09819],[161.14082,69.03887],[161.30986,68.98228],[161.34062,68.90518],[161.129,68.65386],[160.99668,68.60752],[160.85606,68.53833],[161.10449,68.5625],[161.23018,68.65391],[161.36514,68.823],[161.49531,68.84985],[161.56563,68.90518],[161.56563,69.06397],[161.48008,69.20171],[161.48008,69.3001],[161.53691,69.37954],[161.94512,69.54512],[162.16602,69.61157],[162.37568,69.64907],[162.94463,69.68276],[163.20137,69.71475],[163.49805,69.69326],[163.70527,69.70181],[163.946,69.73516],[164.15957,69.71929],[164.51328,69.60913],[165.76074,69.58442],[165.98047,69.546],[166.82031,69.49956],[166.88438,69.4999],[167.07315,69.55444],[167.62813,69.74033],[167.85684,69.72822],[167.9501,69.69917],[168.04766,69.62564],[168.15,69.57739],[168.22998,69.44702],[168.30303,69.27148],[168.42305,69.2395],[168.5876,69.22837],[168.94619,69.16333],[169.31065,69.07954],[169.41465,68.91963],[169.60986,68.78604],[170.06563,68.79868],[170.5376,68.82539],[170.99541,69.04531],[170.99668,69.13472],[170.88379,69.26362],[170.71416,69.38823],[170.58223,69.58335],[170.16094,69.62656],[170.20117,69.6832],[170.35957,69.75098],[170.50313,69.85654],[170.52539,69.93789],[170.48682,70.10757],[170.86797,70.09605],[171.24668,70.07612],[171.97051,70.00034],[172.55957,69.96836],[172.86924,69.91978],[173.05635,69.86494],[173.27744,69.82383],[173.35332,69.92402],[173.43867,69.94683],[173.7334,69.89111],[173.94805,69.87412],[174.31943,69.88164],[174.78555,69.85566],[175.29561,69.86006],[175.75117,69.90415],[175.92148,69.89531],[176.10752,69.8603],[176.41045,69.76851],[176.92441,69.646],[177.39453,69.61162],[177.93369,69.49561],[178.44277,69.45298],[178.84834,69.38721],[178.90693,69.36211],[178.925,69.32598],[178.95068,69.2958],[179.27266,69.25967],[179.86826,69.01269],[180,68.98345],[180,65.06724],[179.82734,65.03418],[179.65137,64.92095],[179.44824,64.82202],[179.15,64.78159],[178.69844,64.6311],[178.51953,64.60298],[178.28535,64.67227],[177.74863,64.71704],[177.58164,64.77788],[177.33701,64.93135],[177.25186,64.95361],[177.1792,65.01411],[176.88086,65.08193],[176.62481,65.0376],[176.41309,65.07124],[176.34102,65.04731],[176.45215,65.02524],[176.64551,65.00718],[176.94004,65.01602],[177.03731,64.99966],[177.12344,64.94702],[177.22285,64.86167],[177.14824,64.80483],[177.06875,64.78667],[176.83106,64.84922],[176.55664,64.83999],[176.42949,64.85518],[176.06113,64.96089],[175.78115,64.84404],[175.39648,64.78369],[175.09775,64.77686],[174.54883,64.68389],[174.69863,64.68145],[175.09707,64.74663],[175.33066,64.74663],[175.67793,64.78247],[175.85859,64.82529],[175.9459,64.86519],[176.05654,64.90474],[176.16924,64.88477],[176.24697,64.84302],[176.30088,64.78384],[176.35098,64.70513],[176.2832,64.66382],[176.21943,64.64194],[176.14092,64.58584],[176.50762,64.68242],[176.73096,64.62485],[176.84287,64.63379],[177.04981,64.71924],[177.3875,64.77402],[177.42744,64.76338],[177.46719,64.73682],[177.40986,64.5728],[177.43291,64.44448],[177.6875,64.30474],[177.95332,64.22227],[178.04473,64.21958],[178.13057,64.23525],[178.16397,64.30908],[178.22949,64.3644],[178.31299,64.3144],[178.38145,64.26089],[178.47715,64.12788],[178.47481,64.08901],[178.45137,64.01138],[178.53604,63.97564],[178.65029,63.96528],[178.69248,63.84233],[178.73145,63.66709],[178.68135,63.65073],[178.62598,63.65073],[178.44043,63.60557],[178.46611,63.57407],[178.65371,63.55664],[178.70645,63.52153],[178.66885,63.43994],[178.67871,63.4023],[178.74404,63.39478],[178.78672,63.44243],[178.77539,63.51025],[178.79297,63.54033],[178.91856,63.40024],[178.92148,63.34502],[179.02813,63.28242],[179.33232,63.19019],[179.38857,63.14722],[179.40508,63.07773],[179.329,63.05791],[179.25957,63.0083],[179.30215,62.93984],[179.38106,62.88369],[179.51094,62.86279],[179.57051,62.77349],[179.57051,62.6875],[179.47725,62.61309],[179.28867,62.51035],[179.17695,62.46919],[179.13389,62.39644],[179.1207,62.32036],[179.04463,62.32368],[178.96387,62.35527],[178.01924,62.54697],[177.66309,62.58281],[177.35127,62.58745],[177.29258,62.59902],[177.2959,62.64448],[177.31582,62.68525],[177.35967,62.73696],[177.33897,62.78135],[177.29834,62.78423],[177.25869,62.75044],[177.17266,62.75034],[177.09121,62.78955],[177.02354,62.77725],[176.99004,62.72222],[176.96348,62.69326],[176.96475,62.65864],[177.00801,62.62656],[177.18965,62.5916],[177.15947,62.56099],[176.90742,62.53608],[176.70254,62.50576],[176.43652,62.41084],[176.32842,62.34605],[175.61387,62.18438],[175.44199,62.12793],[175.36582,62.12134],[175.26787,62.10239],[175.19238,62.03442],[174.79756,61.93887],[174.71504,61.9479],[174.61055,61.86763],[174.51436,61.82363],[174.28496,61.81753],[174.13887,61.79517],[173.82236,61.6794],[173.62344,61.71606],[173.39072,61.55674],[173.13184,61.40664],[173.05459,61.4062],[172.85654,61.46919],[172.80684,61.43613],[172.83789,61.37559],[172.90801,61.31162],[172.86777,61.29307],[172.78906,61.31069],[172.73066,61.3144],[172.69004,61.29517],[172.69697,61.24932],[172.58477,61.19043],[172.49707,61.18589],[172.39609,61.16738],[172.3624,61.1166],[172.39277,61.06177],[172.21328,60.99785],[172.06729,60.91567],[171.99766,60.90068],[171.91797,60.86411],[171.83057,60.83735],[171.72949,60.84312],[171.48975,60.72573],[170.94932,60.52295],[170.79932,60.49648],[170.6082,60.43491],[170.58975,60.3937],[170.58857,60.34287],[170.51231,60.25952],[170.42344,60.0478],[170.39648,60.00977],[170.35098,59.96553],[170.1541,59.98608],[169.98262,60.06709],[169.92725,60.10425],[169.89756,60.14785],[169.88701,60.21792],[169.8543,60.25024],[169.81475,60.26538],[169.61836,60.43804],[169.27568,60.55664],[169.22676,60.59595],[168.78828,60.56382],[168.67031,60.56289],[168.46279,60.59224],[168.1375,60.57393],[167.746,60.50933],[167.62607,60.46895],[167.22676,60.4063],[166.96406,60.30703],[166.45254,59.94702],[166.33184,59.87241],[166.27305,59.85625],[166.18652,59.84946],[166.14893,59.92207],[166.13604,59.97935],[166.16836,60.08882],[166.22979,60.17832],[166.29248,60.34609],[166.30811,60.41426],[166.35215,60.48481],[166.18018,60.48037],[165.94199,60.35689],[165.58301,60.23648],[165.41582,60.20518],[165.28525,60.13491],[165.19258,60.12476],[165.08457,60.09858],[165.07363,59.94561],[165.01895,59.86074],[164.95371,59.8436],[164.8543,59.84097],[164.7794,59.87422],[164.66973,59.99746],[164.52529,60.06128],[164.44004,60.07271],[164.37686,60.05806],[164.25156,59.97378],[164.11328,59.89756],[164.13506,59.98438],[164.01758,60.01733],[163.91289,60.03706],[163.78008,60.04111],[163.74385,60.02803],[163.69004,59.97842],[163.57432,59.91406],[163.49375,59.88677],[163.40996,59.83496],[163.36484,59.78145],[163.32119,59.70542],[163.26904,59.52002],[163.27285,59.30259],[163.08486,59.1314],[163.01016,59.14829],[162.9749,59.13706],[162.94004,59.11431],[163.0043,59.02017],[162.96982,58.98648],[162.93457,58.96397],[162.84727,58.93926],[162.64336,58.7999],[162.45303,58.70859],[162.1416,58.44741],[162.04922,58.27285],[161.96006,58.0769],[162.00195,57.98096],[162.03965,57.91826],[162.09795,57.87466],[162.19746,57.82915],[162.41143,57.77837],[162.39219,57.74502],[162.39141,57.71724],[162.46699,57.76621],[162.52197,57.9041],[162.6543,57.94824],[162.71836,57.94609],[163.14502,57.83731],[163.22578,57.79038],[163.21387,57.68682],[163.18789,57.6374],[163.10879,57.56484],[162.95703,57.47749],[162.7793,57.35762],[162.76231,57.28408],[162.76152,57.24395],[162.80811,57.10278],[162.81484,57.02339],[162.79111,56.87539],[162.80264,56.81148],[162.8499,56.75684],[162.92207,56.72266],[163.04639,56.74131],[163.16543,56.72549],[163.25654,56.68804],[163.24326,56.56455],[163.29404,56.44771],[163.33555,56.23252],[163.26133,56.17373],[163.18926,56.13701],[163.04736,56.04468],[162.97168,56.03379],[162.84033,56.06563],[162.62813,56.23228],[162.71318,56.33086],[162.89326,56.39946],[162.9752,56.44902],[163.03838,56.52188],[162.94414,56.50806],[162.87764,56.47637],[162.67148,56.49009],[162.58906,56.45493],[162.48867,56.39912],[162.52822,56.26069],[162.46113,56.2355],[162.33408,56.18774],[162.14609,56.12827],[162.08496,56.08965],[161.92402,55.84038],[161.77559,55.65483],[161.72393,55.49614],[161.7294,55.35801],[161.78496,55.20532],[161.82422,55.13892],[161.99609,54.998],[162.08027,54.88613],[162.10557,54.75215],[161.9669,54.68867],[161.72568,54.53296],[161.62481,54.51626],[161.29404,54.52056],[161.12988,54.59824],[160.93555,54.57837],[160.77266,54.54136],[160.51719,54.43086],[160.28887,54.28823],[160.07441,54.18916],[160.01016,54.13086],[159.92178,54.0084],[159.84375,53.78364],[159.8709,53.67266],[159.91426,53.62085],[159.95586,53.5522],[159.89912,53.44771],[159.89766,53.38076],[160.00215,53.2749],[160.0251,53.12959],[159.94746,53.1251],[159.77158,53.22969],[159.58594,53.2377],[159.13613,53.11714],[158.95205,53.04756],[158.74541,52.90894],[158.68369,52.9354],[158.63955,53.0148],[158.56465,53.05],[158.47207,53.03237],[158.43232,52.95742],[158.56016,52.92217],[158.60879,52.87363],[158.53369,52.68843],[158.48076,52.62666],[158.50039,52.4603],[158.49316,52.38315],[158.46348,52.30498],[158.33164,52.09087],[158.10352,51.80962],[157.82324,51.60532],[157.62891,51.53457],[157.53096,51.47988],[157.48984,51.40894],[157.20225,51.21274],[156.84746,51.00659],[156.74775,50.96929],[156.72432,51.04707],[156.71348,51.12412],[156.6708,51.22686],[156.54346,51.31162],[156.52119,51.38027],[156.50039,51.4751],[156.48984,51.91304],[156.37734,52.36655],[156.36475,52.50938],[156.22861,52.62627],[156.1544,52.74727],[156.11035,52.86616],[156.09883,53.00649],[155.9502,53.74429],[155.90488,53.92813],[155.70645,54.52148],[155.62031,54.86455],[155.56387,55.19912],[155.55488,55.34849],[155.64346,55.79356],[155.7166,56.07222],[155.98252,56.69522],[156.02539,56.752],[156.06748,56.78159],[156.5293,57.02119],[156.72842,57.15225],[156.84883,57.29019],[156.97676,57.46631],[156.96357,57.56094],[156.94824,57.61577],[156.8999,57.6769],[156.7916,57.74795],[156.82988,57.77964],[156.87197,57.80366],[156.98574,57.83018],[157.2168,57.77681],[157.45039,57.79927],[157.66641,58.01978],[157.97461,57.98594],[158.21045,58.02529],[158.2752,58.00898],[158.32109,58.08345],[158.44941,58.16284],[158.68701,58.28135],[159.03691,58.42393],[159.21065,58.51943],[159.3084,58.61055],[159.45264,58.69595],[159.5915,58.80366],[159.84736,59.12715],[160.35039,59.39404],[160.54746,59.54736],[160.71143,59.60166],[160.85527,59.62686],[161.21895,59.84561],[161.44932,60.02734],[161.75352,60.1523],[161.846,60.23223],[162.00361,60.42017],[162.06816,60.46641],[162.26631,60.53672],[162.71318,60.65947],[162.97314,60.78291],[163.35234,60.80044],[163.46641,60.84976],[163.58516,60.87715],[163.70996,60.9168],[163.55352,61.02564],[163.58926,61.08438],[163.61963,61.11133],[163.89336,61.24048],[164.00547,61.3438],[163.99209,61.38823],[163.97275,61.41987],[163.8044,61.46138],[163.83711,61.55825],[163.88271,61.64014],[164.01953,61.71069],[164.06797,61.87388],[164.07422,62.04502],[164.20723,62.29224],[164.2875,62.34663],[164.59834,62.47056],[164.6707,62.47378],[164.8877,62.43189],[165.12412,62.41152],[165.2081,62.37398],[165.22568,62.40576],[165.21387,62.44819],[165.28037,62.46299],[165.41738,62.44707],[165.39658,62.4939],[165.04404,62.51699],[164.79238,62.57109],[164.56699,62.67549],[164.41836,62.70464],[164.25566,62.69658],[163.33174,62.55093],[163.28711,62.51143],[163.24424,62.45537],[163.30215,62.373],[163.25801,62.33691],[163.21328,62.31343],[163.16348,62.25957],[163.11846,62.15293],[163.13106,62.0499],[163.01768,61.89106],[163.00928,61.7915],[163.20762,61.73657],[163.25781,61.69946],[163.19785,61.64478],[163.13887,61.61143],[163.08525,61.57056],[163.04727,61.55405],[162.99395,61.54419],[162.92168,61.59771],[162.85596,61.70503],[162.75234,61.71128],[162.71787,61.69512],[162.69902,61.65259],[162.60762,61.65005],[162.50645,61.67012],[162.39258,61.66211],[162.18838,61.54067],[161.03711,60.96289],[160.91504,60.89268],[160.7666,60.75332],[160.48203,60.73984],[160.36816,60.70855],[160.28731,60.66704],[160.17363,60.63843],[160.17734,60.69072],[160.20107,60.72964],[160.22578,60.83154],[160.37891,61.02549],[160.28125,61.04478],[160.18428,61.04766],[160.004,61.00742],[159.88311,60.94341],[159.79043,60.95664],[159.83457,61.01397],[159.94922,61.12861],[159.91396,61.23447],[159.88311,61.2918],[159.93086,61.32393],[160.1627,61.5375],[160.24687,61.64761],[160.31738,61.79336],[160.32148,61.83857],[160.30937,61.89439],[160.23779,61.90386],[160.18252,61.90283],[159.72217,61.7584],[159.55234,61.71948],[159.49629,61.78145],[159.42305,61.80806],[159.29502,61.91416],[159.18926,61.9294],[159.07666,61.92227],[158.82432,61.85024],[158.54717,61.81089],[158.33369,61.82568],[158.15156,61.76484],[158.07012,61.75361],[157.79932,61.79526],[157.46934,61.79893],[157.3707,61.74707],[157.08418,61.67568],[156.8918,61.56519],[156.79063,61.52964],[156.68027,61.48062],[156.62969,61.27246],[156.48262,61.20601],[156.34414,61.15508],[156.05596,60.99561],[155.85332,60.77715],[155.71611,60.68237],[155.42783,60.54985],[154.9708,60.37666],[154.57822,60.09502],[154.44072,59.88379],[154.38984,59.87676],[154.29307,59.83335],[154.2666,59.73037],[154.26885,59.6584],[154.20918,59.60034],[154.1498,59.52852],[154.21289,59.4834],[154.27217,59.47515],[154.35762,59.48145],[154.58252,59.54009],[154.97129,59.44961],[155.1667,59.36016],[155.15303,59.27022],[155.16045,59.19014],[155.0167,59.19561],[154.82373,59.18755],[154.70352,59.14131],[154.45801,59.21655],[154.37598,59.18784],[154.24668,59.10859],[154.01094,59.07554],[153.8917,59.11416],[153.69521,59.22476],[153.36113,59.2148],[153.27295,59.09131],[153.19609,59.09443],[153.07773,59.08189],[152.88223,58.93906],[152.81787,58.92627],[152.57559,58.9541],[152.40068,59.02642],[152.31963,59.03076],[152.16523,58.99702],[152.08789,58.91045],[151.70459,58.8667],[151.32676,58.8751],[151.12109,59.08252],[151.50498,59.16401],[151.7335,59.14668],[151.99004,59.16006],[152.26065,59.22358],[152.16953,59.27793],[152.10449,59.29058],[151.94238,59.28408],[151.79805,59.32324],[151.48574,59.52412],[151.34824,59.56113],[151.17031,59.58325],[151.03359,59.58565],[150.98252,59.57134],[150.91191,59.52305],[150.86328,59.47544],[150.82344,59.46074],[150.72949,59.46914],[150.61523,59.50654],[150.48359,59.49439],[150.53984,59.52495],[150.66729,59.55635],[150.45723,59.59072],[150.32559,59.63887],[150.20254,59.65127],[149.64258,59.77041],[149.42451,59.76099],[149.29043,59.72847],[149.06523,59.63052],[149.12773,59.55879],[149.17539,59.52676],[149.20498,59.48818],[149.13301,59.48052],[148.925,59.475],[148.79707,59.53232],[148.70889,59.44854],[148.74414,59.37354],[148.88965,59.4],[148.96465,59.36914],[148.91406,59.28272],[148.72666,59.25791],[148.49121,59.26231],[148.25742,59.41421],[147.87461,59.38804],[147.68789,59.29067],[147.51445,59.26856],[147.04004,59.36572],[146.80371,59.37295],[146.53721,59.45698],[146.44434,59.43047],[146.27344,59.22148],[146.04951,59.17056],[145.93164,59.19839],[145.8291,59.33032],[145.75645,59.37373],[145.55459,59.41353],[144.4834,59.37627],[144.12344,59.4083],[143.86875,59.41138],[143.52383,59.34365],[143.19219,59.37012],[142.58027,59.24014],[142.33037,59.15264],[142.02539,58.99966],[141.75469,58.74526],[141.60293,58.64902],[141.34707,58.52808],[140.9877,58.41685],[140.79023,58.30347],[140.68496,58.21216],[140.49512,57.86543],[140.44688,57.81367],[140.00234,57.6875],[139.86152,57.54932],[139.80332,57.51416],[139.61924,57.45571],[139.50664,57.3583],[139.44385,57.32969],[139.18164,57.26152],[138.96572,57.08814],[138.66211,56.96553],[138.21777,56.629],[138.18008,56.58853],[138.14063,56.49868],[138.07383,56.43311],[137.6915,56.13936],[137.57295,56.11211],[137.38408,55.97476],[137.18984,55.89229],[137.01211,55.79526],[136.79356,55.69419],[136.46025,55.57671],[136.35117,55.51001],[136.1752,55.35225],[135.75078,55.16065],[135.54063,55.11377],[135.2625,54.94331],[135.23477,54.90322],[135.21152,54.84082],[135.25771,54.73149],[135.32539,54.70742],[135.43779,54.69248],[135.85156,54.58394],[136.23799,54.61406],[136.58027,54.61362],[136.71455,54.62432],[136.79727,54.621],[136.82373,54.56148],[136.82041,54.45234],[136.77041,54.35332],[136.7294,54.06065],[136.68301,53.9313],[136.71885,53.8041],[136.80264,53.78198],[136.88643,53.83936],[137.01875,53.84815],[137.15537,53.82168],[137.25801,54.02524],[137.17246,54.05689],[137.09619,54.12856],[137.1416,54.18223],[137.37773,54.28232],[137.5251,54.29121],[137.66602,54.2833],[137.51318,54.1564],[137.45127,54.13047],[137.40342,54.12354],[137.33926,54.10054],[137.47646,54.02759],[137.62275,53.97046],[137.83477,53.94673],[137.78613,53.90332],[137.64482,53.86582],[137.51699,53.70708],[137.31367,53.63159],[137.22148,53.5792],[137.25371,53.54614],[137.32832,53.53897],[137.73818,53.5603],[137.95049,53.60356],[138.25293,53.72642],[138.37891,53.90928],[138.49355,53.95967],[138.52793,53.95986],[138.56816,53.94717],[138.56914,53.8188],[138.40703,53.67417],[138.29219,53.59243],[138.24971,53.52402],[138.32031,53.5229],[138.45068,53.53701],[138.51094,53.57002],[138.66074,53.74478],[138.69941,53.86973],[138.72168,54.04375],[138.70469,54.14766],[138.71592,54.22266],[138.65723,54.29834],[138.6957,54.32002],[139.10508,54.21782],[139.31973,54.19297],[139.70742,54.27715],[139.79551,54.25645],[139.8584,54.20532],[140.17871,54.05156],[140.2417,54.00103],[140.34707,53.8126],[140.6876,53.59644],[141.00566,53.49458],[141.01504,53.45425],[141.21768,53.33447],[141.37373,53.29277],[141.40205,53.18398],[141.32793,53.09727],[141.18125,53.01528],[140.88731,53.0915],[140.83965,53.08789],[140.87451,53.03984],[141.08682,52.89756],[141.25586,52.84014],[141.26592,52.65259],[141.24502,52.55015],[141.13242,52.43569],[141.16982,52.36841],[141.32969,52.27114],[141.40908,52.23433],[141.48525,52.17852],[141.38555,52.05723],[141.3669,51.92065],[141.2584,51.86069],[141.12939,51.72778],[140.93262,51.61992],[140.83857,51.41416],[140.6877,51.23228],[140.6707,51.05132],[140.6456,50.98677],[140.5209,50.8002],[140.47637,50.546],[140.53545,50.13076],[140.56406,50.10669],[140.62451,50.08242],[140.61328,50.05371],[140.58457,50.03335],[140.4627,49.91148],[140.46455,49.82559],[140.51133,49.76167],[140.51719,49.59614],[140.43105,49.33149],[140.39912,49.2898],[140.36435,49.22085],[140.34863,49.15918],[140.32559,49.12002],[140.30898,49.05391],[140.33369,48.99482],[140.37832,48.96411],[140.22422,48.77285],[140.17061,48.52368],[140.11328,48.42266],[139.99844,48.32378],[139.76074,48.18057],[139.67627,48.08989],[139.52051,47.97529],[139.37266,47.88735],[139.16699,47.63486],[139.00137,47.3833],[138.58682,47.05723],[138.52969,46.97622],[138.50049,46.88984],[138.3918,46.74507],[138.33691,46.54341],[138.21016,46.46294],[138.10635,46.25073],[137.76914,45.92852],[137.68545,45.81836],[137.4252,45.63999],[137.14697,45.39351],[136.80352,45.17114],[136.73721,45.08003],[136.6041,44.97817],[136.46045,44.82212],[136.25117,44.6668],[136.20869,44.56201],[136.14228,44.48911],[135.98701,44.43984],[135.87461,44.37354],[135.5332,43.97148],[135.48906,43.89883],[135.4834,43.83501],[135.26016,43.68462],[135.13106,43.52573],[134.91699,43.42656],[134.6918,43.29058],[134.15645,43.04214],[134.01045,42.94746],[133.70938,42.82993],[133.58672,42.82822],[133.32949,42.76387],[133.15996,42.69697],[133.05937,42.7228],[132.99658,42.80801],[132.92393,42.80527],[132.86357,42.79375],[132.70898,42.87583],[132.57647,42.87158],[132.48135,42.90977],[132.30381,42.8833],[132.33438,43.23867],[132.30957,43.31353],[132.2332,43.24507],[132.02871,43.11895],[131.94727,43.09541],[131.8666,43.09517],[131.89834,43.17075],[132.01309,43.28003],[131.97627,43.29605],[131.93897,43.30195],[131.79473,43.25527],[131.72207,43.20264],[131.51641,42.99644],[131.39326,42.82231],[131.29248,42.77212],[131.24531,42.69741],[131.1583,42.62603],[131.0248,42.64517],[130.9457,42.63394],[130.75615,42.67329],[130.70938,42.6564],[130.83418,42.52295],[130.72988,42.32578],[130.68731,42.30254]]],[[[47.44199,80.85366],[47.89951,80.8127],[48.24326,80.82349],[48.34522,80.81899],[48.4457,80.80601],[48.54736,80.77905],[48.68652,80.71777],[48.68359,80.63325],[48.62549,80.6293],[48.04434,80.66816],[47.77734,80.75625],[47.70527,80.76519],[47.6001,80.74194],[47.51231,80.68794],[47.41416,80.67451],[47.30391,80.6062],[47.19824,80.61494],[47.14492,80.60903],[47.01104,80.56211],[46.67754,80.56133],[46.62393,80.54067],[46.51367,80.47554],[46.37813,80.45679],[46.14141,80.44673],[46.05986,80.48379],[46.02363,80.54087],[45.96904,80.56948],[45.64082,80.53696],[45.38926,80.5603],[45.14922,80.59873],[44.90498,80.61128],[45.12451,80.65225],[46.32744,80.73516],[46.79912,80.75523],[47.02061,80.8144],[47.35234,80.85293],[47.44199,80.85366]]],[[[50.27813,80.92725],[50.43145,80.91089],[50.80107,80.91416],[50.91768,80.89043],[51.45479,80.74468],[51.59102,80.74077],[51.70361,80.68765],[51.14619,80.60396],[50.96084,80.54048],[50.27969,80.52734],[49.846,80.49766],[49.74981,80.47207],[49.79414,80.42534],[49.58594,80.37656],[48.89609,80.36919],[48.81104,80.35371],[48.67705,80.30005],[48.68897,80.29028],[48.92197,80.27681],[48.95957,80.26567],[48.99082,80.24238],[49.01074,80.20742],[48.97754,80.1626],[48.8919,80.15532],[48.79736,80.16113],[48.58174,80.19536],[48.55459,80.1833],[48.53262,80.15825],[48.4668,80.11011],[48.38623,80.0958],[48.16719,80.13276],[48.0959,80.12231],[48.02578,80.09946],[47.93994,80.08862],[47.73731,80.08169],[47.63242,80.11196],[47.72315,80.15137],[47.97754,80.21255],[47.89297,80.23926],[47.64238,80.24531],[47.44434,80.23013],[47.34307,80.18853],[47.24863,80.18022],[46.99102,80.18276],[46.8459,80.23721],[46.73818,80.25767],[46.64443,80.30034],[47.40293,80.44478],[47.65606,80.50054],[47.8958,80.52905],[48.2082,80.5439],[48.30615,80.56157],[48.40264,80.5688],[48.46475,80.55806],[48.6251,80.5083],[49.08779,80.51577],[49.18525,80.55864],[49.19268,80.65601],[49.14746,80.71211],[49.24434,80.82139],[49.50781,80.86533],[50.12432,80.92388],[50.27813,80.92725]]],[[[67.76533,76.2376],[67.36523,76.16128],[67.12695,76.10815],[66.89316,76.07227],[66.65742,76.04702],[66.28242,75.98369],[65.61914,75.90464],[65.20156,75.83945],[64.74453,75.78823],[64.2626,75.71968],[63.7793,75.67261],[63.65947,75.66875],[63.3167,75.60308],[63.046,75.57573],[62.06611,75.42773],[61.61621,75.31963],[61.48652,75.31084],[61.35596,75.31484],[61.24883,75.28101],[61.14727,75.22256],[60.93565,75.16367],[60.8292,75.11084],[60.71924,75.0686],[60.65537,75.05503],[60.53379,75.05928],[60.47559,75.05474],[60.27686,75.00757],[60.24111,74.97075],[60.45488,74.94614],[60.50137,74.90464],[60.43916,74.87534],[60.30078,74.83701],[60.22246,74.79658],[60.08008,74.75586],[59.98232,74.74463],[59.74727,74.7459],[59.73467,74.69546],[59.77148,74.66445],[59.75273,74.63701],[59.67402,74.61016],[59.596,74.61372],[59.24014,74.69297],[59.18203,74.66577],[59.15703,74.61084],[59.14609,74.5519],[59.10098,74.50752],[59.04043,74.48555],[58.92822,74.4627],[58.53467,74.49893],[58.50215,74.46421],[58.56201,74.42183],[58.6457,74.32803],[58.66504,74.28926],[58.61787,74.22739],[58.44141,74.12886],[57.76738,74.01382],[57.77842,73.97393],[57.85342,73.89785],[57.87227,73.85044],[57.84492,73.80508],[57.75596,73.76919],[57.65742,73.76816],[57.60371,73.77549],[57.44854,73.82564],[57.31309,73.83804],[57.29092,73.81455],[57.46426,73.74604],[57.54258,73.6582],[57.45977,73.6103],[57.13438,73.5044],[56.96387,73.36655],[56.63418,73.3043],[56.43037,73.29722],[56.22832,73.31411],[56.03457,73.3459],[55.54922,73.35684],[55.28018,73.39204],[55.00684,73.45386],[54.76865,73.44941],[54.56582,73.41851],[54.2999,73.35098],[54.13154,73.48101],[54.20459,73.54204],[53.83867,73.69712],[53.76289,73.76616],[53.85137,73.80054],[53.96348,73.82231],[54.17402,73.88574],[54.38633,73.93564],[54.60566,73.95132],[54.64268,73.95957],[54.7334,74.03398],[54.83125,74.09575],[54.92031,74.1291],[55.02285,74.18662],[55.34092,74.41963],[55.41641,74.43613],[56.07832,74.4813],[56.13711,74.49609],[55.94746,74.54219],[55.75176,74.54121],[55.66152,74.5561],[55.61035,74.59053],[55.58223,74.62769],[55.65967,74.6563],[55.91367,74.79609],[56.21787,74.89751],[56.49873,74.95708],[56.42852,74.97295],[56.34004,75.01348],[55.99805,75.00337],[55.86318,75.05874],[55.82119,75.09063],[55.81006,75.1249],[55.9207,75.16836],[56.03555,75.19424],[56.16221,75.18657],[56.28867,75.16431],[56.38906,75.13818],[56.48525,75.09609],[56.57031,75.09775],[56.87627,75.24438],[56.8293,75.27773],[56.80947,75.32842],[56.84443,75.35142],[56.98945,75.3751],[57.0875,75.38384],[57.30176,75.37324],[57.60684,75.34126],[57.63154,75.35644],[57.7082,75.45449],[57.7834,75.50669],[58.09365,75.59253],[58.07256,75.61899],[58.0583,75.66309],[58.41836,75.71978],[58.65273,75.77681],[58.88125,75.85479],[58.99473,75.87173],[59.11045,75.87373],[59.34658,75.90703],[59.78193,75.94585],[60.03613,75.98384],[60.11816,76.06655],[60.2793,76.09624],[60.60615,76.10864],[60.73057,76.10405],[60.80117,76.0688],[60.94219,76.07129],[60.99775,76.08926],[61.05391,76.11987],[61.03691,76.16904],[61.03438,76.23296],[61.15693,76.27354],[61.20166,76.28203],[61.56943,76.29849],[61.78711,76.29102],[62.23731,76.2416],[62.47109,76.23047],[62.78203,76.24522],[62.97148,76.23667],[63.52617,76.30952],[64.46348,76.37817],[64.70762,76.42603],[64.95,76.48433],[65.07285,76.49673],[65.19717,76.49966],[65.30977,76.51792],[65.52842,76.56782],[65.63691,76.57866],[65.75518,76.5793],[65.86289,76.61333],[65.95889,76.68794],[66.06299,76.74609],[66.34522,76.82105],[66.82881,76.92383],[67.26367,76.96377],[67.53496,77.00776],[67.65186,77.01157],[68.01729,76.99062],[68.48574,76.93369],[68.69912,76.87065],[68.87334,76.7896],[68.91172,76.76055],[68.9417,76.70767],[68.89053,76.65972],[68.85801,76.6105],[68.89981,76.57295],[68.55859,76.44941],[68.22236,76.31348],[68.16543,76.28486],[67.76533,76.2376]]],[[[55.31982,73.3083],[55.78731,73.2686],[56.1377,73.25615],[56.35049,73.22554],[56.42959,73.20117],[56.39746,73.13916],[56.33467,73.11367],[56.18897,73.03301],[56.16699,72.9832],[56.19287,72.90498],[56.17051,72.8481],[56.12168,72.80659],[56.08379,72.7894],[55.81973,72.7895],[55.72344,72.76641],[55.71846,72.72153],[55.70098,72.67173],[55.61641,72.59907],[55.44131,72.57539],[55.40332,72.54907],[55.4169,72.50132],[55.35596,72.46509],[55.35957,72.40869],[55.39043,72.37783],[55.39912,72.31362],[55.51807,72.22065],[55.49492,72.18232],[55.40332,72.10689],[55.375,72.01489],[55.29785,71.93535],[55.47109,71.86924],[55.54668,71.78335],[55.61367,71.68989],[55.81934,71.50757],[56.04316,71.34561],[56.4544,71.10737],[56.89482,70.927],[57.06563,70.87603],[57.48359,70.79229],[57.55645,70.76582],[57.62539,70.72881],[57.44717,70.66104],[57.26367,70.63604],[57.24697,70.60513],[57.1459,70.58911],[56.64883,70.64653],[56.62168,70.65537],[56.56865,70.69746],[56.51006,70.72881],[56.38574,70.73413],[56.26006,70.71475],[56.33477,70.67671],[56.41719,70.66494],[56.56133,70.59355],[56.49971,70.56641],[56.43457,70.56299],[56.14248,70.65786],[56.11475,70.64614],[56.08711,70.61836],[55.9416,70.64927],[55.90723,70.62632],[55.79688,70.61558],[55.70674,70.6419],[55.70645,70.67524],[55.68731,70.69219],[55.23691,70.66602],[55.05166,70.66675],[54.86709,70.67812],[54.64512,70.74185],[54.6082,70.71323],[54.60117,70.68008],[54.51738,70.69331],[54.33262,70.74468],[54.19941,70.76489],[53.72236,70.81445],[53.38359,70.87354],[53.46777,70.90059],[53.61357,70.91465],[53.61563,70.95083],[53.59258,71.00068],[53.58779,71.0523],[53.67051,71.08691],[53.85703,71.07041],[53.83428,71.12671],[53.92227,71.1376],[54.09395,71.10523],[54.15566,71.12549],[53.88613,71.19629],[53.59082,71.29668],[53.62217,71.33276],[53.51523,71.34253],[53.40996,71.34014],[53.31904,71.39917],[53.33252,71.47725],[53.41162,71.53013],[53.36387,71.54165],[52.90898,71.49502],[52.67871,71.50566],[52.41885,71.53687],[52.17998,71.49023],[51.93789,71.47471],[51.8126,71.49131],[51.6916,71.52515],[51.59043,71.57114],[51.51133,71.6481],[51.43867,71.77681],[51.42861,71.82554],[51.44356,71.93438],[51.48223,71.97979],[51.58252,72.07119],[51.65313,72.09937],[51.80547,72.14214],[51.88545,72.15322],[52.06865,72.13115],[52.25205,72.12974],[52.33232,72.15396],[52.40674,72.19673],[52.46191,72.25234],[52.58613,72.28403],[52.62207,72.30098],[52.66191,72.33687],[52.70576,72.39097],[52.71387,72.43696],[52.74873,72.48296],[52.86367,72.54985],[52.82324,72.59126],[52.83906,72.61929],[52.9166,72.6689],[52.68311,72.68232],[52.60498,72.70405],[52.52852,72.73735],[52.55059,72.76856],[52.5793,72.79136],[52.81221,72.87524],[52.91318,72.89995],[53.02422,72.91357],[53.13496,72.91323],[53.25352,72.90376],[53.36982,72.91675],[53.24727,72.97315],[53.23711,73.01118],[53.18897,73.104],[53.19795,73.14756],[53.25117,73.18296],[53.35762,73.22456],[53.51221,73.23838],[53.63369,73.26025],[53.75322,73.29326],[53.86563,73.29898],[54.09102,73.27647],[54.20234,73.28135],[54.32764,73.29946],[54.67607,73.37002],[54.80391,73.38765],[54.94063,73.38325],[55.12139,73.35684],[55.31982,73.3083]]],[[[96.52656,81.07559],[96.56309,81.03008],[96.69326,80.99419],[96.75498,80.95786],[97.41367,80.84185],[97.70303,80.82671],[97.83184,80.79829],[97.86992,80.76328],[97.85645,80.6981],[97.74717,80.69868],[97.66543,80.67808],[97.22139,80.65244],[97.11309,80.61406],[97.02539,80.53555],[97.07256,80.51987],[97.11504,80.49658],[97.2502,80.36299],[97.28682,80.34253],[97.41699,80.32315],[97.29844,80.27275],[97.1752,80.24102],[95.85576,80.17695],[94.96133,80.15039],[94.66123,80.1228],[94.56504,80.12607],[94.32842,80.07603],[93.87236,80.01011],[93.65469,80.00962],[93.00234,80.1021],[92.20156,80.1793],[92.09219,80.22334],[91.8916,80.24927],[91.6374,80.26992],[91.52383,80.35855],[91.68779,80.41851],[91.89668,80.47754],[92.24668,80.49912],[92.57793,80.53325],[92.82676,80.61856],[92.98106,80.70298],[93.2625,80.79126],[92.77295,80.76865],[92.59258,80.78086],[92.61016,80.81001],[92.71035,80.87217],[92.76465,80.89307],[92.93867,80.92583],[93.06514,80.98848],[93.35869,81.03169],[93.49736,81.03921],[93.63672,81.03814],[93.88887,81.0584],[94.14014,81.08945],[94.37549,81.10737],[94.61162,81.11465],[94.83789,81.1394],[95.06094,81.18809],[95.15957,81.271],[95.80068,81.28047],[95.90195,81.2606],[95.98398,81.21143],[96.0752,81.19277],[96.18691,81.18394],[96.47109,81.09927],[96.52656,81.07559]]],[[[97.67451,80.15825],[97.90361,80.09502],[98.01777,80.02285],[97.90674,80.00376],[97.80791,79.9563],[97.75996,79.89585],[97.62695,79.85044],[97.59131,79.77495],[97.65166,79.76065],[97.72451,79.7814],[97.8707,79.85264],[98.06455,79.90107],[98.27324,79.87412],[98.35313,79.88433],[98.49902,79.95313],[98.47188,80.00913],[98.53184,80.0436],[98.59648,80.0522],[98.86592,80.04541],[99.29492,80.01636],[99.3707,79.98638],[99.47305,79.97017],[99.53613,79.94131],[99.72656,79.91992],[99.81836,79.89819],[99.94658,79.84898],[100.06123,79.7771],[99.91582,79.73833],[99.83926,79.66894],[99.80547,79.65308],[99.78164,79.62827],[99.77109,79.56773],[99.74883,79.51519],[99.72119,79.49185],[99.70625,79.46348],[99.72158,79.38511],[99.68066,79.32334],[99.53731,79.27656],[99.38779,79.27476],[99.16709,79.3063],[99.1044,79.30537],[99.0418,79.29302],[99.31738,79.2272],[99.51729,79.13018],[99.75078,79.10767],[99.81465,79.09585],[99.89961,79.0064],[99.9293,78.96143],[99.54082,78.85273],[99.43955,78.83423],[98.81953,78.81826],[98.41113,78.78779],[98.28252,78.79502],[98.0542,78.821],[97.90518,78.81021],[97.68857,78.82734],[97.55547,78.82656],[97.24815,78.86802],[96.93291,78.93394],[96.87119,78.96382],[96.80781,78.98496],[96.42998,79.00303],[96.34736,79.01587],[95.79648,79.00142],[95.70283,79.01201],[95.53106,79.0981],[95.43691,79.09932],[95.1332,79.04961],[95.02041,79.05269],[94.79102,79.08662],[94.65234,79.12749],[94.63164,79.14087],[94.61973,79.19238],[94.48213,79.2186],[94.31377,79.30752],[94.21875,79.40234],[93.75859,79.45142],[93.47871,79.46274],[93.27227,79.4584],[93.0708,79.49531],[93.40469,79.63159],[93.84727,79.70166],[94.03818,79.75601],[94.25713,79.82974],[94.34727,79.94194],[94.71943,80.01123],[94.81504,80.03481],[94.94678,80.08926],[94.98731,80.09683],[95.28135,80.03052],[95.33799,80.04214],[95.39072,80.0728],[95.49756,80.10562],[95.85781,80.11001],[96.1625,80.09683],[96.27734,80.11006],[96.4166,80.10435],[97.12051,80.15303],[97.58682,80.16826],[97.67451,80.15825]]],[[[102.88477,79.25396],[102.78731,79.17642],[102.7458,79.10606],[102.44785,78.87666],[102.41231,78.83545],[102.58731,78.87129],[102.74766,78.94956],[102.84482,79.01435],[102.95039,79.05576],[103.07568,79.05649],[103.19912,79.07129],[103.4334,79.12612],[103.67285,79.15],[103.80078,79.14927],[103.92568,79.12324],[104.004,79.06255],[104.09111,79.01318],[104.4042,78.9771],[104.44922,78.96392],[104.47695,78.92334],[104.45205,78.88003],[104.6332,78.83516],[104.88106,78.85488],[105.01465,78.84331],[105.146,78.81885],[105.20459,78.77993],[105.25606,78.73301],[105.31016,78.66616],[105.34268,78.59395],[105.3126,78.4999],[104.83262,78.35273],[104.7418,78.33975],[104.51943,78.34922],[104.29746,78.33506],[103.71934,78.25825],[103.00313,78.25586],[102.79668,78.18789],[102.73438,78.18989],[102.67315,78.20171],[102.61719,78.22461],[102.18047,78.20532],[101.69238,78.19434],[101.2041,78.19194],[101.03994,78.14297],[100.54121,78.04751],[100.08223,77.975],[99.84502,77.95684],[99.50029,77.97607],[99.3917,78.00068],[99.28711,78.03809],[99.43867,78.08394],[99.54561,78.17856],[99.67793,78.2335],[100.01895,78.33892],[100.05752,78.38037],[100.12354,78.47046],[100.16299,78.50396],[100.21504,78.53579],[100.25723,78.57383],[100.2627,78.63149],[100.28398,78.6792],[100.41641,78.75317],[100.51563,78.78779],[100.61963,78.79741],[100.87559,78.78359],[100.95576,78.78848],[100.89795,78.81245],[100.85625,78.89775],[100.86455,78.92583],[100.90137,78.98008],[100.96543,79.00654],[101.03086,79.02329],[101.06816,79.09624],[101.05225,79.12324],[101.14883,79.15689],[101.19609,79.20444],[101.31045,79.23262],[101.54307,79.25444],[101.55527,79.31265],[101.59063,79.35044],[101.64336,79.36138],[101.76133,79.37197],[101.82422,79.37022],[101.91211,79.31162],[102.00527,79.26367],[102.12852,79.25249],[102.25127,79.25606],[102.17725,79.3126],[102.18066,79.37339],[102.2251,79.41294],[102.28242,79.43008],[102.40488,79.4332],[102.78984,79.39214],[103.0416,79.33154],[103.09795,79.29912],[103.05244,79.28252],[102.93965,79.27119],[102.88477,79.25396]]],[[[140.04873,75.82895],[140.15215,75.80981],[140.27441,75.82241],[140.38906,75.79585],[140.49629,75.6898],[140.54668,75.66318],[140.60215,75.64395],[140.65674,75.63413],[140.81592,75.63071],[140.88926,75.652],[140.94414,75.70049],[140.94043,75.74951],[140.92656,75.79893],[140.92578,75.86685],[140.95029,75.92734],[140.98535,75.9645],[141.03262,75.98896],[141.29932,76.06377],[141.48545,76.13716],[141.74229,76.10806],[142.00147,76.04356],[142.46035,75.90361],[142.66953,75.86343],[142.92676,75.8269],[143.18516,75.81362],[143.31113,75.82231],[143.55996,75.8604],[143.68584,75.86367],[145.25527,75.5856],[145.30977,75.56406],[145.35996,75.53047],[145.02344,75.48975],[144.80313,75.41606],[144.72676,75.36558],[144.81426,75.32451],[144.8835,75.26895],[144.40781,75.1023],[144.21602,75.05918],[144.01973,75.04468],[143.62588,75.08398],[143.39609,75.08286],[143.17031,75.1169],[142.92207,75.21743],[142.82012,75.26782],[142.72949,75.33765],[142.69961,75.44888],[142.73447,75.54458],[142.86758,75.57178],[142.98603,75.63325],[143.00244,75.65986],[142.9418,75.71328],[142.55156,75.7209],[142.30791,75.6917],[142.08623,75.66065],[142.15107,75.45757],[142.19883,75.39268],[142.26475,75.34614],[142.6168,75.13325],[142.69697,75.10308],[142.92969,75.0624],[143.12793,74.97031],[142.77822,74.86777],[142.62607,74.8374],[142.47275,74.82041],[142.37842,74.82856],[142.2874,74.8499],[142.18418,74.89961],[142.1,74.95098],[141.98731,74.99126],[141.74844,74.98257],[141.52998,74.94717],[141.31045,74.92319],[140.66074,74.88184],[140.46387,74.85606],[140.26787,74.84692],[140.01104,74.89478],[139.7582,74.96377],[139.68125,74.96406],[139.60586,74.94561],[139.54805,74.90405],[139.51231,74.83779],[139.43008,74.74922],[139.32559,74.68682],[139.21533,74.65967],[139.09912,74.65654],[138.98174,74.67368],[138.86563,74.70093],[138.09229,74.79746],[138.00137,74.827],[137.91504,74.87085],[137.68301,75.00855],[137.56807,75.04058],[137.44697,75.0542],[137.21797,75.12373],[137.00625,75.23501],[136.9623,75.27036],[136.94766,75.32554],[136.98242,75.36533],[137.16602,75.34658],[137.28975,75.34863],[137.21523,75.5544],[137.26885,75.74941],[137.3585,75.78164],[137.70654,75.75957],[137.59356,75.82339],[137.50117,75.90967],[137.56055,75.95523],[137.62539,75.98818],[137.77441,76.01567],[137.97705,76.02778],[138.03867,76.04727],[138.096,76.08052],[138.20762,76.11494],[138.43066,76.13008],[138.81397,76.19971],[138.91953,76.19673],[139.01758,76.16011],[139.10918,76.10835],[139.21133,76.08071],[139.52852,76.01343],[139.74336,75.95308],[140.04873,75.82895]]],[[[146.79522,75.37075],[147.06035,75.36431],[147.44356,75.43799],[147.49697,75.44053],[148.43242,75.41353],[148.50889,75.38745],[148.51885,75.33647],[148.48916,75.30938],[148.475,75.27241],[148.59014,75.23638],[148.89219,75.22813],[149.0832,75.26206],[149.64531,75.24458],[150.10391,75.21924],[150.28066,75.16401],[150.41719,75.13433],[150.53057,75.09985],[150.61289,75.12017],[150.69033,75.15532],[150.75693,75.1624],[150.82236,75.15654],[150.64629,74.94458],[150.58027,74.91894],[150.33125,74.8668],[149.83809,74.79531],[149.59688,74.77261],[149.0502,74.77246],[148.29688,74.80044],[148.09238,74.82568],[147.97188,74.85732],[147.74092,74.93198],[147.62686,74.95894],[147.25703,74.98428],[147.14404,74.99844],[146.9249,75.0625],[146.70332,75.11421],[146.14854,75.19829],[146.18613,75.29556],[146.25762,75.39375],[146.34297,75.48091],[146.43848,75.5582],[146.5375,75.58179],[146.75098,75.51045],[146.74824,75.42866],[146.79522,75.37075]]],[[[178.86152,70.82642],[178.79258,70.82207],[178.64824,71.00059],[178.62832,71.04736],[178.68389,71.10566],[178.829,71.17788],[178.89111,71.2311],[179.23506,71.32451],[179.54766,71.44766],[179.71592,71.46621],[179.88643,71.52334],[180,71.53774],[180,70.99302],[179.88135,70.97568],[179.64766,70.89893],[179.15254,70.88027],[178.86152,70.82642]]],[[[142.76104,54.39395],[142.97617,54.14097],[142.98594,54.08569],[142.96709,54.02881],[142.92656,53.95562],[142.91143,53.87837],[142.93643,53.81094],[142.91797,53.79424],[143.09551,53.48867],[143.22363,53.29605],[143.25996,53.21729],[143.28789,53.13438],[143.32471,52.96309],[143.33262,52.70005],[143.32363,52.61357],[143.29512,52.52915],[143.26426,52.47866],[143.20098,52.44292],[143.17227,52.34937],[143.15557,52.08374],[143.19063,51.94448],[143.25059,51.8479],[143.29473,51.74434],[143.29951,51.63237],[143.32051,51.58325],[143.41777,51.52061],[143.45547,51.47148],[143.46738,51.4019],[143.47295,51.29922],[143.48877,51.27705],[143.53418,51.24629],[143.73603,50.50674],[143.81602,50.28262],[144.04795,49.89575],[144.14131,49.66148],[144.19961,49.54976],[144.23994,49.43203],[144.27207,49.31133],[144.34121,49.18052],[144.43174,49.05107],[144.60684,48.93584],[144.68555,48.87124],[144.70664,48.81953],[144.71377,48.64028],[144.67266,48.67856],[144.621,48.81484],[144.53633,48.89356],[144.41182,48.98638],[144.28379,49.06978],[144.12549,49.20855],[144.04873,49.24917],[143.96777,49.27632],[143.81914,49.30859],[143.73232,49.31201],[143.38223,49.29067],[143.23633,49.26284],[143.10498,49.19883],[143.02686,49.10542],[142.97168,48.91777],[142.65098,48.24688],[142.57422,48.07217],[142.5459,47.88491],[142.55693,47.73789],[142.579,47.68398],[142.67012,47.53691],[142.74541,47.45239],[142.80078,47.41616],[142.86397,47.3918],[142.90547,47.36187],[142.94033,47.32275],[143.00557,47.22271],[143.08926,47.00078],[143.17793,46.84404],[143.21768,46.79487],[143.31865,46.80737],[143.38438,46.80566],[143.44727,46.79199],[143.48565,46.75205],[143.54033,46.5751],[143.57871,46.40606],[143.58066,46.36069],[143.50859,46.23018],[143.49063,46.17461],[143.48232,46.11582],[143.46348,46.06948],[143.43164,46.02866],[143.41865,46.22202],[143.37031,46.3585],[143.35215,46.47622],[143.28232,46.55898],[143.04785,46.59263],[142.8293,46.60527],[142.79551,46.62022],[142.74736,46.67065],[142.69189,46.71084],[142.63574,46.71621],[142.57803,46.70078],[142.47881,46.64424],[142.40645,46.55469],[142.35,46.45869],[142.304,46.35757],[142.20859,46.08887],[142.14971,45.99927],[142.07715,45.91704],[142.01563,45.96162],[141.96162,46.01348],[141.92998,46.08828],[141.91631,46.17075],[141.83037,46.45107],[141.8665,46.69419],[142.01104,47.03032],[142.03867,47.14028],[142.0169,47.24468],[141.98418,47.34771],[141.9625,47.5438],[141.96406,47.58745],[142.01563,47.70064],[142.07598,47.80835],[142.14922,47.90215],[142.18174,48.01338],[142.13535,48.29009],[142.02871,48.4771],[141.89727,48.65469],[141.87305,48.70195],[141.86631,48.7501],[141.97959,48.97217],[142.02012,49.07847],[142.0665,49.31206],[142.10869,49.43965],[142.14228,49.56914],[142.15312,50.21675],[142.14307,50.31211],[142.07109,50.51499],[142.06602,50.63047],[142.10049,50.77647],[142.14727,50.89019],[142.20791,50.99849],[142.20674,51.22256],[142.09072,51.4294],[142.00596,51.52051],[141.87295,51.63003],[141.77188,51.69019],[141.72236,51.73633],[141.77188,51.75181],[141.80811,51.78921],[141.721,51.84678],[141.66846,51.93335],[141.66084,52.27295],[141.68242,52.35913],[141.74756,52.45483],[141.80332,52.55562],[141.85557,52.79351],[141.87363,53.03892],[141.83887,53.13848],[141.82354,53.3395],[141.85244,53.38945],[141.96445,53.4564],[142.14199,53.49561],[142.17988,53.48403],[142.31895,53.40547],[142.37051,53.40254],[142.42402,53.41074],[142.52617,53.44746],[142.5835,53.53677],[142.50918,53.5876],[142.55254,53.65264],[142.67959,53.67437],[142.68887,53.73018],[142.64287,53.73677],[142.68301,53.81602],[142.70596,53.8957],[142.67022,53.96841],[142.4666,54.14854],[142.33496,54.28071],[142.55166,54.27896],[142.61563,54.30361],[142.66621,54.3582],[142.69277,54.41611],[142.76104,54.39395]]],[[[-178.87646,71.57705],[-178.43896,71.54116],[-178.35356,71.5292],[-178.2147,71.48164],[-178.13389,71.46548],[-178.05664,71.4376],[-177.9748,71.39053],[-177.81699,71.33999],[-177.58413,71.28169],[-177.53218,71.26309],[-177.49849,71.21914],[-177.52358,71.1669],[-177.82178,71.06758],[-178.06269,71.04194],[-178.52798,71.0148],[-179.15688,70.93984],[-179.41567,70.91899],[-179.50669,70.92344],[-179.73403,70.97168],[-179.99995,70.99302],[-179.99995,71.18423],[-179.99995,71.39971],[-179.99995,71.53774],[-179.84487,71.55098],[-179.69102,71.57798],[-179.54639,71.58242],[-179.40205,71.56665],[-179.25649,71.57168],[-179.11157,71.59619],[-178.99404,71.59321],[-178.87646,71.57705]]],[[[35.81611,65.18208],[35.84844,65.14268],[35.8584,65.07793],[35.82734,65.03648],[35.84228,65.00147],[35.77871,64.97666],[35.68008,65.05762],[35.62139,65.05879],[35.55859,65.0936],[35.52891,65.15107],[35.58574,65.16709],[35.60869,65.15713],[35.7291,65.19756],[35.81611,65.18208]]],[[[42.71367,66.70171],[42.67559,66.68809],[42.47734,66.73506],[42.46006,66.77036],[42.46856,66.78555],[42.54746,66.79551],[42.63145,66.78223],[42.69072,66.7353],[42.71367,66.70171]]],[[[52.90332,71.36499],[52.99414,71.29126],[53.07402,71.23794],[53.14141,71.2419],[53.19258,71.21528],[53.20518,71.15972],[53.07148,71.06504],[53.04815,71.03096],[53.10576,70.99927],[53.121,70.98203],[53.02266,70.9687],[53.00449,71.01162],[52.94961,71.05361],[52.83535,71.08584],[52.78897,71.11494],[52.73838,71.18066],[52.54658,71.25044],[52.42549,71.23926],[52.28945,71.27036],[52.24961,71.28491],[52.23984,71.32505],[52.29658,71.35684],[52.5126,71.38506],[52.61738,71.38335],[52.72969,71.35513],[52.72031,71.3898],[52.73223,71.40371],[52.77676,71.39981],[52.90332,71.36499]]],[[[168.03906,54.56499],[168.08135,54.51274],[167.67734,54.69766],[167.48809,54.79497],[167.4415,54.85586],[167.51172,54.85693],[167.59248,54.79775],[167.71065,54.77017],[167.88262,54.69048],[168.03906,54.56499]]],[[[160.71895,70.82271],[160.65137,70.80586],[160.50479,70.81973],[160.43691,70.85103],[160.44043,70.92266],[160.44854,70.93403],[160.56582,70.92378],[160.64492,70.88355],[160.71895,70.82271]]],[[[161.46709,68.90098],[161.42246,68.89966],[161.45625,68.96602],[161.46113,68.99561],[161.36406,69.04443],[161.18252,69.08159],[161.13652,69.11025],[161.12549,69.19702],[161.16455,69.33359],[161.08281,69.40566],[161.11074,69.46982],[161.32334,69.54092],[161.40977,69.5957],[161.50518,69.63945],[161.5207,69.63403],[161.61777,69.59243],[161.60928,69.50093],[161.54033,69.43652],[161.37441,69.41367],[161.35088,69.36934],[161.37266,69.29282],[161.37754,69.19443],[161.39424,69.10644],[161.49473,69.01602],[161.51699,68.96958],[161.50674,68.92759],[161.46709,68.90098]]],[[[152.88594,76.12173],[152.78633,76.08579],[152.55859,76.1436],[152.64277,76.17481],[152.79941,76.19482],[152.83506,76.18516],[152.86377,76.16343],[152.88594,76.12173]]],[[[149.1502,76.65991],[148.39863,76.64824],[148.44815,76.67695],[148.71963,76.74658],[149.40645,76.78208],[149.26836,76.74722],[149.20478,76.677],[149.1502,76.65991]]],[[[137.95986,71.50767],[137.71182,71.42324],[137.61289,71.43394],[137.51182,71.47461],[137.45781,71.4835],[137.40322,71.4773],[137.34424,71.46055],[137.26553,71.45591],[137.07871,71.5022],[137.06406,71.52988],[137.08184,71.54273],[137.12949,71.55615],[137.16816,71.55713],[137.28184,71.57993],[137.8168,71.58789],[137.85762,71.58306],[137.93379,71.54277],[137.95986,71.50767]]],[[[107.69551,78.13091],[107.60625,78.08257],[107.48164,78.05776],[107.34385,78.09858],[107.00166,78.09565],[106.41553,78.13984],[106.5833,78.16758],[107.5083,78.1894],[107.57324,78.18555],[107.69551,78.13091]]],[[[112.47803,76.6209],[112.63252,76.55298],[112.66084,76.50957],[112.61416,76.49927],[112.58652,76.48296],[112.57481,76.45239],[112.53164,76.45005],[112.39482,76.48379],[112.29688,76.53799],[112.15381,76.54932],[112.00273,76.60298],[111.96895,76.62617],[112.01113,76.63286],[112.28145,76.61836],[112.39414,76.6438],[112.47803,76.6209]]],[[[96.53242,76.27813],[96.61397,76.26382],[96.58965,76.22124],[96.48672,76.23374],[96.35078,76.21216],[96.35342,76.17749],[96.30059,76.12173],[96.10879,76.15547],[95.84453,76.16025],[95.67861,76.19365],[95.31113,76.21475],[95.32207,76.26162],[95.37988,76.28906],[95.59443,76.24961],[95.78623,76.2939],[96.15098,76.27187],[96.2707,76.30537],[96.53242,76.27813]]],[[[96.28545,77.02666],[96.25352,77.00728],[96.20986,76.99214],[96.09141,77.00254],[95.85469,76.97495],[95.76582,76.99062],[95.68086,77.02134],[95.36406,77.01152],[95.27031,77.01885],[95.4207,77.05649],[95.8541,77.09756],[96.52842,77.20552],[96.56191,77.15405],[96.56133,77.12959],[96.42432,77.07119],[96.28545,77.02666]]],[[[89.51426,77.18882],[89.29951,77.18398],[89.1793,77.20991],[89.1417,77.22681],[89.20049,77.27197],[89.28154,77.30146],[89.61621,77.31104],[89.67959,77.28032],[89.66582,77.25449],[89.51426,77.18882]]],[[[74.66055,72.87344],[74.63838,72.86377],[74.58809,72.88115],[74.43477,72.90767],[74.18066,72.97534],[74.1002,73.02153],[74.14238,73.07437],[74.19854,73.10908],[74.40879,73.13047],[74.5999,73.12178],[74.72529,73.10815],[74.96152,73.0625],[74.74258,73.03272],[74.64727,72.96904],[74.66016,72.9293],[74.69717,72.90772],[74.66055,72.87344]]],[[[75.50371,73.45664],[75.34434,73.43228],[75.375,73.47739],[75.56973,73.54063],[75.93018,73.57363],[76.03945,73.55991],[76.05156,73.54927],[75.90098,73.48149],[75.82715,73.45913],[75.50371,73.45664]]],[[[83.54902,74.07178],[83.4958,74.04844],[83.45,74.05166],[83.41065,74.03955],[83.15898,74.07534],[82.81777,74.0916],[82.90293,74.12891],[83.14981,74.15161],[83.51348,74.12236],[83.61836,74.08945],[83.54902,74.07178]]],[[[67.34492,69.52983],[67.26397,69.44253],[67.09785,69.44717],[67.04727,69.46704],[67.02588,69.4832],[67.21611,69.57539],[67.32891,69.57212],[67.34492,69.52983]]],[[[66.56094,70.54175],[66.56856,70.50147],[66.51582,70.51489],[66.44863,70.56104],[66.40762,70.61577],[66.39482,70.7273],[66.41816,70.75713],[66.44023,70.77266],[66.46289,70.76934],[66.45771,70.69878],[66.56094,70.54175]]],[[[70.0207,66.5022],[69.84473,66.48975],[69.65137,66.56533],[69.46934,66.71597],[69.50273,66.75107],[69.61641,66.73901],[69.80039,66.73648],[69.91758,66.71167],[70.07666,66.6959],[70.05762,66.6272],[70.05723,66.59946],[70.11006,66.56909],[70.05918,66.51758],[70.0207,66.5022]]],[[[50.05176,80.07432],[49.9709,80.06074],[49.58828,80.13613],[49.55606,80.15894],[49.88369,80.23023],[50.25098,80.21948],[50.30996,80.18564],[50.31914,80.17236],[50.07227,80.10947],[50.05176,80.07432]]],[[[51.40928,79.94424],[51.43516,79.93193],[51.43125,79.92051],[51.07627,79.93198],[50.4541,79.92441],[50.09141,79.98057],[50.47266,80.03545],[50.67578,80.04854],[50.93633,80.09424],[51.2544,80.04863],[51.23789,80.01035],[51.24277,79.99126],[51.32695,79.97231],[51.40928,79.94424]]],[[[50.75371,81.04741],[50.61602,81.04126],[50.51816,81.04556],[50.41191,81.08437],[50.37744,81.10273],[50.36846,81.12251],[50.46494,81.12622],[50.50596,81.14424],[50.52158,81.1582],[50.5918,81.16943],[50.71592,81.17065],[50.87861,81.15088],[50.94619,81.10815],[50.78877,81.07183],[50.75371,81.04741]]],[[[55.47969,80.27383],[55.19512,80.22681],[55.04844,80.22837],[54.97969,80.25645],[55.0916,80.29556],[55.24004,80.32539],[55.35322,80.31768],[55.43477,80.30225],[55.47969,80.27383]]],[[[54.41533,80.4728],[54.27588,80.42134],[53.81191,80.47622],[53.85,80.50386],[53.9002,80.51543],[53.90156,80.54248],[53.85889,80.56304],[53.87725,80.60527],[54.17676,80.57437],[54.20537,80.56177],[54.40713,80.54014],[54.43731,80.49868],[54.41533,80.4728]]],[[[59.68887,79.95581],[59.33066,79.92305],[59.20264,79.93296],[59.16924,79.94829],[59.10039,79.96416],[58.91924,79.98462],[58.94609,80.04233],[59.00147,80.05391],[59.54453,80.11885],[59.80166,80.08267],[59.91104,79.99429],[59.68887,79.95581]]],[[[58.62236,81.04165],[58.76152,80.99097],[58.81533,80.93359],[58.90254,80.89766],[58.93057,80.83169],[58.85996,80.77939],[58.6419,80.76797],[58.28565,80.76489],[57.93789,80.79336],[57.74981,80.88906],[57.40518,80.91514],[57.21094,81.01709],[57.41025,81.04678],[57.65625,81.03154],[58.04951,81.11846],[58.10234,81.11426],[58.18994,81.09458],[58.50762,81.06177],[58.62236,81.04165]]],[[[47.98301,45.48823],[47.96768,45.46997],[47.92031,45.56206],[47.91758,45.61816],[47.94717,45.64707],[47.98711,45.55405],[47.98301,45.48823]]],[[[50.26523,69.1856],[50.28301,69.08887],[50.22061,69.04878],[50.16445,69.03755],[50.14092,69.09815],[50.09395,69.12554],[49.9208,69.05327],[49.83984,68.97378],[49.62627,68.85972],[49.18047,68.77842],[48.91035,68.74307],[48.66699,68.73315],[48.43906,68.80488],[48.31592,68.94238],[48.29443,68.98423],[48.27881,69.04033],[48.28027,69.09663],[48.29629,69.18389],[48.31992,69.26924],[48.41387,69.34565],[48.63135,69.43604],[48.84492,69.49473],[48.95332,69.50928],[49.2252,69.51123],[49.99629,69.30942],[50.16729,69.25708],[50.26523,69.1856]]],[[[63.37383,80.7001],[63.1876,80.69761],[63.00215,80.71284],[62.76045,80.76269],[62.52031,80.82188],[62.59258,80.85303],[62.81934,80.8938],[63.11582,80.9668],[63.61475,80.98091],[63.85596,80.98115],[64.0957,80.99834],[64.16592,81.03574],[64.21045,81.10635],[64.25586,81.14443],[64.31016,81.1752],[64.57539,81.19849],[64.80205,81.19727],[65.02773,81.16948],[65.17197,81.14404],[65.30977,81.09644],[65.38203,81.05674],[65.36006,81.0082],[65.37207,80.96802],[65.4374,80.93071],[64.99746,80.8189],[64.54834,80.75542],[63.37383,80.7001]]],[[[57.95625,80.12324],[57.8001,80.10405],[57.39229,80.13916],[57.33232,80.15811],[57.28145,80.1939],[57.21406,80.32827],[57.21172,80.36846],[57.18623,80.39624],[57.0834,80.44522],[57.01113,80.46831],[57.075,80.49395],[57.52197,80.47539],[58.48047,80.46475],[58.97168,80.41587],[59.11592,80.38843],[59.25547,80.34321],[58.39795,80.31875],[58.28389,80.2978],[58.28574,80.24814],[58.25547,80.20181],[58.16318,80.19653],[57.95625,80.12324]]],[[[62.16777,80.83477],[62.22773,80.79439],[62.1918,80.73023],[62.11455,80.68369],[62.07578,80.61694],[61.76914,80.60103],[61.68125,80.58633],[61.59746,80.53496],[61.28516,80.50474],[61.05127,80.4186],[60.72227,80.43467],[60.27832,80.49443],[59.9002,80.44609],[59.64981,80.43125],[59.34639,80.50503],[59.3044,80.52153],[59.28818,80.57266],[59.30625,80.61777],[59.38652,80.71255],[59.49512,80.7665],[59.54941,80.78359],[59.59229,80.8165],[59.71582,80.83638],[60.09453,80.84858],[60.23496,80.83774],[60.27803,80.80146],[60.48154,80.80425],[60.82022,80.82656],[61.31318,80.86265],[61.59746,80.89292],[61.85059,80.88594],[62.10293,80.8666],[62.16777,80.83477]]],[[[61.14082,80.95034],[60.82676,80.92969],[60.32109,80.95552],[60.0582,80.98462],[60.07832,80.99917],[60.14756,81.01665],[60.58662,81.0877],[61.45742,81.10396],[61.56738,81.05029],[61.47197,81.01104],[61.14082,80.95034]]],[[[53.52139,80.18521],[52.85635,80.17324],[52.63594,80.17886],[52.60703,80.19116],[52.55049,80.20185],[52.34356,80.21323],[52.21338,80.26372],[52.27022,80.27632],[52.57666,80.29692],[52.68057,80.31851],[52.71602,80.34756],[52.85391,80.40239],[53.18565,80.41265],[53.3292,80.40239],[53.3459,80.36631],[53.48613,80.32339],[53.85166,80.26836],[53.77793,80.22832],[53.65293,80.22256],[53.52139,80.18521]]],[[[57.07871,80.35093],[57.12266,80.31699],[57.11895,80.19395],[57.07275,80.1394],[57.08018,80.09468],[56.98691,80.07148],[56.20059,80.07647],[55.81162,80.08716],[55.72402,80.10474],[55.94229,80.16328],[56.01221,80.20391],[55.98984,80.32007],[56.02441,80.34131],[56.65508,80.33032],[56.70723,80.36328],[56.94453,80.36616],[57.07871,80.35093]]],[[[57.81025,81.54605],[57.8627,81.50645],[58.0166,81.48379],[58.43604,81.46416],[58.56387,81.41841],[58.37188,81.38696],[57.85869,81.36807],[57.91191,81.30327],[58.01533,81.25483],[57.91289,81.19751],[57.76973,81.16973],[57.45098,81.13555],[57.15947,81.17847],[56.82188,81.23794],[56.66924,81.19829],[56.5125,81.17524],[56.36397,81.17861],[56.19199,81.22398],[55.7167,81.18848],[55.57266,81.22808],[55.46602,81.31118],[55.78193,81.32944],[56.15684,81.30308],[56.40469,81.38701],[56.71875,81.42339],[56.97305,81.51055],[57.0915,81.54121],[57.36504,81.53525],[57.45645,81.54287],[57.7166,81.56465],[57.81025,81.54605]]],[[[54.71895,81.11597],[55.4707,81.01987],[56.17012,81.02915],[56.47227,80.99824],[56.90967,80.91289],[57.56777,80.81973],[57.69414,80.79229],[57.58037,80.75547],[56.81475,80.66362],[56.31553,80.63286],[55.8834,80.62842],[55.7125,80.63731],[55.54063,80.70332],[55.11719,80.7519],[54.66816,80.73867],[54.62334,80.76523],[54.53281,80.78301],[54.37607,80.78696],[54.0666,80.81362],[54.04541,80.87197],[54.24053,80.90186],[54.36729,80.90381],[54.4168,80.98652],[54.63398,81.11318],[54.71895,81.11597]]],[[[63.65098,81.60933],[63.52852,81.59658],[62.88496,81.60889],[62.57305,81.63306],[62.53125,81.64702],[62.51523,81.65913],[62.10645,81.67935],[62.28398,81.70654],[62.79492,81.71895],[63.70957,81.6873],[63.76738,81.66416],[63.78242,81.64981],[63.65098,81.60933]]],[[[58.29541,81.71519],[57.96484,81.69565],[57.92061,81.7105],[57.90928,81.72192],[57.94512,81.74785],[57.98496,81.79702],[58.13457,81.82798],[59.26182,81.8542],[59.4085,81.82544],[59.35684,81.78096],[59.35645,81.75898],[58.29541,81.71519]]],[[[92.6835,79.68521],[92.44063,79.67549],[92.15371,79.68467],[91.68359,79.79058],[91.37627,79.8355],[91.12607,79.90493],[91.07031,79.98149],[91.2293,80.03071],[91.42598,80.04922],[91.75195,80.0523],[92.17344,80.04546],[92.59277,79.99653],[93.48154,79.94111],[93.80313,79.90454],[93.60352,79.81675],[93.38203,79.78389],[93.15508,79.7376],[92.92627,79.70449],[92.6835,79.68521]]],[[[91.56719,81.14121],[91.22285,81.06382],[89.97578,81.11314],[89.91943,81.14873],[89.90117,81.1707],[90.06992,81.21372],[91.10898,81.19912],[91.47783,81.18394],[91.56719,81.14121]]],[[[141.01025,73.99946],[140.50723,73.91865],[140.40947,73.92168],[140.1832,74.00459],[140.10156,74.18428],[140.19356,74.23672],[140.30029,74.25723],[140.40742,74.26645],[140.84922,74.27378],[140.94434,74.26465],[141.03857,74.24272],[141.07949,74.20933],[141.09746,74.16782],[141.04688,74.05039],[141.01025,73.99946]]],[[[142.18486,73.8959],[142.43506,73.85156],[142.63916,73.80308],[143.34375,73.56875],[143.41074,73.52085],[143.46397,73.45889],[143.49131,73.24644],[143.45147,73.2313],[143.19326,73.22075],[142.8416,73.24482],[142.58691,73.25332],[142.34219,73.25288],[142.12637,73.28169],[141.59668,73.31084],[141.18272,73.38921],[140.754,73.44605],[140.66279,73.452],[140.39248,73.43535],[140.02695,73.36143],[139.9251,73.35523],[139.78555,73.35523],[139.68555,73.42573],[139.92012,73.44858],[140.15518,73.45752],[140.38066,73.48301],[140.59356,73.56455],[140.69746,73.62915],[140.88379,73.77754],[140.98359,73.83154],[141.08477,73.86587],[141.18994,73.87647],[141.31191,73.87188],[141.68193,73.9042],[141.93184,73.91494],[142.18486,73.8959]]],[[[135.94863,75.40957],[135.7459,75.38198],[135.45195,75.38955],[135.47305,75.46323],[135.52344,75.49585],[135.59268,75.57647],[135.56123,75.63648],[135.57842,75.70996],[135.61387,75.76631],[135.69863,75.84526],[135.78828,75.79849],[135.84922,75.72925],[135.90479,75.69439],[136.12734,75.62559],[136.16895,75.60557],[135.9834,75.52192],[135.96514,75.48613],[136.02051,75.43838],[135.94863,75.40957]]],[[[136.19746,73.91362],[136.12168,73.88501],[136.05147,73.9291],[135.71455,74.05952],[135.6334,74.12144],[135.44863,74.17969],[135.40244,74.20171],[135.38701,74.25337],[135.62832,74.21992],[136.03682,74.09033],[136.25918,73.98496],[136.19746,73.91362]]],[[[137.94053,55.09263],[138.03125,55.05332],[138.17207,55.06006],[138.20615,55.03355],[138.09648,54.99092],[138.0166,54.90088],[137.99121,54.8207],[137.95947,54.78901],[137.87012,54.74956],[137.79023,54.69692],[137.72148,54.66323],[137.66113,54.65327],[137.52559,54.82583],[137.4627,54.87339],[137.27607,54.79238],[137.23291,54.79058],[137.2752,54.89102],[137.38438,55.00068],[137.43555,55.01602],[137.54365,55.16309],[137.57734,55.19702],[137.91045,55.11006],[137.94053,55.09263]]],[[[169.20078,69.58047],[168.91572,69.57144],[168.34805,69.66436],[168.14434,69.71333],[167.99268,69.77583],[167.82129,69.81963],[167.78887,69.83687],[167.81397,69.87305],[167.86475,69.90107],[168.05957,69.9749],[168.19629,70.0084],[168.35791,70.01567],[169.37481,69.88262],[169.4207,69.85606],[169.43359,69.83218],[169.41816,69.7792],[169.33242,69.76958],[169.29912,69.73477],[169.26338,69.62871],[169.2458,69.60112],[169.20078,69.58047]]],[[[163.63516,58.60337],[163.47139,58.50938],[163.44727,58.52466],[163.43184,58.54614],[163.42725,58.57896],[163.57676,58.64087],[163.72656,58.79854],[163.78447,58.92974],[163.7666,58.97236],[163.76094,59.01504],[164.20215,59.09619],[164.51738,59.22676],[164.57266,59.22114],[164.6293,59.11221],[164.66162,58.97075],[164.61572,58.8856],[164.27881,58.83809],[163.96006,58.74375],[163.63516,58.60337]]],[[[166.65029,54.83906],[166.64512,54.69409],[166.52129,54.76763],[166.46367,54.82686],[166.38174,54.83809],[166.32481,54.86455],[166.22988,54.93652],[166.11973,55.03037],[166.08232,55.07656],[166.06631,55.13569],[165.9919,55.19048],[165.75107,55.29453],[165.83047,55.30693],[165.93125,55.35147],[166.21191,55.32398],[166.27578,55.31196],[166.22998,55.24233],[166.24805,55.16543],[166.4043,55.00562],[166.47949,54.9499],[166.57734,54.90772],[166.65029,54.83906]]],[[[154.81045,49.31201],[154.71484,49.26768],[154.61094,49.29404],[154.61299,49.38062],[154.8249,49.64692],[154.89961,49.63037],[154.8833,49.56641],[154.80234,49.46826],[154.82988,49.3479],[154.81045,49.31201]]],[[[156.40508,50.65762],[156.36543,50.63379],[156.32578,50.63906],[156.19629,50.70215],[156.16797,50.73189],[156.21309,50.78472],[156.37647,50.86211],[156.45586,50.85957],[156.4875,50.84297],[156.48311,50.75122],[156.40508,50.65762]]],[[[155.92109,50.3022],[155.79238,50.20205],[155.60752,50.17725],[155.51641,50.14561],[155.44893,50.07778],[155.39717,50.04126],[155.28867,50.06118],[155.24307,50.09463],[155.24307,50.21279],[155.19512,50.26455],[155.21836,50.29785],[155.32676,50.29326],[155.43389,50.36895],[155.68018,50.40073],[155.77275,50.48242],[155.88477,50.68413],[156.00166,50.75693],[156.09688,50.77188],[156.12285,50.67129],[156.10059,50.55928],[156.04443,50.45176],[155.92109,50.3022]]],[[[154.08125,48.79028],[154.04297,48.73877],[154.00068,48.75571],[153.99229,48.77251],[154.0917,48.83213],[154.12637,48.90444],[154.19902,48.90493],[154.22842,48.89209],[154.20469,48.85718],[154.08125,48.79028]]],[[[155.64482,50.82192],[155.55352,50.8106],[155.51279,50.83731],[155.4835,50.86963],[155.46738,50.91357],[155.56856,50.93447],[155.63965,50.9105],[155.65361,50.84536],[155.64482,50.82192]]],[[[153.10107,47.76294],[153.05381,47.7061],[153.0041,47.71348],[152.98428,47.72793],[153.04912,47.79702],[153.0792,47.80874],[153.10107,47.76294]]],[[[152.00205,46.89717],[151.81563,46.78711],[151.7541,46.78833],[151.72344,46.82881],[151.71533,46.85269],[151.86435,46.86899],[152.03984,47.01499],[152.16582,47.11045],[152.23467,47.14341],[152.28887,47.14219],[152.00205,46.89717]]],[[[149.6877,45.64204],[149.53887,45.59136],[149.44707,45.59336],[149.66592,45.8398],[149.79629,45.87607],[149.9623,46.02192],[150.30879,46.20034],[150.34863,46.21343],[150.55313,46.20855],[150.23457,46.01231],[150.19502,45.9332],[150.05664,45.84937],[149.9541,45.82246],[149.8834,45.78315],[149.6877,45.64204]]],[[[148.59951,45.31763],[148.41465,45.24717],[148.26231,45.21685],[148.00527,45.07017],[147.91377,44.99038],[147.78408,44.95859],[147.65781,44.97715],[147.62187,44.94473],[147.60957,44.88657],[147.56309,44.83555],[147.31016,44.67764],[147.20742,44.55356],[147.09844,44.53125],[146.89746,44.4043],[146.9335,44.51309],[146.97422,44.56572],[147.14092,44.66333],[147.15479,44.76621],[147.24658,44.85606],[147.43047,44.94522],[147.55781,45.06245],[147.65791,45.09302],[147.76943,45.19072],[147.88555,45.22564],[147.87266,45.30029],[147.92402,45.3833],[147.96455,45.37773],[148.05605,45.26211],[148.13008,45.2582],[148.32422,45.28242],[148.61231,45.48467],[148.70664,45.52065],[148.77266,45.52647],[148.81221,45.51001],[148.82617,45.48608],[148.82539,45.45591],[148.80303,45.41353],[148.83711,45.3627],[148.79072,45.32398],[148.59951,45.31763]]],[[[146.71397,43.7438],[146.68301,43.71636],[146.60859,43.74048],[146.61348,43.79702],[146.62197,43.81299],[146.82461,43.8605],[146.88408,43.82915],[146.89902,43.80415],[146.71397,43.7438]]],[[[146.20762,44.49766],[146.35596,44.42461],[146.56777,44.44043],[146.51621,44.37466],[146.43652,44.37568],[146.29619,44.28096],[146.17295,44.26865],[146.11231,44.24595],[145.91406,44.10371],[145.88731,44.04775],[145.76699,43.94072],[145.58682,43.84512],[145.55586,43.6646],[145.43926,43.73706],[145.42617,43.81035],[145.46172,43.8709],[145.66631,43.99907],[145.74834,44.07153],[145.77334,44.129],[145.85195,44.19302],[145.89023,44.24858],[145.94043,44.27266],[146.11211,44.50015],[146.20762,44.49766]]],[[[113.38721,74.40044],[113.35313,74.35298],[113.29922,74.31714],[113.25889,74.27271],[113.19023,74.23931],[112.97764,74.19683],[112.81133,74.10293],[112.78242,74.09507],[112.1958,74.14624],[112.10508,74.16323],[111.91211,74.21924],[111.64297,74.27295],[111.50342,74.35308],[111.57012,74.36831],[111.6375,74.37432],[111.87979,74.36382],[111.94922,74.38877],[111.98281,74.4563],[111.98936,74.49624],[112.00762,74.52676],[112.08447,74.54898],[112.95176,74.47959],[113.28623,74.44102],[113.38721,74.40044]]],[[[76.24893,79.65107],[76.37256,79.61523],[76.46738,79.64316],[77.36016,79.55684],[77.54932,79.52441],[77.58897,79.5019],[76.81016,79.4895],[76.64951,79.49341],[76.63652,79.54443],[76.45762,79.54546],[76.15371,79.57876],[76.07188,79.62564],[76.05156,79.64473],[76.14844,79.66445],[76.24893,79.65107]]],[[[80.02666,80.84815],[79.09854,80.81206],[79.00684,80.83481],[78.97764,80.84824],[79.10986,80.92358],[79.21738,80.96035],[79.80664,80.97539],[80.27959,80.94981],[80.42793,80.92769],[80.37334,80.88262],[80.34482,80.86792],[80.02666,80.84815]]],[[[70.67393,73.09502],[70.38037,73.0481],[70.29834,73.04448],[70.11865,73.0563],[70.04072,73.03716],[69.92012,73.08452],[69.93037,73.12661],[69.98565,73.16924],[70.01875,73.22432],[69.9959,73.35938],[70.14961,73.44473],[70.35,73.47764],[70.94023,73.5144],[71.02324,73.5042],[71.14121,73.47798],[71.23164,73.44775],[71.35117,73.37222],[71.44492,73.34209],[71.58955,73.28315],[71.63047,73.22481],[71.62617,73.17398],[71.35566,73.16245],[70.88672,73.11963],[70.67393,73.09502]]],[[[77.63252,72.29126],[77.14561,72.28189],[76.90596,72.29766],[76.87109,72.31704],[76.90313,72.36558],[77.14951,72.43921],[77.26045,72.48613],[77.37783,72.56528],[77.57871,72.63086],[77.74854,72.6312],[78.2791,72.55322],[78.35293,72.5043],[78.36514,72.48242],[78.15449,72.41699],[78.00723,72.39248],[77.78086,72.30854],[77.63252,72.29126]]],[[[79.50147,72.72192],[79.43066,72.71069],[78.88057,72.75161],[78.69023,72.80342],[78.6332,72.85073],[78.65684,72.89229],[79.16426,73.09434],[79.35654,73.03862],[79.4125,72.9831],[79.54131,72.91865],[79.53789,72.76934],[79.50147,72.72192]]],[[[82.17236,75.41939],[82.20879,75.38696],[82.22158,75.35054],[82.1793,75.33897],[82.0501,75.34097],[81.97852,75.24712],[81.90508,75.26279],[81.86055,75.3165],[81.69766,75.28052],[81.65479,75.28892],[81.5793,75.33096],[81.53213,75.33955],[81.50059,75.36792],[81.71211,75.45142],[81.84219,75.40703],[81.92656,75.40996],[81.90977,75.46001],[81.91279,75.49771],[82.02187,75.51348],[82.16563,75.51563],[82.17236,75.41939]]],[[[60.45049,69.93486],[60.48066,69.8855],[60.47725,69.7937],[60.44023,69.72593],[60.32715,69.71528],[60.21592,69.6877],[60.02617,69.71704],[59.91953,69.69697],[59.81279,69.69565],[59.72461,69.7062],[59.63701,69.72105],[59.57822,69.73862],[59.58125,69.79087],[59.50264,69.86621],[59.38154,69.89043],[59.26836,69.89844],[59.14424,69.92192],[59.08252,69.91079],[59.004,69.8833],[58.95273,69.89277],[58.68008,70.05103],[58.63418,70.08804],[58.60557,70.1292],[58.56807,70.15566],[58.47305,70.26685],[58.51992,70.31831],[58.61533,70.35083],[58.67803,70.35957],[58.79424,70.43296],[59.00527,70.46519],[59.04805,70.4605],[59.08828,70.43711],[59.30986,70.36167],[59.42598,70.31094],[59.5291,70.24898],[59.63633,70.19702],[59.95586,70.10835],[60.17227,70.02285],[60.39258,69.9624],[60.45049,69.93486]]],[[[20.95781,55.27891],[20.85938,55.18364],[20.59482,54.98237],[20.67773,54.95566],[20.77402,54.94702],[20.8875,54.90947],[20.9959,54.90269],[21.18887,54.93521],[21.22285,55.10776],[21.23574,55.26411],[21.29756,55.26445],[21.38926,55.27554],[21.44707,55.23442],[21.55469,55.19531],[21.68272,55.16035],[21.87393,55.10073],[22.07236,55.06367],[22.13789,55.05938],[22.34639,55.06426],[22.56729,55.05913],[22.62744,54.9707],[22.73652,54.92886],[22.82471,54.87129],[22.83125,54.83848],[22.70967,54.63262],[22.68447,54.56294],[22.67988,54.49302],[22.72432,54.40562],[22.76621,54.35679],[22.73184,54.3501],[22.16846,54.35986],[21.63418,54.37647],[21.14053,54.3918],[20.66475,54.40664],[20.2082,54.42075],[19.92432,54.43398],[19.64424,54.44707],[19.6044,54.45918],[19.7585,54.54482],[19.85889,54.63384],[19.94414,54.75],[19.95322,54.83047],[19.97451,54.92119],[20.10762,54.95649],[20.39668,54.95127],[20.52031,54.99487],[20.67891,55.10264],[20.8457,55.23203],[20.89981,55.28667],[20.95781,55.27891]]],[[[33.59414,46.09624],[33.65432,46.14622],[33.65997,46.21957],[33.80667,46.20829],[34.02672,46.10673],[34.12828,46.0898],[34.2242,46.10108],[34.35398,46.06159],[34.4499,45.96567],[34.52325,45.97695],[34.68688,45.97695],[34.79408,45.89232],[34.79973,45.79075],[34.94643,45.72869],[35.00167,45.73338],[35.02285,45.70098],[35.26016,45.44692],[35.37393,45.35361],[35.45752,45.31631],[35.55801,45.31089],[35.75098,45.38936],[35.8335,45.40161],[36.01289,45.37168],[36.07715,45.42412],[36.17051,45.45308],[36.29033,45.45674],[36.42705,45.43325],[36.575,45.39356],[36.51426,45.30376],[36.45078,45.23232],[36.42842,45.15327],[36.39336,45.06538],[36.22988,45.02598],[36.05479,45.03081],[35.87012,45.00532],[35.80361,45.0396],[35.75947,45.07085],[35.67754,45.102],[35.56953,45.11934],[35.47256,45.09849],[35.35781,44.97842],[35.15478,44.89634],[35.08769,44.80264],[34.88779,44.82358],[34.7169,44.80713],[34.46992,44.72168],[34.28174,44.53843],[34.07441,44.42383],[33.90996,44.3876],[33.75566,44.39893],[33.65586,44.4332],[33.45068,44.55366],[33.46269,44.59683],[33.49131,44.6186],[33.53008,44.68052],[33.61221,44.90781],[33.60117,44.98149],[33.55518,45.09766],[33.39248,45.18784],[33.26152,45.17075],[33.18691,45.19478],[32.91865,45.34815],[32.77266,45.35898],[32.61133,45.32808],[32.55186,45.35039],[32.50801,45.40381],[32.82803,45.59302],[33.14229,45.74922],[33.28008,45.76523],[33.46621,45.83794],[33.66484,45.94707],[33.63672,46.03286],[33.59414,46.09624]]]]}},{"type":"Feature","id":"country-rou","properties":{"id":"country-rou","slug":"rumania","name":"Rumania","localName":"Romania","aliases":["Romania"],"kind":"country","boundaryStatus":"reference","parentId":null,"population":19356544,"areaKm2":236299.7,"density":81.9,"referenceYear":2019,"sourceId":"natural-earth","bbox":[20.2418,43.6708,29.70586,48.26348],"center":[24.97383,45.96714]},"geometry":{"type":"Polygon","coordinates":[[[28.2125,45.45044],[28.31768,45.34712],[28.45127,45.29219],[28.76074,45.23413],[28.78828,45.24097],[28.79141,45.2519],[28.76982,45.2669],[28.7666,45.28623],[28.78174,45.30986],[28.82432,45.31108],[28.89434,45.28994],[29.02744,45.32056],[29.22354,45.40293],[29.40371,45.41968],[29.56768,45.3708],[29.65195,45.31392],[29.70586,45.25991],[29.68906,45.19321],[29.67861,45.15166],[29.63535,44.97964],[29.60547,44.91548],[29.55752,44.84341],[29.04824,44.75757],[29.08106,44.79883],[29.06914,44.87114],[29.04775,44.92568],[29.09531,44.97505],[28.98066,44.99292],[28.93057,44.96582],[28.8915,44.91865],[28.92617,44.81001],[28.87041,44.74995],[28.84902,44.71631],[28.84648,44.63687],[28.81357,44.60249],[28.80703,44.56504],[28.88818,44.57476],[28.85176,44.5061],[28.69922,44.37422],[28.64541,44.29565],[28.65859,43.98384],[28.59072,43.79741],[28.58535,43.74224],[28.42344,43.74048],[28.3752,43.74478],[28.22197,43.77285],[28.05,43.82241],[27.94893,43.9186],[27.88428,43.98735],[27.73857,43.9563],[27.71074,43.9646],[27.6709,43.9978],[27.56104,44.02007],[27.42539,44.02051],[27.1207,44.14614],[27.08691,44.16738],[26.84775,44.14619],[26.48926,44.08398],[26.21582,44.00728],[25.9334,43.87056],[25.81885,43.76685],[25.68613,43.71177],[25.49707,43.6708],[25.15967,43.68633],[24.8082,43.73843],[24.43057,43.79439],[24.22676,43.76348],[23.95078,43.78667],[23.53457,43.85356],[23.22461,43.87388],[22.91904,43.83447],[22.86768,43.86455],[22.85645,43.89902],[22.86826,43.9479],[22.91133,43.98721],[22.98535,44.01699],[23.02441,44.04722],[23.02852,44.07798],[22.94541,44.1273],[22.7752,44.19522],[22.70508,44.23779],[22.68789,44.24829],[22.6833,44.28648],[22.64795,44.31646],[22.58184,44.33833],[22.53066,44.37798],[22.49453,44.43545],[22.50234,44.4896],[22.554,44.54033],[22.62012,44.56235],[22.70078,44.55552],[22.73438,44.56992],[22.7209,44.60552],[22.64209,44.65098],[22.49766,44.70625],[22.35068,44.67612],[22.20098,44.56069],[22.09307,44.54194],[22.02695,44.61987],[21.90928,44.66611],[21.74023,44.68066],[21.63613,44.71045],[21.59707,44.75542],[21.52315,44.79009],[21.36006,44.82666],[21.35791,44.86182],[21.38438,44.87007],[21.44219,44.87339],[21.51992,44.88081],[21.53232,44.90068],[21.5332,44.91885],[21.47197,44.94199],[21.40996,44.95772],[21.37773,44.97344],[21.35703,44.99077],[21.35293,45.00898],[21.37109,45.02139],[21.3959,45.02222],[21.4207,45.03296],[21.43447,45.07515],[21.46787,45.10986],[21.4918,45.12227],[21.49023,45.1479],[21.46543,45.17188],[21.43145,45.19253],[21.38174,45.20508],[21.22647,45.24131],[21.14785,45.29175],[21.0999,45.29356],[21.02383,45.32153],[20.9418,45.36533],[20.8708,45.42754],[20.79404,45.46787],[20.77422,45.48442],[20.77246,45.5001],[20.78652,45.51748],[20.78603,45.53648],[20.76582,45.59746],[20.7793,45.66201],[20.77578,45.72251],[20.775,45.74981],[20.76016,45.75811],[20.74688,45.74898],[20.72783,45.7374],[20.70928,45.73525],[20.65273,45.7794],[20.58115,45.86948],[20.53262,45.89951],[20.43799,45.94077],[20.35859,45.97549],[20.30137,46.05068],[20.2418,46.10859],[20.28096,46.13301],[20.50811,46.16694],[20.61367,46.1335],[20.66103,46.14565],[20.70742,46.1728],[20.73272,46.19443],[20.7374,46.21748],[20.76025,46.24624],[20.83701,46.25972],[21.03984,46.24224],[21.12168,46.28242],[21.15195,46.30435],[21.17041,46.35269],[21.1918,46.39155],[21.26455,46.41231],[21.26328,46.44775],[21.25225,46.48638],[21.29453,46.57246],[21.32022,46.60781],[21.36133,46.62075],[21.41104,46.64785],[21.49707,46.7043],[21.47705,46.75337],[21.49443,46.78975],[21.58418,46.87837],[21.65264,46.96377],[21.65147,47.00654],[21.66143,47.0439],[21.72178,47.08481],[21.78545,47.13814],[21.86934,47.30459],[21.89922,47.33257],[21.9543,47.36426],[21.99531,47.3957],[21.99971,47.50503],[22.03799,47.53662],[22.11191,47.57202],[22.18506,47.62905],[22.24463,47.69639],[22.29063,47.72783],[22.35147,47.73623],[22.41748,47.76265],[22.49141,47.77256],[22.56289,47.75957],[22.6084,47.76631],[22.67676,47.79902],[22.85176,47.92256],[22.87666,47.94727],[22.91289,47.96426],[23.05479,48.00654],[23.09082,48.04912],[23.13945,48.0874],[23.20264,48.08452],[23.4082,47.98999],[23.62871,47.99585],[23.66904,47.99233],[23.68203,47.99038],[23.70898,47.98262],[24.00186,47.93579],[24.04736,47.94102],[24.05977,47.94478],[24.17773,47.90606],[24.28193,47.91118],[24.38096,47.93804],[24.48408,47.94712],[24.57891,47.93106],[24.65098,47.87651],[24.83789,47.76084],[24.89336,47.71777],[24.9791,47.72412],[25.07383,47.7457],[25.16963,47.8231],[25.46426,47.91079],[25.68926,47.93247],[25.90869,47.96758],[26.1627,47.99253],[26.23623,48.06436],[26.27695,48.11323],[26.30566,48.20376],[26.44238,48.22998],[26.57246,48.24849],[26.61895,48.25986],[26.71377,48.26348],[26.78731,48.25581],[26.90098,48.21113],[26.98076,48.15503],[27.01221,48.1105],[27.08037,48.04766],[27.15205,47.95928],[27.23086,47.84175],[27.24815,47.78223],[27.27793,47.71797],[27.33691,47.63975],[27.44922,47.55313],[27.46484,47.53667],[27.51582,47.47564],[27.61406,47.34053],[27.69619,47.28643],[27.76797,47.22759],[27.80234,47.16831],[27.85381,47.1145],[27.97422,47.04321],[28.07178,46.97842],[28.15,46.79209],[28.20469,46.7064],[28.23945,46.64082],[28.22266,46.50806],[28.24434,46.45127],[28.19961,46.34756],[28.11914,46.13867],[28.09971,45.97261],[28.11357,45.88306],[28.11553,45.82554],[28.13496,45.78887],[28.15625,45.71309],[28.15977,45.64712],[28.13086,45.62827],[28.09033,45.61274],[28.07471,45.59898],[28.11191,45.56914],[28.1625,45.51377],[28.2125,45.45044]]]}},{"type":"Feature","id":"country-prt","properties":{"id":"country-prt","slug":"portugal","name":"Portugal","localName":"Portugal","aliases":["Portugal"],"kind":"country","boundaryStatus":"reference","parentId":null,"population":10269417,"areaKm2":90960.9,"density":112.9,"referenceYear":2019,"sourceId":"natural-earth","bbox":[-31.28296,32.64829,-6.2125,42.1374],"center":[-18.74773,37.392845]},"geometry":{"type":"MultiPolygon","coordinates":[[[[-17.19087,32.8686],[-17.05449,32.81587],[-16.9292,32.84141],[-16.77397,32.77354],[-16.69326,32.75801],[-16.76528,32.70972],[-16.8374,32.64829],[-17.01826,32.66279],[-17.17119,32.72187],[-17.22602,32.76685],[-17.24102,32.80737],[-17.19087,32.8686]]],[[[-8.77715,41.94106],[-8.68296,42.0085],[-8.58965,42.05273],[-8.53809,42.06934],[-8.32256,42.11509],[-8.26606,42.1374],[-8.21309,42.13369],[-8.2042,42.11187],[-8.17358,42.06939],[-8.13931,42.03994],[-8.12998,42.01816],[-8.21333,41.9271],[-8.22476,41.89585],[-8.18125,41.83696],[-8.17353,41.81997],[-8.15249,41.81196],[-8.09443,41.81421],[-7.99097,41.8519],[-7.92085,41.88364],[-7.89639,41.87056],[-7.69307,41.88848],[-7.64468,41.87398],[-7.6126,41.85796],[-7.5126,41.83599],[-7.40361,41.83369],[-7.26855,41.8644],[-7.20962,41.89526],[-7.19834,41.9294],[-7.19536,41.95523],[-7.17793,41.97168],[-7.14712,41.98115],[-7.09912,41.96421],[-7.03047,41.95064],[-6.86553,41.94526],[-6.8332,41.96416],[-6.77729,41.9585],[-6.70361,41.93457],[-6.61826,41.94238],[-6.57534,41.91309],[-6.55752,41.87412],[-6.55259,41.78955],[-6.55898,41.70405],[-6.54219,41.67251],[-6.48467,41.6644],[-6.3917,41.66538],[-6.30806,41.64219],[-6.24311,41.60181],[-6.22168,41.56045],[-6.2125,41.53203],[-6.24434,41.51592],[-6.28935,41.45503],[-6.40312,41.37539],[-6.56592,41.30371],[-6.69014,41.2145],[-6.77578,41.10772],[-6.88281,41.0624],[-6.91553,41.03804],[-6.92847,41.00913],[-6.85771,40.87832],[-6.83589,40.77749],[-6.81836,40.65405],[-6.82983,40.61909],[-6.83569,40.48315],[-6.85205,40.44326],[-6.84795,40.41099],[-6.82178,40.37627],[-6.81016,40.34311],[-6.85889,40.30073],[-6.94844,40.25161],[-7.0147,40.20835],[-7.03262,40.16792],[-7.02783,40.14263],[-6.91641,40.05684],[-6.89609,40.02183],[-6.91118,39.93711],[-6.97539,39.79839],[-7.03672,39.71397],[-7.04741,39.70557],[-7.11768,39.68169],[-7.4541,39.68066],[-7.53569,39.66157],[-7.52422,39.64473],[-7.44512,39.53618],[-7.36269,39.47832],[-7.33545,39.46514],[-7.30576,39.33814],[-7.17241,39.13521],[-7.04297,39.10708],[-6.99795,39.05644],[-7.00625,38.98525],[-7.04604,38.90703],[-7.12549,38.82695],[-7.21992,38.77051],[-7.28154,38.71455],[-7.28638,38.64937],[-7.30596,38.56685],[-7.33579,38.50147],[-7.34302,38.45742],[-7.1064,38.18101],[-6.9748,38.19443],[-6.95757,38.18789],[-6.9811,38.12197],[-7.02285,38.04473],[-7.07251,38.03003],[-7.18545,38.00635],[-7.29224,37.90645],[-7.37891,37.78638],[-7.44394,37.72827],[-7.50352,37.5855],[-7.49604,37.52358],[-7.46719,37.42803],[-7.40615,37.17944],[-7.4936,37.16831],[-7.83413,37.00571],[-7.9397,37.00542],[-8.13677,37.07705],[-8.48433,37.10005],[-8.59766,37.12134],[-8.73911,37.07461],[-8.84844,37.07568],[-8.93535,37.01602],[-8.9978,37.03228],[-8.92627,37.16606],[-8.81416,37.43081],[-8.81855,37.59243],[-8.79185,37.73281],[-8.82266,37.87188],[-8.87895,37.95869],[-8.80225,38.18384],[-8.81094,38.29976],[-8.8811,38.44668],[-8.66831,38.42432],[-8.73398,38.48242],[-8.79888,38.51816],[-8.86162,38.50996],[-8.91479,38.51211],[-9.096,38.45523],[-9.18672,38.43818],[-9.21328,38.4481],[-9.20337,38.53896],[-9.25039,38.65674],[-9.17783,38.68779],[-9.09331,38.69668],[-9.02148,38.74688],[-8.97705,38.80293],[-9.00049,38.90303],[-8.93809,38.9981],[-8.7916,39.07817],[-8.86748,39.06597],[-8.9543,39.01606],[-9.09102,38.83467],[-9.13579,38.74277],[-9.25229,38.71279],[-9.35674,38.6979],[-9.4102,38.70752],[-9.47412,38.73086],[-9.47974,38.79878],[-9.47476,38.85293],[-9.43144,38.96045],[-9.41435,39.11211],[-9.35283,39.24815],[-9.35723,39.28428],[-9.37476,39.33828],[-9.31963,39.39111],[-9.25142,39.42603],[-9.14829,39.54258],[-9.00405,39.82056],[-8.83784,40.11567],[-8.85132,40.15181],[-8.88662,40.17944],[-8.87266,40.25908],[-8.77241,40.60566],[-8.73159,40.65093],[-8.68462,40.75254],[-8.67397,40.9165],[-8.65557,41.02949],[-8.65981,41.08628],[-8.67461,41.15449],[-8.73838,41.28467],[-8.80566,41.56001],[-8.81084,41.65195],[-8.75542,41.69839],[-8.84639,41.70518],[-8.8876,41.7646],[-8.87822,41.83208],[-8.77715,41.94106]]],[[[-25.02734,36.95996],[-25.03154,36.94155],[-25.08838,36.94888],[-25.15991,36.94336],[-25.19839,36.99653],[-25.16352,37.01856],[-25.08291,37.02402],[-25.04434,37.0002],[-25.02734,36.95996]]],[[[-31.13711,39.40693],[-31.18135,39.35894],[-31.25762,39.37598],[-31.28296,39.39409],[-31.26084,39.49678],[-31.19985,39.52085],[-31.13862,39.47944],[-31.13711,39.40693]]],[[[-27.07524,38.64346],[-27.09531,38.63403],[-27.30283,38.66104],[-27.36191,38.69785],[-27.38594,38.76582],[-27.35102,38.78896],[-27.25967,38.80269],[-27.127,38.78984],[-27.04194,38.74121],[-27.04199,38.67891],[-27.07524,38.64346]]],[[[-27.77847,38.55562],[-27.82588,38.54356],[-28.09233,38.62056],[-28.18726,38.65537],[-28.31064,38.7439],[-27.96265,38.63633],[-27.77847,38.55562]]],[[[-28.64131,38.525],[-28.74385,38.52236],[-28.84204,38.59844],[-28.69775,38.63848],[-28.65542,38.61406],[-28.62422,38.58633],[-28.60581,38.55073],[-28.64131,38.525]]],[[[-28.14727,38.45269],[-28.06479,38.41274],[-28.18975,38.40415],[-28.23115,38.38467],[-28.33242,38.41289],[-28.45449,38.40864],[-28.53115,38.46255],[-28.54883,38.51856],[-28.51025,38.55303],[-28.40215,38.55337],[-28.14727,38.45269]]],[[[-25.64897,37.84092],[-25.5855,37.83403],[-25.2666,37.84863],[-25.18193,37.83789],[-25.19072,37.76436],[-25.25112,37.73501],[-25.43901,37.71533],[-25.73447,37.76289],[-25.83369,37.82607],[-25.84785,37.87241],[-25.8459,37.89404],[-25.78374,37.91113],[-25.64897,37.84092]]]]}},{"type":"Feature","id":"country-pol","properties":{"id":"country-pol","slug":"polonia","name":"Polonia","localName":"Poland","aliases":["Poland"],"kind":"country","boundaryStatus":"reference","parentId":null,"population":37970874,"areaKm2":313243.8,"density":121.2,"referenceYear":2019,"sourceId":"natural-earth","bbox":[14.12861,49.02075,24.10576,54.83818],"center":[19.117185,51.929465]},"geometry":{"type":"Polygon","coordinates":[[[23.60527,51.51792],[23.65889,51.44898],[23.67969,51.39492],[23.65762,51.35249],[23.66445,51.31006],[23.71221,51.26514],[23.86348,51.12622],[23.93809,50.99253],[23.98574,50.94043],[24.0958,50.87275],[24.10576,50.84497],[24.06162,50.81953],[24.02598,50.81616],[23.99707,50.80938],[23.97842,50.7856],[24.00732,50.76016],[24.04629,50.7228],[24.09473,50.61704],[24.08994,50.53047],[24.05264,50.50845],[24.00498,50.45703],[23.97266,50.41006],[23.71172,50.37734],[23.64902,50.32705],[23.50615,50.22983],[23.40859,50.17393],[23.26445,50.07285],[23.03633,49.89907],[22.95225,49.82637],[22.89072,49.76626],[22.70615,49.6062],[22.64941,49.53901],[22.66065,49.48369],[22.71992,49.35381],[22.73242,49.29517],[22.72197,49.24097],[22.70234,49.19273],[22.70566,49.17119],[22.76016,49.13623],[22.84707,49.08125],[22.85205,49.06274],[22.83975,49.03892],[22.80977,49.02075],[22.70127,49.03994],[22.57998,49.0772],[22.53867,49.07271],[22.47305,49.0813],[22.20254,49.15322],[22.02012,49.20952],[22.00215,49.24609],[21.96768,49.29907],[21.89014,49.34346],[21.71211,49.38193],[21.63965,49.41196],[21.35049,49.42876],[21.225,49.42944],[21.13613,49.41704],[21.0794,49.41826],[21.00117,49.33984],[20.94727,49.31709],[20.86846,49.3147],[20.79951,49.32866],[20.729,49.36992],[20.61611,49.3917],[20.53457,49.3812],[20.47451,49.39019],[20.42266,49.39233],[20.40469,49.38408],[20.36299,49.38525],[20.30254,49.36553],[20.23652,49.33765],[20.16367,49.31641],[20.10762,49.27075],[20.05762,49.1813],[19.91611,49.22139],[19.86895,49.204],[19.80225,49.19233],[19.75664,49.2044],[19.76738,49.23521],[19.78799,49.26997],[19.78701,49.31856],[19.77393,49.37217],[19.73008,49.3896],[19.66416,49.39605],[19.63027,49.40664],[19.62666,49.42437],[19.59307,49.44712],[19.53477,49.50479],[19.47969,49.57637],[19.4416,49.59771],[19.38623,49.56362],[19.30234,49.52485],[19.2502,49.51143],[19.14941,49.4],[18.96836,49.39624],[18.95723,49.44829],[18.93818,49.49829],[18.83223,49.51079],[18.8293,49.54014],[18.80693,49.61372],[18.59463,49.75781],[18.56885,49.81792],[18.57715,49.84111],[18.5624,49.87935],[18.51621,49.90239],[18.34844,49.92983],[18.30527,49.91406],[18.26631,49.93027],[18.20527,49.96475],[18.09922,49.99277],[18.0877,50.00728],[18.04951,50.03193],[18.02832,50.03525],[18.01465,50.02026],[17.98379,49.99907],[17.8748,49.97227],[17.83125,49.9833],[17.7917,50.00659],[17.74658,50.05679],[17.68106,50.10078],[17.62705,50.11641],[17.59629,50.1395],[17.58936,50.15747],[17.70928,50.19356],[17.73545,50.23076],[17.72012,50.29863],[17.70225,50.30718],[17.65469,50.28423],[17.55459,50.26406],[17.46231,50.25479],[17.41523,50.25479],[17.15195,50.37832],[16.98076,50.41611],[16.88008,50.42705],[16.86914,50.4145],[16.91475,50.34522],[16.99336,50.25972],[16.98965,50.23691],[16.89531,50.20195],[16.8418,50.18672],[16.77861,50.15703],[16.72529,50.11606],[16.6791,50.09746],[16.63916,50.10215],[16.59668,50.12192],[16.4876,50.24839],[16.35049,50.34522],[16.33418,50.3669],[16.29131,50.37188],[16.23076,50.39409],[16.21035,50.42373],[16.24072,50.45469],[16.28252,50.48301],[16.35664,50.50049],[16.3791,50.5169],[16.39229,50.54165],[16.41973,50.57363],[16.4125,50.58516],[16.35996,50.62139],[16.28223,50.65562],[16.06641,50.62993],[16.00723,50.61162],[15.97383,50.63545],[15.94854,50.67026],[15.89395,50.6769],[15.81924,50.70869],[15.73057,50.7397],[15.64395,50.74888],[15.46397,50.79385],[15.39463,50.79629],[15.3544,50.81177],[15.3126,50.84575],[15.27705,50.88301],[15.25859,50.95855],[15.12598,50.99287],[14.99375,51.01436],[14.98447,51.00342],[14.98994,50.92725],[14.98291,50.88657],[14.8958,50.86138],[14.80938,50.85898],[14.81426,50.87163],[14.91748,51.00874],[14.96387,51.09512],[15.0166,51.25273],[14.95313,51.37715],[14.93555,51.43535],[14.90596,51.46333],[14.72471,51.52388],[14.71094,51.54492],[14.73867,51.62715],[14.7249,51.66172],[14.68135,51.69819],[14.62393,51.7708],[14.60166,51.83237],[14.6749,51.90483],[14.69297,51.95801],[14.72481,52.03086],[14.74815,52.0708],[14.75254,52.08184],[14.70459,52.11021],[14.69238,52.15005],[14.70537,52.20747],[14.67988,52.25],[14.61563,52.27764],[14.57393,52.31416],[14.55459,52.35967],[14.56973,52.4311],[14.61943,52.52852],[14.51406,52.64561],[14.25371,52.78252],[14.12861,52.87822],[14.13887,52.93286],[14.19365,52.98232],[14.29316,53.02676],[14.36856,53.10557],[14.41094,53.19902],[14.41231,53.21675],[14.41455,53.2835],[14.29873,53.55645],[14.27988,53.62476],[14.26611,53.70713],[14.25889,53.72964],[14.4876,53.67188],[14.5835,53.63936],[14.57158,53.67588],[14.55215,53.70732],[14.56494,53.75352],[14.5584,53.82319],[14.35088,53.85874],[14.21367,53.87075],[14.19824,53.91904],[14.21143,53.95034],[14.24932,53.93193],[14.38418,53.92471],[14.71572,54.01831],[15.28838,54.13989],[15.9,54.25396],[16.04277,54.26636],[16.18633,54.29038],[16.23936,54.33306],[16.29229,54.36162],[16.37559,54.43687],[16.55977,54.55381],[16.88545,54.59639],[17.00703,54.65186],[17.26191,54.72954],[17.84297,54.8167],[18.08565,54.83584],[18.32344,54.83818],[18.53516,54.76943],[18.75928,54.68457],[18.79961,54.63335],[18.67832,54.66528],[18.50156,54.7415],[18.43623,54.74473],[18.58711,54.51289],[18.66963,54.43091],[18.83643,54.36958],[18.97627,54.34893],[19.40713,54.38608],[19.56016,54.43462],[19.6044,54.45918],[19.64424,54.44707],[19.92432,54.43398],[20.2082,54.42075],[20.66475,54.40664],[21.14053,54.3918],[21.63418,54.37647],[22.16846,54.35986],[22.73184,54.3501],[22.76621,54.35679],[22.82373,54.3958],[22.89395,54.39053],[22.97676,54.36636],[23.01553,54.34834],[23.03193,54.32788],[23.04219,54.3042],[23.0875,54.29946],[23.17031,54.28145],[23.28232,54.24033],[23.37012,54.20049],[23.45361,54.14346],[23.48135,54.079],[23.48301,54.00596],[23.47764,53.95894],[23.48467,53.9398],[23.59893,53.59922],[23.78926,53.27095],[23.85918,53.11211],[23.88711,53.02754],[23.90938,52.90488],[23.91631,52.81875],[23.91543,52.77026],[23.90127,52.70361],[23.84473,52.66421],[23.47959,52.55156],[23.41094,52.51621],[23.30332,52.42837],[23.2041,52.33789],[23.18125,52.30698],[23.1751,52.28662],[23.19697,52.25693],[23.32715,52.20845],[23.4584,52.16953],[23.50117,52.14038],[23.59795,52.10308],[23.6333,52.06958],[23.65244,52.04038],[23.65107,51.973],[23.60742,51.87979],[23.62568,51.80933],[23.58135,51.7624],[23.54482,51.71025],[23.53965,51.6189],[23.60527,51.51792]]]}},{"type":"Feature","id":"country-nor","properties":{"id":"country-nor","slug":"noruega","name":"Noruega","localName":"Norway","aliases":["Norway"],"kind":"country","boundaryStatus":"reference","parentId":null,"population":5347896,"areaKm2":385110.9,"density":13.9,"referenceYear":2019,"sourceId":"natural-earth","bbox":[-9.09888,58.02095,33.6293,80.47783],"center":[12.26521,69.24939]},"geometry":{"type":"MultiPolygon","coordinates":[[[[20.62217,69.03687],[20.49199,69.0333],[20.1167,69.0209],[20.28232,68.93433],[20.33711,68.89966],[20.34805,68.84873],[20.31943,68.75405],[20.24004,68.67315],[20.14746,68.60732],[19.96885,68.54204],[20.24004,68.47754],[20.05596,68.39038],[19.96982,68.3564],[19.87002,68.36226],[19.69121,68.39243],[19.25898,68.46533],[19.05264,68.49272],[18.86826,68.50112],[18.76982,68.50005],[18.37861,68.5624],[18.30303,68.55542],[18.1626,68.52842],[18.14707,68.46777],[18.15596,68.31685],[18.17666,68.20064],[18.125,68.13345],[18.07324,68.08784],[17.9167,67.96489],[17.56475,68.04844],[17.32461,68.10381],[17.17051,68.03013],[16.78359,67.89502],[16.58555,67.62832],[16.57412,67.61958],[16.45713,67.55176],[16.30713,67.52061],[16.19356,67.50518],[16.12744,67.42583],[16.28154,67.31206],[16.36065,67.252],[16.43428,67.15508],[16.4207,67.09336],[16.40352,67.05498],[16.23769,66.97642],[15.88418,66.76885],[15.55703,66.5521],[15.42295,66.48984],[15.48379,66.30596],[15.3749,66.25205],[15.15332,66.19106],[15.04004,66.16753],[14.91797,66.15371],[14.54326,66.12935],[14.60996,65.93228],[14.63516,65.84502],[14.63457,65.79326],[14.5958,65.74287],[14.54951,65.64639],[14.47969,65.30146],[14.42627,65.26435],[14.35244,65.17085],[14.11514,64.94614],[13.92481,64.79678],[13.65029,64.58154],[13.87354,64.51357],[14.07764,64.46401],[14.11992,64.38774],[14.14805,64.2603],[14.14121,64.17354],[14.06328,64.09551],[14.00273,64.04072],[13.96055,64.01401],[13.6707,64.04063],[13.29961,64.07481],[13.20352,64.0751],[12.9876,64.05049],[12.79277,64],[12.69004,63.95742],[12.6625,63.94048],[12.53272,63.84356],[12.30195,63.67119],[12.1752,63.59595],[12.21211,63.49224],[11.9999,63.2917],[12.13867,63.08916],[12.14463,63.08252],[12.21816,63.00064],[12.14102,62.94785],[12.10859,62.91948],[12.11963,62.82593],[12.13984,62.72134],[12.12188,62.66001],[12.11455,62.5919],[12.30352,62.2856],[12.30137,62.21377],[12.29199,62.16743],[12.23369,61.97686],[12.15537,61.72075],[12.29209,61.65347],[12.48682,61.573],[12.59609,61.54131],[12.75752,61.4457],[12.88076,61.3523],[12.86367,61.29028],[12.82822,61.22183],[12.77637,61.17398],[12.72783,61.10825],[12.70606,61.05986],[12.68301,61.04683],[12.46758,61.0415],[12.35371,61.02319],[12.29414,61.00269],[12.31465,60.89214],[12.44531,60.68965],[12.55381,60.54565],[12.58867,60.45073],[12.55283,60.35449],[12.51582,60.30523],[12.51465,60.23887],[12.48613,60.10679],[12.40205,60.04004],[12.29199,59.96724],[12.16924,59.91289],[12.07188,59.89761],[11.98828,59.89131],[11.93213,59.86367],[11.88125,59.78247],[11.83428,59.69717],[11.68076,59.59229],[11.68486,59.55576],[11.74336,59.43145],[11.79815,59.28989],[11.75186,59.15757],[11.71221,59.01865],[11.64277,58.92607],[11.54356,58.89302],[11.4707,58.90952],[11.38828,59.03652],[11.38643,59.06572],[11.36592,59.10454],[11.13213,59.14321],[11.09082,59.1418],[10.99893,59.16445],[10.94502,59.17085],[10.83447,59.18394],[10.74258,59.296],[10.64492,59.38921],[10.63106,59.42817],[10.63438,59.60249],[10.60449,59.68003],[10.59531,59.76455],[10.53389,59.6958],[10.56953,59.58711],[10.49375,59.5415],[10.39815,59.51934],[10.40713,59.45566],[10.44639,59.4436],[10.45459,59.37749],[10.43135,59.27964],[10.24316,59.06206],[10.20518,59.03867],[10.1794,59.00928],[10.08311,59.02881],[9.95957,58.96821],[9.84258,58.9585],[9.8002,59.02705],[9.63516,59.11777],[9.55723,59.1127],[9.62715,59.06792],[9.69609,59.00972],[9.65693,58.97119],[9.61846,58.94605],[9.55107,58.93301],[9.30996,58.85684],[9.3958,58.80566],[9.32295,58.74756],[9.23867,58.73901],[9.19375,58.71187],[9.17813,58.675],[8.92842,58.56997],[8.52139,58.30059],[8.31221,58.22446],[8.16611,58.14531],[8.0374,58.14727],[7.87559,58.07998],[7.46592,58.02095],[7.19414,58.04766],[7.00488,58.02422],[6.90342,58.07051],[6.89023,58.1023],[6.89531,58.12075],[6.91231,58.14287],[6.87705,58.15073],[6.80283,58.15454],[6.77109,58.13223],[6.7668,58.08154],[6.73145,58.06831],[6.59053,58.09731],[6.55508,58.12344],[6.60576,58.17637],[6.69248,58.22402],[6.67676,58.23379],[6.65986,58.26274],[6.61758,58.26641],[6.4915,58.25942],[6.38906,58.26797],[6.05469,58.37515],[5.97656,58.43232],[5.70684,58.52363],[5.58594,58.62041],[5.51729,58.72651],[5.52246,58.82266],[5.55557,58.9752],[5.61221,59.01289],[5.8543,58.95947],[6.09902,58.87026],[6.13731,58.87466],[6.21416,58.94468],[6.36328,59.00093],[6.32109,59.01646],[6.09941,58.95195],[6.01699,58.9877],[5.88916,59.0605],[5.88916,59.09795],[5.94873,59.13545],[5.96856,59.18613],[5.93731,59.23398],[5.95186,59.29907],[6.05068,59.36816],[6.19893,59.43809],[6.30566,59.50557],[6.41533,59.54712],[6.40391,59.56099],[6.27852,59.53452],[6.15859,59.48965],[6.01738,59.41445],[5.84522,59.35347],[5.71797,59.32983],[5.65732,59.31025],[5.56406,59.29121],[5.46758,59.20381],[5.36231,59.16636],[5.17324,59.16255],[5.13164,59.22647],[5.18506,59.45366],[5.24219,59.56431],[5.30488,59.64258],[5.40352,59.65576],[5.47246,59.71309],[5.52969,59.71309],[5.57949,59.68662],[5.77217,59.66094],[5.86729,59.73398],[5.99102,59.74468],[6.2166,59.81836],[6.21191,59.83179],[6.05928,59.81558],[5.9667,59.81318],[5.83398,59.79468],[5.76348,59.80791],[5.73047,59.86309],[5.78359,59.91279],[5.99648,60.03149],[6.06992,60.0835],[6.11182,60.13208],[6.10518,60.16514],[6.14053,60.2335],[6.34873,60.35298],[6.51807,60.40757],[6.57363,60.3606],[6.52637,60.21362],[6.52686,60.15293],[6.66094,60.36724],[6.71992,60.41816],[6.78711,60.4541],[6.94971,60.47822],[6.9957,60.51196],[6.80635,60.50078],[6.34697,60.41909],[6.15332,60.34624],[6.10176,60.29014],[5.96738,60.20557],[5.9044,60.15064],[5.87656,60.07002],[5.80088,60.02622],[5.69883,60.01001],[5.55703,59.90776],[5.49453,59.82559],[5.35342,59.76011],[5.26387,59.70977],[5.23447,59.6918],[5.18604,59.64229],[5.1458,59.63882],[5.11074,59.66782],[5.10488,59.73169],[5.11924,59.83369],[5.18711,59.90708],[5.21953,59.97876],[5.17441,60.0457],[5.20566,60.08794],[5.26543,60.08648],[5.37647,60.06724],[5.49453,60.07031],[5.68857,60.12319],[5.65762,60.1541],[5.57383,60.1585],[5.41738,60.1541],[5.28584,60.20571],[5.18359,60.3084],[5.13711,60.44561],[5.16816,60.48481],[5.54648,60.62456],[5.64834,60.68799],[5.58936,60.69429],[5.44736,60.61733],[5.24404,60.56958],[5.11582,60.63599],[5.04912,60.70752],[5.01074,60.85855],[5.02461,60.93613],[5.00859,61.03818],[5.09541,61.07134],[5.19248,61.05371],[5.28818,61.04717],[5.50527,61.0561],[5.98398,61.11733],[6.29258,61.08096],[6.41797,61.08428],[6.60986,61.13701],[6.77783,61.14243],[6.90342,61.10215],[6.97207,61.05596],[6.98057,60.99414],[7.03867,60.95293],[7.07793,60.96631],[7.04668,61.01528],[7.04014,61.09116],[7.54502,61.17715],[7.60449,61.21055],[7.40391,61.22217],[7.34658,61.30059],[7.45254,61.41924],[7.44258,61.43462],[7.33115,61.37202],[7.27627,61.28394],[7.29805,61.21362],[7.27598,61.18096],[7.17354,61.16597],[6.94258,61.16055],[6.79434,61.19038],[6.65703,61.20659],[6.61025,61.2291],[6.62588,61.2793],[6.5999,61.28965],[6.54307,61.24453],[6.49258,61.15459],[6.3835,61.13389],[6.08252,61.16729],[5.64678,61.14761],[5.45127,61.10234],[5.32461,61.10825],[5.10674,61.18755],[5.02168,61.25059],[4.98994,61.37769],[5.00273,61.43359],[5.17246,61.45713],[5.2583,61.45547],[5.33867,61.4855],[5.26758,61.50503],[5.16758,61.54336],[5.09941,61.62017],[4.99668,61.64522],[4.92783,61.71069],[4.91035,61.80957],[4.93008,61.87832],[4.98506,61.90044],[5.11699,61.8854],[5.46533,61.89692],[5.79326,61.8271],[6.01582,61.7875],[6.4667,61.80742],[6.73076,61.86978],[6.68232,61.88701],[6.3959,61.85098],[6.13115,61.85244],[5.66445,61.9229],[5.47305,61.94561],[5.2669,61.9356],[5.15957,61.95698],[5.09648,62.02666],[5.14316,62.15991],[5.24092,62.18867],[5.29385,62.15391],[5.35772,62.15171],[5.42236,62.20737],[5.48428,62.23911],[5.5333,62.31089],[5.71816,62.37891],[5.79629,62.38467],[5.9083,62.41602],[5.97979,62.40713],[6.02559,62.37568],[6.0835,62.34961],[6.20898,62.35278],[6.58008,62.40728],[6.62002,62.42329],[6.69238,62.46807],[6.45713,62.4481],[6.26172,62.41631],[6.13613,62.40747],[6.11846,62.44717],[6.16475,62.48242],[6.2375,62.51992],[6.27285,62.58384],[6.35293,62.61113],[6.43945,62.60967],[6.61836,62.62129],[6.74463,62.63789],[6.96113,62.62676],[7.28379,62.6023],[7.4918,62.54282],[7.57012,62.54819],[7.65313,62.56401],[7.69072,62.5856],[7.52744,62.6103],[7.51816,62.64551],[7.53838,62.67207],[7.80469,62.721],[8.09551,62.73184],[8.04551,62.77124],[7.4084,62.71177],[7.24209,62.75234],[7.11084,62.752],[7.0249,62.72881],[6.77998,62.70073],[6.73496,62.7207],[6.78154,62.78965],[6.92822,62.90273],[6.94043,62.93047],[7.0085,62.95767],[7.38906,63.02329],[7.57188,63.09951],[7.6543,63.10918],[7.73604,63.10386],[7.86035,63.11279],[8.10059,63.09097],[8.21113,62.99551],[8.31055,62.96553],[8.62314,62.84624],[8.60918,62.88057],[8.33857,63.04219],[8.23516,63.08218],[8.15801,63.16152],[8.18447,63.23652],[8.27148,63.28657],[8.58018,63.31338],[8.63555,63.34233],[8.64102,63.39209],[8.59375,63.42612],[8.48018,63.42417],[8.38652,63.44526],[8.36074,63.49888],[8.39815,63.53511],[8.57617,63.60117],[8.67363,63.62261],[8.84238,63.6459],[9.13584,63.59365],[9.15811,63.56626],[9.07588,63.50039],[9.08418,63.46343],[9.15606,63.45933],[9.32363,63.57036],[9.5207,63.58569],[9.60225,63.60957],[9.69688,63.62456],[9.83223,63.52417],[9.8915,63.49204],[9.93604,63.47886],[9.9792,63.39526],[10.021,63.39082],[10.08057,63.43272],[10.18857,63.45479],[10.34004,63.46934],[10.59092,63.44722],[10.70449,63.46357],[10.76016,63.46128],[10.70674,63.53633],[10.67363,63.55801],[10.72529,63.625],[10.7792,63.65117],[10.95254,63.69819],[11.11787,63.71919],[11.22578,63.76382],[11.3707,63.80483],[11.34795,63.8377],[11.30762,63.87573],[11.21387,63.87813],[11.17559,63.89888],[11.29463,63.94819],[11.45762,64.00298],[11.4292,64.02451],[11.30664,64.04888],[11.21357,64.03052],[11.0752,63.98814],[10.91426,63.92109],[10.9667,63.90156],[11.04727,63.84522],[10.93486,63.77022],[10.33916,63.57105],[10.05508,63.5127],[9.92402,63.52178],[9.89277,63.57622],[9.83232,63.6165],[9.76748,63.69951],[9.65723,63.69731],[9.59463,63.67896],[9.56729,63.70615],[9.61475,63.79482],[9.70801,63.86489],[9.86445,63.91782],[9.93945,63.98174],[10.00996,64.08315],[10.23623,64.17964],[10.56563,64.41831],[10.83398,64.49448],[10.93232,64.57773],[11.09043,64.61455],[11.22539,64.67949],[11.33135,64.68594],[11.52383,64.74438],[11.63291,64.81392],[11.56172,64.81826],[11.39248,64.773],[11.29678,64.75479],[11.30352,64.8294],[11.3499,64.90591],[11.48936,64.97583],[12.15967,65.17896],[12.22656,65.14536],[12.30654,65.08599],[12.5084,65.09941],[12.73838,65.2144],[12.91553,65.33926],[12.81982,65.31748],[12.71533,65.26636],[12.51172,65.19531],[12.41758,65.18408],[12.36387,65.19331],[12.33398,65.24072],[12.26338,65.2561],[12.19961,65.24546],[12.13389,65.27915],[12.12217,65.36235],[12.20625,65.48623],[12.27285,65.56816],[12.34482,65.63018],[12.62773,65.80615],[12.68887,65.9022],[12.8168,65.95288],[12.98301,65.9416],[13.03311,65.95625],[12.97607,66.01919],[12.79492,66.06909],[12.78379,66.10044],[13.38711,66.18276],[13.67441,66.17998],[13.75967,66.22105],[13.91582,66.24736],[14.03418,66.29756],[13.97315,66.31973],[13.68135,66.27358],[13.49893,66.2519],[13.41641,66.25259],[13.35205,66.23672],[13.11885,66.23066],[13.06816,66.43081],[13.10469,66.5394],[13.1916,66.53716],[13.21143,66.64082],[13.31182,66.70185],[13.45039,66.71553],[13.52022,66.74165],[13.62109,66.79482],[13.78799,66.78247],[13.95947,66.79434],[13.91699,66.81939],[13.7041,66.85166],[13.65156,66.90708],[13.72666,66.93804],[13.8084,66.96079],[13.88018,66.96489],[14.02236,67.0731],[14.10879,67.11924],[14.20557,67.11123],[14.34033,67.15894],[14.47266,67.14268],[14.60068,67.17388],[14.77559,67.19448],[15.41572,67.20244],[15.43477,67.24668],[15.3001,67.25693],[14.82441,67.26831],[14.58154,67.26743],[14.4793,67.25596],[14.4417,67.27139],[14.44834,67.29785],[14.53662,67.33975],[14.57852,67.38604],[14.75498,67.49902],[14.96191,67.57427],[15.12051,67.55503],[15.28916,67.48315],[15.40938,67.47417],[15.46533,67.45093],[15.55293,67.35176],[15.59443,67.34854],[15.57568,67.44385],[15.6915,67.52139],[15.66133,67.54282],[15.48731,67.5148],[15.354,67.54394],[15.24873,67.60215],[15.21865,67.65537],[15.28408,67.70796],[15.3458,67.73442],[15.30391,67.76528],[15.04082,67.68257],[14.85469,67.66333],[14.78135,67.6749],[14.82109,67.74985],[14.79893,67.80933],[15.04844,67.95576],[15.13428,67.97271],[15.27441,67.96094],[15.40088,67.91963],[15.50664,67.92622],[15.62139,67.94829],[15.60576,67.98789],[15.35693,68.00361],[15.29287,68.03648],[15.31602,68.06875],[15.48682,68.10283],[15.65664,68.16436],[15.85127,68.18218],[16.00791,68.22871],[16.03809,68.21816],[16.06455,68.1999],[16.1208,68.02734],[16.26074,67.88657],[16.3123,67.88145],[16.25859,68.00122],[16.30869,68.03565],[16.37217,68.06182],[16.39199,68.0916],[16.31924,68.10176],[16.25977,68.14453],[16.17481,68.28125],[16.20381,68.31675],[16.38789,68.38955],[16.61885,68.4063],[16.86494,68.35527],[16.95137,68.35469],[17.09404,68.36841],[17.33613,68.41035],[17.47852,68.42632],[17.55283,68.42627],[17.57119,68.44746],[17.50234,68.46108],[17.48018,68.47432],[17.42617,68.48193],[17.20234,68.45928],[16.58486,68.46646],[16.52529,68.49067],[16.51435,68.53257],[16.57988,68.59268],[16.65186,68.62578],[16.88467,68.6854],[17.13115,68.69346],[17.39082,68.79936],[17.49004,68.87876],[17.54629,69.00112],[17.70459,69.10005],[18.10147,69.1563],[18.11748,69.1812],[18.07539,69.23262],[18.07871,69.32524],[18.1875,69.43311],[18.25977,69.47061],[18.29316,69.4751],[18.37871,69.43984],[18.48262,69.36484],[18.64551,69.32188],[18.85898,69.31445],[18.91592,69.3356],[18.75,69.37842],[18.62441,69.43438],[18.61445,69.49058],[18.67402,69.52036],[18.7666,69.51704],[18.88281,69.52334],[18.99111,69.56113],[19.00684,69.5877],[19.01133,69.62373],[19.03838,69.6604],[19.19727,69.74785],[19.68701,69.80474],[19.72246,69.78164],[19.696,69.61294],[19.63975,69.50381],[19.6415,69.42402],[19.73682,69.50381],[19.86465,69.72212],[19.96055,69.82461],[20.06895,69.88345],[20.14639,69.89673],[20.22305,69.9272],[20.32422,69.94531],[20.35518,69.92192],[20.38721,69.86763],[20.33272,69.67695],[20.33818,69.61665],[20.27715,69.53584],[20.04375,69.35566],[20.05449,69.33267],[20.10723,69.34121],[20.19766,69.37095],[20.48672,69.54209],[20.73945,69.52051],[20.74258,69.53452],[20.66152,69.58472],[20.5625,69.63281],[20.53272,69.69233],[20.546,69.85107],[20.62207,69.91392],[20.84033,69.90732],[20.97109,69.91602],[21.03213,69.88745],[21.16309,69.8895],[21.25371,70.00322],[21.43291,70.01318],[21.59023,69.93804],[21.77959,69.88745],[21.93174,69.8147],[21.97471,69.83457],[21.89258,70.00425],[21.80273,70.06606],[21.60781,70.09819],[21.40039,70.17446],[21.34629,70.20825],[21.35576,70.2334],[21.53877,70.25767],[21.78027,70.22988],[21.99551,70.29336],[22.0544,70.27598],[22.21943,70.30918],[22.32197,70.2645],[22.38477,70.27773],[22.42119,70.3376],[22.68457,70.37476],[22.85166,70.34048],[22.94121,70.30498],[22.98281,70.23677],[23.04648,70.10186],[23.17695,70.02905],[23.25791,69.99331],[23.35391,69.9834],[23.4002,70.01978],[23.31025,70.06357],[23.28604,70.10483],[23.3291,70.20723],[23.3794,70.24746],[23.66123,70.39976],[23.89717,70.47876],[24.03848,70.48535],[24.28555,70.6624],[24.35557,70.69458],[24.42002,70.702],[24.40352,70.74531],[24.26816,70.77271],[24.26348,70.82632],[24.4418,70.89155],[24.65801,71.00103],[24.76475,71.00845],[24.83164,70.97803],[25.04219,70.92861],[25.17119,70.87202],[25.26465,70.84351],[25.32539,70.84941],[25.37559,70.89194],[25.43594,70.91187],[25.56982,70.90068],[25.64971,70.87334],[25.71191,70.86973],[25.76816,70.85317],[25.78145,70.8168],[25.66563,70.77715],[25.46826,70.67197],[25.27354,70.55239],[25.20928,70.4894],[25.14639,70.32402],[24.99424,70.21821],[24.98272,70.14399],[25.04385,70.10903],[25.21182,70.13648],[25.41885,70.2355],[25.47051,70.34058],[25.98809,70.62539],[26.23086,70.78262],[26.50693,70.91279],[26.66133,70.93975],[26.73398,70.85356],[26.67549,70.74097],[26.5582,70.66914],[26.64463,70.63623],[26.62813,70.55088],[26.60117,70.50347],[26.58398,70.45381],[26.58506,70.41001],[26.66611,70.42168],[26.98936,70.51138],[27.07129,70.60845],[27.14727,70.6812],[27.18369,70.74404],[27.30938,70.80356],[27.54648,70.804],[27.55566,70.82739],[27.26904,70.91001],[27.23525,70.94722],[27.33164,70.99673],[27.59707,71.09131],[27.7335,71.08086],[27.81504,71.05938],[28.1417,71.04302],[28.39229,70.97529],[28.38272,70.86943],[28.32686,70.82519],[28.27188,70.79795],[27.95098,70.71758],[27.89805,70.67793],[27.99883,70.66426],[28.21563,70.70435],[28.27178,70.66797],[28.20273,70.5769],[28.19102,70.44019],[28.16602,70.3604],[28.16602,70.28765],[28.19297,70.24858],[28.28008,70.40342],[28.30986,70.44307],[28.43731,70.50137],[28.48477,70.6188],[28.60938,70.75967],[28.74981,70.8415],[28.83154,70.86396],[29.10234,70.86074],[29.21856,70.82993],[29.32109,70.76148],[29.39766,70.73413],[29.63906,70.70503],[29.72197,70.66856],[29.7375,70.64683],[29.79648,70.64253],[29.95938,70.69439],[30.06514,70.70298],[30.2377,70.62217],[30.20303,70.5623],[30.21318,70.54331],[30.42207,70.54717],[30.5959,70.52368],[30.92637,70.40112],[30.96065,70.34385],[30.94414,70.27441],[30.46895,70.19785],[30.26299,70.12471],[29.92588,70.09648],[28.78115,70.14541],[28.8043,70.09253],[29.60137,69.97676],[29.64688,69.9437],[29.62139,69.87407],[29.621,69.81821],[29.63594,69.78013],[29.69463,69.74458],[29.79209,69.72788],[29.99033,69.73667],[30.08828,69.71758],[30.15518,69.74595],[30.18008,69.84116],[30.2376,69.86221],[30.34883,69.83457],[30.39727,69.73281],[30.42832,69.72227],[30.48438,69.79487],[30.59453,69.78965],[30.71445,69.7957],[30.86973,69.78345],[30.92412,69.65176],[30.92246,69.60581],[30.89668,69.56123],[30.86074,69.53843],[30.78887,69.52852],[30.61543,69.53257],[30.37969,69.58472],[30.22754,69.63379],[30.18018,69.63584],[30.15977,69.62988],[30.19648,69.58057],[30.18672,69.54277],[30.16377,69.50161],[30.13184,69.46426],[30.08731,69.43286],[29.99404,69.39248],[29.83272,69.36045],[29.38828,69.29815],[29.35303,69.27061],[29.20996,69.09702],[29.1709,69.07153],[29.11856,69.04995],[28.96582,69.02197],[28.8919,69.0606],[28.83262,69.11899],[28.84629,69.1769],[29.0249,69.28799],[29.1918,69.3667],[29.23887,69.39395],[29.3334,69.473],[29.1416,69.67144],[28.80039,69.73149],[28.41172,69.82275],[28.26914,69.87144],[28.04727,69.97168],[27.88994,70.06167],[27.74785,70.06484],[27.5917,70.04224],[27.34805,69.96006],[27.20566,69.9187],[27.12754,69.90649],[27.10869,69.90469],[26.93428,69.92812],[26.74023,69.93306],[26.58428,69.92632],[26.52539,69.91504],[26.3082,69.78193],[26.15615,69.7147],[26.07246,69.69155],[26.01152,69.65264],[25.96152,69.58862],[25.8502,69.3665],[25.76719,69.28267],[25.74863,69.23144],[25.76816,69.07612],[25.74834,68.99014],[25.64668,68.91914],[25.57529,68.88716],[25.48086,68.88062],[25.35713,68.86245],[25.24912,68.82134],[25.17285,68.76528],[25.08691,68.6396],[24.94141,68.59326],[24.80244,68.60649],[24.70322,68.65283],[24.49053,68.68867],[24.33203,68.71152],[24.1541,68.76089],[23.99736,68.79844],[23.854,68.80591],[23.77256,68.7584],[23.70703,68.71387],[23.4625,68.67764],[23.32402,68.64897],[23.14434,68.64258],[23.07168,68.67436],[22.81104,68.69531],[22.50068,68.72022],[22.41094,68.71987],[22.38291,68.77661],[22.30039,68.85586],[22.07969,68.99277],[21.98945,69.04111],[21.81973,69.15449],[21.62178,69.2707],[21.59375,69.27358],[21.46123,69.27749],[21.2668,69.27368],[21.14375,69.24727],[21.06611,69.21411],[21.05264,69.18657],[21.12783,69.08081],[21.10449,69.05444],[21.06572,69.04175],[20.88926,69.07144],[20.67588,69.06948],[20.62217,69.03687]]],[[[4.95869,61.08457],[4.87012,61.07192],[4.79902,61.08272],[4.82441,61.17822],[4.86162,61.19385],[4.91543,61.19937],[4.97324,61.14824],[4.95869,61.08457]]],[[[5.08584,60.30757],[5.08906,60.18877],[4.99697,60.19775],[4.95557,60.24331],[4.94356,60.27241],[4.95078,60.34116],[4.93008,60.41206],[4.95723,60.44727],[4.99062,60.45205],[5.0502,60.38897],[5.08584,60.30757]]],[[[29.95615,69.79678],[29.76621,69.76753],[29.74424,69.7916],[29.78594,69.82905],[29.83584,69.90557],[29.91397,69.90244],[29.99297,69.87324],[30.05518,69.83838],[29.95615,69.79678]]],[[[11.96797,65.62651],[11.90186,65.5957],[11.77832,65.60454],[11.76514,65.63096],[11.80039,65.68389],[11.87539,65.70591],[11.97236,65.70156],[12.00322,65.67944],[11.96797,65.62651]]],[[[8.4708,63.66714],[8.35615,63.6648],[8.28711,63.68716],[8.45127,63.73184],[8.70889,63.77432],[8.7334,63.80132],[8.76465,63.80464],[8.80918,63.77144],[8.81484,63.72598],[8.78652,63.70347],[8.4708,63.66714]]],[[[8.10273,63.3376],[8.00469,63.33691],[7.88828,63.35234],[7.81533,63.38506],[7.804,63.41392],[7.93838,63.44981],[8.07354,63.4708],[8.13613,63.43135],[8.14092,63.36641],[8.10273,63.3376]]],[[[23.44053,70.81577],[23.4209,70.78442],[23.38711,70.75391],[23.30518,70.72168],[23.06816,70.59409],[22.92891,70.57354],[22.88477,70.55352],[22.8291,70.54155],[22.65606,70.55903],[22.60537,70.53315],[22.55752,70.51587],[22.43223,70.50918],[22.35869,70.5148],[22.16875,70.56211],[22.05576,70.61333],[21.99453,70.65713],[22.17002,70.6563],[22.23262,70.6669],[22.35029,70.65767],[22.421,70.70259],[22.5707,70.69717],[22.85811,70.72842],[22.96357,70.71099],[23.20469,70.81548],[23.28018,70.81274],[23.39561,70.84258],[23.44053,70.81577]]],[[[25.58633,71.14209],[25.85352,71.10386],[25.94502,71.10464],[26.07764,71.03315],[26.14688,71.0395],[26.13379,70.9958],[25.99971,70.9751],[25.79131,70.9625],[25.76016,70.95381],[25.58203,70.96079],[25.48203,71.01958],[25.31494,71.03413],[25.31523,71.05298],[25.42344,71.09741],[25.58633,71.14209]]],[[[23.61533,70.54932],[23.63398,70.50254],[23.64102,70.46397],[23.54775,70.40815],[23.33281,70.33496],[23.34512,70.31528],[23.2707,70.29648],[23.15918,70.28262],[23.10029,70.29609],[23.1084,70.35884],[23.09063,70.37764],[23.00596,70.35278],[22.91787,70.38467],[22.91777,70.41675],[22.94102,70.44458],[23.02246,70.48691],[23.1584,70.51606],[23.24805,70.50513],[23.54668,70.61709],[23.57891,70.59365],[23.61533,70.54932]]],[[[24.01758,70.56738],[23.82715,70.52749],[23.7166,70.56187],[23.67012,70.59707],[23.66328,70.67524],[23.68916,70.7228],[23.77842,70.74736],[23.83652,70.7294],[23.85205,70.71436],[23.95645,70.69961],[24.07832,70.65059],[24.01758,70.56738]]],[[[13.87285,68.26533],[13.93232,68.24824],[14.0877,68.25322],[14.11885,68.24683],[14.09678,68.2186],[14.0293,68.18755],[13.8877,68.16851],[13.82402,68.12109],[13.77842,68.10498],[13.65615,68.10479],[13.58398,68.09385],[13.49522,68.05166],[13.42422,68.08276],[13.4044,68.06069],[13.3915,68.02124],[13.35205,68.00967],[13.2294,67.99536],[13.19951,68.08726],[13.25596,68.12061],[13.3002,68.16045],[13.36797,68.16655],[13.42871,68.16323],[13.53799,68.24902],[13.6877,68.27339],[13.78408,68.27612],[13.87285,68.26533]]],[[[12.97178,67.87412],[12.82402,67.82124],[12.87793,67.91777],[12.95772,68.01548],[13.06807,68.07134],[13.12285,68.04941],[13.09775,68.00269],[13.09824,67.95645],[13.07461,67.93457],[12.97178,67.87412]]],[[[15.20713,68.94312],[15.33721,68.84243],[15.39658,68.78359],[15.34844,68.67241],[15.22207,68.61631],[15.02705,68.60635],[14.89023,68.61099],[14.804,68.63799],[14.79326,68.66826],[14.74346,68.6772],[14.61211,68.63833],[14.5208,68.63306],[14.40469,68.66323],[14.37344,68.71143],[14.49668,68.77187],[14.55371,68.81885],[14.69043,68.8147],[14.72461,68.8001],[14.80186,68.79097],[14.84883,68.84756],[14.83799,68.88667],[14.87236,68.91387],[15.0375,68.89429],[15.03779,69.00054],[15.10186,69.00801],[15.12813,69.00396],[15.17559,68.98154],[15.20713,68.94312]]],[[[19.76748,70.2167],[19.81836,70.20498],[19.86865,70.21226],[19.91045,70.2019],[19.99414,70.14927],[20.08428,70.12856],[20.08848,70.10205],[20.00596,70.07622],[19.89727,70.06846],[19.78086,70.07744],[19.74668,70.1105],[19.71084,70.16533],[19.61348,70.21909],[19.59902,70.26616],[19.68379,70.27358],[19.76748,70.2167]]],[[[20.7792,70.08975],[20.72529,70.0665],[20.64258,70.05703],[20.59805,70.07144],[20.53467,70.08091],[20.46426,70.07656],[20.40508,70.11914],[20.41172,70.15488],[20.49277,70.20332],[20.65488,70.23086],[20.78603,70.21953],[20.81943,70.20547],[20.7792,70.08975]]],[[[19.25508,70.06641],[19.34375,70.01196],[19.42227,70.01719],[19.4459,70.03774],[19.49951,70.0479],[19.60781,70.01914],[19.59229,69.97017],[19.44238,69.9084],[19.33477,69.82026],[19.19707,69.79981],[19.13086,69.81045],[19.00781,69.75957],[18.90918,69.70669],[18.80693,69.63984],[18.80068,69.60537],[18.78477,69.579],[18.41025,69.55283],[18.27412,69.5355],[18.12988,69.55786],[18.06152,69.6021],[18.0835,69.62612],[18.22744,69.63574],[18.23203,69.67676],[18.26846,69.70181],[18.31504,69.71548],[18.34932,69.76787],[18.40625,69.78154],[18.5124,69.76865],[18.58398,69.80659],[18.62432,69.81304],[18.67402,69.78164],[18.69795,69.82485],[18.67402,69.86431],[18.68652,69.89092],[18.82383,69.96011],[18.8832,70.01055],[18.96865,70.04302],[19.05098,70.03784],[19.0749,70.08569],[19.05098,70.13467],[19.06006,70.1666],[19.13272,70.24414],[19.2127,70.24746],[19.24941,70.17856],[19.25508,70.06641]]],[[[12.50957,65.90195],[12.42949,65.89907],[12.43018,65.93994],[12.47607,65.9771],[12.54883,66.0019],[12.64238,66.00855],[12.74707,66.01138],[12.77881,65.9917],[12.71865,65.96387],[12.50957,65.90195]]],[[[12.41992,66.04326],[12.32734,66.03662],[12.34277,66.08076],[12.41768,66.12266],[12.44639,66.15132],[12.46133,66.18501],[12.52744,66.21055],[12.6208,66.17793],[12.62266,66.12246],[12.57637,66.07192],[12.41992,66.04326]]],[[[11.23145,64.86587],[11.179,64.83804],[11.0625,64.8604],[10.83252,64.84312],[10.73984,64.87031],[10.81348,64.92324],[11.021,64.97871],[11.13262,64.97617],[11.24619,64.90791],[11.23145,64.86587]]],[[[17.50303,69.59624],[17.62324,69.53906],[17.67734,69.55654],[17.78369,69.56304],[17.86279,69.54297],[17.92744,69.50664],[18.0041,69.50498],[18.05225,69.45752],[18.07676,69.39575],[18.02109,69.34961],[17.94209,69.32871],[17.9207,69.27432],[17.95068,69.19815],[17.77354,69.17202],[17.56816,69.1604],[17.48789,69.19683],[17.32363,69.13003],[17.16094,69.02593],[17.08252,69.01367],[17.07705,69.04663],[16.96016,69.06939],[16.81045,69.0707],[16.81543,69.09512],[16.84258,69.11235],[16.97178,69.13789],[16.99756,69.19063],[16.97412,69.28472],[16.99688,69.33037],[17.00176,69.36191],[17.08301,69.39883],[17.36084,69.38149],[17.39453,69.4167],[17.37344,69.43887],[17.22988,69.47769],[17.25195,69.50381],[17.35557,69.52715],[17.45361,69.53018],[17.4831,69.56968],[17.48818,69.58687],[17.50303,69.59624]]],[[[15.76035,68.56123],[15.77236,68.5542],[15.90859,68.65049],[16.05957,68.68052],[16.06895,68.71401],[16.12744,68.74644],[16.1208,68.79936],[16.15059,68.84238],[16.22754,68.85376],[16.27559,68.86831],[16.32891,68.87632],[16.42519,68.84155],[16.47969,68.80293],[16.54736,68.71655],[16.51924,68.63301],[16.33799,68.56787],[16.19395,68.53848],[16.04844,68.46367],[15.97529,68.40249],[15.9125,68.38926],[15.87275,68.39424],[15.8374,68.40903],[15.76367,68.40908],[15.68252,68.35601],[15.4375,68.31284],[15.34141,68.32529],[15.33701,68.37822],[15.27969,68.37383],[15.18789,68.3104],[15.09805,68.28921],[15.0377,68.28272],[14.92686,68.30659],[14.62891,68.19849],[14.34951,68.17827],[14.25752,68.19077],[14.25723,68.25693],[14.43779,68.34155],[14.58584,68.40034],[15.09531,68.44141],[15.4126,68.61582],[15.48926,68.80532],[15.56426,68.87373],[15.529,68.9124],[15.44365,68.91919],[15.43848,68.97856],[15.48301,69.04346],[15.64951,69.13257],[15.74199,69.17051],[15.89268,69.27788],[15.96533,69.30205],[16.04805,69.30205],[16.12949,69.27393],[16.11484,69.21641],[15.99268,69.11265],[15.81172,69.02422],[15.83379,68.96074],[15.90586,68.9085],[15.92354,68.81919],[15.92793,68.7332],[15.79072,68.61704],[15.76035,68.56123]]],[[[-8.95356,70.83916],[-9.0458,70.83267],[-9.09888,70.85488],[-8.96465,70.91592],[-8.5208,71.03066],[-8.3437,71.14014],[-8.00137,71.17769],[-7.97881,71.1169],[-8.0021,71.04126],[-8.30234,70.98115],[-8.63535,70.94043],[-8.95356,70.83916]]],[[[19.21934,74.39102],[19.09853,74.35215],[18.91758,74.41065],[18.79746,74.48569],[18.86123,74.51416],[19.18291,74.51792],[19.26152,74.47896],[19.27471,74.45674],[19.21934,74.39102]]],[[[26.87598,78.64893],[26.72949,78.64648],[26.45957,78.72026],[26.40772,78.78433],[26.45576,78.8105],[26.58594,78.81148],[26.78877,78.72398],[27.00762,78.69751],[26.87598,78.64893]]],[[[32.52598,80.11914],[31.57764,80.08145],[31.48193,80.10791],[33.01914,80.21797],[33.09863,80.22871],[33.38398,80.24233],[33.6293,80.21743],[33.55664,80.19815],[32.52598,80.11914]]],[[[21.60811,78.5957],[21.74561,78.57202],[22.04316,78.57695],[22.20732,78.40767],[22.29951,78.22817],[22.44932,78.21523],[22.73457,78.23994],[22.98887,78.25195],[23.11924,78.23862],[23.35166,78.18628],[23.45195,78.14946],[23.36465,78.12051],[23.15195,78.08809],[23.1167,77.9915],[23.33057,77.95786],[23.68398,77.87544],[23.88301,77.86475],[24.23828,77.89854],[24.57148,77.83442],[24.90186,77.75659],[24.12979,77.65825],[24.06191,77.63062],[23.95498,77.55772],[23.84121,77.49775],[23.73613,77.46235],[23.50518,77.40142],[23.38086,77.38032],[23.10137,77.38506],[22.99668,77.36079],[22.89951,77.31138],[22.80176,77.27578],[22.55371,77.26665],[22.42695,77.31592],[22.46885,77.3311],[22.48662,77.36011],[22.44248,77.42935],[22.67891,77.50015],[22.73262,77.53936],[22.68535,77.55352],[22.62031,77.54961],[22.44824,77.57114],[22.39727,77.57012],[22.25459,77.52886],[22.05684,77.50117],[21.85615,77.49414],[21.0499,77.44097],[20.92813,77.45967],[20.87315,77.56533],[21.20107,77.61948],[21.25147,77.71094],[21.33418,77.77178],[21.43086,77.81211],[21.6084,77.91606],[21.65313,77.92354],[21.21045,78.00576],[21.03545,78.05918],[20.84492,78.16587],[20.78643,78.25215],[20.52832,78.32559],[20.56025,78.41939],[20.37275,78.41201],[20.22793,78.47783],[20.36269,78.5148],[21.04688,78.55674],[21.45479,78.59756],[21.60811,78.5957]]],[[[20.89785,80.24995],[20.99844,80.23882],[21.54922,80.24292],[21.65488,80.21846],[21.69668,80.15918],[21.78066,80.13877],[21.89775,80.13247],[22.19023,80.05972],[22.28975,80.04922],[22.37637,80.08965],[22.44268,80.19028],[22.44619,80.30835],[22.41787,80.36553],[22.45078,80.40225],[22.54883,80.41646],[22.67207,80.41265],[22.79258,80.43301],[22.89688,80.46899],[23.00801,80.47398],[23.25137,80.44668],[23.31543,80.42524],[23.2501,80.38086],[23.22461,80.31763],[23.11455,80.18696],[23.35332,80.17886],[23.68799,80.20654],[23.77295,80.24438],[23.95293,80.30459],[24.14297,80.29517],[24.23408,80.30312],[24.28018,80.3293],[24.29756,80.3604],[24.40264,80.35518],[24.54668,80.29517],[24.61367,80.28584],[24.73633,80.30132],[24.78594,80.30068],[24.90703,80.27666],[25.47129,80.2331],[25.6669,80.20977],[25.75117,80.18804],[25.83633,80.17515],[26.43672,80.17549],[26.86084,80.16001],[27.01719,80.12549],[27.14834,80.05923],[27.19863,79.90659],[27.07988,79.86538],[26.22109,79.67744],[26.00586,79.61704],[25.90205,79.56138],[25.72637,79.43975],[25.64121,79.40303],[25.23906,79.34507],[25.14512,79.33887],[24.84287,79.36724],[24.75059,79.3646],[24.3834,79.30161],[24.25684,79.26348],[24.13291,79.21548],[23.94775,79.19429],[23.75879,79.20561],[22.90371,79.23066],[22.78916,79.26435],[22.6957,79.32905],[22.86553,79.41187],[21.91143,79.38106],[20.86113,79.39785],[20.80557,79.40952],[20.76084,79.4415],[20.39951,79.46338],[20.12822,79.4896],[19.9002,79.53379],[19.67461,79.59116],[19.74668,79.61797],[19.82109,79.63364],[20.01484,79.64023],[20.18711,79.63228],[20.49346,79.63276],[20.56484,79.69053],[20.68682,79.70718],[20.78408,79.74858],[20.46074,79.77466],[20.12344,79.77856],[19.89863,79.74419],[19.63809,79.72861],[19.4,79.72656],[18.94209,79.73633],[18.725,79.76074],[18.42803,79.82451],[18.32471,79.85972],[18.28477,79.88735],[18.25537,79.9292],[18.59463,79.9667],[18.72647,79.99624],[18.85596,80.03662],[18.34385,80.05957],[18.12949,80.09341],[17.9169,80.14311],[18.08945,80.17114],[18.7793,80.19351],[18.96191,80.17481],[19.14297,80.13867],[19.34336,80.11641],[19.53711,80.16323],[19.35469,80.1854],[19.19141,80.26323],[19.15693,80.30186],[19.17832,80.33154],[19.26377,80.33599],[19.32744,80.3231],[19.56846,80.25],[19.75107,80.2272],[19.80225,80.29473],[19.81035,80.32681],[19.77715,80.35337],[19.69131,80.40234],[19.61436,80.46255],[19.7333,80.47783],[19.85117,80.47119],[20.1043,80.42998],[20.35938,80.40093],[20.47588,80.37163],[20.69346,80.29868],[20.89785,80.24995]]],[[[16.78672,79.90674],[16.83848,79.90479],[16.88897,79.91543],[16.92559,79.94346],[16.96641,79.95894],[17.21943,79.94077],[17.57822,79.88467],[17.68477,79.85703],[17.83457,79.80005],[17.95615,79.70425],[17.85977,79.63501],[17.73262,79.56953],[17.6875,79.53335],[17.73398,79.48135],[17.71504,79.43076],[17.66875,79.38594],[17.86104,79.43706],[18.27207,79.60059],[18.3333,79.61069],[18.39736,79.60518],[18.58144,79.57158],[18.74844,79.48818],[18.78525,79.4606],[18.81523,79.42666],[18.83242,79.38477],[18.82295,79.33667],[18.80742,79.30317],[18.72002,79.28149],[18.67783,79.26172],[18.77227,79.26025],[18.88008,79.23428],[18.979,79.17915],[19.08945,79.15703],[19.49023,79.17568],[19.75088,79.14683],[19.89356,79.0562],[20.11377,79.07671],[20.11445,79.125],[20.1627,79.14565],[20.4582,79.12925],[20.61104,79.10664],[20.76719,79.05913],[20.50068,78.9814],[20.72031,78.90669],[21.08965,78.85264],[21.31221,78.79585],[21.35254,78.77202],[21.38877,78.74043],[21.24395,78.69941],[21.09629,78.67627],[20.72481,78.67231],[20.38701,78.64326],[19.76875,78.62271],[19.67676,78.60957],[19.65498,78.59785],[19.61856,78.56216],[19.38066,78.47979],[19.15049,78.3794],[19.05566,78.31895],[18.98379,78.23423],[18.95762,78.18247],[19.00869,78.13228],[18.99512,78.08149],[18.82207,78.0417],[18.71231,78.04009],[18.57461,78.048],[18.43926,78.02505],[18.43066,77.99058],[18.43867,77.94204],[18.404,77.79394],[18.36191,77.68228],[18.29873,77.57856],[18.22793,77.52261],[18.1374,77.50703],[17.84707,77.49678],[17.62334,77.39937],[17.44248,77.22524],[17.34863,77.15689],[17.15254,77.04893],[17.18789,77.01065],[17.24902,76.96919],[17.14199,76.89492],[16.97666,76.81162],[16.97988,76.77939],[17.03555,76.72036],[17.0627,76.65898],[16.93516,76.60615],[16.70049,76.5793],[16.46191,76.60933],[16.3458,76.64478],[16.23809,76.70151],[16.12383,76.73853],[16.00449,76.76074],[15.54678,76.88643],[15.12422,77.08511],[14.73848,77.16235],[14.48691,77.19902],[14.36582,77.23447],[14.24756,77.28213],[14.14531,77.3356],[14.05039,77.40322],[14.0042,77.44522],[13.9957,77.5082],[14.02607,77.54517],[14.07129,77.56411],[14.37764,77.57964],[14.48779,77.57085],[14.59629,77.53794],[14.69502,77.52505],[14.9208,77.68882],[16.20596,77.78247],[16.61914,77.79868],[17.0333,77.7977],[16.96875,77.84194],[16.91406,77.898],[16.85293,77.91157],[16.53965,77.88023],[16.06006,77.84712],[15.82637,77.84707],[15.58535,77.86914],[15.34482,77.85698],[15.09688,77.80903],[14.84688,77.77866],[14.60391,77.76645],[14.08994,77.77139],[13.9625,77.79624],[13.79111,77.85381],[13.74961,77.8833],[13.71416,77.91943],[13.68057,78.02813],[13.71768,78.05762],[13.77012,78.07461],[13.82402,78.08501],[13.93691,78.08555],[14.04775,78.06685],[14.30723,78.00508],[14.24815,78.07139],[14.99473,78.15122],[15.34141,78.22095],[15.51943,78.23272],[15.69805,78.22759],[15.65869,78.2647],[15.65713,78.29902],[15.78389,78.32705],[15.87539,78.33911],[16.15029,78.35288],[16.77695,78.35044],[17.00293,78.36938],[17.17197,78.41714],[16.9918,78.40049],[16.81123,78.39727],[16.72656,78.40718],[16.53535,78.44888],[16.44863,78.50356],[16.69658,78.61289],[16.78262,78.66362],[16.53047,78.6563],[16.44629,78.63853],[16.15752,78.53814],[15.94404,78.49302],[15.68066,78.47134],[15.41738,78.47324],[15.35996,78.48755],[15.2794,78.5541],[15.2542,78.58906],[15.26494,78.6083],[15.34834,78.66314],[15.3916,78.72119],[15.38418,78.77119],[15.32275,78.7812],[15.22529,78.73232],[15.13731,78.66426],[15.01631,78.63013],[14.8918,78.63945],[14.83867,78.66558],[14.79238,78.70557],[14.74356,78.72095],[14.68926,78.72095],[14.57764,78.70498],[14.46719,78.67539],[14.50527,78.63052],[14.51543,78.58057],[14.46777,78.54092],[14.43184,78.49248],[14.54561,78.46196],[14.63828,78.4146],[14.49951,78.39238],[14.36328,78.35991],[14.23828,78.30986],[14.11045,78.2709],[13.90762,78.26675],[13.65498,78.24517],[13.1502,78.2375],[12.91279,78.30107],[12.86953,78.33125],[12.82217,78.35147],[12.66465,78.38477],[12.43477,78.48296],[12.25791,78.59468],[12.13828,78.60552],[11.96172,78.64238],[11.86553,78.67422],[11.77383,78.71641],[11.74629,78.76626],[11.75518,78.81167],[11.86104,78.83189],[11.61104,78.88296],[11.36543,78.95039],[11.45615,78.973],[11.54756,78.98296],[12.2749,78.90449],[12.32344,78.91426],[12.40332,78.95322],[12.375,78.96636],[12.25313,78.97534],[12.08731,78.9751],[12.0458,78.98315],[11.98184,79.02529],[11.92568,79.07725],[11.90195,79.11186],[11.89277,79.15234],[12.01611,79.21309],[12.08398,79.26753],[11.97832,79.29268],[11.6793,79.29116],[11.57979,79.2835],[11.61641,79.20527],[11.52119,79.15127],[11.33887,79.10913],[11.20811,79.12964],[11.10723,79.23296],[10.97539,79.30488],[10.92578,79.3502],[10.88809,79.41543],[10.83438,79.46284],[10.7376,79.52017],[10.725,79.55552],[10.73701,79.58164],[10.81074,79.64092],[10.75459,79.69033],[10.68623,79.73359],[10.68213,79.75825],[10.74639,79.78867],[10.804,79.79878],[10.86592,79.79658],[11.04961,79.7603],[11.15039,79.71699],[11.18525,79.72046],[11.25059,79.78486],[11.34365,79.79941],[11.70234,79.82061],[12.10176,79.73755],[12.20518,79.71909],[12.28779,79.71313],[12.24522,79.75],[12.21914,79.7979],[12.27998,79.81597],[12.60244,79.77324],[12.75352,79.77578],[13.10752,79.83174],[13.69287,79.86099],[13.91416,79.81694],[13.92568,79.79341],[13.92109,79.76172],[13.90703,79.7522],[13.77754,79.71528],[13.03926,79.68516],[12.55537,79.56948],[13.21514,79.58809],[13.33379,79.57481],[13.38359,79.48076],[13.43164,79.4709],[13.60127,79.45723],[13.71621,79.42915],[13.83369,79.37568],[13.95723,79.33965],[14.02959,79.34414],[14.05586,79.38311],[14.02637,79.4293],[14.01113,79.48193],[14.01982,79.53867],[14.03984,79.58565],[14.17842,79.6187],[14.37979,79.72598],[14.59365,79.79873],[14.83184,79.76641],[15.05234,79.67534],[15.25127,79.54546],[15.44395,79.40679],[15.66016,79.23486],[15.76406,79.17427],[15.8585,79.15991],[16.29453,78.98106],[16.34375,78.97612],[16.25352,79.11211],[16.02754,79.34238],[15.8751,79.51924],[15.84072,79.58687],[15.81611,79.68184],[15.82578,79.70903],[15.84512,79.73359],[15.95576,79.83511],[16.1002,79.88442],[16.05664,79.95395],[16.09385,80.00732],[16.2457,80.04946],[16.38662,80.05259],[16.52402,80.02051],[16.78672,79.90674]]],[[[11.25029,78.61069],[11.26172,78.5417],[11.42422,78.54858],[11.61631,78.4751],[11.82568,78.43608],[11.88486,78.40933],[11.9294,78.3749],[12.05615,78.30562],[12.11641,78.23257],[11.96504,78.22485],[11.75654,78.329],[11.58652,78.38823],[11.37246,78.43877],[11.19922,78.44126],[11.12129,78.46328],[10.84063,78.64473],[10.78887,78.68652],[10.62842,78.75386],[10.55762,78.8375],[10.5582,78.90293],[10.77285,78.8875],[10.96084,78.84639],[11.12393,78.75337],[11.15293,78.72446],[11.07822,78.68604],[11.15498,78.64058],[11.25029,78.61069]]],[[[18.7416,80.30093],[18.525,80.24561],[18.16221,80.28818],[18.20557,80.33179],[18.2917,80.35835],[18.51934,80.34834],[18.7416,80.30093]]],[[[29.04707,78.91206],[29.34541,78.90576],[29.64512,78.92163],[29.69668,78.90474],[29.31055,78.8521],[28.88115,78.88008],[28.49453,78.88721],[28.03789,78.82871],[27.88906,78.85215],[28.121,78.90845],[28.37402,78.92705],[28.41475,78.96143],[28.51113,78.96733],[28.84522,78.97085],[29.04707,78.91206]]]]}},{"type":"Feature","id":"country-nld","properties":{"id":"country-nld","slug":"paises-bajos","name":"Países Bajos","localName":"Netherlands","aliases":["Netherlands"],"kind":"country","boundaryStatus":"reference","parentId":null,"population":17332850,"areaKm2":37215.5,"density":465.7,"referenceYear":2019,"sourceId":"natural-earth","bbox":[-68.37109,12.03208,7.19727,53.62549],"center":[-30.586909999999996,32.828784999999996]},"geometry":{"type":"MultiPolygon","coordinates":[[[[5.99395,50.75044],[5.89246,50.75256],[5.79736,50.75454],[5.74707,50.75957],[5.69365,50.77466],[5.69356,50.77476],[5.66914,50.80596],[5.63945,50.8436],[5.64756,50.86665],[5.73662,50.93213],[5.75,50.95024],[5.74082,50.95991],[5.74981,50.98877],[5.81826,51.08643],[5.82715,51.12564],[5.79648,51.15308],[5.75234,51.16948],[5.60879,51.19844],[5.54043,51.23931],[5.50879,51.275],[5.47686,51.28506],[5.42979,51.273],[5.31084,51.25972],[5.21416,51.27896],[5.0999,51.34648],[5.07344,51.40684],[5.05947,51.45313],[5.03096,51.46909],[4.99258,51.44536],[4.94395,51.40776],[4.84805,51.40327],[4.8207,51.41206],[4.81602,51.43281],[4.81055,51.45273],[4.78418,51.47739],[4.75566,51.49111],[4.63398,51.42173],[4.58877,51.42192],[4.53164,51.44858],[4.50342,51.47471],[4.44092,51.45981],[4.38477,51.42759],[4.404,51.36709],[4.37373,51.35601],[4.30449,51.36152],[4.22617,51.38648],[4.13887,51.40151],[4.00654,51.44321],[3.82188,51.40938],[3.69356,51.4499],[3.58691,51.45391],[3.52051,51.48618],[3.44893,51.54077],[3.49961,51.57666],[3.54863,51.58911],[3.74395,51.59605],[3.88604,51.57422],[4.14131,51.45576],[4.20576,51.45669],[4.27412,51.47163],[4.23936,51.50391],[4.17549,51.51929],[4.08047,51.55112],[4.00479,51.59585],[4.18262,51.6103],[4.15801,51.63345],[4.13457,51.6729],[3.94688,51.81055],[3.97891,51.8478],[4.02607,51.92773],[4.08486,51.99409],[4.13174,52.01191],[4.20879,52.05898],[4.37627,52.19683],[4.48281,52.30918],[4.56211,52.44258],[4.67832,52.80977],[4.7127,52.87212],[4.76875,52.94131],[4.83906,52.92827],[4.88799,52.90835],[5.06123,52.96065],[5.3584,53.09648],[5.446,53.21406],[5.53203,53.2687],[5.87354,53.3752],[6.06221,53.40708],[6.35322,53.41528],[6.56357,53.43428],[6.81621,53.44116],[6.9124,53.37539],[6.96816,53.3273],[7.05801,53.30059],[7.19727,53.28228],[7.18897,53.18721],[7.18994,52.99951],[7.17949,52.96621],[7.11709,52.88701],[7.05088,52.74478],[7.03301,52.65137],[7.01318,52.63355],[6.74844,52.63408],[6.71074,52.61787],[6.70537,52.59766],[6.71875,52.57358],[6.7124,52.54966],[6.6916,52.53018],[6.70293,52.49922],[6.74883,52.46401],[6.83252,52.44229],[6.92207,52.44028],[6.96816,52.44409],[7.00186,52.41899],[7.03516,52.38023],[7.03262,52.33149],[7.01963,52.26602],[6.97725,52.20552],[6.85508,52.13579],[6.80039,52.11123],[6.74902,52.09868],[6.72451,52.08023],[6.71299,52.05689],[6.71563,52.03618],[6.80244,51.98018],[6.80039,51.96738],[6.7752,51.93828],[6.7418,51.91089],[6.51758,51.85396],[6.425,51.8584],[6.37217,51.83003],[6.35566,51.82466],[6.29707,51.85073],[6.1665,51.88076],[6.11719,51.87041],[6.08984,51.85396],[6.00762,51.83398],[5.94873,51.80269],[5.94854,51.7624],[6.05273,51.65825],[6.08936,51.63779],[6.09111,51.59893],[6.1416,51.5501],[6.19326,51.48892],[6.19883,51.45],[6.19287,51.4106],[6.16621,51.35483],[6.07588,51.22412],[6.07481,51.19902],[6.08242,51.17998],[6.11338,51.17471],[6.13691,51.16484],[6.12998,51.14741],[5.96104,51.05669],[5.93926,51.04082],[5.86836,51.04531],[5.85752,51.03013],[5.86719,51.00566],[5.89473,50.98423],[5.95508,50.97295],[6.00684,50.94995],[6.04844,50.90488],[5.99395,50.75044]]],[[[4.22617,51.38648],[4.21143,51.34873],[4.17256,51.30708],[4.04004,51.24707],[3.90205,51.20767],[3.83076,51.2126],[3.78193,51.2332],[3.75566,51.25483],[3.68184,51.27568],[3.58027,51.28618],[3.51709,51.26362],[3.47197,51.24224],[3.43252,51.24575],[3.40283,51.26362],[3.38008,51.29111],[3.3501,51.37769],[3.42578,51.39351],[3.58945,51.39941],[3.7165,51.36914],[3.8834,51.35449],[4.01103,51.39595],[4.11152,51.36065],[4.22617,51.38648]]],[[[6.3334,53.51074],[6.19326,53.47681],[6.15928,53.48394],[6.16768,53.49375],[6.29092,53.51499],[6.3334,53.51074]]],[[[5.9293,53.45884],[5.73203,53.44263],[5.66533,53.45488],[5.6543,53.4665],[5.70811,53.47339],[5.87627,53.4751],[5.92822,53.46499],[5.9293,53.45884]]],[[[5.10859,53.30801],[4.92373,53.23457],[4.90791,53.24624],[5.02705,53.31021],[5.10859,53.30801]]],[[[5.32578,53.38574],[5.23262,53.37778],[5.19023,53.3918],[5.41514,53.43145],[5.55742,53.44356],[5.58262,53.43809],[5.32578,53.38574]]],[[[4.88613,53.0707],[4.78711,52.99981],[4.72676,53.01963],[4.70918,53.03604],[4.73984,53.09131],[4.88643,53.1833],[4.88613,53.0707]]],[[[3.94912,51.73945],[4.04678,51.68491],[4.06758,51.66748],[4.0751,51.64878],[3.95098,51.62705],[3.81904,51.69399],[3.73184,51.67822],[3.69902,51.70991],[3.69854,51.72969],[3.78906,51.74644],[3.94912,51.73945]]],[[[6.73477,53.58252],[6.64209,53.5792],[6.66856,53.60566],[6.75459,53.62549],[6.80088,53.62549],[6.73477,53.58252]]],[[[-68.20581,12.14458],[-68.25435,12.03208],[-68.28223,12.08228],[-68.28726,12.17173],[-68.30713,12.20674],[-68.34844,12.22808],[-68.37109,12.25752],[-68.36924,12.30195],[-68.21948,12.23125],[-68.20581,12.14458]]],[[[-62.9375,17.49565],[-62.96172,17.47505],[-62.9831,17.4769],[-62.99717,17.49683],[-62.99961,17.53037],[-62.97935,17.52119],[-62.97178,17.51606],[-62.96543,17.50928],[-62.9375,17.49565]]],[[[-63.23267,17.62315],[-63.2416,17.61958],[-63.25449,17.62866],[-63.25215,17.64526],[-63.24165,17.65181],[-63.2335,17.64722],[-63.2269,17.63413],[-63.23267,17.62315]]]]}},{"type":"Feature","id":"country-mne","properties":{"id":"country-mne","slug":"montenegro","name":"Montenegro","localName":"Montenegro","aliases":["Montenegro"],"kind":"country","boundaryStatus":"reference","parentId":null,"population":622137,"areaKm2":13697.5,"density":45.4,"referenceYear":2019,"sourceId":"natural-earth","bbox":[18.43633,41.86909,20.34766,43.54233],"center":[19.391995,42.705709999999996]},"geometry":{"type":"Polygon","coordinates":[[[19.19434,43.5333],[19.1916,43.52105],[19.19648,43.48501],[19.21875,43.44995],[19.29824,43.41397],[19.41465,43.34282],[19.55156,43.21226],[19.61445,43.17344],[19.671,43.16397],[19.78115,43.10977],[19.85801,43.09653],[19.94404,43.08164],[20.16787,42.96851],[20.26846,42.93545],[20.33994,42.89287],[20.34766,42.85278],[20.34434,42.82793],[20.21514,42.79883],[20.19258,42.75464],[20.12998,42.75977],[20.0543,42.76006],[20.02949,42.73203],[20.06572,42.68584],[20.08926,42.63154],[20.07031,42.55708],[20.06397,42.54727],[20.0457,42.5499],[19.93906,42.50669],[19.85977,42.48633],[19.78828,42.47617],[19.75449,42.49692],[19.73779,42.52515],[19.74072,42.60693],[19.72783,42.63452],[19.70342,42.64795],[19.65449,42.62856],[19.59746,42.56543],[19.54453,42.49194],[19.46514,42.41538],[19.39961,42.3419],[19.329,42.24927],[19.28066,42.17256],[19.33086,42.1293],[19.36143,42.06909],[19.35215,42.02402],[19.36113,41.99775],[19.34551,41.91885],[19.34238,41.86909],[19.18643,41.94863],[19.12227,42.0605],[18.89424,42.24946],[18.63291,42.37808],[18.61904,42.39839],[18.6334,42.42315],[18.6459,42.44273],[18.5916,42.44419],[18.55352,42.42852],[18.51748,42.43291],[18.47666,42.4811],[18.43809,42.52295],[18.43633,42.55972],[18.45391,42.5645],[18.48008,42.5792],[18.53496,42.62012],[18.5459,42.6416],[18.54326,42.67417],[18.46602,42.77725],[18.45508,42.84409],[18.44385,42.96846],[18.46016,42.9979],[18.48848,43.01216],[18.62363,43.02769],[18.62188,43.12461],[18.62998,43.15366],[18.65684,43.19395],[18.67422,43.23081],[18.74922,43.28355],[18.85107,43.34634],[18.89561,43.34819],[18.93467,43.33945],[18.97871,43.2854],[19.02666,43.29243],[19.03672,43.35732],[18.97383,43.44238],[18.94023,43.49673],[18.95068,43.52666],[18.97422,43.54233],[19.02832,43.53252],[19.08008,43.51773],[19.11279,43.52773],[19.16436,43.53545],[19.19434,43.5333]]]}},{"type":"Feature","id":"country-mda","properties":{"id":"country-mda","slug":"moldavia","name":"Moldavia","localName":"Moldova","aliases":["Moldova"],"kind":"country","boundaryStatus":"reference","parentId":null,"population":2657637,"areaKm2":33191,"density":80.1,"referenceYear":2019,"sourceId":"natural-earth","bbox":[26.61895,45.45044,30.13106,48.47773],"center":[28.375005,46.964085]},"geometry":{"type":"Polygon","coordinates":[[[26.61895,48.25986],[26.64043,48.29414],[26.84707,48.38716],[26.90059,48.37192],[27.0085,48.36826],[27.22852,48.37144],[27.33691,48.43272],[27.40381,48.41563],[27.4584,48.44307],[27.54922,48.47773],[27.56221,48.47041],[27.57373,48.46489],[27.71445,48.44951],[27.82002,48.41626],[27.89063,48.36523],[27.96338,48.33355],[28.03848,48.32129],[28.08008,48.2958],[28.08848,48.25703],[28.15879,48.23799],[28.29102,48.23857],[28.34717,48.21304],[28.32695,48.16143],[28.34053,48.14443],[28.3875,48.16211],[28.42305,48.14688],[28.44199,48.10869],[28.46309,48.09053],[28.53047,48.15029],[28.60166,48.14439],[28.77383,48.11958],[28.86582,47.99565],[28.92315,47.95112],[28.97334,47.93301],[29.03691,47.95234],[29.09297,47.97544],[29.12539,47.96455],[29.19482,47.88242],[29.21113,47.775],[29.21074,47.73154],[29.18604,47.65859],[29.15088,47.58086],[29.12295,47.53037],[29.13486,47.4897],[29.15977,47.45566],[29.20059,47.44448],[29.33379,47.37573],[29.3834,47.32803],[29.45566,47.29263],[29.51065,47.29072],[29.53916,47.271],[29.54932,47.24683],[29.5418,47.18555],[29.51094,47.12803],[29.51504,47.09111],[29.56348,47.04751],[29.56865,46.99673],[29.57197,46.96401],[29.59775,46.93882],[29.71973,46.88291],[29.87783,46.82891],[29.91807,46.78242],[29.94248,46.72378],[29.93477,46.625],[29.92432,46.53887],[30.13106,46.4231],[30.10752,46.40156],[30.07568,46.37783],[29.87803,46.36021],[29.83789,46.35054],[29.75195,46.43779],[29.70684,46.44873],[29.66455,46.41675],[29.61494,46.39883],[29.55508,46.40776],[29.49102,46.43467],[29.45879,46.45376],[29.43281,46.45596],[29.39287,46.43691],[29.33955,46.44507],[29.30488,46.4666],[29.25459,46.39263],[29.22383,46.37695],[29.20459,46.37935],[29.20078,46.50498],[29.18623,46.52398],[29.14629,46.5269],[29.0499,46.49702],[28.9584,46.4585],[28.92744,46.42412],[28.93057,46.36226],[28.94375,46.28843],[29.00625,46.17647],[28.97188,46.12764],[28.94775,46.04995],[28.84951,45.97866],[28.73877,45.93716],[28.7293,45.852],[28.66758,45.79385],[28.56231,45.73579],[28.4916,45.66577],[28.50947,45.61782],[28.51377,45.57241],[28.50176,45.54155],[28.49902,45.51773],[28.47139,45.50718],[28.31035,45.49858],[28.26484,45.48389],[28.2125,45.45044],[28.1625,45.51377],[28.11191,45.56914],[28.07471,45.59898],[28.09033,45.61274],[28.13086,45.62827],[28.15977,45.64712],[28.15625,45.71309],[28.13496,45.78887],[28.11553,45.82554],[28.11357,45.88306],[28.09971,45.97261],[28.11914,46.13867],[28.19961,46.34756],[28.24434,46.45127],[28.22266,46.50806],[28.23945,46.64082],[28.20469,46.7064],[28.15,46.79209],[28.07178,46.97842],[27.97422,47.04321],[27.85381,47.1145],[27.80234,47.16831],[27.76797,47.22759],[27.69619,47.28643],[27.61406,47.34053],[27.51582,47.47564],[27.46484,47.53667],[27.44922,47.55313],[27.33691,47.63975],[27.27793,47.71797],[27.24815,47.78223],[27.23086,47.84175],[27.15205,47.95928],[27.08037,48.04766],[27.01221,48.1105],[26.98076,48.15503],[26.90098,48.21113],[26.78731,48.25581],[26.71377,48.26348],[26.61895,48.25986]]]}},{"type":"Feature","id":"country-mco","properties":{"id":"country-mco","slug":"monaco","name":"Mónaco","localName":"Monaco","aliases":["Monaco"],"kind":"country","boundaryStatus":"reference","parentId":null,"population":38964,"areaKm2":12.4,"density":3142.3,"referenceYear":2019,"sourceId":"natural-earth","bbox":[7.37773,43.73174,7.43867,43.7709],"center":[7.4082,43.75132]},"geometry":{"type":"Polygon","coordinates":[[[7.43867,43.75044],[7.37773,43.73174],[7.38008,43.75322],[7.39502,43.76533],[7.41445,43.7709],[7.43691,43.76148],[7.43867,43.75044]]]}},{"type":"Feature","id":"country-mlt","properties":{"id":"country-mlt","slug":"malta","name":"Malta","localName":"Malta","aliases":["Malta"],"kind":"country","boundaryStatus":"reference","parentId":null,"population":502653,"areaKm2":274.4,"density":1831.8,"referenceYear":2019,"sourceId":"natural-earth","bbox":[14.18037,35.82021,14.56621,36.07578],"center":[14.37329,35.947995000000006]},"geometry":{"type":"MultiPolygon","coordinates":[[[[14.56621,35.85273],[14.53272,35.82021],[14.43643,35.82168],[14.35234,35.87227],[14.35127,35.97842],[14.44834,35.95742],[14.53701,35.88628],[14.56621,35.85273]]],[[[14.31348,36.02759],[14.25361,36.01216],[14.19424,36.04224],[14.18037,36.0604],[14.26328,36.07578],[14.30371,36.06231],[14.3209,36.03623],[14.31348,36.02759]]]]}},{"type":"Feature","id":"country-mkd","properties":{"id":"country-mkd","slug":"macedonia-del-norte","name":"Macedonia del Norte","localName":"North Macedonia","aliases":["North Macedonia"],"kind":"country","boundaryStatus":"reference","parentId":null,"population":2083459,"areaKm2":25420.9,"density":82,"referenceYear":2019,"sourceId":"natural-earth","bbox":[20.44863,40.8499,23.00566,42.35815],"center":[21.727145,41.604025]},"geometry":{"type":"Polygon","coordinates":[[[21.5625,42.24751],[21.61826,42.24214],[21.73926,42.26773],[21.81465,42.30313],[21.85303,42.3084],[21.9041,42.32207],[21.97754,42.32007],[22.05205,42.30464],[22.14668,42.325],[22.23975,42.35815],[22.27705,42.34985],[22.31738,42.32173],[22.34404,42.31397],[22.49824,42.16509],[22.58272,42.10483],[22.68232,42.05913],[22.79609,42.02568],[22.83682,41.9936],[22.90918,41.83521],[22.94395,41.7751],[22.99199,41.75718],[23.00361,41.73984],[23.00566,41.71694],[22.95147,41.60562],[22.92969,41.3561],[22.91602,41.33628],[22.85928,41.33735],[22.78389,41.33198],[22.75508,41.31274],[22.72481,41.17852],[22.60361,41.14019],[22.49356,41.11851],[22.40078,41.12339],[22.2377,41.15518],[22.18447,41.15864],[22.13887,41.14053],[21.99336,41.13096],[21.92949,41.10742],[21.77949,40.95044],[21.62754,40.89634],[21.57578,40.86894],[21.45967,40.90361],[21.4041,40.90718],[21.32373,40.86714],[21.14756,40.86314],[21.1,40.85615],[20.96426,40.8499],[20.95859,40.87153],[20.9335,40.90313],[20.87022,40.91792],[20.74082,40.90527],[20.70928,40.92837],[20.65605,41.06167],[20.61445,41.08306],[20.56787,41.12783],[20.48897,41.27261],[20.48701,41.33608],[20.49238,41.39141],[20.44863,41.52129],[20.47559,41.5541],[20.51621,41.57476],[20.5166,41.62705],[20.50518,41.70649],[20.55313,41.86235],[20.56621,41.87368],[20.57852,41.86621],[20.69492,41.85381],[20.725,41.87353],[20.74414,41.9043],[20.75039,42.01836],[20.77813,42.07105],[21.05977,42.17129],[21.14248,42.175],[21.20606,42.12896],[21.25635,42.09951],[21.28662,42.10039],[21.29756,42.13008],[21.33174,42.18716],[21.38955,42.21982],[21.56084,42.24766],[21.5625,42.24751]]]}},{"type":"Feature","id":"country-lux","properties":{"id":"country-lux","slug":"luxemburgo","name":"Luxemburgo","localName":"Luxembourg","aliases":["Luxembourg"],"kind":"country","boundaryStatus":"reference","parentId":null,"population":619896,"areaKm2":2617.7,"density":236.8,"referenceYear":2019,"sourceId":"natural-earth","bbox":[5.725,49.44546,6.49375,50.16719],"center":[6.109375,49.806325]},"geometry":{"type":"Polygon","coordinates":[[[6.1165,50.121],[6.1083,50.09424],[6.10977,50.03438],[6.13818,49.97432],[6.20488,49.91514],[6.25606,49.87217],[6.32461,49.83789],[6.44092,49.80532],[6.48731,49.79849],[6.49375,49.7544],[6.48477,49.70781],[6.44463,49.68203],[6.40674,49.64497],[6.37832,49.59961],[6.34844,49.5127],[6.34434,49.45273],[6.27734,49.47754],[6.24219,49.49434],[6.18106,49.49893],[6.11992,49.48521],[6.07412,49.45464],[6.01143,49.44546],[5.95947,49.45464],[5.92891,49.47754],[5.90137,49.48975],[5.82344,49.50508],[5.78975,49.53828],[5.81543,49.55381],[5.8376,49.57832],[5.85654,49.61284],[5.88037,49.64478],[5.80371,49.73218],[5.78799,49.75889],[5.725,49.8083],[5.72578,49.83335],[5.74082,49.85718],[5.73525,49.87564],[5.74404,49.91963],[5.78809,49.96123],[5.81738,50.0127],[5.8669,50.08281],[5.97627,50.16719],[6.05479,50.1543],[6.08906,50.15459],[6.11006,50.12378],[6.1165,50.121]]]}},{"type":"Feature","id":"country-ltu","properties":{"id":"country-ltu","slug":"lituania","name":"Lituania","localName":"Lithuania","aliases":["Lithuania"],"kind":"country","boundaryStatus":"reference","parentId":null,"population":2786844,"areaKm2":64662.6,"density":43.1,"referenceYear":2019,"sourceId":"natural-earth","bbox":[20.89981,53.89297,26.77568,56.41118],"center":[23.837744999999998,55.152074999999996]},"geometry":{"type":"MultiPolygon","coordinates":[[[[20.95781,55.27891],[20.89981,55.28667],[21.01406,55.40195],[21.05762,55.47681],[21.08789,55.58311],[21.11484,55.6165],[21.11572,55.56816],[21.10391,55.48774],[21.03174,55.35049],[20.95781,55.27891]]],[[[22.76621,54.35679],[22.72432,54.40562],[22.67988,54.49302],[22.68447,54.56294],[22.70967,54.63262],[22.83125,54.83848],[22.82471,54.87129],[22.73652,54.92886],[22.62744,54.9707],[22.56729,55.05913],[22.34639,55.06426],[22.13789,55.05938],[22.07236,55.06367],[21.87393,55.10073],[21.68272,55.16035],[21.55469,55.19531],[21.44707,55.23442],[21.38926,55.27554],[21.29756,55.26445],[21.23574,55.26411],[21.23633,55.27119],[21.20107,55.3438],[21.23789,55.45503],[21.17109,55.61773],[21.06191,55.81343],[21.05381,56.02295],[21.04609,56.07007],[21.31465,56.18814],[21.65352,56.31455],[21.73057,56.32598],[22.04287,56.40078],[22.08457,56.40674],[22.36592,56.39287],[22.58691,56.3751],[22.77324,56.3773],[22.87559,56.39644],[22.96826,56.38042],[23.04297,56.32407],[23.11982,56.33066],[23.1959,56.36714],[23.6127,56.33384],[23.70674,56.33462],[23.8127,56.32925],[24.0082,56.29526],[24.1207,56.26426],[24.36787,56.28301],[24.47363,56.28408],[24.529,56.29629],[24.69951,56.3813],[24.77324,56.3959],[24.84102,56.41118],[24.90303,56.39819],[24.94385,56.32559],[25.06992,56.20039],[25.20693,56.17842],[25.58574,56.13018],[25.66318,56.10483],[25.87637,55.99434],[26.0042,55.94014],[26.08555,55.89688],[26.20957,55.81211],[26.28125,55.75044],[26.40107,55.70381],[26.54287,55.67241],[26.59356,55.66753],[26.59082,55.62266],[26.5666,55.54648],[26.51924,55.44815],[26.46953,55.37192],[26.45762,55.34248],[26.49531,55.31802],[26.68125,55.30645],[26.76016,55.29336],[26.77568,55.2731],[26.73438,55.24678],[26.675,55.2249],[26.64844,55.2042],[26.60117,55.13018],[26.2918,55.1396],[26.25078,55.12451],[26.23125,55.09014],[26.21582,55.05039],[26.1752,55.00327],[26.09297,54.96231],[25.96445,54.94717],[25.85928,54.91929],[25.78086,54.83325],[25.72246,54.71787],[25.72393,54.63604],[25.73164,54.59038],[25.72481,54.56426],[25.68516,54.53579],[25.62031,54.4604],[25.56758,54.37705],[25.54736,54.33184],[25.55752,54.31069],[25.6169,54.31011],[25.70254,54.29297],[25.74815,54.25967],[25.76504,54.22119],[25.76523,54.17979],[25.74922,54.15698],[25.68057,54.14048],[25.57305,54.13989],[25.51035,54.15962],[25.49736,54.17524],[25.52734,54.21514],[25.50566,54.26494],[25.46113,54.29277],[25.37061,54.25122],[25.28369,54.25127],[25.17949,54.21426],[25.11143,54.15493],[25.04609,54.13306],[24.86953,54.14517],[24.82568,54.11899],[24.78926,53.99824],[24.76816,53.97466],[24.6207,53.97983],[24.47852,53.93184],[24.31797,53.89297],[24.23662,53.91997],[24.19131,53.95044],[24.10391,53.94502],[24.0085,53.93164],[23.94443,53.93897],[23.87256,53.93569],[23.73369,53.91226],[23.55908,53.91982],[23.48467,53.9398],[23.47764,53.95894],[23.48301,54.00596],[23.48135,54.079],[23.45361,54.14346],[23.37012,54.20049],[23.28232,54.24033],[23.17031,54.28145],[23.0875,54.29946],[23.04219,54.3042],[23.03193,54.32788],[23.01553,54.34834],[22.97676,54.36636],[22.89395,54.39053],[22.82373,54.3958],[22.76621,54.35679]]]]}},{"type":"Feature","id":"country-lie","properties":{"id":"country-lie","slug":"liechtenstein","name":"Liechtenstein","localName":"Liechtenstein","aliases":["Liechtenstein"],"kind":"country","boundaryStatus":"reference","parentId":null,"population":38019,"areaKm2":138.3,"density":274.9,"referenceYear":2019,"sourceId":"natural-earth","bbox":[9.47949,47.05737,9.61055,47.27075],"center":[9.545020000000001,47.16406]},"geometry":{"type":"Polygon","coordinates":[[[9.58027,47.05737],[9.50234,47.06274],[9.4877,47.06226],[9.47949,47.09751],[9.48428,47.17266],[9.52754,47.27075],[9.53682,47.25464],[9.54219,47.23413],[9.55107,47.21226],[9.55576,47.1855],[9.57188,47.15791],[9.60117,47.13208],[9.61055,47.10713],[9.5957,47.07583],[9.58027,47.05737]]]}},{"type":"Feature","id":"country-lva","properties":{"id":"country-lva","slug":"letonia","name":"Letonia","localName":"Latvia","aliases":["Latvia"],"kind":"country","boundaryStatus":"reference","parentId":null,"population":1912789,"areaKm2":64403.7,"density":29.7,"referenceYear":2019,"sourceId":"natural-earth","bbox":[21.01494,55.66753,28.20205,58.06343],"center":[24.608494999999998,56.86548]},"geometry":{"type":"Polygon","coordinates":[[[26.59356,55.66753],[26.54287,55.67241],[26.40107,55.70381],[26.28125,55.75044],[26.20957,55.81211],[26.08555,55.89688],[26.0042,55.94014],[25.87637,55.99434],[25.66318,56.10483],[25.58574,56.13018],[25.20693,56.17842],[25.06992,56.20039],[24.94385,56.32559],[24.90303,56.39819],[24.84102,56.41118],[24.77324,56.3959],[24.69951,56.3813],[24.529,56.29629],[24.47363,56.28408],[24.36787,56.28301],[24.1207,56.26426],[24.0082,56.29526],[23.8127,56.32925],[23.70674,56.33462],[23.6127,56.33384],[23.1959,56.36714],[23.11982,56.33066],[23.04297,56.32407],[22.96826,56.38042],[22.87559,56.39644],[22.77324,56.3773],[22.58691,56.3751],[22.36592,56.39287],[22.08457,56.40674],[22.04287,56.40078],[21.73057,56.32598],[21.65352,56.31455],[21.31465,56.18814],[21.04609,56.07007],[21.01494,56.25894],[21.03145,56.63657],[21.07129,56.82373],[21.25742,56.93276],[21.35078,57.01768],[21.40508,57.13101],[21.42148,57.23584],[21.45918,57.32246],[21.72871,57.571],[21.94238,57.59785],[22.23145,57.6668],[22.55459,57.72427],[22.61699,57.65117],[22.64863,57.59536],[23.03779,57.39209],[23.13682,57.32383],[23.28731,57.08975],[23.64775,56.97105],[23.93115,57.0085],[24.0543,57.06611],[24.28125,57.17231],[24.38262,57.25005],[24.40322,57.325],[24.36299,57.64531],[24.30156,57.78413],[24.32256,57.87061],[24.3625,57.86616],[24.45889,57.90786],[24.77578,57.98525],[24.83906,57.98872],[24.91133,58.00459],[25.11104,58.06343],[25.1752,58.03213],[25.22871,57.99658],[25.2583,57.99614],[25.27266,58.00938],[25.26865,58.03223],[25.28262,58.04849],[25.34004,58.03945],[25.57129,57.94277],[25.66016,57.92017],[25.7209,57.91382],[25.79375,57.86856],[25.99111,57.83818],[26.01523,57.81475],[26.03037,57.78555],[26.21504,57.66274],[26.29805,57.60107],[26.46211,57.54448],[26.53262,57.53101],[26.81973,57.58872],[26.89981,57.60879],[26.96602,57.60913],[27.0334,57.57876],[27.18711,57.53833],[27.32656,57.52549],[27.35195,57.52813],[27.46973,57.52402],[27.51113,57.50815],[27.53867,57.42979],[27.67275,57.36812],[27.79688,57.31694],[27.82861,57.29331],[27.83828,57.24771],[27.83027,57.19448],[27.81455,57.1669],[27.76279,57.13511],[27.71738,57.05464],[27.71113,56.97808],[27.63945,56.84565],[27.65566,56.84321],[27.80606,56.86709],[27.84863,56.85342],[27.88154,56.82417],[27.89209,56.74106],[27.94141,56.70371],[27.9916,56.64531],[28.00752,56.59985],[28.10313,56.5457],[28.11084,56.51069],[28.16924,56.38687],[28.1917,56.31558],[28.20205,56.2604],[28.17334,56.19033],[28.14795,56.14292],[28.11787,56.1458],[28.03203,56.1333],[27.89629,56.07617],[27.69424,55.94155],[27.64229,55.91172],[27.58945,55.80918],[27.57676,55.79878],[27.45918,55.80352],[27.42715,55.80596],[27.30918,55.80391],[27.05254,55.83057],[26.95303,55.81294],[26.82246,55.70923],[26.77188,55.69399],[26.62022,55.67964],[26.59356,55.66753]]]}},{"type":"Feature","id":"country-kos","properties":{"id":"country-kos","slug":"kosovo","name":"Kosovo","localName":"Kosovo","aliases":["Kosovo"],"kind":"country","boundaryStatus":"reference","parentId":null,"population":1794248,"areaKm2":10936.2,"density":164.1,"referenceYear":2019,"sourceId":"natural-earth","bbox":[20.02949,41.85381,21.75293,43.26108],"center":[20.89121,42.557445]},"geometry":{"type":"Polygon","coordinates":[[[20.34434,42.82793],[20.46885,42.85791],[20.48682,42.87905],[20.4584,42.92456],[20.4751,42.95303],[20.62402,43.03418],[20.64854,43.07095],[20.65762,43.09985],[20.6376,43.13037],[20.60967,43.17842],[20.62315,43.19863],[20.70059,43.22637],[20.76338,43.25859],[20.80059,43.26108],[20.82383,43.23794],[20.82383,43.21397],[20.84443,43.17344],[20.89072,43.15166],[20.96768,43.11602],[21.05703,43.0917],[21.12705,43.04302],[21.22266,42.9562],[21.23711,42.91323],[21.32315,42.87471],[21.40303,42.83154],[21.39063,42.75142],[21.6625,42.68149],[21.72383,42.68198],[21.75293,42.66982],[21.75215,42.65151],[21.73066,42.59546],[21.61904,42.42324],[21.60986,42.38745],[21.52998,42.35],[21.51895,42.32842],[21.5416,42.28081],[21.5625,42.24751],[21.56084,42.24766],[21.38955,42.21982],[21.33174,42.18716],[21.29756,42.13008],[21.28662,42.10039],[21.25635,42.09951],[21.20606,42.12896],[21.14248,42.175],[21.05977,42.17129],[20.77813,42.07105],[20.75039,42.01836],[20.74414,41.9043],[20.725,41.87353],[20.69492,41.85381],[20.57852,41.86621],[20.56621,41.87368],[20.58144,41.91743],[20.57539,42.01309],[20.52285,42.17148],[20.48545,42.22339],[20.4083,42.27495],[20.34824,42.30879],[20.24053,42.33897],[20.18574,42.42588],[20.10352,42.52466],[20.06397,42.54727],[20.07031,42.55708],[20.08926,42.63154],[20.06572,42.68584],[20.02949,42.73203],[20.0543,42.76006],[20.12998,42.75977],[20.19258,42.75464],[20.21514,42.79883],[20.34434,42.82793]]]}},{"type":"Feature","id":"country-ita","properties":{"id":"country-ita","slug":"italia","name":"Italia","localName":"Italy","aliases":["Italy"],"kind":"country","boundaryStatus":"reference","parentId":null,"population":60297396,"areaKm2":300959.9,"density":200.4,"referenceYear":2019,"sourceId":"natural-earth","bbox":[6.62773,36.68784,18.48584,47.08213],"center":[12.556785,41.884985]},"geometry":{"type":"MultiPolygon","coordinates":[[[[7.02109,45.92578],[7.05576,45.90381],[7.129,45.88042],[7.32793,45.91235],[7.45156,45.94443],[7.53857,45.97817],[7.59258,45.97222],[7.78789,45.92183],[7.85234,45.94746],[7.99316,46.01592],[8.01426,46.0519],[8.1252,46.16094],[8.12725,46.1876],[8.08154,46.25601],[8.0957,46.27105],[8.23193,46.34121],[8.29853,46.40342],[8.3707,46.44512],[8.42256,46.44605],[8.43682,46.43189],[8.44297,46.40278],[8.43848,46.28286],[8.4584,46.2459],[8.56543,46.15981],[8.6417,46.11079],[8.81856,46.07715],[8.82676,46.06104],[8.77803,45.99619],[8.88516,45.9187],[8.9043,45.86196],[8.95371,45.83003],[9.02373,45.8457],[9.04668,45.87559],[9.01914,45.92813],[8.99893,45.98311],[9.00303,46.01489],[9.02236,46.05147],[9.071,46.10244],[9.20342,46.21924],[9.25107,46.28677],[9.25977,46.39126],[9.26016,46.4752],[9.3044,46.49556],[9.39932,46.48066],[9.42764,46.48232],[9.44063,46.43081],[9.48106,46.34878],[9.52871,46.3062],[9.57959,46.29609],[9.63945,46.2959],[9.78779,46.34605],[9.88447,46.36777],[9.93926,46.36182],[9.97168,46.32769],[10.04102,46.23809],[10.08057,46.22798],[10.12832,46.23823],[10.14522,46.25352],[10.12988,46.28799],[10.10967,46.36284],[10.08193,46.42075],[10.04561,46.4479],[10.03828,46.4832],[10.06123,46.54678],[10.08701,46.5999],[10.1375,46.61436],[10.19551,46.62109],[10.27227,46.56484],[10.36309,46.54707],[10.43066,46.55005],[10.44248,46.58286],[10.43828,46.61885],[10.39795,46.66504],[10.40606,46.73486],[10.45283,46.86494],[10.4794,46.85513],[10.57979,46.85371],[10.68926,46.84639],[10.75977,46.79331],[10.82891,46.77524],[10.92734,46.76948],[10.99326,46.777],[11.0251,46.79697],[11.06348,46.85913],[11.13389,46.93618],[11.24443,46.97568],[11.4332,46.98306],[11.52754,46.99741],[11.62549,46.99658],[11.69941,46.98467],[11.77568,46.98608],[11.96953,47.0397],[12.16943,47.08213],[12.19717,47.075],[12.20127,47.06089],[12.16553,47.02817],[12.13076,46.98477],[12.1541,46.93525],[12.26797,46.83589],[12.33008,46.75981],[12.38828,46.70264],[12.4792,46.67251],[12.59863,46.6541],[12.69981,46.64746],[12.80557,46.62588],[13.16875,46.57266],[13.35156,46.55791],[13.49004,46.55557],[13.7,46.52026],[13.67969,46.46289],[13.63711,46.44854],[13.56328,46.41509],[13.47852,46.36919],[13.39951,46.31753],[13.37822,46.26162],[13.39961,46.22495],[13.421,46.21231],[13.44981,46.22354],[13.4918,46.2166],[13.54473,46.19658],[13.63252,46.17705],[13.63496,46.15776],[13.6166,46.13311],[13.54805,46.08911],[13.48643,46.03955],[13.48027,46.00923],[13.4877,45.98711],[13.50918,45.97378],[13.60059,45.97979],[13.61397,45.96167],[13.56963,45.83413],[13.5834,45.81235],[13.66348,45.79199],[13.72168,45.76128],[13.83115,45.68042],[13.87471,45.61484],[13.84473,45.59287],[13.77598,45.58198],[13.71982,45.5876],[13.7833,45.62725],[13.62832,45.77095],[13.5582,45.7707],[13.46514,45.70996],[13.20635,45.77139],[13.15674,45.74658],[13.12012,45.6979],[13.03027,45.6375],[12.90303,45.61079],[12.76123,45.54429],[12.61172,45.49722],[12.49756,45.46167],[12.43213,45.46792],[12.53613,45.54492],[12.4918,45.54629],[12.35381,45.49199],[12.27432,45.44605],[12.24883,45.36885],[12.22568,45.2415],[12.28633,45.20772],[12.39248,45.0398],[12.52344,44.96797],[12.49795,44.89941],[12.46357,44.84522],[12.38447,44.79834],[12.31904,44.83311],[12.27891,44.83223],[12.24834,44.72251],[12.30498,44.42944],[12.39629,44.22388],[12.48682,44.13423],[12.69111,43.99473],[12.90703,43.92119],[13.29531,43.68608],[13.5082,43.61167],[13.56416,43.57129],[13.69326,43.38989],[13.80469,43.18037],[13.9249,42.85156],[14.01045,42.68955],[14.18272,42.50645],[14.54072,42.24429],[14.86611,42.05254],[15.16875,41.93403],[15.40498,41.91323],[15.96406,41.93945],[16.06152,41.92813],[16.16465,41.89619],[16.18916,41.81401],[16.15127,41.7585],[16.03369,41.70078],[15.91377,41.62085],[15.90049,41.51206],[16.0126,41.4354],[16.55186,41.23203],[17.10342,41.06216],[17.2752,40.97544],[17.47422,40.84058],[17.95498,40.65518],[18.03613,40.56494],[18.32822,40.37085],[18.46065,40.22104],[18.48584,40.10483],[18.42256,39.98687],[18.39346,39.90361],[18.34375,39.82139],[18.21934,39.85254],[18.07793,39.93696],[17.86504,40.28018],[17.47617,40.31494],[17.3958,40.34023],[17.25772,40.39907],[17.24941,40.43789],[17.21533,40.48643],[17.17998,40.50278],[17.03125,40.51348],[16.92822,40.45806],[16.80703,40.32647],[16.66963,40.13721],[16.52998,39.85967],[16.52188,39.74756],[16.59775,39.63892],[16.82432,39.57832],[16.99922,39.48159],[17.11455,39.38062],[17.12295,39.13657],[17.17461,38.9981],[17.09853,38.91934],[16.95147,38.93979],[16.75547,38.8897],[16.6167,38.80015],[16.55898,38.7148],[16.57422,38.49356],[16.5456,38.40908],[16.28242,38.24956],[16.14414,38.08638],[16.10977,38.01865],[16.05684,37.94185],[15.72451,37.93911],[15.6458,38.03423],[15.64307,38.17539],[15.7002,38.26231],[15.82236,38.30298],[15.90479,38.4835],[15.87891,38.61392],[15.92695,38.67173],[15.97236,38.7126],[16.06553,38.73643],[16.19678,38.75923],[16.20996,38.94111],[16.10742,39.02383],[16.07148,39.13945],[16.02363,39.35361],[15.8544,39.62651],[15.76367,39.87007],[15.69277,39.99019],[15.58516,40.05283],[15.39092,40.05215],[15.29453,40.07002],[14.95088,40.23901],[14.92695,40.26475],[14.9291,40.30957],[14.98613,40.37749],[14.94766,40.46934],[14.90693,40.55606],[14.83955,40.62998],[14.76572,40.66841],[14.61123,40.64478],[14.55693,40.62642],[14.45938,40.63271],[14.38272,40.59985],[14.33994,40.59883],[14.46055,40.72871],[14.42813,40.75933],[14.30889,40.81265],[14.14717,40.8207],[14.10234,40.82715],[14.07588,40.79395],[14.04434,40.81226],[14.04766,40.87031],[13.85977,41.12998],[13.7334,41.23565],[13.66973,41.25449],[13.55479,41.23218],[13.36191,41.27852],[13.24688,41.28887],[13.1834,41.27769],[13.08867,41.24385],[13.04102,41.26621],[13.02422,41.30093],[12.84922,41.40874],[12.63086,41.46968],[12.20566,41.81265],[12.07529,41.94087],[11.80703,42.08203],[11.63731,42.28755],[11.49844,42.36294],[11.29629,42.42329],[11.24971,42.41572],[11.18887,42.39312],[11.14121,42.38989],[11.10322,42.4166],[11.1418,42.44409],[11.18477,42.45659],[11.16777,42.53516],[10.93779,42.73872],[10.80313,42.8043],[10.76514,42.84468],[10.73711,42.89995],[10.7084,42.93633],[10.64463,42.95718],[10.59023,42.95361],[10.51484,42.96753],[10.51729,43.06514],[10.53232,43.14014],[10.5208,43.20381],[10.44756,43.37119],[10.32051,43.51309],[10.2458,43.8521],[10.18809,43.94751],[10.04766,44.01997],[9.73086,44.10117],[9.28936,44.31924],[9.196,44.323],[8.93037,44.40776],[8.76582,44.42231],[8.55195,44.34614],[8.29238,44.13652],[8.08164,43.91895],[8.00498,43.87676],[7.7333,43.80259],[7.49316,43.76714],[7.49053,43.82295],[7.48203,43.86489],[7.52266,43.91108],[7.58965,43.96543],[7.65147,44.03364],[7.67715,44.08315],[7.66504,44.11602],[7.63721,44.16484],[7.59941,44.16836],[7.3709,44.12739],[7.31856,44.13799],[7.14941,44.20171],[6.96729,44.28003],[6.9002,44.33574],[6.87481,44.39204],[6.89385,44.42817],[6.87861,44.46328],[6.84297,44.51069],[6.8752,44.56455],[6.93193,44.63164],[6.96035,44.67715],[7.00791,44.68897],[7.03066,44.7167],[6.99268,44.8273],[6.97285,44.84502],[6.93984,44.85874],[6.88936,44.8603],[6.80107,44.88315],[6.73818,44.92139],[6.72471,44.973],[6.69141,45.02261],[6.63477,45.06816],[6.62773,45.11797],[6.69229,45.14429],[6.78037,45.14531],[6.84229,45.13565],[6.98125,45.21558],[7.03242,45.22261],[7.07832,45.23994],[7.1168,45.34902],[7.14639,45.38174],[7.15342,45.40093],[7.12607,45.42368],[7.01367,45.50049],[6.9624,45.58057],[6.88145,45.67036],[6.80625,45.71001],[6.79092,45.74087],[6.78916,45.78008],[6.80449,45.81455],[6.94082,45.86836],[7.02109,45.92578]],[[12.43916,41.89839],[12.43838,41.9062],[12.43057,41.90547],[12.42754,41.90073],[12.43057,41.89756],[12.43916,41.89839]],[[12.48525,43.90142],[12.51465,43.95298],[12.50371,43.98975],[12.44111,43.98242],[12.39688,43.93457],[12.42637,43.89409],[12.48525,43.90142]]],[[[10.39512,42.85815],[10.42832,42.81919],[10.43223,42.79658],[10.40996,42.771],[10.41934,42.71318],[10.33565,42.76113],[10.20898,42.73691],[10.13125,42.74204],[10.10977,42.78506],[10.12754,42.8103],[10.24824,42.81577],[10.28574,42.82808],[10.35898,42.82231],[10.39512,42.85815]]],[[[13.93828,40.70562],[13.89365,40.69697],[13.86768,40.70874],[13.85352,40.72407],[13.87119,40.76182],[13.96211,40.7394],[13.96084,40.71816],[13.93828,40.70562]]],[[[12.05127,36.75703],[12.00332,36.746],[11.94063,36.78037],[11.93643,36.82861],[11.94805,36.84307],[12.02422,36.82095],[12.04805,36.77637],[12.05127,36.75703]]],[[[15.57656,38.22031],[15.50889,38.10664],[15.47568,38.06294],[15.23447,37.78481],[15.20684,37.72056],[15.18984,37.65073],[15.16484,37.58955],[15.13106,37.53189],[15.09951,37.45859],[15.10566,37.37549],[15.11699,37.33472],[15.146,37.30801],[15.19365,37.28286],[15.23027,37.24434],[15.17412,37.20918],[15.23604,37.13872],[15.28867,37.09692],[15.2957,37.05518],[15.29453,37.01328],[15.18516,36.93481],[15.14238,36.8916],[15.11582,36.83926],[15.1043,36.78525],[15.11631,36.73648],[15.1126,36.68784],[15.00244,36.6939],[14.88965,36.72354],[14.77598,36.7104],[14.61436,36.7666],[14.55547,36.77676],[14.50186,36.79868],[14.36729,36.97285],[14.25908,37.04644],[14.14297,37.10366],[14.02432,37.10713],[13.90547,37.10063],[13.80059,37.13589],[13.58711,37.25415],[13.36094,37.34873],[13.26494,37.41035],[13.22109,37.45181],[13.16992,37.4793],[13.04033,37.50654],[12.92412,37.57051],[12.87119,37.5752],[12.75732,37.56738],[12.69902,37.57183],[12.64023,37.59434],[12.52676,37.66953],[12.4544,37.77378],[12.43555,37.81978],[12.48682,37.93872],[12.54766,38.05293],[12.60166,38.08496],[12.66436,38.10791],[12.70234,38.1417],[12.73438,38.18306],[12.85068,38.06372],[12.90273,38.03486],[12.95547,38.04131],[13.04902,38.08408],[13.05684,38.13091],[13.15996,38.19033],[13.29111,38.19146],[13.35166,38.18052],[13.3835,38.12681],[13.4335,38.11025],[13.49131,38.10313],[13.68154,38.00073],[13.73486,37.98403],[13.78887,37.9812],[13.93662,38.02417],[14.05,38.04053],[14.2877,38.01685],[14.41621,38.04258],[14.50596,38.04551],[14.63672,38.08506],[14.73721,38.15078],[14.78965,38.16699],[14.8459,38.17168],[14.98193,38.16758],[15.11875,38.15273],[15.17607,38.16807],[15.22402,38.21104],[15.27959,38.23037],[15.34072,38.21733],[15.49873,38.29087],[15.56836,38.2959],[15.63467,38.26758],[15.57656,38.22031]]],[[[9.63203,40.88203],[9.68203,40.81812],[9.79434,40.5562],[9.80527,40.49956],[9.78281,40.4415],[9.7542,40.40029],[9.64297,40.26841],[9.65947,40.15923],[9.70078,40.0918],[9.70674,40.01704],[9.68604,39.92437],[9.61699,39.35439],[9.58359,39.25356],[9.5625,39.16602],[9.48633,39.13955],[9.38809,39.16753],[9.26416,39.2168],[9.20693,39.21382],[9.14932,39.19697],[9.10176,39.21128],[9.05635,39.23916],[9.02266,39.04326],[8.9666,38.96372],[8.88135,38.91289],[8.80117,38.90967],[8.71856,38.92671],[8.64854,38.92656],[8.59541,38.96431],[8.55332,39.03032],[8.48623,39.1105],[8.41816,39.20571],[8.41074,39.2918],[8.39912,39.48159],[8.41865,39.52305],[8.44707,39.56279],[8.46104,39.64771],[8.45117,39.72168],[8.47109,39.7481],[8.51074,39.72168],[8.54053,39.73159],[8.53867,39.76968],[8.54775,39.83921],[8.4959,39.89746],[8.40781,39.91724],[8.39932,39.97817],[8.40859,40.03765],[8.45508,40.07759],[8.4708,40.13071],[8.47129,40.29268],[8.40918,40.35234],[8.38535,40.44268],[8.35322,40.50054],[8.29551,40.55864],[8.23027,40.60596],[8.18994,40.65161],[8.18086,40.77105],[8.20381,40.8707],[8.22422,40.91333],[8.24522,40.90703],[8.31016,40.85752],[8.36328,40.84634],[8.46846,40.83433],[8.57188,40.8502],[8.69893,40.89526],[8.82119,40.9499],[8.99814,41.11035],[9.10723,41.14292],[9.16309,41.18516],[9.18213,41.24219],[9.22842,41.25708],[9.28301,41.20166],[9.35078,41.1959],[9.45518,41.15015],[9.5002,41.10635],[9.53877,41.05366],[9.57568,41.03052],[9.61533,41.01729],[9.62119,41.00488],[9.58975,40.99248],[9.55371,40.93213],[9.57402,40.91475],[9.63203,40.88203]]],[[[8.47891,39.06753],[8.42148,38.96865],[8.36094,39.03867],[8.35859,39.09878],[8.3668,39.11592],[8.44063,39.09063],[8.47891,39.06753]]],[[[8.28604,41.03984],[8.25273,40.99414],[8.20566,40.99746],[8.22402,41.0313],[8.26738,41.09912],[8.32021,41.12188],[8.34375,41.10161],[8.31894,41.06274],[8.28604,41.03984]]]]}},{"type":"Feature","id":"country-irl","properties":{"id":"country-irl","slug":"irlanda","name":"Irlanda","localName":"Ireland","aliases":["Ireland"],"kind":"country","boundaryStatus":"reference","parentId":null,"population":4941444,"areaKm2":68853.4,"density":71.8,"referenceYear":2019,"sourceId":"natural-earth","bbox":[-10.39023,51.47373,-6.02739,55.36582],"center":[-8.20881,53.419775]},"geometry":{"type":"MultiPolygon","coordinates":[[[[-9.94819,53.91314],[-9.95244,53.88457],[-10.02651,53.92056],[-10.0625,53.95972],[-10.26572,53.97769],[-10.18106,54.01685],[-10.13975,54.00523],[-9.99639,54.00361],[-9.95615,53.98721],[-9.94819,53.91314]]],[[[-7.21865,55.09199],[-7.3769,55.02769],[-7.40142,55.00332],[-7.446,54.90513],[-7.45127,54.8771],[-7.5022,54.82544],[-7.55039,54.76797],[-7.60644,54.7457],[-7.68999,54.72803],[-7.7375,54.71045],[-7.79727,54.71929],[-7.87295,54.71787],[-7.9106,54.69834],[-7.90874,54.68335],[-7.88613,54.66606],[-7.81982,54.6397],[-7.74629,54.61582],[-7.75439,54.59492],[-7.7938,54.57124],[-8.04434,54.51245],[-8.11894,54.47695],[-8.14482,54.45352],[-8.11826,54.41426],[-7.91846,54.29658],[-7.88447,54.28379],[-7.85493,54.21528],[-7.67876,54.18667],[-7.60654,54.14385],[-7.54443,54.13359],[-7.40942,54.13731],[-7.35518,54.12124],[-7.32451,54.13345],[-7.30674,54.15601],[-7.19307,54.21411],[-7.15547,54.2395],[-7.17808,54.2749],[-7.20259,54.30181],[-7.1335,54.35537],[-7.04971,54.40825],[-7.00771,54.40669],[-6.93613,54.37432],[-6.87725,54.3291],[-6.86924,54.29404],[-6.85835,54.26865],[-6.80259,54.21436],[-6.7666,54.19561],[-6.66953,54.18472],[-6.64687,54.16343],[-6.66421,54.08477],[-6.6498,54.05864],[-6.54814,54.05728],[-6.44028,54.06362],[-6.40259,54.06065],[-6.36367,54.0771],[-6.30366,54.09487],[-6.21802,54.08872],[-6.17573,54.05352],[-6.15693,54.01724],[-6.23066,54.00361],[-6.30762,54.01104],[-6.34517,53.98721],[-6.34761,53.94131],[-6.32158,53.88218],[-6.27012,53.84023],[-6.229,53.7457],[-6.19487,53.64087],[-6.14185,53.57754],[-6.13096,53.49893],[-6.13877,53.4603],[-6.1291,53.39087],[-6.15166,53.36641],[-6.13472,53.30122],[-6.07227,53.16631],[-6.04502,53.09116],[-6.02739,52.9271],[-6.07148,52.86563],[-6.13066,52.80728],[-6.16934,52.73814],[-6.19922,52.66348],[-6.21724,52.54312],[-6.34541,52.402],[-6.39995,52.36694],[-6.46318,52.34536],[-6.325,52.24668],[-6.43794,52.20269],[-6.56108,52.18882],[-6.69731,52.21353],[-6.78223,52.2105],[-6.85972,52.17856],[-6.89023,52.15923],[-6.91465,52.16856],[-6.96577,52.24951],[-7.00327,52.16592],[-7.08179,52.13931],[-7.21621,52.14497],[-7.44087,52.12271],[-7.52729,52.09888],[-7.56318,52.06162],[-7.58984,52.01856],[-7.6249,51.99312],[-7.66455,51.97974],[-7.83799,51.948],[-7.87217,51.9353],[-7.95249,51.86577],[-8.05781,51.82559],[-8.14502,51.81353],[-8.22246,51.854],[-8.2543,51.87832],[-8.29023,51.89067],[-8.40918,51.88877],[-8.37163,51.87627],[-8.34736,51.84771],[-8.3356,51.79297],[-8.34912,51.73931],[-8.40781,51.71206],[-8.47783,51.70703],[-8.58828,51.65137],[-8.73447,51.63618],[-8.81343,51.58491],[-9.29648,51.49824],[-9.32388,51.49722],[-9.39058,51.51929],[-9.46289,51.52905],[-9.53486,51.52217],[-9.7373,51.47373],[-9.83535,51.48335],[-9.71035,51.60371],[-9.54238,51.66445],[-9.5249,51.6811],[-9.57983,51.68926],[-9.89902,51.64707],[-10.00991,51.61113],[-10.12075,51.60068],[-10.06943,51.65557],[-9.92642,51.73071],[-9.84971,51.76611],[-9.80288,51.78013],[-9.74951,51.82427],[-9.59883,51.87441],[-10.08423,51.771],[-10.21172,51.78359],[-10.24175,51.81245],[-10.34106,51.79893],[-10.37871,51.86875],[-10.23159,51.97451],[-10.14585,52.02002],[-10.04404,52.04458],[-9.94604,52.07983],[-9.90967,52.12295],[-9.95581,52.13667],[-10.24951,52.12573],[-10.39023,52.13491],[-10.38262,52.16909],[-10.35669,52.20693],[-10.21094,52.27168],[-10.13208,52.28208],[-10.06177,52.27593],[-9.99311,52.25933],[-9.9373,52.23765],[-9.77212,52.2501],[-9.84106,52.29146],[-9.85322,52.37549],[-9.90605,52.40371],[-9.83848,52.44268],[-9.76113,52.46636],[-9.63223,52.54692],[-9.58633,52.55918],[-9.33125,52.57876],[-9.05615,52.62114],[-8.78345,52.67964],[-8.92329,52.71231],[-8.99028,52.75542],[-9.0979,52.66826],[-9.17539,52.63491],[-9.39424,52.61709],[-9.46348,52.6269],[-9.56103,52.65396],[-9.59136,52.64365],[-9.61953,52.62275],[-9.76435,52.57998],[-9.9166,52.56973],[-9.7396,52.64819],[-9.51499,52.78115],[-9.46489,52.82319],[-9.39365,52.89624],[-9.41572,52.92876],[-9.46196,52.94727],[-9.29922,53.09756],[-9.24189,53.12485],[-9.1376,53.12925],[-9.06113,53.15308],[-9.02744,53.15317],[-8.99717,53.16206],[-8.93013,53.20708],[-9.03354,53.23574],[-9.14033,53.25049],[-9.47075,53.23486],[-9.51421,53.23823],[-9.55518,53.25205],[-9.58174,53.27197],[-9.60176,53.32305],[-9.62598,53.33447],[-9.70059,53.33447],[-9.77407,53.31885],[-9.82539,53.32036],[-9.87578,53.34273],[-9.79541,53.39497],[-9.89902,53.40728],[-10.00391,53.39702],[-10.09126,53.41284],[-10.09399,53.44561],[-10.05439,53.47832],[-10.10625,53.50933],[-10.11699,53.54854],[-10.06172,53.56782],[-10.00137,53.56143],[-9.87827,53.59043],[-9.72065,53.60449],[-9.85586,53.63311],[-9.90972,53.65762],[-9.9123,53.69512],[-9.90161,53.7272],[-9.74507,53.78149],[-9.57822,53.80542],[-9.59053,53.84116],[-9.57886,53.87983],[-9.74751,53.89102],[-9.91406,53.86372],[-9.89624,53.9376],[-9.85635,54.0043],[-9.84849,54.04829],[-9.85645,54.09536],[-9.93447,54.07524],[-9.9436,54.1416],[-9.9771,54.18711],[-10.09268,54.15576],[-10.0897,54.21582],[-10.0564,54.25781],[-9.99595,54.27603],[-9.93594,54.26812],[-9.82456,54.2689],[-9.71714,54.30044],[-9.5623,54.30855],[-9.31553,54.29863],[-9.1459,54.20962],[-9.1021,54.22554],[-9.03428,54.28179],[-9.00244,54.28799],[-8.74678,54.26348],[-8.58804,54.2311],[-8.54556,54.24121],[-8.56846,54.30361],[-8.62314,54.34688],[-8.55444,54.40356],[-8.471,54.44194],[-8.41523,54.46108],[-8.28652,54.48486],[-8.23037,54.50728],[-8.19297,54.58013],[-8.13345,54.64082],[-8.45654,54.60928],[-8.76392,54.6812],[-8.71519,54.73203],[-8.65029,54.76089],[-8.53828,54.78296],[-8.52769,54.80947],[-8.471,54.83154],[-8.37729,54.88945],[-8.41172,54.96509],[-8.39326,55.02041],[-8.32578,55.05645],[-8.30469,55.1082],[-8.27461,55.14629],[-8.1377,55.15991],[-8.0061,55.19531],[-7.95859,55.1919],[-7.80317,55.20005],[-7.75054,55.18579],[-7.76255,55.24834],[-7.66709,55.25649],[-7.62978,55.24399],[-7.61338,55.19966],[-7.57002,55.17139],[-7.55664,55.12222],[-7.58569,55.08423],[-7.63428,55.05498],[-7.58984,55.02505],[-7.65874,54.97095],[-7.58437,54.99399],[-7.47842,55.04697],[-7.48394,55.09028],[-7.50195,55.14473],[-7.53144,55.19385],[-7.51787,55.24795],[-7.4583,55.28179],[-7.30176,55.29878],[-7.36597,55.36021],[-7.30879,55.36582],[-7.24668,55.35303],[-7.15532,55.30518],[-7.06025,55.26763],[-6.96167,55.23789],[-7.0564,55.17832],[-7.17285,55.13701],[-7.21865,55.09199]]]]}},{"type":"Feature","id":"country-isl","properties":{"id":"country-isl","slug":"islandia","name":"Islandia","localName":"Iceland","aliases":["Iceland"],"kind":"country","boundaryStatus":"reference","parentId":null,"population":361313,"areaKm2":101387.4,"density":3.6,"referenceYear":2019,"sourceId":"natural-earth","bbox":[-24.47568,63.40669,-13.5561,66.52607],"center":[-19.01589,64.96638]},"geometry":{"type":"Polygon","coordinates":[[[-15.54311,66.22852],[-15.42847,66.22481],[-15.24092,66.25913],[-15.1624,66.28169],[-14.96997,66.35972],[-14.8561,66.38145],[-14.68066,66.37612],[-14.59585,66.38154],[-14.5939,66.37398],[-14.70166,66.34229],[-14.78823,66.33145],[-14.91221,66.28428],[-15.02998,66.17788],[-15.11738,66.12564],[-15.11641,66.10244],[-15.0103,66.06128],[-14.89404,66.03789],[-14.78716,66.05908],[-14.74043,66.05083],[-14.69819,66.02021],[-14.67436,65.98989],[-14.66899,65.95986],[-14.68823,65.89697],[-14.75254,65.83379],[-14.83931,65.78091],[-14.8271,65.76426],[-14.75752,65.75566],[-14.42622,65.78994],[-14.39185,65.7874],[-14.3728,65.77036],[-14.36909,65.73872],[-14.35088,65.71011],[-14.31816,65.68447],[-14.32837,65.65825],[-14.47339,65.57534],[-14.30229,65.62754],[-14.16694,65.64229],[-13.93545,65.61606],[-13.84072,65.58594],[-13.78525,65.53301],[-13.70513,65.55054],[-13.67031,65.54951],[-13.61787,65.51934],[-13.61602,65.48716],[-13.65444,65.44131],[-13.66777,65.39897],[-13.70801,65.38159],[-13.78325,65.36899],[-13.80478,65.35479],[-13.77163,65.32251],[-13.72285,65.29097],[-13.65347,65.2895],[-13.64111,65.275],[-13.63955,65.25747],[-13.64893,65.23696],[-13.67158,65.22285],[-13.70742,65.21514],[-13.75488,65.19253],[-13.58081,65.14302],[-13.55859,65.12466],[-13.5561,65.09766],[-13.56968,65.06812],[-13.59932,65.03594],[-13.65185,65.01685],[-13.77725,65.01372],[-13.854,64.99287],[-13.82783,64.95801],[-13.82983,64.91401],[-13.85293,64.86216],[-13.95166,64.78364],[-14.04443,64.7419],[-14.13516,64.71479],[-14.29697,64.72437],[-14.38511,64.74522],[-14.37529,64.67744],[-14.46538,64.63569],[-14.44834,64.60083],[-14.41699,64.58311],[-14.43257,64.53833],[-14.47539,64.49399],[-14.54707,64.44595],[-14.62822,64.41597],[-14.78955,64.37983],[-14.92739,64.31968],[-15.02158,64.2959],[-15.25586,64.29692],[-15.49497,64.2582],[-15.83291,64.17666],[-16.06045,64.11123],[-16.23603,64.03721],[-16.46807,63.91636],[-16.64033,63.86548],[-16.7397,63.85176],[-16.93306,63.84092],[-17.09512,63.80811],[-17.63345,63.74658],[-17.81572,63.71299],[-17.83926,63.68237],[-17.91484,63.63638],[-17.91958,63.61973],[-17.88638,63.60689],[-17.88027,63.59019],[-17.94692,63.53574],[-18.08003,63.49634],[-18.14292,63.49697],[-18.21904,63.53086],[-18.2522,63.52969],[-18.26523,63.52451],[-18.26602,63.51387],[-18.22227,63.47319],[-18.30283,63.45425],[-18.65361,63.40669],[-19.2502,63.44199],[-19.48657,63.47852],[-19.77827,63.53657],[-19.95195,63.55205],[-20.19814,63.55581],[-20.40044,63.63711],[-20.49404,63.68735],[-20.50156,63.7082],[-20.49102,63.73198],[-20.46997,63.74819],[-20.43848,63.75698],[-20.37173,63.75786],[-20.36304,63.76494],[-20.41396,63.80518],[-20.46269,63.79214],[-20.59297,63.73535],[-20.65093,63.7374],[-20.72705,63.76577],[-20.72993,63.79336],[-20.87876,63.80391],[-21.0081,63.83838],[-21.13657,63.88794],[-21.15576,63.90684],[-21.09404,63.93442],[-21.10596,63.93984],[-21.15239,63.94453],[-21.24624,63.93545],[-21.3876,63.8728],[-21.44863,63.8584],[-22.37256,63.84375],[-22.60688,63.83726],[-22.6522,63.82773],[-22.69302,63.86851],[-22.72939,63.95947],[-22.74297,64.01939],[-22.73364,64.04839],[-22.70117,64.0832],[-22.65093,64.0773],[-22.60308,64.04961],[-22.55981,64.01035],[-22.51006,63.99146],[-22.1876,64.03921],[-22.05664,64.07134],[-22.00098,64.10186],[-21.93545,64.15376],[-21.86592,64.18032],[-21.83276,64.20542],[-21.76758,64.28486],[-21.72256,64.32178],[-21.66865,64.34902],[-21.60601,64.3666],[-21.46333,64.37915],[-21.55718,64.39785],[-21.64668,64.39785],[-21.95122,64.31392],[-22.05337,64.31392],[-22.04907,64.327],[-22.00601,64.35068],[-21.90127,64.3916],[-21.97319,64.39468],[-22.00068,64.41318],[-22.00381,64.4522],[-21.95034,64.51499],[-21.70239,64.5978],[-21.61665,64.61001],[-21.59062,64.62637],[-21.62314,64.63975],[-21.67495,64.64771],[-21.92441,64.56255],[-22.10601,64.53306],[-22.15996,64.53882],[-22.25391,64.57188],[-22.28418,64.58657],[-22.32471,64.62441],[-22.32012,64.64722],[-22.23359,64.71397],[-22.24756,64.7269],[-22.30703,64.7335],[-22.46704,64.79497],[-22.72031,64.78882],[-23.34697,64.82437],[-23.47646,64.80928],[-23.68994,64.75654],[-23.81899,64.73916],[-23.87856,64.75064],[-23.93276,64.77852],[-23.98198,64.81611],[-24.02617,64.86343],[-24.00703,64.89644],[-23.92441,64.91523],[-23.86382,64.92417],[-23.69321,64.91274],[-23.4853,64.94585],[-23.35269,64.95278],[-23.3146,64.95801],[-23.23652,64.99326],[-23.198,65.00215],[-23.13789,64.9898],[-23.10884,64.96587],[-22.89951,65.00303],[-22.82769,65.02168],[-22.81958,65.03311],[-22.78809,65.04648],[-22.68398,65.02637],[-22.59971,65.02573],[-22.49448,65.03955],[-22.30845,65.04565],[-21.89214,65.04878],[-21.82978,65.0791],[-21.80044,65.10591],[-21.76372,65.17373],[-21.77998,65.1877],[-22.03999,65.12524],[-22.09932,65.12622],[-22.40029,65.15933],[-22.50908,65.19678],[-22.47344,65.22686],[-22.31396,65.2916],[-22.14932,65.34355],[-21.90698,65.39971],[-21.85024,65.42153],[-21.84438,65.44736],[-22.00576,65.49346],[-22.31147,65.48071],[-22.3897,65.5354],[-22.6436,65.56777],[-22.81265,65.54741],[-22.90249,65.58047],[-23.12207,65.53477],[-23.60454,65.4686],[-23.79648,65.42275],[-23.8999,65.40757],[-24.01899,65.44502],[-24.22397,65.48721],[-24.45478,65.50034],[-24.47568,65.5252],[-24.34106,65.60122],[-24.24893,65.61499],[-24.1561,65.60801],[-23.979,65.55498],[-23.85674,65.53838],[-24.01001,65.61621],[-24.00601,65.64614],[-24.01758,65.69092],[-24.06504,65.71016],[-24.11191,65.75972],[-24.09263,65.77647],[-24.03242,65.78232],[-23.90908,65.76558],[-23.61592,65.67959],[-23.47197,65.69482],[-23.39297,65.72651],[-23.28535,65.75],[-23.31592,65.76226],[-23.56929,65.76372],[-23.70474,65.7812],[-23.77324,65.80635],[-23.83262,65.84922],[-23.81172,65.8689],[-23.74131,65.88457],[-23.52495,65.88003],[-23.66748,65.9543],[-23.76655,65.99697],[-23.77734,66.01758],[-23.77056,66.04346],[-23.75713,66.06079],[-23.73716,66.06943],[-23.48887,66.02607],[-23.43447,66.02422],[-23.48467,66.05225],[-23.59355,66.09341],[-23.59853,66.10884],[-23.55264,66.12158],[-23.52998,66.14502],[-23.52793,66.1644],[-23.45254,66.18101],[-23.37656,66.18174],[-23.3,66.1666],[-23.06255,66.08623],[-23.02852,66.06367],[-23.01728,66.03394],[-23.02891,65.99707],[-23.01899,65.98213],[-22.92622,65.99482],[-22.85225,65.9793],[-22.81533,65.9835],[-22.72334,66.03901],[-22.65986,66.02593],[-22.62158,65.99995],[-22.60972,65.97647],[-22.60405,65.94419],[-22.62021,65.87695],[-22.61602,65.86748],[-22.55156,65.90542],[-22.4417,65.9083],[-22.42754,65.92739],[-22.42422,65.9981],[-22.43315,66.05767],[-22.44531,66.07002],[-22.80644,66.15259],[-22.86924,66.17207],[-22.9479,66.21274],[-22.93198,66.2332],[-22.86162,66.25147],[-22.75552,66.25874],[-22.50937,66.25776],[-22.48442,66.26631],[-22.53213,66.28774],[-22.64609,66.30156],[-22.67275,66.31392],[-22.68623,66.3377],[-22.82134,66.32471],[-22.97202,66.32417],[-23.11694,66.33872],[-23.11992,66.35723],[-23.06269,66.38438],[-22.94434,66.42944],[-22.88921,66.44063],[-22.72373,66.43276],[-22.55933,66.44541],[-22.42612,66.43013],[-22.32046,66.3855],[-22.17021,66.30713],[-21.96699,66.25698],[-21.94839,66.24126],[-21.84023,66.20019],[-21.62529,66.0897],[-21.40688,66.02559],[-21.39678,66.00928],[-21.43271,65.99009],[-21.51665,65.96758],[-21.49746,65.95508],[-21.38779,65.93877],[-21.30879,65.89531],[-21.30347,65.87647],[-21.3749,65.7419],[-21.41284,65.71333],[-21.45664,65.69824],[-21.65845,65.72358],[-21.61035,65.68076],[-21.46626,65.63516],[-21.43364,65.60967],[-21.45513,65.58467],[-21.4394,65.57891],[-21.38662,65.59243],[-21.36475,65.57822],[-21.37388,65.53638],[-21.39634,65.50166],[-21.43218,65.47407],[-21.42187,65.46216],[-21.36548,65.46582],[-21.31255,65.45869],[-21.22998,65.4206],[-21.16299,65.30425],[-21.12969,65.2666],[-21.10571,65.3],[-21.07559,65.38496],[-21.04731,65.42837],[-21.02085,65.43027],[-20.998,65.44453],[-20.97886,65.47119],[-20.93975,65.56519],[-20.80435,65.63643],[-20.7397,65.65825],[-20.67895,65.66309],[-20.64941,65.6542],[-20.54815,65.57949],[-20.48652,65.56694],[-20.45483,65.57105],[-20.41152,65.62173],[-20.35664,65.71904],[-20.34409,65.82773],[-20.37393,65.94771],[-20.35659,66.03325],[-20.29214,66.08437],[-20.20752,66.1001],[-20.10269,66.08047],[-20.02607,66.04927],[-19.87476,65.93013],[-19.75264,65.86777],[-19.64785,65.80078],[-19.59355,65.77905],[-19.4897,65.76807],[-19.46182,65.77236],[-19.44326,65.78784],[-19.43389,65.81445],[-19.45625,65.98491],[-19.42705,66.03799],[-19.38296,66.07568],[-19.19531,66.0979],[-19.09321,66.12153],[-18.99375,66.16035],[-18.91133,66.18115],[-18.8459,66.18394],[-18.77754,66.1688],[-18.7062,66.13574],[-18.59492,66.07134],[-18.45493,65.96455],[-18.27695,65.88472],[-18.18364,65.75801],[-18.16372,65.73657],[-18.14194,65.73408],[-18.11841,65.75054],[-18.10332,65.77393],[-18.09902,65.83027],[-18.14888,65.90503],[-18.31533,66.09316],[-18.31821,66.12881],[-18.29717,66.15742],[-18.17988,66.16055],[-17.90698,66.14331],[-17.81982,66.11411],[-17.63433,65.99917],[-17.58223,65.97139],[-17.55044,65.9644],[-17.53901,65.97832],[-17.46704,65.99966],[-17.41724,66.02554],[-17.33428,66.08887],[-17.15303,66.20283],[-17.11538,66.2062],[-17.06245,66.19722],[-16.96953,66.16738],[-16.92544,66.14346],[-16.83804,66.12524],[-16.74844,66.13164],[-16.62476,66.17158],[-16.48501,66.19595],[-16.43711,66.25254],[-16.42808,66.27837],[-16.54067,66.44673],[-16.49336,66.48115],[-16.24932,66.5229],[-16.03589,66.52607],[-15.9854,66.51465],[-15.85093,66.43286],[-15.75977,66.3917],[-15.71377,66.35859],[-15.70278,66.28574],[-15.64736,66.25879],[-15.54311,66.22852]]]}},{"type":"Feature","id":"country-hun","properties":{"id":"country-hun","slug":"hungria","name":"Hungría","localName":"Hungary","aliases":["Hungary"],"kind":"country","boundaryStatus":"reference","parentId":null,"population":9769949,"areaKm2":93167.1,"density":104.9,"referenceYear":2019,"sourceId":"natural-earth","bbox":[16.09307,45.75303,22.87666,48.55347],"center":[19.484865,47.15325]},"geometry":{"type":"Polygon","coordinates":[[[22.13184,48.40532],[22.22715,48.41343],[22.23115,48.41216],[22.25371,48.40737],[22.26943,48.36089],[22.27217,48.35801],[22.29512,48.3273],[22.3167,48.28662],[22.3502,48.25606],[22.42383,48.24331],[22.52012,48.20537],[22.58242,48.13403],[22.67637,48.1044],[22.68311,48.10361],[22.70156,48.10703],[22.76914,48.10962],[22.78223,48.09522],[22.83623,48.0603],[22.85723,48.02954],[22.84648,47.99707],[22.85606,47.9603],[22.87666,47.94727],[22.85176,47.92256],[22.67676,47.79902],[22.6084,47.76631],[22.56289,47.75957],[22.49141,47.77256],[22.41748,47.76265],[22.35147,47.73623],[22.29063,47.72783],[22.24463,47.69639],[22.18506,47.62905],[22.11191,47.57202],[22.03799,47.53662],[21.99971,47.50503],[21.99531,47.3957],[21.9543,47.36426],[21.89922,47.33257],[21.86934,47.30459],[21.78545,47.13814],[21.72178,47.08481],[21.66143,47.0439],[21.65147,47.00654],[21.65264,46.96377],[21.58418,46.87837],[21.49443,46.78975],[21.47705,46.75337],[21.49707,46.7043],[21.41104,46.64785],[21.36133,46.62075],[21.32022,46.60781],[21.29453,46.57246],[21.25225,46.48638],[21.26328,46.44775],[21.26455,46.41231],[21.1918,46.39155],[21.17041,46.35269],[21.15195,46.30435],[21.12168,46.28242],[21.03984,46.24224],[20.83701,46.25972],[20.76025,46.24624],[20.7374,46.21748],[20.73272,46.19443],[20.70742,46.1728],[20.66103,46.14565],[20.61367,46.1335],[20.50811,46.16694],[20.28096,46.13301],[20.2418,46.10859],[20.21016,46.12603],[20.16143,46.1419],[19.93408,46.16148],[19.84443,46.1459],[19.72451,46.1519],[19.61348,46.16919],[19.53076,46.15518],[19.45752,46.08735],[19.42129,46.06445],[19.39287,46.04981],[19.33027,46.02852],[19.27813,46.00288],[19.2084,45.98442],[19.14629,45.98701],[19.08731,46.01616],[19.06621,46.00952],[19.04766,45.98267],[19.01572,45.95972],[18.92783,45.9314],[18.90537,45.93174],[18.90029,45.93174],[18.83301,45.91084],[18.72178,45.89937],[18.66602,45.90747],[18.56465,45.81328],[18.53359,45.79614],[18.4373,45.76733],[18.3583,45.75303],[18.29062,45.76445],[18.26397,45.76548],[17.96387,45.77026],[17.80713,45.79043],[17.70644,45.82725],[17.63965,45.86836],[17.60703,45.91377],[17.5292,45.94131],[17.40635,45.95107],[17.31065,45.99614],[17.24219,46.07661],[17.14961,46.14033],[17.03272,46.18731],[16.93994,46.25366],[16.87148,46.33931],[16.74805,46.41641],[16.56992,46.48501],[16.51621,46.4999],[16.50566,46.52207],[16.41846,46.60723],[16.38125,46.63867],[16.38457,46.68081],[16.36719,46.70479],[16.33545,46.72163],[16.31846,46.78252],[16.3085,46.82798],[16.28359,46.85728],[16.09307,46.86328],[16.25254,46.97192],[16.33184,47.0022],[16.42393,46.99697],[16.45342,47.00679],[16.46123,47.02246],[16.47695,47.05786],[16.48477,47.09126],[16.49268,47.12266],[16.48281,47.14038],[16.43838,47.1459],[16.4169,47.22344],[16.43975,47.25273],[16.4626,47.27315],[16.43438,47.36743],[16.44287,47.39951],[16.51475,47.40454],[16.57441,47.42466],[16.62305,47.44756],[16.63662,47.47661],[16.67656,47.53604],[16.63975,47.60889],[16.43213,47.6563],[16.42129,47.67446],[16.46963,47.69507],[16.52109,47.72446],[16.55098,47.74736],[16.59092,47.75054],[16.64746,47.73901],[16.74756,47.68628],[16.78594,47.67866],[16.82305,47.69399],[16.86269,47.69727],[16.97344,47.69531],[17.0666,47.70757],[17.0456,47.76377],[17.0459,47.80454],[17.03008,47.83711],[17.03994,47.87295],[17.07773,47.90088],[17.08906,47.96362],[17.14736,48.00596],[17.17461,48.01206],[17.27725,48.00435],[17.30156,47.99336],[17.31728,47.99092],[17.48066,47.8876],[17.63525,47.80991],[17.76191,47.77017],[17.94795,47.7669],[18.14561,47.76343],[18.47627,47.777],[18.72422,47.78716],[18.74063,47.80649],[18.77803,47.85288],[18.74834,47.89268],[18.7501,47.93945],[18.7919,48.00029],[18.91416,48.05083],[19.26514,48.07305],[19.46699,48.11069],[19.49746,48.16211],[19.56426,48.21284],[19.62539,48.2231],[19.70918,48.19981],[19.81006,48.15503],[19.89863,48.13135],[19.95039,48.14663],[20.12861,48.22202],[20.33379,48.29556],[20.475,48.49512],[20.49004,48.5269],[20.64316,48.54971],[20.8666,48.54565],[20.98115,48.51968],[21.06729,48.50591],[21.19639,48.5106],[21.38242,48.55347],[21.45137,48.55225],[21.50469,48.52188],[21.56318,48.4957],[21.60264,48.46367],[21.63252,48.41851],[21.64863,48.40147],[21.67461,48.37837],[21.72148,48.34658],[21.76699,48.33809],[22.11133,48.39336],[22.13184,48.40532]]]}},{"type":"Feature","id":"country-grc","properties":{"id":"country-grc","slug":"grecia","name":"Grecia","localName":"Greece","aliases":["Greece"],"kind":"country","boundaryStatus":"reference","parentId":null,"population":10716322,"areaKm2":130458.4,"density":82.1,"referenceYear":2019,"sourceId":"natural-earth","bbox":[19.64648,34.93447,28.23184,41.7438],"center":[23.93916,38.339135]},"geometry":{"type":"MultiPolygon","coordinates":[[[[27.86016,36.55391],[27.83828,36.53799],[27.78809,36.58369],[27.78574,36.60752],[27.83682,36.63486],[27.8625,36.64116],[27.86982,36.62251],[27.86904,36.58267],[27.86016,36.55391]]],[[[20.61231,38.38335],[20.62471,38.26787],[20.69522,38.24619],[20.78887,38.14209],[20.78076,38.08882],[20.76133,38.07056],[20.60615,38.11973],[20.56895,38.09766],[20.52354,38.10664],[20.49551,38.16416],[20.49873,38.18438],[20.47334,38.2188],[20.45215,38.23418],[20.39102,38.18843],[20.35254,38.17988],[20.35225,38.22173],[20.40869,38.33677],[20.43506,38.3562],[20.48145,38.31821],[20.51963,38.33232],[20.54834,38.39453],[20.55029,38.45654],[20.56318,38.47495],[20.61231,38.38335]]],[[[20.88848,37.80537],[20.99395,37.70801],[20.90908,37.73213],[20.81856,37.66475],[20.70381,37.74346],[20.63506,37.82314],[20.61953,37.85503],[20.6915,37.92954],[20.75869,37.85298],[20.83984,37.84072],[20.88848,37.80537]]],[[[20.68672,38.60869],[20.64785,38.60098],[20.61436,38.60625],[20.58398,38.60171],[20.55469,38.58257],[20.55791,38.66187],[20.59248,38.76016],[20.63467,38.81758],[20.69414,38.84424],[20.71963,38.79917],[20.71484,38.63833],[20.68672,38.60869]]],[[[20.75869,38.32944],[20.70928,38.3186],[20.64639,38.41431],[20.62363,38.48032],[20.64971,38.48398],[20.67481,38.47632],[20.70127,38.45142],[20.70107,38.42593],[20.71162,38.39863],[20.73916,38.36577],[20.75869,38.32944]]],[[[20.07793,39.43272],[20.09961,39.37661],[19.975,39.41143],[19.88398,39.46152],[19.80889,39.5853],[19.64893,39.72617],[19.64648,39.76709],[19.70732,39.7981],[19.83857,39.82012],[19.8917,39.79727],[19.92607,39.77373],[19.93682,39.74673],[19.86221,39.69263],[19.84668,39.66812],[19.9041,39.61948],[19.90313,39.6],[19.92734,39.50591],[19.95527,39.47041],[20.02773,39.44209],[20.07793,39.43272]]],[[[23.41543,38.95864],[23.47197,38.8501],[23.525,38.81348],[23.63623,38.77022],[23.68848,38.7647],[23.87822,38.68657],[24.09902,38.671],[24.12754,38.64849],[24.15469,38.58828],[24.19971,38.54102],[24.21104,38.50425],[24.1875,38.46343],[24.22012,38.33862],[24.27578,38.22002],[24.35967,38.1625],[24.46397,38.14512],[24.56328,38.14751],[24.58838,38.12398],[24.57852,38.02017],[24.53652,37.97974],[24.50234,37.96992],[24.47266,37.98052],[24.4458,38.00498],[24.4165,38.01655],[24.35947,38.01856],[24.31777,38.06035],[24.21201,38.11753],[24.19258,38.15166],[24.18906,38.2043],[24.14414,38.24307],[24.10283,38.31685],[24.06357,38.33721],[24.0419,38.37412],[24.04014,38.38999],[23.88623,38.40073],[23.75879,38.40122],[23.65078,38.44307],[23.61738,38.55254],[23.55332,38.58198],[23.50527,38.61294],[23.46523,38.65586],[23.36406,38.73501],[23.25215,38.80122],[23.14395,38.84482],[23.0291,38.87339],[22.93574,38.83965],[22.88135,38.84766],[22.87031,38.87051],[22.98633,38.91592],[23.1458,39.00269],[23.2582,39.03135],[23.3127,39.03491],[23.41543,38.95864]]],[[[23.77979,39.1144],[23.73516,39.08057],[23.66611,39.09536],[23.59395,39.20859],[23.77979,39.1144]]],[[[23.88799,39.1583],[23.84121,39.14658],[23.88809,39.22637],[23.9709,39.26773],[23.93975,39.20054],[23.88799,39.1583]]],[[[24.67471,38.80923],[24.56904,38.78481],[24.54102,38.78867],[24.56455,38.81943],[24.56641,38.83237],[24.46104,38.88862],[24.47344,38.96167],[24.48565,38.98027],[24.56406,38.94224],[24.58125,38.87886],[24.67471,38.80923]]],[[[24.77422,40.61519],[24.6459,40.57944],[24.51553,40.64702],[24.5167,40.68721],[24.58555,40.76875],[24.62334,40.79292],[24.71914,40.78628],[24.77363,40.73027],[24.78633,40.70386],[24.76865,40.65889],[24.77422,40.61519]]],[[[23.55098,37.92588],[23.51143,37.90117],[23.4668,37.90239],[23.43525,37.91148],[23.41934,37.93125],[23.43906,37.94067],[23.46221,37.98037],[23.48369,37.99111],[23.51553,37.98604],[23.53486,37.97022],[23.55098,37.92588]]],[[[23.05381,36.18979],[23.04219,36.14639],[22.93945,36.17622],[22.91084,36.221],[22.90566,36.32031],[22.93262,36.36875],[22.95049,36.38394],[22.99785,36.32813],[23.09707,36.24658],[23.05381,36.18979]]],[[[27.17607,35.46528],[27.13789,35.40908],[27.09912,35.45645],[27.11582,35.51113],[27.0707,35.59775],[27.15606,35.72627],[27.15801,35.78867],[27.22315,35.82046],[27.20703,35.71445],[27.15723,35.62949],[27.20889,35.55894],[27.23359,35.47856],[27.17607,35.46528]]],[[[27.01973,36.95903],[26.91992,36.94521],[26.9377,37.02461],[26.88867,37.08726],[26.9666,37.0521],[27.01602,37.00967],[27.04014,37.00156],[27.03457,36.97598],[27.01973,36.95903]]],[[[26.94961,36.7271],[26.91836,36.72593],[26.95557,36.77422],[27.06113,36.84038],[27.21494,36.89863],[27.26563,36.90513],[27.35215,36.8689],[27.19316,36.80913],[27.15098,36.77759],[27.03359,36.77075],[26.94961,36.7271]]],[[[25.5459,36.96758],[25.45674,36.92969],[25.3959,36.98438],[25.36191,37.07041],[25.52529,37.19639],[25.56436,37.18511],[25.58789,37.15254],[25.58428,37.03931],[25.5459,36.96758]]],[[[25.27891,37.06841],[25.19941,36.99131],[25.1333,36.99966],[25.10547,37.03496],[25.14648,37.10742],[25.23506,37.14854],[25.27529,37.13784],[25.27148,37.08418],[25.27891,37.06841]]],[[[25.48242,36.39263],[25.43594,36.34009],[25.37051,36.35894],[25.39717,36.37896],[25.41289,36.40488],[25.41465,36.44229],[25.39688,36.46533],[25.40898,36.47373],[25.46738,36.43506],[25.48242,36.39263]]],[[[25.38174,36.67402],[25.36436,36.65835],[25.28867,36.72153],[25.25996,36.75845],[25.2959,36.78916],[25.40693,36.71733],[25.38174,36.67402]]],[[[26.82441,37.81143],[26.94736,37.77847],[26.98154,37.78198],[27.03965,37.77002],[27.05508,37.70928],[26.97813,37.70049],[26.84492,37.64473],[26.78828,37.65698],[26.72051,37.70547],[26.61289,37.7105],[26.58106,37.72373],[26.63867,37.78086],[26.74336,37.80977],[26.82441,37.81143]]],[[[26.0293,37.5294],[25.98242,37.52559],[25.99678,37.56558],[26.08633,37.63491],[26.21152,37.63828],[26.32559,37.67305],[26.35137,37.67432],[26.29688,37.61958],[26.20488,37.56851],[26.0293,37.5294]]],[[[25.85938,36.79043],[25.77109,36.78223],[25.74316,36.78975],[25.79678,36.80703],[25.83438,36.82539],[25.85244,36.84756],[25.94199,36.88657],[26.00068,36.9374],[26.06445,36.90273],[25.98467,36.87969],[25.85938,36.79043]]],[[[26.46065,36.5854],[26.38164,36.56152],[26.33145,36.51138],[26.27002,36.54692],[26.26982,36.59541],[26.33701,36.58057],[26.38418,36.60786],[26.37002,36.63857],[26.42129,36.62422],[26.46065,36.5854]]],[[[24.35596,37.57686],[24.28897,37.52827],[24.27744,37.60112],[24.32041,37.67773],[24.3791,37.68272],[24.40078,37.64902],[24.35596,37.57686]]],[[[24.43574,37.34443],[24.37891,37.31411],[24.39775,37.38345],[24.36973,37.41963],[24.39482,37.45039],[24.43125,37.4752],[24.44854,37.44956],[24.48145,37.40801],[24.43574,37.34443]]],[[[24.53574,36.76377],[24.5375,36.70503],[24.53066,36.68398],[24.32598,36.65561],[24.34492,36.723],[24.35742,36.74429],[24.4252,36.71294],[24.4502,36.72896],[24.46035,36.74746],[24.53574,36.76377]]],[[[24.94287,37.49351],[24.93789,37.3897],[24.91152,37.39058],[24.89619,37.40659],[24.89531,37.44634],[24.90654,37.50889],[24.94287,37.49351]]],[[[24.9917,37.75962],[24.96221,37.69238],[24.88408,37.77051],[24.79854,37.82402],[24.7665,37.8707],[24.71436,37.89888],[24.7002,37.96167],[24.76338,37.9875],[24.79043,37.99014],[24.85508,37.91367],[24.95635,37.90478],[24.94844,37.85767],[24.98047,37.79692],[24.9917,37.75962]]],[[[25.25586,37.59961],[25.21875,37.53511],[25.15635,37.54507],[25.05195,37.61445],[25.01631,37.64595],[24.99648,37.6769],[25.03936,37.68066],[25.0918,37.648],[25.22539,37.63066],[25.25586,37.59961]]],[[[24.7209,36.92144],[24.70264,36.91709],[24.67647,36.95928],[24.671,36.99858],[24.68145,37.02163],[24.71611,37.02383],[24.76318,36.94922],[24.7209,36.92144]]],[[[26.09404,38.21807],[25.99854,38.16152],[25.8919,38.24331],[25.87432,38.26963],[25.95264,38.30264],[25.99141,38.35352],[25.95996,38.41602],[25.85127,38.5084],[25.84609,38.57402],[26.0125,38.60171],[26.11045,38.54463],[26.16035,38.54072],[26.14121,38.48618],[26.14961,38.46846],[26.15703,38.30293],[26.11074,38.27964],[26.10313,38.23418],[26.09404,38.21807]]],[[[26.41016,39.32944],[26.39277,39.27012],[26.53106,39.17178],[26.57822,39.10952],[26.59561,39.04883],[26.58398,39.03145],[26.53154,39.06436],[26.48867,39.07481],[26.50313,39.03145],[26.54717,38.99414],[26.46875,38.9728],[26.39014,38.97393],[26.16084,39.02588],[26.10791,39.08106],[26.24512,39.16411],[26.27315,39.19756],[26.17598,39.19429],[26.07236,39.09561],[25.90625,39.13897],[25.85547,39.17866],[25.84414,39.20005],[25.90957,39.28755],[26.02647,39.28462],[26.08838,39.3043],[26.16484,39.33198],[26.16543,39.37353],[26.34775,39.38301],[26.41016,39.32944]]],[[[25.68574,40.42656],[25.57266,40.40044],[25.44805,40.48281],[25.56856,40.51587],[25.62432,40.49199],[25.66426,40.46387],[25.68574,40.42656]]],[[[25.4377,39.9833],[25.3999,39.94956],[25.37207,39.89131],[25.35703,39.8081],[25.29873,39.8061],[25.26338,39.82295],[25.25176,39.85439],[25.24941,39.89414],[25.22383,39.89258],[25.20322,39.84941],[25.18516,39.82993],[25.12647,39.82583],[25.06221,39.85239],[25.06523,39.90986],[25.05234,39.97637],[25.05801,39.99966],[25.23418,40.00542],[25.28574,39.9563],[25.34805,39.98477],[25.37363,40.01553],[25.44912,40.03481],[25.4377,39.9833]]],[[[25.40273,37.41914],[25.30713,37.41299],[25.3127,37.48931],[25.34815,37.50918],[25.46299,37.47109],[25.45742,37.44707],[25.40273,37.41914]]],[[[24.52354,37.1251],[24.48652,37.11006],[24.42481,37.13198],[24.44121,37.18686],[24.48379,37.21021],[24.5291,37.19233],[24.53594,37.16768],[24.52354,37.1251]]],[[[27.84277,35.9293],[27.77061,35.9083],[27.7457,35.91104],[27.71553,35.95732],[27.75732,36.06919],[27.71865,36.14111],[27.71631,36.17158],[27.77441,36.21377],[27.81523,36.27695],[27.91445,36.34531],[28.17148,36.42622],[28.23184,36.43364],[28.23008,36.37026],[28.14404,36.20986],[28.06768,36.12969],[28.08779,36.06533],[27.96553,36.04751],[27.84277,35.9293]]],[[[23.85225,35.53545],[23.92061,35.52817],[24.01328,35.52944],[24.03438,35.5354],[24.09336,35.59385],[24.16602,35.59522],[24.19775,35.53745],[24.12402,35.51084],[24.10898,35.4958],[24.12315,35.48364],[24.17852,35.45952],[24.25537,35.4686],[24.25772,35.42315],[24.2749,35.38599],[24.31289,35.36382],[24.354,35.35947],[24.44492,35.36602],[24.53457,35.38076],[24.62695,35.40991],[24.72129,35.42481],[25.00313,35.40986],[25.1043,35.34692],[25.29678,35.33935],[25.47568,35.3062],[25.56963,35.32808],[25.73018,35.34858],[25.75586,35.32637],[25.73516,35.18403],[25.74502,35.14273],[25.79131,35.12285],[25.83711,35.13257],[25.89336,35.1792],[26.02803,35.21528],[26.16787,35.21509],[26.28555,35.30977],[26.32022,35.31514],[26.29863,35.2686],[26.28086,35.15923],[26.25557,35.09517],[26.24434,35.04468],[26.16563,35.0186],[26.04668,35.01416],[25.82969,35.02519],[25.61094,35.00732],[25.20576,34.95928],[24.79981,34.93447],[24.74522,34.95064],[24.74395,35.01436],[24.73516,35.0583],[24.70889,35.08906],[24.5834,35.11533],[24.46367,35.16035],[23.99434,35.22192],[23.88359,35.24609],[23.70391,35.2335],[23.63809,35.23516],[23.59277,35.25723],[23.56162,35.29517],[23.54756,35.41558],[23.56982,35.53477],[23.60869,35.56626],[23.62656,35.53037],[23.67266,35.51392],[23.71543,35.55015],[23.71504,35.60474],[23.73691,35.65552],[23.7708,35.63423],[23.79336,35.5562],[23.85225,35.53545]]],[[[26.3209,41.71655],[26.41055,41.69634],[26.4625,41.66338],[26.49502,41.63325],[26.54453,41.60723],[26.58135,41.60127],[26.60977,41.51216],[26.6249,41.40176],[26.60234,41.35415],[26.53643,41.34311],[26.33066,41.23877],[26.32568,41.14326],[26.32842,41.09702],[26.33262,41.06431],[26.3541,41.03677],[26.3541,40.99707],[26.33106,40.95449],[26.24121,40.8832],[26.17891,40.82651],[26.10918,40.74966],[26.06973,40.74028],[26.03897,40.72676],[26.01074,40.76914],[25.85566,40.84409],[25.49678,40.88779],[25.32529,40.94312],[25.2501,40.93281],[25.10449,40.99473],[25.00469,40.96753],[24.79297,40.85752],[24.67871,40.86948],[24.55654,40.9356],[24.47705,40.94775],[24.38379,40.91274],[24.23438,40.78613],[24.08232,40.72407],[23.94609,40.74834],[23.76279,40.7478],[23.74326,40.677],[23.77871,40.62798],[23.87891,40.54439],[23.83193,40.48154],[23.8668,40.41856],[23.93203,40.40576],[24.03057,40.40933],[24.21279,40.32778],[24.29248,40.2418],[24.34336,40.14771],[24.23242,40.21519],[24.15879,40.28003],[24.05606,40.30356],[23.91318,40.35879],[23.82344,40.36802],[23.72793,40.32974],[23.72051,40.28628],[23.82344,40.20513],[23.91758,40.15523],[23.96748,40.11455],[24.00078,40.02461],[23.98184,39.99404],[23.94707,39.96558],[23.83535,40.02227],[23.66455,40.22383],[23.42627,40.26397],[23.38643,40.22197],[23.4332,40.11543],[23.46709,40.07393],[23.67412,39.95889],[23.65752,39.93447],[23.62734,39.92407],[23.39561,39.98984],[23.32822,40.08994],[23.31201,40.21646],[23.09815,40.3043],[22.89648,40.3999],[22.85137,40.49063],[22.89287,40.52427],[22.92227,40.59087],[22.81143,40.57861],[22.7419,40.53648],[22.62949,40.49556],[22.6249,40.42861],[22.64268,40.3666],[22.60547,40.27642],[22.56934,40.11934],[22.59219,40.03691],[22.83574,39.80059],[22.91904,39.62891],[22.97881,39.56382],[23.10342,39.49204],[23.2334,39.35845],[23.28848,39.28882],[23.32773,39.1749],[23.21836,39.10439],[23.15469,39.10146],[23.11943,39.13276],[23.16875,39.21045],[23.16172,39.25776],[22.99287,39.33106],[22.92139,39.30635],[22.83897,39.25859],[22.88604,39.16997],[22.93897,39.11152],[22.96553,39.03091],[23.0667,39.03794],[22.93047,38.94771],[22.80264,38.90161],[22.67686,38.89893],[22.59678,38.89058],[22.56914,38.86748],[22.63428,38.85068],[22.6875,38.84917],[22.77402,38.80039],[23.02031,38.7419],[23.1377,38.66797],[23.25293,38.66123],[23.36895,38.52554],[23.56963,38.4894],[23.68398,38.35244],[23.83604,38.32549],[23.96699,38.275],[24.00537,38.22681],[24.02451,38.1398],[24.03301,37.95532],[24.06133,37.81792],[24.06231,37.77451],[24.05537,37.70962],[24.01973,37.67773],[23.97158,37.67676],[23.87734,37.77778],[23.73281,37.88408],[23.58047,38.01055],[23.53721,38.03276],[23.50176,38.03486],[23.42022,37.99209],[23.19365,37.95903],[23.0874,37.91284],[23.04746,37.90264],[23.03633,37.87837],[23.08613,37.85313],[23.14717,37.79531],[23.14717,37.71626],[23.19756,37.62022],[23.2627,37.59541],[23.34756,37.59756],[23.39619,37.57979],[23.40879,37.54155],[23.45811,37.49692],[23.49063,37.46387],[23.48926,37.44019],[23.25254,37.37729],[23.20303,37.34854],[23.16152,37.33384],[23.1,37.36377],[23.09648,37.44058],[23.01514,37.48179],[22.94053,37.51709],[22.85107,37.53223],[22.775,37.58511],[22.72539,37.54214],[22.76504,37.39331],[22.85107,37.29082],[22.99502,37.01587],[23.06035,36.85352],[23.07354,36.77495],[23.04102,36.64453],[23.11172,36.54761],[23.16016,36.4481],[23.10684,36.45186],[23.06055,36.48696],[22.98291,36.52837],[22.83232,36.68711],[22.77988,36.78618],[22.71719,36.79395],[22.6084,36.77974],[22.48906,36.56816],[22.48945,36.44692],[22.42773,36.47578],[22.37481,36.51357],[22.38125,36.64619],[22.37598,36.7019],[22.23115,36.88257],[22.16475,36.90283],[22.13379,36.96392],[22.08047,37.02896],[22.01172,37.0165],[21.95557,36.99009],[21.94004,36.8918],[21.93428,36.80366],[21.89238,36.73731],[21.73809,36.86323],[21.58291,37.08096],[21.57881,37.20039],[21.69248,37.30928],[21.67891,37.38721],[21.57129,37.54102],[21.41621,37.63994],[21.3293,37.66934],[21.28848,37.77451],[21.20527,37.82886],[21.13799,37.85415],[21.12471,37.8916],[21.14502,37.91929],[21.30811,38.02744],[21.40371,38.19668],[21.45117,38.20474],[21.54873,38.1646],[21.6584,38.1751],[21.74844,38.27422],[21.82471,38.32813],[21.95332,38.32119],[22.24375,38.18872],[22.55586,38.11323],[22.71152,38.04692],[22.79961,37.9812],[22.84639,37.96758],[22.92031,37.9583],[22.91699,38.00747],[22.89316,38.05093],[22.95479,38.07461],[23.12207,38.07334],[23.15254,38.09639],[23.1835,38.13369],[23.14893,38.17607],[23.09356,38.19644],[23.03438,38.2021],[22.99541,38.21553],[22.93252,38.20195],[22.83438,38.23472],[22.78369,38.26172],[22.75391,38.2895],[22.5834,38.34492],[22.42168,38.43853],[22.38525,38.38555],[22.31992,38.35684],[22.22686,38.35283],[21.96533,38.41245],[21.80469,38.36694],[21.71709,38.35503],[21.6501,38.354],[21.56768,38.33359],[21.47256,38.32139],[21.39014,38.40781],[21.35547,38.47481],[21.33106,38.48731],[21.32979,38.42437],[21.30332,38.37393],[21.18262,38.34556],[21.11318,38.38467],[21.05977,38.50327],[20.99219,38.654],[20.87324,38.77573],[20.77686,38.80752],[20.76856,38.87441],[20.77734,38.92788],[20.89316,38.94111],[21.07422,38.88516],[21.11162,38.89629],[21.15234,38.92207],[21.14453,38.9792],[21.11836,39.02998],[21.06856,39.03228],[21.03408,39.02627],[20.92275,39.03677],[20.77969,39.00855],[20.71338,39.03516],[20.69131,39.06748],[20.57168,39.14771],[20.46826,39.25527],[20.30078,39.3271],[20.19141,39.5458],[20.09941,39.64126],[20.00127,39.70942],[20.02256,39.71069],[20.05977,39.69912],[20.13106,39.66162],[20.20684,39.65352],[20.24824,39.67837],[20.27207,39.70117],[20.2876,39.73857],[20.29385,39.78223],[20.30615,39.79668],[20.36406,39.79175],[20.38242,39.80264],[20.38164,39.8418],[20.34424,39.89063],[20.31133,39.95078],[20.31113,39.97944],[20.33848,39.99106],[20.38369,40.01719],[20.40801,40.04946],[20.45606,40.06558],[20.52705,40.06851],[20.60625,40.08267],[20.65742,40.11738],[20.66494,40.15176],[20.69697,40.24639],[20.71787,40.29268],[20.75166,40.33491],[20.77002,40.3919],[20.80606,40.44546],[20.88164,40.46792],[20.9502,40.49439],[21.00195,40.56338],[21.03086,40.62246],[21.03106,40.65864],[20.98789,40.71777],[20.95576,40.77529],[20.96426,40.8499],[21.1,40.85615],[21.14756,40.86314],[21.32373,40.86714],[21.4041,40.90718],[21.45967,40.90361],[21.57578,40.86894],[21.62754,40.89634],[21.77949,40.95044],[21.92949,41.10742],[21.99336,41.13096],[22.13887,41.14053],[22.18447,41.15864],[22.2377,41.15518],[22.40078,41.12339],[22.49356,41.11851],[22.60361,41.14019],[22.72481,41.17852],[22.75508,41.31274],[22.78389,41.33198],[22.85928,41.33735],[22.91602,41.33628],[23.02559,41.32564],[23.15596,41.32207],[23.23984,41.38496],[23.37207,41.38965],[23.4334,41.39873],[23.53584,41.38604],[23.63516,41.38677],[23.76231,41.41299],[23.88086,41.45596],[23.97354,41.4523],[24.01133,41.46006],[24.03291,41.46909],[24.05606,41.52725],[24.23037,41.53081],[24.28945,41.52505],[24.38672,41.52354],[24.48789,41.55523],[24.51826,41.55254],[24.56934,41.46738],[24.596,41.44273],[24.65107,41.41997],[24.77373,41.3561],[24.7958,41.3729],[24.84688,41.39424],[24.99356,41.36499],[25.1334,41.31577],[25.25117,41.24356],[25.38193,41.26436],[25.52705,41.29981],[25.62148,41.31011],[25.72393,41.31504],[25.78496,41.33042],[25.92334,41.31191],[26.06641,41.35068],[26.13535,41.38574],[26.15518,41.43486],[26.14356,41.52153],[26.11123,41.6082],[26.07695,41.64019],[26.06602,41.67324],[26.08555,41.70415],[26.10742,41.72568],[26.20059,41.7438],[26.3209,41.71655]]]]}},{"type":"Feature","id":"country-deu","properties":{"id":"country-deu","slug":"alemania","name":"Alemania","localName":"Germany","aliases":["Germany"],"kind":"country","boundaryStatus":"reference","parentId":null,"population":83132799,"areaKm2":356960.9,"density":232.9,"referenceYear":2019,"sourceId":"natural-earth","bbox":[5.85752,47.27881,15.0166,55.05874],"center":[10.43706,51.168775]},"geometry":{"type":"MultiPolygon","coordinates":[[[[9.52402,47.52422],[9.35,47.59893],[9.18281,47.6707],[9.12754,47.6707],[8.88115,47.6564],[8.87402,47.6627],[8.83115,47.70361],[8.79307,47.71655],[8.77012,47.70991],[8.75479,47.69805],[8.72832,47.70005],[8.61787,47.76611],[8.57266,47.77564],[8.50986,47.7669],[8.43574,47.73135],[8.40342,47.68779],[8.41328,47.6627],[8.45176,47.65181],[8.55234,47.65913],[8.56709,47.6519],[8.57051,47.63779],[8.55947,47.62402],[8.47764,47.6127],[8.454,47.59619],[8.43008,47.59214],[8.41475,47.5896],[8.32783,47.60693],[8.19824,47.60693],[8.09375,47.57617],[7.92705,47.56387],[7.69805,47.56987],[7.61563,47.59273],[7.56543,47.60654],[7.5294,47.67388],[7.53857,47.77363],[7.59326,47.90566],[7.6085,48.00259],[7.58418,48.06431],[7.6166,48.15679],[7.70566,48.28003],[7.76514,48.41001],[7.79482,48.54683],[7.83799,48.63604],[7.92275,48.69854],[8.12402,48.87329],[8.14033,48.88643],[8.13486,48.97358],[8.08066,48.98589],[8.00127,49.01094],[7.79922,49.0419],[7.61094,49.06177],[7.52549,49.08638],[7.45059,49.1522],[7.4042,49.15308],[7.31338,49.12954],[7.1999,49.11362],[7.11738,49.12754],[7.06572,49.12485],[7.03672,49.1127],[7.02217,49.12344],[7.00147,49.17988],[6.9583,49.19463],[6.89121,49.20752],[6.84951,49.20195],[6.8207,49.17393],[6.77627,49.15415],[6.73545,49.1606],[6.60762,49.29087],[6.57471,49.31968],[6.56631,49.34619],[6.53428,49.39468],[6.45811,49.44287],[6.38223,49.45815],[6.34434,49.45273],[6.34844,49.5127],[6.37832,49.59961],[6.40674,49.64497],[6.44463,49.68203],[6.48477,49.70781],[6.49375,49.7544],[6.48731,49.79849],[6.44092,49.80532],[6.32461,49.83789],[6.25606,49.87217],[6.20488,49.91514],[6.13818,49.97432],[6.10977,50.03438],[6.1083,50.09424],[6.1165,50.121],[6.12129,50.13936],[6.1751,50.23267],[6.36445,50.31616],[6.34365,50.40024],[6.34092,50.45176],[6.29492,50.4855],[6.20303,50.49912],[6.17871,50.52251],[6.16846,50.54536],[6.23594,50.59668],[6.15449,50.63726],[6.11943,50.67925],[6.00596,50.73223],[5.99395,50.75044],[6.04844,50.90488],[6.00684,50.94995],[5.95508,50.97295],[5.89473,50.98423],[5.86719,51.00566],[5.85752,51.03013],[5.86836,51.04531],[5.93926,51.04082],[5.96104,51.05669],[6.12998,51.14741],[6.13691,51.16484],[6.11338,51.17471],[6.08242,51.17998],[6.07481,51.19902],[6.07588,51.22412],[6.16621,51.35483],[6.19287,51.4106],[6.19883,51.45],[6.19326,51.48892],[6.1416,51.5501],[6.09111,51.59893],[6.08936,51.63779],[6.05273,51.65825],[5.94854,51.7624],[5.94873,51.80269],[6.00762,51.83398],[6.08984,51.85396],[6.11719,51.87041],[6.1665,51.88076],[6.29707,51.85073],[6.35566,51.82466],[6.37217,51.83003],[6.425,51.8584],[6.51758,51.85396],[6.7418,51.91089],[6.7752,51.93828],[6.80039,51.96738],[6.80244,51.98018],[6.71563,52.03618],[6.71299,52.05689],[6.72451,52.08023],[6.74902,52.09868],[6.80039,52.11123],[6.85508,52.13579],[6.97725,52.20552],[7.01963,52.26602],[7.03262,52.33149],[7.03516,52.38023],[7.00186,52.41899],[6.96816,52.44409],[6.92207,52.44028],[6.83252,52.44229],[6.74883,52.46401],[6.70293,52.49922],[6.6916,52.53018],[6.7124,52.54966],[6.71875,52.57358],[6.70537,52.59766],[6.71074,52.61787],[6.74844,52.63408],[7.01318,52.63355],[7.03301,52.65137],[7.05088,52.74478],[7.11709,52.88701],[7.17949,52.96621],[7.18994,52.99951],[7.18897,53.18721],[7.19727,53.28228],[7.15205,53.32695],[7.05332,53.37583],[7.07432,53.47764],[7.10713,53.55698],[7.20645,53.65454],[7.28525,53.68135],[7.6292,53.69727],[8.00928,53.69072],[8.16709,53.54341],[8.1085,53.46768],[8.20078,53.43242],[8.24522,53.44531],[8.279,53.51118],[8.30156,53.58413],[8.33389,53.6062],[8.45137,53.55171],[8.49268,53.51436],[8.49522,53.39424],[8.53848,53.55689],[8.50625,53.67075],[8.52842,53.7811],[8.57559,53.83848],[8.61895,53.875],[8.89775,53.83569],[9.20557,53.85596],[9.32197,53.81348],[9.58535,53.60049],[9.67315,53.56563],[9.78398,53.55464],[9.63125,53.6002],[9.31201,53.85913],[9.21641,53.89121],[9.06963,53.90093],[8.97813,53.92622],[8.92041,53.96533],[8.90352,54.00029],[8.90664,54.26079],[8.85156,54.29956],[8.78037,54.31304],[8.73603,54.29522],[8.64492,54.29497],[8.62578,54.35396],[8.64805,54.39766],[8.83115,54.42754],[8.95186,54.46758],[8.95723,54.53833],[8.88096,54.59395],[8.78965,54.69595],[8.68232,54.79185],[8.67031,54.90342],[8.6707,54.90332],[8.85723,54.90112],[8.90293,54.89692],[9.18584,54.84468],[9.25498,54.80801],[9.34199,54.8063],[9.49873,54.84043],[9.61582,54.85542],[9.66123,54.83438],[9.725,54.82554],[9.73975,54.82554],[9.7459,54.80718],[9.89228,54.78062],[9.95381,54.73828],[10.02217,54.67393],[10.02881,54.5813],[9.94131,54.51465],[9.86865,54.47246],[10.14346,54.48843],[10.1708,54.4502],[10.2124,54.40894],[10.36045,54.43833],[10.73154,54.31626],[10.95596,54.37568],[11.01338,54.37915],[11.06436,54.28052],[11.00859,54.18115],[10.81074,54.07515],[10.85459,54.00981],[10.91777,53.99531],[11.1043,54.00918],[11.39961,53.94463],[11.46113,53.96475],[11.70059,54.11353],[11.79629,54.14546],[12.11133,54.16831],[12.16865,54.22588],[12.29629,54.28379],[12.37852,54.34702],[12.57539,54.46738],[12.7791,54.4457],[12.89805,54.42266],[13.02861,54.41104],[13.14746,54.28272],[13.44805,54.14087],[13.72422,54.15322],[13.82227,54.01904],[13.86553,53.85337],[13.95039,53.80137],[14.025,53.76743],[14.25,53.73189],[14.25889,53.72964],[14.26611,53.70713],[14.27988,53.62476],[14.29873,53.55645],[14.41455,53.2835],[14.41231,53.21675],[14.41094,53.19902],[14.36856,53.10557],[14.29316,53.02676],[14.19365,52.98232],[14.13887,52.93286],[14.12861,52.87822],[14.25371,52.78252],[14.51406,52.64561],[14.61943,52.52852],[14.56973,52.4311],[14.55459,52.35967],[14.57393,52.31416],[14.61563,52.27764],[14.67988,52.25],[14.70537,52.20747],[14.69238,52.15005],[14.70459,52.11021],[14.75254,52.08184],[14.74815,52.0708],[14.72481,52.03086],[14.69297,51.95801],[14.6749,51.90483],[14.60166,51.83237],[14.62393,51.7708],[14.68135,51.69819],[14.7249,51.66172],[14.73867,51.62715],[14.71094,51.54492],[14.72471,51.52388],[14.90596,51.46333],[14.93555,51.43535],[14.95313,51.37715],[15.0166,51.25273],[14.96387,51.09512],[14.91748,51.00874],[14.81426,50.87163],[14.80938,50.85898],[14.79746,50.84233],[14.7665,50.81831],[14.72334,50.8147],[14.6582,50.83262],[14.61357,50.85557],[14.62383,50.91475],[14.59522,50.9186],[14.55967,50.95493],[14.5457,50.99395],[14.50732,51.00986],[14.36729,51.02627],[14.31973,51.03779],[14.2832,51.02949],[14.25586,51.00186],[14.27334,50.9769],[14.29941,50.95259],[14.37705,50.91406],[14.36904,50.89873],[14.20176,50.86123],[14.09648,50.82275],[13.99844,50.80112],[13.89854,50.76128],[13.70137,50.7165],[13.55674,50.70464],[13.52656,50.69282],[13.47256,50.61694],[13.43613,50.60107],[13.40117,50.60933],[13.37461,50.62173],[13.34102,50.61143],[13.30606,50.58633],[13.26953,50.57642],[13.2377,50.57676],[13.18115,50.5105],[13.01641,50.49038],[12.99707,50.45606],[12.9668,50.41621],[12.94268,50.40645],[12.86826,50.42222],[12.76543,50.43096],[12.70645,50.40913],[12.63555,50.39707],[12.54902,50.39341],[12.45264,50.34981],[12.35859,50.27324],[12.30566,50.20571],[12.27734,50.18145],[12.23115,50.24487],[12.17481,50.28838],[12.13486,50.31094],[12.09922,50.31099],[12.08984,50.30176],[12.08975,50.26856],[12.12783,50.21343],[12.175,50.17583],[12.18252,50.14805],[12.20781,50.09751],[12.27647,50.04233],[12.38418,49.99858],[12.45762,49.95552],[12.51201,49.8958],[12.5125,49.87744],[12.49756,49.85308],[12.47188,49.83008],[12.4502,49.80015],[12.39053,49.73965],[12.4082,49.71318],[12.45703,49.67979],[12.50029,49.6397],[12.55576,49.57485],[12.63203,49.46123],[12.68115,49.4145],[12.74785,49.36621],[12.81338,49.32935],[12.9167,49.33047],[13.02373,49.26011],[13.14053,49.15835],[13.22783,49.11167],[13.28877,49.09746],[13.33906,49.06079],[13.38369,49.00811],[13.40117,48.97759],[13.44072,48.95557],[13.54766,48.95967],[13.68496,48.87671],[13.76992,48.81597],[13.81475,48.76694],[13.80293,48.74751],[13.79746,48.68643],[13.79883,48.62168],[13.78535,48.58745],[13.72393,48.54238],[13.69219,48.53276],[13.6752,48.52305],[13.48662,48.58184],[13.47168,48.57183],[13.45986,48.56455],[13.40938,48.39414],[13.37461,48.36138],[13.32285,48.33125],[13.21523,48.3019],[13.14043,48.28994],[13.08213,48.2751],[12.89746,48.20371],[12.81426,48.16084],[12.76035,48.10698],[12.76006,48.07598],[12.8499,47.98481],[12.95352,47.89063],[12.9542,47.80776],[12.9083,47.7458],[12.89766,47.72188],[12.92813,47.71284],[12.98555,47.70942],[13.03359,47.69873],[13.0541,47.65513],[13.04795,47.57915],[13.03154,47.50801],[13.01436,47.47808],[12.96807,47.47568],[12.87891,47.50645],[12.80938,47.54219],[12.78281,47.56416],[12.78115,47.59043],[12.79619,47.60703],[12.77139,47.6394],[12.68584,47.66934],[12.59424,47.6563],[12.52656,47.63613],[12.48291,47.63731],[12.43574,47.66611],[12.36318,47.68818],[12.26836,47.70273],[12.20928,47.71826],[12.19688,47.70908],[12.20381,47.64673],[12.18565,47.61953],[11.7168,47.5835],[11.57393,47.54976],[11.46992,47.5061],[11.39297,47.48716],[11.37412,47.46025],[11.29795,47.4249],[11.21191,47.41362],[11.19121,47.4252],[11.13604,47.40889],[11.04199,47.39312],[10.98086,47.39815],[10.95215,47.42671],[10.89395,47.47046],[10.87061,47.50078],[10.87305,47.52022],[10.7416,47.52412],[10.65869,47.54722],[10.48281,47.5418],[10.43945,47.55156],[10.43037,47.54106],[10.40391,47.41699],[10.36914,47.36606],[10.31279,47.31343],[10.24063,47.28413],[10.18301,47.27881],[10.18574,47.31719],[10.20029,47.36343],[10.15879,47.37427],[10.09648,47.37959],[10.06631,47.39336],[10.07422,47.42852],[10.05986,47.44907],[10.03408,47.47358],[9.97158,47.50532],[9.83916,47.5523],[9.74893,47.57554],[9.71514,47.55078],[9.65059,47.52588],[9.54893,47.53403],[9.52402,47.52422]]],[[[13.70918,54.38272],[13.73418,54.31543],[13.70732,54.28115],[13.59492,54.33818],[13.48203,54.3374],[13.41455,54.24956],[13.36436,54.24585],[13.19004,54.32564],[13.16211,54.36455],[13.15635,54.39692],[13.18125,54.50898],[13.17666,54.54424],[13.23145,54.58276],[13.23994,54.63843],[13.33682,54.69712],[13.42275,54.69932],[13.4501,54.64961],[13.49121,54.61538],[13.63604,54.577],[13.65762,54.55957],[13.6707,54.53545],[13.60332,54.48818],[13.58047,54.46397],[13.60186,54.42515],[13.70918,54.38272]]],[[[14.21143,53.95034],[14.19824,53.91904],[14.21367,53.87075],[14.17217,53.87437],[14.04834,53.86309],[13.92578,53.87905],[13.90215,53.93897],[13.92168,53.99663],[13.87246,54.03628],[13.82715,54.05957],[13.82041,54.09282],[13.82773,54.12725],[14.03887,54.03457],[14.21143,53.95034]]],[[[11.28281,54.41797],[11.1293,54.41602],[11.0707,54.45601],[11.01172,54.46616],[11.04346,54.51548],[11.08496,54.5334],[11.23359,54.50127],[11.28027,54.43838],[11.28281,54.41797]]],[[[8.30772,54.78696],[8.28467,54.76709],[8.2957,54.9083],[8.40518,55.05874],[8.45147,55.05537],[8.4041,55.01475],[8.39043,54.98628],[8.37119,54.9294],[8.37988,54.89985],[8.62959,54.89175],[8.60059,54.86538],[8.34736,54.84761],[8.30772,54.78696]]],[[[8.58789,54.7127],[8.54893,54.68818],[8.45381,54.69106],[8.40039,54.71411],[8.41768,54.73867],[8.46816,54.75742],[8.50996,54.7603],[8.57344,54.74873],[8.58789,54.7127]]]]}},{"type":"Feature","id":"country-fra","properties":{"id":"country-fra","slug":"francia","name":"Francia","localName":"France","aliases":["France"],"kind":"country","boundaryStatus":"reference","parentId":null,"population":67059887,"areaKm2":636466.7,"density":105.4,"referenceYear":2019,"sourceId":"natural-earth","bbox":[-61.79409,-21.36904,55.83906,51.09712],"center":[-2.977514999999997,14.86404]},"geometry":{"type":"MultiPolygon","coordinates":[[[[9.48037,42.80542],[9.4542,42.65859],[9.47324,42.61558],[9.50938,42.5856],[9.52617,42.55264],[9.55645,42.16094],[9.55068,42.12974],[9.42842,41.97241],[9.40088,41.92622],[9.39482,41.7312],[9.37422,41.67881],[9.33086,41.62715],[9.25342,41.46006],[9.18613,41.38491],[9.00303,41.47656],[8.89502,41.51616],[8.84209,41.55889],[8.80752,41.58838],[8.82978,41.62769],[8.879,41.66856],[8.88682,41.70068],[8.771,41.73711],[8.71797,41.76143],[8.71865,41.804],[8.75869,41.87041],[8.74043,41.92515],[8.67363,41.92236],[8.62187,41.93071],[8.61514,41.95913],[8.65342,41.99556],[8.70254,42.04312],[8.70098,42.09561],[8.6416,42.11821],[8.58779,42.16084],[8.56621,42.2188],[8.60791,42.25845],[8.67549,42.28403],[8.62588,42.34341],[8.59238,42.34473],[8.56563,42.35772],[8.5875,42.3853],[8.64004,42.42656],[8.71309,42.54976],[8.81484,42.60791],[8.99492,42.64531],[9.04365,42.66167],[9.08838,42.70498],[9.13789,42.73291],[9.19805,42.7292],[9.25352,42.71245],[9.28769,42.69463],[9.31338,42.71318],[9.33838,42.7669],[9.32305,42.81406],[9.33096,42.9438],[9.36318,43.01738],[9.41523,43.02148],[9.46328,42.98101],[9.46084,42.94522],[9.47861,42.8605],[9.48037,42.80542]]],[[[7.61563,47.59273],[7.49492,47.54736],[7.46738,47.50767],[7.42002,47.45518],[7.34316,47.43311],[7.26572,47.42578],[7.20313,47.43272],[7.16748,47.45371],[7.16924,47.47324],[7.13604,47.48984],[7.05342,47.48936],[6.96836,47.45322],[6.90039,47.39424],[6.92148,47.36123],[6.98408,47.35254],[7.00059,47.33945],[7.00059,47.32251],[6.97852,47.30205],[6.95205,47.26719],[6.8207,47.16318],[6.68809,47.05825],[6.6669,47.02651],[6.62481,47.00435],[6.45625,46.94834],[6.43857,46.92588],[6.429,46.83228],[6.41016,46.75542],[6.28516,46.68306],[6.16074,46.61104],[6.12969,46.56699],[6.10703,46.51606],[6.06797,46.45855],[6.06025,46.42817],[6.12324,46.37861],[6.11592,46.33765],[6.0959,46.2794],[6.03613,46.23809],[5.97002,46.2147],[5.97148,46.15122],[6.00664,46.14233],[6.08662,46.14702],[6.19941,46.19307],[6.27295,46.25225],[6.22959,46.30845],[6.22422,46.31943],[6.23467,46.33262],[6.32188,46.3937],[6.42891,46.43052],[6.57822,46.43735],[6.75811,46.41577],[6.77607,46.40664],[6.76738,46.36919],[6.78418,46.31397],[6.8168,46.2752],[6.77207,46.16514],[6.80566,46.13066],[6.85801,46.0894],[6.89727,46.05176],[6.95371,46.01714],[7.00391,45.95884],[7.02109,45.92578],[6.94082,45.86836],[6.80449,45.81455],[6.78916,45.78008],[6.79092,45.74087],[6.80625,45.71001],[6.88145,45.67036],[6.9624,45.58057],[7.01367,45.50049],[7.12607,45.42368],[7.15342,45.40093],[7.14639,45.38174],[7.1168,45.34902],[7.07832,45.23994],[7.03242,45.22261],[6.98125,45.21558],[6.84229,45.13565],[6.78037,45.14531],[6.69229,45.14429],[6.62773,45.11797],[6.63477,45.06816],[6.69141,45.02261],[6.72471,44.973],[6.73818,44.92139],[6.80107,44.88315],[6.88936,44.8603],[6.93984,44.85874],[6.97285,44.84502],[6.99268,44.8273],[7.03066,44.7167],[7.00791,44.68897],[6.96035,44.67715],[6.93193,44.63164],[6.8752,44.56455],[6.84297,44.51069],[6.87861,44.46328],[6.89385,44.42817],[6.87481,44.39204],[6.9002,44.33574],[6.96729,44.28003],[7.14941,44.20171],[7.31856,44.13799],[7.3709,44.12739],[7.59941,44.16836],[7.63721,44.16484],[7.66504,44.11602],[7.67715,44.08315],[7.65147,44.03364],[7.58965,43.96543],[7.52266,43.91108],[7.48203,43.86489],[7.49053,43.82295],[7.49316,43.76714],[7.43867,43.75044],[7.43691,43.76148],[7.41445,43.7709],[7.39502,43.76533],[7.38008,43.75322],[7.37773,43.73174],[7.26152,43.69609],[7.18145,43.65913],[6.86475,43.43833],[6.7166,43.37358],[6.6874,43.33457],[6.65723,43.26167],[6.57022,43.19907],[6.49404,43.16929],[6.30537,43.13872],[6.11592,43.07236],[6.03057,43.10098],[5.80947,43.0979],[5.67158,43.17783],[5.40654,43.22852],[5.32022,43.34492],[5.19951,43.35249],[5.12041,43.34898],[5.07315,43.3666],[5.06084,43.4063],[5.05977,43.44453],[4.97598,43.42695],[4.91191,43.42695],[4.87373,43.41162],[4.84356,43.39395],[4.80791,43.40523],[4.78721,43.40142],[4.78906,43.37891],[4.71211,43.37329],[4.62871,43.38711],[4.40977,43.44722],[4.37617,43.4564],[4.22422,43.47964],[4.16279,43.50366],[4.11309,43.56304],[4.0751,43.58184],[4.05264,43.59307],[3.91084,43.56309],[3.86162,43.51636],[3.78477,43.46162],[3.25889,43.19321],[3.16289,43.08076],[3.05176,42.91514],[3.04307,42.83789],[3.09092,42.59087],[3.19785,42.46118],[3.21143,42.43115],[3.15215,42.43101],[3.05264,42.44722],[2.97002,42.46724],[2.89141,42.45606],[2.81563,42.42925],[2.74941,42.41304],[2.70186,42.4085],[2.67002,42.39302],[2.65479,42.36211],[2.65166,42.34048],[2.56797,42.3458],[2.37441,42.39028],[2.20039,42.42095],[2.09834,42.38608],[2.03272,42.35352],[1.98652,42.3585],[1.95147,42.39277],[1.92793,42.42632],[1.85977,42.45708],[1.70606,42.50332],[1.71397,42.52564],[1.74023,42.55674],[1.73945,42.57593],[1.70986,42.60444],[1.56816,42.63501],[1.50137,42.64273],[1.45889,42.62168],[1.42832,42.5959],[1.34941,42.69067],[1.29326,42.70996],[1.2083,42.71314],[1.11113,42.74204],[1.01006,42.77896],[0.76445,42.83804],[0.69688,42.84512],[0.66982,42.83574],[0.65176,42.80044],[0.64199,42.70064],[0.63164,42.6896],[0.51768,42.68628],[0.37725,42.70015],[0.31289,42.69326],[0.25547,42.69292],[0.20137,42.71934],[-0.04116,42.68911],[-0.08149,42.70386],[-0.14004,42.74893],[-0.20532,42.7853],[-0.25605,42.80396],[-0.29932,42.82534],[-0.33857,42.82881],[-0.39844,42.80811],[-0.48115,42.79932],[-0.5498,42.802],[-0.58643,42.79898],[-0.74019,42.90952],[-0.76265,42.9398],[-0.83921,42.94819],[-0.93384,42.94951],[-1.17544,43.02114],[-1.28545,43.05962],[-1.30156,43.08247],[-1.30005,43.10098],[-1.31885,43.09697],[-1.35273,43.06426],[-1.37051,43.0376],[-1.39404,43.03262],[-1.42876,43.03677],[-1.46084,43.05176],[-1.48047,43.07114],[-1.45942,43.10498],[-1.42261,43.14912],[-1.40732,43.19712],[-1.41069,43.24009],[-1.47173,43.26768],[-1.56147,43.2792],[-1.62715,43.28247],[-1.71284,43.30703],[-1.75327,43.32471],[-1.79272,43.37256],[-1.79404,43.40732],[-1.63144,43.43804],[-1.48486,43.56377],[-1.346,44.02022],[-1.24551,44.55986],[-1.1708,44.66182],[-1.07695,44.68984],[-1.15288,44.76401],[-1.20039,44.72647],[-1.22031,44.68662],[-1.24521,44.6667],[-1.18906,45.16148],[-1.14907,45.34263],[-1.08101,45.53242],[-0.94175,45.45708],[-0.82632,45.38066],[-0.76665,45.31436],[-0.69111,45.09346],[-0.63398,45.04712],[-0.54849,45.00059],[-0.58227,45.05137],[-0.64111,45.09019],[-0.7331,45.38462],[-0.79077,45.46802],[-0.88066,45.53818],[-1.16997,45.68594],[-1.196,45.71445],[-1.20996,45.7709],[-1.11435,45.76851],[-1.03174,45.74106],[-1.0415,45.77266],[-1.06602,45.80566],[-1.10439,45.92534],[-1.13638,46.20483],[-1.13203,46.25269],[-1.14629,46.31138],[-1.23882,46.32451],[-1.31279,46.3269],[-1.39248,46.3501],[-1.78652,46.51484],[-1.92144,46.68481],[-2.05938,46.8103],[-2.09248,46.86504],[-2.09028,46.92051],[-2.0189,47.03765],[-2.08193,47.11162],[-2.14355,47.12632],[-2.19707,47.16294],[-2.14858,47.22393],[-2.1083,47.26294],[-2.02759,47.27358],[-1.92173,47.26065],[-1.82129,47.22534],[-1.74253,47.21597],[-1.97539,47.31069],[-2.35303,47.27876],[-2.43442,47.29097],[-2.50312,47.31206],[-2.53003,47.38159],[-2.47632,47.41294],[-2.42769,47.4709],[-2.48271,47.51162],[-2.55405,47.52705],[-2.66592,47.52617],[-2.77031,47.51387],[-2.79678,47.53726],[-2.7331,47.60181],[-2.78721,47.62554],[-2.85937,47.61445],[-2.96406,47.60107],[-3.06421,47.62134],[-3.15884,47.69468],[-3.22158,47.69414],[-3.2647,47.68511],[-3.32861,47.71333],[-3.3959,47.72041],[-3.44394,47.71104],[-3.50781,47.75313],[-3.90093,47.83755],[-4.0707,47.84785],[-4.22642,47.80962],[-4.31211,47.8229],[-4.3751,47.87744],[-4.42798,47.96895],[-4.67881,48.0395],[-4.6292,48.08579],[-4.5124,48.09673],[-4.37783,48.12881],[-4.32944,48.16997],[-4.43462,48.21797],[-4.51221,48.22974],[-4.54434,48.24697],[-4.57715,48.29004],[-4.53066,48.30972],[-4.4979,48.29927],[-4.40332,48.29307],[-4.24141,48.30366],[-4.30176,48.34707],[-4.3644,48.35674],[-4.39316,48.36763],[-4.5248,48.37231],[-4.58472,48.35752],[-4.71938,48.36314],[-4.74854,48.41001],[-4.7625,48.45024],[-4.72075,48.53989],[-4.5312,48.61997],[-4.05889,48.70752],[-3.85566,48.69473],[-3.71479,48.7105],[-3.546,48.76567],[-3.47148,48.81294],[-3.23144,48.84082],[-3.00322,48.79067],[-2.79287,48.60107],[-2.69233,48.53682],[-2.44619,48.64829],[-2.07944,48.64502],[-2.00371,48.58208],[-1.97314,48.63511],[-1.90571,48.69712],[-1.85195,48.66885],[-1.82471,48.63052],[-1.43765,48.64141],[-1.37646,48.65259],[-1.48047,48.69761],[-1.56548,48.80552],[-1.5831,49.20239],[-1.69033,49.31318],[-1.81343,49.49014],[-1.87007,49.59512],[-1.87539,49.6314],[-1.85644,49.68379],[-1.70513,49.68096],[-1.58823,49.66768],[-1.36572,49.70728],[-1.25864,49.68018],[-1.26494,49.59824],[-1.23227,49.49487],[-1.19497,49.44482],[-1.13852,49.38789],[-0.95913,49.39316],[-0.76553,49.35972],[-0.5209,49.35454],[-0.16348,49.29678],[-0.01118,49.33023],[0.13613,49.40151],[0.4169,49.44839],[0.43926,49.47319],[0.27764,49.46328],[0.1294,49.50845],[0.10938,49.55752],[0.12656,49.60156],[0.18672,49.70303],[0.61621,49.86294],[0.92412,49.91021],[1.24551,49.99824],[1.40723,50.08853],[1.51406,50.20508],[1.54844,50.23071],[1.59277,50.2522],[1.55156,50.29395],[1.57949,50.73926],[1.60957,50.81948],[1.67227,50.88501],[1.76768,50.93569],[1.9125,50.99063],[2.4457,51.0665],[2.5249,51.09712],[2.53604,51.04951],[2.57481,50.98857],[2.60147,50.95527],[2.5793,50.91177],[2.59678,50.87593],[2.66914,50.81143],[2.75938,50.75064],[2.83975,50.71177],[2.8624,50.71602],[2.92197,50.72705],[3.02285,50.7669],[3.10684,50.77944],[3.15488,50.74893],[3.18203,50.73169],[3.23496,50.66294],[3.24981,50.59116],[3.27334,50.53154],[3.31621,50.50737],[3.47695,50.49946],[3.59541,50.47734],[3.62676,50.45732],[3.66729,50.32481],[3.68936,50.30606],[3.71885,50.32168],[3.74805,50.34351],[3.78857,50.34697],[3.85811,50.33857],[3.94971,50.33594],[4.04414,50.32134],[4.17461,50.24648],[4.16963,50.22178],[4.14414,50.17842],[4.13525,50.1438],[4.15771,50.12988],[4.19219,50.09414],[4.18389,50.05283],[4.15029,50.02388],[4.13682,50],[4.13701,49.98447],[4.14932,49.97158],[4.17607,49.96025],[4.36875,49.94497],[4.54502,49.96025],[4.65615,50.00244],[4.6751,50.04688],[4.70664,50.09707],[4.77285,50.13906],[4.81865,50.15317],[4.86055,50.13589],[4.79004,49.95957],[4.8415,49.9145],[4.84912,49.84712],[4.86758,49.78814],[4.93057,49.78926],[5.00693,49.77837],[5.06104,49.75654],[5.12412,49.72148],[5.21504,49.68926],[5.27881,49.67793],[5.30195,49.65098],[5.35352,49.61982],[5.43467,49.55449],[5.50732,49.51089],[5.54238,49.51104],[5.61006,49.52822],[5.71045,49.53921],[5.78975,49.53828],[5.82344,49.50508],[5.90137,49.48975],[5.92891,49.47754],[5.95947,49.45464],[6.01143,49.44546],[6.07412,49.45464],[6.11992,49.48521],[6.18106,49.49893],[6.24219,49.49434],[6.27734,49.47754],[6.34434,49.45273],[6.38223,49.45815],[6.45811,49.44287],[6.53428,49.39468],[6.56631,49.34619],[6.57471,49.31968],[6.60762,49.29087],[6.73545,49.1606],[6.77627,49.15415],[6.8207,49.17393],[6.84951,49.20195],[6.89121,49.20752],[6.9583,49.19463],[7.00147,49.17988],[7.02217,49.12344],[7.03672,49.1127],[7.06572,49.12485],[7.11738,49.12754],[7.1999,49.11362],[7.31338,49.12954],[7.4042,49.15308],[7.45059,49.1522],[7.52549,49.08638],[7.61094,49.06177],[7.79922,49.0419],[8.00127,49.01094],[8.08066,48.98589],[8.13486,48.97358],[8.14033,48.88643],[8.12402,48.87329],[7.92275,48.69854],[7.83799,48.63604],[7.79482,48.54683],[7.76514,48.41001],[7.70566,48.28003],[7.6166,48.15679],[7.58418,48.06431],[7.6085,48.00259],[7.59326,47.90566],[7.53857,47.77363],[7.5294,47.67388],[7.56543,47.60654],[7.61563,47.59273]]],[[[-1.17832,45.90405],[-1.21357,45.8166],[-1.28027,45.89712],[-1.3687,45.96768],[-1.38887,46.03296],[-1.38867,46.05039],[-1.28506,46.00269],[-1.17832,45.90405]]],[[[45.18027,-12.97676],[45.11758,-12.98496],[45.0877,-12.9585],[45.06943,-12.8956],[45.08828,-12.83506],[45.09356,-12.78613],[45.04258,-12.70127],[45.09238,-12.65303],[45.13477,-12.70918],[45.15879,-12.71299],[45.22315,-12.75215],[45.2043,-12.82432],[45.20859,-12.84795],[45.1794,-12.92021],[45.18027,-12.97676]]],[[[55.79736,-21.33935],[55.65615,-21.36904],[55.55762,-21.3583],[55.3627,-21.27363],[55.31035,-21.21738],[55.23281,-21.0584],[55.25,-21.00244],[55.31133,-20.9041],[55.45049,-20.86514],[55.59648,-20.87959],[55.66191,-20.90625],[55.73916,-21.02148],[55.83906,-21.13857],[55.82246,-21.27783],[55.79736,-21.33935]]],[[[-60.82627,14.49448],[-60.83662,14.4374],[-60.86211,14.42627],[-60.89941,14.47378],[-61.06372,14.46709],[-61.08887,14.50957],[-61.09033,14.52969],[-61.01133,14.6019],[-61.1043,14.62124],[-61.14111,14.65239],[-61.21973,14.8044],[-61.21333,14.84858],[-61.18081,14.87192],[-61.12739,14.87529],[-61.0271,14.82617],[-60.95254,14.75625],[-60.92715,14.75518],[-60.91865,14.73535],[-60.93369,14.68618],[-60.88916,14.64453],[-60.86997,14.61372],[-60.82627,14.49448]]],[[[-61.32715,16.23042],[-61.44482,16.21929],[-61.52217,16.22803],[-61.53999,16.29961],[-61.50059,16.36021],[-61.52891,16.43379],[-61.51064,16.47769],[-61.47119,16.50664],[-61.40644,16.46831],[-61.39614,16.41343],[-61.35547,16.36318],[-61.17261,16.2561],[-61.32715,16.23042]]],[[[-61.58955,16.00693],[-61.67046,15.96206],[-61.71025,15.97593],[-61.75942,16.06206],[-61.79409,16.30098],[-61.76714,16.34048],[-61.74805,16.35527],[-61.6415,16.32598],[-61.59702,16.29219],[-61.55234,16.2709],[-61.57505,16.22715],[-61.56387,16.04775],[-61.58955,16.00693]]],[[[-61.23047,15.88994],[-61.28623,15.88604],[-61.31074,15.89468],[-61.31841,15.95488],[-61.27529,15.99624],[-61.25,16.0063],[-61.21235,15.95991],[-61.20342,15.92124],[-61.23047,15.88994]]],[[[-54.61626,2.32676],[-54.60474,2.33579],[-54.56841,2.34258],[-54.53594,2.34331],[-54.48555,2.41611],[-54.402,2.46152],[-54.25674,2.71372],[-54.19551,2.81787],[-54.18809,2.87485],[-54.1707,2.9936],[-54.20312,3.13818],[-54.18804,3.17876],[-54.06318,3.35332],[-54.00957,3.44854],[-54.00596,3.53052],[-53.99048,3.58955],[-54.00591,3.62041],[-54.03423,3.6294],[-54.08198,3.70596],[-54.11279,3.76943],[-54.19746,3.83442],[-54.25552,3.90107],[-54.35073,4.0541],[-54.34214,4.14004],[-54.36914,4.17095],[-54.39839,4.20249],[-54.39624,4.24141],[-54.41602,4.33765],[-54.44067,4.42803],[-54.44961,4.48501],[-54.42607,4.58301],[-54.44023,4.69199],[-54.47114,4.74932],[-54.47969,4.83652],[-54.47334,4.9147],[-54.44687,4.95879],[-54.4522,5.01348],[-54.33164,5.1874],[-54.24019,5.28823],[-54.15596,5.35898],[-54.0853,5.41182],[-53.9896,5.67603],[-53.91992,5.76899],[-53.84717,5.78223],[-53.45444,5.56348],[-53.27036,5.54326],[-52.89932,5.42505],[-52.76499,5.27349],[-52.45395,5.02134],[-52.29053,4.94219],[-52.28892,4.87612],[-52.32461,4.7709],[-52.21997,4.86279],[-52.0581,4.71738],[-52.0123,4.646],[-51.96191,4.5144],[-51.97935,4.42988],[-52.00171,4.38623],[-52.00293,4.3523],[-51.95478,4.39907],[-51.92769,4.43613],[-51.91958,4.52432],[-51.88027,4.63374],[-51.82754,4.63569],[-51.78564,4.57051],[-51.69863,4.28682],[-51.66582,4.22881],[-51.65327,4.13877],[-51.6581,4.09849],[-51.65254,4.06128],[-51.68345,4.0397],[-51.76709,3.99268],[-51.80527,3.92993],[-51.82749,3.86958],[-51.87949,3.82856],[-51.92891,3.77695],[-51.94434,3.73511],[-51.99062,3.702],[-51.99951,3.64688],[-52.11611,3.4523],[-52.1626,3.3647],[-52.22944,3.27168],[-52.27124,3.23711],[-52.32788,3.18174],[-52.35664,3.11773],[-52.35664,3.05156],[-52.39639,2.97222],[-52.41841,2.90386],[-52.45586,2.86416],[-52.55469,2.64766],[-52.55947,2.57314],[-52.58301,2.52891],[-52.65317,2.42573],[-52.70063,2.36367],[-52.7834,2.31719],[-52.87041,2.26665],[-52.90347,2.21152],[-52.96484,2.18355],[-53.00972,2.18174],[-53.08227,2.20171],[-53.18008,2.21133],[-53.22978,2.20488],[-53.2522,2.23228],[-53.2855,2.29521],[-53.33442,2.33975],[-53.36602,2.32422],[-53.43184,2.27944],[-53.50898,2.25312],[-53.56396,2.26191],[-53.68369,2.29292],[-53.73472,2.30855],[-53.75015,2.33501],[-53.76777,2.35483],[-53.79424,2.346],[-53.82954,2.31294],[-53.87661,2.27827],[-53.94644,2.23257],[-54.08975,2.15049],[-54.13008,2.12105],[-54.16738,2.13706],[-54.22798,2.15332],[-54.29307,2.15425],[-54.4331,2.20752],[-54.51509,2.24546],[-54.55049,2.29307],[-54.59194,2.31377],[-54.61626,2.32676]]]]}},{"type":"Feature","id":"country-ald","properties":{"id":"country-ald","slug":"aland","name":"Åland","localName":"Åland","aliases":["Aland"],"kind":"country","boundaryStatus":"reference","parentId":null,"population":29884,"areaKm2":761.6,"density":39.2,"referenceYear":2019,"sourceId":"natural-earth","bbox":[19.51904,60.01167,20.61133,60.40581],"center":[20.065185,60.208740000000006]},"geometry":{"type":"MultiPolygon","coordinates":[[[[19.98955,60.35117],[20.02022,60.35088],[20.03389,60.35933],[20.0874,60.35342],[20.16787,60.3147],[20.18408,60.29375],[20.23955,60.28301],[20.25889,60.26128],[20.19473,60.19356],[20.15508,60.19229],[20.12549,60.20088],[20.07324,60.19346],[20.04258,60.18066],[20.03232,60.15249],[20.03398,60.09356],[19.79981,60.08174],[19.746,60.09898],[19.67227,60.23301],[19.68691,60.26763],[19.73652,60.28237],[19.779,60.28555],[19.78525,60.21338],[19.84766,60.22056],[19.86719,60.26812],[19.87158,60.30161],[19.85469,60.31851],[19.8123,60.33159],[19.78779,60.35405],[19.82305,60.39019],[19.88828,60.40581],[19.94453,60.35752],[19.98955,60.35117]]],[[[19.66231,60.18716],[19.66748,60.16475],[19.6292,60.17036],[19.59981,60.1627],[19.57988,60.13506],[19.53652,60.14497],[19.51904,60.18457],[19.55137,60.24385],[19.62881,60.24609],[19.66231,60.18716]]],[[[20.61133,60.04067],[20.60342,60.01694],[20.52178,60.01167],[20.4875,60.03276],[20.41123,60.03013],[20.39795,60.04067],[20.42959,60.06172],[20.49014,60.0749],[20.56914,60.06963],[20.61133,60.04067]]]]}},{"type":"Feature","id":"country-fin","properties":{"id":"country-fin","slug":"finlandia","name":"Finlandia","localName":"Finland","aliases":["Finland"],"kind":"country","boundaryStatus":"reference","parentId":null,"population":5520314,"areaKm2":331233.7,"density":16.7,"referenceYear":2019,"sourceId":"natural-earth","bbox":[20.62217,59.81602,31.53652,70.06484],"center":[26.079345,64.94043]},"geometry":{"type":"MultiPolygon","coordinates":[[[[24.15547,65.80527],[24.04902,65.98984],[23.99463,66.06035],[23.90732,66.14824],[23.75147,66.19116],[23.721,66.21543],[23.70029,66.25264],[23.69356,66.3043],[23.67383,66.38071],[23.68203,66.44341],[23.70117,66.48076],[23.76836,66.50586],[23.86553,66.57661],[23.88584,66.62803],[23.89414,66.70689],[23.93887,66.77573],[23.98857,66.81055],[23.97607,66.83823],[23.9418,66.87783],[23.86934,66.93403],[23.75898,67.00259],[23.67734,67.06812],[23.6415,67.1294],[23.62305,67.18413],[23.62607,67.23394],[23.65664,67.26782],[23.76094,67.3105],[23.7749,67.32861],[23.73359,67.4229],[23.66084,67.44004],[23.53711,67.44917],[23.46807,67.44995],[23.45488,67.46025],[23.45147,67.4792],[23.46543,67.51787],[23.50449,67.56216],[23.53701,67.59038],[23.54131,67.61431],[23.5002,67.69619],[23.48779,67.79658],[23.50186,67.8752],[23.63291,67.9332],[23.63887,67.9544],[23.47422,68.01733],[23.35547,68.08867],[23.31856,68.13032],[23.18252,68.13662],[23.09785,68.25757],[22.97539,68.31646],[22.8541,68.36733],[22.78242,68.39102],[22.36211,68.46406],[22.19512,68.47798],[21.99746,68.52061],[21.8502,68.57412],[21.72402,68.60855],[21.61602,68.65098],[21.46543,68.69067],[21.42236,68.72461],[21.25977,68.78745],[21.1834,68.82881],[20.91856,68.90693],[20.90898,68.93774],[20.90703,68.96748],[20.89512,68.97983],[20.62217,69.03687],[20.67588,69.06948],[20.88926,69.07144],[21.06572,69.04175],[21.10449,69.05444],[21.12783,69.08081],[21.05264,69.18657],[21.06611,69.21411],[21.14375,69.24727],[21.2668,69.27368],[21.46123,69.27749],[21.59375,69.27358],[21.62178,69.2707],[21.81973,69.15449],[21.98945,69.04111],[22.07969,68.99277],[22.30039,68.85586],[22.38291,68.77661],[22.41094,68.71987],[22.50068,68.72022],[22.81104,68.69531],[23.07168,68.67436],[23.14434,68.64258],[23.32402,68.64897],[23.4625,68.67764],[23.70703,68.71387],[23.77256,68.7584],[23.854,68.80591],[23.99736,68.79844],[24.1541,68.76089],[24.33203,68.71152],[24.49053,68.68867],[24.70322,68.65283],[24.80244,68.60649],[24.94141,68.59326],[25.08691,68.6396],[25.17285,68.76528],[25.24912,68.82134],[25.35713,68.86245],[25.48086,68.88062],[25.57529,68.88716],[25.64668,68.91914],[25.74834,68.99014],[25.76816,69.07612],[25.74863,69.23144],[25.76719,69.28267],[25.8502,69.3665],[25.96152,69.58862],[26.01152,69.65264],[26.07246,69.69155],[26.15615,69.7147],[26.3082,69.78193],[26.52539,69.91504],[26.58428,69.92632],[26.74023,69.93306],[26.93428,69.92812],[27.10869,69.90469],[27.12754,69.90649],[27.20566,69.9187],[27.34805,69.96006],[27.5917,70.04224],[27.74785,70.06484],[27.88994,70.06167],[28.04727,69.97168],[28.26914,69.87144],[28.41172,69.82275],[28.80039,69.73149],[29.1416,69.67144],[29.3334,69.473],[29.23887,69.39395],[29.1918,69.3667],[29.0249,69.28799],[28.84629,69.1769],[28.83262,69.11899],[28.8919,69.0606],[28.96582,69.02197],[28.89893,69.00967],[28.69219,68.96104],[28.56602,68.92822],[28.41406,68.90415],[28.45352,68.87227],[28.70596,68.86553],[28.74482,68.85644],[28.77285,68.84004],[28.77764,68.81382],[28.75205,68.77144],[28.4793,68.53765],[28.4707,68.48838],[28.56016,68.35137],[28.68516,68.1898],[29.06299,68.11797],[29.34385,68.06187],[29.52422,67.9291],[29.82158,67.754],[29.9792,67.68857],[29.98809,67.66826],[29.94121,67.54746],[29.75059,67.42642],[29.57227,67.32437],[29.3877,67.20142],[29.24336,67.09658],[29.08701,66.97095],[29.06904,66.93022],[29.06621,66.89175],[29.09307,66.84922],[29.29326,66.69551],[29.37119,66.61704],[29.46436,66.53218],[29.54434,66.4397],[29.59072,66.35684],[29.6709,66.27612],[29.7207,66.23486],[29.80352,66.17705],[29.90342,66.09106],[29.93662,66.02295],[30.0875,65.78652],[30.10273,65.72627],[30.09531,65.68169],[30.029,65.6707],[29.88262,65.66362],[29.72393,65.63438],[29.71592,65.62456],[29.81943,65.56875],[29.72803,65.47344],[29.71484,65.33696],[29.61719,65.26533],[29.60801,65.24868],[29.6124,65.23477],[29.62969,65.22388],[29.81055,65.20474],[29.82617,65.1853],[29.82695,65.14507],[29.81084,65.10791],[29.72002,65.08032],[29.62246,65.0395],[29.60088,65.00195],[29.6042,64.96841],[29.6375,64.91177],[29.70166,64.84575],[29.7832,64.8043],[30.07285,64.76504],[30.11025,64.73257],[30.12617,64.68809],[30.12012,64.64463],[29.98555,64.55772],[29.98662,64.52427],[30.0419,64.44336],[30.10811,64.36611],[30.39063,64.28242],[30.48789,64.23652],[30.51377,64.2],[30.52793,64.14111],[30.52607,64.0773],[30.50391,64.02061],[30.41533,63.94751],[30.21025,63.80332],[30.0041,63.74731],[29.9915,63.73516],[30.05537,63.68901],[30.41856,63.50405],[30.65527,63.41748],[30.97481,63.30064],[31.18086,63.2083],[31.24746,63.1419],[31.33672,63.06807],[31.43701,63.00772],[31.50928,62.95532],[31.53652,62.92163],[31.53398,62.8854],[31.43731,62.77612],[31.38242,62.69165],[31.28565,62.56782],[31.18672,62.4814],[30.93574,62.32378],[30.56563,62.12759],[30.47969,62.06821],[30.30645,61.96484],[30.00996,61.75737],[29.9332,61.71157],[29.69014,61.54609],[29.5794,61.49346],[29.49238,61.44424],[29.25166,61.28779],[28.99297,61.16904],[28.73906,61.05874],[28.66289,61.00283],[28.56816,60.96021],[28.45508,60.91963],[28.40742,60.89692],[28.15195,60.74585],[27.79766,60.53613],[27.76162,60.53286],[27.66934,60.49898],[27.5251,60.49077],[27.4624,60.46484],[27.2419,60.53867],[27.20527,60.54346],[27.07559,60.52515],[26.95117,60.47148],[26.72148,60.45508],[26.60742,60.4377],[26.53467,60.41289],[26.51973,60.47158],[26.55117,60.546],[26.60176,60.59561],[26.60645,60.62793],[26.56934,60.62456],[26.4958,60.55181],[26.45645,60.4668],[26.37773,60.42407],[26.20469,60.40659],[26.03604,60.4749],[25.95596,60.47422],[26.00625,60.42529],[26.04023,60.37158],[26.03584,60.3415],[25.9459,60.34678],[25.8458,60.3146],[25.75801,60.26753],[25.71543,60.26743],[25.65645,60.3332],[25.54824,60.30249],[25.45576,60.26123],[25.26787,60.24834],[25.15586,60.19409],[24.95762,60.15747],[24.84873,60.15835],[24.60049,60.11426],[24.51797,60.04629],[24.44561,60.02129],[24.34258,60.04233],[24.0252,60.00918],[23.72178,59.96567],[23.59268,59.96816],[23.46357,59.98623],[23.32676,59.92578],[23.18145,59.84492],[23.02129,59.81602],[22.96387,59.82637],[23.00977,59.8688],[23.11572,59.9127],[23.18848,59.97222],[23.19844,60.02183],[23.14844,60.04131],[23.08018,60.04727],[22.99414,60.09854],[22.91172,60.20972],[22.86709,60.21582],[22.84443,60.18662],[22.81914,60.10137],[22.79346,60.07681],[22.74981,60.05728],[22.69736,60.0376],[22.64619,60.02803],[22.4627,60.0292],[22.43857,60.07227],[22.43857,60.09028],[22.47109,60.14697],[22.44268,60.15689],[22.46973,60.20132],[22.51299,60.19893],[22.56426,60.20552],[22.58994,60.22837],[22.58799,60.25566],[22.5167,60.26274],[22.51231,60.28135],[22.57588,60.35908],[22.58496,60.38057],[22.56035,60.38501],[22.52051,60.37656],[22.25791,60.40093],[21.93398,60.50029],[21.8543,60.50542],[21.80527,60.59414],[21.72715,60.58291],[21.61328,60.53096],[21.52783,60.57041],[21.43604,60.59639],[21.41065,60.63696],[21.41191,60.69683],[21.404,60.76743],[21.37891,60.85005],[21.36055,60.96748],[21.37773,61.05923],[21.45098,61.12715],[21.4791,61.17051],[21.51348,61.2812],[21.52119,61.41084],[21.50176,61.45498],[21.50664,61.48433],[21.56504,61.48433],[21.55234,61.50952],[21.52666,61.52329],[21.49824,61.55195],[21.52246,61.56714],[21.59238,61.56821],[21.59805,61.57788],[21.60596,61.59155],[21.55186,61.66685],[21.54561,61.70273],[21.47051,61.81167],[21.38486,61.91494],[21.25596,61.98965],[21.30166,62.11265],[21.35371,62.22383],[21.34336,62.27739],[21.32344,62.34258],[21.16563,62.41406],[21.14219,62.5148],[21.10361,62.62295],[21.11816,62.68926],[21.14385,62.73999],[21.1957,62.79053],[21.45752,62.95],[21.47354,63.03325],[21.65098,63.03931],[21.56865,63.11372],[21.54922,63.15552],[21.54512,63.2043],[21.80039,63.2377],[21.8957,63.21025],[22.12031,63.24414],[22.31973,63.31045],[22.31621,63.34565],[22.28555,63.3772],[22.24326,63.43794],[22.27324,63.45479],[22.346,63.44238],[22.3126,63.47256],[22.31865,63.5044],[22.39805,63.49116],[22.52764,63.57998],[22.53232,63.64785],[22.75625,63.68335],[23.01445,63.82183],[23.13359,63.86494],[23.24873,63.89614],[23.49395,64.03447],[23.59893,64.04092],[23.65293,64.13418],[23.86143,64.25825],[23.92481,64.27412],[24.02227,64.38599],[24.27832,64.51528],[24.44063,64.68013],[24.53018,64.73867],[24.55791,64.80103],[24.65762,64.8063],[24.74756,64.8521],[24.94219,64.88403],[25.13428,64.8752],[25.21426,64.85347],[25.28818,64.86035],[25.28076,64.91641],[25.22803,64.95103],[25.27109,64.98428],[25.37266,65.00947],[25.36231,65.06514],[25.34023,65.09863],[25.25586,65.14326],[25.29785,65.24321],[25.30791,65.35273],[25.34785,65.47925],[25.2418,65.54629],[24.83936,65.66035],[24.76426,65.6564],[24.6749,65.6707],[24.58154,65.75713],[24.62324,65.83169],[24.62803,65.85918],[24.5916,65.85835],[24.53262,65.82202],[24.4043,65.78047],[24.2375,65.81235],[24.15547,65.80527]]],[[[21.99424,60.33667],[21.92148,60.33228],[21.81865,60.38184],[21.80566,60.40122],[21.846,60.41245],[21.81934,60.4523],[21.82725,60.46992],[21.90684,60.43848],[21.95029,60.40171],[21.90781,60.39316],[21.97979,60.35523],[21.99424,60.33667]]],[[[21.21777,63.24131],[21.22852,63.22266],[21.28711,63.22778],[21.36602,63.26177],[21.42197,63.2459],[21.41563,63.19736],[21.37764,63.19922],[21.36719,63.20723],[21.31846,63.17949],[21.30977,63.1627],[21.25342,63.152],[21.14932,63.19946],[21.08389,63.27754],[21.23633,63.27773],[21.22178,63.25913],[21.21777,63.24131]]],[[[22.1751,60.37075],[22.30176,60.34756],[22.35498,60.35586],[22.41553,60.30337],[22.31289,60.26997],[22.30576,60.22856],[22.34629,60.20283],[22.36055,60.16558],[22.2583,60.16563],[22.20938,60.19697],[22.18809,60.23677],[22.14053,60.26489],[22.07715,60.28633],[22.1082,60.31489],[22.12588,60.35586],[22.1751,60.37075]]],[[[21.45088,60.52959],[21.43691,60.48306],[21.36904,60.48823],[21.3,60.47979],[21.24434,60.52598],[21.21455,60.60386],[21.22471,60.62061],[21.26807,60.63828],[21.30127,60.59556],[21.45088,60.52959]]],[[[21.8332,60.14053],[21.73311,60.10615],[21.69502,60.11436],[21.70479,60.17231],[21.76426,60.19883],[21.86436,60.20181],[21.8332,60.14053]]],[[[21.62832,60.10781],[21.54063,60.0979],[21.48604,60.12681],[21.50674,60.14834],[21.56797,60.17231],[21.63408,60.16899],[21.64815,60.14087],[21.62832,60.10781]]],[[[24.84824,64.99102],[24.69893,64.95781],[24.57861,64.97856],[24.57656,65.04287],[24.65117,65.07398],[24.78604,65.08643],[24.97061,65.05532],[24.99756,65.03872],[24.8918,65.02627],[24.84824,64.99102]]]]}},{"type":"Feature","id":"country-est","properties":{"id":"country-est","slug":"estonia","name":"Estonia","localName":"Estonia","aliases":["Estonia"],"kind":"country","boundaryStatus":"reference","parentId":null,"population":1326590,"areaKm2":45554.2,"density":29.1,"referenceYear":2019,"sourceId":"natural-earth","bbox":[21.85449,57.52549,28.15107,59.63901],"center":[25.00278,58.58225]},"geometry":{"type":"MultiPolygon","coordinates":[[[[27.35195,57.52813],[27.32656,57.52549],[27.18711,57.53833],[27.0334,57.57876],[26.96602,57.60913],[26.89981,57.60879],[26.81973,57.58872],[26.53262,57.53101],[26.46211,57.54448],[26.29805,57.60107],[26.21504,57.66274],[26.03037,57.78555],[26.01523,57.81475],[25.99111,57.83818],[25.79375,57.86856],[25.7209,57.91382],[25.66016,57.92017],[25.57129,57.94277],[25.34004,58.03945],[25.28262,58.04849],[25.26865,58.03223],[25.27266,58.00938],[25.2583,57.99614],[25.22871,57.99658],[25.1752,58.03213],[25.11104,58.06343],[24.91133,58.00459],[24.83906,57.98872],[24.77578,57.98525],[24.45889,57.90786],[24.3625,57.86616],[24.32256,57.87061],[24.33203,57.90977],[24.46387,58.10596],[24.4875,58.26162],[24.53574,58.28301],[24.54971,58.30459],[24.5291,58.35425],[24.39219,58.38608],[24.33691,58.3814],[24.28721,58.32803],[24.23565,58.28955],[24.11484,58.26611],[24.01094,58.30664],[23.76758,58.36084],[23.70606,58.43301],[23.6915,58.50562],[23.56279,58.57583],[23.50928,58.65855],[23.53066,58.71626],[23.64746,58.75415],[23.68076,58.78716],[23.53359,58.78193],[23.50361,58.78984],[23.49717,58.81953],[23.43203,58.92065],[23.48965,58.9605],[23.51504,58.99922],[23.46777,59.03218],[23.48018,59.06968],[23.51699,59.10757],[23.49443,59.19565],[23.64053,59.24233],[23.78252,59.27515],[24.0834,59.2919],[24.05361,59.37231],[24.17539,59.37593],[24.38037,59.47266],[24.58359,59.45566],[24.87754,59.52207],[25.44375,59.52114],[25.5209,59.55947],[25.50742,59.598],[25.50928,59.63901],[25.61572,59.62754],[25.79375,59.63467],[26.46084,59.55391],[26.625,59.55391],[26.85205,59.47178],[26.97471,59.45064],[27.33584,59.45049],[27.89258,59.41421],[28.00186,59.46982],[28.0125,59.48428],[28.06582,59.45317],[28.13301,59.40308],[28.15107,59.37441],[28.12832,59.35757],[28.06133,59.34326],[28.04609,59.32783],[28.01641,59.30171],[27.93818,59.29702],[27.89766,59.27764],[27.84951,59.19268],[27.75762,59.052],[27.62178,58.94497],[27.51309,58.88628],[27.46445,58.84131],[27.43418,58.78726],[27.42705,58.73306],[27.53135,58.43525],[27.53008,58.38149],[27.50557,58.32627],[27.48779,58.27007],[27.50244,58.22134],[27.57109,58.13809],[27.64414,58.01392],[27.67344,57.93462],[27.72197,57.90547],[27.76875,57.88413],[27.77852,57.8707],[27.77695,57.85674],[27.75283,57.84102],[27.54209,57.79941],[27.51475,57.76421],[27.49199,57.72495],[27.4,57.6668],[27.37178,57.61255],[27.3543,57.55029],[27.35195,57.52813]]],[[[22.61738,58.62124],[22.68838,58.59702],[22.75381,58.60469],[22.82012,58.62153],[22.96426,58.60571],[23.29287,58.4835],[23.32324,58.45083],[23.12715,58.43599],[23.08262,58.39849],[23.03545,58.37231],[22.97988,58.36387],[22.88516,58.31128],[22.75703,58.26089],[22.73027,58.23066],[22.49844,58.23623],[22.37168,58.21714],[22.26934,58.16074],[22.22734,58.05181],[22.15244,57.9668],[22.07627,57.93604],[21.99688,57.93135],[21.97803,57.96328],[21.98555,57.99517],[22.15293,58.11533],[22.1877,58.15435],[22.1044,58.17168],[22.03457,58.21338],[21.88213,58.26235],[21.85449,58.30166],[21.89102,58.30459],[21.92441,58.31587],[21.96504,58.34883],[21.98408,58.38667],[21.86231,58.49717],[21.92441,58.51426],[22.00186,58.51025],[22.08135,58.47813],[22.16856,58.51582],[22.20557,58.52139],[22.2666,58.50796],[22.32813,58.58086],[22.47441,58.60488],[22.54697,58.62739],[22.61738,58.62124]]],[[[22.92373,58.8269],[22.8417,58.77744],[22.79287,58.79722],[22.76729,58.8209],[22.66143,58.70918],[22.54219,58.68999],[22.47266,58.71206],[22.47891,58.75381],[22.41104,58.86338],[22.30742,58.89546],[22.16191,58.89849],[22.05625,58.9436],[22.4626,58.97432],[22.50459,59.02647],[22.58721,59.0812],[22.64941,59.08711],[22.70225,59.07441],[22.71221,59.03198],[22.72549,59.01509],[22.90986,58.99121],[22.98164,58.91982],[23.00869,58.83394],[22.92373,58.8269]]],[[[23.34356,58.55034],[23.26035,58.53999],[23.06348,58.61108],[23.10908,58.65923],[23.16543,58.67813],[23.33281,58.64858],[23.35645,58.57554],[23.34356,58.55034]]]]}},{"type":"Feature","id":"country-fro","properties":{"id":"country-fro","slug":"islas-feroe","name":"Islas Feroe","localName":"Faeroe Is.","aliases":["Faroe Islands"],"kind":"country","boundaryStatus":"reference","parentId":null,"population":48678,"areaKm2":1037.8,"density":46.9,"referenceYear":2019,"sourceId":"natural-earth","bbox":[-7.42261,61.41431,-6.40605,62.35566],"center":[-6.91433,61.884985]},"geometry":{"type":"MultiPolygon","coordinates":[[[[-6.62319,61.80596],[-6.64277,61.76831],[-6.67017,61.76865],[-6.76426,61.81533],[-6.83916,61.84077],[-6.86396,61.86226],[-6.88477,61.89912],[-6.8418,61.90371],[-6.79077,61.89536],[-6.66211,61.86177],[-6.62583,61.82671],[-6.62319,61.80596]]],[[[-6.69946,61.44463],[-6.67969,61.41431],[-6.70303,61.41768],[-6.77051,61.45225],[-6.88813,61.53477],[-6.92925,61.60293],[-6.93486,61.63433],[-6.90591,61.63081],[-6.88164,61.60278],[-6.77002,61.58438],[-6.74062,61.57051],[-6.74106,61.53638],[-6.70352,61.49595],[-6.69946,61.44463]]],[[[-7.18686,62.13931],[-7.09712,62.10054],[-7.06519,62.07324],[-7.1168,62.04683],[-7.17939,62.04004],[-7.25493,62.04614],[-7.3791,62.07481],[-7.42261,62.14028],[-7.33677,62.13867],[-7.2353,62.15122],[-7.18686,62.13931]]],[[[-6.63105,62.22788],[-6.65581,62.0936],[-6.69644,62.09434],[-6.7689,62.13149],[-6.82344,62.13911],[-6.84053,62.11929],[-6.83769,62.09541],[-6.80947,62.08042],[-6.72256,61.99038],[-6.7144,61.96416],[-6.72519,61.95147],[-6.80972,61.97744],[-7.01357,62.09399],[-7.17217,62.2856],[-6.95864,62.31626],[-6.80366,62.26597],[-6.63105,62.22788]]],[[[-6.40605,62.25864],[-6.45386,62.18652],[-6.52471,62.19785],[-6.54414,62.20562],[-6.55947,62.22451],[-6.55205,62.27813],[-6.55459,62.35566],[-6.47305,62.2919],[-6.40605,62.25864]]]]}},{"type":"Feature","id":"country-dnk","properties":{"id":"country-dnk","slug":"dinamarca","name":"Dinamarca","localName":"Denmark","aliases":["Denmark"],"kind":"country","boundaryStatus":"reference","parentId":null,"population":5818553,"areaKm2":42512,"density":136.9,"referenceYear":2019,"sourceId":"natural-earth","bbox":[8.12148,54.62886,15.13711,57.73691],"center":[11.629294999999999,56.182885]},"geometry":{"type":"MultiPolygon","coordinates":[[[[12.56875,55.78506],[12.57119,55.68496],[12.54522,55.65581],[12.50703,55.63662],[12.40713,55.61626],[12.32061,55.58784],[12.24346,55.53789],[12.21504,55.4665],[12.27539,55.41426],[12.38516,55.38565],[12.41309,55.28618],[12.32246,55.23711],[12.08994,55.18814],[12.06553,55.06992],[12.07305,54.97676],[12.06885,54.90903],[12.05039,54.81533],[11.86231,54.77261],[11.74092,54.91533],[11.73984,54.97246],[11.70361,55.03916],[11.69678,55.096],[11.65381,55.18691],[11.47588,55.21152],[11.40684,55.21475],[11.31025,55.19785],[11.28633,55.20444],[11.1707,55.32861],[11.18975,55.46563],[11.12803,55.53477],[11.11953,55.56606],[11.121,55.60073],[11.07031,55.6293],[11.00879,55.64443],[10.97891,55.72153],[11.04961,55.74023],[11.22441,55.7312],[11.27549,55.73648],[11.32227,55.75254],[11.46367,55.8793],[11.45957,55.90723],[11.47471,55.94346],[11.62773,55.95689],[11.6959,55.90791],[11.68223,55.82949],[11.69092,55.729],[11.78359,55.70166],[11.81973,55.69766],[11.8583,55.77188],[11.88535,55.80796],[11.92207,55.82808],[11.93457,55.8959],[11.91279,55.93731],[11.86641,55.96816],[12.03965,56.05215],[12.21895,56.11865],[12.32324,56.12212],[12.42822,56.10586],[12.52578,56.0834],[12.57871,56.06406],[12.6084,56.03301],[12.54297,55.95898],[12.52481,55.91846],[12.56875,55.78506]]],[[[9.73975,54.82554],[9.725,54.82554],[9.66123,54.83438],[9.61582,54.85542],[9.49873,54.84043],[9.34199,54.8063],[9.25498,54.80801],[9.18584,54.84468],[8.90293,54.89692],[8.85723,54.90112],[8.6707,54.90332],[8.67031,54.90342],[8.66143,54.98594],[8.63828,55.04556],[8.57295,55.13428],[8.66982,55.15566],[8.65107,55.32856],[8.61592,55.41821],[8.34531,55.5103],[8.13213,55.59981],[8.18135,55.90117],[8.20234,55.98237],[8.12148,56.13989],[8.12988,56.32119],[8.16396,56.60689],[8.23174,56.61807],[8.28145,56.6167],[8.47315,56.56543],[8.55293,56.5603],[8.60762,56.5145],[8.67168,56.49565],[8.71807,56.54429],[8.73613,56.62744],[8.88809,56.73506],[8.99453,56.77481],[9.06709,56.79385],[9.14033,56.75044],[9.19639,56.70166],[9.20967,56.8084],[9.25488,57.01172],[9.11045,57.04365],[8.99277,57.01611],[8.87607,56.88726],[8.77197,56.72529],[8.60313,56.7104],[8.46836,56.66455],[8.34668,56.71211],[8.26826,56.754],[8.26631,56.81533],[8.28408,56.85234],[8.42705,56.98442],[8.61856,57.11128],[8.81152,57.11006],[8.95225,57.15059],[9.03633,57.15542],[9.29883,57.14653],[9.43359,57.17432],[9.5543,57.23247],[9.81514,57.47842],[9.96231,57.58096],[10.25908,57.61704],[10.5333,57.7354],[10.60996,57.73691],[10.48096,57.64868],[10.46025,57.61455],[10.44463,57.56221],[10.53711,57.44854],[10.51758,57.37935],[10.52412,57.24321],[10.43691,57.17227],[10.33848,57.02134],[10.29609,56.99912],[10.28701,56.82295],[10.29668,56.78091],[10.28272,56.62051],[10.38359,56.55483],[10.49023,56.52051],[10.8459,56.52173],[10.88281,56.49287],[10.92617,56.44326],[10.89443,56.35903],[10.85645,56.29551],[10.75342,56.24199],[10.62119,56.2021],[10.53897,56.20034],[10.42695,56.27617],[10.37373,56.25156],[10.31875,56.21289],[10.22666,56.00537],[10.18301,55.86519],[10.15938,55.85381],[10.10732,55.87446],[10.01738,55.87607],[9.90371,55.84282],[9.96201,55.81309],[10.02363,55.76143],[9.99902,55.73555],[9.89902,55.70757],[9.81035,55.65098],[9.77324,55.60815],[9.66143,55.55747],[9.59111,55.49321],[9.62559,55.41357],[9.64023,55.34365],[9.671,55.26641],[9.64326,55.20474],[9.50479,55.11626],[9.45371,55.03955],[9.57236,55.04053],[9.64541,55.0228],[9.68818,55.00015],[9.73232,54.96802],[9.70527,54.92832],[9.73975,54.82554]]],[[[10.64512,55.60981],[10.68682,55.55762],[10.73809,55.44634],[10.81924,55.32188],[10.78535,55.26978],[10.8084,55.20303],[10.78525,55.1334],[10.62383,55.05244],[10.44277,55.04878],[10.25459,55.08789],[9.98877,55.16318],[9.96738,55.20547],[9.93008,55.22891],[9.85898,55.35723],[9.86065,55.51548],[9.99424,55.5353],[10.28613,55.61084],[10.35361,55.59898],[10.42402,55.56035],[10.50508,55.55806],[10.62275,55.61284],[10.64512,55.60981]]],[[[11.36143,54.89165],[11.53838,54.82959],[11.65811,54.83315],[11.73955,54.80742],[11.75898,54.76768],[11.76592,54.67944],[11.68037,54.65371],[11.58594,54.66245],[11.45742,54.62886],[11.03555,54.7731],[11.0417,54.89336],[11.05859,54.94058],[11.2585,54.95181],[11.36143,54.89165]]],[[[10.73408,54.75073],[10.68975,54.74507],[10.62949,54.82607],[10.62168,54.85142],[10.69248,54.90327],[10.73828,54.96201],[10.85674,55.0522],[10.925,55.15786],[10.95107,55.1562],[10.9208,55.06211],[10.76523,54.79966],[10.73408,54.75073]]],[[[12.54922,54.96577],[12.51104,54.95088],[12.35752,54.96182],[12.18447,54.89248],[12.11885,54.9144],[12.14365,54.95869],[12.16172,54.97481],[12.21992,54.9936],[12.25879,55.02109],[12.27402,55.06411],[12.31006,55.04092],[12.41719,55.0312],[12.46953,55.01748],[12.51328,54.99731],[12.54922,54.96577]]],[[[12.66572,55.59653],[12.57158,55.554],[12.55088,55.55625],[12.52031,55.6146],[12.56992,55.6501],[12.59922,55.68023],[12.62002,55.67935],[12.64844,55.64678],[12.66572,55.59653]]],[[[10.48438,54.84756],[10.41729,54.83716],[10.34053,54.85894],[10.21562,54.94097],[10.1999,54.96274],[10.26553,54.94883],[10.34697,54.90596],[10.41367,54.89683],[10.50488,54.86055],[10.48438,54.84756]]],[[[10.06123,54.88638],[9.95713,54.87246],[9.90391,54.89663],[9.80625,54.90601],[9.77119,55.05991],[9.78125,55.06904],[9.83037,55.05825],[9.99883,54.98648],[10.05772,54.90791],[10.06123,54.88638]]],[[[10.60732,55.78306],[10.59033,55.76509],[10.52695,55.78379],[10.52031,55.84849],[10.54434,55.90659],[10.51611,55.95855],[10.54717,55.99194],[10.63633,55.91416],[10.66172,55.87759],[10.62734,55.83389],[10.60732,55.78306]]],[[[11.05215,57.25254],[11.01143,57.2291],[10.87383,57.26226],[10.93457,57.30859],[11.08574,57.32993],[11.17451,57.3229],[11.07686,57.2769],[11.05215,57.25254]]],[[[15.0877,55.02188],[15.05078,55.00493],[14.88555,55.03296],[14.68418,55.10225],[14.71367,55.23804],[14.76533,55.29673],[15.13262,55.14453],[15.13711,55.08716],[15.0877,55.02188]]]]}},{"type":"Feature","id":"country-cze","properties":{"id":"country-cze","slug":"republica-checa","name":"República Checa","localName":"Czechia","aliases":["Czechia"],"kind":"country","boundaryStatus":"reference","parentId":null,"population":10669709,"areaKm2":78657.9,"density":135.6,"referenceYear":2019,"sourceId":"natural-earth","bbox":[12.08975,48.57622,18.83223,51.03779],"center":[15.460989999999999,49.807005000000004]},"geometry":{"type":"Polygon","coordinates":[[[18.83223,49.51079],[18.80703,49.50923],[18.74971,49.49399],[18.67617,49.48848],[18.59648,49.49146],[18.53457,49.4647],[18.47607,49.42109],[18.41582,49.39092],[18.38311,49.36392],[18.36484,49.33623],[18.16094,49.25737],[18.13262,49.22456],[18.10996,49.17979],[18.10039,49.11934],[18.08594,49.06514],[18.05088,49.03652],[17.94072,49.01196],[17.91328,48.99873],[17.89268,48.97114],[17.83086,48.92861],[17.7585,48.88814],[17.62539,48.84185],[17.48262,48.82778],[17.29688,48.84282],[17.18848,48.86094],[17.13565,48.84106],[17.06328,48.78076],[16.98525,48.6769],[16.95313,48.59883],[16.92832,48.6209],[16.88369,48.70371],[16.8332,48.71431],[16.76445,48.72202],[16.7127,48.73423],[16.60098,48.78189],[16.54356,48.79624],[16.47793,48.8001],[16.41484,48.77207],[16.36729,48.73897],[16.21934,48.7394],[16.05723,48.75479],[15.8252,48.86445],[15.76504,48.86543],[15.70078,48.86045],[15.59941,48.88638],[15.40293,48.95737],[15.31094,48.97402],[15.25273,48.96387],[15.19961,48.94815],[15.16172,48.94629],[15.13975,48.96934],[15.0668,48.99785],[14.99346,49.00112],[14.97217,48.98394],[14.94736,48.82773],[14.92256,48.77139],[14.82188,48.77402],[14.78594,48.74736],[14.70664,48.67192],[14.69131,48.59922],[14.55391,48.61333],[14.48867,48.62554],[14.43106,48.61626],[14.36758,48.57622],[14.18984,48.57856],[14.04912,48.60249],[13.98877,48.69243],[13.92432,48.72803],[13.84316,48.75986],[13.81475,48.76694],[13.76992,48.81597],[13.68496,48.87671],[13.54766,48.95967],[13.44072,48.95557],[13.40117,48.97759],[13.38369,49.00811],[13.33906,49.06079],[13.28877,49.09746],[13.22783,49.11167],[13.14053,49.15835],[13.02373,49.26011],[12.9167,49.33047],[12.81338,49.32935],[12.74785,49.36621],[12.68115,49.4145],[12.63203,49.46123],[12.55576,49.57485],[12.50029,49.6397],[12.45703,49.67979],[12.4082,49.71318],[12.39053,49.73965],[12.4502,49.80015],[12.47188,49.83008],[12.49756,49.85308],[12.5125,49.87744],[12.51201,49.8958],[12.45762,49.95552],[12.38418,49.99858],[12.27647,50.04233],[12.20781,50.09751],[12.18252,50.14805],[12.175,50.17583],[12.12783,50.21343],[12.08975,50.26856],[12.08984,50.30176],[12.09922,50.31099],[12.13486,50.31094],[12.17481,50.28838],[12.23115,50.24487],[12.27734,50.18145],[12.30566,50.20571],[12.35859,50.27324],[12.45264,50.34981],[12.54902,50.39341],[12.63555,50.39707],[12.70645,50.40913],[12.76543,50.43096],[12.86826,50.42222],[12.94268,50.40645],[12.9668,50.41621],[12.99707,50.45606],[13.01641,50.49038],[13.18115,50.5105],[13.2377,50.57676],[13.26953,50.57642],[13.30606,50.58633],[13.34102,50.61143],[13.37461,50.62173],[13.40117,50.60933],[13.43613,50.60107],[13.47256,50.61694],[13.52656,50.69282],[13.55674,50.70464],[13.70137,50.7165],[13.89854,50.76128],[13.99844,50.80112],[14.09648,50.82275],[14.20176,50.86123],[14.36904,50.89873],[14.37705,50.91406],[14.29941,50.95259],[14.27334,50.9769],[14.25586,51.00186],[14.2832,51.02949],[14.31973,51.03779],[14.36729,51.02627],[14.50732,51.00986],[14.5457,50.99395],[14.55967,50.95493],[14.59522,50.9186],[14.62383,50.91475],[14.61357,50.85557],[14.6582,50.83262],[14.72334,50.8147],[14.7665,50.81831],[14.79746,50.84233],[14.80938,50.85898],[14.8958,50.86138],[14.98291,50.88657],[14.98994,50.92725],[14.98447,51.00342],[14.99375,51.01436],[15.12598,50.99287],[15.25859,50.95855],[15.27705,50.88301],[15.3126,50.84575],[15.3544,50.81177],[15.39463,50.79629],[15.46397,50.79385],[15.64395,50.74888],[15.73057,50.7397],[15.81924,50.70869],[15.89395,50.6769],[15.94854,50.67026],[15.97383,50.63545],[16.00723,50.61162],[16.06641,50.62993],[16.28223,50.65562],[16.35996,50.62139],[16.4125,50.58516],[16.41973,50.57363],[16.39229,50.54165],[16.3791,50.5169],[16.35664,50.50049],[16.28252,50.48301],[16.24072,50.45469],[16.21035,50.42373],[16.23076,50.39409],[16.29131,50.37188],[16.33418,50.3669],[16.35049,50.34522],[16.4876,50.24839],[16.59668,50.12192],[16.63916,50.10215],[16.6791,50.09746],[16.72529,50.11606],[16.77861,50.15703],[16.8418,50.18672],[16.89531,50.20195],[16.98965,50.23691],[16.99336,50.25972],[16.91475,50.34522],[16.86914,50.4145],[16.88008,50.42705],[16.98076,50.41611],[17.15195,50.37832],[17.41523,50.25479],[17.46231,50.25479],[17.55459,50.26406],[17.65469,50.28423],[17.70225,50.30718],[17.72012,50.29863],[17.73545,50.23076],[17.70928,50.19356],[17.58936,50.15747],[17.59629,50.1395],[17.62705,50.11641],[17.68106,50.10078],[17.74658,50.05679],[17.7917,50.00659],[17.83125,49.9833],[17.8748,49.97227],[17.98379,49.99907],[18.01465,50.02026],[18.02832,50.03525],[18.04951,50.03193],[18.0877,50.00728],[18.09922,49.99277],[18.20527,49.96475],[18.26631,49.93027],[18.30527,49.91406],[18.34844,49.92983],[18.51621,49.90239],[18.5624,49.87935],[18.57715,49.84111],[18.56885,49.81792],[18.59463,49.75781],[18.80693,49.61372],[18.8293,49.54014],[18.83223,49.51079]]]}},{"type":"Feature","id":"country-hrv","properties":{"id":"country-hrv","slug":"croacia","name":"Croacia","localName":"Croatia","aliases":["Croatia"],"kind":"country","boundaryStatus":"reference","parentId":null,"population":4067500,"areaKm2":54543.4,"density":74.6,"referenceYear":2019,"sourceId":"natural-earth","bbox":[13.51719,42.43291,19.40098,46.53462],"center":[16.459085,44.483765]},"geometry":{"type":"MultiPolygon","coordinates":[[[[13.57793,45.5169],[13.61523,45.47676],[13.87871,45.42837],[13.93565,45.44981],[13.97012,45.48262],[13.97031,45.50337],[13.99277,45.50942],[14.08555,45.47783],[14.16123,45.48516],[14.28301,45.48662],[14.36992,45.48145],[14.42734,45.50576],[14.50518,45.59522],[14.53398,45.64526],[14.56885,45.65723],[14.5918,45.65127],[14.60859,45.61011],[14.64951,45.57148],[14.73359,45.5085],[14.79307,45.47822],[14.84707,45.46733],[14.9,45.49268],[14.95459,45.4999],[15.11045,45.45078],[15.24209,45.44141],[15.33945,45.46704],[15.32666,45.5023],[15.29121,45.54155],[15.28359,45.57969],[15.29014,45.61265],[15.35693,45.64551],[15.35371,45.65991],[15.27295,45.71773],[15.27705,45.73262],[15.4541,45.79761],[15.62481,45.83403],[15.65215,45.86216],[15.66807,45.90444],[15.67559,45.98369],[15.66621,46.04849],[15.59688,46.10923],[15.59258,46.13999],[15.60898,46.17192],[15.63594,46.20073],[15.7042,46.21323],[15.78428,46.23398],[15.84756,46.25786],[15.9333,46.27764],[16.00068,46.30537],[16.0665,46.37134],[16.10645,46.38223],[16.22744,46.37285],[16.25332,46.38911],[16.23672,46.48384],[16.2584,46.50791],[16.30117,46.52139],[16.32119,46.53462],[16.42764,46.52441],[16.51621,46.4999],[16.56992,46.48501],[16.74805,46.41641],[16.87148,46.33931],[16.93994,46.25366],[17.03272,46.18731],[17.14961,46.14033],[17.24219,46.07661],[17.31065,45.99614],[17.40635,45.95107],[17.5292,45.94131],[17.60703,45.91377],[17.63965,45.86836],[17.70644,45.82725],[17.80713,45.79043],[17.96387,45.77026],[18.26397,45.76548],[18.29062,45.76445],[18.3583,45.75303],[18.4373,45.76733],[18.53359,45.79614],[18.56465,45.81328],[18.66602,45.90747],[18.72178,45.89937],[18.83301,45.91084],[18.90029,45.93174],[18.90537,45.93174],[18.90107,45.90762],[18.89356,45.86553],[18.83906,45.83574],[18.89453,45.76709],[18.94727,45.65581],[18.91787,45.60083],[18.95371,45.55801],[19.05508,45.52725],[19.06426,45.51499],[19.0333,45.5022],[19.00762,45.46582],[19.00469,45.39951],[19.09307,45.33691],[19.27285,45.27798],[19.33027,45.26807],[19.35225,45.24541],[19.38232,45.23062],[19.4,45.2125],[19.40098,45.18906],[19.38809,45.173],[19.30303,45.16729],[19.20596,45.16777],[19.13691,45.19624],[19.13076,45.17549],[19.12969,45.15171],[19.06289,45.13721],[19.1,44.97378],[19.08525,44.92676],[19.06055,44.91099],[19.0376,44.91753],[19.00957,44.91939],[18.99551,44.904],[19.00713,44.86919],[18.94131,44.86519],[18.83643,44.88325],[18.78838,44.91489],[18.78018,44.94722],[18.7794,44.97725],[18.74609,45.02651],[18.6626,45.07744],[18.48828,45.08584],[18.42393,45.102],[18.35762,45.12056],[18.28496,45.13428],[18.21797,45.13291],[18.13721,45.11939],[17.99629,45.1418],[17.94863,45.11187],[17.87441,45.07725],[17.81279,45.07813],[17.69014,45.1584],[17.65352,45.16348],[17.54629,45.12256],[17.50264,45.12036],[17.46914,45.1333],[17.32412,45.16397],[17.25869,45.17056],[17.21065,45.15606],[17.12539,45.17178],[16.91865,45.27656],[16.79082,45.19688],[16.53066,45.2167],[16.45352,45.16201],[16.36504,45.05835],[16.29336,45.00884],[16.23106,45.02661],[16.15732,45.07222],[16.02832,45.1896],[15.96318,45.21079],[15.88828,45.21572],[15.82285,45.20278],[15.78809,45.17896],[15.76152,45.00752],[15.73799,44.8564],[15.73662,44.76582],[15.88008,44.68193],[16.04902,44.5376],[16.10342,44.521],[16.13027,44.47373],[16.16982,44.352],[16.21426,44.21514],[16.3001,44.12451],[16.37754,44.05962],[16.47207,44.00259],[16.59053,43.91318],[16.6877,43.81504],[16.71348,43.77881],[16.90186,43.64902],[17.08457,43.51655],[17.24805,43.47022],[17.27383,43.44575],[17.27529,43.34385],[17.29307,43.30562],[17.40225,43.19893],[17.6248,43.04277],[17.65049,43.00659],[17.65781,42.98008],[17.64346,42.95977],[17.58516,42.93838],[17.53731,42.96226],[17.32988,43.11489],[17.12939,43.21113],[16.90313,43.39243],[16.60029,43.46406],[16.39394,43.54336],[16.26894,43.53125],[16.13106,43.5063],[16.046,43.50552],[15.98555,43.51978],[15.94258,43.56895],[15.94912,43.60698],[15.9415,43.65664],[15.82061,43.73594],[15.65566,43.81128],[15.49941,43.90879],[15.18584,44.17212],[15.12295,44.25679],[15.18467,44.2729],[15.23135,44.27144],[15.28428,44.28882],[15.36973,44.28926],[15.471,44.27197],[15.38135,44.32827],[15.26982,44.3835],[14.98135,44.60293],[14.89522,44.70659],[14.88525,44.81826],[14.90654,44.97139],[14.85459,45.08101],[14.63203,45.2229],[14.55049,45.29771],[14.38613,45.34214],[14.3127,45.33779],[14.26856,45.28252],[14.23633,45.15967],[14.09063,44.99761],[14.04199,44.9272],[13.96582,44.83565],[13.89981,44.82935],[13.86074,44.8374],[13.74248,44.9915],[13.6293,45.1082],[13.61348,45.16343],[13.60332,45.2314],[13.51719,45.48179],[13.57793,45.5169]]],[[[16.65068,42.99658],[16.83555,42.96865],[16.97109,42.98149],[17.09365,42.96436],[17.16982,42.93262],[17.18828,42.91704],[17.08936,42.91489],[16.97754,42.92778],[16.85068,42.89551],[16.73887,42.91274],[16.69639,42.93369],[16.66631,42.95991],[16.65068,42.99658]]],[[[17.19404,43.12578],[17.12412,43.11543],[16.6792,43.12315],[16.54981,43.1439],[16.40586,43.19736],[16.37647,43.21377],[16.52139,43.22925],[16.65596,43.21377],[16.69727,43.17495],[17.06113,43.1439],[17.19404,43.12578]]],[[[16.78525,43.27065],[16.62744,43.26807],[16.49033,43.28618],[16.42315,43.31724],[16.42813,43.34341],[16.44893,43.38706],[16.60156,43.38189],[16.83438,43.35083],[16.89131,43.31465],[16.87363,43.29795],[16.78525,43.27065]]],[[[15.23106,44.06231],[15.24668,44.02705],[15.12188,44.09331],[15.07461,44.13784],[15.06582,44.15767],[15.23106,44.06231]]],[[[14.81025,44.97705],[14.68701,44.95562],[14.62832,44.99395],[14.61299,45.02544],[14.51172,45.0354],[14.45039,45.0792],[14.43789,45.09863],[14.52461,45.14683],[14.57109,45.22476],[14.62998,45.17803],[14.70117,45.09004],[14.73916,45.06548],[14.81025,44.97705]]],[[[14.83145,44.75894],[14.85664,44.71484],[14.7625,44.75464],[14.67822,44.76987],[14.66035,44.79981],[14.67246,44.82437],[14.69053,44.84815],[14.7542,44.84482],[14.76377,44.82139],[14.83145,44.75894]]],[[[15.18848,44.33574],[15.1626,44.30918],[15.09795,44.35815],[15.03857,44.39302],[14.99609,44.43433],[14.91279,44.48584],[14.88467,44.54473],[14.76045,44.66475],[14.7419,44.69736],[14.80381,44.64868],[14.85537,44.61826],[14.89805,44.61084],[15.00645,44.53423],[15.11299,44.43574],[15.23994,44.3502],[15.21357,44.34756],[15.18848,44.33574]]],[[[15.18877,43.92236],[15.20303,43.90772],[15.20166,43.89775],[15.14981,43.91182],[15.13584,43.90728],[14.89131,44.12554],[14.86504,44.16797],[14.95254,44.11719],[15.18877,43.92236]]],[[[15.37139,43.97383],[15.43721,43.89951],[15.37422,43.9148],[15.30859,43.96079],[15.27002,44.01074],[15.37139,43.97383]]],[[[14.48809,44.66006],[14.48037,44.62124],[14.41953,44.67031],[14.38887,44.7583],[14.3124,44.90039],[14.30254,44.94043],[14.34219,44.97993],[14.34004,45.01997],[14.28584,45.14463],[14.33125,45.16499],[14.3582,45.16743],[14.36914,45.08096],[14.39375,45.03125],[14.46738,44.97022],[14.45254,44.86919],[14.46758,44.72534],[14.48252,44.69336],[14.48809,44.66006]]],[[[17.60781,42.76904],[17.74424,42.70034],[17.34414,42.79038],[17.38955,42.79863],[17.43193,42.80039],[17.60781,42.76904]]],[[[18.43633,42.55972],[18.43809,42.52295],[18.47666,42.4811],[18.51748,42.43291],[18.33301,42.52788],[18.16064,42.63403],[17.82383,42.79741],[17.58496,42.83716],[17.2582,42.96846],[17.04541,43.01489],[17.12647,43.02559],[17.21982,43.02588],[17.72363,42.85068],[17.66758,42.89712],[17.74023,42.91548],[17.80195,42.90225],[17.84131,42.84507],[17.91885,42.80742],[18.04453,42.74126],[18.12393,42.69058],[18.304,42.59941],[18.34658,42.58667],[18.43633,42.55972]]]]}},{"type":"Feature","id":"country-bgr","properties":{"id":"country-bgr","slug":"bulgaria","name":"Bulgaria","localName":"Bulgaria","aliases":["Bulgaria"],"kind":"country","boundaryStatus":"reference","parentId":null,"population":6975761,"areaKm2":112670.3,"density":61.9,"referenceYear":2019,"sourceId":"natural-earth","bbox":[22.34404,41.24356,28.58535,44.23779],"center":[25.464695,42.740674999999996]},"geometry":{"type":"Polygon","coordinates":[[[28.01445,41.96904],[27.8792,41.98662],[27.83193,41.9813],[27.80166,41.95654],[27.73887,41.96152],[27.66113,41.96133],[27.57988,41.93291],[27.53486,41.9208],[27.47481,41.94688],[27.36289,42.02505],[27.29492,42.07954],[27.24434,42.09326],[27.19336,42.0771],[27.01172,42.05864],[26.96875,42.02686],[26.88486,41.99185],[26.80039,41.97515],[26.6792,41.96333],[26.61533,41.96489],[26.57969,41.94795],[26.54971,41.89673],[26.5293,41.84668],[26.51143,41.82637],[26.36035,41.80156],[26.32725,41.7728],[26.31797,41.74468],[26.3209,41.71655],[26.20059,41.7438],[26.10742,41.72568],[26.08555,41.70415],[26.06602,41.67324],[26.07695,41.64019],[26.11123,41.6082],[26.14356,41.52153],[26.15518,41.43486],[26.13535,41.38574],[26.06641,41.35068],[25.92334,41.31191],[25.78496,41.33042],[25.72393,41.31504],[25.62148,41.31011],[25.52705,41.29981],[25.38193,41.26436],[25.25117,41.24356],[25.1334,41.31577],[24.99356,41.36499],[24.84688,41.39424],[24.7958,41.3729],[24.77373,41.3561],[24.65107,41.41997],[24.596,41.44273],[24.56934,41.46738],[24.51826,41.55254],[24.48789,41.55523],[24.38672,41.52354],[24.28945,41.52505],[24.23037,41.53081],[24.05606,41.52725],[24.03291,41.46909],[24.01133,41.46006],[23.97354,41.4523],[23.88086,41.45596],[23.76231,41.41299],[23.63516,41.38677],[23.53584,41.38604],[23.4334,41.39873],[23.37207,41.38965],[23.23984,41.38496],[23.15596,41.32207],[23.02559,41.32564],[22.91602,41.33628],[22.92969,41.3561],[22.95147,41.60562],[23.00566,41.71694],[23.00361,41.73984],[22.99199,41.75718],[22.94395,41.7751],[22.90918,41.83521],[22.83682,41.9936],[22.79609,42.02568],[22.68232,42.05913],[22.58272,42.10483],[22.49824,42.16509],[22.34404,42.31397],[22.42207,42.32886],[22.4457,42.35913],[22.52354,42.44097],[22.53242,42.4812],[22.52422,42.50391],[22.47207,42.54331],[22.43623,42.6291],[22.46328,42.70947],[22.46563,42.75078],[22.43926,42.79165],[22.4668,42.84248],[22.52275,42.87031],[22.55811,42.87847],[22.70615,42.88394],[22.7999,42.98574],[22.85684,43.01826],[22.91523,43.07598],[22.94229,43.09707],[22.96797,43.14204],[22.97686,43.18799],[22.85957,43.25234],[22.81973,43.30073],[22.76758,43.35415],[22.69697,43.39106],[22.55459,43.45449],[22.49912,43.51885],[22.47412,43.60225],[22.43633,43.66548],[22.39482,43.70664],[22.38691,43.74014],[22.36963,43.7813],[22.36543,43.86211],[22.39902,43.96953],[22.4208,44.00742],[22.46904,44.01802],[22.59746,44.07529],[22.60342,44.14858],[22.62656,44.19409],[22.66748,44.22022],[22.70508,44.23779],[22.7752,44.19522],[22.94541,44.1273],[23.02852,44.07798],[23.02441,44.04722],[22.98535,44.01699],[22.91133,43.98721],[22.86826,43.9479],[22.85645,43.89902],[22.86768,43.86455],[22.91904,43.83447],[23.22461,43.87388],[23.53457,43.85356],[23.95078,43.78667],[24.22676,43.76348],[24.43057,43.79439],[24.8082,43.73843],[25.15967,43.68633],[25.49707,43.6708],[25.68613,43.71177],[25.81885,43.76685],[25.9334,43.87056],[26.21582,44.00728],[26.48926,44.08398],[26.84775,44.14619],[27.08691,44.16738],[27.1207,44.14614],[27.42539,44.02051],[27.56104,44.02007],[27.6709,43.9978],[27.71074,43.9646],[27.73857,43.9563],[27.88428,43.98735],[27.94893,43.9186],[28.05,43.82241],[28.22197,43.77285],[28.3752,43.74478],[28.42344,43.74048],[28.58535,43.74224],[28.56182,43.50132],[28.46543,43.38931],[28.31963,43.42686],[28.13369,43.39561],[28.03516,43.26826],[27.9793,43.23052],[27.92891,43.18613],[27.89648,43.0207],[27.88887,42.74971],[27.81836,42.71665],[27.75371,42.70654],[27.48477,42.46807],[27.63955,42.40098],[27.7082,42.34995],[27.82139,42.20801],[27.98272,42.04741],[28.01445,41.96904]]]}},{"type":"Feature","id":"country-bih","properties":{"id":"country-bih","slug":"bosnia-y-herzegovina","name":"Bosnia y Herzegovina","localName":"Bosnia and Herz.","aliases":["Bosnia and Herzegovina"],"kind":"country","boundaryStatus":"reference","parentId":null,"population":3301000,"areaKm2":51800.5,"density":63.7,"referenceYear":2019,"sourceId":"natural-earth","bbox":[15.73662,42.55972,19.58379,45.27656],"center":[17.660205,43.91814]},"geometry":{"type":"Polygon","coordinates":[[[19.34863,44.88091],[19.35684,44.85855],[19.33447,44.78066],[19.2919,44.69678],[19.22314,44.60957],[19.15137,44.52734],[19.13242,44.48379],[19.12734,44.41455],[19.11846,44.35996],[19.12832,44.33027],[19.15186,44.30254],[19.23154,44.28057],[19.33887,44.22583],[19.43018,44.15449],[19.54717,44.07349],[19.58379,44.04346],[19.58369,44.01108],[19.54951,43.98711],[19.44941,43.97803],[19.34522,43.98511],[19.30527,43.99336],[19.26807,43.98345],[19.24502,43.96504],[19.25723,43.94331],[19.36406,43.84478],[19.48818,43.70356],[19.49512,43.64287],[19.47998,43.59517],[19.45127,43.56206],[19.39961,43.56758],[19.36035,43.59346],[19.30078,43.5918],[19.25449,43.58438],[19.19434,43.5333],[19.16436,43.53545],[19.11279,43.52773],[19.08008,43.51773],[19.02832,43.53252],[18.97422,43.54233],[18.95068,43.52666],[18.94023,43.49673],[18.97383,43.44238],[19.03672,43.35732],[19.02666,43.29243],[18.97871,43.2854],[18.93467,43.33945],[18.89561,43.34819],[18.85107,43.34634],[18.74922,43.28355],[18.67422,43.23081],[18.65684,43.19395],[18.62998,43.15366],[18.62188,43.12461],[18.62363,43.02769],[18.48848,43.01216],[18.46016,42.9979],[18.44385,42.96846],[18.45508,42.84409],[18.46602,42.77725],[18.54326,42.67417],[18.5459,42.6416],[18.53496,42.62012],[18.48008,42.5792],[18.45391,42.5645],[18.43633,42.55972],[18.34658,42.58667],[18.304,42.59941],[18.12393,42.69058],[18.04453,42.74126],[17.91885,42.80742],[17.84131,42.84507],[17.80195,42.90225],[17.74023,42.91548],[17.66758,42.89712],[17.58516,42.93838],[17.64346,42.95977],[17.65781,42.98008],[17.65049,43.00659],[17.6248,43.04277],[17.40225,43.19893],[17.29307,43.30562],[17.27529,43.34385],[17.27383,43.44575],[17.24805,43.47022],[17.08457,43.51655],[16.90186,43.64902],[16.71348,43.77881],[16.6877,43.81504],[16.59053,43.91318],[16.47207,44.00259],[16.37754,44.05962],[16.3001,44.12451],[16.21426,44.21514],[16.16982,44.352],[16.13027,44.47373],[16.10342,44.521],[16.04902,44.5376],[15.88008,44.68193],[15.73662,44.76582],[15.73799,44.8564],[15.76152,45.00752],[15.78809,45.17896],[15.82285,45.20278],[15.88828,45.21572],[15.96318,45.21079],[16.02832,45.1896],[16.15732,45.07222],[16.23106,45.02661],[16.29336,45.00884],[16.36504,45.05835],[16.45352,45.16201],[16.53066,45.2167],[16.79082,45.19688],[16.91865,45.27656],[17.12539,45.17178],[17.21065,45.15606],[17.25869,45.17056],[17.32412,45.16397],[17.46914,45.1333],[17.50264,45.12036],[17.54629,45.12256],[17.65352,45.16348],[17.69014,45.1584],[17.81279,45.07813],[17.87441,45.07725],[17.94863,45.11187],[17.99629,45.1418],[18.13721,45.11939],[18.21797,45.13291],[18.28496,45.13428],[18.35762,45.12056],[18.42393,45.102],[18.48828,45.08584],[18.6626,45.07744],[18.74609,45.02651],[18.7794,44.97725],[18.78018,44.94722],[18.78838,44.91489],[18.83643,44.88325],[18.94131,44.86519],[19.00713,44.86919],[19.04209,44.87134],[19.13154,44.89961],[19.23682,44.91426],[19.3127,44.89746],[19.34863,44.88091]]]}},{"type":"Feature","id":"country-bel","properties":{"id":"country-bel","slug":"belgica","name":"Bélgica","localName":"Belgium","aliases":["Belgium"],"kind":"country","boundaryStatus":"reference","parentId":null,"population":11484055,"areaKm2":30699.3,"density":374.1,"referenceYear":2019,"sourceId":"natural-earth","bbox":[2.5249,49.51089,6.36445,51.49111],"center":[4.444675,50.501000000000005]},"geometry":{"type":"Polygon","coordinates":[[[4.22617,51.38648],[4.30449,51.36152],[4.37373,51.35601],[4.404,51.36709],[4.38477,51.42759],[4.44092,51.45981],[4.50342,51.47471],[4.53164,51.44858],[4.58877,51.42192],[4.63398,51.42173],[4.75566,51.49111],[4.78418,51.47739],[4.81055,51.45273],[4.81602,51.43281],[4.8207,51.41206],[4.84805,51.40327],[4.94395,51.40776],[4.99258,51.44536],[5.03096,51.46909],[5.05947,51.45313],[5.07344,51.40684],[5.0999,51.34648],[5.21416,51.27896],[5.31084,51.25972],[5.42979,51.273],[5.47686,51.28506],[5.50879,51.275],[5.54043,51.23931],[5.60879,51.19844],[5.75234,51.16948],[5.79648,51.15308],[5.82715,51.12564],[5.81826,51.08643],[5.74981,50.98877],[5.74082,50.95991],[5.75,50.95024],[5.73662,50.93213],[5.64756,50.86665],[5.63945,50.8436],[5.66914,50.80596],[5.69356,50.77476],[5.69365,50.77466],[5.74707,50.75957],[5.79736,50.75454],[5.89246,50.75256],[5.99395,50.75044],[6.00596,50.73223],[6.11943,50.67925],[6.15449,50.63726],[6.23594,50.59668],[6.16846,50.54536],[6.17871,50.52251],[6.20303,50.49912],[6.29492,50.4855],[6.34092,50.45176],[6.34365,50.40024],[6.36445,50.31616],[6.1751,50.23267],[6.12129,50.13936],[6.1165,50.121],[6.11006,50.12378],[6.08906,50.15459],[6.05479,50.1543],[5.97627,50.16719],[5.8669,50.08281],[5.81738,50.0127],[5.78809,49.96123],[5.74404,49.91963],[5.73525,49.87564],[5.74082,49.85718],[5.72578,49.83335],[5.725,49.8083],[5.78799,49.75889],[5.80371,49.73218],[5.88037,49.64478],[5.85654,49.61284],[5.8376,49.57832],[5.81543,49.55381],[5.78975,49.53828],[5.71045,49.53921],[5.61006,49.52822],[5.54238,49.51104],[5.50732,49.51089],[5.43467,49.55449],[5.35352,49.61982],[5.30195,49.65098],[5.27881,49.67793],[5.21504,49.68926],[5.12412,49.72148],[5.06104,49.75654],[5.00693,49.77837],[4.93057,49.78926],[4.86758,49.78814],[4.84912,49.84712],[4.8415,49.9145],[4.79004,49.95957],[4.86055,50.13589],[4.81865,50.15317],[4.77285,50.13906],[4.70664,50.09707],[4.6751,50.04688],[4.65615,50.00244],[4.54502,49.96025],[4.36875,49.94497],[4.17607,49.96025],[4.14932,49.97158],[4.13701,49.98447],[4.13682,50],[4.15029,50.02388],[4.18389,50.05283],[4.19219,50.09414],[4.15771,50.12988],[4.13525,50.1438],[4.14414,50.17842],[4.16963,50.22178],[4.17461,50.24648],[4.04414,50.32134],[3.94971,50.33594],[3.85811,50.33857],[3.78857,50.34697],[3.74805,50.34351],[3.71885,50.32168],[3.68936,50.30606],[3.66729,50.32481],[3.62676,50.45732],[3.59541,50.47734],[3.47695,50.49946],[3.31621,50.50737],[3.27334,50.53154],[3.24981,50.59116],[3.23496,50.66294],[3.18203,50.73169],[3.15488,50.74893],[3.10684,50.77944],[3.02285,50.7669],[2.92197,50.72705],[2.8624,50.71602],[2.83975,50.71177],[2.75938,50.75064],[2.66914,50.81143],[2.59678,50.87593],[2.5793,50.91177],[2.60147,50.95527],[2.57481,50.98857],[2.53604,51.04951],[2.5249,51.09712],[2.96016,51.26543],[3.2252,51.35161],[3.3501,51.37769],[3.38008,51.29111],[3.40283,51.26362],[3.43252,51.24575],[3.47197,51.24224],[3.51709,51.26362],[3.58027,51.28618],[3.68184,51.27568],[3.75566,51.25483],[3.78193,51.2332],[3.83076,51.2126],[3.90205,51.20767],[4.04004,51.24707],[4.17256,51.30708],[4.21143,51.34873],[4.22617,51.38648]]]}},{"type":"Feature","id":"country-blr","properties":{"id":"country-blr","slug":"bielorrusia","name":"Bielorrusia","localName":"Belarus","aliases":["Belarus"],"kind":"country","boundaryStatus":"reference","parentId":null,"population":9466856,"areaKm2":207156.2,"density":45.7,"referenceYear":2019,"sourceId":"natural-earth","bbox":[23.1751,51.26504,32.71025,56.1458],"center":[27.942675,53.705420000000004]},"geometry":{"type":"Polygon","coordinates":[[[31.76338,52.10107],[31.57373,52.10811],[31.346,52.10537],[31.21797,52.05024],[31.16846,52.06294],[31.0793,52.07695],[30.98066,52.04619],[30.8457,51.95308],[30.75527,51.89517],[30.66729,51.81411],[30.63945,51.77007],[30.58389,51.68897],[30.53301,51.59634],[30.56074,51.53149],[30.60234,51.47124],[30.61172,51.40635],[30.63252,51.35542],[30.57695,51.31836],[30.54453,51.26504],[30.44951,51.27432],[30.3334,51.32554],[30.30898,51.39961],[30.21953,51.45122],[30.16074,51.47788],[30.06377,51.48203],[29.90879,51.45801],[29.70606,51.43955],[29.55313,51.43457],[29.46963,51.40835],[29.34648,51.38257],[29.29883,51.41304],[29.23047,51.49702],[29.17422,51.58062],[29.13565,51.61729],[29.10205,51.62754],[29.06074,51.62544],[29.01309,51.59893],[28.97773,51.57178],[28.92754,51.56216],[28.84951,51.54019],[28.79326,51.51035],[28.73125,51.4334],[28.69023,51.43887],[28.64775,51.45654],[28.59902,51.54263],[28.53203,51.56245],[28.42461,51.56362],[28.2916,51.58184],[28.18379,51.60786],[28.14443,51.60166],[28.08027,51.56504],[28.01074,51.55977],[27.85859,51.59238],[27.82881,51.57744],[27.78887,51.52915],[27.74131,51.48257],[27.7,51.47798],[27.67676,51.48994],[27.68975,51.57241],[27.60137,51.60161],[27.45234,51.6061],[27.34766,51.59414],[27.29629,51.59741],[27.27012,51.61357],[27.14199,51.75205],[27.07412,51.76084],[26.95283,51.754],[26.77344,51.7707],[26.5669,51.8019],[26.45342,51.81343],[26.39434,51.84443],[26.26709,51.85503],[25.92529,51.91353],[25.78574,51.92383],[25.58027,51.92476],[25.26719,51.93774],[25.0667,51.93052],[24.97383,51.91113],[24.86641,51.89912],[24.68516,51.88828],[24.61133,51.8895],[24.49522,51.88306],[24.36191,51.86753],[24.32373,51.83843],[24.28008,51.77471],[24.12686,51.66465],[23.97832,51.59131],[23.95117,51.58506],[23.86426,51.62398],[23.7917,51.63711],[23.70684,51.64131],[23.64668,51.62886],[23.60859,51.6105],[23.61377,51.52539],[23.60527,51.51792],[23.53965,51.6189],[23.54482,51.71025],[23.58135,51.7624],[23.62568,51.80933],[23.60742,51.87979],[23.65107,51.973],[23.65244,52.04038],[23.6333,52.06958],[23.59795,52.10308],[23.50117,52.14038],[23.4584,52.16953],[23.32715,52.20845],[23.19697,52.25693],[23.1751,52.28662],[23.18125,52.30698],[23.2041,52.33789],[23.30332,52.42837],[23.41094,52.51621],[23.47959,52.55156],[23.84473,52.66421],[23.90127,52.70361],[23.91543,52.77026],[23.91631,52.81875],[23.90938,52.90488],[23.88711,53.02754],[23.85918,53.11211],[23.78926,53.27095],[23.59893,53.59922],[23.48467,53.9398],[23.55908,53.91982],[23.73369,53.91226],[23.87256,53.93569],[23.94443,53.93897],[24.0085,53.93164],[24.10391,53.94502],[24.19131,53.95044],[24.23662,53.91997],[24.31797,53.89297],[24.47852,53.93184],[24.6207,53.97983],[24.76816,53.97466],[24.78926,53.99824],[24.82568,54.11899],[24.86953,54.14517],[25.04609,54.13306],[25.11143,54.15493],[25.17949,54.21426],[25.28369,54.25127],[25.37061,54.25122],[25.46113,54.29277],[25.50566,54.26494],[25.52734,54.21514],[25.49736,54.17524],[25.51035,54.15962],[25.57305,54.13989],[25.68057,54.14048],[25.74922,54.15698],[25.76523,54.17979],[25.76504,54.22119],[25.74815,54.25967],[25.70254,54.29297],[25.6169,54.31011],[25.55752,54.31069],[25.54736,54.33184],[25.56758,54.37705],[25.62031,54.4604],[25.68516,54.53579],[25.72481,54.56426],[25.73164,54.59038],[25.72393,54.63604],[25.72246,54.71787],[25.78086,54.83325],[25.85928,54.91929],[25.96445,54.94717],[26.09297,54.96231],[26.1752,55.00327],[26.21582,55.05039],[26.23125,55.09014],[26.25078,55.12451],[26.2918,55.1396],[26.60117,55.13018],[26.64844,55.2042],[26.675,55.2249],[26.73438,55.24678],[26.77568,55.2731],[26.76016,55.29336],[26.68125,55.30645],[26.49531,55.31802],[26.45762,55.34248],[26.46953,55.37192],[26.51924,55.44815],[26.5666,55.54648],[26.59082,55.62266],[26.59356,55.66753],[26.62022,55.67964],[26.77188,55.69399],[26.82246,55.70923],[26.95303,55.81294],[27.05254,55.83057],[27.30918,55.80391],[27.42715,55.80596],[27.45918,55.80352],[27.57676,55.79878],[27.58945,55.80918],[27.64229,55.91172],[27.69424,55.94155],[27.89629,56.07617],[28.03203,56.1333],[28.11787,56.1458],[28.14795,56.14292],[28.28428,56.05591],[28.31631,56.05254],[28.39209,56.08672],[28.40703,56.08901],[28.56397,56.09199],[28.63691,56.06177],[28.69082,56.00264],[28.74082,55.95537],[28.79473,55.94258],[28.94746,56.0021],[29.03174,56.02178],[29.0874,56.02114],[29.28301,55.96787],[29.375,55.93872],[29.39609,55.91221],[29.39795,55.88106],[29.37315,55.83472],[29.35342,55.78438],[29.41299,55.72485],[29.48223,55.68457],[29.63008,55.75117],[29.68457,55.76973],[29.74414,55.77041],[29.82393,55.79512],[29.88164,55.83232],[29.93701,55.84526],[30.04268,55.83643],[30.23359,55.84522],[30.45625,55.78682],[30.47539,55.7688],[30.58672,55.70029],[30.62559,55.66626],[30.66231,55.65547],[30.72168,55.62212],[30.80078,55.60112],[30.85596,55.60752],[30.88223,55.59639],[30.90684,55.57002],[30.90879,55.52534],[30.90059,55.39741],[30.86182,55.3604],[30.821,55.33027],[30.81055,55.30698],[30.81445,55.27871],[30.87744,55.22344],[30.95889,55.1376],[30.97773,55.08779],[30.97773,55.05049],[30.8668,54.94072],[30.82988,54.91499],[30.80449,54.86094],[30.79102,54.80601],[30.79883,54.78325],[30.98418,54.6959],[31.12129,54.64849],[31.15215,54.62534],[31.15488,54.61094],[31.08193,54.51709],[31.07481,54.4918],[31.18477,54.45298],[31.24551,54.39165],[31.29912,54.2917],[31.40361,54.19595],[31.62842,54.11118],[31.79199,54.05591],[31.82598,54.03071],[31.83779,54.00078],[31.82529,53.93501],[31.78301,53.85498],[31.7542,53.81045],[31.8208,53.79194],[31.99219,53.79688],[32.20039,53.78125],[32.4502,53.69292],[32.45098,53.65332],[32.4252,53.61729],[32.44238,53.57925],[32.46963,53.54697],[32.68574,53.44815],[32.70645,53.41943],[32.71025,53.37144],[32.7043,53.33633],[32.64443,53.32891],[32.57803,53.3124],[32.46934,53.27031],[32.42627,53.2106],[32.25068,53.12837],[32.14199,53.09116],[32.05547,53.08945],[31.84971,53.1062],[31.77744,53.14688],[31.74746,53.18418],[31.66826,53.20093],[31.56299,53.20249],[31.41787,53.19605],[31.38838,53.18481],[31.36455,53.13897],[31.30293,53.06089],[31.25879,53.0167],[31.29512,52.9898],[31.35303,52.93345],[31.44277,52.86182],[31.53516,52.79824],[31.56484,52.75923],[31.56348,52.73145],[31.51943,52.69873],[31.52617,52.63301],[31.61592,52.54619],[31.58555,52.53247],[31.57656,52.42603],[31.57734,52.31231],[31.60156,52.28481],[31.6499,52.26221],[31.69063,52.22065],[31.75859,52.12583],[31.76338,52.10107]]]}},{"type":"Feature","id":"country-aut","properties":{"id":"country-aut","slug":"austria","name":"Austria","localName":"Austria","aliases":["Austria"],"kind":"country","boundaryStatus":"reference","parentId":null,"population":8877067,"areaKm2":84098.5,"density":105.6,"referenceYear":2019,"sourceId":"natural-earth","bbox":[9.52402,46.39971,17.14736,49.00112],"center":[13.33569,47.700415]},"geometry":{"type":"Polygon","coordinates":[[[9.52754,47.27075],[9.60908,47.3918],[9.62588,47.46704],[9.5544,47.51113],[9.52402,47.52422],[9.54893,47.53403],[9.65059,47.52588],[9.71514,47.55078],[9.74893,47.57554],[9.83916,47.5523],[9.97158,47.50532],[10.03408,47.47358],[10.05986,47.44907],[10.07422,47.42852],[10.06631,47.39336],[10.09648,47.37959],[10.15879,47.37427],[10.20029,47.36343],[10.18574,47.31719],[10.18301,47.27881],[10.24063,47.28413],[10.31279,47.31343],[10.36914,47.36606],[10.40391,47.41699],[10.43037,47.54106],[10.43945,47.55156],[10.48281,47.5418],[10.65869,47.54722],[10.7416,47.52412],[10.87305,47.52022],[10.87061,47.50078],[10.89395,47.47046],[10.95215,47.42671],[10.98086,47.39815],[11.04199,47.39312],[11.13604,47.40889],[11.19121,47.4252],[11.21191,47.41362],[11.29795,47.4249],[11.37412,47.46025],[11.39297,47.48716],[11.46992,47.5061],[11.57393,47.54976],[11.7168,47.5835],[12.18565,47.61953],[12.20381,47.64673],[12.19688,47.70908],[12.20928,47.71826],[12.26836,47.70273],[12.36318,47.68818],[12.43574,47.66611],[12.48291,47.63731],[12.52656,47.63613],[12.59424,47.6563],[12.68584,47.66934],[12.77139,47.6394],[12.79619,47.60703],[12.78115,47.59043],[12.78281,47.56416],[12.80938,47.54219],[12.87891,47.50645],[12.96807,47.47568],[13.01436,47.47808],[13.03154,47.50801],[13.04795,47.57915],[13.0541,47.65513],[13.03359,47.69873],[12.98555,47.70942],[12.92813,47.71284],[12.89766,47.72188],[12.9083,47.7458],[12.9542,47.80776],[12.95352,47.89063],[12.8499,47.98481],[12.76006,48.07598],[12.76035,48.10698],[12.81426,48.16084],[12.89746,48.20371],[13.08213,48.2751],[13.14043,48.28994],[13.21523,48.3019],[13.32285,48.33125],[13.37461,48.36138],[13.40938,48.39414],[13.45986,48.56455],[13.47168,48.57183],[13.48662,48.58184],[13.6752,48.52305],[13.69219,48.53276],[13.72393,48.54238],[13.78535,48.58745],[13.79883,48.62168],[13.79746,48.68643],[13.80293,48.74751],[13.81475,48.76694],[13.84316,48.75986],[13.92432,48.72803],[13.98877,48.69243],[14.04912,48.60249],[14.18984,48.57856],[14.36758,48.57622],[14.43106,48.61626],[14.48867,48.62554],[14.55391,48.61333],[14.69131,48.59922],[14.70664,48.67192],[14.78594,48.74736],[14.82188,48.77402],[14.92256,48.77139],[14.94736,48.82773],[14.97217,48.98394],[14.99346,49.00112],[15.0668,48.99785],[15.13975,48.96934],[15.16172,48.94629],[15.19961,48.94815],[15.25273,48.96387],[15.31094,48.97402],[15.40293,48.95737],[15.59941,48.88638],[15.70078,48.86045],[15.76504,48.86543],[15.8252,48.86445],[16.05723,48.75479],[16.21934,48.7394],[16.36729,48.73897],[16.41484,48.77207],[16.47793,48.8001],[16.54356,48.79624],[16.60098,48.78189],[16.7127,48.73423],[16.76445,48.72202],[16.8332,48.71431],[16.88369,48.70371],[16.92832,48.6209],[16.95313,48.59883],[16.94883,48.58857],[16.94336,48.55093],[16.90449,48.50352],[16.86269,48.44141],[16.86543,48.38691],[16.97266,48.1981],[17.06787,48.08325],[17.08594,48.03955],[17.14736,48.00596],[17.08906,47.96362],[17.07773,47.90088],[17.03994,47.87295],[17.03008,47.83711],[17.0459,47.80454],[17.0456,47.76377],[17.0666,47.70757],[16.97344,47.69531],[16.86269,47.69727],[16.82305,47.69399],[16.78594,47.67866],[16.74756,47.68628],[16.64746,47.73901],[16.59092,47.75054],[16.55098,47.74736],[16.52109,47.72446],[16.46963,47.69507],[16.42129,47.67446],[16.43213,47.6563],[16.63975,47.60889],[16.67656,47.53604],[16.63662,47.47661],[16.62305,47.44756],[16.57441,47.42466],[16.51475,47.40454],[16.44287,47.39951],[16.43438,47.36743],[16.4626,47.27315],[16.43975,47.25273],[16.4169,47.22344],[16.43838,47.1459],[16.48281,47.14038],[16.49268,47.12266],[16.48477,47.09126],[16.47695,47.05786],[16.46123,47.02246],[16.45342,47.00679],[16.42393,46.99697],[16.33184,47.0022],[16.25254,46.97192],[16.09307,46.86328],[16.03721,46.84482],[15.97686,46.80137],[15.98047,46.70586],[15.97227,46.69722],[15.95762,46.67764],[15.7669,46.71128],[15.76025,46.71074],[15.63262,46.69844],[15.54531,46.65464],[15.43926,46.62964],[15.21699,46.64297],[15.00068,46.62598],[14.94941,46.61323],[14.89326,46.60591],[14.84063,46.58047],[14.81055,46.54458],[14.75674,46.49912],[14.68018,46.46343],[14.59697,46.43608],[14.57715,46.41294],[14.54981,46.39971],[14.50352,46.41704],[14.46592,46.41611],[14.41992,46.42793],[14.26729,46.44072],[14.09951,46.46191],[14.01963,46.48218],[13.92881,46.49819],[13.83135,46.51123],[13.74395,46.51431],[13.7,46.52026],[13.49004,46.55557],[13.35156,46.55791],[13.16875,46.57266],[12.80557,46.62588],[12.69981,46.64746],[12.59863,46.6541],[12.4792,46.67251],[12.38828,46.70264],[12.33008,46.75981],[12.26797,46.83589],[12.1541,46.93525],[12.13076,46.98477],[12.16553,47.02817],[12.20127,47.06089],[12.19717,47.075],[12.16943,47.08213],[11.96953,47.0397],[11.77568,46.98608],[11.69941,46.98467],[11.62549,46.99658],[11.52754,46.99741],[11.4332,46.98306],[11.24443,46.97568],[11.13389,46.93618],[11.06348,46.85913],[11.0251,46.79697],[10.99326,46.777],[10.92734,46.76948],[10.82891,46.77524],[10.75977,46.79331],[10.68926,46.84639],[10.57979,46.85371],[10.4794,46.85513],[10.45283,46.86494],[10.45459,46.89941],[10.41494,46.9644],[10.34941,46.98477],[10.17979,46.86235],[10.1335,46.85151],[9.99687,46.88535],[9.87773,46.9377],[9.86465,46.97598],[9.84531,47.00737],[9.74502,47.03711],[9.61992,47.05747],[9.58027,47.05737],[9.5957,47.07583],[9.61055,47.10713],[9.60117,47.13208],[9.57188,47.15791],[9.55576,47.1855],[9.55107,47.21226],[9.54219,47.23413],[9.53682,47.25464],[9.52754,47.27075]]]}},{"type":"Feature","id":"country-and","properties":{"id":"country-and","slug":"andorra","name":"Andorra","localName":"Andorra","aliases":["Andorra"],"kind":"country","boundaryStatus":"reference","parentId":null,"population":77142,"areaKm2":442.8,"density":174.2,"referenceYear":2019,"sourceId":"natural-earth","bbox":[1.41484,42.43447,1.74023,42.64273],"center":[1.5775350000000001,42.5386]},"geometry":{"type":"Polygon","coordinates":[[[1.70606,42.50332],[1.67852,42.49668],[1.58643,42.45596],[1.53408,42.4417],[1.48623,42.43447],[1.44883,42.43745],[1.42813,42.46133],[1.43027,42.49785],[1.42197,42.53081],[1.41484,42.54839],[1.42832,42.5959],[1.45889,42.62168],[1.50137,42.64273],[1.56816,42.63501],[1.70986,42.60444],[1.73945,42.57593],[1.74023,42.55674],[1.71397,42.52564],[1.70606,42.50332]]]}},{"type":"Feature","id":"country-alb","properties":{"id":"country-alb","slug":"albania","name":"Albania","localName":"Albania","aliases":["Albania"],"kind":"country","boundaryStatus":"reference","parentId":null,"population":2854191,"areaKm2":28399.1,"density":100.5,"referenceYear":2019,"sourceId":"natural-earth","bbox":[19.28066,39.65352,21.03106,42.64795],"center":[20.15586,41.150735]},"geometry":{"type":"Polygon","coordinates":[[[19.34238,41.86909],[19.34551,41.91885],[19.36113,41.99775],[19.35215,42.02402],[19.36143,42.06909],[19.33086,42.1293],[19.28066,42.17256],[19.329,42.24927],[19.39961,42.3419],[19.46514,42.41538],[19.54453,42.49194],[19.59746,42.56543],[19.65449,42.62856],[19.70342,42.64795],[19.72783,42.63452],[19.74072,42.60693],[19.73779,42.52515],[19.75449,42.49692],[19.78828,42.47617],[19.85977,42.48633],[19.93906,42.50669],[20.0457,42.5499],[20.06397,42.54727],[20.10352,42.52466],[20.18574,42.42588],[20.24053,42.33897],[20.34824,42.30879],[20.4083,42.27495],[20.48545,42.22339],[20.52285,42.17148],[20.57539,42.01309],[20.58144,41.91743],[20.56621,41.87368],[20.55313,41.86235],[20.50518,41.70649],[20.5166,41.62705],[20.51621,41.57476],[20.47559,41.5541],[20.44863,41.52129],[20.49238,41.39141],[20.48701,41.33608],[20.48897,41.27261],[20.56787,41.12783],[20.61445,41.08306],[20.65605,41.06167],[20.70928,40.92837],[20.74082,40.90527],[20.87022,40.91792],[20.9335,40.90313],[20.95859,40.87153],[20.96426,40.8499],[20.95576,40.77529],[20.98789,40.71777],[21.03106,40.65864],[21.03086,40.62246],[21.00195,40.56338],[20.9502,40.49439],[20.88164,40.46792],[20.80606,40.44546],[20.77002,40.3919],[20.75166,40.33491],[20.71787,40.29268],[20.69697,40.24639],[20.66494,40.15176],[20.65742,40.11738],[20.60625,40.08267],[20.52705,40.06851],[20.45606,40.06558],[20.40801,40.04946],[20.38369,40.01719],[20.33848,39.99106],[20.31113,39.97944],[20.31133,39.95078],[20.34424,39.89063],[20.38164,39.8418],[20.38242,39.80264],[20.36406,39.79175],[20.30615,39.79668],[20.29385,39.78223],[20.2876,39.73857],[20.27207,39.70117],[20.24824,39.67837],[20.20684,39.65352],[20.13106,39.66162],[20.05977,39.69912],[20.02256,39.71069],[20.00127,39.70942],[19.99561,39.80103],[19.96484,39.87227],[19.85186,40.04356],[19.48457,40.20996],[19.39815,40.28486],[19.36016,40.34771],[19.32227,40.40708],[19.35859,40.40874],[19.39453,40.3937],[19.44053,40.37568],[19.45918,40.40537],[19.43926,40.47026],[19.34463,40.62207],[19.3375,40.66382],[19.38389,40.79072],[19.46123,40.9333],[19.45606,41.10606],[19.48008,41.23638],[19.45342,41.321],[19.44063,41.42476],[19.49736,41.5627],[19.5458,41.59683],[19.57568,41.64043],[19.57754,41.7875],[19.46826,41.85615],[19.34238,41.86909]]]}}]}
