{"type":"FeatureCollection","features":[{"type":"Feature","id":"country-vat","properties":{"id":"country-vat","slug":"ciudad-del-vaticano","name":"Ciudad del Vaticano","localName":"Vatican","aliases":["Vatican"],"kind":"country","boundaryStatus":"reference","parentId":null,"population":825,"areaKm2":0.7,"density":1178.6,"referenceYear":2019,"sourceId":"natural-earth","bbox":[12.42754,41.89756,12.43916,41.9062],"center":[12.43335,41.90188]},"geometry":{"type":"Point","coordinates":[12.43335,41.90188]}},{"type":"Feature","id":"country-jey","properties":{"id":"country-jey","slug":"jersey","name":"Jersey","localName":"Jersey","aliases":["Jersey"],"kind":"country","boundaryStatus":"reference","parentId":null,"population":107800,"areaKm2":126.6,"density":851.5,"referenceYear":2019,"sourceId":"natural-earth","bbox":[-2.23584,49.16982,-2.00991,49.26636],"center":[-2.122875,49.218090000000004]},"geometry":{"type":"Point","coordinates":[-2.122875,49.218090000000004]}},{"type":"Feature","id":"country-ggy","properties":{"id":"country-ggy","slug":"guernsey","name":"Guernsey","localName":"Guernsey","aliases":["Guernsey"],"kind":"country","boundaryStatus":"reference","parentId":null,"population":62792,"areaKm2":48.2,"density":1302.7,"referenceYear":2019,"sourceId":"natural-earth","bbox":[-2.64614,49.42871,-2.5123,49.50659],"center":[-2.5792200000000003,49.467650000000006]},"geometry":{"type":"Point","coordinates":[-2.5792200000000003,49.467650000000006]}},{"type":"Feature","id":"country-imn","properties":{"id":"country-imn","slug":"isla-de-man","name":"Isla de Man","localName":"Isle of Man","aliases":["Isle of Man"],"kind":"country","boundaryStatus":"reference","parentId":null,"population":84584,"areaKm2":558.6,"density":151.4,"referenceYear":2019,"sourceId":"natural-earth","bbox":[-4.78535,54.05869,-4.33799,54.40718],"center":[-4.5616699999999994,54.232935]},"geometry":{"type":"Point","coordinates":[-4.5616699999999994,54.232935]}},{"type":"Feature","id":"country-gbr","properties":{"id":"country-gbr","slug":"reino-unido","name":"Reino Unido","localName":"United Kingdom","aliases":["United Kingdom"],"kind":"country","boundaryStatus":"reference","parentId":null,"population":66834405,"areaKm2":240147.1,"density":278.3,"referenceYear":2019,"sourceId":"natural-earth","bbox":[-8.14482,50.02139,1.74658,60.83189],"center":[-3.1991199999999997,55.42664]},"geometry":{"type":"Point","coordinates":[-3.1991199999999997,55.42664]}},{"type":"Feature","id":"country-ukr","properties":{"id":"country-ukr","slug":"ucrania","name":"Ucrania","localName":"Ukraine","aliases":["Ukraine"],"kind":"country","boundaryStatus":"reference","parentId":null,"population":44385155,"areaKm2":571433.1,"density":77.7,"referenceYear":2019,"sourceId":"natural-earth","bbox":[22.13184,45.23413,40.12832,52.35356],"center":[31.13008,48.793845000000005]},"geometry":{"type":"Point","coordinates":[31.13008,48.793845000000005]}},{"type":"Feature","id":"country-che","properties":{"id":"country-che","slug":"suiza","name":"Suiza","localName":"Switzerland","aliases":["Switzerland"],"kind":"country","boundaryStatus":"reference","parentId":null,"population":8574832,"areaKm2":41299.3,"density":207.6,"referenceYear":2019,"sourceId":"natural-earth","bbox":[5.97002,45.83003,10.45459,47.77564],"center":[8.212305,46.802835]},"geometry":{"type":"Point","coordinates":[8.212305,46.802835]}},{"type":"Feature","id":"country-swe","properties":{"id":"country-swe","slug":"suecia","name":"Suecia","localName":"Sweden","aliases":["Sweden"],"kind":"country","boundaryStatus":"reference","parentId":null,"population":10285453,"areaKm2":443969.3,"density":23.2,"referenceYear":2019,"sourceId":"natural-earth","bbox":[11.14717,55.34639,24.15547,69.03687],"center":[17.65132,62.191629999999996]},"geometry":{"type":"Point","coordinates":[17.65132,62.191629999999996]}},{"type":"Feature","id":"country-esp","properties":{"id":"country-esp","slug":"espana","name":"España","localName":"Spain","aliases":["Spain"],"kind":"country","boundaryStatus":"reference","parentId":null,"population":47076781,"areaKm2":507307.6,"density":92.8,"referenceYear":2019,"sourceId":"natural-earth","bbox":[-18.16055,27.64639,4.32207,43.76455],"center":[-6.91924,35.70547]},"geometry":{"type":"Point","coordinates":[-6.91924,35.70547]}},{"type":"Feature","id":"country-svk","properties":{"id":"country-svk","slug":"eslovaquia","name":"Eslovaquia","localName":"Slovakia","aliases":["Slovakia"],"kind":"country","boundaryStatus":"reference","parentId":null,"population":5454073,"areaKm2":48447.9,"density":112.6,"referenceYear":2019,"sourceId":"natural-earth","bbox":[16.86269,47.76343,22.53867,49.59771],"center":[19.70068,48.68057]},"geometry":{"type":"Point","coordinates":[19.70068,48.68057]}},{"type":"Feature","id":"country-svn","properties":{"id":"country-svn","slug":"eslovenia","name":"Eslovenia","localName":"Slovenia","aliases":["Slovenia"],"kind":"country","boundaryStatus":"reference","parentId":null,"population":2087946,"areaKm2":20239.5,"density":103.2,"referenceYear":2019,"sourceId":"natural-earth","bbox":[13.37822,45.42837,16.51621,46.86328],"center":[14.947215,46.145825]},"geometry":{"type":"Point","coordinates":[14.947215,46.145825]}},{"type":"Feature","id":"country-srb","properties":{"id":"country-srb","slug":"serbia","name":"Serbia","localName":"Serbia","aliases":["Republic of Serbia"],"kind":"country","boundaryStatus":"reference","parentId":null,"population":6944975,"areaKm2":77663.6,"density":89.4,"referenceYear":2019,"sourceId":"natural-earth","bbox":[18.83906,42.24214,22.97686,46.16919],"center":[20.90796,44.205664999999996]},"geometry":{"type":"Point","coordinates":[20.90796,44.205664999999996]}},{"type":"Feature","id":"country-smr","properties":{"id":"country-smr","slug":"san-marino","name":"San Marino","localName":"San Marino","aliases":["San Marino"],"kind":"country","boundaryStatus":"reference","parentId":null,"population":33860,"areaKm2":68.4,"density":495,"referenceYear":2019,"sourceId":"natural-earth","bbox":[12.39688,43.89409,12.51465,43.98975],"center":[12.455765,43.941919999999996]},"geometry":{"type":"Point","coordinates":[12.455765,43.941919999999996]}},{"type":"Feature","id":"country-rus","properties":{"id":"country-rus","slug":"rusia","name":"Rusia","localName":"Russia","aliases":["Russia"],"kind":"country","boundaryStatus":"reference","parentId":null,"population":144373535,"areaKm2":16917468,"density":8.5,"referenceYear":2019,"sourceId":"natural-earth","bbox":[-180,41.19927,180,81.8542],"center":[0,61.526735]},"geometry":{"type":"Point","coordinates":[0,61.526735]}},{"type":"Feature","id":"country-rou","properties":{"id":"country-rou","slug":"rumania","name":"Rumania","localName":"Romania","aliases":["Romania"],"kind":"country","boundaryStatus":"reference","parentId":null,"population":19356544,"areaKm2":236299.7,"density":81.9,"referenceYear":2019,"sourceId":"natural-earth","bbox":[20.2418,43.6708,29.70586,48.26348],"center":[24.97383,45.96714]},"geometry":{"type":"Point","coordinates":[24.97383,45.96714]}},{"type":"Feature","id":"country-prt","properties":{"id":"country-prt","slug":"portugal","name":"Portugal","localName":"Portugal","aliases":["Portugal"],"kind":"country","boundaryStatus":"reference","parentId":null,"population":10269417,"areaKm2":90960.9,"density":112.9,"referenceYear":2019,"sourceId":"natural-earth","bbox":[-31.28296,32.64829,-6.2125,42.1374],"center":[-18.74773,37.392845]},"geometry":{"type":"Point","coordinates":[-18.74773,37.392845]}},{"type":"Feature","id":"country-pol","properties":{"id":"country-pol","slug":"polonia","name":"Polonia","localName":"Poland","aliases":["Poland"],"kind":"country","boundaryStatus":"reference","parentId":null,"population":37970874,"areaKm2":313243.8,"density":121.2,"referenceYear":2019,"sourceId":"natural-earth","bbox":[14.12861,49.02075,24.10576,54.83818],"center":[19.117185,51.929465]},"geometry":{"type":"Point","coordinates":[19.117185,51.929465]}},{"type":"Feature","id":"country-nor","properties":{"id":"country-nor","slug":"noruega","name":"Noruega","localName":"Norway","aliases":["Norway"],"kind":"country","boundaryStatus":"reference","parentId":null,"population":5347896,"areaKm2":385110.9,"density":13.9,"referenceYear":2019,"sourceId":"natural-earth","bbox":[-9.09888,58.02095,33.6293,80.47783],"center":[12.26521,69.24939]},"geometry":{"type":"Point","coordinates":[12.26521,69.24939]}},{"type":"Feature","id":"country-nld","properties":{"id":"country-nld","slug":"paises-bajos","name":"Países Bajos","localName":"Netherlands","aliases":["Netherlands"],"kind":"country","boundaryStatus":"reference","parentId":null,"population":17332850,"areaKm2":37215.5,"density":465.7,"referenceYear":2019,"sourceId":"natural-earth","bbox":[-68.37109,12.03208,7.19727,53.62549],"center":[-30.586909999999996,32.828784999999996]},"geometry":{"type":"Point","coordinates":[-30.586909999999996,32.828784999999996]}},{"type":"Feature","id":"country-mne","properties":{"id":"country-mne","slug":"montenegro","name":"Montenegro","localName":"Montenegro","aliases":["Montenegro"],"kind":"country","boundaryStatus":"reference","parentId":null,"population":622137,"areaKm2":13697.5,"density":45.4,"referenceYear":2019,"sourceId":"natural-earth","bbox":[18.43633,41.86909,20.34766,43.54233],"center":[19.391995,42.705709999999996]},"geometry":{"type":"Point","coordinates":[19.391995,42.705709999999996]}},{"type":"Feature","id":"country-mda","properties":{"id":"country-mda","slug":"moldavia","name":"Moldavia","localName":"Moldova","aliases":["Moldova"],"kind":"country","boundaryStatus":"reference","parentId":null,"population":2657637,"areaKm2":33191,"density":80.1,"referenceYear":2019,"sourceId":"natural-earth","bbox":[26.61895,45.45044,30.13106,48.47773],"center":[28.375005,46.964085]},"geometry":{"type":"Point","coordinates":[28.375005,46.964085]}},{"type":"Feature","id":"country-mco","properties":{"id":"country-mco","slug":"monaco","name":"Mónaco","localName":"Monaco","aliases":["Monaco"],"kind":"country","boundaryStatus":"reference","parentId":null,"population":38964,"areaKm2":12.4,"density":3142.3,"referenceYear":2019,"sourceId":"natural-earth","bbox":[7.37773,43.73174,7.43867,43.7709],"center":[7.4082,43.75132]},"geometry":{"type":"Point","coordinates":[7.4082,43.75132]}},{"type":"Feature","id":"country-mlt","properties":{"id":"country-mlt","slug":"malta","name":"Malta","localName":"Malta","aliases":["Malta"],"kind":"country","boundaryStatus":"reference","parentId":null,"population":502653,"areaKm2":274.4,"density":1831.8,"referenceYear":2019,"sourceId":"natural-earth","bbox":[14.18037,35.82021,14.56621,36.07578],"center":[14.37329,35.947995000000006]},"geometry":{"type":"Point","coordinates":[14.37329,35.947995000000006]}},{"type":"Feature","id":"country-mkd","properties":{"id":"country-mkd","slug":"macedonia-del-norte","name":"Macedonia del Norte","localName":"North Macedonia","aliases":["North Macedonia"],"kind":"country","boundaryStatus":"reference","parentId":null,"population":2083459,"areaKm2":25420.9,"density":82,"referenceYear":2019,"sourceId":"natural-earth","bbox":[20.44863,40.8499,23.00566,42.35815],"center":[21.727145,41.604025]},"geometry":{"type":"Point","coordinates":[21.727145,41.604025]}},{"type":"Feature","id":"country-lux","properties":{"id":"country-lux","slug":"luxemburgo","name":"Luxemburgo","localName":"Luxembourg","aliases":["Luxembourg"],"kind":"country","boundaryStatus":"reference","parentId":null,"population":619896,"areaKm2":2617.7,"density":236.8,"referenceYear":2019,"sourceId":"natural-earth","bbox":[5.725,49.44546,6.49375,50.16719],"center":[6.109375,49.806325]},"geometry":{"type":"Point","coordinates":[6.109375,49.806325]}},{"type":"Feature","id":"country-ltu","properties":{"id":"country-ltu","slug":"lituania","name":"Lituania","localName":"Lithuania","aliases":["Lithuania"],"kind":"country","boundaryStatus":"reference","parentId":null,"population":2786844,"areaKm2":64662.6,"density":43.1,"referenceYear":2019,"sourceId":"natural-earth","bbox":[20.89981,53.89297,26.77568,56.41118],"center":[23.837744999999998,55.152074999999996]},"geometry":{"type":"Point","coordinates":[23.837744999999998,55.152074999999996]}},{"type":"Feature","id":"country-lie","properties":{"id":"country-lie","slug":"liechtenstein","name":"Liechtenstein","localName":"Liechtenstein","aliases":["Liechtenstein"],"kind":"country","boundaryStatus":"reference","parentId":null,"population":38019,"areaKm2":138.3,"density":274.9,"referenceYear":2019,"sourceId":"natural-earth","bbox":[9.47949,47.05737,9.61055,47.27075],"center":[9.545020000000001,47.16406]},"geometry":{"type":"Point","coordinates":[9.545020000000001,47.16406]}},{"type":"Feature","id":"country-lva","properties":{"id":"country-lva","slug":"letonia","name":"Letonia","localName":"Latvia","aliases":["Latvia"],"kind":"country","boundaryStatus":"reference","parentId":null,"population":1912789,"areaKm2":64403.7,"density":29.7,"referenceYear":2019,"sourceId":"natural-earth","bbox":[21.01494,55.66753,28.20205,58.06343],"center":[24.608494999999998,56.86548]},"geometry":{"type":"Point","coordinates":[24.608494999999998,56.86548]}},{"type":"Feature","id":"country-kos","properties":{"id":"country-kos","slug":"kosovo","name":"Kosovo","localName":"Kosovo","aliases":["Kosovo"],"kind":"country","boundaryStatus":"reference","parentId":null,"population":1794248,"areaKm2":10936.2,"density":164.1,"referenceYear":2019,"sourceId":"natural-earth","bbox":[20.02949,41.85381,21.75293,43.26108],"center":[20.89121,42.557445]},"geometry":{"type":"Point","coordinates":[20.89121,42.557445]}},{"type":"Feature","id":"country-ita","properties":{"id":"country-ita","slug":"italia","name":"Italia","localName":"Italy","aliases":["Italy"],"kind":"country","boundaryStatus":"reference","parentId":null,"population":60297396,"areaKm2":300959.9,"density":200.4,"referenceYear":2019,"sourceId":"natural-earth","bbox":[6.62773,36.68784,18.48584,47.08213],"center":[12.556785,41.884985]},"geometry":{"type":"Point","coordinates":[12.556785,41.884985]}},{"type":"Feature","id":"country-irl","properties":{"id":"country-irl","slug":"irlanda","name":"Irlanda","localName":"Ireland","aliases":["Ireland"],"kind":"country","boundaryStatus":"reference","parentId":null,"population":4941444,"areaKm2":68853.4,"density":71.8,"referenceYear":2019,"sourceId":"natural-earth","bbox":[-10.39023,51.47373,-6.02739,55.36582],"center":[-8.20881,53.419775]},"geometry":{"type":"Point","coordinates":[-8.20881,53.419775]}},{"type":"Feature","id":"country-isl","properties":{"id":"country-isl","slug":"islandia","name":"Islandia","localName":"Iceland","aliases":["Iceland"],"kind":"country","boundaryStatus":"reference","parentId":null,"population":361313,"areaKm2":101387.4,"density":3.6,"referenceYear":2019,"sourceId":"natural-earth","bbox":[-24.47568,63.40669,-13.5561,66.52607],"center":[-19.01589,64.96638]},"geometry":{"type":"Point","coordinates":[-19.01589,64.96638]}},{"type":"Feature","id":"country-hun","properties":{"id":"country-hun","slug":"hungria","name":"Hungría","localName":"Hungary","aliases":["Hungary"],"kind":"country","boundaryStatus":"reference","parentId":null,"population":9769949,"areaKm2":93167.1,"density":104.9,"referenceYear":2019,"sourceId":"natural-earth","bbox":[16.09307,45.75303,22.87666,48.55347],"center":[19.484865,47.15325]},"geometry":{"type":"Point","coordinates":[19.484865,47.15325]}},{"type":"Feature","id":"country-grc","properties":{"id":"country-grc","slug":"grecia","name":"Grecia","localName":"Greece","aliases":["Greece"],"kind":"country","boundaryStatus":"reference","parentId":null,"population":10716322,"areaKm2":130458.4,"density":82.1,"referenceYear":2019,"sourceId":"natural-earth","bbox":[19.64648,34.93447,28.23184,41.7438],"center":[23.93916,38.339135]},"geometry":{"type":"Point","coordinates":[23.93916,38.339135]}},{"type":"Feature","id":"country-deu","properties":{"id":"country-deu","slug":"alemania","name":"Alemania","localName":"Germany","aliases":["Germany"],"kind":"country","boundaryStatus":"reference","parentId":null,"population":83132799,"areaKm2":356960.9,"density":232.9,"referenceYear":2019,"sourceId":"natural-earth","bbox":[5.85752,47.27881,15.0166,55.05874],"center":[10.43706,51.168775]},"geometry":{"type":"Point","coordinates":[10.43706,51.168775]}},{"type":"Feature","id":"country-fra","properties":{"id":"country-fra","slug":"francia","name":"Francia","localName":"France","aliases":["France"],"kind":"country","boundaryStatus":"reference","parentId":null,"population":67059887,"areaKm2":636466.7,"density":105.4,"referenceYear":2019,"sourceId":"natural-earth","bbox":[-61.79409,-21.36904,55.83906,51.09712],"center":[-2.977514999999997,14.86404]},"geometry":{"type":"Point","coordinates":[-2.977514999999997,14.86404]}},{"type":"Feature","id":"country-ald","properties":{"id":"country-ald","slug":"aland","name":"Åland","localName":"Åland","aliases":["Aland"],"kind":"country","boundaryStatus":"reference","parentId":null,"population":29884,"areaKm2":761.6,"density":39.2,"referenceYear":2019,"sourceId":"natural-earth","bbox":[19.51904,60.01167,20.61133,60.40581],"center":[20.065185,60.208740000000006]},"geometry":{"type":"Point","coordinates":[20.065185,60.208740000000006]}},{"type":"Feature","id":"country-fin","properties":{"id":"country-fin","slug":"finlandia","name":"Finlandia","localName":"Finland","aliases":["Finland"],"kind":"country","boundaryStatus":"reference","parentId":null,"population":5520314,"areaKm2":331233.7,"density":16.7,"referenceYear":2019,"sourceId":"natural-earth","bbox":[20.62217,59.81602,31.53652,70.06484],"center":[26.079345,64.94043]},"geometry":{"type":"Point","coordinates":[26.079345,64.94043]}},{"type":"Feature","id":"country-est","properties":{"id":"country-est","slug":"estonia","name":"Estonia","localName":"Estonia","aliases":["Estonia"],"kind":"country","boundaryStatus":"reference","parentId":null,"population":1326590,"areaKm2":45554.2,"density":29.1,"referenceYear":2019,"sourceId":"natural-earth","bbox":[21.85449,57.52549,28.15107,59.63901],"center":[25.00278,58.58225]},"geometry":{"type":"Point","coordinates":[25.00278,58.58225]}},{"type":"Feature","id":"country-fro","properties":{"id":"country-fro","slug":"islas-feroe","name":"Islas Feroe","localName":"Faeroe Is.","aliases":["Faroe Islands"],"kind":"country","boundaryStatus":"reference","parentId":null,"population":48678,"areaKm2":1037.8,"density":46.9,"referenceYear":2019,"sourceId":"natural-earth","bbox":[-7.42261,61.41431,-6.40605,62.35566],"center":[-6.91433,61.884985]},"geometry":{"type":"Point","coordinates":[-6.91433,61.884985]}},{"type":"Feature","id":"country-dnk","properties":{"id":"country-dnk","slug":"dinamarca","name":"Dinamarca","localName":"Denmark","aliases":["Denmark"],"kind":"country","boundaryStatus":"reference","parentId":null,"population":5818553,"areaKm2":42512,"density":136.9,"referenceYear":2019,"sourceId":"natural-earth","bbox":[8.12148,54.62886,15.13711,57.73691],"center":[11.629294999999999,56.182885]},"geometry":{"type":"Point","coordinates":[11.629294999999999,56.182885]}},{"type":"Feature","id":"country-cze","properties":{"id":"country-cze","slug":"republica-checa","name":"República Checa","localName":"Czechia","aliases":["Czechia"],"kind":"country","boundaryStatus":"reference","parentId":null,"population":10669709,"areaKm2":78657.9,"density":135.6,"referenceYear":2019,"sourceId":"natural-earth","bbox":[12.08975,48.57622,18.83223,51.03779],"center":[15.460989999999999,49.807005000000004]},"geometry":{"type":"Point","coordinates":[15.460989999999999,49.807005000000004]}},{"type":"Feature","id":"country-hrv","properties":{"id":"country-hrv","slug":"croacia","name":"Croacia","localName":"Croatia","aliases":["Croatia"],"kind":"country","boundaryStatus":"reference","parentId":null,"population":4067500,"areaKm2":54543.4,"density":74.6,"referenceYear":2019,"sourceId":"natural-earth","bbox":[13.51719,42.43291,19.40098,46.53462],"center":[16.459085,44.483765]},"geometry":{"type":"Point","coordinates":[16.459085,44.483765]}},{"type":"Feature","id":"country-bgr","properties":{"id":"country-bgr","slug":"bulgaria","name":"Bulgaria","localName":"Bulgaria","aliases":["Bulgaria"],"kind":"country","boundaryStatus":"reference","parentId":null,"population":6975761,"areaKm2":112670.3,"density":61.9,"referenceYear":2019,"sourceId":"natural-earth","bbox":[22.34404,41.24356,28.58535,44.23779],"center":[25.464695,42.740674999999996]},"geometry":{"type":"Point","coordinates":[25.464695,42.740674999999996]}},{"type":"Feature","id":"country-bih","properties":{"id":"country-bih","slug":"bosnia-y-herzegovina","name":"Bosnia y Herzegovina","localName":"Bosnia and Herz.","aliases":["Bosnia and Herzegovina"],"kind":"country","boundaryStatus":"reference","parentId":null,"population":3301000,"areaKm2":51800.5,"density":63.7,"referenceYear":2019,"sourceId":"natural-earth","bbox":[15.73662,42.55972,19.58379,45.27656],"center":[17.660205,43.91814]},"geometry":{"type":"Point","coordinates":[17.660205,43.91814]}},{"type":"Feature","id":"country-bel","properties":{"id":"country-bel","slug":"belgica","name":"Bélgica","localName":"Belgium","aliases":["Belgium"],"kind":"country","boundaryStatus":"reference","parentId":null,"population":11484055,"areaKm2":30699.3,"density":374.1,"referenceYear":2019,"sourceId":"natural-earth","bbox":[2.5249,49.51089,6.36445,51.49111],"center":[4.444675,50.501000000000005]},"geometry":{"type":"Point","coordinates":[4.444675,50.501000000000005]}},{"type":"Feature","id":"country-blr","properties":{"id":"country-blr","slug":"bielorrusia","name":"Bielorrusia","localName":"Belarus","aliases":["Belarus"],"kind":"country","boundaryStatus":"reference","parentId":null,"population":9466856,"areaKm2":207156.2,"density":45.7,"referenceYear":2019,"sourceId":"natural-earth","bbox":[23.1751,51.26504,32.71025,56.1458],"center":[27.942675,53.705420000000004]},"geometry":{"type":"Point","coordinates":[27.942675,53.705420000000004]}},{"type":"Feature","id":"country-aut","properties":{"id":"country-aut","slug":"austria","name":"Austria","localName":"Austria","aliases":["Austria"],"kind":"country","boundaryStatus":"reference","parentId":null,"population":8877067,"areaKm2":84098.5,"density":105.6,"referenceYear":2019,"sourceId":"natural-earth","bbox":[9.52402,46.39971,17.14736,49.00112],"center":[13.33569,47.700415]},"geometry":{"type":"Point","coordinates":[13.33569,47.700415]}},{"type":"Feature","id":"country-and","properties":{"id":"country-and","slug":"andorra","name":"Andorra","localName":"Andorra","aliases":["Andorra"],"kind":"country","boundaryStatus":"reference","parentId":null,"population":77142,"areaKm2":442.8,"density":174.2,"referenceYear":2019,"sourceId":"natural-earth","bbox":[1.41484,42.43447,1.74023,42.64273],"center":[1.5775350000000001,42.5386]},"geometry":{"type":"Point","coordinates":[1.5775350000000001,42.5386]}},{"type":"Feature","id":"country-alb","properties":{"id":"country-alb","slug":"albania","name":"Albania","localName":"Albania","aliases":["Albania"],"kind":"country","boundaryStatus":"reference","parentId":null,"population":2854191,"areaKm2":28399.1,"density":100.5,"referenceYear":2019,"sourceId":"natural-earth","bbox":[19.28066,39.65352,21.03106,42.64795],"center":[20.15586,41.150735]},"geometry":{"type":"Point","coordinates":[20.15586,41.150735]}},{"type":"Feature","id":"es-ccaa-01","properties":{"id":"es-ccaa-01","slug":"andalucia","name":"Andalucía","localName":"Andalucía","aliases":[],"kind":"autonomous-community","boundaryStatus":"official","parentId":"country-esp","population":null,"areaKm2":87786.6,"density":null,"referenceYear":null,"sourceId":"ign-administrative-units","bbox":[-7.52305,35.93765,-1.63012,38.72867],"center":[-4.576585,37.33316]},"geometry":{"type":"Point","coordinates":[-4.576585,37.33316]}},{"type":"Feature","id":"es-ccaa-02","properties":{"id":"es-ccaa-02","slug":"aragon","name":"Aragón","localName":"Aragón","aliases":[],"kind":"autonomous-community","boundaryStatus":"official","parentId":"country-esp","population":null,"areaKm2":47778.9,"density":null,"referenceYear":null,"sourceId":"ign-administrative-units","bbox":[-2.17367,39.84741,0.77131,42.92439],"center":[-0.7011799999999999,41.38590000000001]},"geometry":{"type":"Point","coordinates":[-0.7011799999999999,41.38590000000001]}},{"type":"Feature","id":"es-as","properties":{"id":"es-as","slug":"asturias","name":"Asturias","localName":"Asturies","aliases":["Principado de Asturias","Principáu d’Asturies"],"kind":"autonomous-community","boundaryStatus":"official","parentId":"country-esp","population":null,"areaKm2":10609.6,"density":null,"referenceYear":null,"sourceId":"ign-administrative-units","bbox":[-7.18249,42.88254,-4.51045,43.66653],"center":[-5.84647,43.274535]},"geometry":{"type":"Point","coordinates":[-5.84647,43.274535]}},{"type":"Feature","id":"es-ccaa-04","properties":{"id":"es-ccaa-04","slug":"illes-balears","name":"Illes Balears","localName":"Illes Balears","aliases":[],"kind":"autonomous-community","boundaryStatus":"official","parentId":"country-esp","population":null,"areaKm2":4997.2,"density":null,"referenceYear":null,"sourceId":"ign-administrative-units","bbox":[1.15724,38.64094,4.32778,40.09457],"center":[2.74251,39.367755]},"geometry":{"type":"Point","coordinates":[2.74251,39.367755]}},{"type":"Feature","id":"es-ccaa-05","properties":{"id":"es-ccaa-05","slug":"canarias","name":"Canarias","localName":"Canarias","aliases":[],"kind":"autonomous-community","boundaryStatus":"official","parentId":"country-esp","population":null,"areaKm2":7473.2,"density":null,"referenceYear":null,"sourceId":"ign-administrative-units","bbox":[-18.16118,27.63888,-13.33496,29.41645],"center":[-15.748070000000002,28.527665]},"geometry":{"type":"Point","coordinates":[-15.748070000000002,28.527665]}},{"type":"Feature","id":"es-ccaa-06","properties":{"id":"es-ccaa-06","slug":"cantabria","name":"Cantabria","localName":"Cantabria","aliases":[],"kind":"autonomous-community","boundaryStatus":"official","parentId":"country-esp","population":null,"areaKm2":5332.3,"density":null,"referenceYear":null,"sourceId":"ign-administrative-units","bbox":[-4.85166,42.75808,-3.15076,43.51365],"center":[-4.00121,43.135864999999995]},"geometry":{"type":"Point","coordinates":[-4.00121,43.135864999999995]}},{"type":"Feature","id":"es-ccaa-07","properties":{"id":"es-ccaa-07","slug":"castilla-y-leon","name":"Castilla y León","localName":"Castilla y León","aliases":[],"kind":"autonomous-community","boundaryStatus":"official","parentId":"country-esp","population":null,"areaKm2":94292.2,"density":null,"referenceYear":null,"sourceId":"ign-administrative-units","bbox":[-7.07707,40.08212,-1.77537,43.23817],"center":[-4.42622,41.660145]},"geometry":{"type":"Point","coordinates":[-4.42622,41.660145]}},{"type":"Feature","id":"es-ccaa-08","properties":{"id":"es-ccaa-08","slug":"castilla-la-mancha","name":"Castilla-La Mancha","localName":"Castilla-La Mancha","aliases":[],"kind":"autonomous-community","boundaryStatus":"official","parentId":"country-esp","population":null,"areaKm2":79547.3,"density":null,"referenceYear":null,"sourceId":"ign-administrative-units","bbox":[-5.40611,38.02184,-0.91579,41.32524],"center":[-3.16095,39.67354]},"geometry":{"type":"Point","coordinates":[-3.16095,39.67354]}},{"type":"Feature","id":"es-ccaa-09","properties":{"id":"es-ccaa-09","slug":"cataluna-catalunya","name":"Cataluña/Catalunya","localName":"Cataluña/Catalunya","aliases":[],"kind":"autonomous-community","boundaryStatus":"official","parentId":"country-esp","population":null,"areaKm2":32142.7,"density":null,"referenceYear":null,"sourceId":"ign-administrative-units","bbox":[0.15907,40.52297,3.33255,42.86142],"center":[1.7458099999999999,41.692195]},"geometry":{"type":"Point","coordinates":[1.7458099999999999,41.692195]}},{"type":"Feature","id":"es-ccaa-10","properties":{"id":"es-ccaa-10","slug":"comunitat-valenciana","name":"Comunitat Valenciana","localName":"Comunitat Valenciana","aliases":[],"kind":"autonomous-community","boundaryStatus":"official","parentId":"country-esp","population":null,"areaKm2":23296.3,"density":null,"referenceYear":null,"sourceId":"ign-administrative-units","bbox":[-1.52873,37.84392,0.69031,40.78863],"center":[-0.41920999999999997,39.316275]},"geometry":{"type":"Point","coordinates":[-0.41920999999999997,39.316275]}},{"type":"Feature","id":"es-ccaa-11","properties":{"id":"es-ccaa-11","slug":"extremadura","name":"Extremadura","localName":"Extremadura","aliases":[],"kind":"autonomous-community","boundaryStatus":"official","parentId":"country-esp","population":null,"areaKm2":41690,"density":null,"referenceYear":null,"sourceId":"ign-administrative-units","bbox":[-7.54133,37.94103,-4.64897,40.48586],"center":[-6.09515,39.213445]},"geometry":{"type":"Point","coordinates":[-6.09515,39.213445]}},{"type":"Feature","id":"es-ccaa-12","properties":{"id":"es-ccaa-12","slug":"galicia","name":"Galicia","localName":"Galicia","aliases":[],"kind":"autonomous-community","boundaryStatus":"official","parentId":"country-esp","population":null,"areaKm2":29609,"density":null,"referenceYear":null,"sourceId":"ign-administrative-units","bbox":[-9.30152,41.80723,-6.73395,43.79238],"center":[-8.017735,42.799805]},"geometry":{"type":"Point","coordinates":[-8.017735,42.799805]}},{"type":"Feature","id":"es-ccaa-13","properties":{"id":"es-ccaa-13","slug":"comunidad-de-madrid","name":"Comunidad de Madrid","localName":"Comunidad de Madrid","aliases":[],"kind":"autonomous-community","boundaryStatus":"official","parentId":"country-esp","population":null,"areaKm2":8039.4,"density":null,"referenceYear":null,"sourceId":"ign-administrative-units","bbox":[-4.57908,39.88472,-3.05298,41.16584],"center":[-3.81603,40.52528]},"geometry":{"type":"Point","coordinates":[-3.81603,40.52528]}},{"type":"Feature","id":"es-ccaa-14","properties":{"id":"es-ccaa-14","slug":"region-de-murcia","name":"Región de Murcia","localName":"Región de Murcia","aliases":[],"kind":"autonomous-community","boundaryStatus":"official","parentId":"country-esp","population":null,"areaKm2":11334.8,"density":null,"referenceYear":null,"sourceId":"ign-administrative-units","bbox":[-2.34418,37.37375,-0.64798,38.75508],"center":[-1.49608,38.064415]},"geometry":{"type":"Point","coordinates":[-1.49608,38.064415]}},{"type":"Feature","id":"es-ccaa-15","properties":{"id":"es-ccaa-15","slug":"comunidad-foral-de-navarra","name":"Comunidad Foral de Navarra","localName":"Comunidad Foral de Navarra","aliases":[],"kind":"autonomous-community","boundaryStatus":"official","parentId":"country-esp","population":null,"areaKm2":10398.4,"density":null,"referenceYear":null,"sourceId":"ign-administrative-units","bbox":[-2.50008,41.90989,-0.72543,43.31484],"center":[-1.612755,42.612365]},"geometry":{"type":"Point","coordinates":[-1.612755,42.612365]}},{"type":"Feature","id":"es-ccaa-16","properties":{"id":"es-ccaa-16","slug":"pais-vasco-euskadi","name":"País Vasco/Euskadi","localName":"País Vasco/Euskadi","aliases":[],"kind":"autonomous-community","boundaryStatus":"official","parentId":"country-esp","population":null,"areaKm2":7238.7,"density":null,"referenceYear":null,"sourceId":"ign-administrative-units","bbox":[-3.45015,42.47284,-1.72937,43.45725],"center":[-2.58976,42.965045]},"geometry":{"type":"Point","coordinates":[-2.58976,42.965045]}},{"type":"Feature","id":"es-ccaa-17","properties":{"id":"es-ccaa-17","slug":"la-rioja","name":"La Rioja","localName":"La Rioja","aliases":[],"kind":"autonomous-community","boundaryStatus":"official","parentId":"country-esp","population":null,"areaKm2":5048.4,"density":null,"referenceYear":null,"sourceId":"ign-administrative-units","bbox":[-3.13427,41.92008,-1.67871,42.64426],"center":[-2.40649,42.28217]},"geometry":{"type":"Point","coordinates":[-2.40649,42.28217]}},{"type":"Feature","id":"es-ccaa-18","properties":{"id":"es-ccaa-18","slug":"ciudad-autonoma-de-ceuta","name":"Ciudad Autónoma de Ceuta","localName":"Ciudad Autónoma de Ceuta","aliases":[],"kind":"autonomous-community","boundaryStatus":"official","parentId":"country-esp","population":null,"areaKm2":19.9,"density":null,"referenceYear":null,"sourceId":"ign-administrative-units","bbox":[-5.38206,35.87074,-5.27829,35.91798],"center":[-5.3301750000000006,35.89436]},"geometry":{"type":"Point","coordinates":[-5.3301750000000006,35.89436]}},{"type":"Feature","id":"es-ccaa-19","properties":{"id":"es-ccaa-19","slug":"ciudad-autonoma-de-melilla","name":"Ciudad Autónoma de Melilla","localName":"Ciudad Autónoma de Melilla","aliases":[],"kind":"autonomous-community","boundaryStatus":"official","parentId":"country-esp","population":null,"areaKm2":13.7,"density":null,"referenceYear":null,"sourceId":"ign-administrative-units","bbox":[-2.9703,35.26549,-2.9232,35.3203],"center":[-2.9467499999999998,35.292895]},"geometry":{"type":"Point","coordinates":[-2.9467499999999998,35.292895]}},{"type":"Feature","id":"es-prov-01","properties":{"id":"es-prov-01","slug":"araba-alava","name":"Araba/Álava","localName":"Araba/Álava","aliases":[],"kind":"province","boundaryStatus":"official","parentId":"es-ccaa-16","population":null,"areaKm2":3038.9,"density":null,"referenceYear":null,"sourceId":"ign-administrative-units","bbox":[-3.28677,42.47284,-2.23269,43.21719],"center":[-2.7597300000000002,42.845015000000004]},"geometry":{"type":"Point","coordinates":[-2.7597300000000002,42.845015000000004]}},{"type":"Feature","id":"es-prov-02","properties":{"id":"es-prov-02","slug":"albacete","name":"Albacete","localName":"Albacete","aliases":[],"kind":"province","boundaryStatus":"official","parentId":"es-ccaa-08","population":null,"areaKm2":14953.4,"density":null,"referenceYear":null,"sourceId":"ign-administrative-units","bbox":[-2.88289,38.02269,-0.91579,39.42308],"center":[-1.89934,38.722885]},"geometry":{"type":"Point","coordinates":[-1.89934,38.722885]}},{"type":"Feature","id":"es-prov-03","properties":{"id":"es-prov-03","slug":"alacant-alicante","name":"Alacant/Alicante","localName":"Alacant/Alicante","aliases":[],"kind":"province","boundaryStatus":"official","parentId":"es-ccaa-10","population":null,"areaKm2":5827.7,"density":null,"referenceYear":null,"sourceId":"ign-administrative-units","bbox":[-1.09416,37.84386,0.23407,38.88739],"center":[-0.430045,38.365625]},"geometry":{"type":"Point","coordinates":[-0.430045,38.365625]}},{"type":"Feature","id":"es-prov-04","properties":{"id":"es-prov-04","slug":"almeria","name":"Almería","localName":"Almería","aliases":[],"kind":"province","boundaryStatus":"official","parentId":"es-ccaa-01","population":null,"areaKm2":8789.3,"density":null,"referenceYear":null,"sourceId":"ign-administrative-units","bbox":[-3.14019,35.93782,-1.63075,37.91625],"center":[-2.3854699999999998,36.927035000000004]},"geometry":{"type":"Point","coordinates":[-2.3854699999999998,36.927035000000004]}},{"type":"Feature","id":"es-prov-05","properties":{"id":"es-prov-05","slug":"avila","name":"Ávila","localName":"Ávila","aliases":[],"kind":"province","boundaryStatus":"official","parentId":"es-ccaa-07","population":null,"areaKm2":8057.2,"density":null,"referenceYear":null,"sourceId":"ign-administrative-units","bbox":[-5.73756,40.08193,-4.16023,41.16425],"center":[-4.948895,40.623090000000005]},"geometry":{"type":"Point","coordinates":[-4.948895,40.623090000000005]}},{"type":"Feature","id":"es-prov-06","properties":{"id":"es-prov-06","slug":"badajoz","name":"Badajoz","localName":"Badajoz","aliases":[],"kind":"province","boundaryStatus":"official","parentId":"es-ccaa-11","population":null,"areaKm2":21801,"density":null,"referenceYear":null,"sourceId":"ign-administrative-units","bbox":[-7.33567,37.94103,-4.64897,39.45179],"center":[-5.99232,38.69641]},"geometry":{"type":"Point","coordinates":[-5.99232,38.69641]}},{"type":"Feature","id":"es-prov-07","properties":{"id":"es-prov-07","slug":"illes-balears","name":"Illes Balears","localName":"Illes Balears","aliases":[],"kind":"province","boundaryStatus":"official","parentId":"es-ccaa-04","population":null,"areaKm2":4997.2,"density":null,"referenceYear":null,"sourceId":"ign-administrative-units","bbox":[1.15724,38.64094,4.32778,40.0924],"center":[2.74251,39.36667]},"geometry":{"type":"Point","coordinates":[2.74251,39.36667]}},{"type":"Feature","id":"es-prov-08","properties":{"id":"es-prov-08","slug":"barcelona","name":"Barcelona","localName":"Barcelona","aliases":[],"kind":"province","boundaryStatus":"official","parentId":"es-ccaa-09","population":null,"areaKm2":7741.3,"density":null,"referenceYear":null,"sourceId":"ign-administrative-units","bbox":[1.3604,41.19275,2.77706,42.32296],"center":[2.06873,41.757855]},"geometry":{"type":"Point","coordinates":[2.06873,41.757855]}},{"type":"Feature","id":"es-prov-09","properties":{"id":"es-prov-09","slug":"burgos","name":"Burgos","localName":"Burgos","aliases":[],"kind":"province","boundaryStatus":"official","parentId":"es-ccaa-07","population":null,"areaKm2":14298.7,"density":null,"referenceYear":null,"sourceId":"ign-administrative-units","bbox":[-4.33533,41.45078,-2.5174,43.19875],"center":[-3.4263649999999997,42.324765]},"geometry":{"type":"Point","coordinates":[-3.4263649999999997,42.324765]}},{"type":"Feature","id":"es-prov-10","properties":{"id":"es-prov-10","slug":"caceres","name":"Cáceres","localName":"Cáceres","aliases":[],"kind":"province","boundaryStatus":"official","parentId":"es-ccaa-11","population":null,"areaKm2":19889,"density":null,"referenceYear":null,"sourceId":"ign-administrative-units","bbox":[-7.54133,39.03149,-4.95295,40.48665],"center":[-6.24714,39.759069999999994]},"geometry":{"type":"Point","coordinates":[-6.24714,39.759069999999994]}},{"type":"Feature","id":"es-prov-11","properties":{"id":"es-prov-11","slug":"cadiz","name":"Cádiz","localName":"Cádiz","aliases":[],"kind":"province","boundaryStatus":"official","parentId":"es-ccaa-01","population":null,"areaKm2":7479.6,"density":null,"referenceYear":null,"sourceId":"ign-administrative-units","bbox":[-6.47373,36.00001,-5.08679,37.05245],"center":[-5.78026,36.52623]},"geometry":{"type":"Point","coordinates":[-5.78026,36.52623]}},{"type":"Feature","id":"es-prov-12","properties":{"id":"es-prov-12","slug":"castello-castellon","name":"Castelló/Castellón","localName":"Castelló/Castellón","aliases":[],"kind":"province","boundaryStatus":"official","parentId":"es-ccaa-10","population":null,"areaKm2":6641.3,"density":null,"referenceYear":null,"sourceId":"ign-administrative-units","bbox":[-0.8463,39.7147,0.69031,40.78863],"center":[-0.07799500000000004,40.251665]},"geometry":{"type":"Point","coordinates":[-0.07799500000000004,40.251665]}},{"type":"Feature","id":"es-prov-13","properties":{"id":"es-prov-13","slug":"ciudad-real","name":"Ciudad Real","localName":"Ciudad Real","aliases":[],"kind":"province","boundaryStatus":"official","parentId":"es-ccaa-08","population":null,"areaKm2":19840.1,"density":null,"referenceYear":null,"sourceId":"ign-administrative-units","bbox":[-5.04695,38.34245,-2.63789,39.57676],"center":[-3.8424199999999997,38.959604999999996]},"geometry":{"type":"Point","coordinates":[-3.8424199999999997,38.959604999999996]}},{"type":"Feature","id":"es-prov-14","properties":{"id":"es-prov-14","slug":"cordoba","name":"Córdoba","localName":"Córdoba","aliases":[],"kind":"province","boundaryStatus":"official","parentId":"es-ccaa-01","population":null,"areaKm2":13795,"density":null,"referenceYear":null,"sourceId":"ign-administrative-units","bbox":[-5.58564,37.18407,-4.00094,38.72867],"center":[-4.79329,37.95637]},"geometry":{"type":"Point","coordinates":[-4.79329,37.95637]}},{"type":"Feature","id":"es-prov-15","properties":{"id":"es-prov-15","slug":"a-coruna","name":"A Coruña","localName":"A Coruña","aliases":[],"kind":"province","boundaryStatus":"official","parentId":"es-ccaa-12","population":null,"areaKm2":7969.1,"density":null,"referenceYear":null,"sourceId":"ign-administrative-units","bbox":[-9.30152,42.45903,-7.66173,43.79238],"center":[-8.481625000000001,43.125704999999996]},"geometry":{"type":"Point","coordinates":[-8.481625000000001,43.125704999999996]}},{"type":"Feature","id":"es-prov-16","properties":{"id":"es-prov-16","slug":"cuenca","name":"Cuenca","localName":"Cuenca","aliases":[],"kind":"province","boundaryStatus":"official","parentId":"es-ccaa-08","population":null,"areaKm2":17141.8,"density":null,"referenceYear":null,"sourceId":"ign-administrative-units","bbox":[-3.17023,39.22648,-1.14255,40.65869],"center":[-2.15639,39.942585]},"geometry":{"type":"Point","coordinates":[-2.15639,39.942585]}},{"type":"Feature","id":"es-prov-17","properties":{"id":"es-prov-17","slug":"girona","name":"Girona","localName":"Girona","aliases":[],"kind":"province","boundaryStatus":"official","parentId":"es-ccaa-09","population":null,"areaKm2":5912.5,"density":null,"referenceYear":null,"sourceId":"ign-administrative-units","bbox":[1.72434,41.65077,3.33255,42.49557],"center":[2.528445,42.073170000000005]},"geometry":{"type":"Point","coordinates":[2.528445,42.073170000000005]}},{"type":"Feature","id":"es-prov-18","properties":{"id":"es-prov-18","slug":"granada","name":"Granada","localName":"Granada","aliases":[],"kind":"province","boundaryStatus":"official","parentId":"es-ccaa-01","population":null,"areaKm2":12668.2,"density":null,"referenceYear":null,"sourceId":"ign-administrative-units","bbox":[-4.32813,36.69362,-2.20779,38.08409],"center":[-3.26796,37.38885500000001]},"geometry":{"type":"Point","coordinates":[-3.26796,37.38885500000001]}},{"type":"Feature","id":"es-prov-19","properties":{"id":"es-prov-19","slug":"guadalajara","name":"Guadalajara","localName":"Guadalajara","aliases":[],"kind":"province","boundaryStatus":"official","parentId":"es-ccaa-08","population":null,"areaKm2":12225.4,"density":null,"referenceYear":null,"sourceId":"ign-administrative-units","bbox":[-3.5411,40.15271,-1.53564,41.32763],"center":[-2.53837,40.74017]},"geometry":{"type":"Point","coordinates":[-2.53837,40.74017]}},{"type":"Feature","id":"es-prov-20","properties":{"id":"es-prov-20","slug":"gipuzkoa","name":"Gipuzkoa","localName":"Gipuzkoa","aliases":[],"kind":"province","boundaryStatus":"official","parentId":"es-ccaa-16","population":null,"areaKm2":1983.4,"density":null,"referenceYear":null,"sourceId":"ign-administrative-units","bbox":[-2.60272,42.89547,-1.72937,43.39591],"center":[-2.166045,43.14569]},"geometry":{"type":"Point","coordinates":[-2.166045,43.14569]}},{"type":"Feature","id":"es-prov-21","properties":{"id":"es-prov-21","slug":"huelva","name":"Huelva","localName":"Huelva","aliases":[],"kind":"province","boundaryStatus":"official","parentId":"es-ccaa-01","population":null,"areaKm2":10156.3,"density":null,"referenceYear":null,"sourceId":"ign-administrative-units","bbox":[-7.5226,36.78972,-6.12166,38.20821],"center":[-6.82213,37.498965]},"geometry":{"type":"Point","coordinates":[-6.82213,37.498965]}},{"type":"Feature","id":"es-prov-22","properties":{"id":"es-prov-22","slug":"huesca","name":"Huesca","localName":"Huesca","aliases":[],"kind":"province","boundaryStatus":"official","parentId":"es-ccaa-02","population":null,"areaKm2":15648,"density":null,"referenceYear":null,"sourceId":"ign-administrative-units","bbox":[-0.93417,41.34781,0.77131,42.92439],"center":[-0.08142999999999995,42.1361]},"geometry":{"type":"Point","coordinates":[-0.08142999999999995,42.1361]}},{"type":"Feature","id":"es-prov-23","properties":{"id":"es-prov-23","slug":"jaen","name":"Jaén","localName":"Jaén","aliases":[],"kind":"province","boundaryStatus":"official","parentId":"es-ccaa-01","population":null,"areaKm2":13515.3,"density":null,"referenceYear":null,"sourceId":"ign-administrative-units","bbox":[-4.28755,37.37835,-2.43549,38.53253],"center":[-3.3615200000000005,37.955439999999996]},"geometry":{"type":"Point","coordinates":[-3.3615200000000005,37.955439999999996]}},{"type":"Feature","id":"es-prov-24","properties":{"id":"es-prov-24","slug":"leon","name":"León","localName":"León","aliases":[],"kind":"province","boundaryStatus":"official","parentId":"es-ccaa-07","population":null,"areaKm2":15587.5,"density":null,"referenceYear":null,"sourceId":"ign-administrative-units","bbox":[-7.07707,42.02923,-4.73415,43.23819],"center":[-5.905609999999999,42.63371]},"geometry":{"type":"Point","coordinates":[-5.905609999999999,42.63371]}},{"type":"Feature","id":"es-prov-25","properties":{"id":"es-prov-25","slug":"lleida","name":"Lleida","localName":"Lleida","aliases":[],"kind":"province","boundaryStatus":"official","parentId":"es-ccaa-09","population":null,"areaKm2":12176.3,"density":null,"referenceYear":null,"sourceId":"ign-administrative-units","bbox":[0.32004,41.27588,1.85506,42.86142],"center":[1.08755,42.068650000000005]},"geometry":{"type":"Point","coordinates":[1.08755,42.068650000000005]}},{"type":"Feature","id":"es-prov-26","properties":{"id":"es-prov-26","slug":"la-rioja","name":"La Rioja","localName":"La Rioja","aliases":[],"kind":"province","boundaryStatus":"official","parentId":"es-ccaa-17","population":null,"areaKm2":5048.4,"density":null,"referenceYear":null,"sourceId":"ign-administrative-units","bbox":[-3.13427,41.92008,-1.67871,42.64426],"center":[-2.40649,42.28217]},"geometry":{"type":"Point","coordinates":[-2.40649,42.28217]}},{"type":"Feature","id":"es-prov-27","properties":{"id":"es-prov-27","slug":"lugo","name":"Lugo","localName":"Lugo","aliases":[],"kind":"province","boundaryStatus":"official","parentId":"es-ccaa-12","population":null,"areaKm2":9862.7,"density":null,"referenceYear":null,"sourceId":"ign-administrative-units","bbox":[-7.99973,42.3257,-6.81405,43.76117],"center":[-7.40689,43.043435]},"geometry":{"type":"Point","coordinates":[-7.40689,43.043435]}},{"type":"Feature","id":"es-prov-28","properties":{"id":"es-prov-28","slug":"madrid","name":"Madrid","localName":"Madrid","aliases":[],"kind":"province","boundaryStatus":"official","parentId":"es-ccaa-13","population":null,"areaKm2":8039.4,"density":null,"referenceYear":null,"sourceId":"ign-administrative-units","bbox":[-4.57908,39.88472,-3.05298,41.16584],"center":[-3.81603,40.52528]},"geometry":{"type":"Point","coordinates":[-3.81603,40.52528]}},{"type":"Feature","id":"es-prov-29","properties":{"id":"es-prov-29","slug":"malaga","name":"Málaga","localName":"Málaga","aliases":[],"kind":"province","boundaryStatus":"official","parentId":"es-ccaa-01","population":null,"areaKm2":7322.3,"density":null,"referenceYear":null,"sourceId":"ign-administrative-units","bbox":[-5.61132,36.31042,-3.76663,37.2822],"center":[-4.688975,36.796310000000005]},"geometry":{"type":"Point","coordinates":[-4.688975,36.796310000000005]}},{"type":"Feature","id":"es-prov-30","properties":{"id":"es-prov-30","slug":"murcia","name":"Murcia","localName":"Murcia","aliases":[],"kind":"province","boundaryStatus":"official","parentId":"es-ccaa-14","population":null,"areaKm2":11334.8,"density":null,"referenceYear":null,"sourceId":"ign-administrative-units","bbox":[-2.34418,37.37375,-0.64798,38.75508],"center":[-1.49608,38.064415]},"geometry":{"type":"Point","coordinates":[-1.49608,38.064415]}},{"type":"Feature","id":"es-prov-31","properties":{"id":"es-prov-31","slug":"navarra","name":"Navarra","localName":"Navarra","aliases":[],"kind":"province","boundaryStatus":"official","parentId":"es-ccaa-15","population":null,"areaKm2":10398.4,"density":null,"referenceYear":null,"sourceId":"ign-administrative-units","bbox":[-2.50008,41.90989,-0.72543,43.31484],"center":[-1.612755,42.612365]},"geometry":{"type":"Point","coordinates":[-1.612755,42.612365]}},{"type":"Feature","id":"es-prov-32","properties":{"id":"es-prov-32","slug":"ourense","name":"Ourense","localName":"Ourense","aliases":[],"kind":"province","boundaryStatus":"official","parentId":"es-ccaa-12","population":null,"areaKm2":7279.6,"density":null,"referenceYear":null,"sourceId":"ign-administrative-units","bbox":[-8.36634,41.80723,-6.73395,42.57853],"center":[-7.550145,42.19288]},"geometry":{"type":"Point","coordinates":[-7.550145,42.19288]}},{"type":"Feature","id":"es-prov-33","properties":{"id":"es-prov-33","slug":"asturias","name":"Asturias","localName":"Asturias","aliases":[],"kind":"province","boundaryStatus":"official","parentId":"es-as","population":null,"areaKm2":10609.6,"density":null,"referenceYear":null,"sourceId":"ign-administrative-units","bbox":[-7.18249,42.88254,-4.51045,43.66653],"center":[-5.84647,43.274535]},"geometry":{"type":"Point","coordinates":[-5.84647,43.274535]}},{"type":"Feature","id":"es-prov-34","properties":{"id":"es-prov-34","slug":"palencia","name":"Palencia","localName":"Palencia","aliases":[],"kind":"province","boundaryStatus":"official","parentId":"es-ccaa-07","population":null,"areaKm2":8057.1,"density":null,"referenceYear":null,"sourceId":"ign-administrative-units","bbox":[-5.03189,41.75917,-3.8912,43.06099],"center":[-4.461545,42.410079999999994]},"geometry":{"type":"Point","coordinates":[-4.461545,42.410079999999994]}},{"type":"Feature","id":"es-prov-35","properties":{"id":"es-prov-35","slug":"las-palmas","name":"Las Palmas","localName":"Las Palmas","aliases":[],"kind":"province","boundaryStatus":"official","parentId":"es-ccaa-05","population":null,"areaKm2":4084.8,"density":null,"referenceYear":null,"sourceId":"ign-administrative-units","bbox":[-15.83452,27.7345,-13.33496,29.41645],"center":[-14.58474,28.575475]},"geometry":{"type":"Point","coordinates":[-14.58474,28.575475]}},{"type":"Feature","id":"es-prov-36","properties":{"id":"es-prov-36","slug":"pontevedra","name":"Pontevedra","localName":"Pontevedra","aliases":[],"kind":"province","boundaryStatus":"official","parentId":"es-ccaa-12","population":null,"areaKm2":4497.7,"density":null,"referenceYear":null,"sourceId":"ign-administrative-units","bbox":[-8.94945,41.86885,-7.86153,42.86014],"center":[-8.40549,42.364495000000005]},"geometry":{"type":"Point","coordinates":[-8.40549,42.364495000000005]}},{"type":"Feature","id":"es-prov-37","properties":{"id":"es-prov-37","slug":"salamanca","name":"Salamanca","localName":"Salamanca","aliases":[],"kind":"province","boundaryStatus":"official","parentId":"es-ccaa-07","population":null,"areaKm2":12360.6,"density":null,"referenceYear":null,"sourceId":"ign-administrative-units","bbox":[-6.93163,40.23892,-5.08984,41.29414],"center":[-6.010735,40.76653]},"geometry":{"type":"Point","coordinates":[-6.010735,40.76653]}},{"type":"Feature","id":"es-prov-38","properties":{"id":"es-prov-38","slug":"santa-cruz-de-tenerife","name":"Santa Cruz de Tenerife","localName":"Santa Cruz de Tenerife","aliases":[],"kind":"province","boundaryStatus":"official","parentId":"es-ccaa-05","population":null,"areaKm2":3388.4,"density":null,"referenceYear":null,"sourceId":"ign-administrative-units","bbox":[-18.16118,27.63888,-16.11857,28.85757],"center":[-17.139875,28.248224999999998]},"geometry":{"type":"Point","coordinates":[-17.139875,28.248224999999998]}},{"type":"Feature","id":"es-prov-39","properties":{"id":"es-prov-39","slug":"cantabria","name":"Cantabria","localName":"Cantabria","aliases":[],"kind":"province","boundaryStatus":"official","parentId":"es-ccaa-06","population":null,"areaKm2":5332.3,"density":null,"referenceYear":null,"sourceId":"ign-administrative-units","bbox":[-4.85166,42.75808,-3.14963,43.51365],"center":[-4.0006450000000005,43.135864999999995]},"geometry":{"type":"Point","coordinates":[-4.0006450000000005,43.135864999999995]}},{"type":"Feature","id":"es-prov-40","properties":{"id":"es-prov-40","slug":"segovia","name":"Segovia","localName":"Segovia","aliases":[],"kind":"province","boundaryStatus":"official","parentId":"es-ccaa-07","population":null,"areaKm2":6929.4,"density":null,"referenceYear":null,"sourceId":"ign-administrative-units","bbox":[-4.72465,40.63343,-3.20693,41.58608],"center":[-3.9657899999999997,41.109755]},"geometry":{"type":"Point","coordinates":[-3.9657899999999997,41.109755]}},{"type":"Feature","id":"es-prov-41","properties":{"id":"es-prov-41","slug":"sevilla","name":"Sevilla","localName":"Sevilla","aliases":[],"kind":"province","boundaryStatus":"official","parentId":"es-ccaa-01","population":null,"areaKm2":14060.4,"density":null,"referenceYear":null,"sourceId":"ign-administrative-units","bbox":[-6.53851,36.8433,-4.65335,38.19742],"center":[-5.595929999999999,37.52036]},"geometry":{"type":"Point","coordinates":[-5.595929999999999,37.52036]}},{"type":"Feature","id":"es-prov-42","properties":{"id":"es-prov-42","slug":"soria","name":"Soria","localName":"Soria","aliases":[],"kind":"province","boundaryStatus":"official","parentId":"es-ccaa-07","population":null,"areaKm2":10315.2,"density":null,"referenceYear":null,"sourceId":"ign-administrative-units","bbox":[-3.55044,41.05651,-1.77537,42.14603],"center":[-2.662905,41.60127]},"geometry":{"type":"Point","coordinates":[-2.662905,41.60127]}},{"type":"Feature","id":"es-prov-43","properties":{"id":"es-prov-43","slug":"tarragona","name":"Tarragona","localName":"Tarragona","aliases":[],"kind":"province","boundaryStatus":"official","parentId":"es-ccaa-09","population":null,"areaKm2":6312.5,"density":null,"referenceYear":null,"sourceId":"ign-administrative-units","bbox":[0.15907,40.52297,1.65315,41.58258],"center":[0.90611,41.052775]},"geometry":{"type":"Point","coordinates":[0.90611,41.052775]}},{"type":"Feature","id":"es-prov-44","properties":{"id":"es-prov-44","slug":"teruel","name":"Teruel","localName":"Teruel","aliases":[],"kind":"province","boundaryStatus":"official","parentId":"es-ccaa-02","population":null,"areaKm2":14842.1,"density":null,"referenceYear":null,"sourceId":"ign-administrative-units","bbox":[-1.80573,39.84741,0.2934,41.35439],"center":[-0.756165,40.6009]},"geometry":{"type":"Point","coordinates":[-0.756165,40.6009]}},{"type":"Feature","id":"es-prov-45","properties":{"id":"es-prov-45","slug":"toledo","name":"Toledo","localName":"Toledo","aliases":[],"kind":"province","boundaryStatus":"official","parentId":"es-ccaa-08","population":null,"areaKm2":15386.6,"density":null,"referenceYear":null,"sourceId":"ign-administrative-units","bbox":[-5.40611,39.25842,-2.90823,40.31834],"center":[-4.15717,39.788380000000004]},"geometry":{"type":"Point","coordinates":[-4.15717,39.788380000000004]}},{"type":"Feature","id":"es-prov-46","properties":{"id":"es-prov-46","slug":"valencia-valencia","name":"València/Valencia","localName":"València/Valencia","aliases":[],"kind":"province","boundaryStatus":"official","parentId":"es-ccaa-10","population":null,"areaKm2":10827.3,"density":null,"referenceYear":null,"sourceId":"ign-administrative-units","bbox":[-1.52873,38.68655,-0.0247,40.21168],"center":[-0.7767149999999999,39.449115]},"geometry":{"type":"Point","coordinates":[-0.7767149999999999,39.449115]}},{"type":"Feature","id":"es-prov-47","properties":{"id":"es-prov-47","slug":"valladolid","name":"Valladolid","localName":"Valladolid","aliases":[],"kind":"province","boundaryStatus":"official","parentId":"es-ccaa-07","population":null,"areaKm2":8117,"density":null,"referenceYear":null,"sourceId":"ign-administrative-units","bbox":[-5.52089,41.09402,-3.98071,42.31184],"center":[-4.7508,41.702929999999995]},"geometry":{"type":"Point","coordinates":[-4.7508,41.702929999999995]}},{"type":"Feature","id":"es-prov-48","properties":{"id":"es-prov-48","slug":"bizkaia","name":"Bizkaia","localName":"Bizkaia","aliases":[],"kind":"province","boundaryStatus":"official","parentId":"es-ccaa-16","population":null,"areaKm2":2216.5,"density":null,"referenceYear":null,"sourceId":"ign-administrative-units","bbox":[-3.45033,42.98165,-2.4126,43.45725],"center":[-2.931465,43.21945]},"geometry":{"type":"Point","coordinates":[-2.931465,43.21945]}},{"type":"Feature","id":"es-prov-49","properties":{"id":"es-prov-49","slug":"zamora","name":"Zamora","localName":"Zamora","aliases":[],"kind":"province","boundaryStatus":"official","parentId":"es-ccaa-07","population":null,"areaKm2":10569.5,"density":null,"referenceYear":null,"sourceId":"ign-administrative-units","bbox":[-7.03385,41.11717,-5.22887,42.25419],"center":[-6.13136,41.685680000000005]},"geometry":{"type":"Point","coordinates":[-6.13136,41.685680000000005]}},{"type":"Feature","id":"es-prov-50","properties":{"id":"es-prov-50","slug":"zaragoza","name":"Zaragoza","localName":"Zaragoza","aliases":[],"kind":"province","boundaryStatus":"official","parentId":"es-ccaa-02","population":null,"areaKm2":17288.7,"density":null,"referenceYear":null,"sourceId":"ign-administrative-units","bbox":[-2.17367,40.93622,0.38569,42.744],"center":[-0.8939900000000001,41.840109999999996]},"geometry":{"type":"Point","coordinates":[-0.8939900000000001,41.840109999999996]}},{"type":"Feature","id":"es-prov-51","properties":{"id":"es-prov-51","slug":"ceuta","name":"Ceuta","localName":"Ceuta","aliases":[],"kind":"province","boundaryStatus":"official","parentId":"es-ccaa-18","population":null,"areaKm2":19.9,"density":null,"referenceYear":null,"sourceId":"ign-administrative-units","bbox":[-5.38206,35.87074,-5.27829,35.91798],"center":[-5.3301750000000006,35.89436]},"geometry":{"type":"Point","coordinates":[-5.3301750000000006,35.89436]}},{"type":"Feature","id":"es-prov-52","properties":{"id":"es-prov-52","slug":"melilla","name":"Melilla","localName":"Melilla","aliases":[],"kind":"province","boundaryStatus":"official","parentId":"es-ccaa-19","population":null,"areaKm2":13.7,"density":null,"referenceYear":null,"sourceId":"ign-administrative-units","bbox":[-2.9703,35.26549,-2.9232,35.3203],"center":[-2.9467499999999998,35.292895]},"geometry":{"type":"Point","coordinates":[-2.9467499999999998,35.292895]}},{"type":"Feature","id":"es-as-comarca-gijon","properties":{"id":"es-as-comarca-gijon","slug":"comarca-gijon","name":"Comarca de Gijón","localName":"Gijón","aliases":["Gijón"],"kind":"functional-region","boundaryStatus":"official","parentId":"es-as","population":294053,"areaKm2":524.7,"density":560.4,"referenceYear":2021,"sourceId":"sitpa-functional-regions","bbox":[-5.86301,43.40698,-5.31086,43.6007],"center":[-5.586935,43.50384]},"geometry":{"type":"Point","coordinates":[-5.586935,43.50384]}},{"type":"Feature","id":"es-as-comarca-oriente","properties":{"id":"es-as-comarca-oriente","slug":"comarca-oriente","name":"Comarca de Oriente","localName":"Oriente","aliases":["Oriente"],"kind":"functional-region","boundaryStatus":"official","parentId":"es-as","population":48789,"areaKm2":1928.1,"density":25.3,"referenceYear":2021,"sourceId":"sitpa-functional-regions","bbox":[-5.48339,43.09023,-4.51095,43.53533],"center":[-4.997170000000001,43.312780000000004]},"geometry":{"type":"Point","coordinates":[-4.997170000000001,43.312780000000004]}},{"type":"Feature","id":"es-as-comarca-eo-navia","properties":{"id":"es-as-comarca-eo-navia","slug":"comarca-eo-navia","name":"Comarca de Eo-Navia","localName":"Eo-Navia","aliases":["Eo-Navia"],"kind":"functional-region","boundaryStatus":"official","parentId":"es-as","population":43536,"areaKm2":1648.1,"density":26.4,"referenceYear":2021,"sourceId":"sitpa-functional-regions","bbox":[-7.18249,43.13172,-6.25919,43.57789],"center":[-6.72084,43.354805]},"geometry":{"type":"Point","coordinates":[-6.72084,43.354805]}},{"type":"Feature","id":"es-as-comarca-oviedo","properties":{"id":"es-as-comarca-oviedo","slug":"comarca-oviedo","name":"Comarca de Oviedo","localName":"Oviedo","aliases":["Oviedo"],"kind":"functional-region","boundaryStatus":"official","parentId":"es-as","population":326516,"areaKm2":2343.5,"density":139.3,"referenceYear":2021,"sourceId":"sitpa-functional-regions","bbox":[-6.37729,43.00891,-5.36615,43.5011],"center":[-5.87172,43.255005]},"geometry":{"type":"Point","coordinates":[-5.87172,43.255005]}},{"type":"Feature","id":"es-as-comarca-aviles","properties":{"id":"es-as-comarca-aviles","slug":"comarca-aviles","name":"Comarca de Avilés","localName":"Avilés","aliases":["Avilés"],"kind":"functional-region","boundaryStatus":"official","parentId":"es-as","population":146842,"areaKm2":556.6,"density":263.8,"referenceYear":2021,"sourceId":"sitpa-functional-regions","bbox":[-6.35258,43.40183,-5.76516,43.66653],"center":[-6.05887,43.53418]},"geometry":{"type":"Point","coordinates":[-6.05887,43.53418]}},{"type":"Feature","id":"es-as-comarca-caudal","properties":{"id":"es-as-comarca-caudal","slug":"comarca-caudal","name":"Comarca de Caudal","localName":"Caudal","aliases":["Caudal"],"kind":"functional-region","boundaryStatus":"official","parentId":"es-as","population":57968,"areaKm2":838.6,"density":69.1,"referenceYear":2021,"sourceId":"sitpa-functional-regions","bbox":[-5.95985,42.96262,-5.3831,43.28914],"center":[-5.671475,43.12588]},"geometry":{"type":"Point","coordinates":[-5.671475,43.12588]}},{"type":"Feature","id":"es-as-comarca-nalon","properties":{"id":"es-as-comarca-nalon","slug":"comarca-nalon","name":"Comarca de Nalón","localName":"Nalón","aliases":["Nalón"],"kind":"functional-region","boundaryStatus":"official","parentId":"es-as","population":69372,"areaKm2":646.1,"density":107.4,"referenceYear":2021,"sourceId":"sitpa-functional-regions","bbox":[-5.77379,43.07743,-5.18819,43.34597],"center":[-5.48099,43.2117]},"geometry":{"type":"Point","coordinates":[-5.48099,43.2117]}},{"type":"Feature","id":"es-as-comarca-narcea","properties":{"id":"es-as-comarca-narcea","slug":"comarca-narcea","name":"Comarca de Narcea","localName":"Narcea","aliases":["Narcea"],"kind":"functional-region","boundaryStatus":"official","parentId":"es-as","population":24716,"areaKm2":2127.2,"density":11.6,"referenceYear":2021,"sourceId":"sitpa-functional-regions","bbox":[-6.9969,42.88254,-6.29908,43.45996],"center":[-6.64799,43.17125]},"geometry":{"type":"Point","coordinates":[-6.64799,43.17125]}},{"type":"Feature","id":"es-as-concejo-33001","properties":{"id":"es-as-concejo-33001","slug":"allande","name":"Allande","localName":"Allande","aliases":[],"kind":"municipality","boundaryStatus":"official","parentId":"es-as","population":null,"areaKm2":339.9,"density":null,"referenceYear":null,"sourceId":"sitpa-administrative-units","bbox":[-6.84803,43.09932,-6.53084,43.37452],"center":[-6.689435,43.23692]},"geometry":{"type":"Point","coordinates":[-6.689435,43.23692]}},{"type":"Feature","id":"es-as-concejo-33010","properties":{"id":"es-as-concejo-33010","slug":"candamo","name":"Candamo","localName":"Candamu","aliases":["Candamu"],"kind":"municipality","boundaryStatus":"official","parentId":"es-as","population":null,"areaKm2":72,"density":null,"referenceYear":null,"sourceId":"sitpa-administrative-units","bbox":[-6.12129,43.40183,-5.98839,43.5093],"center":[-6.05484,43.455565]},"geometry":{"type":"Point","coordinates":[-6.05484,43.455565]}},{"type":"Feature","id":"es-as-concejo-33002","properties":{"id":"es-as-concejo-33002","slug":"aller","name":"Aller","localName":"Ayer","aliases":["Ayer"],"kind":"municipality","boundaryStatus":"official","parentId":"es-as","population":null,"areaKm2":376.4,"density":null,"referenceYear":null,"sourceId":"sitpa-administrative-units","bbox":[-5.79003,43.01829,-5.3831,43.19331],"center":[-5.586565,43.1058]},"geometry":{"type":"Point","coordinates":[-5.586565,43.1058]}},{"type":"Feature","id":"es-as-concejo-33005","properties":{"id":"es-as-concejo-33005","slug":"belmonte-de-miranda","name":"Belmonte De Miranda","localName":"Miranda","aliases":["Miranda"],"kind":"municipality","boundaryStatus":"official","parentId":"es-as","population":null,"areaKm2":208.2,"density":null,"referenceYear":null,"sourceId":"sitpa-administrative-units","bbox":[-6.3417,43.17366,-6.13033,43.37104],"center":[-6.236015,43.27235]},"geometry":{"type":"Point","coordinates":[-6.236015,43.27235]}},{"type":"Feature","id":"es-as-concejo-33003","properties":{"id":"es-as-concejo-33003","slug":"amieva","name":"Amieva","localName":"Amieva","aliases":[],"kind":"municipality","boundaryStatus":"official","parentId":"es-as","population":null,"areaKm2":115,"density":null,"referenceYear":null,"sourceId":"sitpa-administrative-units","bbox":[-5.20872,43.17026,-4.97061,43.30721],"center":[-5.089665,43.238735]},"geometry":{"type":"Point","coordinates":[-5.089665,43.238735]}},{"type":"Feature","id":"es-as-concejo-33004","properties":{"id":"es-as-concejo-33004","slug":"aviles","name":"Avilés","localName":"Avilés","aliases":[],"kind":"municipality","boundaryStatus":"official","parentId":"es-as","population":null,"areaKm2":26.7,"density":null,"referenceYear":null,"sourceId":"sitpa-administrative-units","bbox":[-5.95586,43.53054,-5.87675,43.59595],"center":[-5.916305,43.563245]},"geometry":{"type":"Point","coordinates":[-5.916305,43.563245]}},{"type":"Feature","id":"es-as-concejo-33006","properties":{"id":"es-as-concejo-33006","slug":"bimenes","name":"Bimenes","localName":"Bimenes","aliases":[],"kind":"municipality","boundaryStatus":"official","parentId":"es-as","population":null,"areaKm2":32.6,"density":null,"referenceYear":null,"sourceId":"sitpa-administrative-units","bbox":[-5.60667,43.29298,-5.50999,43.35738],"center":[-5.55833,43.32518]},"geometry":{"type":"Point","coordinates":[-5.55833,43.32518]}},{"type":"Feature","id":"es-as-concejo-33007","properties":{"id":"es-as-concejo-33007","slug":"boal","name":"Boal","localName":"Bual","aliases":["Bual"],"kind":"municipality","boundaryStatus":"official","parentId":"es-as","population":null,"areaKm2":120.5,"density":null,"referenceYear":null,"sourceId":"sitpa-administrative-units","bbox":[-6.94269,43.34802,-6.7198,43.47263],"center":[-6.831245,43.410325]},"geometry":{"type":"Point","coordinates":[-6.831245,43.410325]}},{"type":"Feature","id":"es-as-concejo-33008","properties":{"id":"es-as-concejo-33008","slug":"cabrales","name":"Cabrales","localName":"Cabrales","aliases":[],"kind":"municipality","boundaryStatus":"official","parentId":"es-as","population":null,"areaKm2":238.8,"density":null,"referenceYear":null,"sourceId":"sitpa-administrative-units","bbox":[-4.94086,43.17835,-4.72101,43.36488],"center":[-4.830935,43.271615]},"geometry":{"type":"Point","coordinates":[-4.830935,43.271615]}},{"type":"Feature","id":"es-as-concejo-33019","properties":{"id":"es-as-concejo-33019","slug":"colunga","name":"Colunga","localName":"Colunga","aliases":[],"kind":"municipality","boundaryStatus":"official","parentId":"es-as","population":null,"areaKm2":96.7,"density":null,"referenceYear":null,"sourceId":"sitpa-administrative-units","bbox":[-5.34447,43.41195,-5.20071,43.5357],"center":[-5.27259,43.473825]},"geometry":{"type":"Point","coordinates":[-5.27259,43.473825]}},{"type":"Feature","id":"es-as-concejo-33009","properties":{"id":"es-as-concejo-33009","slug":"cabranes","name":"Cabranes","localName":"Cabranes","aliases":[],"kind":"municipality","boundaryStatus":"official","parentId":"es-as","population":null,"areaKm2":38.3,"density":null,"referenceYear":null,"sourceId":"sitpa-administrative-units","bbox":[-5.49648,43.37622,-5.36615,43.43792],"center":[-5.431315,43.407070000000004]},"geometry":{"type":"Point","coordinates":[-5.431315,43.407070000000004]}},{"type":"Feature","id":"es-as-concejo-33011","properties":{"id":"es-as-concejo-33011","slug":"cangas-del-narcea","name":"Cangas Del Narcea","localName":"Cangas Del Narcea","aliases":[],"kind":"municipality","boundaryStatus":"official","parentId":"es-as","population":null,"areaKm2":824.6,"density":null,"referenceYear":null,"sourceId":"sitpa-administrative-units","bbox":[-6.79934,42.95618,-6.35586,43.27553],"center":[-6.5776,43.115855]},"geometry":{"type":"Point","coordinates":[-6.5776,43.115855]}},{"type":"Feature","id":"es-as-concejo-33030","properties":{"id":"es-as-concejo-33030","slug":"illas","name":"Illas","localName":"Illas","aliases":[],"kind":"municipality","boundaryStatus":"official","parentId":"es-as","population":null,"areaKm2":25.5,"density":null,"referenceYear":null,"sourceId":"sitpa-administrative-units","bbox":[-6.01709,43.47119,-5.91642,43.52062],"center":[-5.966754999999999,43.495905]},"geometry":{"type":"Point","coordinates":[-5.966754999999999,43.495905]}},{"type":"Feature","id":"es-as-concejo-33012","properties":{"id":"es-as-concejo-33012","slug":"cangas-de-onis","name":"Cangas De Onís","localName":"Cangues D´onís","aliases":["Cangues D´onís"],"kind":"municipality","boundaryStatus":"official","parentId":"es-as","population":null,"areaKm2":213.2,"density":null,"referenceYear":null,"sourceId":"sitpa-administrative-units","bbox":[-5.18502,43.20295,-4.94153,43.42453],"center":[-5.063275,43.313739999999996]},"geometry":{"type":"Point","coordinates":[-5.063275,43.313739999999996]}},{"type":"Feature","id":"es-as-concejo-33013","properties":{"id":"es-as-concejo-33013","slug":"caravia","name":"Caravia","localName":"Caravia","aliases":[],"kind":"municipality","boundaryStatus":"official","parentId":"es-as","population":null,"areaKm2":13.3,"density":null,"referenceYear":null,"sourceId":"sitpa-administrative-units","bbox":[-5.21591,43.43797,-5.16207,43.47863],"center":[-5.18899,43.4583]},"geometry":{"type":"Point","coordinates":[-5.18899,43.4583]}},{"type":"Feature","id":"es-as-concejo-33014","properties":{"id":"es-as-concejo-33014","slug":"carreno","name":"Carreño","localName":"Carreño","aliases":[],"kind":"municipality","boundaryStatus":"official","parentId":"es-as","population":null,"areaKm2":66.6,"density":null,"referenceYear":null,"sourceId":"sitpa-administrative-units","bbox":[-5.86301,43.50253,-5.70887,43.60059],"center":[-5.78594,43.551559999999995]},"geometry":{"type":"Point","coordinates":[-5.78594,43.551559999999995]}},{"type":"Feature","id":"es-as-concejo-33022","properties":{"id":"es-as-concejo-33022","slug":"degana","name":"Degaña","localName":"Degaña","aliases":[],"kind":"municipality","boundaryStatus":"official","parentId":"es-as","population":null,"areaKm2":87.3,"density":null,"referenceYear":null,"sourceId":"sitpa-administrative-units","bbox":[-6.70075,42.91251,-6.4331,42.98705],"center":[-6.5669249999999995,42.949780000000004]},"geometry":{"type":"Point","coordinates":[-6.5669249999999995,42.949780000000004]}},{"type":"Feature","id":"es-as-concejo-33023","properties":{"id":"es-as-concejo-33023","slug":"el-franco","name":"El Franco","localName":"El Franco","aliases":[],"kind":"municipality","boundaryStatus":"official","parentId":"es-as","population":null,"areaKm2":78.3,"density":null,"referenceYear":null,"sourceId":"sitpa-administrative-units","bbox":[-6.88958,43.44783,-6.78749,43.57137],"center":[-6.838535,43.509600000000006]},"geometry":{"type":"Point","coordinates":[-6.838535,43.509600000000006]}},{"type":"Feature","id":"es-as-concejo-33024","properties":{"id":"es-as-concejo-33024","slug":"gijon","name":"Gijón","localName":"Xixón","aliases":["Xixón"],"kind":"municipality","boundaryStatus":"official","parentId":"es-as","population":null,"areaKm2":184,"density":null,"referenceYear":null,"sourceId":"sitpa-administrative-units","bbox":[-5.82123,43.44189,-5.56288,43.58669],"center":[-5.692055,43.51429]},"geometry":{"type":"Point","coordinates":[-5.692055,43.51429]}},{"type":"Feature","id":"es-as-concejo-33015","properties":{"id":"es-as-concejo-33015","slug":"caso","name":"Caso","localName":"Casu","aliases":["Casu"],"kind":"municipality","boundaryStatus":"official","parentId":"es-as","population":null,"areaKm2":306.6,"density":null,"referenceYear":null,"sourceId":"sitpa-administrative-units","bbox":[-5.46367,43.07743,-5.18819,43.27178],"center":[-5.32593,43.174605]},"geometry":{"type":"Point","coordinates":[-5.32593,43.174605]}},{"type":"Feature","id":"es-as-concejo-33016","properties":{"id":"es-as-concejo-33016","slug":"castrillon","name":"Castrillón","localName":"Castrillón","aliases":[],"kind":"municipality","boundaryStatus":"official","parentId":"es-as","population":null,"areaKm2":55.5,"density":null,"referenceYear":null,"sourceId":"sitpa-administrative-units","bbox":[-6.0537,43.49831,-5.92698,43.59306],"center":[-5.99034,43.545685]},"geometry":{"type":"Point","coordinates":[-5.99034,43.545685]}},{"type":"Feature","id":"es-as-concejo-33017","properties":{"id":"es-as-concejo-33017","slug":"castropol","name":"Castropol","localName":"Castropol","aliases":[],"kind":"municipality","boundaryStatus":"official","parentId":"es-as","population":null,"areaKm2":125.7,"density":null,"referenceYear":null,"sourceId":"sitpa-administrative-units","bbox":[-7.05675,43.37385,-6.87903,43.56119],"center":[-6.967890000000001,43.46752]},"geometry":{"type":"Point","coordinates":[-6.967890000000001,43.46752]}},{"type":"Feature","id":"es-as-concejo-33018","properties":{"id":"es-as-concejo-33018","slug":"coana","name":"Coaña","localName":"Cuaña","aliases":["Cuaña"],"kind":"municipality","boundaryStatus":"official","parentId":"es-as","population":null,"areaKm2":66,"density":null,"referenceYear":null,"sourceId":"sitpa-administrative-units","bbox":[-6.81954,43.45622,-6.71517,43.57471],"center":[-6.767355,43.515465000000006]},"geometry":{"type":"Point","coordinates":[-6.767355,43.515465000000006]}},{"type":"Feature","id":"es-as-concejo-33020","properties":{"id":"es-as-concejo-33020","slug":"corvera-de-asturias","name":"Corvera De Asturias","localName":"Corvera","aliases":["Corvera"],"kind":"municipality","boundaryStatus":"official","parentId":"es-as","population":null,"areaKm2":45.9,"density":null,"referenceYear":null,"sourceId":"sitpa-administrative-units","bbox":[-5.95384,43.47839,-5.81526,43.5574],"center":[-5.88455,43.517894999999996]},"geometry":{"type":"Point","coordinates":[-5.88455,43.517894999999996]}},{"type":"Feature","id":"es-as-concejo-33021","properties":{"id":"es-as-concejo-33021","slug":"cudillero","name":"Cudillero","localName":"Cuideiru","aliases":["Cuideiru"],"kind":"municipality","boundaryStatus":"official","parentId":"es-as","population":null,"areaKm2":101.6,"density":null,"referenceYear":null,"sourceId":"sitpa-administrative-units","bbox":[-6.35258,43.49161,-6.12118,43.59623],"center":[-6.236879999999999,43.54392]},"geometry":{"type":"Point","coordinates":[-6.236879999999999,43.54392]}},{"type":"Feature","id":"es-as-concejo-33025","properties":{"id":"es-as-concejo-33025","slug":"gozon","name":"Gozón","localName":"Gozón","aliases":[],"kind":"municipality","boundaryStatus":"official","parentId":"es-as","population":null,"areaKm2":82.3,"density":null,"referenceYear":null,"sourceId":"sitpa-administrative-units","bbox":[-5.94803,43.55213,-5.76516,43.66653],"center":[-5.856595,43.60933]},"geometry":{"type":"Point","coordinates":[-5.856595,43.60933]}},{"type":"Feature","id":"es-as-concejo-33026","properties":{"id":"es-as-concejo-33026","slug":"grado","name":"Grado","localName":"Grau","aliases":["Grau"],"kind":"municipality","boundaryStatus":"official","parentId":"es-as","population":null,"areaKm2":216.9,"density":null,"referenceYear":null,"sourceId":"sitpa-administrative-units","bbox":[-6.20189,43.18357,-5.96885,43.41232],"center":[-6.085369999999999,43.297945]},"geometry":{"type":"Point","coordinates":[-6.085369999999999,43.297945]}},{"type":"Feature","id":"es-as-concejo-33027","properties":{"id":"es-as-concejo-33027","slug":"grandas-de-salime","name":"Grandas De Salime","localName":"Grandas De Salime","aliases":[],"kind":"municipality","boundaryStatus":"official","parentId":"es-as","population":null,"areaKm2":114.7,"density":null,"referenceYear":null,"sourceId":"sitpa-administrative-units","bbox":[-6.99315,43.13172,-6.78607,43.24443],"center":[-6.889609999999999,43.188075]},"geometry":{"type":"Point","coordinates":[-6.889609999999999,43.188075]}},{"type":"Feature","id":"es-as-concejo-33029","properties":{"id":"es-as-concejo-33029","slug":"illano","name":"Illano","localName":"Eilao","aliases":["Eilao"],"kind":"municipality","boundaryStatus":"official","parentId":"es-as","population":null,"areaKm2":102.6,"density":null,"referenceYear":null,"sourceId":"sitpa-administrative-units","bbox":[-6.941,43.27649,-6.75649,43.39882],"center":[-6.848745,43.337655]},"geometry":{"type":"Point","coordinates":[-6.848745,43.337655]}},{"type":"Feature","id":"es-as-concejo-33028","properties":{"id":"es-as-concejo-33028","slug":"ibias","name":"Ibias","localName":"Ibias","aliases":[],"kind":"municipality","boundaryStatus":"official","parentId":"es-as","population":null,"areaKm2":333.9,"density":null,"referenceYear":null,"sourceId":"sitpa-administrative-units","bbox":[-6.9969,42.88254,-6.63878,43.11777],"center":[-6.81784,43.000155]},"geometry":{"type":"Point","coordinates":[-6.81784,43.000155]}},{"type":"Feature","id":"es-as-concejo-33034","properties":{"id":"es-as-concejo-33034","slug":"valdes","name":"Valdés","localName":"Valdés","aliases":[],"kind":"municipality","boundaryStatus":"official","parentId":"es-as","population":null,"areaKm2":354.3,"density":null,"referenceYear":null,"sourceId":"sitpa-administrative-units","bbox":[-6.65783,43.39825,-6.25919,43.57164],"center":[-6.45851,43.484944999999996]},"geometry":{"type":"Point","coordinates":[-6.45851,43.484944999999996]}},{"type":"Feature","id":"es-as-concejo-33031","properties":{"id":"es-as-concejo-33031","slug":"langreo","name":"Langreo","localName":"Llangréu","aliases":["Llangréu"],"kind":"municipality","boundaryStatus":"official","parentId":"es-as","population":null,"areaKm2":83.6,"density":null,"referenceYear":null,"sourceId":"sitpa-administrative-units","bbox":[-5.77379,43.22873,-5.61521,43.34597],"center":[-5.6945,43.28735]},"geometry":{"type":"Point","coordinates":[-5.6945,43.28735]}},{"type":"Feature","id":"es-as-concejo-33032","properties":{"id":"es-as-concejo-33032","slug":"laviana","name":"Laviana","localName":"Llaviana","aliases":["Llaviana"],"kind":"municipality","boundaryStatus":"official","parentId":"es-as","population":null,"areaKm2":131.1,"density":null,"referenceYear":null,"sourceId":"sitpa-administrative-units","bbox":[-5.63154,43.16105,-5.46359,43.30336],"center":[-5.5475650000000005,43.232205]},"geometry":{"type":"Point","coordinates":[-5.5475650000000005,43.232205]}},{"type":"Feature","id":"es-as-concejo-33033","properties":{"id":"es-as-concejo-33033","slug":"lena","name":"Lena","localName":"Llena","aliases":["Llena"],"kind":"municipality","boundaryStatus":"official","parentId":"es-as","population":null,"areaKm2":318.4,"density":null,"referenceYear":null,"sourceId":"sitpa-administrative-units","bbox":[-5.95986,42.96262,-5.68754,43.20349],"center":[-5.8237000000000005,43.083055]},"geometry":{"type":"Point","coordinates":[-5.8237000000000005,43.083055]}},{"type":"Feature","id":"es-as-concejo-33035","properties":{"id":"es-as-concejo-33035","slug":"llanera","name":"Llanera","localName":"Llanera","aliases":[],"kind":"municipality","boundaryStatus":"official","parentId":"es-as","population":null,"areaKm2":105.5,"density":null,"referenceYear":null,"sourceId":"sitpa-administrative-units","bbox":[-5.96848,43.40847,-5.7567,43.5023],"center":[-5.86259,43.455385]},"geometry":{"type":"Point","coordinates":[-5.86259,43.455385]}},{"type":"Feature","id":"es-as-concejo-33036","properties":{"id":"es-as-concejo-33036","slug":"llanes","name":"Llanes","localName":"Llanes","aliases":[],"kind":"municipality","boundaryStatus":"official","parentId":"es-as","population":null,"areaKm2":262.9,"density":null,"referenceYear":null,"sourceId":"sitpa-administrative-units","bbox":[-5.03024,43.34924,-4.57674,43.4624],"center":[-4.80349,43.405820000000006]},"geometry":{"type":"Point","coordinates":[-4.80349,43.405820000000006]}},{"type":"Feature","id":"es-as-concejo-33037","properties":{"id":"es-as-concejo-33037","slug":"mieres","name":"Mieres","localName":"Mieres","aliases":[],"kind":"municipality","boundaryStatus":"official","parentId":"es-as","population":null,"areaKm2":146.1,"density":null,"referenceYear":null,"sourceId":"sitpa-administrative-units","bbox":[-5.85551,43.18111,-5.62549,43.28914],"center":[-5.7405,43.235125]},"geometry":{"type":"Point","coordinates":[-5.7405,43.235125]}},{"type":"Feature","id":"es-as-concejo-33048","properties":{"id":"es-as-concejo-33048","slug":"pesoz","name":"Pesoz","localName":"Pezós","aliases":["Pezós"],"kind":"municipality","boundaryStatus":"official","parentId":"es-as","population":null,"areaKm2":39,"density":null,"referenceYear":null,"sourceId":"sitpa-administrative-units","bbox":[-6.91365,43.22982,-6.82844,43.31707],"center":[-6.871045,43.273444999999995]},"geometry":{"type":"Point","coordinates":[-6.871045,43.273444999999995]}},{"type":"Feature","id":"es-as-concejo-33038","properties":{"id":"es-as-concejo-33038","slug":"morcin","name":"Morcín","localName":"Morcín","aliases":[],"kind":"municipality","boundaryStatus":"official","parentId":"es-as","population":null,"areaKm2":50.1,"density":null,"referenceYear":null,"sourceId":"sitpa-administrative-units","bbox":[-5.96206,43.22882,-5.83976,43.3048],"center":[-5.90091,43.26681]},"geometry":{"type":"Point","coordinates":[-5.90091,43.26681]}},{"type":"Feature","id":"es-as-concejo-33039","properties":{"id":"es-as-concejo-33039","slug":"muros-de-nalon","name":"Muros De Nalón","localName":"Muros","aliases":["Muros"],"kind":"municipality","boundaryStatus":"official","parentId":"es-as","population":null,"areaKm2":8.3,"density":null,"referenceYear":null,"sourceId":"sitpa-administrative-units","bbox":[-6.12462,43.5345,-6.0756,43.57035],"center":[-6.10011,43.552425]},"geometry":{"type":"Point","coordinates":[-6.10011,43.552425]}},{"type":"Feature","id":"es-as-concejo-33064","properties":{"id":"es-as-concejo-33064","slug":"santo-adriano","name":"Santo Adriano","localName":"Santu Adrianu","aliases":["Santu Adrianu"],"kind":"municipality","boundaryStatus":"official","parentId":"es-as","population":null,"areaKm2":23.2,"density":null,"referenceYear":null,"sourceId":"sitpa-administrative-units","bbox":[-6.02224,43.25681,-5.93798,43.31956],"center":[-5.98011,43.288185]},"geometry":{"type":"Point","coordinates":[-5.98011,43.288185]}},{"type":"Feature","id":"es-as-concejo-33040","properties":{"id":"es-as-concejo-33040","slug":"nava","name":"Nava","localName":"Nava","aliases":[],"kind":"municipality","boundaryStatus":"official","parentId":"es-as","population":null,"areaKm2":95.8,"density":null,"referenceYear":null,"sourceId":"sitpa-administrative-units","bbox":[-5.56869,43.27618,-5.41904,43.41593],"center":[-5.4938649999999996,43.346055]},"geometry":{"type":"Point","coordinates":[-5.4938649999999996,43.346055]}},{"type":"Feature","id":"es-as-concejo-33041","properties":{"id":"es-as-concejo-33041","slug":"navia","name":"Navia","localName":"Navia","aliases":[],"kind":"municipality","boundaryStatus":"official","parentId":"es-as","population":null,"areaKm2":63.3,"density":null,"referenceYear":null,"sourceId":"sitpa-administrative-units","bbox":[-6.73629,43.48475,-6.61399,43.57518],"center":[-6.675140000000001,43.529965000000004]},"geometry":{"type":"Point","coordinates":[-6.675140000000001,43.529965000000004]}},{"type":"Feature","id":"es-as-concejo-33042","properties":{"id":"es-as-concejo-33042","slug":"norena","name":"Noreña","localName":"Noreña","aliases":[],"kind":"municipality","boundaryStatus":"official","parentId":"es-as","population":null,"areaKm2":5.7,"density":null,"referenceYear":null,"sourceId":"sitpa-administrative-units","bbox":[-5.73236,43.33737,-5.66983,43.44074],"center":[-5.7010950000000005,43.389055]},"geometry":{"type":"Point","coordinates":[-5.7010950000000005,43.389055]}},{"type":"Feature","id":"es-as-concejo-33043","properties":{"id":"es-as-concejo-33043","slug":"onis","name":"Onís","localName":"Onís","aliases":[],"kind":"municipality","boundaryStatus":"official","parentId":"es-as","population":null,"areaKm2":74.9,"density":null,"referenceYear":null,"sourceId":"sitpa-administrative-units","bbox":[-5.00337,43.22457,-4.90773,43.36699],"center":[-4.955550000000001,43.29578]},"geometry":{"type":"Point","coordinates":[-4.955550000000001,43.29578]}},{"type":"Feature","id":"es-as-concejo-33044","properties":{"id":"es-as-concejo-33044","slug":"oviedo","name":"Oviedo","localName":"Uviéu","aliases":["Uviéu"],"kind":"municipality","boundaryStatus":"official","parentId":"es-as","population":null,"areaKm2":186.2,"density":null,"referenceYear":null,"sourceId":"sitpa-administrative-units","bbox":[-6.0179,43.27916,-5.74224,43.42734],"center":[-5.88007,43.35325]},"geometry":{"type":"Point","coordinates":[-5.88007,43.35325]}},{"type":"Feature","id":"es-as-concejo-33052","properties":{"id":"es-as-concejo-33052","slug":"proaza","name":"Proaza","localName":"Proaza","aliases":[],"kind":"municipality","boundaryStatus":"official","parentId":"es-as","population":null,"areaKm2":76.9,"density":null,"referenceYear":null,"sourceId":"sitpa-administrative-units","bbox":[-6.10464,43.16758,-5.97335,43.28757],"center":[-6.038995,43.227575]},"geometry":{"type":"Point","coordinates":[-6.038995,43.227575]}},{"type":"Feature","id":"es-as-concejo-33045","properties":{"id":"es-as-concejo-33045","slug":"parres","name":"Parres","localName":"Parres","aliases":[],"kind":"municipality","boundaryStatus":"official","parentId":"es-as","population":null,"areaKm2":126.2,"density":null,"referenceYear":null,"sourceId":"sitpa-administrative-units","bbox":[-5.26944,43.27687,-5.08548,43.44108],"center":[-5.17746,43.358975]},"geometry":{"type":"Point","coordinates":[-5.17746,43.358975]}},{"type":"Feature","id":"es-as-concejo-33046","properties":{"id":"es-as-concejo-33046","slug":"penamellera-alta","name":"Peñamellera Alta","localName":"Peñamellera Alta","aliases":[],"kind":"municipality","boundaryStatus":"official","parentId":"es-as","population":null,"areaKm2":92.2,"density":null,"referenceYear":null,"sourceId":"sitpa-administrative-units","bbox":[-4.78767,43.25609,-4.63399,43.36513],"center":[-4.71083,43.31061]},"geometry":{"type":"Point","coordinates":[-4.71083,43.31061]}},{"type":"Feature","id":"es-as-concejo-33058","properties":{"id":"es-as-concejo-33058","slug":"riosa","name":"Riosa","localName":"Riosa","aliases":[],"kind":"municipality","boundaryStatus":"official","parentId":"es-as","population":null,"areaKm2":46.5,"density":null,"referenceYear":null,"sourceId":"sitpa-administrative-units","bbox":[-5.94792,43.16705,-5.84267,43.25076],"center":[-5.895295,43.208905]},"geometry":{"type":"Point","coordinates":[-5.895295,43.208905]}},{"type":"Feature","id":"es-as-concejo-33047","properties":{"id":"es-as-concejo-33047","slug":"penamellera-baja","name":"Peñamellera Baja","localName":"Peñamellera Baxa","aliases":["Peñamellera Baxa"],"kind":"municipality","boundaryStatus":"official","parentId":"es-as","population":null,"areaKm2":84,"density":null,"referenceYear":null,"sourceId":"sitpa-administrative-units","bbox":[-4.70604,43.26416,-4.51857,43.35115],"center":[-4.612305,43.307655]},"geometry":{"type":"Point","coordinates":[-4.612305,43.307655]}},{"type":"Feature","id":"es-as-concejo-33065","properties":{"id":"es-as-concejo-33065","slug":"sariego","name":"Sariego","localName":"Sariegu","aliases":["Sariegu"],"kind":"municipality","boundaryStatus":"official","parentId":"es-as","population":null,"areaKm2":25.7,"density":null,"referenceYear":null,"sourceId":"sitpa-administrative-units","bbox":[-5.60062,43.38907,-5.49637,43.44323],"center":[-5.548495,43.41615]},"geometry":{"type":"Point","coordinates":[-5.548495,43.41615]}},{"type":"Feature","id":"es-as-concejo-33067","properties":{"id":"es-as-concejo-33067","slug":"sobrescobio","name":"Sobrescobio","localName":"Sobrescobiu","aliases":["Sobrescobiu"],"kind":"municipality","boundaryStatus":"official","parentId":"es-as","population":null,"areaKm2":69.7,"density":null,"referenceYear":null,"sourceId":"sitpa-administrative-units","bbox":[-5.52034,43.12883,-5.41516,43.25899],"center":[-5.4677500000000006,43.19391]},"geometry":{"type":"Point","coordinates":[-5.4677500000000006,43.19391]}},{"type":"Feature","id":"es-as-concejo-33066","properties":{"id":"es-as-concejo-33066","slug":"siero","name":"Siero","localName":"Siero","aliases":[],"kind":"municipality","boundaryStatus":"official","parentId":"es-as","population":null,"areaKm2":211,"density":null,"referenceYear":null,"sourceId":"sitpa-administrative-units","bbox":[-5.82968,43.32201,-5.55435,43.46608],"center":[-5.692015,43.394045]},"geometry":{"type":"Point","coordinates":[-5.692015,43.394045]}},{"type":"Feature","id":"es-as-concejo-33049","properties":{"id":"es-as-concejo-33049","slug":"pilona","name":"Piloña","localName":"Piloña","aliases":[],"kind":"municipality","boundaryStatus":"official","parentId":"es-as","population":null,"areaKm2":284.9,"density":null,"referenceYear":null,"sourceId":"sitpa-administrative-units","bbox":[-5.48335,43.23989,-5.22113,43.42819],"center":[-5.35224,43.33404]},"geometry":{"type":"Point","coordinates":[-5.35224,43.33404]}},{"type":"Feature","id":"es-as-concejo-33060","properties":{"id":"es-as-concejo-33060","slug":"san-martin-del-rey-aurelio","name":"San Martín Del Rey Aurelio","localName":"Samartín Del Rey Aurelio","aliases":["Samartín Del Rey Aurelio"],"kind":"municipality","boundaryStatus":"official","parentId":"es-as","population":null,"areaKm2":55.1,"density":null,"referenceYear":null,"sourceId":"sitpa-administrative-units","bbox":[-5.66691,43.22071,-5.55512,43.32933],"center":[-5.611015,43.27502]},"geometry":{"type":"Point","coordinates":[-5.611015,43.27502]}},{"type":"Feature","id":"es-as-concejo-33050","properties":{"id":"es-as-concejo-33050","slug":"ponga","name":"Ponga","localName":"Ponga","aliases":[],"kind":"municipality","boundaryStatus":"official","parentId":"es-as","population":null,"areaKm2":206.4,"density":null,"referenceYear":null,"sourceId":"sitpa-administrative-units","bbox":[-5.28897,43.09023,-5.05362,43.28342],"center":[-5.171295,43.186825]},"geometry":{"type":"Point","coordinates":[-5.171295,43.186825]}},{"type":"Feature","id":"es-as-concejo-33051","properties":{"id":"es-as-concejo-33051","slug":"pravia","name":"Pravia","localName":"Pravia","aliases":[],"kind":"municipality","boundaryStatus":"official","parentId":"es-as","population":null,"areaKm2":103,"density":null,"referenceYear":null,"sourceId":"sitpa-administrative-units","bbox":[-6.23546,43.41694,-6.06473,43.54713],"center":[-6.150095,43.482034999999996]},"geometry":{"type":"Point","coordinates":[-6.150095,43.482034999999996]}},{"type":"Feature","id":"es-as-concejo-33053","properties":{"id":"es-as-concejo-33053","slug":"quiros","name":"Quirós","localName":"Quirós","aliases":[],"kind":"municipality","boundaryStatus":"official","parentId":"es-as","population":null,"areaKm2":203.3,"density":null,"referenceYear":null,"sourceId":"sitpa-administrative-units","bbox":[-6.05811,43.02902,-5.88002,43.27525],"center":[-5.9690650000000005,43.152135]},"geometry":{"type":"Point","coordinates":[-5.9690650000000005,43.152135]}},{"type":"Feature","id":"es-as-concejo-33054","properties":{"id":"es-as-concejo-33054","slug":"las-regueras","name":"Las Regueras","localName":"Les Regueres","aliases":["Les Regueres"],"kind":"municipality","boundaryStatus":"official","parentId":"es-as","population":null,"areaKm2":67.4,"density":null,"referenceYear":null,"sourceId":"sitpa-administrative-units","bbox":[-6.03558,43.36773,-5.91803,43.47473],"center":[-5.976805000000001,43.42123]},"geometry":{"type":"Point","coordinates":[-5.976805000000001,43.42123]}},{"type":"Feature","id":"es-as-concejo-33059","properties":{"id":"es-as-concejo-33059","slug":"salas","name":"Salas","localName":"Salas","aliases":[],"kind":"municipality","boundaryStatus":"official","parentId":"es-as","population":null,"areaKm2":227.3,"density":null,"referenceYear":null,"sourceId":"sitpa-administrative-units","bbox":[-6.36259,43.3218,-6.11065,43.49989],"center":[-6.23662,43.410845]},"geometry":{"type":"Point","coordinates":[-6.23662,43.410845]}},{"type":"Feature","id":"es-as-concejo-33055","properties":{"id":"es-as-concejo-33055","slug":"ribadedeva","name":"Ribadedeva","localName":"Ribedeva","aliases":["Ribedeva"],"kind":"municipality","boundaryStatus":"official","parentId":"es-as","population":null,"areaKm2":35.4,"density":null,"referenceYear":null,"sourceId":"sitpa-administrative-units","bbox":[-4.62648,43.34373,-4.51045,43.40012],"center":[-4.568465,43.371925000000005]},"geometry":{"type":"Point","coordinates":[-4.568465,43.371925000000005]}},{"type":"Feature","id":"es-as-concejo-33056","properties":{"id":"es-as-concejo-33056","slug":"ribadesella","name":"Ribadesella","localName":"Ribesella","aliases":["Ribesella"],"kind":"municipality","boundaryStatus":"official","parentId":"es-as","population":null,"areaKm2":84.4,"density":null,"referenceYear":null,"sourceId":"sitpa-administrative-units","bbox":[-5.1933,43.40674,-4.98154,43.4846],"center":[-5.08742,43.44567]},"geometry":{"type":"Point","coordinates":[-5.08742,43.44567]}},{"type":"Feature","id":"es-as-concejo-33057","properties":{"id":"es-as-concejo-33057","slug":"ribera-de-arriba","name":"Ribera De Arriba","localName":"La Ribera","aliases":["La Ribera"],"kind":"municipality","boundaryStatus":"official","parentId":"es-as","population":null,"areaKm2":22,"density":null,"referenceYear":null,"sourceId":"sitpa-administrative-units","bbox":[-5.94268,43.28101,-5.82915,43.32822],"center":[-5.885915000000001,43.304615]},"geometry":{"type":"Point","coordinates":[-5.885915000000001,43.304615]}},{"type":"Feature","id":"es-as-concejo-33061","properties":{"id":"es-as-concejo-33061","slug":"san-martin-de-oscos","name":"San Martín De Oscos","localName":"Samartín D´ozcos","aliases":["Samartín D´ozcos"],"kind":"municipality","boundaryStatus":"official","parentId":"es-as","population":null,"areaKm2":67.8,"density":null,"referenceYear":null,"sourceId":"sitpa-administrative-units","bbox":[-6.98963,43.20845,-6.88526,43.3571],"center":[-6.937445,43.282775]},"geometry":{"type":"Point","coordinates":[-6.937445,43.282775]}},{"type":"Feature","id":"es-as-concejo-33062","properties":{"id":"es-as-concejo-33062","slug":"santa-eulalia-de-oscos","name":"Santa Eulalia De Oscos","localName":"Santalal D´ozcos","aliases":["Santalal D´ozcos"],"kind":"municipality","boundaryStatus":"official","parentId":"es-as","population":null,"areaKm2":47.2,"density":null,"referenceYear":null,"sourceId":"sitpa-administrative-units","bbox":[-7.0716,43.20659,-6.97714,43.31026],"center":[-7.02437,43.258425]},"geometry":{"type":"Point","coordinates":[-7.02437,43.258425]}},{"type":"Feature","id":"es-as-concejo-33063","properties":{"id":"es-as-concejo-33063","slug":"san-tirso-de-abres","name":"San Tirso De Abres","localName":"San Tirso D´abres","aliases":["San Tirso D´abres"],"kind":"municipality","boundaryStatus":"official","parentId":"es-as","population":null,"areaKm2":31.2,"density":null,"referenceYear":null,"sourceId":"sitpa-administrative-units","bbox":[-7.18249,43.37458,-7.09478,43.43199],"center":[-7.138635,43.403285]},"geometry":{"type":"Point","coordinates":[-7.138635,43.403285]}},{"type":"Feature","id":"es-as-concejo-33068","properties":{"id":"es-as-concejo-33068","slug":"somiedo","name":"Somiedo","localName":"Somiedu","aliases":["Somiedu"],"kind":"municipality","boundaryStatus":"official","parentId":"es-as","population":null,"areaKm2":290.4,"density":null,"referenceYear":null,"sourceId":"sitpa-administrative-units","bbox":[-6.37729,43.00891,-6.08129,43.19673],"center":[-6.229290000000001,43.10282]},"geometry":{"type":"Point","coordinates":[-6.229290000000001,43.10282]}},{"type":"Feature","id":"es-as-concejo-33069","properties":{"id":"es-as-concejo-33069","slug":"soto-del-barco","name":"Soto Del Barco","localName":"Sotu´l Barcu","aliases":["Sotu´l Barcu"],"kind":"municipality","boundaryStatus":"official","parentId":"es-as","population":null,"areaKm2":35.5,"density":null,"referenceYear":null,"sourceId":"sitpa-administrative-units","bbox":[-6.09304,43.48012,-6.01757,43.57168],"center":[-6.055305000000001,43.5259]},"geometry":{"type":"Point","coordinates":[-6.055305000000001,43.5259]}},{"type":"Feature","id":"es-as-concejo-33070","properties":{"id":"es-as-concejo-33070","slug":"tapia-de-casariego","name":"Tapia De Casariego","localName":"Tapia","aliases":["Tapia"],"kind":"municipality","boundaryStatus":"official","parentId":"es-as","population":null,"areaKm2":66.1,"density":null,"referenceYear":null,"sourceId":"sitpa-administrative-units","bbox":[-6.99639,43.46246,-6.87263,43.57789],"center":[-6.9345099999999995,43.520174999999995]},"geometry":{"type":"Point","coordinates":[-6.9345099999999995,43.520174999999995]}},{"type":"Feature","id":"es-as-concejo-33071","properties":{"id":"es-as-concejo-33071","slug":"taramundi","name":"Taramundi","localName":"Taramundi","aliases":[],"kind":"municipality","boundaryStatus":"official","parentId":"es-as","population":null,"areaKm2":82.3,"density":null,"referenceYear":null,"sourceId":"sitpa-administrative-units","bbox":[-7.13437,43.29982,-7.02041,43.42697],"center":[-7.077389999999999,43.363395]},"geometry":{"type":"Point","coordinates":[-7.077389999999999,43.363395]}},{"type":"Feature","id":"es-as-concejo-33072","properties":{"id":"es-as-concejo-33072","slug":"teverga","name":"Teverga","localName":"Teberga","aliases":["Teberga"],"kind":"municipality","boundaryStatus":"official","parentId":"es-as","population":null,"areaKm2":176.5,"density":null,"referenceYear":null,"sourceId":"sitpa-administrative-units","bbox":[-6.21821,43.05344,-6.00201,43.23548],"center":[-6.110110000000001,43.14446]},"geometry":{"type":"Point","coordinates":[-6.110110000000001,43.14446]}},{"type":"Feature","id":"es-as-concejo-33077","properties":{"id":"es-as-concejo-33077","slug":"villayon","name":"Villayón","localName":"Villayón","aliases":[],"kind":"municipality","boundaryStatus":"official","parentId":"es-as","population":null,"areaKm2":132.7,"density":null,"referenceYear":null,"sourceId":"sitpa-administrative-units","bbox":[-6.78326,43.3183,-6.63108,43.4993],"center":[-6.70717,43.4088]},"geometry":{"type":"Point","coordinates":[-6.70717,43.4088]}},{"type":"Feature","id":"es-as-concejo-33073","properties":{"id":"es-as-concejo-33073","slug":"tineo","name":"Tineo","localName":"Tinéu","aliases":["Tinéu"],"kind":"municipality","boundaryStatus":"official","parentId":"es-as","population":null,"areaKm2":541.5,"density":null,"referenceYear":null,"sourceId":"sitpa-administrative-units","bbox":[-6.68381,43.15906,-6.29908,43.45996],"center":[-6.491445000000001,43.30951]},"geometry":{"type":"Point","coordinates":[-6.491445000000001,43.30951]}},{"type":"Feature","id":"es-as-concejo-33078","properties":{"id":"es-as-concejo-33078","slug":"yernes-y-tameza","name":"Yernes Y Tameza","localName":"Tameza","aliases":["Tameza"],"kind":"municipality","boundaryStatus":"official","parentId":"es-as","population":null,"areaKm2":31.7,"density":null,"referenceYear":null,"sourceId":"sitpa-administrative-units","bbox":[-6.1446,43.21697,-6.06986,43.30384],"center":[-6.1072299999999995,43.260405000000006]},"geometry":{"type":"Point","coordinates":[-6.1072299999999995,43.260405000000006]}},{"type":"Feature","id":"es-as-concejo-33074","properties":{"id":"es-as-concejo-33074","slug":"vegadeo","name":"Vegadeo","localName":"A Veiga","aliases":["A Veiga"],"kind":"municipality","boundaryStatus":"official","parentId":"es-as","population":null,"areaKm2":83.4,"density":null,"referenceYear":null,"sourceId":"sitpa-administrative-units","bbox":[-7.10624,43.35704,-6.94704,43.47427],"center":[-7.02664,43.415655]},"geometry":{"type":"Point","coordinates":[-7.02664,43.415655]}},{"type":"Feature","id":"es-as-concejo-33075","properties":{"id":"es-as-concejo-33075","slug":"villanueva-de-oscos","name":"Villanueva De Oscos","localName":"Vilanova D´ozcos","aliases":["Vilanova D´ozcos"],"kind":"municipality","boundaryStatus":"official","parentId":"es-as","population":null,"areaKm2":73.1,"density":null,"referenceYear":null,"sourceId":"sitpa-administrative-units","bbox":[-7.05733,43.26109,-6.92321,43.38005],"center":[-6.990270000000001,43.320570000000004]},"geometry":{"type":"Point","coordinates":[-6.990270000000001,43.320570000000004]}},{"type":"Feature","id":"es-as-concejo-33076","properties":{"id":"es-as-concejo-33076","slug":"villaviciosa","name":"Villaviciosa","localName":"Villaviciosa","aliases":[],"kind":"municipality","boundaryStatus":"official","parentId":"es-as","population":null,"areaKm2":274.1,"density":null,"referenceYear":null,"sourceId":"sitpa-administrative-units","bbox":[-5.59167,43.40698,-5.31107,43.55487],"center":[-5.45137,43.480925]},"geometry":{"type":"Point","coordinates":[-5.45137,43.480925]}},{"type":"Feature","id":"es-as-parish-010100","properties":{"id":"es-as-parish-010100","slug":"allande-berducedo","name":"Berducedo","localName":"Berducedo","aliases":[],"kind":"parish","boundaryStatus":"statistical","parentId":"es-as-concejo-33001","population":null,"areaKm2":29,"density":null,"referenceYear":null,"sourceId":"sadei-parishes","bbox":[-6.81655,43.21207,-6.73364,43.27831],"center":[-6.775095,43.245189999999994]},"geometry":{"type":"Point","coordinates":[-6.775095,43.245189999999994]}},{"type":"Feature","id":"es-as-parish-010500","properties":{"id":"es-as-parish-010500","slug":"allande-lago","name":"Lago","localName":"Lago","aliases":[],"kind":"parish","boundaryStatus":"statistical","parentId":"es-as-concejo-33001","population":null,"areaKm2":37.8,"density":null,"referenceYear":null,"sourceId":"sadei-parishes","bbox":[-6.75247,43.19268,-6.66597,43.2875],"center":[-6.70922,43.24009]},"geometry":{"type":"Point","coordinates":[-6.70922,43.24009]}},{"type":"Feature","id":"es-as-parish-011000","properties":{"id":"es-as-parish-011000","slug":"allande-san-emiliano","name":"San Emiliano","localName":"San Emiliano","aliases":[],"kind":"parish","boundaryStatus":"statistical","parentId":"es-as-concejo-33001","population":null,"areaKm2":22.6,"density":null,"referenceYear":null,"sourceId":"sadei-parishes","bbox":[-6.84803,43.23051,-6.75813,43.29768],"center":[-6.80308,43.264095]},"geometry":{"type":"Point","coordinates":[-6.80308,43.264095]}},{"type":"Feature","id":"es-as-parish-050200","properties":{"id":"es-as-parish-050200","slug":"belmonte-de-miranda-almurfe","name":"Almurfe","localName":"Almurfe","aliases":[],"kind":"parish","boundaryStatus":"statistical","parentId":"es-as-concejo-33005","population":null,"areaKm2":7.3,"density":null,"referenceYear":null,"sourceId":"sadei-parishes","bbox":[-6.31028,43.17366,-6.24147,43.20047],"center":[-6.275874999999999,43.187065000000004]},"geometry":{"type":"Point","coordinates":[-6.275874999999999,43.187065000000004]}},{"type":"Feature","id":"es-as-parish-010900","properties":{"id":"es-as-parish-010900","slug":"allande-pola-de-allande","name":"Pola De Allande","localName":"Pola De Allande","aliases":[],"kind":"parish","boundaryStatus":"statistical","parentId":"es-as-concejo-33001","population":null,"areaKm2":34,"density":null,"referenceYear":null,"sourceId":"sadei-parishes","bbox":[-6.68079,43.24906,-6.58213,43.30587],"center":[-6.631460000000001,43.277465]},"geometry":{"type":"Point","coordinates":[-6.631460000000001,43.277465]}},{"type":"Feature","id":"es-as-parish-011100","properties":{"id":"es-as-parish-011100","slug":"allande-santa-coloma","name":"Santa Coloma","localName":"Santa Coloma","aliases":[],"kind":"parish","boundaryStatus":"statistical","parentId":"es-as-concejo-33001","population":null,"areaKm2":41.6,"density":null,"referenceYear":null,"sourceId":"sadei-parishes","bbox":[-6.7851,43.26209,-6.65927,43.33886],"center":[-6.722185,43.300475]},"geometry":{"type":"Point","coordinates":[-6.722185,43.300475]}},{"type":"Feature","id":"es-as-parish-010300","properties":{"id":"es-as-parish-010300","slug":"allande-bustantigo","name":"Bustantigo","localName":"Bustantigo","aliases":[],"kind":"parish","boundaryStatus":"statistical","parentId":"es-as-concejo-33001","population":null,"areaKm2":15.6,"density":null,"referenceYear":null,"sourceId":"sadei-parishes","bbox":[-6.72362,43.32076,-6.66483,43.37491],"center":[-6.694225,43.347835]},"geometry":{"type":"Point","coordinates":[-6.694225,43.347835]}},{"type":"Feature","id":"es-as-parish-011300","properties":{"id":"es-as-parish-011300","slug":"allande-valledor-san-salvador-del","name":"Valledor, San Salvador Del","localName":"Valledor, San Salvador Del","aliases":[],"kind":"parish","boundaryStatus":"statistical","parentId":"es-as-concejo-33001","population":null,"areaKm2":39,"density":null,"referenceYear":null,"sourceId":"sadei-parishes","bbox":[-6.84101,43.09932,-6.73183,43.17072],"center":[-6.78642,43.13502]},"geometry":{"type":"Point","coordinates":[-6.78642,43.13502]}},{"type":"Feature","id":"es-as-parish-011500","properties":{"id":"es-as-parish-011500","slug":"allande-villar-de-sapos","name":"Villar De Sapos","localName":"Villar De Sapos","aliases":[],"kind":"parish","boundaryStatus":"statistical","parentId":"es-as-concejo-33001","population":null,"areaKm2":2.5,"density":null,"referenceYear":null,"sourceId":"sadei-parishes","bbox":[-6.61827,43.19356,-6.59025,43.21102],"center":[-6.60426,43.20229]},"geometry":{"type":"Point","coordinates":[-6.60426,43.20229]}},{"type":"Feature","id":"es-as-parish-020600","properties":{"id":"es-as-parish-020600","slug":"aller-conforcos","name":"Conforcos","localName":"Conforcos","aliases":[],"kind":"parish","boundaryStatus":"statistical","parentId":"es-as-concejo-33002","population":null,"areaKm2":8.4,"density":null,"referenceYear":null,"sourceId":"sadei-parishes","bbox":[-5.61989,43.091,-5.57576,43.12033],"center":[-5.597825,43.105665]},"geometry":{"type":"Point","coordinates":[-5.597825,43.105665]}},{"type":"Feature","id":"es-as-parish-011200","properties":{"id":"es-as-parish-011200","slug":"allande-valledor-san-martin-del","name":"Valledor, San Martín Del","localName":"Valledor, San Martín Del","aliases":[],"kind":"parish","boundaryStatus":"statistical","parentId":"es-as-concejo-33001","population":null,"areaKm2":50.7,"density":null,"referenceYear":null,"sourceId":"sadei-parishes","bbox":[-6.83891,43.14267,-6.71466,43.21909],"center":[-6.776785,43.18088]},"geometry":{"type":"Point","coordinates":[-6.776785,43.18088]}},{"type":"Feature","id":"es-as-parish-010200","properties":{"id":"es-as-parish-010200","slug":"allande-besullo","name":"Besullo","localName":"Besullo","aliases":[],"kind":"parish","boundaryStatus":"statistical","parentId":"es-as-concejo-33001","population":null,"areaKm2":13.2,"density":null,"referenceYear":null,"sourceId":"sadei-parishes","bbox":[-6.7112,43.19076,-6.60809,43.22349],"center":[-6.659644999999999,43.207125]},"geometry":{"type":"Point","coordinates":[-6.659644999999999,43.207125]}},{"type":"Feature","id":"es-as-parish-010800","properties":{"id":"es-as-parish-010800","slug":"allande-parajas","name":"Parajas","localName":"Parajas","aliases":[],"kind":"parish","boundaryStatus":"statistical","parentId":"es-as-concejo-33001","population":null,"areaKm2":1.7,"density":null,"referenceYear":null,"sourceId":"sadei-parishes","bbox":[-6.59361,43.20002,-6.57405,43.21503],"center":[-6.58383,43.207525000000004]},"geometry":{"type":"Point","coordinates":[-6.58383,43.207525000000004]}},{"type":"Feature","id":"es-as-parish-010700","properties":{"id":"es-as-parish-010700","slug":"allande-lomes","name":"Lomes","localName":"Lomes","aliases":[],"kind":"parish","boundaryStatus":"statistical","parentId":"es-as-concejo-33001","population":null,"areaKm2":7.3,"density":null,"referenceYear":null,"sourceId":"sadei-parishes","bbox":[-6.59337,43.19848,-6.54928,43.23168],"center":[-6.571325,43.21508]},"geometry":{"type":"Point","coordinates":[-6.571325,43.21508]}},{"type":"Feature","id":"es-as-parish-011700","properties":{"id":"es-as-parish-011700","slug":"allande-villaverde","name":"Villaverde","localName":"Villaverde","aliases":[],"kind":"parish","boundaryStatus":"statistical","parentId":"es-as-concejo-33001","population":null,"areaKm2":9.3,"density":null,"referenceYear":null,"sourceId":"sadei-parishes","bbox":[-6.66265,43.20566,-6.59038,43.23452],"center":[-6.6265149999999995,43.22009]},"geometry":{"type":"Point","coordinates":[-6.6265149999999995,43.22009]}},{"type":"Feature","id":"es-as-parish-020700","properties":{"id":"es-as-parish-020700","slug":"aller-cuergo","name":"Cuergo","localName":"Cuergo","aliases":[],"kind":"parish","boundaryStatus":"statistical","parentId":"es-as-concejo-33002","population":null,"areaKm2":4.1,"density":null,"referenceYear":null,"sourceId":"sadei-parishes","bbox":[-5.5983,43.10951,-5.56227,43.13486],"center":[-5.580285,43.122185]},"geometry":{"type":"Point","coordinates":[-5.580285,43.122185]}},{"type":"Feature","id":"es-as-parish-010400","properties":{"id":"es-as-parish-010400","slug":"allande-celon","name":"Celón","localName":"Celón","aliases":[],"kind":"parish","boundaryStatus":"statistical","parentId":"es-as-concejo-33001","population":null,"areaKm2":4.1,"density":null,"referenceYear":null,"sourceId":"sadei-parishes","bbox":[-6.61087,43.22278,-6.56419,43.24342],"center":[-6.58753,43.2331]},"geometry":{"type":"Point","coordinates":[-6.58753,43.2331]}},{"type":"Feature","id":"es-as-parish-011400","properties":{"id":"es-as-parish-011400","slug":"allande-villagrufe","name":"Villagrufe","localName":"Villagrufe","aliases":[],"kind":"parish","boundaryStatus":"statistical","parentId":"es-as-concejo-33001","population":null,"areaKm2":23.1,"density":null,"referenceYear":null,"sourceId":"sadei-parishes","bbox":[-6.69445,43.21819,-6.58442,43.25676],"center":[-6.639435,43.237475]},"geometry":{"type":"Point","coordinates":[-6.639435,43.237475]}},{"type":"Feature","id":"es-as-parish-010600","properties":{"id":"es-as-parish-010600","slug":"allande-linares","name":"Linares","localName":"Linares","aliases":[],"kind":"parish","boundaryStatus":"statistical","parentId":"es-as-concejo-33001","population":null,"areaKm2":4.1,"density":null,"referenceYear":null,"sourceId":"sadei-parishes","bbox":[-6.57054,43.22498,-6.53084,43.24432],"center":[-6.55069,43.23465]},"geometry":{"type":"Point","coordinates":[-6.55069,43.23465]}},{"type":"Feature","id":"es-as-parish-011600","properties":{"id":"es-as-parish-011600","slug":"allande-villavaser","name":"Villavaser","localName":"Villavaser","aliases":[],"kind":"parish","boundaryStatus":"statistical","parentId":"es-as-concejo-33001","population":null,"areaKm2":4.2,"density":null,"referenceYear":null,"sourceId":"sadei-parishes","bbox":[-6.58757,43.23421,-6.5556,43.26536],"center":[-6.571585000000001,43.249785]},"geometry":{"type":"Point","coordinates":[-6.571585000000001,43.249785]}},{"type":"Feature","id":"es-as-parish-020500","properties":{"id":"es-as-parish-020500","slug":"aller-casomera","name":"Casomera","localName":"Casomera","aliases":[],"kind":"parish","boundaryStatus":"statistical","parentId":"es-as-concejo-33002","population":null,"areaKm2":70.5,"density":null,"referenceYear":null,"sourceId":"sadei-parishes","bbox":[-5.65044,43.01835,-5.48045,43.10049],"center":[-5.565445,43.05942]},"geometry":{"type":"Point","coordinates":[-5.565445,43.05942]}},{"type":"Feature","id":"es-as-parish-020800","properties":{"id":"es-as-parish-020800","slug":"aller-l-lamas","name":"L.lamas","localName":"L.lamas","aliases":[],"kind":"parish","boundaryStatus":"statistical","parentId":"es-as-concejo-33002","population":null,"areaKm2":4.4,"density":null,"referenceYear":null,"sourceId":"sadei-parishes","bbox":[-5.5789,43.0953,-5.54359,43.11885],"center":[-5.5612449999999995,43.107075]},"geometry":{"type":"Point","coordinates":[-5.5612449999999995,43.107075]}},{"type":"Feature","id":"es-as-parish-021000","properties":{"id":"es-as-parish-021000","slug":"aller-murias","name":"Murias","localName":"Murias","aliases":[],"kind":"parish","boundaryStatus":"statistical","parentId":"es-as-concejo-33002","population":null,"areaKm2":49.5,"density":null,"referenceYear":null,"sourceId":"sadei-parishes","bbox":[-5.70285,43.04422,-5.616,43.14241],"center":[-5.659425,43.093315000000004]},"geometry":{"type":"Point","coordinates":[-5.659425,43.093315000000004]}},{"type":"Feature","id":"es-as-parish-021300","properties":{"id":"es-as-parish-021300","slug":"aller-pino-el","name":"Pino, El","localName":"Pino, El","aliases":[],"kind":"parish","boundaryStatus":"statistical","parentId":"es-as-concejo-33002","population":null,"areaKm2":89,"density":null,"referenceYear":null,"sourceId":"sadei-parishes","bbox":[-5.55114,43.04749,-5.3831,43.148],"center":[-5.4671199999999995,43.097745]},"geometry":{"type":"Point","coordinates":[-5.4671199999999995,43.097745]}},{"type":"Feature","id":"es-as-parish-021500","properties":{"id":"es-as-parish-021500","slug":"aller-santibanes-de-la-fuente","name":"Santibanes De La Fuente","localName":"Santibanes De La Fuente","aliases":[],"kind":"parish","boundaryStatus":"statistical","parentId":"es-as-concejo-33002","population":null,"areaKm2":12,"density":null,"referenceYear":null,"sourceId":"sadei-parishes","bbox":[-5.57237,43.10963,-5.51243,43.14968],"center":[-5.542400000000001,43.129655]},"geometry":{"type":"Point","coordinates":[-5.542400000000001,43.129655]}},{"type":"Feature","id":"es-as-parish-020100","properties":{"id":"es-as-parish-020100","slug":"aller-beyo","name":"Beyo","localName":"Beyo","aliases":[],"kind":"parish","boundaryStatus":"statistical","parentId":"es-as-concejo-33002","population":null,"areaKm2":14.1,"density":null,"referenceYear":null,"sourceId":"sadei-parishes","bbox":[-5.64263,43.10192,-5.58424,43.15476],"center":[-5.613435,43.12834]},"geometry":{"type":"Point","coordinates":[-5.613435,43.12834]}},{"type":"Feature","id":"es-as-parish-021100","properties":{"id":"es-as-parish-021100","slug":"aller-nembra","name":"Nembra","localName":"Nembra","aliases":[],"kind":"parish","boundaryStatus":"statistical","parentId":"es-as-concejo-33002","population":null,"areaKm2":22.9,"density":null,"referenceYear":null,"sourceId":"sadei-parishes","bbox":[-5.73458,43.09129,-5.67616,43.159],"center":[-5.70537,43.125145]},"geometry":{"type":"Point","coordinates":[-5.70537,43.125145]}},{"type":"Feature","id":"es-as-parish-020300","properties":{"id":"es-as-parish-020300","slug":"aller-cabanaquinta-cabanaquinta","name":"Cabanaquinta / Cabañaquinta","localName":"Cabanaquinta / Cabañaquinta","aliases":[],"kind":"parish","boundaryStatus":"statistical","parentId":"es-as-concejo-33002","population":null,"areaKm2":4.2,"density":null,"referenceYear":null,"sourceId":"sadei-parishes","bbox":[-5.63944,43.13426,-5.61176,43.17026],"center":[-5.6256,43.15226]},"geometry":{"type":"Point","coordinates":[-5.6256,43.15226]}},{"type":"Feature","id":"es-as-parish-021200","properties":{"id":"es-as-parish-021200","slug":"aller-pel-luno","name":"Pel.luno","localName":"Pel.luno","aliases":[],"kind":"parish","boundaryStatus":"statistical","parentId":"es-as-concejo-33002","population":null,"areaKm2":16.8,"density":null,"referenceYear":null,"sourceId":"sadei-parishes","bbox":[-5.59347,43.1311,-5.51648,43.1752],"center":[-5.554975,43.15315]},"geometry":{"type":"Point","coordinates":[-5.554975,43.15315]}},{"type":"Feature","id":"es-as-parish-021700","properties":{"id":"es-as-parish-021700","slug":"aller-soto","name":"Soto","localName":"Soto","aliases":[],"kind":"parish","boundaryStatus":"statistical","parentId":"es-as-concejo-33002","population":null,"areaKm2":11.7,"density":null,"referenceYear":null,"sourceId":"sadei-parishes","bbox":[-5.68212,43.13155,-5.62644,43.17693],"center":[-5.65428,43.15424]},"geometry":{"type":"Point","coordinates":[-5.65428,43.15424]}},{"type":"Feature","id":"es-as-parish-021800","properties":{"id":"es-as-parish-021800","slug":"aller-vega","name":"Vega","localName":"Vega","aliases":[],"kind":"parish","boundaryStatus":"statistical","parentId":"es-as-concejo-33002","population":null,"areaKm2":6.8,"density":null,"referenceYear":null,"sourceId":"sadei-parishes","bbox":[-5.61585,43.14573,-5.57942,43.17966],"center":[-5.597635,43.162695]},"geometry":{"type":"Point","coordinates":[-5.597635,43.162695]}},{"type":"Feature","id":"es-as-parish-020200","properties":{"id":"es-as-parish-020200","slug":"aller-bo","name":"Bo","localName":"Bo","aliases":[],"kind":"parish","boundaryStatus":"statistical","parentId":"es-as-concejo-33002","population":null,"areaKm2":7.3,"density":null,"referenceYear":null,"sourceId":"sadei-parishes","bbox":[-5.79028,43.1444,-5.75094,43.18344],"center":[-5.77061,43.16392]},"geometry":{"type":"Point","coordinates":[-5.77061,43.16392]}},{"type":"Feature","id":"es-as-parish-021400","properties":{"id":"es-as-parish-021400","slug":"aller-pineres","name":"Piñeres","localName":"Piñeres","aliases":[],"kind":"parish","boundaryStatus":"statistical","parentId":"es-as-concejo-33002","population":null,"areaKm2":16.6,"density":null,"referenceYear":null,"sourceId":"sadei-parishes","bbox":[-5.71775,43.14945,-5.64288,43.19307],"center":[-5.680315,43.171260000000004]},"geometry":{"type":"Point","coordinates":[-5.680315,43.171260000000004]}},{"type":"Feature","id":"es-as-parish-020400","properties":{"id":"es-as-parish-020400","slug":"aller-caborana","name":"Caborana","localName":"Caborana","aliases":[],"kind":"parish","boundaryStatus":"statistical","parentId":"es-as-concejo-33002","population":null,"areaKm2":3.3,"density":null,"referenceYear":null,"sourceId":"sadei-parishes","bbox":[-5.76509,43.17165,-5.7393,43.19312],"center":[-5.752195,43.182385]},"geometry":{"type":"Point","coordinates":[-5.752195,43.182385]}},{"type":"Feature","id":"es-as-parish-021600","properties":{"id":"es-as-parish-021600","slug":"aller-serrapio","name":"Serrapio","localName":"Serrapio","aliases":[],"kind":"parish","boundaryStatus":"statistical","parentId":"es-as-concejo-33002","population":null,"areaKm2":9.2,"density":null,"referenceYear":null,"sourceId":"sadei-parishes","bbox":[-5.66638,43.16206,-5.60631,43.19328],"center":[-5.636345,43.17767]},"geometry":{"type":"Point","coordinates":[-5.636345,43.17767]}},{"type":"Feature","id":"es-as-parish-040300","properties":{"id":"es-as-parish-040300","slug":"aviles-san-cristobal-entrevinas","name":"San Cristóbal Entreviñas","localName":"San Cristóbal Entreviñas","aliases":[],"kind":"parish","boundaryStatus":"statistical","parentId":"es-as-concejo-33004","population":null,"areaKm2":3.1,"density":null,"referenceYear":null,"sourceId":"sadei-parishes","bbox":[-5.95586,43.55132,-5.92886,43.57375],"center":[-5.942360000000001,43.562535]},"geometry":{"type":"Point","coordinates":[-5.942360000000001,43.562535]}},{"type":"Feature","id":"es-as-parish-020900","properties":{"id":"es-as-parish-020900","slug":"aller-morea-moreda","name":"Morea / Moreda","localName":"Morea / Moreda","aliases":[],"kind":"parish","boundaryStatus":"statistical","parentId":"es-as-concejo-33002","population":null,"areaKm2":25.6,"density":null,"referenceYear":null,"sourceId":"sadei-parishes","bbox":[-5.77939,43.10784,-5.71154,43.19322],"center":[-5.745465,43.15053]},"geometry":{"type":"Point","coordinates":[-5.745465,43.15053]}},{"type":"Feature","id":"es-as-parish-030200","properties":{"id":"es-as-parish-030200","slug":"amieva-samartin","name":"Samartín","localName":"Samartín","aliases":[],"kind":"parish","boundaryStatus":"statistical","parentId":"es-as-concejo-33003","population":null,"areaKm2":15.2,"density":null,"referenceYear":null,"sourceId":"sadei-parishes","bbox":[-5.14187,43.22086,-5.07829,43.25899],"center":[-5.11008,43.239925]},"geometry":{"type":"Point","coordinates":[-5.11008,43.239925]}},{"type":"Feature","id":"es-as-parish-030100","properties":{"id":"es-as-parish-030100","slug":"amieva-amieva","name":"Amieva","localName":"Amieva","aliases":[],"kind":"parish","boundaryStatus":"statistical","parentId":"es-as-concejo-33003","population":null,"areaKm2":48.7,"density":null,"referenceYear":null,"sourceId":"sadei-parishes","bbox":[-5.08812,43.17026,-4.97051,43.26417],"center":[-5.029315,43.217214999999996]},"geometry":{"type":"Point","coordinates":[-5.029315,43.217214999999996]}},{"type":"Feature","id":"es-as-parish-030400","properties":{"id":"es-as-parish-030400","slug":"amieva-san-roman","name":"San Román","localName":"San Román","aliases":[],"kind":"parish","boundaryStatus":"statistical","parentId":"es-as-concejo-33003","population":null,"areaKm2":6.2,"density":null,"referenceYear":null,"sourceId":"sadei-parishes","bbox":[-5.10202,43.24985,-5.05821,43.27786],"center":[-5.080115,43.263855]},"geometry":{"type":"Point","coordinates":[-5.080115,43.263855]}},{"type":"Feature","id":"es-as-parish-030500","properties":{"id":"es-as-parish-030500","slug":"amieva-sebarga","name":"Sebarga","localName":"Sebarga","aliases":[],"kind":"parish","boundaryStatus":"statistical","parentId":"es-as-concejo-33003","population":null,"areaKm2":25.6,"density":null,"referenceYear":null,"sourceId":"sadei-parishes","bbox":[-5.20872,43.22192,-5.12743,43.30033],"center":[-5.168075,43.261125]},"geometry":{"type":"Point","coordinates":[-5.168075,43.261125]}},{"type":"Feature","id":"es-as-parish-030300","properties":{"id":"es-as-parish-030300","slug":"amieva-mian","name":"Mian","localName":"Mian","aliases":[],"kind":"parish","boundaryStatus":"statistical","parentId":"es-as-concejo-33003","population":null,"areaKm2":19.3,"density":null,"referenceYear":null,"sourceId":"sadei-parishes","bbox":[-5.16348,43.25542,-5.09494,43.30721],"center":[-5.1292100000000005,43.281315]},"geometry":{"type":"Point","coordinates":[-5.1292100000000005,43.281315]}},{"type":"Feature","id":"es-as-parish-040200","properties":{"id":"es-as-parish-040200","slug":"aviles-madalena-de-corros-la","name":"Madalena De Corros, La","localName":"Madalena De Corros, La","aliases":[],"kind":"parish","boundaryStatus":"statistical","parentId":"es-as-concejo-33004","population":null,"areaKm2":1.7,"density":null,"referenceYear":null,"sourceId":"sadei-parishes","bbox":[-5.93803,43.53171,-5.91559,43.54704],"center":[-5.92681,43.539375]},"geometry":{"type":"Point","coordinates":[-5.92681,43.539375]}},{"type":"Feature","id":"es-as-parish-040500","properties":{"id":"es-as-parish-040500","slug":"aviles-miranda","name":"Miranda","localName":"Miranda","aliases":[],"kind":"parish","boundaryStatus":"statistical","parentId":"es-as-concejo-33004","population":null,"areaKm2":2,"density":null,"referenceYear":null,"sourceId":"sadei-parishes","bbox":[-5.95365,43.53398,-5.93481,43.55511],"center":[-5.944229999999999,43.544545]},"geometry":{"type":"Point","coordinates":[-5.944229999999999,43.544545]}},{"type":"Feature","id":"es-as-parish-040100","properties":{"id":"es-as-parish-040100","slug":"aviles-aviles","name":"Avilés","localName":"Avilés","aliases":[],"kind":"parish","boundaryStatus":"statistical","parentId":"es-as-concejo-33004","population":null,"areaKm2":9.7,"density":null,"referenceYear":null,"sourceId":"sadei-parishes","bbox":[-5.94444,43.53054,-5.88877,43.58134],"center":[-5.916605000000001,43.55594]},"geometry":{"type":"Point","coordinates":[-5.916605000000001,43.55594]}},{"type":"Feature","id":"es-as-parish-040400","properties":{"id":"es-as-parish-040400","slug":"aviles-san-xuan-de-nieva","name":"San Xuan De Nieva","localName":"San Xuan De Nieva","aliases":[],"kind":"parish","boundaryStatus":"statistical","parentId":"es-as-concejo-33004","population":null,"areaKm2":0.7,"density":null,"referenceYear":null,"sourceId":"sadei-parishes","bbox":[-5.9392,43.58084,-5.92171,43.59434],"center":[-5.930455,43.587590000000006]},"geometry":{"type":"Point","coordinates":[-5.930455,43.587590000000006]}},{"type":"Feature","id":"es-as-parish-040600","properties":{"id":"es-as-parish-040600","slug":"aviles-valliniello-navarro","name":"Valliniello / Navarro","localName":"Valliniello / Navarro","aliases":[],"kind":"parish","boundaryStatus":"statistical","parentId":"es-as-concejo-33004","population":null,"areaKm2":9.5,"density":null,"referenceYear":null,"sourceId":"sadei-parishes","bbox":[-5.92233,43.55273,-5.87675,43.596],"center":[-5.89954,43.574365]},"geometry":{"type":"Point","coordinates":[-5.89954,43.574365]}},{"type":"Feature","id":"es-as-parish-050600","properties":{"id":"es-as-parish-050600","slug":"belmonte-de-miranda-cuevas","name":"Cuevas","localName":"Cuevas","aliases":[],"kind":"parish","boundaryStatus":"statistical","parentId":"es-as-concejo-33005","population":null,"areaKm2":7.7,"density":null,"referenceYear":null,"sourceId":"sadei-parishes","bbox":[-6.34115,43.17716,-6.29301,43.20551],"center":[-6.31708,43.191334999999995]},"geometry":{"type":"Point","coordinates":[-6.31708,43.191334999999995]}},{"type":"Feature","id":"es-as-parish-051000","properties":{"id":"es-as-parish-051000","slug":"belmonte-de-miranda-montoubu","name":"Montoubu","localName":"Montoubu","aliases":[],"kind":"parish","boundaryStatus":"statistical","parentId":"es-as-concejo-33005","population":null,"areaKm2":12.8,"density":null,"referenceYear":null,"sourceId":"sadei-parishes","bbox":[-6.2516,43.17452,-6.19757,43.22446],"center":[-6.224584999999999,43.19949]},"geometry":{"type":"Point","coordinates":[-6.224584999999999,43.19949]}},{"type":"Feature","id":"es-as-parish-050900","properties":{"id":"es-as-parish-050900","slug":"belmonte-de-miranda-l-lamosu","name":"L.lamosu","localName":"L.lamosu","aliases":[],"kind":"parish","boundaryStatus":"statistical","parentId":"es-as-concejo-33005","population":null,"areaKm2":6.8,"density":null,"referenceYear":null,"sourceId":"sadei-parishes","bbox":[-6.24067,43.2014,-6.19938,43.23443],"center":[-6.220025,43.217915000000005]},"geometry":{"type":"Point","coordinates":[-6.220025,43.217915000000005]}},{"type":"Feature","id":"es-as-parish-050100","properties":{"id":"es-as-parish-050100","slug":"belmonte-de-miranda-auguera","name":"Augüera","localName":"Augüera","aliases":[],"kind":"parish","boundaryStatus":"statistical","parentId":"es-as-concejo-33005","population":null,"areaKm2":30.2,"density":null,"referenceYear":null,"sourceId":"sadei-parishes","bbox":[-6.33694,43.19452,-6.23311,43.25064],"center":[-6.285025,43.222579999999994]},"geometry":{"type":"Point","coordinates":[-6.285025,43.222579999999994]}},{"type":"Feature","id":"es-as-parish-051400","properties":{"id":"es-as-parish-051400","slug":"belmonte-de-miranda-samartin-d-ondes","name":"Samartín D'ondes","localName":"Samartín D'ondes","aliases":[],"kind":"parish","boundaryStatus":"statistical","parentId":"es-as-concejo-33005","population":null,"areaKm2":9.5,"density":null,"referenceYear":null,"sourceId":"sadei-parishes","bbox":[-6.23883,43.22893,-6.19109,43.26477],"center":[-6.21496,43.246849999999995]},"geometry":{"type":"Point","coordinates":[-6.21496,43.246849999999995]}},{"type":"Feature","id":"es-as-parish-051500","properties":{"id":"es-as-parish-051500","slug":"belmonte-de-miranda-vigana","name":"Vigaña","localName":"Vigaña","aliases":[],"kind":"parish","boundaryStatus":"statistical","parentId":"es-as-concejo-33005","population":null,"areaKm2":5,"density":null,"referenceYear":null,"sourceId":"sadei-parishes","bbox":[-6.26181,43.24009,-6.23007,43.26934],"center":[-6.24594,43.254715000000004]},"geometry":{"type":"Point","coordinates":[-6.24594,43.254715000000004]}},{"type":"Feature","id":"es-as-parish-050700","properties":{"id":"es-as-parish-050700","slug":"belmonte-de-miranda-estacas-las","name":"Estacas, Las","localName":"Estacas, Las","aliases":[],"kind":"parish","boundaryStatus":"statistical","parentId":"es-as-concejo-33005","population":null,"areaKm2":13.5,"density":null,"referenceYear":null,"sourceId":"sadei-parishes","bbox":[-6.30545,43.22779,-6.24981,43.28815],"center":[-6.27763,43.25797]},"geometry":{"type":"Point","coordinates":[-6.27763,43.25797]}},{"type":"Feature","id":"es-as-parish-051100","properties":{"id":"es-as-parish-051100","slug":"belmonte-de-miranda-quintana","name":"Quintana","localName":"Quintana","aliases":[],"kind":"parish","boundaryStatus":"statistical","parentId":"es-as-concejo-33005","population":null,"areaKm2":22.3,"density":null,"referenceYear":null,"sourceId":"sadei-parishes","bbox":[-6.34194,43.23291,-6.27397,43.2989],"center":[-6.307955,43.265905000000004]},"geometry":{"type":"Point","coordinates":[-6.307955,43.265905000000004]}},{"type":"Feature","id":"es-as-parish-050400","properties":{"id":"es-as-parish-050400","slug":"belmonte-de-miranda-belmonte-balmonte","name":"Belmonte / Balmonte","localName":"Belmonte / Balmonte","aliases":[],"kind":"parish","boundaryStatus":"statistical","parentId":"es-as-concejo-33005","population":null,"areaKm2":33.3,"density":null,"referenceYear":null,"sourceId":"sadei-parishes","bbox":[-6.28266,43.25167,-6.1862,43.32821],"center":[-6.23443,43.28994]},"geometry":{"type":"Point","coordinates":[-6.23443,43.28994]}},{"type":"Feature","id":"es-as-parish-050300","properties":{"id":"es-as-parish-050300","slug":"belmonte-de-miranda-bixega","name":"Bixega","localName":"Bixega","aliases":[],"kind":"parish","boundaryStatus":"statistical","parentId":"es-as-concejo-33005","population":null,"areaKm2":16,"density":null,"referenceYear":null,"sourceId":"sadei-parishes","bbox":[-6.32679,43.28041,-6.26273,43.32995],"center":[-6.29476,43.30518]},"geometry":{"type":"Point","coordinates":[-6.29476,43.30518]}},{"type":"Feature","id":"es-as-parish-050800","properties":{"id":"es-as-parish-050800","slug":"belmonte-de-miranda-lleiguarda","name":"Lleiguarda","localName":"Lleiguarda","aliases":[],"kind":"parish","boundaryStatus":"statistical","parentId":"es-as-concejo-33005","population":null,"areaKm2":17.4,"density":null,"referenceYear":null,"sourceId":"sadei-parishes","bbox":[-6.28423,43.30163,-6.20639,43.35111],"center":[-6.24531,43.32637]},"geometry":{"type":"Point","coordinates":[-6.24531,43.32637]}},{"type":"Feature","id":"es-as-parish-051300","properties":{"id":"es-as-parish-051300","slug":"belmonte-de-miranda-samartin-de-llodon","name":"Samartín De Llodón","localName":"Samartín De Llodón","aliases":[],"kind":"parish","boundaryStatus":"statistical","parentId":"es-as-concejo-33005","population":null,"areaKm2":8.8,"density":null,"referenceYear":null,"sourceId":"sadei-parishes","bbox":[-6.21676,43.31498,-6.17208,43.35832],"center":[-6.19442,43.33665]},"geometry":{"type":"Point","coordinates":[-6.19442,43.33665]}},{"type":"Feature","id":"es-as-parish-050500","properties":{"id":"es-as-parish-050500","slug":"belmonte-de-miranda-castaneu","name":"Castañéu","localName":"Castañéu","aliases":[],"kind":"parish","boundaryStatus":"statistical","parentId":"es-as-concejo-33005","population":null,"areaKm2":6.5,"density":null,"referenceYear":null,"sourceId":"sadei-parishes","bbox":[-6.25762,43.33995,-6.2125,43.36607],"center":[-6.235060000000001,43.35301]},"geometry":{"type":"Point","coordinates":[-6.235060000000001,43.35301]}},{"type":"Feature","id":"es-as-parish-051200","properties":{"id":"es-as-parish-051200","slug":"belmonte-de-miranda-san-bartolome","name":"San Bartolomé","localName":"San Bartolomé","aliases":[],"kind":"parish","boundaryStatus":"statistical","parentId":"es-as-concejo-33005","population":null,"areaKm2":11.2,"density":null,"referenceYear":null,"sourceId":"sadei-parishes","bbox":[-6.18775,43.32962,-6.13033,43.37104],"center":[-6.15904,43.35033]},"geometry":{"type":"Point","coordinates":[-6.15904,43.35033]}},{"type":"Feature","id":"es-as-parish-260600","properties":{"id":"es-as-parish-260600","slug":"grado-castaneu","name":"Castañéu","localName":"Castañéu","aliases":[],"kind":"parish","boundaryStatus":"statistical","parentId":"es-as-concejo-33026","population":null,"areaKm2":4,"density":null,"referenceYear":null,"sourceId":"sadei-parishes","bbox":[-6.09129,43.39298,-6.04484,43.41232],"center":[-6.068065,43.40265]},"geometry":{"type":"Point","coordinates":[-6.068065,43.40265]}},{"type":"Feature","id":"es-as-parish-060100","properties":{"id":"es-as-parish-060100","slug":"bimenes-santu-medero","name":"Santu Medero","localName":"Santu Medero","aliases":[],"kind":"parish","boundaryStatus":"statistical","parentId":"es-as-concejo-33006","population":null,"areaKm2":17.4,"density":null,"referenceYear":null,"sourceId":"sadei-parishes","bbox":[-5.60667,43.29298,-5.50999,43.33267],"center":[-5.55833,43.312825000000004]},"geometry":{"type":"Point","coordinates":[-5.55833,43.312825000000004]}},{"type":"Feature","id":"es-as-parish-060300","properties":{"id":"es-as-parish-060300","slug":"bimenes-suares","name":"Suares","localName":"Suares","aliases":[],"kind":"parish","boundaryStatus":"statistical","parentId":"es-as-concejo-33006","population":null,"areaKm2":3.8,"density":null,"referenceYear":null,"sourceId":"sadei-parishes","bbox":[-5.60292,43.32493,-5.57872,43.35277],"center":[-5.59082,43.33885]},"geometry":{"type":"Point","coordinates":[-5.59082,43.33885]}},{"type":"Feature","id":"es-as-parish-060200","properties":{"id":"es-as-parish-060200","slug":"bimenes-santuyano-san-julian","name":"Santuyano / San Julián","localName":"Santuyano / San Julián","aliases":[],"kind":"parish","boundaryStatus":"statistical","parentId":"es-as-concejo-33006","population":null,"areaKm2":11.4,"density":null,"referenceYear":null,"sourceId":"sadei-parishes","bbox":[-5.58738,43.31622,-5.51881,43.3573],"center":[-5.553095,43.33676]},"geometry":{"type":"Point","coordinates":[-5.553095,43.33676]}},{"type":"Feature","id":"es-as-parish-070300","properties":{"id":"es-as-parish-070300","slug":"boal-doiras","name":"Doiras","localName":"Doiras","aliases":[],"kind":"parish","boundaryStatus":"statistical","parentId":"es-as-concejo-33007","population":null,"areaKm2":11.7,"density":null,"referenceYear":null,"sourceId":"sadei-parishes","bbox":[-6.85477,43.38227,-6.80151,43.42202],"center":[-6.82814,43.402145000000004]},"geometry":{"type":"Point","coordinates":[-6.82814,43.402145000000004]}},{"type":"Feature","id":"es-as-parish-371100","properties":{"id":"es-as-parish-371100","slug":"mieres-santuyano","name":"Santuyano","localName":"Santuyano","aliases":[],"kind":"parish","boundaryStatus":"statistical","parentId":"es-as-concejo-33037","population":null,"areaKm2":1.5,"density":null,"referenceYear":null,"sourceId":"sadei-parishes","bbox":[-5.78933,43.21305,-5.76735,43.23184],"center":[-5.77834,43.222445]},"geometry":{"type":"Point","coordinates":[-5.77834,43.222445]}},{"type":"Feature","id":"es-as-parish-070100","properties":{"id":"es-as-parish-070100","slug":"boal-boal-bual","name":"Boal / Bual","localName":"Boal / Bual","aliases":[],"kind":"parish","boundaryStatus":"statistical","parentId":"es-as-concejo-33007","population":null,"areaKm2":26.1,"density":null,"referenceYear":null,"sourceId":"sadei-parishes","bbox":[-6.8427,43.39382,-6.75966,43.45756],"center":[-6.8011800000000004,43.42569]},"geometry":{"type":"Point","coordinates":[-6.8011800000000004,43.42569]}},{"type":"Feature","id":"es-as-parish-070400","properties":{"id":"es-as-parish-070400","slug":"boal-lebredo","name":"Lebredo","localName":"Lebredo","aliases":[],"kind":"parish","boundaryStatus":"statistical","parentId":"es-as-concejo-33007","population":null,"areaKm2":5.9,"density":null,"referenceYear":null,"sourceId":"sadei-parishes","bbox":[-6.82469,43.44651,-6.78204,43.47263],"center":[-6.803365,43.45957]},"geometry":{"type":"Point","coordinates":[-6.803365,43.45957]}},{"type":"Feature","id":"es-as-parish-090200","properties":{"id":"es-as-parish-090200","slug":"cabranes-fresneu","name":"Fresnéu","localName":"Fresnéu","aliases":[],"kind":"parish","boundaryStatus":"statistical","parentId":"es-as-concejo-33009","population":null,"areaKm2":12,"density":null,"referenceYear":null,"sourceId":"sadei-parishes","bbox":[-5.46783,43.37622,-5.40557,43.41678],"center":[-5.4367,43.3965]},"geometry":{"type":"Point","coordinates":[-5.4367,43.3965]}},{"type":"Feature","id":"es-as-parish-070200","properties":{"id":"es-as-parish-070200","slug":"boal-castrillon","name":"Castrillón","localName":"Castrillón","aliases":[],"kind":"parish","boundaryStatus":"statistical","parentId":"es-as-concejo-33007","population":null,"areaKm2":19.5,"density":null,"referenceYear":null,"sourceId":"sadei-parishes","bbox":[-6.83191,43.34802,-6.75934,43.40578],"center":[-6.795624999999999,43.3769]},"geometry":{"type":"Point","coordinates":[-6.795624999999999,43.3769]}},{"type":"Feature","id":"es-as-parish-070500","properties":{"id":"es-as-parish-070500","slug":"boal-ronda-la","name":"Ronda, La","localName":"Ronda, La","aliases":[],"kind":"parish","boundaryStatus":"statistical","parentId":"es-as-concejo-33007","population":null,"areaKm2":15.7,"density":null,"referenceYear":null,"sourceId":"sadei-parishes","bbox":[-6.94269,43.37305,-6.853,43.41842],"center":[-6.897845,43.395735]},"geometry":{"type":"Point","coordinates":[-6.897845,43.395735]}},{"type":"Feature","id":"es-as-parish-090300","properties":{"id":"es-as-parish-090300","slug":"cabranes-grameu","name":"Graméu","localName":"Graméu","aliases":[],"kind":"parish","boundaryStatus":"statistical","parentId":"es-as-concejo-33009","population":null,"areaKm2":1.4,"density":null,"referenceYear":null,"sourceId":"sadei-parishes","bbox":[-5.38574,43.40353,-5.36615,43.42159],"center":[-5.375945,43.41256]},"geometry":{"type":"Point","coordinates":[-5.375945,43.41256]}},{"type":"Feature","id":"es-as-parish-070600","properties":{"id":"es-as-parish-070600","slug":"boal-rozadas","name":"Rozadas","localName":"Rozadas","aliases":[],"kind":"parish","boundaryStatus":"statistical","parentId":"es-as-concejo-33007","population":null,"areaKm2":23.6,"density":null,"referenceYear":null,"sourceId":"sadei-parishes","bbox":[-6.91436,43.40312,-6.82295,43.4591],"center":[-6.868655,43.431110000000004]},"geometry":{"type":"Point","coordinates":[-6.868655,43.431110000000004]}},{"type":"Feature","id":"es-as-parish-070700","properties":{"id":"es-as-parish-070700","slug":"boal-serandinas","name":"Serandinas","localName":"Serandinas","aliases":[],"kind":"parish","boundaryStatus":"statistical","parentId":"es-as-concejo-33007","population":null,"areaKm2":17.9,"density":null,"referenceYear":null,"sourceId":"sadei-parishes","bbox":[-6.79087,43.4106,-6.7198,43.46662],"center":[-6.7553350000000005,43.43861]},"geometry":{"type":"Point","coordinates":[-6.7553350000000005,43.43861]}},{"type":"Feature","id":"es-as-parish-080800","properties":{"id":"es-as-parish-080800","slug":"cabrales-sotres","name":"Sotres","localName":"Sotres","aliases":[],"kind":"parish","boundaryStatus":"statistical","parentId":"es-as-concejo-33008","population":null,"areaKm2":37.6,"density":null,"referenceYear":null,"sourceId":"sadei-parishes","bbox":[-4.82156,43.18119,-4.72101,43.25411],"center":[-4.771285,43.21765]},"geometry":{"type":"Point","coordinates":[-4.771285,43.21765]}},{"type":"Feature","id":"es-as-parish-090400","properties":{"id":"es-as-parish-090400","slug":"cabranes-pandenes","name":"Pandenes","localName":"Pandenes","aliases":[],"kind":"parish","boundaryStatus":"statistical","parentId":"es-as-concejo-33009","population":null,"areaKm2":4.2,"density":null,"referenceYear":null,"sourceId":"sadei-parishes","bbox":[-5.49648,43.39692,-5.4471,43.41593],"center":[-5.47179,43.406425]},"geometry":{"type":"Point","coordinates":[-5.47179,43.406425]}},{"type":"Feature","id":"es-as-parish-590500","properties":{"id":"es-as-parish-590500","slug":"salas-camuno","name":"Camuño","localName":"Camuño","aliases":[],"kind":"parish","boundaryStatus":"statistical","parentId":"es-as-concejo-33059","population":null,"areaKm2":5.4,"density":null,"referenceYear":null,"sourceId":"sadei-parishes","bbox":[-6.25263,43.41194,-6.21061,43.43484],"center":[-6.2316199999999995,43.42339]},"geometry":{"type":"Point","coordinates":[-6.2316199999999995,43.42339]}},{"type":"Feature","id":"es-as-parish-080900","properties":{"id":"es-as-parish-080900","slug":"cabrales-tielve","name":"Tielve","localName":"Tielve","aliases":[],"kind":"parish","boundaryStatus":"statistical","parentId":"es-as-concejo-33008","population":null,"areaKm2":23.9,"density":null,"referenceYear":null,"sourceId":"sadei-parishes","bbox":[-4.83477,43.24119,-4.7301,43.28638],"center":[-4.7824349999999995,43.263785]},"geometry":{"type":"Point","coordinates":[-4.7824349999999995,43.263785]}},{"type":"Feature","id":"es-as-parish-080300","properties":{"id":"es-as-parish-080300","slug":"cabrales-bulnes","name":"Bulnes","localName":"Bulnes","aliases":[],"kind":"parish","boundaryStatus":"statistical","parentId":"es-as-concejo-33008","population":null,"areaKm2":61.3,"density":null,"referenceYear":null,"sourceId":"sadei-parishes","bbox":[-4.92691,43.17833,-4.78666,43.28955],"center":[-4.856785,43.233940000000004]},"geometry":{"type":"Point","coordinates":[-4.856785,43.233940000000004]}},{"type":"Feature","id":"es-as-parish-080500","properties":{"id":"es-as-parish-080500","slug":"cabrales-poo","name":"Poo","localName":"Poo","aliases":[],"kind":"parish","boundaryStatus":"statistical","parentId":"es-as-concejo-33008","population":null,"areaKm2":4.6,"density":null,"referenceYear":null,"sourceId":"sadei-parishes","bbox":[-4.85575,43.287,-4.81854,43.32209],"center":[-4.837145,43.304545000000005]},"geometry":{"type":"Point","coordinates":[-4.837145,43.304545000000005]}},{"type":"Feature","id":"es-as-parish-080600","properties":{"id":"es-as-parish-080600","slug":"cabrales-prado","name":"Prado","localName":"Prado","aliases":[],"kind":"parish","boundaryStatus":"statistical","parentId":"es-as-concejo-33008","population":null,"areaKm2":19.2,"density":null,"referenceYear":null,"sourceId":"sadei-parishes","bbox":[-4.94086,43.26808,-4.88728,43.33895],"center":[-4.91407,43.303515]},"geometry":{"type":"Point","coordinates":[-4.91407,43.303515]}},{"type":"Feature","id":"es-as-parish-100800","properties":{"id":"es-as-parish-100800","slug":"candamo-san-roman","name":"San Román","localName":"San Román","aliases":[],"kind":"parish","boundaryStatus":"statistical","parentId":"es-as-concejo-33010","population":null,"areaKm2":4.8,"density":null,"referenceYear":null,"sourceId":"sadei-parishes","bbox":[-6.08993,43.43839,-6.0422,43.47622],"center":[-6.066065,43.457305]},"geometry":{"type":"Point","coordinates":[-6.066065,43.457305]}},{"type":"Feature","id":"es-as-parish-080700","properties":{"id":"es-as-parish-080700","slug":"cabrales-puertas","name":"Puertas","localName":"Puertas","aliases":[],"kind":"parish","boundaryStatus":"statistical","parentId":"es-as-concejo-33008","population":null,"areaKm2":14,"density":null,"referenceYear":null,"sourceId":"sadei-parishes","bbox":[-4.91932,43.31453,-4.8558,43.36075],"center":[-4.887560000000001,43.33764]},"geometry":{"type":"Point","coordinates":[-4.887560000000001,43.33764]}},{"type":"Feature","id":"es-as-parish-080100","properties":{"id":"es-as-parish-080100","slug":"cabrales-arenas-las","name":"Arenas, Las","localName":"Arenas, Las","aliases":[],"kind":"parish","boundaryStatus":"statistical","parentId":"es-as-concejo-33008","population":null,"areaKm2":40.8,"density":null,"referenceYear":null,"sourceId":"sadei-parishes","bbox":[-4.84928,43.26564,-4.73625,43.36212],"center":[-4.792765,43.31388]},"geometry":{"type":"Point","coordinates":[-4.792765,43.31388]}},{"type":"Feature","id":"es-as-parish-080400","properties":{"id":"es-as-parish-080400","slug":"cabrales-carrena","name":"Carreña","localName":"Carreña","aliases":[],"kind":"parish","boundaryStatus":"statistical","parentId":"es-as-concejo-33008","population":null,"areaKm2":21.1,"density":null,"referenceYear":null,"sourceId":"sadei-parishes","bbox":[-4.87551,43.30898,-4.81034,43.36488],"center":[-4.842925,43.336929999999995]},"geometry":{"type":"Point","coordinates":[-4.842925,43.336929999999995]}},{"type":"Feature","id":"es-as-parish-080200","properties":{"id":"es-as-parish-080200","slug":"cabrales-berodia","name":"Berodia","localName":"Berodia","aliases":[],"kind":"parish","boundaryStatus":"statistical","parentId":"es-as-concejo-33008","population":null,"areaKm2":16.2,"density":null,"referenceYear":null,"sourceId":"sadei-parishes","bbox":[-4.90688,43.26439,-4.85037,43.31769],"center":[-4.8786249999999995,43.291039999999995]},"geometry":{"type":"Point","coordinates":[-4.8786249999999995,43.291039999999995]}},{"type":"Feature","id":"es-as-parish-090500","properties":{"id":"es-as-parish-090500","slug":"cabranes-torazu","name":"Torazu","localName":"Torazu","aliases":[],"kind":"parish","boundaryStatus":"statistical","parentId":"es-as-concejo-33009","population":null,"areaKm2":9.8,"density":null,"referenceYear":null,"sourceId":"sadei-parishes","bbox":[-5.42204,43.38393,-5.36748,43.41423],"center":[-5.39476,43.39908]},"geometry":{"type":"Point","coordinates":[-5.39476,43.39908]}},{"type":"Feature","id":"es-as-parish-090100","properties":{"id":"es-as-parish-090100","slug":"cabranes-santolaya","name":"Santolaya","localName":"Santolaya","aliases":[],"kind":"parish","boundaryStatus":"statistical","parentId":"es-as-concejo-33009","population":null,"areaKm2":4.9,"density":null,"referenceYear":null,"sourceId":"sadei-parishes","bbox":[-5.43222,43.40438,-5.37991,43.42506],"center":[-5.406065,43.41472]},"geometry":{"type":"Point","coordinates":[-5.406065,43.41472]}},{"type":"Feature","id":"es-as-parish-090600","properties":{"id":"es-as-parish-090600","slug":"cabranes-vinon","name":"Viñón","localName":"Viñón","aliases":[],"kind":"parish","boundaryStatus":"statistical","parentId":"es-as-concejo-33009","population":null,"areaKm2":6,"density":null,"referenceYear":null,"sourceId":"sadei-parishes","bbox":[-5.44311,43.40851,-5.39674,43.43792],"center":[-5.419925,43.423215]},"geometry":{"type":"Point","coordinates":[-5.419925,43.423215]}},{"type":"Feature","id":"es-as-parish-100200","properties":{"id":"es-as-parish-100200","slug":"candamo-cueru","name":"Cueru","localName":"Cueru","aliases":[],"kind":"parish","boundaryStatus":"statistical","parentId":"es-as-concejo-33010","population":null,"areaKm2":5.1,"density":null,"referenceYear":null,"sourceId":"sadei-parishes","bbox":[-6.06696,43.40209,-6.01495,43.43564],"center":[-6.040955,43.418865]},"geometry":{"type":"Point","coordinates":[-6.040955,43.418865]}},{"type":"Feature","id":"es-as-parish-100700","properties":{"id":"es-as-parish-100700","slug":"candamo-praua","name":"Praúa","localName":"Praúa","aliases":[],"kind":"parish","boundaryStatus":"statistical","parentId":"es-as-concejo-33010","population":null,"areaKm2":11,"density":null,"referenceYear":null,"sourceId":"sadei-parishes","bbox":[-6.116,43.40183,-6.06731,43.44447],"center":[-6.091654999999999,43.42315]},"geometry":{"type":"Point","coordinates":[-6.091654999999999,43.42315]}},{"type":"Feature","id":"es-as-parish-100600","properties":{"id":"es-as-parish-100600","slug":"candamo-murias","name":"Murias","localName":"Murias","aliases":[],"kind":"parish","boundaryStatus":"statistical","parentId":"es-as-concejo-33010","population":null,"areaKm2":9.3,"density":null,"referenceYear":null,"sourceId":"sadei-parishes","bbox":[-6.08208,43.40574,-6.01487,43.4459],"center":[-6.048475,43.42582]},"geometry":{"type":"Point","coordinates":[-6.048475,43.42582]}},{"type":"Feature","id":"es-as-parish-100400","properties":{"id":"es-as-parish-100400","slug":"candamo-grullos","name":"Grullos","localName":"Grullos","aliases":[],"kind":"parish","boundaryStatus":"statistical","parentId":"es-as-concejo-33010","population":null,"areaKm2":2.8,"density":null,"referenceYear":null,"sourceId":"sadei-parishes","bbox":[-6.07373,43.42738,-6.03767,43.44711],"center":[-6.0557,43.437245000000004]},"geometry":{"type":"Point","coordinates":[-6.0557,43.437245000000004]}},{"type":"Feature","id":"es-as-parish-100100","properties":{"id":"es-as-parish-100100","slug":"candamo-aces","name":"Aces","localName":"Aces","aliases":[],"kind":"parish","boundaryStatus":"statistical","parentId":"es-as-concejo-33010","population":null,"areaKm2":1.5,"density":null,"referenceYear":null,"sourceId":"sadei-parishes","bbox":[-6.08082,43.43142,-6.05987,43.44771],"center":[-6.070345,43.439565]},"geometry":{"type":"Point","coordinates":[-6.070345,43.439565]}},{"type":"Feature","id":"es-as-parish-100900","properties":{"id":"es-as-parish-100900","slug":"candamo-san-tisu","name":"San Tisu","localName":"San Tisu","aliases":[],"kind":"parish","boundaryStatus":"statistical","parentId":"es-as-concejo-33010","population":null,"areaKm2":5,"density":null,"referenceYear":null,"sourceId":"sadei-parishes","bbox":[-6.12129,43.43337,-6.08428,43.46061],"center":[-6.102785,43.44699]},"geometry":{"type":"Point","coordinates":[-6.102785,43.44699]}},{"type":"Feature","id":"es-as-parish-100500","properties":{"id":"es-as-parish-100500","slug":"candamo-llameiru","name":"Llameiru","localName":"Llameiru","aliases":[],"kind":"parish","boundaryStatus":"statistical","parentId":"es-as-concejo-33010","population":null,"areaKm2":8,"density":null,"referenceYear":null,"sourceId":"sadei-parishes","bbox":[-6.05383,43.43994,-6.00006,43.46836],"center":[-6.0269449999999996,43.45415]},"geometry":{"type":"Point","coordinates":[-6.0269449999999996,43.45415]}},{"type":"Feature","id":"es-as-parish-101000","properties":{"id":"es-as-parish-101000","slug":"candamo-valle-el","name":"Valle, El","localName":"Valle, El","aliases":[],"kind":"parish","boundaryStatus":"statistical","parentId":"es-as-concejo-33010","population":null,"areaKm2":4.5,"density":null,"referenceYear":null,"sourceId":"sadei-parishes","bbox":[-6.06296,43.44134,-6.02649,43.47972],"center":[-6.044725,43.46053]},"geometry":{"type":"Point","coordinates":[-6.044725,43.46053]}},{"type":"Feature","id":"es-as-parish-100300","properties":{"id":"es-as-parish-100300","slug":"candamo-fenoeda","name":"Fenoeda","localName":"Fenoeda","aliases":[],"kind":"parish","boundaryStatus":"statistical","parentId":"es-as-concejo-33010","population":null,"areaKm2":7.4,"density":null,"referenceYear":null,"sourceId":"sadei-parishes","bbox":[-6.10758,43.45667,-6.04227,43.48652],"center":[-6.074925,43.471595]},"geometry":{"type":"Point","coordinates":[-6.074925,43.471595]}},{"type":"Feature","id":"es-as-parish-101100","properties":{"id":"es-as-parish-101100","slug":"candamo-ventosa","name":"Ventosa","localName":"Ventosa","aliases":[],"kind":"parish","boundaryStatus":"statistical","parentId":"es-as-concejo-33010","population":null,"areaKm2":12.5,"density":null,"referenceYear":null,"sourceId":"sadei-parishes","bbox":[-6.04878,43.46002,-5.98839,43.5093],"center":[-6.018585,43.484660000000005]},"geometry":{"type":"Point","coordinates":[-6.018585,43.484660000000005]}},{"type":"Feature","id":"es-as-parish-113300","properties":{"id":"es-as-parish-113300","slug":"cangas-del-narcea-monesteriu-d-ermu","name":"Monesteriu D'ermu","localName":"Monesteriu D'ermu","aliases":[],"kind":"parish","boundaryStatus":"statistical","parentId":"es-as-concejo-33011","population":null,"areaKm2":31.3,"density":null,"referenceYear":null,"sourceId":"sadei-parishes","bbox":[-6.59097,42.95618,-6.47197,43.00158],"center":[-6.5314700000000006,42.978880000000004]},"geometry":{"type":"Point","coordinates":[-6.5314700000000006,42.978880000000004]}},{"type":"Feature","id":"es-as-parish-112700","properties":{"id":"es-as-parish-112700","slug":"cangas-del-narcea-l-laron","name":"L.larón","localName":"L.larón","aliases":[],"kind":"parish","boundaryStatus":"statistical","parentId":"es-as-concejo-33011","population":null,"areaKm2":20.2,"density":null,"referenceYear":null,"sourceId":"sadei-parishes","bbox":[-6.69303,42.96641,-6.58804,43.0042],"center":[-6.640535,42.985305]},"geometry":{"type":"Point","coordinates":[-6.640535,42.985305]}},{"type":"Feature","id":"es-as-parish-112200","properties":{"id":"es-as-parish-112200","slug":"cangas-del-narcea-xedre","name":"Xedré","localName":"Xedré","aliases":[],"kind":"parish","boundaryStatus":"statistical","parentId":"es-as-concejo-33011","population":null,"areaKm2":12.9,"density":null,"referenceYear":null,"sourceId":"sadei-parishes","bbox":[-6.61964,42.97466,-6.56584,43.02874],"center":[-6.59274,43.0017]},"geometry":{"type":"Point","coordinates":[-6.59274,43.0017]}},{"type":"Feature","id":"es-as-parish-260300","properties":{"id":"es-as-parish-260300","slug":"grado-vayu","name":"Vayu","localName":"Vayu","aliases":[],"kind":"parish","boundaryStatus":"statistical","parentId":"es-as-concejo-33026","population":null,"areaKm2":6.6,"density":null,"referenceYear":null,"sourceId":"sadei-parishes","bbox":[-6.04811,43.31449,-6.00489,43.35357],"center":[-6.0265,43.33403]},"geometry":{"type":"Point","coordinates":[-6.0265,43.33403]}},{"type":"Feature","id":"es-as-parish-112800","properties":{"id":"es-as-parish-112800","slug":"cangas-del-narcea-branas-leitariegos","name":"Brañas / Leitariegos","localName":"Brañas / Leitariegos","aliases":[],"kind":"parish","boundaryStatus":"statistical","parentId":"es-as-concejo-33011","population":null,"areaKm2":16.6,"density":null,"referenceYear":null,"sourceId":"sadei-parishes","bbox":[-6.47977,42.98217,-6.40737,43.0577],"center":[-6.44357,43.019935000000004]},"geometry":{"type":"Point","coordinates":[-6.44357,43.019935000000004]}},{"type":"Feature","id":"es-as-parish-112400","properties":{"id":"es-as-parish-112400","slug":"cangas-del-narcea-xichon-gillon","name":"Xichón / Gillón","localName":"Xichón / Gillón","aliases":[],"kind":"parish","boundaryStatus":"statistical","parentId":"es-as-concejo-33011","population":null,"areaKm2":17.4,"density":null,"referenceYear":null,"sourceId":"sadei-parishes","bbox":[-6.57623,42.99466,-6.51677,43.04421],"center":[-6.5465,43.019435]},"geometry":{"type":"Point","coordinates":[-6.5465,43.019435]}},{"type":"Feature","id":"es-as-parish-114900","properties":{"id":"es-as-parish-114900","slug":"cangas-del-narcea-veiga-de-rengos","name":"Veiga De Rengos","localName":"Veiga De Rengos","aliases":[],"kind":"parish","boundaryStatus":"statistical","parentId":"es-as-concejo-33011","population":null,"areaKm2":27.3,"density":null,"referenceYear":null,"sourceId":"sadei-parishes","bbox":[-6.67141,42.99493,-6.59596,43.06266],"center":[-6.633685,43.028795]},"geometry":{"type":"Point","coordinates":[-6.633685,43.028795]}},{"type":"Feature","id":"es-as-parish-113600","properties":{"id":"es-as-parish-113600","slug":"cangas-del-narcea-noceda","name":"Noceda","localName":"Noceda","aliases":[],"kind":"parish","boundaryStatus":"statistical","parentId":"es-as-concejo-33011","population":null,"areaKm2":13,"density":null,"referenceYear":null,"sourceId":"sadei-parishes","bbox":[-6.59905,43.00909,-6.5284,43.06297],"center":[-6.563725,43.03603]},"geometry":{"type":"Point","coordinates":[-6.563725,43.03603]}},{"type":"Feature","id":"es-as-parish-110900","properties":{"id":"es-as-parish-110900","slug":"cangas-del-narcea-bimeda","name":"Bimeda","localName":"Bimeda","aliases":[],"kind":"parish","boundaryStatus":"statistical","parentId":"es-as-concejo-33011","population":null,"areaKm2":13.6,"density":null,"referenceYear":null,"sourceId":"sadei-parishes","bbox":[-6.56247,43.07596,-6.49413,43.11264],"center":[-6.5283,43.094300000000004]},"geometry":{"type":"Point","coordinates":[-6.5283,43.094300000000004]}},{"type":"Feature","id":"es-as-parish-110400","properties":{"id":"es-as-parish-110400","slug":"cangas-del-narcea-san-xulianu","name":"San Xulianu","localName":"San Xulianu","aliases":[],"kind":"parish","boundaryStatus":"statistical","parentId":"es-as-concejo-33011","population":null,"areaKm2":27.6,"density":null,"referenceYear":null,"sourceId":"sadei-parishes","bbox":[-6.52106,42.99098,-6.45206,43.07058],"center":[-6.486560000000001,43.03078]},"geometry":{"type":"Point","coordinates":[-6.486560000000001,43.03078]}},{"type":"Feature","id":"es-as-parish-115100","properties":{"id":"es-as-parish-115100","slug":"cangas-del-narcea-vil-lacibran","name":"Vil.lacibrán","localName":"Vil.lacibrán","aliases":[],"kind":"parish","boundaryStatus":"statistical","parentId":"es-as-concejo-33011","population":null,"areaKm2":12.2,"density":null,"referenceYear":null,"sourceId":"sadei-parishes","bbox":[-6.53777,43.01918,-6.49562,43.07714],"center":[-6.516695,43.048159999999996]},"geometry":{"type":"Point","coordinates":[-6.516695,43.048159999999996]}},{"type":"Feature","id":"es-as-parish-114200","properties":{"id":"es-as-parish-114200","slug":"cangas-del-narcea-pousada-de-rengos","name":"Pousada De Rengos","localName":"Pousada De Rengos","aliases":[],"kind":"parish","boundaryStatus":"statistical","parentId":"es-as-concejo-33011","population":null,"areaKm2":9.1,"density":null,"referenceYear":null,"sourceId":"sadei-parishes","bbox":[-6.62016,43.04348,-6.57298,43.07775],"center":[-6.59657,43.060615]},"geometry":{"type":"Point","coordinates":[-6.59657,43.060615]}},{"type":"Feature","id":"es-as-parish-110500","properties":{"id":"es-as-parish-110500","slug":"cangas-del-narcea-san-pedru-d-arbas","name":"San Pedru D'arbas","localName":"San Pedru D'arbas","aliases":[],"kind":"parish","boundaryStatus":"statistical","parentId":"es-as-concejo-33011","population":null,"areaKm2":4.5,"density":null,"referenceYear":null,"sourceId":"sadei-parishes","bbox":[-6.51479,43.05569,-6.4822,43.07798],"center":[-6.498495,43.066835]},"geometry":{"type":"Point","coordinates":[-6.498495,43.066835]}},{"type":"Feature","id":"es-as-parish-112300","properties":{"id":"es-as-parish-112300","slug":"cangas-del-narcea-xinestosu","name":"Xinestosu","localName":"Xinestosu","aliases":[],"kind":"parish","boundaryStatus":"statistical","parentId":"es-as-concejo-33011","population":null,"areaKm2":18.7,"density":null,"referenceYear":null,"sourceId":"sadei-parishes","bbox":[-6.43081,43.03808,-6.35839,43.08036],"center":[-6.3946000000000005,43.059219999999996]},"geometry":{"type":"Point","coordinates":[-6.3946000000000005,43.059219999999996]}},{"type":"Feature","id":"es-as-parish-112100","properties":{"id":"es-as-parish-112100","slug":"cangas-del-narcea-fontes-de-corveiru","name":"Fontes De Corveiru","localName":"Fontes De Corveiru","aliases":[],"kind":"parish","boundaryStatus":"statistical","parentId":"es-as-concejo-33011","population":null,"areaKm2":14.2,"density":null,"referenceYear":null,"sourceId":"sadei-parishes","bbox":[-6.47711,43.08654,-6.40191,43.11919],"center":[-6.43951,43.102865]},"geometry":{"type":"Point","coordinates":[-6.43951,43.102865]}},{"type":"Feature","id":"es-as-parish-590100","properties":{"id":"es-as-parish-590100","slug":"salas-alava","name":"Alava","localName":"Alava","aliases":[],"kind":"parish","boundaryStatus":"statistical","parentId":"es-as-concejo-33059","population":null,"areaKm2":4.3,"density":null,"referenceYear":null,"sourceId":"sadei-parishes","bbox":[-6.23189,43.35353,-6.17857,43.37162],"center":[-6.20523,43.362575]},"geometry":{"type":"Point","coordinates":[-6.20523,43.362575]}},{"type":"Feature","id":"es-as-parish-113700","properties":{"id":"es-as-parish-113700","slug":"cangas-del-narcea-oubachu","name":"Oubachu","localName":"Oubachu","aliases":[],"kind":"parish","boundaryStatus":"statistical","parentId":"es-as-concejo-33011","population":null,"areaKm2":56.3,"density":null,"referenceYear":null,"sourceId":"sadei-parishes","bbox":[-6.74643,42.98661,-6.62919,43.08518],"center":[-6.687810000000001,43.035895]},"geometry":{"type":"Point","coordinates":[-6.687810000000001,43.035895]}},{"type":"Feature","id":"es-as-parish-113500","properties":{"id":"es-as-parish-113500","slug":"cangas-del-narcea-naviegu","name":"Naviegu","localName":"Naviegu","aliases":[],"kind":"parish","boundaryStatus":"statistical","parentId":"es-as-concejo-33011","population":null,"areaKm2":17.5,"density":null,"referenceYear":null,"sourceId":"sadei-parishes","bbox":[-6.58565,43.04056,-6.52119,43.09585],"center":[-6.55342,43.068205]},"geometry":{"type":"Point","coordinates":[-6.55342,43.068205]}},{"type":"Feature","id":"es-as-parish-111400","properties":{"id":"es-as-parish-111400","slug":"cangas-del-narcea-cibea","name":"Cibea","localName":"Cibea","aliases":[],"kind":"parish","boundaryStatus":"statistical","parentId":"es-as-concejo-33011","population":null,"areaKm2":41.1,"density":null,"referenceYear":null,"sourceId":"sadei-parishes","bbox":[-6.49614,43.01125,-6.39082,43.09938],"center":[-6.443479999999999,43.05531499999999]},"geometry":{"type":"Point","coordinates":[-6.443479999999999,43.05531499999999]}},{"type":"Feature","id":"es-as-parish-112600","properties":{"id":"es-as-parish-112600","slug":"cangas-del-narcea-larna","name":"Larna","localName":"Larna","aliases":[],"kind":"parish","boundaryStatus":"statistical","parentId":"es-as-concejo-33011","population":null,"areaKm2":10.4,"density":null,"referenceYear":null,"sourceId":"sadei-parishes","bbox":[-6.63879,43.05724,-6.58851,43.09971],"center":[-6.61365,43.078475]},"geometry":{"type":"Point","coordinates":[-6.61365,43.078475]}},{"type":"Feature","id":"es-as-parish-115300","properties":{"id":"es-as-parish-115300","slug":"cangas-del-narcea-vil-larmental","name":"Vil.larmental","localName":"Vil.larmental","aliases":[],"kind":"parish","boundaryStatus":"statistical","parentId":"es-as-concejo-33011","population":null,"areaKm2":5.4,"density":null,"referenceYear":null,"sourceId":"sadei-parishes","bbox":[-6.50645,43.08142,-6.47453,43.11198],"center":[-6.490489999999999,43.0967]},"geometry":{"type":"Point","coordinates":[-6.490489999999999,43.0967]}},{"type":"Feature","id":"es-as-parish-111300","properties":{"id":"es-as-parish-111300","slug":"cangas-del-narcea-castaneu","name":"Castanéu","localName":"Castanéu","aliases":[],"kind":"parish","boundaryStatus":"statistical","parentId":"es-as-concejo-33011","population":null,"areaKm2":2.2,"density":null,"referenceYear":null,"sourceId":"sadei-parishes","bbox":[-6.60707,43.09194,-6.58345,43.1125],"center":[-6.59526,43.10222]},"geometry":{"type":"Point","coordinates":[-6.59526,43.10222]}},{"type":"Feature","id":"es-as-parish-114800","properties":{"id":"es-as-parish-114800","slug":"cangas-del-narcea-trones","name":"Trones","localName":"Trones","aliases":[],"kind":"parish","boundaryStatus":"statistical","parentId":"es-as-concejo-33011","population":null,"areaKm2":11.8,"density":null,"referenceYear":null,"sourceId":"sadei-parishes","bbox":[-6.61897,43.15736,-6.56885,43.2167],"center":[-6.59391,43.18703]},"geometry":{"type":"Point","coordinates":[-6.59391,43.18703]}},{"type":"Feature","id":"es-as-parish-114000","properties":{"id":"es-as-parish-114000","slug":"cangas-del-narcea-pinera","name":"Piñera","localName":"Piñera","aliases":[],"kind":"parish","boundaryStatus":"statistical","parentId":"es-as-concejo-33011","population":null,"areaKm2":5.7,"density":null,"referenceYear":null,"sourceId":"sadei-parishes","bbox":[-6.53181,43.10286,-6.48709,43.12537],"center":[-6.50945,43.114115]},"geometry":{"type":"Point","coordinates":[-6.50945,43.114115]}},{"type":"Feature","id":"es-as-parish-115000","properties":{"id":"es-as-parish-115000","slug":"cangas-del-narcea-veigal-lagar","name":"Veigal.lagar","localName":"Veigal.lagar","aliases":[],"kind":"parish","boundaryStatus":"statistical","parentId":"es-as-concejo-33011","population":null,"areaKm2":68.4,"density":null,"referenceYear":null,"sourceId":"sadei-parishes","bbox":[-6.79934,43.05271,-6.63755,43.12952],"center":[-6.718445,43.091115]},"geometry":{"type":"Point","coordinates":[-6.718445,43.091115]}},{"type":"Feature","id":"es-as-parish-115400","properties":{"id":"es-as-parish-115400","slug":"cangas-del-narcea-vil-latexil","name":"Vil.latexil","localName":"Vil.latexil","aliases":[],"kind":"parish","boundaryStatus":"statistical","parentId":"es-as-concejo-33011","population":null,"areaKm2":4.7,"density":null,"referenceYear":null,"sourceId":"sadei-parishes","bbox":[-6.55848,43.10698,-6.51707,43.13069],"center":[-6.537775,43.118835000000004]},"geometry":{"type":"Point","coordinates":[-6.537775,43.118835000000004]}},{"type":"Feature","id":"es-as-parish-110200","properties":{"id":"es-as-parish-110200","slug":"cangas-del-narcea-auguera","name":"Auguera","localName":"Auguera","aliases":[],"kind":"parish","boundaryStatus":"statistical","parentId":"es-as-concejo-33011","population":null,"areaKm2":10,"density":null,"referenceYear":null,"sourceId":"sadei-parishes","bbox":[-6.65426,43.08237,-6.60898,43.13117],"center":[-6.63162,43.10677]},"geometry":{"type":"Point","coordinates":[-6.63162,43.10677]}},{"type":"Feature","id":"es-as-parish-111500","properties":{"id":"es-as-parish-111500","slug":"cangas-del-narcea-cibuyu","name":"Cibuyu","localName":"Cibuyu","aliases":[],"kind":"parish","boundaryStatus":"statistical","parentId":"es-as-concejo-33011","population":null,"areaKm2":12.9,"density":null,"referenceYear":null,"sourceId":"sadei-parishes","bbox":[-6.61972,43.07772,-6.55233,43.13192],"center":[-6.586025,43.104820000000004]},"geometry":{"type":"Point","coordinates":[-6.586025,43.104820000000004]}},{"type":"Feature","id":"es-as-parish-110800","properties":{"id":"es-as-parish-110800","slug":"cangas-del-narcea-bisuyu","name":"Bisuyu","localName":"Bisuyu","aliases":[],"kind":"parish","boundaryStatus":"statistical","parentId":"es-as-concejo-33011","population":null,"areaKm2":21.3,"density":null,"referenceYear":null,"sourceId":"sadei-parishes","bbox":[-6.70798,43.15496,-6.60246,43.20585],"center":[-6.65522,43.180405]},"geometry":{"type":"Point","coordinates":[-6.65522,43.180405]}},{"type":"Feature","id":"es-as-parish-111100","properties":{"id":"es-as-parish-111100","slug":"cangas-del-narcea-carbachu","name":"Carbachu","localName":"Carbachu","aliases":[],"kind":"parish","boundaryStatus":"statistical","parentId":"es-as-concejo-33011","population":null,"areaKm2":8.4,"density":null,"referenceYear":null,"sourceId":"sadei-parishes","bbox":[-6.50884,43.09938,-6.45287,43.13534],"center":[-6.480855,43.11736]},"geometry":{"type":"Point","coordinates":[-6.480855,43.11736]}},{"type":"Feature","id":"es-as-parish-115200","properties":{"id":"es-as-parish-115200","slug":"cangas-del-narcea-vil-lalai","name":"Vil.lalái","localName":"Vil.lalái","aliases":[],"kind":"parish","boundaryStatus":"statistical","parentId":"es-as-concejo-33011","population":null,"areaKm2":4.7,"density":null,"referenceYear":null,"sourceId":"sadei-parishes","bbox":[-6.52682,43.12318,-6.47999,43.1417],"center":[-6.503405,43.13244]},"geometry":{"type":"Point","coordinates":[-6.503405,43.13244]}},{"type":"Feature","id":"es-as-parish-110600","properties":{"id":"es-as-parish-110600","slug":"cangas-del-narcea-bergame","name":"Bergame","localName":"Bergame","aliases":[],"kind":"parish","boundaryStatus":"statistical","parentId":"es-as-concejo-33011","population":null,"areaKm2":5.8,"density":null,"referenceYear":null,"sourceId":"sadei-parishes","bbox":[-6.63738,43.11248,-6.59484,43.14354],"center":[-6.61611,43.12801]},"geometry":{"type":"Point","coordinates":[-6.61611,43.12801]}},{"type":"Feature","id":"es-as-parish-111800","properties":{"id":"es-as-parish-111800","slug":"cangas-del-narcea-abancena","name":"Abanceña","localName":"Abanceña","aliases":[],"kind":"parish","boundaryStatus":"statistical","parentId":"es-as-concejo-33011","population":null,"areaKm2":10.7,"density":null,"referenceYear":null,"sourceId":"sadei-parishes","bbox":[-6.65829,43.12767,-6.58852,43.15909],"center":[-6.623405,43.14338]},"geometry":{"type":"Point","coordinates":[-6.623405,43.14338]}},{"type":"Feature","id":"es-as-parish-114300","properties":{"id":"es-as-parish-114300","slug":"cangas-del-narcea-riela-la","name":"Riela, La","localName":"Riela, La","aliases":[],"kind":"parish","boundaryStatus":"statistical","parentId":"es-as-concejo-33011","population":null,"areaKm2":9.9,"density":null,"referenceYear":null,"sourceId":"sadei-parishes","bbox":[-6.60982,43.12377,-6.55476,43.16175],"center":[-6.58229,43.142759999999996]},"geometry":{"type":"Point","coordinates":[-6.58229,43.142759999999996]}},{"type":"Feature","id":"es-as-parish-112900","properties":{"id":"es-as-parish-112900","slug":"cangas-del-narcea-l-lumes","name":"L.lumés","localName":"L.lumés","aliases":[],"kind":"parish","boundaryStatus":"statistical","parentId":"es-as-concejo-33011","population":null,"areaKm2":14.5,"density":null,"referenceYear":null,"sourceId":"sadei-parishes","bbox":[-6.55848,43.12606,-6.48772,43.165],"center":[-6.5231,43.14553]},"geometry":{"type":"Point","coordinates":[-6.5231,43.14553]}},{"type":"Feature","id":"es-as-parish-111900","properties":{"id":"es-as-parish-111900","slug":"cangas-del-narcea-santolaya","name":"Santolaya","localName":"Santolaya","aliases":[],"kind":"parish","boundaryStatus":"statistical","parentId":"es-as-concejo-33011","population":null,"areaKm2":3.9,"density":null,"referenceYear":null,"sourceId":"sadei-parishes","bbox":[-6.58916,43.14861,-6.55084,43.17493],"center":[-6.57,43.161770000000004]},"geometry":{"type":"Point","coordinates":[-6.57,43.161770000000004]}},{"type":"Feature","id":"es-as-parish-113000","properties":{"id":"es-as-parish-113000","slug":"cangas-del-narcea-l-linares","name":"L.linares","localName":"L.linares","aliases":[],"kind":"parish","boundaryStatus":"statistical","parentId":"es-as-concejo-33011","population":null,"areaKm2":12.5,"density":null,"referenceYear":null,"sourceId":"sadei-parishes","bbox":[-6.50734,43.12972,-6.45985,43.18212],"center":[-6.483595,43.155919999999995]},"geometry":{"type":"Point","coordinates":[-6.483595,43.155919999999995]}},{"type":"Feature","id":"es-as-parish-110100","properties":{"id":"es-as-parish-110100","slug":"cangas-del-narcea-adrales","name":"Adralés","localName":"Adralés","aliases":[],"kind":"parish","boundaryStatus":"statistical","parentId":"es-as-concejo-33011","population":null,"areaKm2":2.6,"density":null,"referenceYear":null,"sourceId":"sadei-parishes","bbox":[-6.58591,43.16391,-6.56112,43.18559],"center":[-6.573515,43.17475]},"geometry":{"type":"Point","coordinates":[-6.573515,43.17475]}},{"type":"Feature","id":"es-as-parish-111000","properties":{"id":"es-as-parish-111000","slug":"cangas-del-narcea-cangas-del-narcea","name":"Cangas Del Narcea","localName":"Cangas Del Narcea","aliases":[],"kind":"parish","boundaryStatus":"statistical","parentId":"es-as-concejo-33011","population":null,"areaKm2":2.6,"density":null,"referenceYear":null,"sourceId":"sadei-parishes","bbox":[-6.55674,43.16249,-6.53564,43.18727],"center":[-6.546189999999999,43.17488]},"geometry":{"type":"Point","coordinates":[-6.546189999999999,43.17488]}},{"type":"Feature","id":"es-as-parish-112000","properties":{"id":"es-as-parish-112000","slug":"cangas-del-narcea-san-cristobal","name":"San Cristóbal","localName":"San Cristóbal","aliases":[],"kind":"parish","boundaryStatus":"statistical","parentId":"es-as-concejo-33011","population":null,"areaKm2":9.7,"density":null,"referenceYear":null,"sourceId":"sadei-parishes","bbox":[-6.54275,43.15698,-6.4864,43.19471],"center":[-6.514575,43.175844999999995]},"geometry":{"type":"Point","coordinates":[-6.514575,43.175844999999995]}},{"type":"Feature","id":"es-as-parish-113900","properties":{"id":"es-as-parish-113900","slug":"cangas-del-narcea-ounon","name":"Ounón","localName":"Ounón","aliases":[],"kind":"parish","boundaryStatus":"statistical","parentId":"es-as-concejo-33011","population":null,"areaKm2":1.2,"density":null,"referenceYear":null,"sourceId":"sadei-parishes","bbox":[-6.45929,43.21705,-6.43691,43.22926],"center":[-6.4481,43.223155]},"geometry":{"type":"Point","coordinates":[-6.4481,43.223155]}},{"type":"Feature","id":"es-as-parish-113200","properties":{"id":"es-as-parish-113200","slug":"cangas-del-narcea-mieldes","name":"Mieldes","localName":"Mieldes","aliases":[],"kind":"parish","boundaryStatus":"statistical","parentId":"es-as-concejo-33011","population":null,"areaKm2":12.9,"density":null,"referenceYear":null,"sourceId":"sadei-parishes","bbox":[-6.41385,43.17218,-6.37149,43.22982],"center":[-6.39267,43.20099999999999]},"geometry":{"type":"Point","coordinates":[-6.39267,43.20099999999999]}},{"type":"Feature","id":"es-as-parish-260800","properties":{"id":"es-as-parish-260800","slug":"grado-freisnu-el","name":"Freisnu, El","localName":"Freisnu, El","aliases":[],"kind":"parish","boundaryStatus":"statistical","parentId":"es-as-concejo-33026","population":null,"areaKm2":5.1,"density":null,"referenceYear":null,"sourceId":"sadei-parishes","bbox":[-6.13423,43.359,-6.10037,43.39069],"center":[-6.1173,43.374845]},"geometry":{"type":"Point","coordinates":[-6.1173,43.374845]}},{"type":"Feature","id":"es-as-parish-114100","properties":{"id":"es-as-parish-114100","slug":"cangas-del-narcea-santianes","name":"Santianes","localName":"Santianes","aliases":[],"kind":"parish","boundaryStatus":"statistical","parentId":"es-as-concejo-33011","population":null,"areaKm2":33,"density":null,"referenceYear":null,"sourceId":"sadei-parishes","bbox":[-6.49383,43.0735,-6.37358,43.19517],"center":[-6.433705,43.134335]},"geometry":{"type":"Point","coordinates":[-6.433705,43.134335]}},{"type":"Feature","id":"es-as-parish-113400","properties":{"id":"es-as-parish-113400","slug":"cangas-del-narcea-montanas-las","name":"Montañas, Las","localName":"Montañas, Las","aliases":[],"kind":"parish","boundaryStatus":"statistical","parentId":"es-as-concejo-33011","population":null,"areaKm2":49.3,"density":null,"referenceYear":null,"sourceId":"sadei-parishes","bbox":[-6.74328,43.12065,-6.63246,43.20008],"center":[-6.68787,43.160365]},"geometry":{"type":"Point","coordinates":[-6.68787,43.160365]}},{"type":"Feature","id":"es-as-parish-113800","properties":{"id":"es-as-parish-113800","slug":"cangas-del-narcea-santa-marina","name":"Santa Marina","localName":"Santa Marina","aliases":[],"kind":"parish","boundaryStatus":"statistical","parentId":"es-as-concejo-33011","population":null,"areaKm2":4.7,"density":null,"referenceYear":null,"sourceId":"sadei-parishes","bbox":[-6.57485,43.1686,-6.54423,43.20039],"center":[-6.55954,43.184495]},"geometry":{"type":"Point","coordinates":[-6.55954,43.184495]}},{"type":"Feature","id":"es-as-parish-114600","properties":{"id":"es-as-parish-114600","slug":"cangas-del-narcea-robleu-de-teinas","name":"Robléu De Teinás","localName":"Robléu De Teinás","aliases":[],"kind":"parish","boundaryStatus":"statistical","parentId":"es-as-concejo-33011","population":null,"areaKm2":27.9,"density":null,"referenceYear":null,"sourceId":"sadei-parishes","bbox":[-6.45791,43.0735,-6.36295,43.20664],"center":[-6.41043,43.14007]},"geometry":{"type":"Point","coordinates":[-6.41043,43.14007]}},{"type":"Feature","id":"es-as-parish-113100","properties":{"id":"es-as-parish-113100","slug":"cangas-del-narcea-maganes","name":"Maganes","localName":"Maganes","aliases":[],"kind":"parish","boundaryStatus":"statistical","parentId":"es-as-concejo-33011","population":null,"areaKm2":5.2,"density":null,"referenceYear":null,"sourceId":"sadei-parishes","bbox":[-6.4815,43.18626,-6.44941,43.21822],"center":[-6.465455,43.20224]},"geometry":{"type":"Point","coordinates":[-6.465455,43.20224]}},{"type":"Feature","id":"es-as-parish-111700","properties":{"id":"es-as-parish-111700","slug":"cangas-del-narcea-courias","name":"Courias","localName":"Courias","aliases":[],"kind":"parish","boundaryStatus":"statistical","parentId":"es-as-concejo-33011","population":null,"areaKm2":8.2,"density":null,"referenceYear":null,"sourceId":"sadei-parishes","bbox":[-6.56311,43.1846,-6.51641,43.22303],"center":[-6.539759999999999,43.203815000000006]},"geometry":{"type":"Point","coordinates":[-6.539759999999999,43.203815000000006]}},{"type":"Feature","id":"es-as-parish-114400","properties":{"id":"es-as-parish-114400","slug":"cangas-del-narcea-samartin-de-sierra","name":"Samartín De Sierra","localName":"Samartín De Sierra","aliases":[],"kind":"parish","boundaryStatus":"statistical","parentId":"es-as-concejo-33011","population":null,"areaKm2":17.5,"density":null,"referenceYear":null,"sourceId":"sadei-parishes","bbox":[-6.46814,43.21902,-6.37851,43.25708],"center":[-6.423325,43.23805]},"geometry":{"type":"Point","coordinates":[-6.423325,43.23805]}},{"type":"Feature","id":"es-as-parish-114700","properties":{"id":"es-as-parish-114700","slug":"cangas-del-narcea-tubongu","name":"Tubongu","localName":"Tubongu","aliases":[],"kind":"parish","boundaryStatus":"statistical","parentId":"es-as-concejo-33011","population":null,"areaKm2":14.1,"density":null,"referenceYear":null,"sourceId":"sadei-parishes","bbox":[-6.55184,43.21135,-6.46576,43.26401],"center":[-6.508800000000001,43.23768]},"geometry":{"type":"Point","coordinates":[-6.508800000000001,43.23768]}},{"type":"Feature","id":"es-as-parish-112500","properties":{"id":"es-as-parish-112500","slug":"cangas-del-narcea-xarcelei","name":"Xarceléi","localName":"Xarceléi","aliases":[],"kind":"parish","boundaryStatus":"statistical","parentId":"es-as-concejo-33011","population":null,"areaKm2":6.7,"density":null,"referenceYear":null,"sourceId":"sadei-parishes","bbox":[-6.48231,43.24507,-6.4311,43.27553],"center":[-6.4567049999999995,43.2603]},"geometry":{"type":"Point","coordinates":[-6.4567049999999995,43.2603]}},{"type":"Feature","id":"es-as-parish-111600","properties":{"id":"es-as-parish-111600","slug":"cangas-del-narcea-san-pedru-culiema","name":"San Pedru Culiema","localName":"San Pedru Culiema","aliases":[],"kind":"parish","boundaryStatus":"statistical","parentId":"es-as-concejo-33011","population":null,"areaKm2":10.2,"density":null,"referenceYear":null,"sourceId":"sadei-parishes","bbox":[-6.49189,43.19059,-6.45782,43.25171],"center":[-6.474855,43.22115]},"geometry":{"type":"Point","coordinates":[-6.474855,43.22115]}},{"type":"Feature","id":"es-as-parish-261000","properties":{"id":"es-as-parish-261000","slug":"grado-santa-maria-grau","name":"Santa María Grau","localName":"Santa María Grau","aliases":[],"kind":"parish","boundaryStatus":"statistical","parentId":"es-as-concejo-33026","population":null,"areaKm2":2.8,"density":null,"referenceYear":null,"sourceId":"sadei-parishes","bbox":[-6.0049,43.37089,-5.9748,43.39179],"center":[-5.989850000000001,43.38134]},"geometry":{"type":"Point","coordinates":[-5.989850000000001,43.38134]}},{"type":"Feature","id":"es-as-parish-111200","properties":{"id":"es-as-parish-111200","slug":"cangas-del-narcea-carceda","name":"Carceda","localName":"Carceda","aliases":[],"kind":"parish","boundaryStatus":"statistical","parentId":"es-as-concejo-33011","population":null,"areaKm2":11.8,"density":null,"referenceYear":null,"sourceId":"sadei-parishes","bbox":[-6.52881,43.18104,-6.48534,43.23104],"center":[-6.507075,43.20604]},"geometry":{"type":"Point","coordinates":[-6.507075,43.20604]}},{"type":"Feature","id":"es-as-parish-110300","properties":{"id":"es-as-parish-110300","slug":"cangas-del-narcea-ambres","name":"Ambres","localName":"Ambres","aliases":[],"kind":"parish","boundaryStatus":"statistical","parentId":"es-as-concejo-33011","population":null,"areaKm2":10.3,"density":null,"referenceYear":null,"sourceId":"sadei-parishes","bbox":[-6.43513,43.14758,-6.35586,43.18843],"center":[-6.395495,43.168004999999994]},"geometry":{"type":"Point","coordinates":[-6.395495,43.168004999999994]}},{"type":"Feature","id":"es-as-parish-114500","properties":{"id":"es-as-parish-114500","slug":"cangas-del-narcea-santiau-de-sierra","name":"Santiáu De Sierra","localName":"Santiáu De Sierra","aliases":[],"kind":"parish","boundaryStatus":"statistical","parentId":"es-as-concejo-33011","population":null,"areaKm2":16.4,"density":null,"referenceYear":null,"sourceId":"sadei-parishes","bbox":[-6.45401,43.1795,-6.39638,43.23378],"center":[-6.425195,43.20664]},"geometry":{"type":"Point","coordinates":[-6.425195,43.20664]}},{"type":"Feature","id":"es-as-parish-110700","properties":{"id":"es-as-parish-110700","slug":"cangas-del-narcea-bergunu","name":"Berguñu","localName":"Berguñu","aliases":[],"kind":"parish","boundaryStatus":"statistical","parentId":"es-as-concejo-33011","population":null,"areaKm2":3.5,"density":null,"referenceYear":null,"sourceId":"sadei-parishes","bbox":[-6.58122,43.10366,-6.55163,43.1225],"center":[-6.566425000000001,43.11308]},"geometry":{"type":"Point","coordinates":[-6.566425000000001,43.11308]}},{"type":"Feature","id":"es-as-parish-120400","properties":{"id":"es-as-parish-120400","slug":"cangas-de-onis-cuadonga-covadonga","name":"Cuadonga / Covadonga","localName":"Cuadonga / Covadonga","aliases":[],"kind":"parish","boundaryStatus":"statistical","parentId":"es-as-concejo-33012","population":null,"areaKm2":3.8,"density":null,"referenceYear":null,"sourceId":"sadei-parishes","bbox":[-5.07544,43.29124,-5.04461,43.31739],"center":[-5.0600249999999996,43.304315]},"geometry":{"type":"Point","coordinates":[-5.0600249999999996,43.304315]}},{"type":"Feature","id":"es-as-parish-120800","properties":{"id":"es-as-parish-120800","slug":"cangas-de-onis-riera-la","name":"Riera, La","localName":"Riera, La","aliases":[],"kind":"parish","boundaryStatus":"statistical","parentId":"es-as-concejo-33012","population":null,"areaKm2":76.5,"density":null,"referenceYear":null,"sourceId":"sadei-parishes","bbox":[-5.10777,43.20295,-4.94153,43.33493],"center":[-5.02465,43.26894]},"geometry":{"type":"Point","coordinates":[-5.02465,43.26894]}},{"type":"Feature","id":"es-as-parish-120300","properties":{"id":"es-as-parish-120300","slug":"cangas-de-onis-mestas-de-con","name":"Mestas De Con","localName":"Mestas De Con","aliases":[],"kind":"parish","boundaryStatus":"statistical","parentId":"es-as-concejo-33012","population":null,"areaKm2":14.3,"density":null,"referenceYear":null,"sourceId":"sadei-parishes","bbox":[-5.0413,43.29389,-4.99782,43.34865],"center":[-5.01956,43.32127]},"geometry":{"type":"Point","coordinates":[-5.01956,43.32127]}},{"type":"Feature","id":"es-as-parish-120100","properties":{"id":"es-as-parish-120100","slug":"cangas-de-onis-abamia","name":"Abamia","localName":"Abamia","aliases":[],"kind":"parish","boundaryStatus":"statistical","parentId":"es-as-concejo-33012","population":null,"areaKm2":16,"density":null,"referenceYear":null,"sourceId":"sadei-parishes","bbox":[-5.09462,43.30264,-5.02846,43.36362],"center":[-5.06154,43.33313]},"geometry":{"type":"Point","coordinates":[-5.06154,43.33313]}},{"type":"Feature","id":"es-as-parish-120200","properties":{"id":"es-as-parish-120200","slug":"cangas-de-onis-cangues-d-onis-cangas-de-onis","name":"Cangues D'onís / Cangas De Onís","localName":"Cangues D'onís / Cangas De Onís","aliases":[],"kind":"parish","boundaryStatus":"statistical","parentId":"es-as-concejo-33012","population":null,"areaKm2":30.8,"density":null,"referenceYear":null,"sourceId":"sadei-parishes","bbox":[-5.14515,43.28655,-5.07733,43.37419],"center":[-5.1112400000000004,43.33037]},"geometry":{"type":"Point","coordinates":[-5.1112400000000004,43.33037]}},{"type":"Feature","id":"es-as-parish-120500","properties":{"id":"es-as-parish-120500","slug":"cangas-de-onis-samartin-de-grazanes","name":"Samartín De Grazanes","localName":"Samartín De Grazanes","aliases":[],"kind":"parish","boundaryStatus":"statistical","parentId":"es-as-concejo-33012","population":null,"areaKm2":14.6,"density":null,"referenceYear":null,"sourceId":"sadei-parishes","bbox":[-5.05686,43.34522,-4.9836,43.38047],"center":[-5.02023,43.362845]},"geometry":{"type":"Point","coordinates":[-5.02023,43.362845]}},{"type":"Feature","id":"es-as-parish-121000","properties":{"id":"es-as-parish-121000","slug":"cangas-de-onis-villanueva","name":"Villanueva","localName":"Villanueva","aliases":[],"kind":"parish","boundaryStatus":"statistical","parentId":"es-as-concejo-33012","population":null,"areaKm2":4.3,"density":null,"referenceYear":null,"sourceId":"sadei-parishes","bbox":[-5.17402,43.36209,-5.12913,43.38545],"center":[-5.151574999999999,43.37377]},"geometry":{"type":"Point","coordinates":[-5.151574999999999,43.37377]}},{"type":"Feature","id":"es-as-parish-120600","properties":{"id":"es-as-parish-120600","slug":"cangas-de-onis-llabra","name":"Llabra","localName":"Llabra","aliases":[],"kind":"parish","boundaryStatus":"statistical","parentId":"es-as-concejo-33012","population":null,"areaKm2":7.7,"density":null,"referenceYear":null,"sourceId":"sadei-parishes","bbox":[-5.08639,43.35428,-5.03319,43.39269],"center":[-5.05979,43.373485]},"geometry":{"type":"Point","coordinates":[-5.05979,43.373485]}},{"type":"Feature","id":"es-as-parish-120900","properties":{"id":"es-as-parish-120900","slug":"cangas-de-onis-triongu","name":"Triongu","localName":"Triongu","aliases":[],"kind":"parish","boundaryStatus":"statistical","parentId":"es-as-concejo-33012","population":null,"areaKm2":12.6,"density":null,"referenceYear":null,"sourceId":"sadei-parishes","bbox":[-5.18538,43.36648,-5.10046,43.40756],"center":[-5.14292,43.38702]},"geometry":{"type":"Point","coordinates":[-5.14292,43.38702]}},{"type":"Feature","id":"es-as-parish-121100","properties":{"id":"es-as-parish-121100","slug":"cangas-de-onis-zardon","name":"Zardón","localName":"Zardón","aliases":[],"kind":"parish","boundaryStatus":"statistical","parentId":"es-as-concejo-33012","population":null,"areaKm2":12.8,"density":null,"referenceYear":null,"sourceId":"sadei-parishes","bbox":[-5.06969,43.37251,-5.00781,43.40886],"center":[-5.03875,43.390685]},"geometry":{"type":"Point","coordinates":[-5.03875,43.390685]}},{"type":"Feature","id":"es-as-parish-120700","properties":{"id":"es-as-parish-120700","slug":"cangas-de-onis-margolles","name":"Margolles","localName":"Margolles","aliases":[],"kind":"parish","boundaryStatus":"statistical","parentId":"es-as-concejo-33012","population":null,"areaKm2":19.8,"density":null,"referenceYear":null,"sourceId":"sadei-parishes","bbox":[-5.13472,43.36597,-5.04411,43.42453],"center":[-5.089415,43.39525]},"geometry":{"type":"Point","coordinates":[-5.089415,43.39525]}},{"type":"Feature","id":"es-as-parish-130100","properties":{"id":"es-as-parish-130100","slug":"caravia-caravia-la-alta","name":"Caravia La Alta","localName":"Caravia La Alta","aliases":[],"kind":"parish","boundaryStatus":"statistical","parentId":"es-as-concejo-33013","population":null,"areaKm2":7.5,"density":null,"referenceYear":null,"sourceId":"sadei-parishes","bbox":[-5.20023,43.43791,-5.16207,43.47861],"center":[-5.181150000000001,43.45826]},"geometry":{"type":"Point","coordinates":[-5.181150000000001,43.45826]}},{"type":"Feature","id":"es-as-parish-130200","properties":{"id":"es-as-parish-130200","slug":"caravia-caravia-la-baja","name":"Caravia La Baja","localName":"Caravia La Baja","aliases":[],"kind":"parish","boundaryStatus":"statistical","parentId":"es-as-concejo-33013","population":null,"areaKm2":5.8,"density":null,"referenceYear":null,"sourceId":"sadei-parishes","bbox":[-5.21601,43.43796,-5.19171,43.47672],"center":[-5.20386,43.45734]},"geometry":{"type":"Point","coordinates":[-5.20386,43.45734]}},{"type":"Feature","id":"es-as-parish-140200","properties":{"id":"es-as-parish-140200","slug":"carreno-ambas","name":"Ambás","localName":"Ambás","aliases":[],"kind":"parish","boundaryStatus":"statistical","parentId":"es-as-concejo-33014","population":null,"areaKm2":5.3,"density":null,"referenceYear":null,"sourceId":"sadei-parishes","bbox":[-5.83209,43.50253,-5.78928,43.53513],"center":[-5.810684999999999,43.51883]},"geometry":{"type":"Point","coordinates":[-5.810684999999999,43.51883]}},{"type":"Feature","id":"es-as-parish-140300","properties":{"id":"es-as-parish-140300","slug":"carreno-candas","name":"Candás","localName":"Candás","aliases":[],"kind":"parish","boundaryStatus":"statistical","parentId":"es-as-concejo-33014","population":null,"areaKm2":3.6,"density":null,"referenceYear":null,"sourceId":"sadei-parishes","bbox":[-5.79973,43.57452,-5.75761,43.60059],"center":[-5.77867,43.587554999999995]},"geometry":{"type":"Point","coordinates":[-5.77867,43.587554999999995]}},{"type":"Feature","id":"es-as-parish-140100","properties":{"id":"es-as-parish-140100","slug":"carreno-albandi","name":"Albandi","localName":"Albandi","aliases":[],"kind":"parish","boundaryStatus":"statistical","parentId":"es-as-concejo-33014","population":null,"areaKm2":2.8,"density":null,"referenceYear":null,"sourceId":"sadei-parishes","bbox":[-5.75602,43.55706,-5.72102,43.57491],"center":[-5.73852,43.565985]},"geometry":{"type":"Point","coordinates":[-5.73852,43.565985]}},{"type":"Feature","id":"es-as-parish-140600","properties":{"id":"es-as-parish-140600","slug":"carreno-llorgozana","name":"Llorgozana","localName":"Llorgozana","aliases":[],"kind":"parish","boundaryStatus":"statistical","parentId":"es-as-concejo-33014","population":null,"areaKm2":10.8,"density":null,"referenceYear":null,"sourceId":"sadei-parishes","bbox":[-5.85491,43.53365,-5.78711,43.56545],"center":[-5.82101,43.549549999999996]},"geometry":{"type":"Point","coordinates":[-5.82101,43.549549999999996]}},{"type":"Feature","id":"es-as-parish-140400","properties":{"id":"es-as-parish-140400","slug":"carreno-carrio","name":"Carrió","localName":"Carrió","aliases":[],"kind":"parish","boundaryStatus":"statistical","parentId":"es-as-concejo-33014","population":null,"areaKm2":2.6,"density":null,"referenceYear":null,"sourceId":"sadei-parishes","bbox":[-5.74104,43.54646,-5.70887,43.57269],"center":[-5.724955,43.559575]},"geometry":{"type":"Point","coordinates":[-5.724955,43.559575]}},{"type":"Feature","id":"es-as-parish-140900","properties":{"id":"es-as-parish-140900","slug":"carreno-pieloro-el-piedeloro","name":"Pieloro, El / Piedeloro","localName":"Pieloro, El / Piedeloro","aliases":[],"kind":"parish","boundaryStatus":"statistical","parentId":"es-as-concejo-33014","population":null,"areaKm2":3.6,"density":null,"referenceYear":null,"sourceId":"sadei-parishes","bbox":[-5.84197,43.55735,-5.7946,43.57995],"center":[-5.8182849999999995,43.56865]},"geometry":{"type":"Point","coordinates":[-5.8182849999999995,43.56865]}},{"type":"Feature","id":"es-as-parish-140700","properties":{"id":"es-as-parish-140700","slug":"carreno-perlora","name":"Perlora","localName":"Perlora","aliases":[],"kind":"parish","boundaryStatus":"statistical","parentId":"es-as-concejo-33014","population":null,"areaKm2":10.6,"density":null,"referenceYear":null,"sourceId":"sadei-parishes","bbox":[-5.80851,43.55744,-5.73636,43.58647],"center":[-5.772435,43.571955]},"geometry":{"type":"Point","coordinates":[-5.772435,43.571955]}},{"type":"Feature","id":"es-as-parish-140800","properties":{"id":"es-as-parish-140800","slug":"carreno-prevera","name":"Prevera","localName":"Prevera","aliases":[],"kind":"parish","boundaryStatus":"statistical","parentId":"es-as-concejo-33014","population":null,"areaKm2":2.3,"density":null,"referenceYear":null,"sourceId":"sadei-parishes","bbox":[-5.75559,43.54114,-5.72933,43.55838],"center":[-5.7424599999999995,43.54976]},"geometry":{"type":"Point","coordinates":[-5.7424599999999995,43.54976]}},{"type":"Feature","id":"es-as-parish-141000","properties":{"id":"es-as-parish-141000","slug":"carreno-priendes","name":"Priendes","localName":"Priendes","aliases":[],"kind":"parish","boundaryStatus":"statistical","parentId":"es-as-concejo-33014","population":null,"areaKm2":2.5,"density":null,"referenceYear":null,"sourceId":"sadei-parishes","bbox":[-5.77341,43.5497,-5.745,43.56583],"center":[-5.759205,43.557765]},"geometry":{"type":"Point","coordinates":[-5.759205,43.557765]}},{"type":"Feature","id":"es-as-parish-141200","properties":{"id":"es-as-parish-141200","slug":"carreno-valle-el","name":"Valle, El","localName":"Valle, El","aliases":[],"kind":"parish","boundaryStatus":"statistical","parentId":"es-as-concejo-33014","population":null,"areaKm2":5.8,"density":null,"referenceYear":null,"sourceId":"sadei-parishes","bbox":[-5.81144,43.51972,-5.76761,43.54932],"center":[-5.789525,43.53452]},"geometry":{"type":"Point","coordinates":[-5.789525,43.53452]}},{"type":"Feature","id":"es-as-parish-140500","properties":{"id":"es-as-parish-140500","slug":"carreno-quimaran-guimaran","name":"Quimarán / Guimarán","localName":"Quimarán / Guimarán","aliases":[],"kind":"parish","boundaryStatus":"statistical","parentId":"es-as-concejo-33014","population":null,"areaKm2":7.5,"density":null,"referenceYear":null,"sourceId":"sadei-parishes","bbox":[-5.79453,43.52589,-5.74276,43.56116],"center":[-5.768644999999999,43.543525]},"geometry":{"type":"Point","coordinates":[-5.768644999999999,43.543525]}},{"type":"Feature","id":"es-as-parish-141100","properties":{"id":"es-as-parish-141100","slug":"carreno-tamon","name":"Tamón","localName":"Tamón","aliases":[],"kind":"parish","boundaryStatus":"statistical","parentId":"es-as-concejo-33014","population":null,"areaKm2":9.3,"density":null,"referenceYear":null,"sourceId":"sadei-parishes","bbox":[-5.86301,43.50624,-5.81144,43.54559],"center":[-5.837225,43.525915]},"geometry":{"type":"Point","coordinates":[-5.837225,43.525915]}},{"type":"Feature","id":"es-as-parish-150900","properties":{"id":"es-as-parish-150900","slug":"caso-tarna","name":"Tarna","localName":"Tarna","aliases":[],"kind":"parish","boundaryStatus":"statistical","parentId":"es-as-concejo-33015","population":null,"areaKm2":30.7,"density":null,"referenceYear":null,"sourceId":"sadei-parishes","bbox":[-5.31237,43.07743,-5.19889,43.12895],"center":[-5.25563,43.10319]},"geometry":{"type":"Point","coordinates":[-5.25563,43.10319]}},{"type":"Feature","id":"es-as-parish-150500","properties":{"id":"es-as-parish-150500","slug":"caso-felguerina-la","name":"Felguerina, La","localName":"Felguerina, La","aliases":[],"kind":"parish","boundaryStatus":"statistical","parentId":"es-as-concejo-33015","population":null,"areaKm2":12.9,"density":null,"referenceYear":null,"sourceId":"sadei-parishes","bbox":[-5.39239,43.1222,-5.34292,43.16554],"center":[-5.367655,43.14387]},"geometry":{"type":"Point","coordinates":[-5.367655,43.14387]}},{"type":"Feature","id":"es-as-parish-150200","properties":{"id":"es-as-parish-150200","slug":"caso-caliao","name":"Caliao","localName":"Caliao","aliases":[],"kind":"parish","boundaryStatus":"statistical","parentId":"es-as-concejo-33015","population":null,"areaKm2":48.9,"density":null,"referenceYear":null,"sourceId":"sadei-parishes","bbox":[-5.46367,43.07862,-5.35446,43.16823],"center":[-5.409065,43.123425]},"geometry":{"type":"Point","coordinates":[-5.409065,43.123425]}},{"type":"Feature","id":"es-as-parish-150700","properties":{"id":"es-as-parish-150700","slug":"caso-sobrecastiellu","name":"Sobrecastiellu","localName":"Sobrecastiellu","aliases":[],"kind":"parish","boundaryStatus":"statistical","parentId":"es-as-concejo-33015","population":null,"areaKm2":87.6,"density":null,"referenceYear":null,"sourceId":"sadei-parishes","bbox":[-5.37131,43.07924,-5.18819,43.18582],"center":[-5.27975,43.13253]},"geometry":{"type":"Point","coordinates":[-5.27975,43.13253]}},{"type":"Feature","id":"es-as-parish-150300","properties":{"id":"es-as-parish-150300","slug":"caso-campu-el","name":"Campu, El","localName":"Campu, El","aliases":[],"kind":"parish","boundaryStatus":"statistical","parentId":"es-as-concejo-33015","population":null,"areaKm2":15.1,"density":null,"referenceYear":null,"sourceId":"sadei-parishes","bbox":[-5.3766,43.16126,-5.30732,43.20003],"center":[-5.34196,43.180645]},"geometry":{"type":"Point","coordinates":[-5.34196,43.180645]}},{"type":"Feature","id":"es-as-parish-150400","properties":{"id":"es-as-parish-150400","slug":"caso-coballes","name":"Coballes","localName":"Coballes","aliases":[],"kind":"parish","boundaryStatus":"statistical","parentId":"es-as-concejo-33015","population":null,"areaKm2":11.6,"density":null,"referenceYear":null,"sourceId":"sadei-parishes","bbox":[-5.41868,43.16346,-5.35515,43.20602],"center":[-5.386915,43.184740000000005]},"geometry":{"type":"Point","coordinates":[-5.386915,43.184740000000005]}},{"type":"Feature","id":"es-as-parish-150800","properties":{"id":"es-as-parish-150800","slug":"caso-tanes","name":"Tañes","localName":"Tañes","aliases":[],"kind":"parish","boundaryStatus":"statistical","parentId":"es-as-concejo-33015","population":null,"areaKm2":21.5,"density":null,"referenceYear":null,"sourceId":"sadei-parishes","bbox":[-5.43488,43.16548,-5.36609,43.2298],"center":[-5.400485,43.19764]},"geometry":{"type":"Point","coordinates":[-5.400485,43.19764]}},{"type":"Feature","id":"es-as-parish-150600","properties":{"id":"es-as-parish-150600","slug":"caso-orlle","name":"Orllé","localName":"Orllé","aliases":[],"kind":"parish","boundaryStatus":"statistical","parentId":"es-as-concejo-33015","population":null,"areaKm2":31.2,"density":null,"referenceYear":null,"sourceId":"sadei-parishes","bbox":[-5.34471,43.16998,-5.24884,43.23261],"center":[-5.296775,43.201295]},"geometry":{"type":"Point","coordinates":[-5.296775,43.201295]}},{"type":"Feature","id":"es-as-parish-150100","properties":{"id":"es-as-parish-150100","slug":"caso-bueres","name":"Bueres","localName":"Bueres","aliases":[],"kind":"parish","boundaryStatus":"statistical","parentId":"es-as-concejo-33015","population":null,"areaKm2":27.6,"density":null,"referenceYear":null,"sourceId":"sadei-parishes","bbox":[-5.37537,43.19641,-5.28565,43.25731],"center":[-5.33051,43.22686]},"geometry":{"type":"Point","coordinates":[-5.33051,43.22686]}},{"type":"Feature","id":"es-as-parish-151000","properties":{"id":"es-as-parish-151000","slug":"caso-tozu-el","name":"Tozu, El","localName":"Tozu, El","aliases":[],"kind":"parish","boundaryStatus":"statistical","parentId":"es-as-concejo-33015","population":null,"areaKm2":19.5,"density":null,"referenceYear":null,"sourceId":"sadei-parishes","bbox":[-5.42854,43.22316,-5.35534,43.27182],"center":[-5.39194,43.24749]},"geometry":{"type":"Point","coordinates":[-5.39194,43.24749]}},{"type":"Feature","id":"es-as-parish-160600","properties":{"id":"es-as-parish-160600","slug":"castrillon-pillarno","name":"Pillarno","localName":"Pillarno","aliases":[],"kind":"parish","boundaryStatus":"statistical","parentId":"es-as-concejo-33016","population":null,"areaKm2":15.2,"density":null,"referenceYear":null,"sourceId":"sadei-parishes","bbox":[-6.02482,43.49831,-5.95363,43.54166],"center":[-5.989225,43.519985]},"geometry":{"type":"Point","coordinates":[-5.989225,43.519985]}},{"type":"Feature","id":"es-as-parish-160400","properties":{"id":"es-as-parish-160400","slug":"castrillon-santiago-del-monte","name":"Santiago Del Monte","localName":"Santiago Del Monte","aliases":[],"kind":"parish","boundaryStatus":"statistical","parentId":"es-as-concejo-33016","population":null,"areaKm2":5.3,"density":null,"referenceYear":null,"sourceId":"sadei-parishes","bbox":[-6.04447,43.53586,-5.99955,43.56353],"center":[-6.02201,43.549695]},"geometry":{"type":"Point","coordinates":[-6.02201,43.549695]}},{"type":"Feature","id":"es-as-parish-160700","properties":{"id":"es-as-parish-160700","slug":"castrillon-quilono","name":"Quiloño","localName":"Quiloño","aliases":[],"kind":"parish","boundaryStatus":"statistical","parentId":"es-as-concejo-33016","population":null,"areaKm2":8.8,"density":null,"referenceYear":null,"sourceId":"sadei-parishes","bbox":[-6.0214,43.52762,-5.95331,43.56765],"center":[-5.987355,43.547635]},"geometry":{"type":"Point","coordinates":[-5.987355,43.547635]}},{"type":"Feature","id":"es-as-parish-160300","properties":{"id":"es-as-parish-160300","slug":"castrillon-santa-maria-del-mar","name":"Santa María Del Mar","localName":"Santa María Del Mar","aliases":[],"kind":"parish","boundaryStatus":"statistical","parentId":"es-as-concejo-33016","population":null,"areaKm2":2.5,"density":null,"referenceYear":null,"sourceId":"sadei-parishes","bbox":[-6.00341,43.55281,-5.97602,43.58024],"center":[-5.989715,43.566525]},"geometry":{"type":"Point","coordinates":[-5.989715,43.566525]}},{"type":"Feature","id":"es-as-parish-160500","properties":{"id":"es-as-parish-160500","slug":"castrillon-naveces","name":"Naveces","localName":"Naveces","aliases":[],"kind":"parish","boundaryStatus":"statistical","parentId":"es-as-concejo-33016","population":null,"areaKm2":5.2,"density":null,"referenceYear":null,"sourceId":"sadei-parishes","bbox":[-6.03222,43.55178,-5.99328,43.58119],"center":[-6.0127500000000005,43.566485]},"geometry":{"type":"Point","coordinates":[-6.0127500000000005,43.566485]}},{"type":"Feature","id":"es-as-parish-160200","properties":{"id":"es-as-parish-160200","slug":"castrillon-laspra","name":"Laspra","localName":"Laspra","aliases":[],"kind":"parish","boundaryStatus":"statistical","parentId":"es-as-concejo-33016","population":null,"areaKm2":5,"density":null,"referenceYear":null,"sourceId":"sadei-parishes","bbox":[-6.00285,43.54822,-5.96048,43.582],"center":[-5.981665,43.565110000000004]},"geometry":{"type":"Point","coordinates":[-5.981665,43.565110000000004]}},{"type":"Feature","id":"es-as-parish-160800","properties":{"id":"es-as-parish-160800","slug":"castrillon-salinas","name":"Salinas","localName":"Salinas","aliases":[],"kind":"parish","boundaryStatus":"statistical","parentId":"es-as-concejo-33016","population":null,"areaKm2":1.8,"density":null,"referenceYear":null,"sourceId":"sadei-parishes","bbox":[-5.96602,43.56934,-5.93932,43.58378],"center":[-5.95267,43.57656]},"geometry":{"type":"Point","coordinates":[-5.95267,43.57656]}},{"type":"Feature","id":"es-as-parish-170100","properties":{"id":"es-as-parish-170100","slug":"castropol-balmonte","name":"Balmonte","localName":"Balmonte","aliases":[],"kind":"parish","boundaryStatus":"statistical","parentId":"es-as-concejo-33017","population":null,"areaKm2":39.9,"density":null,"referenceYear":null,"sourceId":"sadei-parishes","bbox":[-6.96939,43.37385,-6.87903,43.48602],"center":[-6.92421,43.429935]},"geometry":{"type":"Point","coordinates":[-6.92421,43.429935]}},{"type":"Feature","id":"es-as-parish-170600","properties":{"id":"es-as-parish-170600","slug":"castropol-pineira","name":"Piñeira","localName":"Piñeira","aliases":[],"kind":"parish","boundaryStatus":"statistical","parentId":"es-as-concejo-33017","population":null,"areaKm2":21.3,"density":null,"referenceYear":null,"sourceId":"sadei-parishes","bbox":[-7.02017,43.47259,-6.95441,43.53094],"center":[-6.98729,43.501765]},"geometry":{"type":"Point","coordinates":[-6.98729,43.501765]}},{"type":"Feature","id":"es-as-parish-160100","properties":{"id":"es-as-parish-160100","slug":"castrillon-bayas","name":"Bayas","localName":"Bayas","aliases":[],"kind":"parish","boundaryStatus":"statistical","parentId":"es-as-concejo-33016","population":null,"areaKm2":6,"density":null,"referenceYear":null,"sourceId":"sadei-parishes","bbox":[-6.0537,43.56133,-6.01147,43.59277],"center":[-6.032585,43.57705]},"geometry":{"type":"Point","coordinates":[-6.032585,43.57705]}},{"type":"Feature","id":"es-as-parish-170700","properties":{"id":"es-as-parish-170700","slug":"castropol-presno","name":"Presno","localName":"Presno","aliases":[],"kind":"parish","boundaryStatus":"statistical","parentId":"es-as-concejo-33017","population":null,"areaKm2":23.7,"density":null,"referenceYear":null,"sourceId":"sadei-parishes","bbox":[-7.0126,43.4166,-6.93509,43.47886],"center":[-6.973845,43.44773]},"geometry":{"type":"Point","coordinates":[-6.973845,43.44773]}},{"type":"Feature","id":"es-as-parish-170800","properties":{"id":"es-as-parish-170800","slug":"castropol-siares-seares","name":"Siares / Seares","localName":"Siares / Seares","aliases":[],"kind":"parish","boundaryStatus":"statistical","parentId":"es-as-concejo-33017","population":null,"areaKm2":9.8,"density":null,"referenceYear":null,"sourceId":"sadei-parishes","bbox":[-7.05675,43.47068,-6.99265,43.49713],"center":[-7.0247,43.483905]},"geometry":{"type":"Point","coordinates":[-7.0247,43.483905]}},{"type":"Feature","id":"es-as-parish-170900","properties":{"id":"es-as-parish-170900","slug":"castropol-tol","name":"Tol","localName":"Tol","aliases":[],"kind":"parish","boundaryStatus":"statistical","parentId":"es-as-concejo-33017","population":null,"areaKm2":9.8,"density":null,"referenceYear":null,"sourceId":"sadei-parishes","bbox":[-6.96699,43.50319,-6.92203,43.54419],"center":[-6.94451,43.52369]},"geometry":{"type":"Point","coordinates":[-6.94451,43.52369]}},{"type":"Feature","id":"es-as-parish-170400","properties":{"id":"es-as-parish-170400","slug":"castropol-figueiras-as","name":"Figueiras, As","localName":"Figueiras, As","aliases":[],"kind":"parish","boundaryStatus":"statistical","parentId":"es-as-concejo-33017","population":null,"areaKm2":3.1,"density":null,"referenceYear":null,"sourceId":"sadei-parishes","bbox":[-7.03364,43.52885,-7.00912,43.55213],"center":[-7.021380000000001,43.54049]},"geometry":{"type":"Point","coordinates":[-7.021380000000001,43.54049]}},{"type":"Feature","id":"es-as-parish-180700","properties":{"id":"es-as-parish-180700","slug":"coana-lebredo","name":"Lebredo","localName":"Lebredo","aliases":[],"kind":"parish","boundaryStatus":"statistical","parentId":"es-as-concejo-33018","population":null,"areaKm2":2.2,"density":null,"referenceYear":null,"sourceId":"sadei-parishes","bbox":[-6.81954,43.46906,-6.80066,43.48948],"center":[-6.8101,43.47927]},"geometry":{"type":"Point","coordinates":[-6.8101,43.47927]}},{"type":"Feature","id":"es-as-parish-180500","properties":{"id":"es-as-parish-180500","slug":"coana-trelles","name":"Trelles","localName":"Trelles","aliases":[],"kind":"parish","boundaryStatus":"statistical","parentId":"es-as-concejo-33018","population":null,"areaKm2":11.7,"density":null,"referenceYear":null,"sourceId":"sadei-parishes","bbox":[-6.78184,43.45622,-6.71492,43.49737],"center":[-6.74838,43.476794999999996]},"geometry":{"type":"Point","coordinates":[-6.74838,43.476794999999996]}},{"type":"Feature","id":"es-as-parish-180600","properties":{"id":"es-as-parish-180600","slug":"coana-villacondide","name":"Villacondide","localName":"Villacondide","aliases":[],"kind":"parish","boundaryStatus":"statistical","parentId":"es-as-concejo-33018","population":null,"areaKm2":9.2,"density":null,"referenceYear":null,"sourceId":"sadei-parishes","bbox":[-6.78025,43.46532,-6.72162,43.51461],"center":[-6.750935,43.489965]},"geometry":{"type":"Point","coordinates":[-6.750935,43.489965]}},{"type":"Feature","id":"es-as-parish-200500","properties":{"id":"es-as-parish-200500","slug":"corvera-de-asturias-trasona-tresona","name":"Trasona / Tresona","localName":"Trasona / Tresona","aliases":[],"kind":"parish","boundaryStatus":"statistical","parentId":"es-as-concejo-33020","population":null,"areaKm2":7.1,"density":null,"referenceYear":null,"sourceId":"sadei-parishes","bbox":[-5.90076,43.52902,-5.84707,43.5574],"center":[-5.873915,43.54321]},"geometry":{"type":"Point","coordinates":[-5.873915,43.54321]}},{"type":"Feature","id":"es-as-parish-200600","properties":{"id":"es-as-parish-200600","slug":"corvera-de-asturias-villa","name":"Villa","localName":"Villa","aliases":[],"kind":"parish","boundaryStatus":"statistical","parentId":"es-as-concejo-33020","population":null,"areaKm2":3.6,"density":null,"referenceYear":null,"sourceId":"sadei-parishes","bbox":[-5.95384,43.51652,-5.9177,43.53497],"center":[-5.93577,43.525745]},"geometry":{"type":"Point","coordinates":[-5.93577,43.525745]}},{"type":"Feature","id":"es-as-parish-170200","properties":{"id":"es-as-parish-170200","slug":"castropol-barres","name":"Barres","localName":"Barres","aliases":[],"kind":"parish","boundaryStatus":"statistical","parentId":"es-as-concejo-33017","population":null,"areaKm2":7.1,"density":null,"referenceYear":null,"sourceId":"sadei-parishes","bbox":[-7.0294,43.52694,-6.97921,43.56115],"center":[-7.0043050000000004,43.544045]},"geometry":{"type":"Point","coordinates":[-7.0043050000000004,43.544045]}},{"type":"Feature","id":"es-as-parish-170300","properties":{"id":"es-as-parish-170300","slug":"castropol-castropol","name":"Castropol","localName":"Castropol","aliases":[],"kind":"parish","boundaryStatus":"statistical","parentId":"es-as-concejo-33017","population":null,"areaKm2":3,"density":null,"referenceYear":null,"sourceId":"sadei-parishes","bbox":[-7.04169,43.51429,-7.01387,43.53341],"center":[-7.02778,43.52385]},"geometry":{"type":"Point","coordinates":[-7.02778,43.52385]}},{"type":"Feature","id":"es-as-parish-170500","properties":{"id":"es-as-parish-170500","slug":"castropol-san-xuan-san-juan","name":"San Xuan / San Juan","localName":"San Xuan / San Juan","aliases":[],"kind":"parish","boundaryStatus":"statistical","parentId":"es-as-concejo-33017","population":null,"areaKm2":7.9,"density":null,"referenceYear":null,"sourceId":"sadei-parishes","bbox":[-7.04658,43.48623,-6.99397,43.52172],"center":[-7.020275,43.503975]},"geometry":{"type":"Point","coordinates":[-7.020275,43.503975]}},{"type":"Feature","id":"es-as-parish-180200","properties":{"id":"es-as-parish-180200","slug":"coana-coana","name":"Coaña","localName":"Coaña","aliases":[],"kind":"parish","boundaryStatus":"statistical","parentId":"es-as-concejo-33018","population":null,"areaKm2":15.2,"density":null,"referenceYear":null,"sourceId":"sadei-parishes","bbox":[-6.80695,43.46221,-6.72359,43.54111],"center":[-6.765269999999999,43.50166]},"geometry":{"type":"Point","coordinates":[-6.765269999999999,43.50166]}},{"type":"Feature","id":"es-as-parish-180300","properties":{"id":"es-as-parish-180300","slug":"coana-folgueras","name":"Folgueras","localName":"Folgueras","aliases":[],"kind":"parish","boundaryStatus":"statistical","parentId":"es-as-concejo-33018","population":null,"areaKm2":12.1,"density":null,"referenceYear":null,"sourceId":"sadei-parishes","bbox":[-6.79009,43.50687,-6.72495,43.54825],"center":[-6.7575199999999995,43.52756]},"geometry":{"type":"Point","coordinates":[-6.7575199999999995,43.52756]}},{"type":"Feature","id":"es-as-parish-190300","properties":{"id":"es-as-parish-190300","slug":"colunga-gobiendes","name":"Gobiendes","localName":"Gobiendes","aliases":[],"kind":"parish","boundaryStatus":"statistical","parentId":"es-as-concejo-33019","population":null,"areaKm2":18,"density":null,"referenceYear":null,"sourceId":"sadei-parishes","bbox":[-5.26759,43.43009,-5.20071,43.48412],"center":[-5.23415,43.457105]},"geometry":{"type":"Point","coordinates":[-5.23415,43.457105]}},{"type":"Feature","id":"es-as-parish-180100","properties":{"id":"es-as-parish-180100","slug":"coana-cartavio","name":"Cartavio","localName":"Cartavio","aliases":[],"kind":"parish","boundaryStatus":"statistical","parentId":"es-as-concejo-33018","population":null,"areaKm2":10,"density":null,"referenceYear":null,"sourceId":"sadei-parishes","bbox":[-6.80373,43.52308,-6.75922,43.57471],"center":[-6.781475,43.548895]},"geometry":{"type":"Point","coordinates":[-6.781475,43.548895]}},{"type":"Feature","id":"es-as-parish-220200","properties":{"id":"es-as-parish-220200","slug":"degana-degana","name":"Degaña","localName":"Degaña","aliases":[],"kind":"parish","boundaryStatus":"statistical","parentId":"es-as-concejo-33022","population":null,"areaKm2":45.6,"density":null,"referenceYear":null,"sourceId":"sadei-parishes","bbox":[-6.64154,42.91215,-6.51807,42.97551],"center":[-6.579805,42.94383]},"geometry":{"type":"Point","coordinates":[-6.579805,42.94383]}},{"type":"Feature","id":"es-as-parish-180400","properties":{"id":"es-as-parish-180400","slug":"coana-mohias","name":"Mohías","localName":"Mohías","aliases":[],"kind":"parish","boundaryStatus":"statistical","parentId":"es-as-concejo-33018","population":null,"areaKm2":5.4,"density":null,"referenceYear":null,"sourceId":"sadei-parishes","bbox":[-6.7613,43.54229,-6.72493,43.56845],"center":[-6.7431149999999995,43.555369999999996]},"geometry":{"type":"Point","coordinates":[-6.7431149999999995,43.555369999999996]}},{"type":"Feature","id":"es-as-parish-191100","properties":{"id":"es-as-parish-191100","slug":"colunga-pivierda","name":"Pivierda","localName":"Pivierda","aliases":[],"kind":"parish","boundaryStatus":"statistical","parentId":"es-as-concejo-33019","population":null,"areaKm2":6,"density":null,"referenceYear":null,"sourceId":"sadei-parishes","bbox":[-5.3422,43.43288,-5.31091,43.47071],"center":[-5.326555,43.451795]},"geometry":{"type":"Point","coordinates":[-5.326555,43.451795]}},{"type":"Feature","id":"es-as-parish-190500","properties":{"id":"es-as-parish-190500","slug":"colunga-llastres","name":"Llastres","localName":"Llastres","aliases":[],"kind":"parish","boundaryStatus":"statistical","parentId":"es-as-concejo-33019","population":null,"areaKm2":12.3,"density":null,"referenceYear":null,"sourceId":"sadei-parishes","bbox":[-5.32723,43.49414,-5.26394,43.5357],"center":[-5.295585,43.514920000000004]},"geometry":{"type":"Point","coordinates":[-5.295585,43.514920000000004]}},{"type":"Feature","id":"es-as-parish-190600","properties":{"id":"es-as-parish-190600","slug":"colunga-lliberdon","name":"Lliberdón","localName":"Lliberdón","aliases":[],"kind":"parish","boundaryStatus":"statistical","parentId":"es-as-concejo-33019","population":null,"areaKm2":14.1,"density":null,"referenceYear":null,"sourceId":"sadei-parishes","bbox":[-5.33976,43.41183,-5.26944,43.45554],"center":[-5.304600000000001,43.433685]},"geometry":{"type":"Point","coordinates":[-5.304600000000001,43.433685]}},{"type":"Feature","id":"es-as-parish-190800","properties":{"id":"es-as-parish-190800","slug":"colunga-llue","name":"Llue","localName":"Llue","aliases":[],"kind":"parish","boundaryStatus":"statistical","parentId":"es-as-concejo-33019","population":null,"areaKm2":6.8,"density":null,"referenceYear":null,"sourceId":"sadei-parishes","bbox":[-5.33804,43.48271,-5.28841,43.51238],"center":[-5.313225,43.497545]},"geometry":{"type":"Point","coordinates":[-5.313225,43.497545]}},{"type":"Feature","id":"es-as-parish-191300","properties":{"id":"es-as-parish-191300","slug":"colunga-sales","name":"Sales","localName":"Sales","aliases":[],"kind":"parish","boundaryStatus":"statistical","parentId":"es-as-concejo-33019","population":null,"areaKm2":2.1,"density":null,"referenceYear":null,"sourceId":"sadei-parishes","bbox":[-5.30285,43.48066,-5.27319,43.49651],"center":[-5.2880199999999995,43.488585]},"geometry":{"type":"Point","coordinates":[-5.2880199999999995,43.488585]}},{"type":"Feature","id":"es-as-parish-200700","properties":{"id":"es-as-parish-200700","slug":"corvera-de-asturias-vegas-las-vegues-les","name":"Vegas, Las / Vegues, Les","localName":"Vegas, Las / Vegues, Les","aliases":[],"kind":"parish","boundaryStatus":"statistical","parentId":"es-as-concejo-33020","population":null,"areaKm2":0.6,"density":null,"referenceYear":null,"sourceId":"sadei-parishes","bbox":[-5.90695,43.53222,-5.89118,43.53926],"center":[-5.899065,43.535740000000004]},"geometry":{"type":"Point","coordinates":[-5.899065,43.535740000000004]}},{"type":"Feature","id":"es-as-parish-200100","properties":{"id":"es-as-parish-200100","slug":"corvera-de-asturias-campos-los","name":"Campos, Los","localName":"Campos, Los","aliases":[],"kind":"parish","boundaryStatus":"statistical","parentId":"es-as-concejo-33020","population":null,"areaKm2":2.1,"density":null,"referenceYear":null,"sourceId":"sadei-parishes","bbox":[-5.89786,43.51934,-5.87518,43.54542],"center":[-5.88652,43.53238]},"geometry":{"type":"Point","coordinates":[-5.88652,43.53238]}},{"type":"Feature","id":"es-as-parish-191400","properties":{"id":"es-as-parish-191400","slug":"colunga-san-xuan-de-la-duz","name":"San Xuan De La Duz","localName":"San Xuan De La Duz","aliases":[],"kind":"parish","boundaryStatus":"statistical","parentId":"es-as-concejo-33019","population":null,"areaKm2":5.2,"density":null,"referenceYear":null,"sourceId":"sadei-parishes","bbox":[-5.27818,43.48241,-5.23798,43.50873],"center":[-5.25808,43.49557]},"geometry":{"type":"Point","coordinates":[-5.25808,43.49557]}},{"type":"Feature","id":"es-as-parish-190400","properties":{"id":"es-as-parish-190400","slug":"colunga-isla-la","name":"Isla, La","localName":"Isla, La","aliases":[],"kind":"parish","boundaryStatus":"statistical","parentId":"es-as-concejo-33019","population":null,"areaKm2":3.5,"density":null,"referenceYear":null,"sourceId":"sadei-parishes","bbox":[-5.25371,43.47005,-5.21545,43.4912],"center":[-5.234579999999999,43.480625]},"geometry":{"type":"Point","coordinates":[-5.234579999999999,43.480625]}},{"type":"Feature","id":"es-as-parish-260900","properties":{"id":"es-as-parish-260900","slug":"grado-grau-grado","name":"Grau / Grado","localName":"Grau / Grado","aliases":[],"kind":"parish","boundaryStatus":"statistical","parentId":"es-as-concejo-33026","population":null,"areaKm2":3.2,"density":null,"referenceYear":null,"sourceId":"sadei-parishes","bbox":[-6.09233,43.38061,-6.054,43.39727],"center":[-6.0731649999999995,43.38894]},"geometry":{"type":"Point","coordinates":[-6.0731649999999995,43.38894]}},{"type":"Feature","id":"es-as-parish-190200","properties":{"id":"es-as-parish-190200","slug":"colunga-colunga","name":"Colunga","localName":"Colunga","aliases":[],"kind":"parish","boundaryStatus":"statistical","parentId":"es-as-concejo-33019","population":null,"areaKm2":3.3,"density":null,"referenceYear":null,"sourceId":"sadei-parishes","bbox":[-5.29007,43.46669,-5.2547,43.49214],"center":[-5.272385,43.479415]},"geometry":{"type":"Point","coordinates":[-5.272385,43.479415]}},{"type":"Feature","id":"es-as-parish-190900","properties":{"id":"es-as-parish-190900","slug":"colunga-llera-la","name":"Llera, La","localName":"Llera, La","aliases":[],"kind":"parish","boundaryStatus":"statistical","parentId":"es-as-concejo-33019","population":null,"areaKm2":1.8,"density":null,"referenceYear":null,"sourceId":"sadei-parishes","bbox":[-5.34447,43.47453,-5.32697,43.4973],"center":[-5.33572,43.485915000000006]},"geometry":{"type":"Point","coordinates":[-5.33572,43.485915000000006]}},{"type":"Feature","id":"es-as-parish-191000","properties":{"id":"es-as-parish-191000","slug":"colunga-pernus","name":"Pernús","localName":"Pernús","aliases":[],"kind":"parish","boundaryStatus":"statistical","parentId":"es-as-concejo-33019","population":null,"areaKm2":5.4,"density":null,"referenceYear":null,"sourceId":"sadei-parishes","bbox":[-5.33958,43.46192,-5.30123,43.49004],"center":[-5.320405,43.47598]},"geometry":{"type":"Point","coordinates":[-5.320405,43.47598]}},{"type":"Feature","id":"es-as-parish-191200","properties":{"id":"es-as-parish-191200","slug":"colunga-riera-la","name":"Riera, La","localName":"Riera, La","aliases":[],"kind":"parish","boundaryStatus":"statistical","parentId":"es-as-concejo-33019","population":null,"areaKm2":8.2,"density":null,"referenceYear":null,"sourceId":"sadei-parishes","bbox":[-5.31564,43.44853,-5.26829,43.48228],"center":[-5.291965,43.465405000000004]},"geometry":{"type":"Point","coordinates":[-5.291965,43.465405000000004]}},{"type":"Feature","id":"es-as-parish-190100","properties":{"id":"es-as-parish-190100","slug":"colunga-carrandi","name":"Carrandi","localName":"Carrandi","aliases":[],"kind":"parish","boundaryStatus":"statistical","parentId":"es-as-concejo-33019","population":null,"areaKm2":9.9,"density":null,"referenceYear":null,"sourceId":"sadei-parishes","bbox":[-5.2977,43.42603,-5.25604,43.47266],"center":[-5.27687,43.449344999999994]},"geometry":{"type":"Point","coordinates":[-5.27687,43.449344999999994]}},{"type":"Feature","id":"es-as-parish-200400","properties":{"id":"es-as-parish-200400","slug":"corvera-de-asturias-solis","name":"Solís","localName":"Solís","aliases":[],"kind":"parish","boundaryStatus":"statistical","parentId":"es-as-concejo-33020","population":null,"areaKm2":12.8,"density":null,"referenceYear":null,"sourceId":"sadei-parishes","bbox":[-5.88331,43.47827,-5.81526,43.51221],"center":[-5.849285,43.49524]},"geometry":{"type":"Point","coordinates":[-5.849285,43.49524]}},{"type":"Feature","id":"es-as-parish-200200","properties":{"id":"es-as-parish-200200","slug":"corvera-de-asturias-cancienes","name":"Cancienes","localName":"Cancienes","aliases":[],"kind":"parish","boundaryStatus":"statistical","parentId":"es-as-concejo-33020","population":null,"areaKm2":12.7,"density":null,"referenceYear":null,"sourceId":"sadei-parishes","bbox":[-5.90587,43.49013,-5.8392,43.53184],"center":[-5.872535,43.510985000000005]},"geometry":{"type":"Point","coordinates":[-5.872535,43.510985000000005]}},{"type":"Feature","id":"es-as-parish-200300","properties":{"id":"es-as-parish-200300","slug":"corvera-de-asturias-molleda","name":"Molleda","localName":"Molleda","aliases":[],"kind":"parish","boundaryStatus":"statistical","parentId":"es-as-concejo-33020","population":null,"areaKm2":7.1,"density":null,"referenceYear":null,"sourceId":"sadei-parishes","bbox":[-5.92733,43.4978,-5.89264,43.53573],"center":[-5.909985000000001,43.516765]},"geometry":{"type":"Point","coordinates":[-5.909985000000001,43.516765]}},{"type":"Feature","id":"es-as-parish-210300","properties":{"id":"es-as-parish-210300","slug":"cudillero-faedo","name":"Faedo","localName":"Faedo","aliases":[],"kind":"parish","boundaryStatus":"statistical","parentId":"es-as-concejo-33021","population":null,"areaKm2":9.8,"density":null,"referenceYear":null,"sourceId":"sadei-parishes","bbox":[-6.21392,43.50514,-6.15244,43.55215],"center":[-6.18318,43.528645]},"geometry":{"type":"Point","coordinates":[-6.18318,43.528645]}},{"type":"Feature","id":"es-as-parish-210700","properties":{"id":"es-as-parish-210700","slug":"cudillero-pinera","name":"Piñera","localName":"Piñera","aliases":[],"kind":"parish","boundaryStatus":"statistical","parentId":"es-as-concejo-33021","population":null,"areaKm2":9.8,"density":null,"referenceYear":null,"sourceId":"sadei-parishes","bbox":[-6.17115,43.51728,-6.12118,43.56637],"center":[-6.146165,43.541825]},"geometry":{"type":"Point","coordinates":[-6.146165,43.541825]}},{"type":"Feature","id":"es-as-parish-210200","properties":{"id":"es-as-parish-210200","slug":"cudillero-cudillero","name":"Cudillero","localName":"Cudillero","aliases":[],"kind":"parish","boundaryStatus":"statistical","parentId":"es-as-concejo-33021","population":null,"areaKm2":0.6,"density":null,"referenceYear":null,"sourceId":"sadei-parishes","bbox":[-6.15389,43.55436,-6.14288,43.57238],"center":[-6.148384999999999,43.563370000000006]},"geometry":{"type":"Point","coordinates":[-6.148384999999999,43.563370000000006]}},{"type":"Feature","id":"es-as-parish-210100","properties":{"id":"es-as-parish-210100","slug":"cudillero-ballota","name":"Ballota","localName":"Ballota","aliases":[],"kind":"parish","boundaryStatus":"statistical","parentId":"es-as-concejo-33021","population":null,"areaKm2":11.4,"density":null,"referenceYear":null,"sourceId":"sadei-parishes","bbox":[-6.35258,43.52089,-6.30054,43.56974],"center":[-6.32656,43.545315]},"geometry":{"type":"Point","coordinates":[-6.32656,43.545315]}},{"type":"Feature","id":"es-as-parish-262100","properties":{"id":"es-as-parish-262100","slug":"grado-santianes-de-molenes","name":"Santianes De Molenes","localName":"Santianes De Molenes","aliases":[],"kind":"parish","boundaryStatus":"statistical","parentId":"es-as-concejo-33026","population":null,"areaKm2":12.5,"density":null,"referenceYear":null,"sourceId":"sadei-parishes","bbox":[-6.16762,43.25385,-6.11436,43.30809],"center":[-6.14099,43.280969999999996]},"geometry":{"type":"Point","coordinates":[-6.14099,43.280969999999996]}},{"type":"Feature","id":"es-as-parish-210800","properties":{"id":"es-as-parish-210800","slug":"cudillero-san-juan-de-pinera","name":"San Juan De Piñera","localName":"San Juan De Piñera","aliases":[],"kind":"parish","boundaryStatus":"statistical","parentId":"es-as-concejo-33021","population":null,"areaKm2":9.8,"density":null,"referenceYear":null,"sourceId":"sadei-parishes","bbox":[-6.19147,43.52765,-6.14689,43.57297],"center":[-6.16918,43.550309999999996]},"geometry":{"type":"Point","coordinates":[-6.16918,43.550309999999996]}},{"type":"Feature","id":"es-as-parish-220100","properties":{"id":"es-as-parish-220100","slug":"degana-zarreu","name":"Zarréu","localName":"Zarréu","aliases":[],"kind":"parish","boundaryStatus":"statistical","parentId":"es-as-concejo-33022","population":null,"areaKm2":28.9,"density":null,"referenceYear":null,"sourceId":"sadei-parishes","bbox":[-6.5281,42.92025,-6.4331,42.97157],"center":[-6.4806,42.94591]},"geometry":{"type":"Point","coordinates":[-6.4806,42.94591]}},{"type":"Feature","id":"es-as-parish-230400","properties":{"id":"es-as-parish-230400","slug":"franco-el-llebredo","name":"Llebredo","localName":"Llebredo","aliases":[],"kind":"parish","boundaryStatus":"statistical","parentId":"es-as","population":null,"areaKm2":5.8,"density":null,"referenceYear":null,"sourceId":"sadei-parishes","bbox":[-6.84481,43.44783,-6.81564,43.48731],"center":[-6.830225,43.46757]},"geometry":{"type":"Point","coordinates":[-6.830225,43.46757]}},{"type":"Feature","id":"es-as-parish-262400","properties":{"id":"es-as-parish-262400","slug":"grado-vigana","name":"Vigaña","localName":"Vigaña","aliases":[],"kind":"parish","boundaryStatus":"statistical","parentId":"es-as-concejo-33026","population":null,"areaKm2":3.1,"density":null,"referenceYear":null,"sourceId":"sadei-parishes","bbox":[-6.19944,43.29455,-6.17211,43.31216],"center":[-6.185775,43.303354999999996]},"geometry":{"type":"Point","coordinates":[-6.185775,43.303354999999996]}},{"type":"Feature","id":"es-as-parish-210500","properties":{"id":"es-as-parish-210500","slug":"cudillero-novellana","name":"Novellana","localName":"Novellana","aliases":[],"kind":"parish","boundaryStatus":"statistical","parentId":"es-as-concejo-33021","population":null,"areaKm2":8,"density":null,"referenceYear":null,"sourceId":"sadei-parishes","bbox":[-6.30678,43.53649,-6.26796,43.57565],"center":[-6.28737,43.556070000000005]},"geometry":{"type":"Point","coordinates":[-6.28737,43.556070000000005]}},{"type":"Feature","id":"es-as-parish-261900","properties":{"id":"es-as-parish-261900","slug":"grado-rubianu","name":"Rubianu","localName":"Rubianu","aliases":[],"kind":"parish","boundaryStatus":"statistical","parentId":"es-as-concejo-33026","population":null,"areaKm2":5.8,"density":null,"referenceYear":null,"sourceId":"sadei-parishes","bbox":[-6.12455,43.29177,-6.08219,43.32034],"center":[-6.10337,43.306055]},"geometry":{"type":"Point","coordinates":[-6.10337,43.306055]}},{"type":"Feature","id":"es-as-parish-210900","properties":{"id":"es-as-parish-210900","slug":"cudillero-soto-de-luina","name":"Soto De Luiña","localName":"Soto De Luiña","aliases":[],"kind":"parish","boundaryStatus":"statistical","parentId":"es-as-concejo-33021","population":null,"areaKm2":10.2,"density":null,"referenceYear":null,"sourceId":"sadei-parishes","bbox":[-6.27901,43.54269,-6.21828,43.58481],"center":[-6.248645,43.56375]},"geometry":{"type":"Point","coordinates":[-6.248645,43.56375]}},{"type":"Feature","id":"es-as-parish-230200","properties":{"id":"es-as-parish-230200","slug":"franco-el-brana-a","name":"Braña, A","localName":"Braña, A","aliases":[],"kind":"parish","boundaryStatus":"statistical","parentId":"es-as","population":null,"areaKm2":17.7,"density":null,"referenceYear":null,"sourceId":"sadei-parishes","bbox":[-6.88958,43.44913,-6.83122,43.50404],"center":[-6.8604,43.476585]},"geometry":{"type":"Point","coordinates":[-6.8604,43.476585]}},{"type":"Feature","id":"es-as-parish-210600","properties":{"id":"es-as-parish-210600","slug":"cudillero-ovinana","name":"Oviñana","localName":"Oviñana","aliases":[],"kind":"parish","boundaryStatus":"statistical","parentId":"es-as-concejo-33021","population":null,"areaKm2":5.3,"density":null,"referenceYear":null,"sourceId":"sadei-parishes","bbox":[-6.25619,43.56315,-6.22163,43.5963],"center":[-6.238910000000001,43.579724999999996]},"geometry":{"type":"Point","coordinates":[-6.238910000000001,43.579724999999996]}},{"type":"Feature","id":"es-as-parish-230800","properties":{"id":"es-as-parish-230800","slug":"franco-el-villalmarzo","name":"Villalmarzo","localName":"Villalmarzo","aliases":[],"kind":"parish","boundaryStatus":"statistical","parentId":"es-as","population":null,"areaKm2":6.4,"density":null,"referenceYear":null,"sourceId":"sadei-parishes","bbox":[-6.87852,43.48807,-6.83662,43.51727],"center":[-6.85757,43.50267]},"geometry":{"type":"Point","coordinates":[-6.85757,43.50267]}},{"type":"Feature","id":"es-as-parish-210400","properties":{"id":"es-as-parish-210400","slug":"cudillero-san-martin-de-luina","name":"San Martín De Luiña","localName":"San Martín De Luiña","aliases":[],"kind":"parish","boundaryStatus":"statistical","parentId":"es-as-concejo-33021","population":null,"areaKm2":36.7,"density":null,"referenceYear":null,"sourceId":"sadei-parishes","bbox":[-6.27273,43.49161,-6.18129,43.58574],"center":[-6.22701,43.538675]},"geometry":{"type":"Point","coordinates":[-6.22701,43.538675]}},{"type":"Feature","id":"es-as-parish-220300","properties":{"id":"es-as-parish-220300","slug":"degana-trabau","name":"Trabáu","localName":"Trabáu","aliases":[],"kind":"parish","boundaryStatus":"statistical","parentId":"es-as-concejo-33022","population":null,"areaKm2":12.8,"density":null,"referenceYear":null,"sourceId":"sadei-parishes","bbox":[-6.70075,42.92546,-6.62353,42.98705],"center":[-6.66214,42.956255]},"geometry":{"type":"Point","coordinates":[-6.66214,42.956255]}},{"type":"Feature","id":"es-as-parish-230100","properties":{"id":"es-as-parish-230100","slug":"franco-el-arancedo","name":"Arancedo","localName":"Arancedo","aliases":[],"kind":"parish","boundaryStatus":"statistical","parentId":"es-as","population":null,"areaKm2":9.3,"density":null,"referenceYear":null,"sourceId":"sadei-parishes","bbox":[-6.84408,43.4805,-6.78925,43.5173],"center":[-6.816665,43.4989]},"geometry":{"type":"Point","coordinates":[-6.816665,43.4989]}},{"type":"Feature","id":"es-as-parish-230600","properties":{"id":"es-as-parish-230600","slug":"franco-el-san-xuan-de-prendones-san-juan-de-prendones","name":"San Xuan De Prendonés / San Juan De Prendonés","localName":"San Xuan De Prendonés / San Juan De Prendonés","aliases":[],"kind":"parish","boundaryStatus":"statistical","parentId":"es-as","population":null,"areaKm2":12.5,"density":null,"referenceYear":null,"sourceId":"sadei-parishes","bbox":[-6.88637,43.50888,-6.83417,43.54791],"center":[-6.86027,43.528395]},"geometry":{"type":"Point","coordinates":[-6.86027,43.528395]}},{"type":"Feature","id":"es-as-parish-241600","properties":{"id":"es-as-parish-241600","slug":"gijon-puao","name":"Puao","localName":"Puao","aliases":[],"kind":"parish","boundaryStatus":"statistical","parentId":"es-as-concejo-33024","population":null,"areaKm2":3.7,"density":null,"referenceYear":null,"sourceId":"sadei-parishes","bbox":[-5.75824,43.5232,-5.72159,43.54605],"center":[-5.739915,43.534625000000005]},"geometry":{"type":"Point","coordinates":[-5.739915,43.534625000000005]}},{"type":"Feature","id":"es-as-parish-250100","properties":{"id":"es-as-parish-250100","slug":"gozon-santiao-d-ambiedes","name":"Santiao D'ambiedes","localName":"Santiao D'ambiedes","aliases":[],"kind":"parish","boundaryStatus":"statistical","parentId":"es-as-concejo-33025","population":null,"areaKm2":13.7,"density":null,"referenceYear":null,"sourceId":"sadei-parishes","bbox":[-5.90517,43.55213,-5.84774,43.60526],"center":[-5.876455,43.578694999999996]},"geometry":{"type":"Point","coordinates":[-5.876455,43.578694999999996]}},{"type":"Feature","id":"es-as-parish-230300","properties":{"id":"es-as-parish-230300","slug":"franco-el-carida-a","name":"Caridá, A","localName":"Caridá, A","aliases":[],"kind":"parish","boundaryStatus":"statistical","parentId":"es-as","population":null,"areaKm2":4.5,"density":null,"referenceYear":null,"sourceId":"sadei-parishes","bbox":[-6.84082,43.54241,-6.80933,43.56799],"center":[-6.825075,43.5552]},"geometry":{"type":"Point","coordinates":[-6.825075,43.5552]}},{"type":"Feature","id":"es-as-parish-230500","properties":{"id":"es-as-parish-230500","slug":"franco-el-miudes","name":"Miudes","localName":"Miudes","aliases":[],"kind":"parish","boundaryStatus":"statistical","parentId":"es-as","population":null,"areaKm2":14.8,"density":null,"referenceYear":null,"sourceId":"sadei-parishes","bbox":[-6.84073,43.50568,-6.78749,43.56035],"center":[-6.8141099999999994,43.533015]},"geometry":{"type":"Point","coordinates":[-6.8141099999999994,43.533015]}},{"type":"Feature","id":"es-as-parish-230700","properties":{"id":"es-as-parish-230700","slug":"franco-el-valdepares","name":"Valdepares","localName":"Valdepares","aliases":[],"kind":"parish","boundaryStatus":"statistical","parentId":"es-as","population":null,"areaKm2":7.3,"density":null,"referenceYear":null,"sourceId":"sadei-parishes","bbox":[-6.88153,43.54241,-6.83362,43.57137],"center":[-6.857575,43.556889999999996]},"geometry":{"type":"Point","coordinates":[-6.857575,43.556889999999996]}},{"type":"Feature","id":"es-as-parish-261400","properties":{"id":"es-as-parish-261400","slug":"grado-penaflor","name":"Peñaflor","localName":"Peñaflor","aliases":[],"kind":"parish","boundaryStatus":"statistical","parentId":"es-as-concejo-33026","population":null,"areaKm2":5.8,"density":null,"referenceYear":null,"sourceId":"sadei-parishes","bbox":[-6.06327,43.38313,-6.00289,43.40349],"center":[-6.03308,43.39331]},"geometry":{"type":"Point","coordinates":[-6.03308,43.39331]}},{"type":"Feature","id":"es-as-parish-240800","properties":{"id":"es-as-parish-240800","slug":"gijon-fresno","name":"Fresno","localName":"Fresno","aliases":[],"kind":"parish","boundaryStatus":"statistical","parentId":"es-as-concejo-33024","population":null,"areaKm2":5.6,"density":null,"referenceYear":null,"sourceId":"sadei-parishes","bbox":[-5.76743,43.50358,-5.71833,43.53264],"center":[-5.7428799999999995,43.51811]},"geometry":{"type":"Point","coordinates":[-5.7428799999999995,43.51811]}},{"type":"Feature","id":"es-as-parish-240500","properties":{"id":"es-as-parish-240500","slug":"gijon-abadia-cenero-l","name":"Abadía Cenero, L'","localName":"Abadía Cenero, L'","aliases":[],"kind":"parish","boundaryStatus":"statistical","parentId":"es-as-concejo-33024","population":null,"areaKm2":23.9,"density":null,"referenceYear":null,"sourceId":"sadei-parishes","bbox":[-5.78436,43.4479,-5.71824,43.51152],"center":[-5.7513000000000005,43.47971]},"geometry":{"type":"Point","coordinates":[-5.7513000000000005,43.47971]}},{"type":"Feature","id":"es-as-parish-240300","properties":{"id":"es-as-parish-240300","slug":"gijon-cabuenes","name":"Cabueñes","localName":"Cabueñes","aliases":[],"kind":"parish","boundaryStatus":"statistical","parentId":"es-as-concejo-33024","population":null,"areaKm2":7.4,"density":null,"referenceYear":null,"sourceId":"sadei-parishes","bbox":[-5.6295,43.50813,-5.58071,43.54126],"center":[-5.605105,43.524695]},"geometry":{"type":"Point","coordinates":[-5.605105,43.524695]}},{"type":"Feature","id":"es-as-parish-250400","properties":{"id":"es-as-parish-250400","slug":"gozon-cardo","name":"Cardo","localName":"Cardo","aliases":[],"kind":"parish","boundaryStatus":"statistical","parentId":"es-as-concejo-33025","population":null,"areaKm2":10.2,"density":null,"referenceYear":null,"sourceId":"sadei-parishes","bbox":[-5.86473,43.55632,-5.80656,43.59666],"center":[-5.8356449999999995,43.57649]},"geometry":{"type":"Point","coordinates":[-5.8356449999999995,43.57649]}},{"type":"Feature","id":"es-as-parish-240600","properties":{"id":"es-as-parish-240600","slug":"gijon-deva","name":"Deva","localName":"Deva","aliases":[],"kind":"parish","boundaryStatus":"statistical","parentId":"es-as-concejo-33024","population":null,"areaKm2":10.5,"density":null,"referenceYear":null,"sourceId":"sadei-parishes","bbox":[-5.61627,43.48306,-5.56288,43.52987],"center":[-5.589575,43.506465000000006]},"geometry":{"type":"Point","coordinates":[-5.589575,43.506465000000006]}},{"type":"Feature","id":"es-as-parish-240200","properties":{"id":"es-as-parish-240200","slug":"gijon-castiello-bernueces","name":"Castiello Bernueces","localName":"Castiello Bernueces","aliases":[],"kind":"parish","boundaryStatus":"statistical","parentId":"es-as-concejo-33024","population":null,"areaKm2":4.5,"density":null,"referenceYear":null,"sourceId":"sadei-parishes","bbox":[-5.65106,43.49799,-5.61731,43.52762],"center":[-5.634185,43.512805]},"geometry":{"type":"Point","coordinates":[-5.634185,43.512805]}},{"type":"Feature","id":"es-as-parish-260100","properties":{"id":"es-as-parish-260100","slug":"grado-ambas","name":"Ambás","localName":"Ambás","aliases":[],"kind":"parish","boundaryStatus":"statistical","parentId":"es-as-concejo-33026","population":null,"areaKm2":4.7,"density":null,"referenceYear":null,"sourceId":"sadei-parishes","bbox":[-6.15315,43.29994,-6.1116,43.32643],"center":[-6.132375,43.313185000000004]},"geometry":{"type":"Point","coordinates":[-6.132375,43.313185000000004]}},{"type":"Feature","id":"es-as-parish-262000","properties":{"id":"es-as-parish-262000","slug":"grado-sama","name":"Sama","localName":"Sama","aliases":[],"kind":"parish","boundaryStatus":"statistical","parentId":"es-as-concejo-33026","population":null,"areaKm2":13.6,"density":null,"referenceYear":null,"sourceId":"sadei-parishes","bbox":[-6.05137,43.2822,-6.00034,43.3325],"center":[-6.025855,43.30735]},"geometry":{"type":"Point","coordinates":[-6.025855,43.30735]}},{"type":"Feature","id":"es-as-parish-242000","properties":{"id":"es-as-parish-242000","slug":"gijon-santurio","name":"Santurio","localName":"Santurio","aliases":[],"kind":"parish","boundaryStatus":"statistical","parentId":"es-as-concejo-33024","population":null,"areaKm2":2.8,"density":null,"referenceYear":null,"sourceId":"sadei-parishes","bbox":[-5.63321,43.48656,-5.60306,43.50912],"center":[-5.6181350000000005,43.49784]},"geometry":{"type":"Point","coordinates":[-5.6181350000000005,43.49784]}},{"type":"Feature","id":"es-as-parish-240400","properties":{"id":"es-as-parish-240400","slug":"gijon-caldones","name":"Caldones","localName":"Caldones","aliases":[],"kind":"parish","boundaryStatus":"statistical","parentId":"es-as-concejo-33024","population":null,"areaKm2":8.5,"density":null,"referenceYear":null,"sourceId":"sadei-parishes","bbox":[-5.6382,43.46407,-5.58353,43.49233],"center":[-5.610865,43.4782]},"geometry":{"type":"Point","coordinates":[-5.610865,43.4782]}},{"type":"Feature","id":"es-as-parish-240100","properties":{"id":"es-as-parish-240100","slug":"gijon-valdornon","name":"Valdornón","localName":"Valdornón","aliases":[],"kind":"parish","boundaryStatus":"statistical","parentId":"es-as-concejo-33024","population":null,"areaKm2":7.8,"density":null,"referenceYear":null,"sourceId":"sadei-parishes","bbox":[-5.62509,43.44189,-5.58353,43.46946],"center":[-5.60431,43.455675]},"geometry":{"type":"Point","coordinates":[-5.60431,43.455675]}},{"type":"Feature","id":"es-as-parish-241000","properties":{"id":"es-as-parish-241000","slug":"gijon-granda","name":"Granda","localName":"Granda","aliases":[],"kind":"parish","boundaryStatus":"statistical","parentId":"es-as-concejo-33024","population":null,"areaKm2":4.3,"density":null,"referenceYear":null,"sourceId":"sadei-parishes","bbox":[-5.67238,43.49002,-5.64173,43.51646],"center":[-5.657055,43.503240000000005]},"geometry":{"type":"Point","coordinates":[-5.657055,43.503240000000005]}},{"type":"Feature","id":"es-as-parish-262200","properties":{"id":"es-as-parish-262200","slug":"grado-sorribas","name":"Sorribas","localName":"Sorribas","aliases":[],"kind":"parish","boundaryStatus":"statistical","parentId":"es-as-concejo-33026","population":null,"areaKm2":4.5,"density":null,"referenceYear":null,"sourceId":"sadei-parishes","bbox":[-6.1562,43.31834,-6.11155,43.33635],"center":[-6.133875,43.327345]},"geometry":{"type":"Point","coordinates":[-6.133875,43.327345]}},{"type":"Feature","id":"es-as-parish-242400","properties":{"id":"es-as-parish-242400","slug":"gijon-vega","name":"Vega","localName":"Vega","aliases":[],"kind":"parish","boundaryStatus":"statistical","parentId":"es-as-concejo-33024","population":null,"areaKm2":4.5,"density":null,"referenceYear":null,"sourceId":"sadei-parishes","bbox":[-5.66482,43.47799,-5.62909,43.50222],"center":[-5.646955,43.490105]},"geometry":{"type":"Point","coordinates":[-5.646955,43.490105]}},{"type":"Feature","id":"es-as-parish-240700","properties":{"id":"es-as-parish-240700","slug":"gijon-fano","name":"Fano","localName":"Fano","aliases":[],"kind":"parish","boundaryStatus":"statistical","parentId":"es-as-concejo-33024","population":null,"areaKm2":3.5,"density":null,"referenceYear":null,"sourceId":"sadei-parishes","bbox":[-5.64411,43.44263,-5.61474,43.47301],"center":[-5.629425,43.45782]},"geometry":{"type":"Point","coordinates":[-5.629425,43.45782]}},{"type":"Feature","id":"es-as-parish-241300","properties":{"id":"es-as-parish-241300","slug":"gijon-llavandera","name":"Llavandera","localName":"Llavandera","aliases":[],"kind":"parish","boundaryStatus":"statistical","parentId":"es-as-concejo-33024","population":null,"areaKm2":6.5,"density":null,"referenceYear":null,"sourceId":"sadei-parishes","bbox":[-5.66376,43.45331,-5.62818,43.48434],"center":[-5.64597,43.468825]},"geometry":{"type":"Point","coordinates":[-5.64597,43.468825]}},{"type":"Feature","id":"es-as-parish-250600","properties":{"id":"es-as-parish-250600","slug":"gozon-llaviana","name":"Llaviana","localName":"Llaviana","aliases":[],"kind":"parish","boundaryStatus":"statistical","parentId":"es-as-concejo-33025","population":null,"areaKm2":4.5,"density":null,"referenceYear":null,"sourceId":"sadei-parishes","bbox":[-5.94803,43.58145,-5.8957,43.60526],"center":[-5.921865,43.593355]},"geometry":{"type":"Point","coordinates":[-5.921865,43.593355]}},{"type":"Feature","id":"es-as-parish-251300","properties":{"id":"es-as-parish-251300","slug":"gozon-viono","name":"Vioño","localName":"Vioño","aliases":[],"kind":"parish","boundaryStatus":"statistical","parentId":"es-as-concejo-33025","population":null,"areaKm2":3.1,"density":null,"referenceYear":null,"sourceId":"sadei-parishes","bbox":[-5.87384,43.58911,-5.8437,43.61158],"center":[-5.85877,43.600345]},"geometry":{"type":"Point","coordinates":[-5.85877,43.600345]}},{"type":"Feature","id":"es-as-parish-241100","properties":{"id":"es-as-parish-241100","slug":"gijon-samartin-de-guerces","name":"Samartín De Güerces","localName":"Samartín De Güerces","aliases":[],"kind":"parish","boundaryStatus":"statistical","parentId":"es-as-concejo-33024","population":null,"areaKm2":5.9,"density":null,"referenceYear":null,"sourceId":"sadei-parishes","bbox":[-5.6834,43.4552,-5.65166,43.49087],"center":[-5.667529999999999,43.473034999999996]},"geometry":{"type":"Point","coordinates":[-5.667529999999999,43.473034999999996]}},{"type":"Feature","id":"es-as-parish-250800","properties":{"id":"es-as-parish-250800","slug":"gozon-mazaneda","name":"Mazaneda","localName":"Mazaneda","aliases":[],"kind":"parish","boundaryStatus":"statistical","parentId":"es-as-concejo-33025","population":null,"areaKm2":3.3,"density":null,"referenceYear":null,"sourceId":"sadei-parishes","bbox":[-5.88658,43.59277,-5.85647,43.61883],"center":[-5.871525,43.6058]},"geometry":{"type":"Point","coordinates":[-5.871525,43.6058]}},{"type":"Feature","id":"es-as-parish-250900","properties":{"id":"es-as-parish-250900","slug":"gozon-santolaya","name":"Santolaya","localName":"Santolaya","aliases":[],"kind":"parish","boundaryStatus":"statistical","parentId":"es-as-concejo-33025","population":null,"areaKm2":8.4,"density":null,"referenceYear":null,"sourceId":"sadei-parishes","bbox":[-5.85286,43.58636,-5.80026,43.62424],"center":[-5.82656,43.6053]},"geometry":{"type":"Point","coordinates":[-5.82656,43.6053]}},{"type":"Feature","id":"es-as-parish-241400","properties":{"id":"es-as-parish-241400","slug":"gijon-leorio-llorio","name":"Leorio / Llorio","localName":"Leorio / Llorio","aliases":[],"kind":"parish","boundaryStatus":"statistical","parentId":"es-as-concejo-33024","population":null,"areaKm2":4.8,"density":null,"referenceYear":null,"sourceId":"sadei-parishes","bbox":[-5.69619,43.45408,-5.66687,43.49945],"center":[-5.68153,43.476765]},"geometry":{"type":"Point","coordinates":[-5.68153,43.476765]}},{"type":"Feature","id":"es-as-parish-250500","properties":{"id":"es-as-parish-250500","slug":"gozon-eres","name":"Eres","localName":"Eres","aliases":[],"kind":"parish","boundaryStatus":"statistical","parentId":"es-as-concejo-33025","population":null,"areaKm2":3.3,"density":null,"referenceYear":null,"sourceId":"sadei-parishes","bbox":[-5.84408,43.61276,-5.80834,43.62839],"center":[-5.82621,43.620575]},"geometry":{"type":"Point","coordinates":[-5.82621,43.620575]}},{"type":"Feature","id":"es-as-parish-262600","properties":{"id":"es-as-parish-262600","slug":"grado-santa-maria-villandas","name":"Santa María Villandás","localName":"Santa María Villandás","aliases":[],"kind":"parish","boundaryStatus":"statistical","parentId":"es-as-concejo-33026","population":null,"areaKm2":12.4,"density":null,"referenceYear":null,"sourceId":"sadei-parishes","bbox":[-6.19665,43.29051,-6.13027,43.34315],"center":[-6.163460000000001,43.316829999999996]},"geometry":{"type":"Point","coordinates":[-6.163460000000001,43.316829999999996]}},{"type":"Feature","id":"es-as-parish-241700","properties":{"id":"es-as-parish-241700","slug":"gijon-porceyo","name":"Porceyo","localName":"Porceyo","aliases":[],"kind":"parish","boundaryStatus":"statistical","parentId":"es-as-concejo-33024","population":null,"areaKm2":6,"density":null,"referenceYear":null,"sourceId":"sadei-parishes","bbox":[-5.72544,43.48432,-5.68889,43.51749],"center":[-5.707165,43.500905]},"geometry":{"type":"Point","coordinates":[-5.707165,43.500905]}},{"type":"Feature","id":"es-as-parish-242300","properties":{"id":"es-as-parish-242300","slug":"gijon-san-andres-de-los-tacones","name":"San Andrés De Los Tacones","localName":"San Andrés De Los Tacones","aliases":[],"kind":"parish","boundaryStatus":"statistical","parentId":"es-as-concejo-33024","population":null,"areaKm2":6,"density":null,"referenceYear":null,"sourceId":"sadei-parishes","bbox":[-5.78439,43.49663,-5.74391,43.52683],"center":[-5.76415,43.51173]},"geometry":{"type":"Point","coordinates":[-5.76415,43.51173]}},{"type":"Feature","id":"es-as-parish-241500","properties":{"id":"es-as-parish-241500","slug":"gijon-pedrera-la","name":"Pedrera, La","localName":"Pedrera, La","aliases":[],"kind":"parish","boundaryStatus":"statistical","parentId":"es-as-concejo-33024","population":null,"areaKm2":6.7,"density":null,"referenceYear":null,"sourceId":"sadei-parishes","bbox":[-5.72308,43.46106,-5.6823,43.50417],"center":[-5.7026900000000005,43.482615]},"geometry":{"type":"Point","coordinates":[-5.7026900000000005,43.482615]}},{"type":"Feature","id":"es-as-parish-241900","properties":{"id":"es-as-parish-241900","slug":"gijon-ruedes","name":"Ruedes","localName":"Ruedes","aliases":[],"kind":"parish","boundaryStatus":"statistical","parentId":"es-as-concejo-33024","population":null,"areaKm2":3.3,"density":null,"referenceYear":null,"sourceId":"sadei-parishes","bbox":[-5.72774,43.45119,-5.69844,43.47391],"center":[-5.713089999999999,43.46254999999999]},"geometry":{"type":"Point","coordinates":[-5.713089999999999,43.46254999999999]}},{"type":"Feature","id":"es-as-parish-242100","properties":{"id":"es-as-parish-242100","slug":"gijon-serin","name":"Serín","localName":"Serín","aliases":[],"kind":"parish","boundaryStatus":"statistical","parentId":"es-as-concejo-33024","population":null,"areaKm2":14.3,"density":null,"referenceYear":null,"sourceId":"sadei-parishes","bbox":[-5.82123,43.46812,-5.76411,43.52047],"center":[-5.792669999999999,43.494295]},"geometry":{"type":"Point","coordinates":[-5.792669999999999,43.494295]}},{"type":"Feature","id":"es-as-parish-242500","properties":{"id":"es-as-parish-242500","slug":"gijon-verina","name":"Veriña","localName":"Veriña","aliases":[],"kind":"parish","boundaryStatus":"statistical","parentId":"es-as-concejo-33024","population":null,"areaKm2":2.7,"density":null,"referenceYear":null,"sourceId":"sadei-parishes","bbox":[-5.73059,43.52668,-5.70607,43.5525],"center":[-5.71833,43.539590000000004]},"geometry":{"type":"Point","coordinates":[-5.71833,43.539590000000004]}},{"type":"Feature","id":"es-as-parish-240900","properties":{"id":"es-as-parish-240900","slug":"gijon-gijon-xixon","name":"Gijón / Xixón","localName":"Gijón / Xixón","aliases":[],"kind":"parish","boundaryStatus":"statistical","parentId":"es-as-concejo-33024","population":null,"areaKm2":40.7,"density":null,"referenceYear":null,"sourceId":"sadei-parishes","bbox":[-5.72402,43.49744,-5.58715,43.58669],"center":[-5.655585,43.542064999999994]},"geometry":{"type":"Point","coordinates":[-5.655585,43.542064999999994]}},{"type":"Feature","id":"es-as-parish-262700","properties":{"id":"es-as-parish-262700","slug":"grado-san-xuan","name":"San Xuan","localName":"San Xuan","aliases":[],"kind":"parish","boundaryStatus":"statistical","parentId":"es-as-concejo-33026","population":null,"areaKm2":4.4,"density":null,"referenceYear":null,"sourceId":"sadei-parishes","bbox":[-6.11401,43.37849,-6.08005,43.40631],"center":[-6.09703,43.392399999999995]},"geometry":{"type":"Point","coordinates":[-6.09703,43.392399999999995]}},{"type":"Feature","id":"es-as-parish-250200","properties":{"id":"es-as-parish-250200","slug":"gozon-banugues","name":"Bañugues","localName":"Bañugues","aliases":[],"kind":"parish","boundaryStatus":"statistical","parentId":"es-as-concejo-33025","population":null,"areaKm2":4.2,"density":null,"referenceYear":null,"sourceId":"sadei-parishes","bbox":[-5.83972,43.62316,-5.80035,43.64443],"center":[-5.820035,43.633795]},"geometry":{"type":"Point","coordinates":[-5.820035,43.633795]}},{"type":"Feature","id":"es-as-parish-251000","properties":{"id":"es-as-parish-251000","slug":"gozon-samartin-de-podes","name":"Samartín De Podes","localName":"Samartín De Podes","aliases":[],"kind":"parish","boundaryStatus":"statistical","parentId":"es-as-concejo-33025","population":null,"areaKm2":7.1,"density":null,"referenceYear":null,"sourceId":"sadei-parishes","bbox":[-5.91815,43.60064,-5.87501,43.62911],"center":[-5.89658,43.614875]},"geometry":{"type":"Point","coordinates":[-5.89658,43.614875]}},{"type":"Feature","id":"es-as-parish-260700","properties":{"id":"es-as-parish-260700","slug":"grado-cuaya","name":"Cuaya","localName":"Cuaya","aliases":[],"kind":"parish","boundaryStatus":"statistical","parentId":"es-as-concejo-33026","population":null,"areaKm2":14.1,"density":null,"referenceYear":null,"sourceId":"sadei-parishes","bbox":[-6.09929,43.28778,-6.03916,43.34726],"center":[-6.069224999999999,43.31752]},"geometry":{"type":"Point","coordinates":[-6.069224999999999,43.31752]}},{"type":"Feature","id":"es-as-parish-251100","properties":{"id":"es-as-parish-251100","slug":"gozon-verdicio","name":"Verdicio","localName":"Verdicio","aliases":[],"kind":"parish","boundaryStatus":"statistical","parentId":"es-as-concejo-33025","population":null,"areaKm2":5.5,"density":null,"referenceYear":null,"sourceId":"sadei-parishes","bbox":[-5.88127,43.6107,-5.83699,43.63534],"center":[-5.85913,43.62302]},"geometry":{"type":"Point","coordinates":[-5.85913,43.62302]}},{"type":"Feature","id":"es-as-parish-251400","properties":{"id":"es-as-parish-251400","slug":"gozon-lluanco-luanco","name":"Lluanco / Luanco","localName":"Lluanco / Luanco","aliases":[],"kind":"parish","boundaryStatus":"statistical","parentId":"es-as-concejo-33025","population":null,"areaKm2":4.4,"density":null,"referenceYear":null,"sourceId":"sadei-parishes","bbox":[-5.80938,43.6058,-5.7805,43.63678],"center":[-5.79494,43.62129]},"geometry":{"type":"Point","coordinates":[-5.79494,43.62129]}},{"type":"Feature","id":"es-as-parish-261800","properties":{"id":"es-as-parish-261800","slug":"grado-rodiles","name":"Rodiles","localName":"Rodiles","aliases":[],"kind":"parish","boundaryStatus":"statistical","parentId":"es-as-concejo-33026","population":null,"areaKm2":7.5,"density":null,"referenceYear":null,"sourceId":"sadei-parishes","bbox":[-6.11604,43.31522,-6.06802,43.3477],"center":[-6.092029999999999,43.33146]},"geometry":{"type":"Point","coordinates":[-6.092029999999999,43.33146]}},{"type":"Feature","id":"es-as-parish-251200","properties":{"id":"es-as-parish-251200","slug":"gozon-viodo","name":"Viodo","localName":"Viodo","aliases":[],"kind":"parish","boundaryStatus":"statistical","parentId":"es-as-concejo-33025","population":null,"areaKm2":5.8,"density":null,"referenceYear":null,"sourceId":"sadei-parishes","bbox":[-5.86726,43.62984,-5.82979,43.66648],"center":[-5.848525,43.648160000000004]},"geometry":{"type":"Point","coordinates":[-5.848525,43.648160000000004]}},{"type":"Feature","id":"es-as-parish-261700","properties":{"id":"es-as-parish-261700","slug":"grado-restiellu","name":"Restiellu","localName":"Restiellu","aliases":[],"kind":"parish","boundaryStatus":"statistical","parentId":"es-as-concejo-33026","population":null,"areaKm2":8.2,"density":null,"referenceYear":null,"sourceId":"sadei-parishes","bbox":[-6.19681,43.26036,-6.16076,43.29762],"center":[-6.1787849999999995,43.27899]},"geometry":{"type":"Point","coordinates":[-6.1787849999999995,43.27899]}},{"type":"Feature","id":"es-as-parish-261300","properties":{"id":"es-as-parish-261300","slug":"grado-san-adrianu","name":"San Adrianu","localName":"San Adrianu","aliases":[],"kind":"parish","boundaryStatus":"statistical","parentId":"es-as-concejo-33026","population":null,"areaKm2":10,"density":null,"referenceYear":null,"sourceId":"sadei-parishes","bbox":[-6.08235,43.25942,-6.03854,43.30629],"center":[-6.060445,43.282855]},"geometry":{"type":"Point","coordinates":[-6.060445,43.282855]}},{"type":"Feature","id":"es-as-parish-250300","properties":{"id":"es-as-parish-250300","slug":"gozon-bocines","name":"Bocines","localName":"Bocines","aliases":[],"kind":"parish","boundaryStatus":"statistical","parentId":"es-as-concejo-33025","population":null,"areaKm2":8.8,"density":null,"referenceYear":null,"sourceId":"sadei-parishes","bbox":[-5.82091,43.57787,-5.76516,43.61366],"center":[-5.793035,43.595765]},"geometry":{"type":"Point","coordinates":[-5.793035,43.595765]}},{"type":"Feature","id":"es-as-parish-262300","properties":{"id":"es-as-parish-262300","slug":"grado-tolinas","name":"Tolinas","localName":"Tolinas","aliases":[],"kind":"parish","boundaryStatus":"statistical","parentId":"es-as-concejo-33026","population":null,"areaKm2":9.9,"density":null,"referenceYear":null,"sourceId":"sadei-parishes","bbox":[-6.20189,43.18357,-6.16994,43.24072],"center":[-6.185915,43.21214500000001]},"geometry":{"type":"Point","coordinates":[-6.185915,43.21214500000001]}},{"type":"Feature","id":"es-as-parish-262800","properties":{"id":"es-as-parish-262800","slug":"grado-villas-las","name":"Villas, Las","localName":"Villas, Las","aliases":[],"kind":"parish","boundaryStatus":"statistical","parentId":"es-as-concejo-33026","population":null,"areaKm2":11.4,"density":null,"referenceYear":null,"sourceId":"sadei-parishes","bbox":[-6.19658,43.20194,-6.14057,43.25016],"center":[-6.168575000000001,43.22605]},"geometry":{"type":"Point","coordinates":[-6.168575000000001,43.22605]}},{"type":"Feature","id":"es-as-parish-262500","properties":{"id":"es-as-parish-262500","slug":"grado-villamarin","name":"Villamarín","localName":"Villamarín","aliases":[],"kind":"parish","boundaryStatus":"statistical","parentId":"es-as-concejo-33026","population":null,"areaKm2":10.2,"density":null,"referenceYear":null,"sourceId":"sadei-parishes","bbox":[-6.19394,43.23615,-6.13593,43.27463],"center":[-6.164935,43.255390000000006]},"geometry":{"type":"Point","coordinates":[-6.164935,43.255390000000006]}},{"type":"Feature","id":"es-as-parish-260500","properties":{"id":"es-as-parish-260500","slug":"grado-cabrunana","name":"Cabruñana","localName":"Cabruñana","aliases":[],"kind":"parish","boundaryStatus":"statistical","parentId":"es-as-concejo-33026","population":null,"areaKm2":3.1,"density":null,"referenceYear":null,"sourceId":"sadei-parishes","bbox":[-6.12706,43.38845,-6.09758,43.41078],"center":[-6.11232,43.399615]},"geometry":{"type":"Point","coordinates":[-6.11232,43.399615]}},{"type":"Feature","id":"es-as-parish-261600","properties":{"id":"es-as-parish-261600","slug":"grado-raneces","name":"Rañeces","localName":"Rañeces","aliases":[],"kind":"parish","boundaryStatus":"statistical","parentId":"es-as-concejo-33026","population":null,"areaKm2":4.8,"density":null,"referenceYear":null,"sourceId":"sadei-parishes","bbox":[-6.08808,43.32276,-6.05183,43.35718],"center":[-6.069955,43.33997]},"geometry":{"type":"Point","coordinates":[-6.069955,43.33997]}},{"type":"Feature","id":"es-as-parish-261500","properties":{"id":"es-as-parish-261500","slug":"grado-pereda","name":"Pereda","localName":"Pereda","aliases":[],"kind":"parish","boundaryStatus":"statistical","parentId":"es-as-concejo-33026","population":null,"areaKm2":12.4,"density":null,"referenceYear":null,"sourceId":"sadei-parishes","bbox":[-6.15107,43.3341,-6.06718,43.36417],"center":[-6.109125,43.349135000000004]},"geometry":{"type":"Point","coordinates":[-6.109125,43.349135000000004]}},{"type":"Feature","id":"es-as-parish-260400","properties":{"id":"es-as-parish-260400","slug":"grado-bercio","name":"Berció","localName":"Berció","aliases":[],"kind":"parish","boundaryStatus":"statistical","parentId":"es-as-concejo-33026","population":null,"areaKm2":1.7,"density":null,"referenceYear":null,"sourceId":"sadei-parishes","bbox":[-5.98558,43.35293,-5.96943,43.37438],"center":[-5.977505,43.363655]},"geometry":{"type":"Point","coordinates":[-5.977505,43.363655]}},{"type":"Feature","id":"es-as-parish-260200","properties":{"id":"es-as-parish-260200","slug":"grado-bascones","name":"Báscones","localName":"Báscones","aliases":[],"kind":"parish","boundaryStatus":"statistical","parentId":"es-as-concejo-33026","population":null,"areaKm2":7.8,"density":null,"referenceYear":null,"sourceId":"sadei-parishes","bbox":[-6.02079,43.33835,-5.98167,43.38687],"center":[-6.00123,43.362610000000004]},"geometry":{"type":"Point","coordinates":[-6.00123,43.362610000000004]}},{"type":"Feature","id":"es-as-parish-261200","properties":{"id":"es-as-parish-261200","slug":"grado-mata-la","name":"Mata, La","localName":"Mata, La","aliases":[],"kind":"parish","boundaryStatus":"statistical","parentId":"es-as-concejo-33026","population":null,"areaKm2":13.6,"density":null,"referenceYear":null,"sourceId":"sadei-parishes","bbox":[-6.11729,43.35601,-6.03634,43.38868],"center":[-6.076815,43.372344999999996]},"geometry":{"type":"Point","coordinates":[-6.076815,43.372344999999996]}},{"type":"Feature","id":"es-as-parish-261100","properties":{"id":"es-as-parish-261100","slug":"grado-samartin","name":"Samartín","localName":"Samartín","aliases":[],"kind":"parish","boundaryStatus":"statistical","parentId":"es-as-concejo-33026","population":null,"areaKm2":13.6,"density":null,"referenceYear":null,"sourceId":"sadei-parishes","bbox":[-6.05897,43.34587,-6.00388,43.38939],"center":[-6.0314250000000005,43.36763]},"geometry":{"type":"Point","coordinates":[-6.0314250000000005,43.36763]}},{"type":"Feature","id":"es-as-parish-270300","properties":{"id":"es-as-parish-270300","slug":"grandas-de-salime-negueira","name":"Negueira","localName":"Negueira","aliases":[],"kind":"parish","boundaryStatus":"statistical","parentId":"es-as-concejo-33027","population":null,"areaKm2":6.4,"density":null,"referenceYear":null,"sourceId":"sadei-parishes","bbox":[-6.93049,43.14052,-6.88286,43.17334],"center":[-6.906675,43.15693]},"geometry":{"type":"Point","coordinates":[-6.906675,43.15693]}},{"type":"Feature","id":"es-as-parish-270400","properties":{"id":"es-as-parish-270400","slug":"grandas-de-salime-penafonte","name":"Penafonte","localName":"Penafonte","aliases":[],"kind":"parish","boundaryStatus":"statistical","parentId":"es-as-concejo-33027","population":null,"areaKm2":14.4,"density":null,"referenceYear":null,"sourceId":"sadei-parishes","bbox":[-6.97623,43.13172,-6.90034,43.18516],"center":[-6.9382850000000005,43.15844]},"geometry":{"type":"Point","coordinates":[-6.9382850000000005,43.15844]}},{"type":"Feature","id":"es-as-parish-270600","properties":{"id":"es-as-parish-270600","slug":"grandas-de-salime-villarpedre","name":"Villarpedre","localName":"Villarpedre","aliases":[],"kind":"parish","boundaryStatus":"statistical","parentId":"es-as-concejo-33027","population":null,"areaKm2":9.7,"density":null,"referenceYear":null,"sourceId":"sadei-parishes","bbox":[-6.8699,43.16614,-6.82703,43.21026],"center":[-6.848465,43.188199999999995]},"geometry":{"type":"Point","coordinates":[-6.848465,43.188199999999995]}},{"type":"Feature","id":"es-as-parish-270700","properties":{"id":"es-as-parish-270700","slug":"grandas-de-salime-vitos","name":"Vitos","localName":"Vitos","aliases":[],"kind":"parish","boundaryStatus":"statistical","parentId":"es-as-concejo-33027","population":null,"areaKm2":7.2,"density":null,"referenceYear":null,"sourceId":"sadei-parishes","bbox":[-6.95568,43.21112,-6.90559,43.24443],"center":[-6.9306350000000005,43.227775]},"geometry":{"type":"Point","coordinates":[-6.9306350000000005,43.227775]}},{"type":"Feature","id":"es-as-parish-270500","properties":{"id":"es-as-parish-270500","slug":"grandas-de-salime-trabada","name":"Trabada","localName":"Trabada","aliases":[],"kind":"parish","boundaryStatus":"statistical","parentId":"es-as-concejo-33027","population":null,"areaKm2":21.1,"density":null,"referenceYear":null,"sourceId":"sadei-parishes","bbox":[-6.99315,43.154,-6.93214,43.22623],"center":[-6.962645,43.190115000000006]},"geometry":{"type":"Point","coordinates":[-6.962645,43.190115000000006]}},{"type":"Feature","id":"es-as-parish-270200","properties":{"id":"es-as-parish-270200","slug":"grandas-de-salime-mesa-a","name":"Mesa, A","localName":"Mesa, A","aliases":[],"kind":"parish","boundaryStatus":"statistical","parentId":"es-as-concejo-33027","population":null,"areaKm2":14.8,"density":null,"referenceYear":null,"sourceId":"sadei-parishes","bbox":[-6.84969,43.19393,-6.78607,43.23642],"center":[-6.81788,43.215175]},"geometry":{"type":"Point","coordinates":[-6.81788,43.215175]}},{"type":"Feature","id":"es-as-parish-270100","properties":{"id":"es-as-parish-270100","slug":"grandas-de-salime-grandas-de-salime","name":"Grandas De Salime","localName":"Grandas De Salime","aliases":[],"kind":"parish","boundaryStatus":"statistical","parentId":"es-as-concejo-33027","population":null,"areaKm2":41.2,"density":null,"referenceYear":null,"sourceId":"sadei-parishes","bbox":[-6.93805,43.1684,-6.84275,43.24323],"center":[-6.8904,43.205815]},"geometry":{"type":"Point","coordinates":[-6.8904,43.205815]}},{"type":"Feature","id":"es-as-parish-350700","properties":{"id":"es-as-parish-350700","slug":"llanera-pruvia","name":"Pruvia","localName":"Pruvia","aliases":[],"kind":"parish","boundaryStatus":"statistical","parentId":"es-as-concejo-33035","population":null,"areaKm2":10.9,"density":null,"referenceYear":null,"sourceId":"sadei-parishes","bbox":[-5.80265,43.42557,-5.75655,43.47646],"center":[-5.7796,43.451015]},"geometry":{"type":"Point","coordinates":[-5.7796,43.451015]}},{"type":"Feature","id":"es-as-parish-280900","properties":{"id":"es-as-parish-280900","slug":"ibias-sisterna","name":"Sisterna","localName":"Sisterna","aliases":[],"kind":"parish","boundaryStatus":"statistical","parentId":"es-as-concejo-33028","population":null,"areaKm2":12.4,"density":null,"referenceYear":null,"sourceId":"sadei-parishes","bbox":[-6.68895,42.92279,-6.63878,42.96998],"center":[-6.6638649999999995,42.946385]},"geometry":{"type":"Point","coordinates":[-6.6638649999999995,42.946385]}},{"type":"Feature","id":"es-as-parish-281100","properties":{"id":"es-as-parish-281100","slug":"ibias-tormaleo","name":"Tormaleo","localName":"Tormaleo","aliases":[],"kind":"parish","boundaryStatus":"statistical","parentId":"es-as-concejo-33028","population":null,"areaKm2":36.6,"density":null,"referenceYear":null,"sourceId":"sadei-parishes","bbox":[-6.80107,42.88255,-6.72249,42.97895],"center":[-6.76178,42.93075]},"geometry":{"type":"Point","coordinates":[-6.76178,42.93075]}},{"type":"Feature","id":"es-as-parish-280500","properties":{"id":"es-as-parish-280500","slug":"ibias-pelliceira","name":"Pelliceira","localName":"Pelliceira","aliases":[],"kind":"parish","boundaryStatus":"statistical","parentId":"es-as-concejo-33028","population":null,"areaKm2":17.8,"density":null,"referenceYear":null,"sourceId":"sadei-parishes","bbox":[-6.84959,42.91017,-6.79441,42.98687],"center":[-6.822,42.94852]},"geometry":{"type":"Point","coordinates":[-6.822,42.94852]}},{"type":"Feature","id":"es-as-parish-280400","properties":{"id":"es-as-parish-280400","slug":"ibias-marentes","name":"Marentes","localName":"Marentes","aliases":[],"kind":"parish","boundaryStatus":"statistical","parentId":"es-as-concejo-33028","population":null,"areaKm2":15,"density":null,"referenceYear":null,"sourceId":"sadei-parishes","bbox":[-6.91582,43.05196,-6.84077,43.11292],"center":[-6.878295,43.082440000000005]},"geometry":{"type":"Point","coordinates":[-6.878295,43.082440000000005]}},{"type":"Feature","id":"es-as-parish-350500","properties":{"id":"es-as-parish-350500","slug":"llanera-ferrones","name":"Ferroñes","localName":"Ferroñes","aliases":[],"kind":"parish","boundaryStatus":"statistical","parentId":"es-as-concejo-33035","population":null,"areaKm2":7.3,"density":null,"referenceYear":null,"sourceId":"sadei-parishes","bbox":[-5.89948,43.45517,-5.85123,43.48672],"center":[-5.875355,43.470945]},"geometry":{"type":"Point","coordinates":[-5.875355,43.470945]}},{"type":"Feature","id":"es-as-parish-281000","properties":{"id":"es-as-parish-281000","slug":"ibias-taladrid","name":"Taladrid","localName":"Taladrid","aliases":[],"kind":"parish","boundaryStatus":"statistical","parentId":"es-as-concejo-33028","population":null,"areaKm2":36.6,"density":null,"referenceYear":null,"sourceId":"sadei-parishes","bbox":[-6.77,42.91505,-6.67359,42.9891],"center":[-6.721795,42.952075]},"geometry":{"type":"Point","coordinates":[-6.721795,42.952075]}},{"type":"Feature","id":"es-as-parish-280100","properties":{"id":"es-as-parish-280100","slug":"ibias-cecos","name":"Cecos","localName":"Cecos","aliases":[],"kind":"parish","boundaryStatus":"statistical","parentId":"es-as-concejo-33028","population":null,"areaKm2":38,"density":null,"referenceYear":null,"sourceId":"sadei-parishes","bbox":[-6.89355,42.96945,-6.75999,43.04117],"center":[-6.82677,43.00531]},"geometry":{"type":"Point","coordinates":[-6.82677,43.00531]}},{"type":"Feature","id":"es-as-parish-280600","properties":{"id":"es-as-parish-280600","slug":"ibias-san-clemente","name":"San Clemente","localName":"San Clemente","aliases":[],"kind":"parish","boundaryStatus":"statistical","parentId":"es-as-concejo-33028","population":null,"areaKm2":42.3,"density":null,"referenceYear":null,"sourceId":"sadei-parishes","bbox":[-6.84741,42.93918,-6.70331,43.02099],"center":[-6.77536,42.980085]},"geometry":{"type":"Point","coordinates":[-6.77536,42.980085]}},{"type":"Feature","id":"es-as-parish-280200","properties":{"id":"es-as-parish-280200","slug":"ibias-coutos-os","name":"Coutos, Os","localName":"Coutos, Os","aliases":[],"kind":"parish","boundaryStatus":"statistical","parentId":"es-as-concejo-33028","population":null,"areaKm2":9.4,"density":null,"referenceYear":null,"sourceId":"sadei-parishes","bbox":[-6.9969,42.99051,-6.95604,43.04141],"center":[-6.97647,43.01596]},"geometry":{"type":"Point","coordinates":[-6.97647,43.01596]}},{"type":"Feature","id":"es-as-parish-280300","properties":{"id":"es-as-parish-280300","slug":"ibias-ibias-san-antolin-de","name":"Ibias, San Antolín De","localName":"Ibias, San Antolín De","aliases":[],"kind":"parish","boundaryStatus":"statistical","parentId":"es-as-concejo-33028","population":null,"areaKm2":25,"density":null,"referenceYear":null,"sourceId":"sadei-parishes","bbox":[-6.92625,43.00795,-6.84248,43.07959],"center":[-6.884365,43.04377]},"geometry":{"type":"Point","coordinates":[-6.884365,43.04377]}},{"type":"Feature","id":"es-as-parish-280700","properties":{"id":"es-as-parish-280700","slug":"ibias-sena","name":"Sena","localName":"Sena","aliases":[],"kind":"parish","boundaryStatus":"statistical","parentId":"es-as-concejo-33028","population":null,"areaKm2":33.6,"density":null,"referenceYear":null,"sourceId":"sadei-parishes","bbox":[-6.96885,42.98787,-6.88086,43.08669],"center":[-6.924855,43.037279999999996]},"geometry":{"type":"Point","coordinates":[-6.924855,43.037279999999996]}},{"type":"Feature","id":"es-as-parish-371600","properties":{"id":"es-as-parish-371600","slug":"mieres-cuna","name":"Cuna","localName":"Cuna","aliases":[],"kind":"parish","boundaryStatus":"statistical","parentId":"es-as-concejo-33037","population":null,"areaKm2":5.6,"density":null,"referenceYear":null,"sourceId":"sadei-parishes","bbox":[-5.81133,43.20837,-5.78145,43.24319],"center":[-5.796390000000001,43.22578]},"geometry":{"type":"Point","coordinates":[-5.796390000000001,43.22578]}},{"type":"Feature","id":"es-as-parish-280800","properties":{"id":"es-as-parish-280800","slug":"ibias-seroiro","name":"Seroiro","localName":"Seroiro","aliases":[],"kind":"parish","boundaryStatus":"statistical","parentId":"es-as-concejo-33028","population":null,"areaKm2":67.2,"density":null,"referenceYear":null,"sourceId":"sadei-parishes","bbox":[-6.86302,43.01757,-6.71866,43.11803],"center":[-6.790839999999999,43.0678]},"geometry":{"type":"Point","coordinates":[-6.790839999999999,43.0678]}},{"type":"Feature","id":"es-as-parish-290200","properties":{"id":"es-as-parish-290200","slug":"illano-herias","name":"Herías","localName":"Herías","aliases":[],"kind":"parish","boundaryStatus":"statistical","parentId":"es-as-concejo-33029","population":null,"areaKm2":25.9,"density":null,"referenceYear":null,"sourceId":"sadei-parishes","bbox":[-6.85124,43.27649,-6.75649,43.34019],"center":[-6.803865,43.30834]},"geometry":{"type":"Point","coordinates":[-6.803865,43.30834]}},{"type":"Feature","id":"es-as-parish-290500","properties":{"id":"es-as-parish-290500","slug":"illano-gio","name":"Gío","localName":"Gío","aliases":[],"kind":"parish","boundaryStatus":"statistical","parentId":"es-as-concejo-33029","population":null,"areaKm2":5.1,"density":null,"referenceYear":null,"sourceId":"sadei-parishes","bbox":[-6.88045,43.34914,-6.8331,43.36737],"center":[-6.856775,43.358255]},"geometry":{"type":"Point","coordinates":[-6.856775,43.358255]}},{"type":"Feature","id":"es-as-parish-290100","properties":{"id":"es-as-parish-290100","slug":"illano-bullaso","name":"Bullaso","localName":"Bullaso","aliases":[],"kind":"parish","boundaryStatus":"statistical","parentId":"es-as-concejo-33029","population":null,"areaKm2":16.4,"density":null,"referenceYear":null,"sourceId":"sadei-parishes","bbox":[-6.85775,43.31836,-6.77514,43.37614],"center":[-6.816445,43.34725]},"geometry":{"type":"Point","coordinates":[-6.816445,43.34725]}},{"type":"Feature","id":"es-as-parish-290300","properties":{"id":"es-as-parish-290300","slug":"illano-illano","name":"Illano","localName":"Illano","aliases":[],"kind":"parish","boundaryStatus":"statistical","parentId":"es-as-concejo-33029","population":null,"areaKm2":39.4,"density":null,"referenceYear":null,"sourceId":"sadei-parishes","bbox":[-6.92457,43.29756,-6.82422,43.38301],"center":[-6.874395,43.340284999999994]},"geometry":{"type":"Point","coordinates":[-6.874395,43.340284999999994]}},{"type":"Feature","id":"es-as-parish-290400","properties":{"id":"es-as-parish-290400","slug":"illano-ronda","name":"Ronda","localName":"Ronda","aliases":[],"kind":"parish","boundaryStatus":"statistical","parentId":"es-as-concejo-33029","population":null,"areaKm2":15.8,"density":null,"referenceYear":null,"sourceId":"sadei-parishes","bbox":[-6.941,43.35667,-6.87381,43.39896],"center":[-6.907405,43.377815]},"geometry":{"type":"Point","coordinates":[-6.907405,43.377815]}},{"type":"Feature","id":"es-as-parish-300200","properties":{"id":"es-as-parish-300200","slug":"illas-peral-la","name":"Peral, La","localName":"Peral, La","aliases":[],"kind":"parish","boundaryStatus":"statistical","parentId":"es-as-concejo-33030","population":null,"areaKm2":7.1,"density":null,"referenceYear":null,"sourceId":"sadei-parishes","bbox":[-6.01269,43.47119,-5.95373,43.49396],"center":[-5.98321,43.482575]},"geometry":{"type":"Point","coordinates":[-5.98321,43.482575]}},{"type":"Feature","id":"es-as-parish-300300","properties":{"id":"es-as-parish-300300","slug":"illas-villa","name":"Villa","localName":"Villa","aliases":[],"kind":"parish","boundaryStatus":"statistical","parentId":"es-as-concejo-33030","population":null,"areaKm2":6.2,"density":null,"referenceYear":null,"sourceId":"sadei-parishes","bbox":[-5.96426,43.48896,-5.91652,43.52062],"center":[-5.940390000000001,43.50479]},"geometry":{"type":"Point","coordinates":[-5.940390000000001,43.50479]}},{"type":"Feature","id":"es-as-parish-300100","properties":{"id":"es-as-parish-300100","slug":"illas-illas","name":"Illas","localName":"Illas","aliases":[],"kind":"parish","boundaryStatus":"statistical","parentId":"es-as-concejo-33030","population":null,"areaKm2":12.2,"density":null,"referenceYear":null,"sourceId":"sadei-parishes","bbox":[-6.01709,43.48623,-5.93412,43.51673],"center":[-5.975605,43.50148]},"geometry":{"type":"Point","coordinates":[-5.975605,43.50148]}},{"type":"Feature","id":"es-as-parish-310800","properties":{"id":"es-as-parish-310800","slug":"langreo-venta-la","name":"Venta, La","localName":"Venta, La","aliases":[],"kind":"parish","boundaryStatus":"statistical","parentId":"es-as-concejo-33031","population":null,"areaKm2":8.8,"density":null,"referenceYear":null,"sourceId":"sadei-parishes","bbox":[-5.77397,43.27855,-5.73051,43.313],"center":[-5.7522400000000005,43.295775000000006]},"geometry":{"type":"Point","coordinates":[-5.7522400000000005,43.295775000000006]}},{"type":"Feature","id":"es-as-parish-320500","properties":{"id":"es-as-parish-320500","slug":"laviana-pola-llaviana-la-pola-de-laviana","name":"Pola Llaviana, La / Pola De Laviana","localName":"Pola Llaviana, La / Pola De Laviana","aliases":[],"kind":"parish","boundaryStatus":"statistical","parentId":"es-as-concejo-33032","population":null,"areaKm2":10.4,"density":null,"referenceYear":null,"sourceId":"sadei-parishes","bbox":[-5.57188,43.23663,-5.51642,43.27079],"center":[-5.54415,43.25371]},"geometry":{"type":"Point","coordinates":[-5.54415,43.25371]}},{"type":"Feature","id":"es-as-parish-351100","properties":{"id":"es-as-parish-351100","slug":"llanera-villardebeyo","name":"Villardebeyo","localName":"Villardebeyo","aliases":[],"kind":"parish","boundaryStatus":"statistical","parentId":"es-as-concejo-33035","population":null,"areaKm2":13.7,"density":null,"referenceYear":null,"sourceId":"sadei-parishes","bbox":[-5.85717,43.45299,-5.7917,43.49109],"center":[-5.824434999999999,43.47204]},"geometry":{"type":"Point","coordinates":[-5.824434999999999,43.47204]}},{"type":"Feature","id":"es-as-parish-310200","properties":{"id":"es-as-parish-310200","slug":"langreo-cianu","name":"Ciañu","localName":"Ciañu","aliases":[],"kind":"parish","boundaryStatus":"statistical","parentId":"es-as-concejo-33031","population":null,"areaKm2":23,"density":null,"referenceYear":null,"sourceId":"sadei-parishes","bbox":[-5.70642,43.22873,-5.64315,43.29054],"center":[-5.674785,43.259635]},"geometry":{"type":"Point","coordinates":[-5.674785,43.259635]}},{"type":"Feature","id":"es-as-parish-320800","properties":{"id":"es-as-parish-320800","slug":"laviana-villoria","name":"Villoria","localName":"Villoria","aliases":[],"kind":"parish","boundaryStatus":"statistical","parentId":"es-as-concejo-33032","population":null,"areaKm2":33.5,"density":null,"referenceYear":null,"sourceId":"sadei-parishes","bbox":[-5.62887,43.16105,-5.50503,43.23537],"center":[-5.56695,43.19821]},"geometry":{"type":"Point","coordinates":[-5.56695,43.19821]}},{"type":"Feature","id":"es-as-parish-320300","properties":{"id":"es-as-parish-320300","slug":"laviana-entrialgo","name":"Entrialgo","localName":"Entrialgo","aliases":[],"kind":"parish","boundaryStatus":"statistical","parentId":"es-as-concejo-33032","population":null,"areaKm2":5.2,"density":null,"referenceYear":null,"sourceId":"sadei-parishes","bbox":[-5.59568,43.22563,-5.54729,43.24632],"center":[-5.571485,43.235974999999996]},"geometry":{"type":"Point","coordinates":[-5.571485,43.235974999999996]}},{"type":"Feature","id":"es-as-parish-310600","properties":{"id":"es-as-parish-310600","slug":"langreo-sama","name":"Sama","localName":"Sama","aliases":[],"kind":"parish","boundaryStatus":"statistical","parentId":"es-as-concejo-33031","population":null,"areaKm2":3.8,"density":null,"referenceYear":null,"sourceId":"sadei-parishes","bbox":[-5.70654,43.27659,-5.65425,43.30584],"center":[-5.680395000000001,43.291215]},"geometry":{"type":"Point","coordinates":[-5.680395000000001,43.291215]}},{"type":"Feature","id":"es-as-parish-310400","properties":{"id":"es-as-parish-310400","slug":"langreo-lada","name":"Lada","localName":"Lada","aliases":[],"kind":"parish","boundaryStatus":"statistical","parentId":"es-as-concejo-33031","population":null,"areaKm2":10.5,"density":null,"referenceYear":null,"sourceId":"sadei-parishes","bbox":[-5.7397,43.2738,-5.69654,43.31929],"center":[-5.71812,43.296545]},"geometry":{"type":"Point","coordinates":[-5.71812,43.296545]}},{"type":"Feature","id":"es-as-parish-320400","properties":{"id":"es-as-parish-320400","slug":"laviana-llorio","name":"Llorío","localName":"Llorío","aliases":[],"kind":"parish","boundaryStatus":"statistical","parentId":"es-as-concejo-33032","population":null,"areaKm2":24.8,"density":null,"referenceYear":null,"sourceId":"sadei-parishes","bbox":[-5.5535,43.17569,-5.4798,43.24776],"center":[-5.51665,43.211725]},"geometry":{"type":"Point","coordinates":[-5.51665,43.211725]}},{"type":"Feature","id":"es-as-parish-320100","properties":{"id":"es-as-parish-320100","slug":"laviana-carrio","name":"Carrio","localName":"Carrio","aliases":[],"kind":"parish","boundaryStatus":"statistical","parentId":"es-as-concejo-33032","population":null,"areaKm2":2.9,"density":null,"referenceYear":null,"sourceId":"sadei-parishes","bbox":[-5.59585,43.24036,-5.56573,43.26355],"center":[-5.58079,43.251955]},"geometry":{"type":"Point","coordinates":[-5.58079,43.251955]}},{"type":"Feature","id":"es-as-parish-310100","properties":{"id":"es-as-parish-310100","slug":"langreo-barros","name":"Barros","localName":"Barros","aliases":[],"kind":"parish","boundaryStatus":"statistical","parentId":"es-as-concejo-33031","population":null,"areaKm2":2.3,"density":null,"referenceYear":null,"sourceId":"sadei-parishes","bbox":[-5.71486,43.31636,-5.68072,43.33439],"center":[-5.6977899999999995,43.325375]},"geometry":{"type":"Point","coordinates":[-5.6977899999999995,43.325375]}},{"type":"Feature","id":"es-as-parish-310300","properties":{"id":"es-as-parish-310300","slug":"langreo-felguera-la","name":"Felguera, La","localName":"Felguera, La","aliases":[],"kind":"parish","boundaryStatus":"statistical","parentId":"es-as-concejo-33031","population":null,"areaKm2":7.9,"density":null,"referenceYear":null,"sourceId":"sadei-parishes","bbox":[-5.70143,43.2994,-5.64868,43.33972],"center":[-5.675055,43.319559999999996]},"geometry":{"type":"Point","coordinates":[-5.675055,43.319559999999996]}},{"type":"Feature","id":"es-as-parish-310700","properties":{"id":"es-as-parish-310700","slug":"langreo-tuilla-tiuya","name":"Tuilla / Tiuya","localName":"Tuilla / Tiuya","aliases":[],"kind":"parish","boundaryStatus":"statistical","parentId":"es-as-concejo-33031","population":null,"areaKm2":9.6,"density":null,"referenceYear":null,"sourceId":"sadei-parishes","bbox":[-5.66597,43.30415,-5.61521,43.34109],"center":[-5.6405899999999995,43.32262]},"geometry":{"type":"Point","coordinates":[-5.6405899999999995,43.32262]}},{"type":"Feature","id":"es-as-parish-320200","properties":{"id":"es-as-parish-320200","slug":"laviana-condao-el","name":"Condao, El","localName":"Condao, El","aliases":[],"kind":"parish","boundaryStatus":"statistical","parentId":"es-as-concejo-33032","population":null,"areaKm2":18.2,"density":null,"referenceYear":null,"sourceId":"sadei-parishes","bbox":[-5.52454,43.23132,-5.46359,43.27968],"center":[-5.494065,43.2555]},"geometry":{"type":"Point","coordinates":[-5.494065,43.2555]}},{"type":"Feature","id":"es-as-parish-331500","properties":{"id":"es-as-parish-331500","slug":"lena-pinera","name":"Piñera","localName":"Piñera","aliases":[],"kind":"parish","boundaryStatus":"statistical","parentId":"es-as-concejo-33033","population":null,"areaKm2":7.4,"density":null,"referenceYear":null,"sourceId":"sadei-parishes","bbox":[-5.82948,43.04042,-5.79338,43.07331],"center":[-5.81143,43.056865]},"geometry":{"type":"Point","coordinates":[-5.81143,43.056865]}},{"type":"Feature","id":"es-as-parish-310500","properties":{"id":"es-as-parish-310500","slug":"langreo-rianu","name":"Riañu","localName":"Riañu","aliases":[],"kind":"parish","boundaryStatus":"statistical","parentId":"es-as-concejo-33031","population":null,"areaKm2":9.9,"density":null,"referenceYear":null,"sourceId":"sadei-parishes","bbox":[-5.76013,43.30984,-5.69788,43.34597],"center":[-5.729005,43.327905]},"geometry":{"type":"Point","coordinates":[-5.729005,43.327905]}},{"type":"Feature","id":"es-as-parish-320700","properties":{"id":"es-as-parish-320700","slug":"laviana-tolivia","name":"Tolivia","localName":"Tolivia","aliases":[],"kind":"parish","boundaryStatus":"statistical","parentId":"es-as-concejo-33032","population":null,"areaKm2":17.3,"density":null,"referenceYear":null,"sourceId":"sadei-parishes","bbox":[-5.63154,43.16708,-5.55538,43.20852],"center":[-5.59346,43.187799999999996]},"geometry":{"type":"Point","coordinates":[-5.59346,43.187799999999996]}},{"type":"Feature","id":"es-as-parish-320600","properties":{"id":"es-as-parish-320600","slug":"laviana-tirana","name":"Tiraña","localName":"Tiraña","aliases":[],"kind":"parish","boundaryStatus":"statistical","parentId":"es-as-concejo-33032","population":null,"areaKm2":18.8,"density":null,"referenceYear":null,"sourceId":"sadei-parishes","bbox":[-5.58126,43.25391,-5.50077,43.30336],"center":[-5.541015,43.278634999999994]},"geometry":{"type":"Point","coordinates":[-5.541015,43.278634999999994]}},{"type":"Feature","id":"es-as-parish-331800","properties":{"id":"es-as-parish-331800","slug":"lena-samiguel-del-rio","name":"Samiguel Del Río","localName":"Samiguel Del Río","aliases":[],"kind":"parish","boundaryStatus":"statistical","parentId":"es-as-concejo-33033","population":null,"areaKm2":12.7,"density":null,"referenceYear":null,"sourceId":"sadei-parishes","bbox":[-5.86749,42.96426,-5.77977,43.02584],"center":[-5.82363,42.995050000000006]},"geometry":{"type":"Point","coordinates":[-5.82363,42.995050000000006]}},{"type":"Feature","id":"es-as-parish-331300","properties":{"id":"es-as-parish-331300","slug":"lena-payares","name":"Payares","localName":"Payares","aliases":[],"kind":"parish","boundaryStatus":"statistical","parentId":"es-as-concejo-33033","population":null,"areaKm2":29.1,"density":null,"referenceYear":null,"sourceId":"sadei-parishes","bbox":[-5.83022,42.96262,-5.74406,43.03986],"center":[-5.78714,43.001239999999996]},"geometry":{"type":"Point","coordinates":[-5.78714,43.001239999999996]}},{"type":"Feature","id":"es-as-parish-330900","properties":{"id":"es-as-parish-330900","slug":"lena-erias","name":"Erías","localName":"Erías","aliases":[],"kind":"parish","boundaryStatus":"statistical","parentId":"es-as-concejo-33033","population":null,"areaKm2":6.4,"density":null,"referenceYear":null,"sourceId":"sadei-parishes","bbox":[-5.82329,43.06521,-5.78288,43.10306],"center":[-5.803084999999999,43.084135]},"geometry":{"type":"Point","coordinates":[-5.803084999999999,43.084135]}},{"type":"Feature","id":"es-as-parish-332100","properties":{"id":"es-as-parish-332100","slug":"lena-tuiza","name":"Tuíza","localName":"Tuíza","aliases":[],"kind":"parish","boundaryStatus":"statistical","parentId":"es-as-concejo-33033","population":null,"areaKm2":21.1,"density":null,"referenceYear":null,"sourceId":"sadei-parishes","bbox":[-5.95985,42.99037,-5.88511,43.05008],"center":[-5.92248,43.020224999999996]},"geometry":{"type":"Point","coordinates":[-5.92248,43.020224999999996]}},{"type":"Feature","id":"es-as-parish-332000","properties":{"id":"es-as-parish-332000","slug":"lena-teyeo","name":"Teyeo","localName":"Teyeo","aliases":[],"kind":"parish","boundaryStatus":"statistical","parentId":"es-as-concejo-33033","population":null,"areaKm2":40.2,"density":null,"referenceYear":null,"sourceId":"sadei-parishes","bbox":[-5.89707,42.97919,-5.80097,43.04646],"center":[-5.84902,43.01282500000001]},"geometry":{"type":"Point","coordinates":[-5.84902,43.01282500000001]}},{"type":"Feature","id":"es-as-parish-331100","properties":{"id":"es-as-parish-331100","slug":"lena-chanos-de-someron","name":"Chanos De Somerón","localName":"Chanos De Somerón","aliases":[],"kind":"parish","boundaryStatus":"statistical","parentId":"es-as-concejo-33033","population":null,"areaKm2":5.4,"density":null,"referenceYear":null,"sourceId":"sadei-parishes","bbox":[-5.80475,43.02382,-5.77633,43.0638],"center":[-5.79054,43.04381]},"geometry":{"type":"Point","coordinates":[-5.79054,43.04381]}},{"type":"Feature","id":"es-as-parish-330100","properties":{"id":"es-as-parish-330100","slug":"lena-cabezon","name":"Cabezón","localName":"Cabezón","aliases":[],"kind":"parish","boundaryStatus":"statistical","parentId":"es-as-concejo-33033","population":null,"areaKm2":13.4,"density":null,"referenceYear":null,"sourceId":"sadei-parishes","bbox":[-5.78486,43.02048,-5.72809,43.0679],"center":[-5.756475,43.04419]},"geometry":{"type":"Point","coordinates":[-5.756475,43.04419]}},{"type":"Feature","id":"es-as-parish-331000","properties":{"id":"es-as-parish-331000","slug":"lena-xomezana","name":"Xomezana","localName":"Xomezana","aliases":[],"kind":"parish","boundaryStatus":"statistical","parentId":"es-as-concejo-33033","population":null,"areaKm2":23.7,"density":null,"referenceYear":null,"sourceId":"sadei-parishes","bbox":[-5.92811,43.03688,-5.82352,43.07915],"center":[-5.875815,43.058015]},"geometry":{"type":"Point","coordinates":[-5.875815,43.058015]}},{"type":"Feature","id":"es-as-parish-331900","properties":{"id":"es-as-parish-331900","slug":"lena-sotiel-lo","name":"Sotiel.lo","localName":"Sotiel.lo","aliases":[],"kind":"parish","boundaryStatus":"statistical","parentId":"es-as-concejo-33033","population":null,"areaKm2":5.3,"density":null,"referenceYear":null,"sourceId":"sadei-parishes","bbox":[-5.84771,43.06857,-5.79858,43.09161],"center":[-5.823145,43.08009]},"geometry":{"type":"Point","coordinates":[-5.823145,43.08009]}},{"type":"Feature","id":"es-as-parish-331700","properties":{"id":"es-as-parish-331700","slug":"lena-puentes-las","name":"Puentes, Las","localName":"Puentes, Las","aliases":[],"kind":"parish","boundaryStatus":"statistical","parentId":"es-as-concejo-33033","population":null,"areaKm2":8.2,"density":null,"referenceYear":null,"sourceId":"sadei-parishes","bbox":[-5.79438,43.05497,-5.73778,43.09563],"center":[-5.7660800000000005,43.0753]},"geometry":{"type":"Point","coordinates":[-5.7660800000000005,43.0753]}},{"type":"Feature","id":"es-as-parish-331400","properties":{"id":"es-as-parish-331400","slug":"lena-parana","name":"Parana","localName":"Parana","aliases":[],"kind":"parish","boundaryStatus":"statistical","parentId":"es-as-concejo-33033","population":null,"areaKm2":24.2,"density":null,"referenceYear":null,"sourceId":"sadei-parishes","bbox":[-5.76499,43.04217,-5.68754,43.09847],"center":[-5.726265,43.070319999999995]},"geometry":{"type":"Point","coordinates":[-5.726265,43.070319999999995]}},{"type":"Feature","id":"es-as-parish-332300","properties":{"id":"es-as-parish-332300","slug":"lena-zurea","name":"Zurea","localName":"Zurea","aliases":[],"kind":"parish","boundaryStatus":"statistical","parentId":"es-as-concejo-33033","population":null,"areaKm2":13.1,"density":null,"referenceYear":null,"sourceId":"sadei-parishes","bbox":[-5.8883,43.07481,-5.83365,43.11493],"center":[-5.860975,43.09487]},"geometry":{"type":"Point","coordinates":[-5.860975,43.09487]}},{"type":"Feature","id":"es-as-parish-330400","properties":{"id":"es-as-parish-330400","slug":"lena-casorvia","name":"Casorvía","localName":"Casorvía","aliases":[],"kind":"parish","boundaryStatus":"statistical","parentId":"es-as-concejo-33033","population":null,"areaKm2":4.7,"density":null,"referenceYear":null,"sourceId":"sadei-parishes","bbox":[-5.80826,43.09142,-5.77568,43.11778],"center":[-5.79197,43.104600000000005]},"geometry":{"type":"Point","coordinates":[-5.79197,43.104600000000005]}},{"type":"Feature","id":"es-as-parish-330700","properties":{"id":"es-as-parish-330700","slug":"lena-congostinas","name":"Congostinas","localName":"Congostinas","aliases":[],"kind":"parish","boundaryStatus":"statistical","parentId":"es-as-concejo-33033","population":null,"areaKm2":10.4,"density":null,"referenceYear":null,"sourceId":"sadei-parishes","bbox":[-5.7874,43.08484,-5.71469,43.11804],"center":[-5.7510449999999995,43.10144]},"geometry":{"type":"Point","coordinates":[-5.7510449999999995,43.10144]}},{"type":"Feature","id":"es-as-parish-330200","properties":{"id":"es-as-parish-330200","slug":"lena-campumanes","name":"Campumanes","localName":"Campumanes","aliases":[],"kind":"parish","boundaryStatus":"statistical","parentId":"es-as-concejo-33033","population":null,"areaKm2":9,"density":null,"referenceYear":null,"sourceId":"sadei-parishes","bbox":[-5.85613,43.09072,-5.80322,43.1238],"center":[-5.829675,43.10726]},"geometry":{"type":"Point","coordinates":[-5.829675,43.10726]}},{"type":"Feature","id":"es-as-parish-330800","properties":{"id":"es-as-parish-330800","slug":"lena-felgueras","name":"Felgueras","localName":"Felgueras","aliases":[],"kind":"parish","boundaryStatus":"statistical","parentId":"es-as-concejo-33033","population":null,"areaKm2":9.9,"density":null,"referenceYear":null,"sourceId":"sadei-parishes","bbox":[-5.8228,43.10985,-5.76005,43.14043],"center":[-5.791425,43.12514]},"geometry":{"type":"Point","coordinates":[-5.791425,43.12514]}},{"type":"Feature","id":"es-as-parish-330500","properties":{"id":"es-as-parish-330500","slug":"lena-castiel-lo","name":"Castiel.lo","localName":"Castiel.lo","aliases":[],"kind":"parish","boundaryStatus":"statistical","parentId":"es-as-concejo-33033","population":null,"areaKm2":10.2,"density":null,"referenceYear":null,"sourceId":"sadei-parishes","bbox":[-5.86368,43.11237,-5.81564,43.14752],"center":[-5.83966,43.129945]},"geometry":{"type":"Point","coordinates":[-5.83966,43.129945]}},{"type":"Feature","id":"es-as-parish-330600","properties":{"id":"es-as-parish-330600","slug":"lena-columbiel-lo","name":"Columbiel.lo","localName":"Columbiel.lo","aliases":[],"kind":"parish","boundaryStatus":"statistical","parentId":"es-as-concejo-33033","population":null,"areaKm2":6.5,"density":null,"referenceYear":null,"sourceId":"sadei-parishes","bbox":[-5.82402,43.12914,-5.77472,43.15494],"center":[-5.79937,43.14204]},"geometry":{"type":"Point","coordinates":[-5.79937,43.14204]}},{"type":"Feature","id":"es-as-parish-331600","properties":{"id":"es-as-parish-331600","slug":"lena-pola-la","name":"Pola, La","localName":"Pola, La","aliases":[],"kind":"parish","boundaryStatus":"statistical","parentId":"es-as-concejo-33033","population":null,"areaKm2":31.5,"density":null,"referenceYear":null,"sourceId":"sadei-parishes","bbox":[-5.90835,43.11076,-5.78915,43.17396],"center":[-5.848750000000001,43.14236]},"geometry":{"type":"Point","coordinates":[-5.848750000000001,43.14236]}},{"type":"Feature","id":"es-as-parish-332400","properties":{"id":"es-as-parish-332400","slug":"lena-munon-fondiru","name":"Muñón Fondiru","localName":"Muñón Fondiru","aliases":[],"kind":"parish","boundaryStatus":"statistical","parentId":"es-as-concejo-33033","population":null,"areaKm2":5.7,"density":null,"referenceYear":null,"sourceId":"sadei-parishes","bbox":[-5.88329,43.16302,-5.82566,43.17941],"center":[-5.854475,43.171215000000004]},"geometry":{"type":"Point","coordinates":[-5.854475,43.171215000000004]}},{"type":"Feature","id":"es-as-parish-330300","properties":{"id":"es-as-parish-330300","slug":"lena-carabanzo","name":"Carabanzo","localName":"Carabanzo","aliases":[],"kind":"parish","boundaryStatus":"statistical","parentId":"es-as-concejo-33033","population":null,"areaKm2":2.8,"density":null,"referenceYear":null,"sourceId":"sadei-parishes","bbox":[-5.79724,43.17151,-5.77144,43.19339],"center":[-5.78434,43.18245]},"geometry":{"type":"Point","coordinates":[-5.78434,43.18245]}},{"type":"Feature","id":"es-as-parish-331200","properties":{"id":"es-as-parish-331200","slug":"lena-munon-cimiru","name":"Muñón Cimiru","localName":"Muñón Cimiru","aliases":[],"kind":"parish","boundaryStatus":"statistical","parentId":"es-as-concejo-33033","population":null,"areaKm2":6.6,"density":null,"referenceYear":null,"sourceId":"sadei-parishes","bbox":[-5.8771,43.17592,-5.83402,43.20344],"center":[-5.8555600000000005,43.189679999999996]},"geometry":{"type":"Point","coordinates":[-5.8555600000000005,43.189679999999996]}},{"type":"Feature","id":"es-as-parish-332200","properties":{"id":"es-as-parish-332200","slug":"lena-vil-layana","name":"Vil.layana","localName":"Vil.layana","aliases":[],"kind":"parish","boundaryStatus":"statistical","parentId":"es-as-concejo-33033","population":null,"areaKm2":11,"density":null,"referenceYear":null,"sourceId":"sadei-parishes","bbox":[-5.8374,43.1623,-5.78197,43.20344],"center":[-5.809685,43.18287]},"geometry":{"type":"Point","coordinates":[-5.809685,43.18287]}},{"type":"Feature","id":"es-as-parish-340700","properties":{"id":"es-as-parish-340700","slug":"valdes-carcedo","name":"Carcedo","localName":"Carcedo","aliases":[],"kind":"parish","boundaryStatus":"statistical","parentId":"es-as-concejo-33034","population":null,"areaKm2":12.2,"density":null,"referenceYear":null,"sourceId":"sadei-parishes","bbox":[-6.43479,43.45948,-6.37997,43.51236],"center":[-6.40738,43.48592]},"geometry":{"type":"Point","coordinates":[-6.40738,43.48592]}},{"type":"Feature","id":"es-as-parish-340100","properties":{"id":"es-as-parish-340100","slug":"valdes-alienes","name":"Alienes","localName":"Alienes","aliases":[],"kind":"parish","boundaryStatus":"statistical","parentId":"es-as-concejo-33034","population":null,"areaKm2":9,"density":null,"referenceYear":null,"sourceId":"sadei-parishes","bbox":[-6.41482,43.42299,-6.35315,43.46255],"center":[-6.383985,43.442769999999996]},"geometry":{"type":"Point","coordinates":[-6.383985,43.442769999999996]}},{"type":"Feature","id":"es-as-parish-340300","properties":{"id":"es-as-parish-340300","slug":"valdes-ayones","name":"Ayones","localName":"Ayones","aliases":[],"kind":"parish","boundaryStatus":"statistical","parentId":"es-as-concejo-33034","population":null,"areaKm2":23.3,"density":null,"referenceYear":null,"sourceId":"sadei-parishes","bbox":[-6.45112,43.39825,-6.37896,43.46395],"center":[-6.41504,43.4311]},"geometry":{"type":"Point","coordinates":[-6.41504,43.4311]}},{"type":"Feature","id":"es-as-parish-340800","properties":{"id":"es-as-parish-340800","slug":"valdes-castaneo","name":"Castañeo","localName":"Castañeo","aliases":[],"kind":"parish","boundaryStatus":"statistical","parentId":"es-as-concejo-33034","population":null,"areaKm2":8.8,"density":null,"referenceYear":null,"sourceId":"sadei-parishes","bbox":[-6.40405,43.44004,-6.33668,43.47443],"center":[-6.370365,43.457235]},"geometry":{"type":"Point","coordinates":[-6.370365,43.457235]}},{"type":"Feature","id":"es-as-parish-351000","properties":{"id":"es-as-parish-351000","slug":"llanera-santa-cruz","name":"Santa Cruz","localName":"Santa Cruz","aliases":[],"kind":"parish","boundaryStatus":"statistical","parentId":"es-as-concejo-33035","population":null,"areaKm2":13.3,"density":null,"referenceYear":null,"sourceId":"sadei-parishes","bbox":[-5.9683,43.43674,-5.91555,43.49222],"center":[-5.9419249999999995,43.46448]},"geometry":{"type":"Point","coordinates":[-5.9419249999999995,43.46448]}},{"type":"Feature","id":"es-as-parish-341300","properties":{"id":"es-as-parish-341300","slug":"valdes-paredes","name":"Paredes","localName":"Paredes","aliases":[],"kind":"parish","boundaryStatus":"statistical","parentId":"es-as-concejo-33034","population":null,"areaKm2":43.4,"density":null,"referenceYear":null,"sourceId":"sadei-parishes","bbox":[-6.55304,43.43213,-6.4397,43.5027],"center":[-6.496370000000001,43.467415]},"geometry":{"type":"Point","coordinates":[-6.496370000000001,43.467415]}},{"type":"Feature","id":"es-as-parish-341000","properties":{"id":"es-as-parish-341000","slug":"valdes-montana-la","name":"Montaña, La","localName":"Montaña, La","aliases":[],"kind":"parish","boundaryStatus":"statistical","parentId":"es-as-concejo-33034","population":null,"areaKm2":52.5,"density":null,"referenceYear":null,"sourceId":"sadei-parishes","bbox":[-6.65793,43.42463,-6.54896,43.52774],"center":[-6.603445000000001,43.476185]},"geometry":{"type":"Point","coordinates":[-6.603445000000001,43.476185]}},{"type":"Feature","id":"es-as-parish-350200","properties":{"id":"es-as-parish-350200","slug":"llanera-arlos","name":"Arlós","localName":"Arlós","aliases":[],"kind":"parish","boundaryStatus":"statistical","parentId":"es-as-concejo-33035","population":null,"areaKm2":11.3,"density":null,"referenceYear":null,"sourceId":"sadei-parishes","bbox":[-5.93676,43.46031,-5.87586,43.5011],"center":[-5.9063099999999995,43.480705]},"geometry":{"type":"Point","coordinates":[-5.9063099999999995,43.480705]}},{"type":"Feature","id":"es-as-parish-361200","properties":{"id":"es-as-parish-361200","slug":"llanes-malateria","name":"Malatería","localName":"Malatería","aliases":[],"kind":"parish","boundaryStatus":"statistical","parentId":"es-as-concejo-33036","population":null,"areaKm2":1.7,"density":null,"referenceYear":null,"sourceId":"sadei-parishes","bbox":[-4.92754,43.38157,-4.90821,43.39658],"center":[-4.917875,43.389075000000005]},"geometry":{"type":"Point","coordinates":[-4.917875,43.389075000000005]}},{"type":"Feature","id":"es-as-parish-341500","properties":{"id":"es-as-parish-341500","slug":"valdes-trevias","name":"Trevías","localName":"Trevías","aliases":[],"kind":"parish","boundaryStatus":"statistical","parentId":"es-as-concejo-33034","population":null,"areaKm2":28.1,"density":null,"referenceYear":null,"sourceId":"sadei-parishes","bbox":[-6.48187,43.47609,-6.36767,43.53566],"center":[-6.4247700000000005,43.505875]},"geometry":{"type":"Point","coordinates":[-6.4247700000000005,43.505875]}},{"type":"Feature","id":"es-as-parish-340900","properties":{"id":"es-as-parish-340900","slug":"valdes-luarca","name":"Luarca","localName":"Luarca","aliases":[],"kind":"parish","boundaryStatus":"statistical","parentId":"es-as-concejo-33034","population":null,"areaKm2":5.4,"density":null,"referenceYear":null,"sourceId":"sadei-parishes","bbox":[-6.54543,43.51944,-6.51184,43.5525],"center":[-6.5286349999999995,43.535970000000006]},"geometry":{"type":"Point","coordinates":[-6.5286349999999995,43.535970000000006]}},{"type":"Feature","id":"es-as-parish-370500","properties":{"id":"es-as-parish-370500","slug":"mieres-mieres","name":"Mieres","localName":"Mieres","aliases":[],"kind":"parish","boundaryStatus":"statistical","parentId":"es-as-concejo-33037","population":null,"areaKm2":2,"density":null,"referenceYear":null,"sourceId":"sadei-parishes","bbox":[-5.78468,43.22999,-5.76535,43.26199],"center":[-5.775015,43.24599]},"geometry":{"type":"Point","coordinates":[-5.775015,43.24599]}},{"type":"Feature","id":"es-as-parish-340400","properties":{"id":"es-as-parish-340400","slug":"valdes-barcia","name":"Barcia","localName":"Barcia","aliases":[],"kind":"parish","boundaryStatus":"statistical","parentId":"es-as-concejo-33034","population":null,"areaKm2":33.7,"density":null,"referenceYear":null,"sourceId":"sadei-parishes","bbox":[-6.56485,43.45865,-6.47789,43.55465],"center":[-6.52137,43.50665]},"geometry":{"type":"Point","coordinates":[-6.52137,43.50665]}},{"type":"Feature","id":"es-as-parish-350400","properties":{"id":"es-as-parish-350400","slug":"llanera-cayes","name":"Cayés","localName":"Cayés","aliases":[],"kind":"parish","boundaryStatus":"statistical","parentId":"es-as-concejo-33035","population":null,"areaKm2":4,"density":null,"referenceYear":null,"sourceId":"sadei-parishes","bbox":[-5.85794,43.40782,-5.81642,43.4317],"center":[-5.83718,43.41976]},"geometry":{"type":"Point","coordinates":[-5.83718,43.41976]}},{"type":"Feature","id":"es-as-parish-370800","properties":{"id":"es-as-parish-370800","slug":"mieres-rebolla-la","name":"Rebollá, La","localName":"Rebollá, La","aliases":[],"kind":"parish","boundaryStatus":"statistical","parentId":"es-as-concejo-33037","population":null,"areaKm2":2.9,"density":null,"referenceYear":null,"sourceId":"sadei-parishes","bbox":[-5.81098,43.26378,-5.78357,43.28774],"center":[-5.797275,43.27576]},"geometry":{"type":"Point","coordinates":[-5.797275,43.27576]}},{"type":"Feature","id":"es-as-parish-341400","properties":{"id":"es-as-parish-341400","slug":"valdes-santiago","name":"Santiago","localName":"Santiago","aliases":[],"kind":"parish","boundaryStatus":"statistical","parentId":"es-as-concejo-33034","population":null,"areaKm2":20.3,"density":null,"referenceYear":null,"sourceId":"sadei-parishes","bbox":[-6.61535,43.50408,-6.5366,43.5565],"center":[-6.575975,43.53029]},"geometry":{"type":"Point","coordinates":[-6.575975,43.53029]}},{"type":"Feature","id":"es-as-parish-340500","properties":{"id":"es-as-parish-340500","slug":"valdes-cadavedo","name":"Cadavedo","localName":"Cadavedo","aliases":[],"kind":"parish","boundaryStatus":"statistical","parentId":"es-as-concejo-33034","population":null,"areaKm2":9.9,"density":null,"referenceYear":null,"sourceId":"sadei-parishes","bbox":[-6.41554,43.53095,-6.35706,43.56631],"center":[-6.3863,43.54863]},"geometry":{"type":"Point","coordinates":[-6.3863,43.54863]}},{"type":"Feature","id":"es-as-parish-350100","properties":{"id":"es-as-parish-350100","slug":"llanera-ables","name":"Ables","localName":"Ables","aliases":[],"kind":"parish","boundaryStatus":"statistical","parentId":"es-as-concejo-33035","population":null,"areaKm2":4.3,"density":null,"referenceYear":null,"sourceId":"sadei-parishes","bbox":[-5.87343,43.40945,-5.83808,43.4324],"center":[-5.855755,43.420925]},"geometry":{"type":"Point","coordinates":[-5.855755,43.420925]}},{"type":"Feature","id":"es-as-parish-350900","properties":{"id":"es-as-parish-350900","slug":"llanera-san-cucao","name":"San Cucao","localName":"San Cucao","aliases":[],"kind":"parish","boundaryStatus":"statistical","parentId":"es-as-concejo-33035","population":null,"areaKm2":13.4,"density":null,"referenceYear":null,"sourceId":"sadei-parishes","bbox":[-5.9224,43.40831,-5.86469,43.45883],"center":[-5.893545,43.43357]},"geometry":{"type":"Point","coordinates":[-5.893545,43.43357]}},{"type":"Feature","id":"es-as-parish-370100","properties":{"id":"es-as-parish-370100","slug":"mieres-baina","name":"Baíña","localName":"Baíña","aliases":[],"kind":"parish","boundaryStatus":"statistical","parentId":"es-as-concejo-33037","population":null,"areaKm2":4.9,"density":null,"referenceYear":null,"sourceId":"sadei-parishes","bbox":[-5.85367,43.27141,-5.80118,43.28868],"center":[-5.827425,43.280045]},"geometry":{"type":"Point","coordinates":[-5.827425,43.280045]}},{"type":"Feature","id":"es-as-parish-341200","properties":{"id":"es-as-parish-341200","slug":"valdes-otur","name":"Otur","localName":"Otur","aliases":[],"kind":"parish","boundaryStatus":"statistical","parentId":"es-as-concejo-33034","population":null,"areaKm2":14.7,"density":null,"referenceYear":null,"sourceId":"sadei-parishes","bbox":[-6.63858,43.5231,-6.56614,43.56616],"center":[-6.60236,43.54463]},"geometry":{"type":"Point","coordinates":[-6.60236,43.54463]}},{"type":"Feature","id":"es-as-parish-340600","properties":{"id":"es-as-parish-340600","slug":"valdes-canero","name":"Canero","localName":"Canero","aliases":[],"kind":"parish","boundaryStatus":"statistical","parentId":"es-as-concejo-33034","population":null,"areaKm2":27.6,"density":null,"referenceYear":null,"sourceId":"sadei-parishes","bbox":[-6.49232,43.50228,-6.40363,43.5715],"center":[-6.447975,43.53689]},"geometry":{"type":"Point","coordinates":[-6.447975,43.53689]}},{"type":"Feature","id":"es-as-parish-350600","properties":{"id":"es-as-parish-350600","slug":"llanera-llugo","name":"Llugo","localName":"Llugo","aliases":[],"kind":"parish","boundaryStatus":"statistical","parentId":"es-as-concejo-33035","population":null,"areaKm2":15.9,"density":null,"referenceYear":null,"sourceId":"sadei-parishes","bbox":[-5.84869,43.41193,-5.78965,43.46361],"center":[-5.81917,43.43777]},"geometry":{"type":"Point","coordinates":[-5.81917,43.43777]}},{"type":"Feature","id":"es-as-parish-340200","properties":{"id":"es-as-parish-340200","slug":"valdes-arcallana","name":"Arcallana","localName":"Arcallana","aliases":[],"kind":"parish","boundaryStatus":"statistical","parentId":"es-as-concejo-33034","population":null,"areaKm2":33.6,"density":null,"referenceYear":null,"sourceId":"sadei-parishes","bbox":[-6.37005,43.48014,-6.25919,43.55645],"center":[-6.31462,43.518294999999995]},"geometry":{"type":"Point","coordinates":[-6.31462,43.518294999999995]}},{"type":"Feature","id":"es-as-parish-341100","properties":{"id":"es-as-parish-341100","slug":"valdes-munas","name":"Muñás","localName":"Muñás","aliases":[],"kind":"parish","boundaryStatus":"statistical","parentId":"es-as-concejo-33034","population":null,"areaKm2":31.8,"density":null,"referenceYear":null,"sourceId":"sadei-parishes","bbox":[-6.45725,43.4523,-6.32277,43.52641],"center":[-6.39001,43.489355]},"geometry":{"type":"Point","coordinates":[-6.39001,43.489355]}},{"type":"Feature","id":"es-as-parish-350800","properties":{"id":"es-as-parish-350800","slug":"llanera-posada","name":"Posada","localName":"Posada","aliases":[],"kind":"parish","boundaryStatus":"statistical","parentId":"es-as-concejo-33035","population":null,"areaKm2":5.7,"density":null,"referenceYear":null,"sourceId":"sadei-parishes","bbox":[-5.86986,43.43093,-5.84093,43.46523],"center":[-5.855395,43.44808]},"geometry":{"type":"Point","coordinates":[-5.855395,43.44808]}},{"type":"Feature","id":"es-as-parish-350300","properties":{"id":"es-as-parish-350300","slug":"llanera-bonielles","name":"Bonielles","localName":"Bonielles","aliases":[],"kind":"parish","boundaryStatus":"statistical","parentId":"es-as-concejo-33035","population":null,"areaKm2":6.9,"density":null,"referenceYear":null,"sourceId":"sadei-parishes","bbox":[-5.92416,43.43841,-5.87986,43.46704],"center":[-5.90201,43.452725]},"geometry":{"type":"Point","coordinates":[-5.90201,43.452725]}},{"type":"Feature","id":"es-as-parish-360300","properties":{"id":"es-as-parish-360300","slug":"llanes-borbolla-la","name":"Borbolla, La","localName":"Borbolla, La","aliases":[],"kind":"parish","boundaryStatus":"statistical","parentId":"es-as-concejo-33036","population":null,"areaKm2":11.6,"density":null,"referenceYear":null,"sourceId":"sadei-parishes","bbox":[-4.68084,43.34924,-4.61119,43.37744],"center":[-4.646015,43.36334]},"geometry":{"type":"Point","coordinates":[-4.646015,43.36334]}},{"type":"Feature","id":"es-as-parish-361300","properties":{"id":"es-as-parish-361300","slug":"llanes-mere","name":"Meré","localName":"Meré","aliases":[],"kind":"parish","boundaryStatus":"statistical","parentId":"es-as-concejo-33036","population":null,"areaKm2":9,"density":null,"referenceYear":null,"sourceId":"sadei-parishes","bbox":[-4.94588,43.35212,-4.893,43.38349],"center":[-4.91944,43.367805000000004]},"geometry":{"type":"Point","coordinates":[-4.91944,43.367805000000004]}},{"type":"Feature","id":"es-as-parish-362400","properties":{"id":"es-as-parish-362400","slug":"llanes-tresgrandas","name":"Tresgrandas","localName":"Tresgrandas","aliases":[],"kind":"parish","boundaryStatus":"statistical","parentId":"es-as-concejo-33036","population":null,"areaKm2":3.3,"density":null,"referenceYear":null,"sourceId":"sadei-parishes","bbox":[-4.63015,43.37248,-4.58887,43.38679],"center":[-4.60951,43.379635]},"geometry":{"type":"Point","coordinates":[-4.60951,43.379635]}},{"type":"Feature","id":"es-as-parish-360600","properties":{"id":"es-as-parish-360600","slug":"llanes-carranzo","name":"Carranzo","localName":"Carranzo","aliases":[],"kind":"parish","boundaryStatus":"statistical","parentId":"es-as-concejo-33036","population":null,"areaKm2":2.1,"density":null,"referenceYear":null,"sourceId":"sadei-parishes","bbox":[-4.65533,43.37526,-4.62639,43.38739],"center":[-4.64086,43.381325000000004]},"geometry":{"type":"Point","coordinates":[-4.64086,43.381325000000004]}},{"type":"Feature","id":"es-as-parish-360400","properties":{"id":"es-as-parish-360400","slug":"llanes-caldueno","name":"Caldueño","localName":"Caldueño","aliases":[],"kind":"parish","boundaryStatus":"statistical","parentId":"es-as-concejo-33036","population":null,"areaKm2":14.4,"density":null,"referenceYear":null,"sourceId":"sadei-parishes","bbox":[-4.90813,43.35777,-4.83509,43.3905],"center":[-4.87161,43.374135]},"geometry":{"type":"Point","coordinates":[-4.87161,43.374135]}},{"type":"Feature","id":"es-as-parish-362800","properties":{"id":"es-as-parish-362800","slug":"llanes-puron","name":"Purón","localName":"Purón","aliases":[],"kind":"parish","boundaryStatus":"statistical","parentId":"es-as-concejo-33036","population":null,"areaKm2":12.4,"density":null,"referenceYear":null,"sourceId":"sadei-parishes","bbox":[-4.7576,43.36273,-4.69172,43.39221],"center":[-4.72466,43.37747]},"geometry":{"type":"Point","coordinates":[-4.72466,43.37747]}},{"type":"Feature","id":"es-as-parish-361700","properties":{"id":"es-as-parish-361700","slug":"llanes-pendueles","name":"Pendueles","localName":"Pendueles","aliases":[],"kind":"parish","boundaryStatus":"statistical","parentId":"es-as-concejo-33036","population":null,"areaKm2":7.9,"density":null,"referenceYear":null,"sourceId":"sadei-parishes","bbox":[-4.65341,43.38431,-4.57674,43.40464],"center":[-4.615075,43.394475]},"geometry":{"type":"Point","coordinates":[-4.615075,43.394475]}},{"type":"Feature","id":"es-as-parish-362300","properties":{"id":"es-as-parish-362300","slug":"llanes-san-roque-del-acebal","name":"San Roque Del Acebal","localName":"San Roque Del Acebal","aliases":[],"kind":"parish","boundaryStatus":"statistical","parentId":"es-as-concejo-33036","population":null,"areaKm2":4.9,"density":null,"referenceYear":null,"sourceId":"sadei-parishes","bbox":[-4.75538,43.38332,-4.71286,43.40379],"center":[-4.73412,43.393555]},"geometry":{"type":"Point","coordinates":[-4.73412,43.393555]}},{"type":"Feature","id":"es-as-parish-360100","properties":{"id":"es-as-parish-360100","slug":"llanes-ardisana","name":"Ardisana","localName":"Ardisana","aliases":[],"kind":"parish","boundaryStatus":"statistical","parentId":"es-as-concejo-33036","population":null,"areaKm2":25.2,"density":null,"referenceYear":null,"sourceId":"sadei-parishes","bbox":[-5.01212,43.35962,-4.92279,43.4067],"center":[-4.967455,43.383160000000004]},"geometry":{"type":"Point","coordinates":[-4.967455,43.383160000000004]}},{"type":"Feature","id":"es-as-parish-370700","properties":{"id":"es-as-parish-370700","slug":"mieres-pena-la","name":"Peña, La","localName":"Peña, La","aliases":[],"kind":"parish","boundaryStatus":"statistical","parentId":"es-as-concejo-33037","population":null,"areaKm2":6.2,"density":null,"referenceYear":null,"sourceId":"sadei-parishes","bbox":[-5.79075,43.25527,-5.74731,43.28914],"center":[-5.76903,43.272205]},"geometry":{"type":"Point","coordinates":[-5.76903,43.272205]}},{"type":"Feature","id":"es-as-parish-362600","properties":{"id":"es-as-parish-362600","slug":"llanes-vidiago","name":"Vidiago","localName":"Vidiago","aliases":[],"kind":"parish","boundaryStatus":"statistical","parentId":"es-as-concejo-33036","population":null,"areaKm2":17,"density":null,"referenceYear":null,"sourceId":"sadei-parishes","bbox":[-4.70227,43.35777,-4.64705,43.40922],"center":[-4.67466,43.383494999999996]},"geometry":{"type":"Point","coordinates":[-4.67466,43.383494999999996]}},{"type":"Feature","id":"es-as-parish-360500","properties":{"id":"es-as-parish-360500","slug":"llanes-callejos-los","name":"Callejos, Los","localName":"Callejos, Los","aliases":[],"kind":"parish","boundaryStatus":"statistical","parentId":"es-as-concejo-33036","population":null,"areaKm2":2.7,"density":null,"referenceYear":null,"sourceId":"sadei-parishes","bbox":[-4.94576,43.39532,-4.90751,43.40993],"center":[-4.926635,43.402625]},"geometry":{"type":"Point","coordinates":[-4.926635,43.402625]}},{"type":"Feature","id":"es-as-parish-361600","properties":{"id":"es-as-parish-361600","slug":"llanes-parres","name":"Parres","localName":"Parres","aliases":[],"kind":"parish","boundaryStatus":"statistical","parentId":"es-as-concejo-33036","population":null,"areaKm2":16.4,"density":null,"referenceYear":null,"sourceId":"sadei-parishes","bbox":[-4.81497,43.35318,-4.76576,43.41124],"center":[-4.7903649999999995,43.38221]},"geometry":{"type":"Point","coordinates":[-4.7903649999999995,43.38221]}},{"type":"Feature","id":"es-as-parish-362500","properties":{"id":"es-as-parish-362500","slug":"llanes-vibano","name":"Vibaño","localName":"Vibaño","aliases":[],"kind":"parish","boundaryStatus":"statistical","parentId":"es-as-concejo-33036","population":null,"areaKm2":11.1,"density":null,"referenceYear":null,"sourceId":"sadei-parishes","bbox":[-4.92005,43.38347,-4.85253,43.41376],"center":[-4.88629,43.39861500000001]},"geometry":{"type":"Point","coordinates":[-4.88629,43.39861500000001]}},{"type":"Feature","id":"es-as-parish-362700","properties":{"id":"es-as-parish-362700","slug":"llanes-andrin","name":"Andrín","localName":"Andrín","aliases":[],"kind":"parish","boundaryStatus":"statistical","parentId":"es-as-concejo-33036","population":null,"areaKm2":4.3,"density":null,"referenceYear":null,"sourceId":"sadei-parishes","bbox":[-4.72557,43.38914,-4.69219,43.41643],"center":[-4.708880000000001,43.402784999999994]},"geometry":{"type":"Point","coordinates":[-4.708880000000001,43.402784999999994]}},{"type":"Feature","id":"es-as-parish-360900","properties":{"id":"es-as-parish-360900","slug":"llanes-cue","name":"Cue","localName":"Cue","aliases":[],"kind":"parish","boundaryStatus":"statistical","parentId":"es-as-concejo-33036","population":null,"areaKm2":2.8,"density":null,"referenceYear":null,"sourceId":"sadei-parishes","bbox":[-4.74286,43.4015,-4.71458,43.41864],"center":[-4.72872,43.410070000000005]},"geometry":{"type":"Point","coordinates":[-4.72872,43.410070000000005]}},{"type":"Feature","id":"es-as-parish-361800","properties":{"id":"es-as-parish-361800","slug":"llanes-poo","name":"Poo","localName":"Poo","aliases":[],"kind":"parish","boundaryStatus":"statistical","parentId":"es-as-concejo-33036","population":null,"areaKm2":3.5,"density":null,"referenceYear":null,"sourceId":"sadei-parishes","bbox":[-4.79922,43.41124,-4.77146,43.43542],"center":[-4.78534,43.42333]},"geometry":{"type":"Point","coordinates":[-4.78534,43.42333]}},{"type":"Feature","id":"es-as-parish-361100","properties":{"id":"es-as-parish-361100","slug":"llanes-llanes","name":"Llanes","localName":"Llanes","aliases":[],"kind":"parish","boundaryStatus":"statistical","parentId":"es-as-concejo-33036","population":null,"areaKm2":12.3,"density":null,"referenceYear":null,"sourceId":"sadei-parishes","bbox":[-4.77834,43.36212,-4.74047,43.43061],"center":[-4.759405,43.396365]},"geometry":{"type":"Point","coordinates":[-4.759405,43.396365]}},{"type":"Feature","id":"es-as-parish-361900","properties":{"id":"es-as-parish-361900","slug":"llanes-porrua","name":"Porrúa","localName":"Porrúa","aliases":[],"kind":"parish","boundaryStatus":"statistical","parentId":"es-as-concejo-33036","population":null,"areaKm2":10.6,"density":null,"referenceYear":null,"sourceId":"sadei-parishes","bbox":[-4.83708,43.35489,-4.7776,43.42208],"center":[-4.80734,43.388485]},"geometry":{"type":"Point","coordinates":[-4.80734,43.388485]}},{"type":"Feature","id":"es-as-parish-362200","properties":{"id":"es-as-parish-362200","slug":"llanes-rales","name":"Rales","localName":"Rales","aliases":[],"kind":"parish","boundaryStatus":"statistical","parentId":"es-as-concejo-33036","population":null,"areaKm2":2.1,"density":null,"referenceYear":null,"sourceId":"sadei-parishes","bbox":[-4.90903,43.40494,-4.88532,43.42579],"center":[-4.897175,43.415365]},"geometry":{"type":"Point","coordinates":[-4.897175,43.415365]}},{"type":"Feature","id":"es-as-parish-360700","properties":{"id":"es-as-parish-360700","slug":"llanes-carriles-los","name":"Carriles, Los","localName":"Carriles, Los","aliases":[],"kind":"parish","boundaryStatus":"statistical","parentId":"es-as-concejo-33036","population":null,"areaKm2":4,"density":null,"referenceYear":null,"sourceId":"sadei-parishes","bbox":[-4.93728,43.40591,-4.90508,43.43113],"center":[-4.92118,43.41852]},"geometry":{"type":"Point","coordinates":[-4.92118,43.41852]}},{"type":"Feature","id":"es-as-parish-371400","properties":{"id":"es-as-parish-371400","slug":"mieres-uxo","name":"Uxo","localName":"Uxo","aliases":[],"kind":"parish","boundaryStatus":"statistical","parentId":"es-as-concejo-33037","population":null,"areaKm2":4.8,"density":null,"referenceYear":null,"sourceId":"sadei-parishes","bbox":[-5.82016,43.18756,-5.78416,43.22208],"center":[-5.80216,43.20482]},"geometry":{"type":"Point","coordinates":[-5.80216,43.20482]}},{"type":"Feature","id":"es-as-parish-360800","properties":{"id":"es-as-parish-360800","slug":"llanes-celorio","name":"Celorio","localName":"Celorio","aliases":[],"kind":"parish","boundaryStatus":"statistical","parentId":"es-as-concejo-33036","population":null,"areaKm2":11.7,"density":null,"referenceYear":null,"sourceId":"sadei-parishes","bbox":[-4.84866,43.36083,-4.7938,43.44001],"center":[-4.82123,43.40042]},"geometry":{"type":"Point","coordinates":[-4.82123,43.40042]}},{"type":"Feature","id":"es-as-parish-361400","properties":{"id":"es-as-parish-361400","slug":"llanes-naves","name":"Naves","localName":"Naves","aliases":[],"kind":"parish","boundaryStatus":"statistical","parentId":"es-as-concejo-33036","population":null,"areaKm2":4.7,"density":null,"referenceYear":null,"sourceId":"sadei-parishes","bbox":[-4.9116,43.42173,-4.86985,43.44906],"center":[-4.890725,43.435395]},"geometry":{"type":"Point","coordinates":[-4.890725,43.435395]}},{"type":"Feature","id":"es-as-parish-371300","properties":{"id":"es-as-parish-371300","slug":"mieres-turon","name":"Turón","localName":"Turón","aliases":[],"kind":"parish","boundaryStatus":"statistical","parentId":"es-as-concejo-33037","population":null,"areaKm2":26.4,"density":null,"referenceYear":null,"sourceId":"sadei-parishes","bbox":[-5.75676,43.18856,-5.67879,43.23464],"center":[-5.717775,43.211600000000004]},"geometry":{"type":"Point","coordinates":[-5.717775,43.211600000000004]}},{"type":"Feature","id":"es-as-parish-360200","properties":{"id":"es-as-parish-360200","slug":"llanes-barro","name":"Barro","localName":"Barro","aliases":[],"kind":"parish","boundaryStatus":"statistical","parentId":"es-as-concejo-33036","population":null,"areaKm2":8.1,"density":null,"referenceYear":null,"sourceId":"sadei-parishes","bbox":[-4.86431,43.39422,-4.81991,43.44665],"center":[-4.84211,43.420435]},"geometry":{"type":"Point","coordinates":[-4.84211,43.420435]}},{"type":"Feature","id":"es-as-parish-362000","properties":{"id":"es-as-parish-362000","slug":"llanes-posada","name":"Posada","localName":"Posada","aliases":[],"kind":"parish","boundaryStatus":"statistical","parentId":"es-as-concejo-33036","population":null,"areaKm2":15.5,"density":null,"referenceYear":null,"sourceId":"sadei-parishes","bbox":[-4.89138,43.38723,-4.83184,43.44338],"center":[-4.86161,43.415305000000004]},"geometry":{"type":"Point","coordinates":[-4.86161,43.415305000000004]}},{"type":"Feature","id":"es-as-parish-370300","properties":{"id":"es-as-parish-370300","slug":"mieres-gal-legos","name":"Gal.legos","localName":"Gal.legos","aliases":[],"kind":"parish","boundaryStatus":"statistical","parentId":"es-as-concejo-33037","population":null,"areaKm2":11.2,"density":null,"referenceYear":null,"sourceId":"sadei-parishes","bbox":[-5.84785,43.19816,-5.80683,43.23796],"center":[-5.8273399999999995,43.21806]},"geometry":{"type":"Point","coordinates":[-5.8273399999999995,43.21806]}},{"type":"Feature","id":"es-as-parish-361000","properties":{"id":"es-as-parish-361000","slug":"llanes-hontoria","name":"Hontoria","localName":"Hontoria","aliases":[],"kind":"parish","boundaryStatus":"statistical","parentId":"es-as-concejo-33036","population":null,"areaKm2":6.2,"density":null,"referenceYear":null,"sourceId":"sadei-parishes","bbox":[-4.9256,43.42546,-4.89174,43.45771],"center":[-4.908670000000001,43.441585]},"geometry":{"type":"Point","coordinates":[-4.908670000000001,43.441585]}},{"type":"Feature","id":"es-as-parish-361500","properties":{"id":"es-as-parish-361500","slug":"llanes-nueva","name":"Nueva","localName":"Nueva","aliases":[],"kind":"parish","boundaryStatus":"statistical","parentId":"es-as-concejo-33036","population":null,"areaKm2":25.4,"density":null,"referenceYear":null,"sourceId":"sadei-parishes","bbox":[-5.03024,43.39055,-4.92132,43.46243],"center":[-4.97578,43.42649]},"geometry":{"type":"Point","coordinates":[-4.97578,43.42649]}},{"type":"Feature","id":"es-as-parish-362100","properties":{"id":"es-as-parish-362100","slug":"llanes-pria","name":"Pría","localName":"Pría","aliases":[],"kind":"parish","boundaryStatus":"statistical","parentId":"es-as-concejo-33036","population":null,"areaKm2":11.8,"density":null,"referenceYear":null,"sourceId":"sadei-parishes","bbox":[-4.99473,43.42758,-4.9364,43.46227],"center":[-4.965565,43.444925]},"geometry":{"type":"Point","coordinates":[-4.965565,43.444925]}},{"type":"Feature","id":"es-as-parish-370900","properties":{"id":"es-as-parish-370900","slug":"mieres-santa-cruz","name":"Santa Cruz","localName":"Santa Cruz","aliases":[],"kind":"parish","boundaryStatus":"statistical","parentId":"es-as-concejo-33037","population":null,"areaKm2":4.4,"density":null,"referenceYear":null,"sourceId":"sadei-parishes","bbox":[-5.79364,43.18111,-5.75541,43.20486],"center":[-5.774525000000001,43.19298499999999]},"geometry":{"type":"Point","coordinates":[-5.774525000000001,43.19298499999999]}},{"type":"Feature","id":"es-as-parish-370200","properties":{"id":"es-as-parish-370200","slug":"mieres-figareo","name":"Figareo","localName":"Figareo","aliases":[],"kind":"parish","boundaryStatus":"statistical","parentId":"es-as-concejo-33037","population":null,"areaKm2":6.3,"density":null,"referenceYear":null,"sourceId":"sadei-parishes","bbox":[-5.78926,43.19309,-5.75059,43.22879],"center":[-5.769925,43.210939999999994]},"geometry":{"type":"Point","coordinates":[-5.769925,43.210939999999994]}},{"type":"Feature","id":"es-as-parish-371500","properties":{"id":"es-as-parish-371500","slug":"mieres-urbies","name":"Urbiés","localName":"Urbiés","aliases":[],"kind":"parish","boundaryStatus":"statistical","parentId":"es-as-concejo-33037","population":null,"areaKm2":17.2,"density":null,"referenceYear":null,"sourceId":"sadei-parishes","bbox":[-5.68537,43.19064,-5.62557,43.23093],"center":[-5.655469999999999,43.210785]},"geometry":{"type":"Point","coordinates":[-5.655469999999999,43.210785]}},{"type":"Feature","id":"es-as-parish-370600","properties":{"id":"es-as-parish-370600","slug":"mieres-mieres-extrarradio","name":"Mieres (extrarradio)","localName":"Mieres (extrarradio)","aliases":[],"kind":"parish","boundaryStatus":"statistical","parentId":"es-as-concejo-33037","population":null,"areaKm2":9.9,"density":null,"referenceYear":null,"sourceId":"sadei-parishes","bbox":[-5.77879,43.22242,-5.73974,43.2716],"center":[-5.759265,43.24701]},"geometry":{"type":"Point","coordinates":[-5.759265,43.24701]}},{"type":"Feature","id":"es-as-parish-371200","properties":{"id":"es-as-parish-371200","slug":"mieres-siana","name":"Siana","localName":"Siana","aliases":[],"kind":"parish","boundaryStatus":"statistical","parentId":"es-as-concejo-33037","population":null,"areaKm2":8.9,"density":null,"referenceYear":null,"sourceId":"sadei-parishes","bbox":[-5.83037,43.23282,-5.78011,43.26792],"center":[-5.8052399999999995,43.25037]},"geometry":{"type":"Point","coordinates":[-5.8052399999999995,43.25037]}},{"type":"Feature","id":"es-as-parish-370400","properties":{"id":"es-as-parish-370400","slug":"mieres-lloreo","name":"Lloreo","localName":"Lloreo","aliases":[],"kind":"parish","boundaryStatus":"statistical","parentId":"es-as-concejo-33037","population":null,"areaKm2":10.5,"density":null,"referenceYear":null,"sourceId":"sadei-parishes","bbox":[-5.85551,43.23646,-5.80029,43.27815],"center":[-5.8279,43.257305]},"geometry":{"type":"Point","coordinates":[-5.8279,43.257305]}},{"type":"Feature","id":"es-as-parish-371000","properties":{"id":"es-as-parish-371000","slug":"mieres-santa-rosa","name":"Santa Rosa","localName":"Santa Rosa","aliases":[],"kind":"parish","boundaryStatus":"statistical","parentId":"es-as-concejo-33037","population":null,"areaKm2":23.4,"density":null,"referenceYear":null,"sourceId":"sadei-parishes","bbox":[-5.75886,43.22994,-5.68804,43.28614],"center":[-5.72345,43.25804]},"geometry":{"type":"Point","coordinates":[-5.72345,43.25804]}},{"type":"Feature","id":"es-as-parish-380200","properties":{"id":"es-as-parish-380200","slug":"morcin-foz-la","name":"Foz, La","localName":"Foz, La","aliases":[],"kind":"parish","boundaryStatus":"statistical","parentId":"es-as-concejo-33038","population":null,"areaKm2":12.9,"density":null,"referenceYear":null,"sourceId":"sadei-parishes","bbox":[-5.90009,43.23523,-5.83976,43.27128],"center":[-5.869925,43.253254999999996]},"geometry":{"type":"Point","coordinates":[-5.869925,43.253254999999996]}},{"type":"Feature","id":"es-as-parish-380700","properties":{"id":"es-as-parish-380700","slug":"morcin-santolaya","name":"Santolaya","localName":"Santolaya","aliases":[],"kind":"parish","boundaryStatus":"statistical","parentId":"es-as-concejo-33038","population":null,"areaKm2":6.1,"density":null,"referenceYear":null,"sourceId":"sadei-parishes","bbox":[-5.90015,43.26696,-5.84987,43.29273],"center":[-5.87501,43.279844999999995]},"geometry":{"type":"Point","coordinates":[-5.87501,43.279844999999995]}},{"type":"Feature","id":"es-as-parish-380300","properties":{"id":"es-as-parish-380300","slug":"morcin-penerues","name":"Peñerúes","localName":"Peñerúes","aliases":[],"kind":"parish","boundaryStatus":"statistical","parentId":"es-as-concejo-33038","population":null,"areaKm2":5.1,"density":null,"referenceYear":null,"sourceId":"sadei-parishes","bbox":[-5.96013,43.25596,-5.91843,43.2941],"center":[-5.93928,43.27503]},"geometry":{"type":"Point","coordinates":[-5.93928,43.27503]}},{"type":"Feature","id":"es-as-parish-380400","properties":{"id":"es-as-parish-380400","slug":"morcin-pinera-la","name":"Piñera, La","localName":"Piñera, La","aliases":[],"kind":"parish","boundaryStatus":"statistical","parentId":"es-as-concejo-33038","population":null,"areaKm2":5.9,"density":null,"referenceYear":null,"sourceId":"sadei-parishes","bbox":[-5.94327,43.26471,-5.9012,43.29414],"center":[-5.922235000000001,43.279425]},"geometry":{"type":"Point","coordinates":[-5.922235000000001,43.279425]}},{"type":"Feature","id":"es-as-parish-380600","properties":{"id":"es-as-parish-380600","slug":"morcin-san-sebastian","name":"San Sebastián","localName":"San Sebastián","aliases":[],"kind":"parish","boundaryStatus":"statistical","parentId":"es-as-concejo-33038","population":null,"areaKm2":13.5,"density":null,"referenceYear":null,"sourceId":"sadei-parishes","bbox":[-5.96206,43.22882,-5.89819,43.27117],"center":[-5.930125,43.249995]},"geometry":{"type":"Point","coordinates":[-5.930125,43.249995]}},{"type":"Feature","id":"es-as-parish-380100","properties":{"id":"es-as-parish-380100","slug":"morcin-argame","name":"Argame","localName":"Argame","aliases":[],"kind":"parish","boundaryStatus":"statistical","parentId":"es-as-concejo-33038","population":null,"areaKm2":3.4,"density":null,"referenceYear":null,"sourceId":"sadei-parishes","bbox":[-5.91498,43.28553,-5.86899,43.3048],"center":[-5.891985,43.295165]},"geometry":{"type":"Point","coordinates":[-5.891985,43.295165]}},{"type":"Feature","id":"es-as-parish-380500","properties":{"id":"es-as-parish-380500","slug":"morcin-san-esteban","name":"San Esteban","localName":"San Esteban","aliases":[],"kind":"parish","boundaryStatus":"statistical","parentId":"es-as-concejo-33038","population":null,"areaKm2":3.3,"density":null,"referenceYear":null,"sourceId":"sadei-parishes","bbox":[-5.90988,43.26955,-5.88005,43.29746],"center":[-5.894965,43.283505000000005]},"geometry":{"type":"Point","coordinates":[-5.894965,43.283505000000005]}},{"type":"Feature","id":"es-as-parish-390100","properties":{"id":"es-as-parish-390100","slug":"muros-del-nalon-muros-de-nalon","name":"Muros De Nalón","localName":"Muros De Nalón","aliases":[],"kind":"parish","boundaryStatus":"statistical","parentId":"es-as","population":null,"areaKm2":5.7,"density":null,"referenceYear":null,"sourceId":"sadei-parishes","bbox":[-6.12462,43.53455,-6.0868,43.56355],"center":[-6.10571,43.54905]},"geometry":{"type":"Point","coordinates":[-6.10571,43.54905]}},{"type":"Feature","id":"es-as-parish-390200","properties":{"id":"es-as-parish-390200","slug":"muros-del-nalon-san-esteban","name":"San Esteban","localName":"San Esteban","aliases":[],"kind":"parish","boundaryStatus":"statistical","parentId":"es-as","population":null,"areaKm2":2.6,"density":null,"referenceYear":null,"sourceId":"sadei-parishes","bbox":[-6.09245,43.53669,-6.0756,43.5704],"center":[-6.0840250000000005,43.553545]},"geometry":{"type":"Point","coordinates":[-6.0840250000000005,43.553545]}},{"type":"Feature","id":"es-as-parish-400500","properties":{"id":"es-as-parish-400500","slug":"nava-remediu-el","name":"Remediu, El","localName":"Remediu, El","aliases":[],"kind":"parish","boundaryStatus":"statistical","parentId":"es-as-concejo-33040","population":null,"areaKm2":11.2,"density":null,"referenceYear":null,"sourceId":"sadei-parishes","bbox":[-5.56869,43.35417,-5.51466,43.39689],"center":[-5.541675,43.37553]},"geometry":{"type":"Point","coordinates":[-5.541675,43.37553]}},{"type":"Feature","id":"es-as-parish-400400","properties":{"id":"es-as-parish-400400","slug":"nava-priandi","name":"Priandi","localName":"Priandi","aliases":[],"kind":"parish","boundaryStatus":"statistical","parentId":"es-as-concejo-33040","population":null,"areaKm2":6.8,"density":null,"referenceYear":null,"sourceId":"sadei-parishes","bbox":[-5.54924,43.31915,-5.51359,43.35561],"center":[-5.531415,43.337379999999996]},"geometry":{"type":"Point","coordinates":[-5.531415,43.337379999999996]}},{"type":"Feature","id":"es-as-parish-400600","properties":{"id":"es-as-parish-400600","slug":"nava-tresali","name":"Tresali","localName":"Tresali","aliases":[],"kind":"parish","boundaryStatus":"statistical","parentId":"es-as-concejo-33040","population":null,"areaKm2":8.4,"density":null,"referenceYear":null,"sourceId":"sadei-parishes","bbox":[-5.49119,43.31207,-5.4554,43.37096],"center":[-5.473295,43.341515]},"geometry":{"type":"Point","coordinates":[-5.473295,43.341515]}},{"type":"Feature","id":"es-as-parish-440400","properties":{"id":"es-as-parish-440400","slug":"oviedo-branes","name":"Brañes","localName":"Brañes","aliases":[],"kind":"parish","boundaryStatus":"statistical","parentId":"es-as-concejo-33044","population":null,"areaKm2":6,"density":null,"referenceYear":null,"sourceId":"sadei-parishes","bbox":[-5.92823,43.395,-5.88582,43.42473],"center":[-5.907025,43.409864999999996]},"geometry":{"type":"Point","coordinates":[-5.907025,43.409864999999996]}},{"type":"Feature","id":"es-as-parish-400300","properties":{"id":"es-as-parish-400300","slug":"nava-nava","name":"Nava","localName":"Nava","aliases":[],"kind":"parish","boundaryStatus":"statistical","parentId":"es-as-concejo-33040","population":null,"areaKm2":41,"density":null,"referenceYear":null,"sourceId":"sadei-parishes","bbox":[-5.54201,43.276,-5.46393,43.39932],"center":[-5.50297,43.33766]},"geometry":{"type":"Point","coordinates":[-5.50297,43.33766]}},{"type":"Feature","id":"es-as-parish-440800","properties":{"id":"es-as-parish-440800","slug":"oviedo-godos","name":"Godos","localName":"Godos","aliases":[],"kind":"parish","boundaryStatus":"statistical","parentId":"es-as-concejo-33044","population":null,"areaKm2":2.2,"density":null,"referenceYear":null,"sourceId":"sadei-parishes","bbox":[-5.96733,43.32924,-5.94319,43.35796],"center":[-5.95526,43.343599999999995]},"geometry":{"type":"Point","coordinates":[-5.95526,43.343599999999995]}},{"type":"Feature","id":"es-as-parish-400100","properties":{"id":"es-as-parish-400100","slug":"nava-ceceda-cecea","name":"Ceceda / Cecea","localName":"Ceceda / Cecea","aliases":[],"kind":"parish","boundaryStatus":"statistical","parentId":"es-as-concejo-33040","population":null,"areaKm2":17.6,"density":null,"referenceYear":null,"sourceId":"sadei-parishes","bbox":[-5.46715,43.31786,-5.41904,43.38393],"center":[-5.443095,43.350895]},"geometry":{"type":"Point","coordinates":[-5.443095,43.350895]}},{"type":"Feature","id":"es-as-parish-400200","properties":{"id":"es-as-parish-400200","slug":"nava-cuenya","name":"Cuenya","localName":"Cuenya","aliases":[],"kind":"parish","boundaryStatus":"statistical","parentId":"es-as-concejo-33040","population":null,"areaKm2":10.8,"density":null,"referenceYear":null,"sourceId":"sadei-parishes","bbox":[-5.50466,43.36799,-5.45941,43.41593],"center":[-5.482035,43.39196]},"geometry":{"type":"Point","coordinates":[-5.482035,43.39196]}},{"type":"Feature","id":"es-as-parish-410200","properties":{"id":"es-as-parish-410200","slug":"navia-anleo","name":"Anleo","localName":"Anleo","aliases":[],"kind":"parish","boundaryStatus":"statistical","parentId":"es-as-concejo-33041","population":null,"areaKm2":14.5,"density":null,"referenceYear":null,"sourceId":"sadei-parishes","bbox":[-6.73628,43.48879,-6.64807,43.51899],"center":[-6.692175,43.50389]},"geometry":{"type":"Point","coordinates":[-6.692175,43.50389]}},{"type":"Feature","id":"es-as-parish-410700","properties":{"id":"es-as-parish-410700","slug":"navia-villanueva","name":"Villanueva","localName":"Villanueva","aliases":[],"kind":"parish","boundaryStatus":"statistical","parentId":"es-as-concejo-33041","population":null,"areaKm2":9,"density":null,"referenceYear":null,"sourceId":"sadei-parishes","bbox":[-6.73389,43.5133,-6.67271,43.5395],"center":[-6.7033000000000005,43.526399999999995]},"geometry":{"type":"Point","coordinates":[-6.7033000000000005,43.526399999999995]}},{"type":"Feature","id":"es-as-parish-410500","properties":{"id":"es-as-parish-410500","slug":"navia-polavieja","name":"Polavieja","localName":"Polavieja","aliases":[],"kind":"parish","boundaryStatus":"statistical","parentId":"es-as-concejo-33041","population":null,"areaKm2":11.4,"density":null,"referenceYear":null,"sourceId":"sadei-parishes","bbox":[-6.67838,43.48475,-6.62244,43.54878],"center":[-6.65041,43.516765]},"geometry":{"type":"Point","coordinates":[-6.65041,43.516765]}},{"type":"Feature","id":"es-as-parish-410300","properties":{"id":"es-as-parish-410300","slug":"navia-navia","name":"Navia","localName":"Navia","aliases":[],"kind":"parish","boundaryStatus":"statistical","parentId":"es-as-concejo-33041","population":null,"areaKm2":1.2,"density":null,"referenceYear":null,"sourceId":"sadei-parishes","bbox":[-6.726,43.53271,-6.71202,43.54935],"center":[-6.71901,43.54103]},"geometry":{"type":"Point","coordinates":[-6.71901,43.54103]}},{"type":"Feature","id":"es-as-parish-410400","properties":{"id":"es-as-parish-410400","slug":"navia-pinera","name":"Piñera","localName":"Piñera","aliases":[],"kind":"parish","boundaryStatus":"statistical","parentId":"es-as-concejo-33041","population":null,"areaKm2":8.8,"density":null,"referenceYear":null,"sourceId":"sadei-parishes","bbox":[-6.6967,43.51224,-6.65134,43.56249],"center":[-6.6740200000000005,43.537364999999994]},"geometry":{"type":"Point","coordinates":[-6.6740200000000005,43.537364999999994]}},{"type":"Feature","id":"es-as-parish-430100","properties":{"id":"es-as-parish-430100","slug":"onis-guensucesu","name":"Güensucesu","localName":"Güensucesu","aliases":[],"kind":"parish","boundaryStatus":"statistical","parentId":"es-as-concejo-33043","population":null,"areaKm2":45.7,"density":null,"referenceYear":null,"sourceId":"sadei-parishes","bbox":[-5.00337,43.22457,-4.90747,43.33447],"center":[-4.95542,43.279520000000005]},"geometry":{"type":"Point","coordinates":[-4.95542,43.279520000000005]}},{"type":"Feature","id":"es-as-parish-410100","properties":{"id":"es-as-parish-410100","slug":"navia-andes","name":"Andés","localName":"Andés","aliases":[],"kind":"parish","boundaryStatus":"statistical","parentId":"es-as-concejo-33041","population":null,"areaKm2":7.4,"density":null,"referenceYear":null,"sourceId":"sadei-parishes","bbox":[-6.72572,43.53625,-6.67991,43.5641],"center":[-6.702814999999999,43.550175]},"geometry":{"type":"Point","coordinates":[-6.702814999999999,43.550175]}},{"type":"Feature","id":"es-as-parish-410800","properties":{"id":"es-as-parish-410800","slug":"navia-villapedre","name":"Villapedre","localName":"Villapedre","aliases":[],"kind":"parish","boundaryStatus":"statistical","parentId":"es-as-concejo-33041","population":null,"areaKm2":6.4,"density":null,"referenceYear":null,"sourceId":"sadei-parishes","bbox":[-6.66362,43.53566,-6.61389,43.56083],"center":[-6.638755,43.548245]},"geometry":{"type":"Point","coordinates":[-6.638755,43.548245]}},{"type":"Feature","id":"es-as-parish-430300","properties":{"id":"es-as-parish-430300","slug":"onis-san-antoniu","name":"San Antoniu","localName":"San Antoniu","aliases":[],"kind":"parish","boundaryStatus":"statistical","parentId":"es-as-concejo-33043","population":null,"areaKm2":11.5,"density":null,"referenceYear":null,"sourceId":"sadei-parishes","bbox":[-4.9532,43.31018,-4.91131,43.36176],"center":[-4.932255,43.33597]},"geometry":{"type":"Point","coordinates":[-4.932255,43.33597]}},{"type":"Feature","id":"es-as-parish-430200","properties":{"id":"es-as-parish-430200","slug":"onis-santa-eulalia","name":"Santa Eulalia","localName":"Santa Eulalia","aliases":[],"kind":"parish","boundaryStatus":"statistical","parentId":"es-as-concejo-33043","population":null,"areaKm2":17.7,"density":null,"referenceYear":null,"sourceId":"sadei-parishes","bbox":[-5.0026,43.30831,-4.9414,43.36699],"center":[-4.9719999999999995,43.33765]},"geometry":{"type":"Point","coordinates":[-4.9719999999999995,43.33765]}},{"type":"Feature","id":"es-as-parish-410600","properties":{"id":"es-as-parish-410600","slug":"navia-puerto-de-vega","name":"Puerto De Vega","localName":"Puerto De Vega","aliases":[],"kind":"parish","boundaryStatus":"statistical","parentId":"es-as-concejo-33041","population":null,"areaKm2":4.7,"density":null,"referenceYear":null,"sourceId":"sadei-parishes","bbox":[-6.6726,43.55509,-6.61576,43.57516],"center":[-6.64418,43.565124999999995]},"geometry":{"type":"Point","coordinates":[-6.64418,43.565124999999995]}},{"type":"Feature","id":"es-as-parish-420100","properties":{"id":"es-as-parish-420100","slug":"norena-celles-ceis","name":"Celles / Ceis","localName":"Celles / Ceis","aliases":[],"kind":"parish","boundaryStatus":"statistical","parentId":"es-as-concejo-33042","population":null,"areaKm2":1.7,"density":null,"referenceYear":null,"sourceId":"sadei-parishes","bbox":[-5.69119,43.40578,-5.66983,43.44074],"center":[-5.68051,43.42326]},"geometry":{"type":"Point","coordinates":[-5.68051,43.42326]}},{"type":"Feature","id":"es-as-parish-420200","properties":{"id":"es-as-parish-420200","slug":"norena-norena","name":"Noreña","localName":"Noreña","aliases":[],"kind":"parish","boundaryStatus":"statistical","parentId":"es-as-concejo-33042","population":null,"areaKm2":3.7,"density":null,"referenceYear":null,"sourceId":"sadei-parishes","bbox":[-5.72392,43.38461,-5.69641,43.4091],"center":[-5.710165,43.396855]},"geometry":{"type":"Point","coordinates":[-5.710165,43.396855]}},{"type":"Feature","id":"es-as-parish-420300","properties":{"id":"es-as-parish-420300","slug":"norena-santa-marina","name":"Santa Marina","localName":"Santa Marina","aliases":[],"kind":"parish","boundaryStatus":"statistical","parentId":"es-as-concejo-33042","population":null,"areaKm2":0.3,"density":null,"referenceYear":null,"sourceId":"sadei-parishes","bbox":[-5.73236,43.33737,-5.72145,43.34383],"center":[-5.726905,43.340599999999995]},"geometry":{"type":"Point","coordinates":[-5.726905,43.340599999999995]}},{"type":"Feature","id":"es-as-parish-451000","properties":{"id":"es-as-parish-451000","slug":"parres-montes-los","name":"Montes, Los","localName":"Montes, Los","aliases":[],"kind":"parish","boundaryStatus":"statistical","parentId":"es-as-concejo-33045","population":null,"areaKm2":2.8,"density":null,"referenceYear":null,"sourceId":"sadei-parishes","bbox":[-5.24262,43.29748,-5.22096,43.33055],"center":[-5.23179,43.314015]},"geometry":{"type":"Point","coordinates":[-5.23179,43.314015]}},{"type":"Feature","id":"es-as-parish-443200","properties":{"id":"es-as-parish-443200","slug":"oviedo-villaperi","name":"Villaperi","localName":"Villaperi","aliases":[],"kind":"parish","boundaryStatus":"statistical","parentId":"es-as-concejo-33044","population":null,"areaKm2":13.6,"density":null,"referenceYear":null,"sourceId":"sadei-parishes","bbox":[-5.90561,43.38895,-5.82135,43.42732],"center":[-5.86348,43.408135]},"geometry":{"type":"Point","coordinates":[-5.86348,43.408135]}},{"type":"Feature","id":"es-as-parish-441200","properties":{"id":"es-as-parish-441200","slug":"oviedo-lloriana","name":"Lloriana","localName":"Lloriana","aliases":[],"kind":"parish","boundaryStatus":"statistical","parentId":"es-as-concejo-33044","population":null,"areaKm2":6.9,"density":null,"referenceYear":null,"sourceId":"sadei-parishes","bbox":[-5.94313,43.36961,-5.90365,43.40458],"center":[-5.9233899999999995,43.387095]},"geometry":{"type":"Point","coordinates":[-5.9233899999999995,43.387095]}},{"type":"Feature","id":"es-as-parish-441000","properties":{"id":"es-as-parish-441000","slug":"oviedo-samiguel","name":"Samiguel","localName":"Samiguel","aliases":[],"kind":"parish","boundaryStatus":"statistical","parentId":"es-as-concejo-33044","population":null,"areaKm2":6.2,"density":null,"referenceYear":null,"sourceId":"sadei-parishes","bbox":[-5.90979,43.36566,-5.86789,43.39678],"center":[-5.88884,43.38122]},"geometry":{"type":"Point","coordinates":[-5.88884,43.38122]}},{"type":"Feature","id":"es-as-parish-441500","properties":{"id":"es-as-parish-441500","slug":"oviedo-naranco","name":"Naranco","localName":"Naranco","aliases":[],"kind":"parish","boundaryStatus":"statistical","parentId":"es-as-concejo-33044","population":null,"areaKm2":4.5,"density":null,"referenceYear":null,"sourceId":"sadei-parishes","bbox":[-5.88962,43.36736,-5.84347,43.39297],"center":[-5.866545,43.380165]},"geometry":{"type":"Point","coordinates":[-5.866545,43.380165]}},{"type":"Feature","id":"es-as-parish-442900","properties":{"id":"es-as-parish-442900","slug":"oviedo-sograndio","name":"Sograndio","localName":"Sograndio","aliases":[],"kind":"parish","boundaryStatus":"statistical","parentId":"es-as-concejo-33044","population":null,"areaKm2":5.4,"density":null,"referenceYear":null,"sourceId":"sadei-parishes","bbox":[-5.95868,43.33338,-5.91721,43.36161],"center":[-5.937945,43.347494999999995]},"geometry":{"type":"Point","coordinates":[-5.937945,43.347494999999995]}},{"type":"Feature","id":"es-as-parish-441300","properties":{"id":"es-as-parish-441300","slug":"oviedo-manxoya-la","name":"Manxoya, La","localName":"Manxoya, La","aliases":[],"kind":"parish","boundaryStatus":"statistical","parentId":"es-as-concejo-33044","population":null,"areaKm2":4.8,"density":null,"referenceYear":null,"sourceId":"sadei-parishes","bbox":[-5.87542,43.32306,-5.83433,43.34901],"center":[-5.854875,43.336034999999995]},"geometry":{"type":"Point","coordinates":[-5.854875,43.336034999999995]}},{"type":"Feature","id":"es-as-parish-441900","properties":{"id":"es-as-parish-441900","slug":"oviedo-oviedo-uvieu","name":"Oviedo / Uviéu","localName":"Oviedo / Uviéu","aliases":[],"kind":"parish","boundaryStatus":"statistical","parentId":"es-as-concejo-33044","population":null,"areaKm2":26,"density":null,"referenceYear":null,"sourceId":"sadei-parishes","bbox":[-5.89298,43.34184,-5.78731,43.40234],"center":[-5.840145,43.37209]},"geometry":{"type":"Point","coordinates":[-5.840145,43.37209]}},{"type":"Feature","id":"es-as-parish-442700","properties":{"id":"es-as-parish-442700","slug":"oviedo-san-claudio-san-cloyo","name":"San Claudio / San Cloyo","localName":"San Claudio / San Cloyo","aliases":[],"kind":"parish","boundaryStatus":"statistical","parentId":"es-as-concejo-33044","population":null,"areaKm2":7.4,"density":null,"referenceYear":null,"sourceId":"sadei-parishes","bbox":[-5.95233,43.3533,-5.88733,43.37399],"center":[-5.91983,43.363645]},"geometry":{"type":"Point","coordinates":[-5.91983,43.363645]}},{"type":"Feature","id":"es-as-parish-441700","properties":{"id":"es-as-parish-441700","slug":"oviedo-san-pedru-nora","name":"San Pedru Nora","localName":"San Pedru Nora","aliases":[],"kind":"parish","boundaryStatus":"statistical","parentId":"es-as-concejo-33044","population":null,"areaKm2":3.6,"density":null,"referenceYear":null,"sourceId":"sadei-parishes","bbox":[-5.98014,43.35788,-5.94584,43.38463],"center":[-5.96299,43.371255000000005]},"geometry":{"type":"Point","coordinates":[-5.96299,43.371255000000005]}},{"type":"Feature","id":"es-as-parish-443100","properties":{"id":"es-as-parish-443100","slug":"oviedo-udrion","name":"Udrión","localName":"Udrión","aliases":[],"kind":"parish","boundaryStatus":"statistical","parentId":"es-as-concejo-33044","population":null,"areaKm2":0.7,"density":null,"referenceYear":null,"sourceId":"sadei-parishes","bbox":[-5.97109,43.3538,-5.96011,43.36734],"center":[-5.9656,43.360569999999996]},"geometry":{"type":"Point","coordinates":[-5.9656,43.360569999999996]}},{"type":"Feature","id":"es-as-parish-442200","properties":{"id":"es-as-parish-442200","slug":"oviedo-santa-marina-de-piedramuelle","name":"Santa Mariña De Piedramuelle","localName":"Santa Mariña De Piedramuelle","aliases":[],"kind":"parish","boundaryStatus":"statistical","parentId":"es-as-concejo-33044","population":null,"areaKm2":3.4,"density":null,"referenceYear":null,"sourceId":"sadei-parishes","bbox":[-5.92187,43.34237,-5.88733,43.3592],"center":[-5.9046,43.350785]},"geometry":{"type":"Point","coordinates":[-5.9046,43.350785]}},{"type":"Feature","id":"es-as-parish-443000","properties":{"id":"es-as-parish-443000","slug":"oviedo-trubia","name":"Trubia","localName":"Trubia","aliases":[],"kind":"parish","boundaryStatus":"statistical","parentId":"es-as-concejo-33044","population":null,"areaKm2":17.1,"density":null,"referenceYear":null,"sourceId":"sadei-parishes","bbox":[-6.01694,43.30251,-5.95953,43.36083],"center":[-5.9882349999999995,43.33167]},"geometry":{"type":"Point","coordinates":[-5.9882349999999995,43.33167]}},{"type":"Feature","id":"es-as-parish-442300","properties":{"id":"es-as-parish-442300","slug":"oviedo-pintoria","name":"Pintoria","localName":"Pintoria","aliases":[],"kind":"parish","boundaryStatus":"statistical","parentId":"es-as-concejo-33044","population":null,"areaKm2":1.4,"density":null,"referenceYear":null,"sourceId":"sadei-parishes","bbox":[-5.96511,43.3261,-5.95144,43.34231],"center":[-5.958275,43.334205]},"geometry":{"type":"Point","coordinates":[-5.958275,43.334205]}},{"type":"Feature","id":"es-as-parish-440500","properties":{"id":"es-as-parish-440500","slug":"oviedo-caces","name":"Caces","localName":"Caces","aliases":[],"kind":"parish","boundaryStatus":"statistical","parentId":"es-as-concejo-33044","population":null,"areaKm2":5.5,"density":null,"referenceYear":null,"sourceId":"sadei-parishes","bbox":[-5.96554,43.29906,-5.92836,43.33598],"center":[-5.946949999999999,43.31752]},"geometry":{"type":"Point","coordinates":[-5.946949999999999,43.31752]}},{"type":"Feature","id":"es-as-parish-442600","properties":{"id":"es-as-parish-442600","slug":"oviedo-puerto","name":"Puerto","localName":"Puerto","aliases":[],"kind":"parish","boundaryStatus":"statistical","parentId":"es-as-concejo-33044","population":null,"areaKm2":3.5,"density":null,"referenceYear":null,"sourceId":"sadei-parishes","bbox":[-5.94657,43.30287,-5.92004,43.32582],"center":[-5.933305000000001,43.314345]},"geometry":{"type":"Point","coordinates":[-5.933305000000001,43.314345]}},{"type":"Feature","id":"es-as-parish-442500","properties":{"id":"es-as-parish-442500","slug":"oviedo-caldes-les","name":"Caldes, Les","localName":"Caldes, Les","aliases":[],"kind":"parish","boundaryStatus":"statistical","parentId":"es-as-concejo-33044","population":null,"areaKm2":4.8,"density":null,"referenceYear":null,"sourceId":"sadei-parishes","bbox":[-5.93168,43.31748,-5.90158,43.34359],"center":[-5.91663,43.330535]},"geometry":{"type":"Point","coordinates":[-5.91663,43.330535]}},{"type":"Feature","id":"es-as-parish-440900","properties":{"id":"es-as-parish-440900","slug":"oviedo-llatores","name":" Llatores","localName":" Llatores","aliases":[],"kind":"parish","boundaryStatus":"statistical","parentId":"es-as-concejo-33044","population":null,"areaKm2":7.4,"density":null,"referenceYear":null,"sourceId":"sadei-parishes","bbox":[-5.90965,43.31948,-5.86697,43.34882],"center":[-5.888310000000001,43.33415]},"geometry":{"type":"Point","coordinates":[-5.888310000000001,43.33415]}},{"type":"Feature","id":"es-as-parish-442100","properties":{"id":"es-as-parish-442100","slug":"oviedo-perera","name":"Perera","localName":"Perera","aliases":[],"kind":"parish","boundaryStatus":"statistical","parentId":"es-as-concejo-33044","population":null,"areaKm2":4.7,"density":null,"referenceYear":null,"sourceId":"sadei-parishes","bbox":[-5.87081,43.30742,-5.84039,43.33584],"center":[-5.8556,43.32163]},"geometry":{"type":"Point","coordinates":[-5.8556,43.32163]}},{"type":"Feature","id":"es-as-parish-440700","properties":{"id":"es-as-parish-440700","slug":"oviedo-san-esteban-san-isteba","name":"San Esteban / San Isteba","localName":"San Esteban / San Isteba","aliases":[],"kind":"parish","boundaryStatus":"statistical","parentId":"es-as-concejo-33044","population":null,"areaKm2":8.1,"density":null,"referenceYear":null,"sourceId":"sadei-parishes","bbox":[-5.84626,43.31826,-5.80281,43.3596],"center":[-5.824535,43.338930000000005]},"geometry":{"type":"Point","coordinates":[-5.824535,43.338930000000005]}},{"type":"Feature","id":"es-as-parish-442000","properties":{"id":"es-as-parish-442000","slug":"oviedo-pando","name":"Pando","localName":"Pando","aliases":[],"kind":"parish","boundaryStatus":"statistical","parentId":"es-as-concejo-33044","population":null,"areaKm2":1.4,"density":null,"referenceYear":null,"sourceId":"sadei-parishes","bbox":[-5.81485,43.34627,-5.79835,43.36152],"center":[-5.8065999999999995,43.353894999999994]},"geometry":{"type":"Point","coordinates":[-5.8065999999999995,43.353894999999994]}},{"type":"Feature","id":"es-as-parish-441100","properties":{"id":"es-as-parish-441100","slug":"oviedo-llimanes","name":"Llimanes","localName":"Llimanes","aliases":[],"kind":"parish","boundaryStatus":"statistical","parentId":"es-as-concejo-33044","population":null,"areaKm2":5.4,"density":null,"referenceYear":null,"sourceId":"sadei-parishes","bbox":[-5.81204,43.34291,-5.77414,43.37147],"center":[-5.793089999999999,43.35719]},"geometry":{"type":"Point","coordinates":[-5.793089999999999,43.35719]}},{"type":"Feature","id":"es-as-parish-441600","properties":{"id":"es-as-parish-441600","slug":"oviedo-naves","name":"Naves","localName":"Naves","aliases":[],"kind":"parish","boundaryStatus":"statistical","parentId":"es-as-concejo-33044","population":null,"areaKm2":3.1,"density":null,"referenceYear":null,"sourceId":"sadei-parishes","bbox":[-5.80197,43.32552,-5.77443,43.34634],"center":[-5.7882,43.33593]},"geometry":{"type":"Point","coordinates":[-5.7882,43.33593]}},{"type":"Feature","id":"es-as-parish-440200","properties":{"id":"es-as-parish-440200","slug":"oviedo-bendones","name":"Bendones","localName":"Bendones","aliases":[],"kind":"parish","boundaryStatus":"statistical","parentId":"es-as-concejo-33044","population":null,"areaKm2":2.2,"density":null,"referenceYear":null,"sourceId":"sadei-parishes","bbox":[-5.81666,43.32419,-5.79598,43.34664],"center":[-5.8063199999999995,43.335415]},"geometry":{"type":"Point","coordinates":[-5.8063199999999995,43.335415]}},{"type":"Feature","id":"es-as-parish-440300","properties":{"id":"es-as-parish-440300","slug":"oviedo-veguin","name":"Veguín","localName":"Veguín","aliases":[],"kind":"parish","boundaryStatus":"statistical","parentId":"es-as-concejo-33044","population":null,"areaKm2":7.8,"density":null,"referenceYear":null,"sourceId":"sadei-parishes","bbox":[-5.78345,43.3125,-5.74239,43.34699],"center":[-5.76292,43.329745]},"geometry":{"type":"Point","coordinates":[-5.76292,43.329745]}},{"type":"Feature","id":"es-as-parish-440100","properties":{"id":"es-as-parish-440100","slug":"oviedo-tudela-agueria","name":"Tudela Agüeria","localName":"Tudela Agüeria","aliases":[],"kind":"parish","boundaryStatus":"statistical","parentId":"es-as-concejo-33044","population":null,"areaKm2":4.3,"density":null,"referenceYear":null,"sourceId":"sadei-parishes","bbox":[-5.81709,43.30914,-5.77857,43.32939],"center":[-5.79783,43.319265]},"geometry":{"type":"Point","coordinates":[-5.79783,43.319265]}},{"type":"Feature","id":"es-as-parish-441400","properties":{"id":"es-as-parish-441400","slug":"oviedo-santolaya","name":"Santolaya","localName":"Santolaya","aliases":[],"kind":"parish","boundaryStatus":"statistical","parentId":"es-as-concejo-33044","population":null,"areaKm2":2.8,"density":null,"referenceYear":null,"sourceId":"sadei-parishes","bbox":[-5.83819,43.30548,-5.80767,43.32834],"center":[-5.8229299999999995,43.31691]},"geometry":{"type":"Point","coordinates":[-5.8229299999999995,43.31691]}},{"type":"Feature","id":"es-as-parish-441800","properties":{"id":"es-as-parish-441800","slug":"oviedo-olloniego-lluniego","name":"Olloniego / Lluniego","localName":"Olloniego / Lluniego","aliases":[],"kind":"parish","boundaryStatus":"statistical","parentId":"es-as-concejo-33044","population":null,"areaKm2":15.4,"density":null,"referenceYear":null,"sourceId":"sadei-parishes","bbox":[-5.84569,43.27916,-5.75929,43.31376],"center":[-5.802490000000001,43.296459999999996]},"geometry":{"type":"Point","coordinates":[-5.802490000000001,43.296459999999996]}},{"type":"Feature","id":"es-as-parish-442800","properties":{"id":"es-as-parish-442800","slug":"oviedo-santianes","name":"Santianes","localName":"Santianes","aliases":[],"kind":"parish","boundaryStatus":"statistical","parentId":"es-as-concejo-33044","population":null,"areaKm2":1,"density":null,"referenceYear":null,"sourceId":"sadei-parishes","bbox":[-5.82273,43.30577,-5.80599,43.31567],"center":[-5.814360000000001,43.31072]},"geometry":{"type":"Point","coordinates":[-5.814360000000001,43.31072]}},{"type":"Feature","id":"es-as-parish-450800","properties":{"id":"es-as-parish-450800","slug":"parres-llerandi","name":"Llerandi","localName":"Llerandi","aliases":[],"kind":"parish","boundaryStatus":"statistical","parentId":"es-as-concejo-33045","population":null,"areaKm2":14.6,"density":null,"referenceYear":null,"sourceId":"sadei-parishes","bbox":[-5.23387,43.27687,-5.18761,43.34949],"center":[-5.2107399999999995,43.31318]},"geometry":{"type":"Point","coordinates":[-5.2107399999999995,43.31318]}},{"type":"Feature","id":"es-as-parish-450700","properties":{"id":"es-as-parish-450700","slug":"parres-guera-deu-la","name":"Güera Deu, La","localName":"Güera Deu, La","aliases":[],"kind":"parish","boundaryStatus":"statistical","parentId":"es-as-concejo-33045","population":null,"areaKm2":12.9,"density":null,"referenceYear":null,"sourceId":"sadei-parishes","bbox":[-5.18647,43.29244,-5.13044,43.35064],"center":[-5.158455,43.32154]},"geometry":{"type":"Point","coordinates":[-5.158455,43.32154]}},{"type":"Feature","id":"es-as-parish-451600","properties":{"id":"es-as-parish-451600","slug":"parres-villanueva","name":"Villanueva","localName":"Villanueva","aliases":[],"kind":"parish","boundaryStatus":"statistical","parentId":"es-as-concejo-33045","population":null,"areaKm2":4.1,"density":null,"referenceYear":null,"sourceId":"sadei-parishes","bbox":[-5.18294,43.35608,-5.13672,43.3749],"center":[-5.15983,43.365489999999994]},"geometry":{"type":"Point","coordinates":[-5.15983,43.365489999999994]}},{"type":"Feature","id":"es-as-parish-450200","properties":{"id":"es-as-parish-450200","slug":"parres-castiellu","name":"Castiellu","localName":"Castiellu","aliases":[],"kind":"parish","boundaryStatus":"statistical","parentId":"es-as-concejo-33045","population":null,"areaKm2":2.8,"density":null,"referenceYear":null,"sourceId":"sadei-parishes","bbox":[-5.23678,43.36055,-5.20644,43.3771],"center":[-5.22161,43.368825]},"geometry":{"type":"Point","coordinates":[-5.22161,43.368825]}},{"type":"Feature","id":"es-as-parish-591500","properties":{"id":"es-as-parish-591500","slug":"salas-laneo","name":"Láneo","localName":"Láneo","aliases":[],"kind":"parish","boundaryStatus":"statistical","parentId":"es-as-concejo-33059","population":null,"areaKm2":5.9,"density":null,"referenceYear":null,"sourceId":"sadei-parishes","bbox":[-6.18828,43.35588,-6.15168,43.38468],"center":[-6.16998,43.37028]},"geometry":{"type":"Point","coordinates":[-6.16998,43.37028]}},{"type":"Feature","id":"es-as-parish-451300","properties":{"id":"es-as-parish-451300","slug":"parres-parres","name":"Parres","localName":"Parres","aliases":[],"kind":"parish","boundaryStatus":"statistical","parentId":"es-as-concejo-33045","population":null,"areaKm2":18.1,"density":null,"referenceYear":null,"sourceId":"sadei-parishes","bbox":[-5.19892,43.28922,-5.13206,43.36187],"center":[-5.16549,43.325545000000005]},"geometry":{"type":"Point","coordinates":[-5.16549,43.325545000000005]}},{"type":"Feature","id":"es-as-parish-451400","properties":{"id":"es-as-parish-451400","slug":"parres-sorribes","name":"Sorribes","localName":"Sorribes","aliases":[],"kind":"parish","boundaryStatus":"statistical","parentId":"es-as-concejo-33045","population":null,"areaKm2":0.6,"density":null,"referenceYear":null,"sourceId":"sadei-parishes","bbox":[-5.23739,43.35686,-5.22151,43.36698],"center":[-5.22945,43.36192]},"geometry":{"type":"Point","coordinates":[-5.22945,43.36192]}},{"type":"Feature","id":"es-as-parish-451500","properties":{"id":"es-as-parish-451500","slug":"parres-viabanu","name":"Viabañu","localName":"Viabañu","aliases":[],"kind":"parish","boundaryStatus":"statistical","parentId":"es-as-concejo-33045","population":null,"areaKm2":14.2,"density":null,"referenceYear":null,"sourceId":"sadei-parishes","bbox":[-5.23243,43.32566,-5.17495,43.37465],"center":[-5.20369,43.350155]},"geometry":{"type":"Point","coordinates":[-5.20369,43.350155]}},{"type":"Feature","id":"es-as-parish-460600","properties":{"id":"es-as-parish-460600","slug":"penamellera-alta-rozagas","name":"Rozagás","localName":"Rozagás","aliases":[],"kind":"parish","boundaryStatus":"statistical","parentId":"es-as-concejo-33046","population":null,"areaKm2":9,"density":null,"referenceYear":null,"sourceId":"sadei-parishes","bbox":[-4.78767,43.31208,-4.74663,43.35845],"center":[-4.76715,43.335265]},"geometry":{"type":"Point","coordinates":[-4.76715,43.335265]}},{"type":"Feature","id":"es-as-parish-450100","properties":{"id":"es-as-parish-450100","slug":"parres-arriondas-arriondes-les","name":"Arriondas / Arriondes, Les","localName":"Arriondas / Arriondes, Les","aliases":[],"kind":"parish","boundaryStatus":"statistical","parentId":"es-as-concejo-33045","population":null,"areaKm2":6.4,"density":null,"referenceYear":null,"sourceId":"sadei-parishes","bbox":[-5.21271,43.37064,-5.169,43.397],"center":[-5.190855,43.38382]},"geometry":{"type":"Point","coordinates":[-5.190855,43.38382]}},{"type":"Feature","id":"es-as-parish-451100","properties":{"id":"es-as-parish-451100","slug":"parres-nevares","name":"Nevares","localName":"Nevares","aliases":[],"kind":"parish","boundaryStatus":"statistical","parentId":"es-as-concejo-33045","population":null,"areaKm2":4.7,"density":null,"referenceYear":null,"sourceId":"sadei-parishes","bbox":[-5.23159,43.37204,-5.20288,43.40477],"center":[-5.2172350000000005,43.388405]},"geometry":{"type":"Point","coordinates":[-5.2172350000000005,43.388405]}},{"type":"Feature","id":"es-as-parish-450600","properties":{"id":"es-as-parish-450600","slug":"parres-fios","name":"Fíos","localName":"Fíos","aliases":[],"kind":"parish","boundaryStatus":"statistical","parentId":"es-as-concejo-33045","population":null,"areaKm2":2.1,"density":null,"referenceYear":null,"sourceId":"sadei-parishes","bbox":[-5.24178,43.38966,-5.21339,43.4071],"center":[-5.227585,43.39838]},"geometry":{"type":"Point","coordinates":[-5.227585,43.39838]}},{"type":"Feature","id":"es-as-parish-451200","properties":{"id":"es-as-parish-451200","slug":"parres-pendas","name":"Pendás","localName":"Pendás","aliases":[],"kind":"parish","boundaryStatus":"statistical","parentId":"es-as-concejo-33045","population":null,"areaKm2":1.7,"density":null,"referenceYear":null,"sourceId":"sadei-parishes","bbox":[-5.19973,43.39179,-5.17529,43.40797],"center":[-5.18751,43.399879999999996]},"geometry":{"type":"Point","coordinates":[-5.18751,43.399879999999996]}},{"type":"Feature","id":"es-as-parish-451700","properties":{"id":"es-as-parish-451700","slug":"parres-bode","name":"Bode","localName":"Bode","aliases":[],"kind":"parish","boundaryStatus":"statistical","parentId":"es-as-concejo-33045","population":null,"areaKm2":3.6,"density":null,"referenceYear":null,"sourceId":"sadei-parishes","bbox":[-5.18255,43.39478,-5.1448,43.41515],"center":[-5.163675,43.404965]},"geometry":{"type":"Point","coordinates":[-5.163675,43.404965]}},{"type":"Feature","id":"es-as-parish-450900","properties":{"id":"es-as-parish-450900","slug":"parres-margolles","name":"Margolles","localName":"Margolles","aliases":[],"kind":"parish","boundaryStatus":"statistical","parentId":"es-as-concejo-33045","population":null,"areaKm2":3.6,"density":null,"referenceYear":null,"sourceId":"sadei-parishes","bbox":[-5.13966,43.40403,-5.08548,43.42453],"center":[-5.11257,43.41428]},"geometry":{"type":"Point","coordinates":[-5.11257,43.41428]}},{"type":"Feature","id":"es-as-parish-450300","properties":{"id":"es-as-parish-450300","slug":"parres-cayarga","name":"Cayarga","localName":"Cayarga","aliases":[],"kind":"parish","boundaryStatus":"statistical","parentId":"es-as-concejo-33045","population":null,"areaKm2":7.9,"density":null,"referenceYear":null,"sourceId":"sadei-parishes","bbox":[-5.16132,43.39929,-5.08548,43.4302],"center":[-5.1234,43.414744999999996]},"geometry":{"type":"Point","coordinates":[-5.1234,43.414744999999996]}},{"type":"Feature","id":"es-as-parish-450400","properties":{"id":"es-as-parish-450400","slug":"parres-cofinu","name":"Cofiñu","localName":"Cofiñu","aliases":[],"kind":"parish","boundaryStatus":"statistical","parentId":"es-as-concejo-33045","population":null,"areaKm2":9,"density":null,"referenceYear":null,"sourceId":"sadei-parishes","bbox":[-5.26944,43.40272,-5.21384,43.43333],"center":[-5.24164,43.418025]},"geometry":{"type":"Point","coordinates":[-5.24164,43.418025]}},{"type":"Feature","id":"es-as-parish-450500","properties":{"id":"es-as-parish-450500","slug":"parres-santitomas","name":"Santitomás","localName":"Santitomás","aliases":[],"kind":"parish","boundaryStatus":"statistical","parentId":"es-as-concejo-33045","population":null,"areaKm2":17.1,"density":null,"referenceYear":null,"sourceId":"sadei-parishes","bbox":[-5.22783,43.39524,-5.15884,43.44108],"center":[-5.193334999999999,43.41816]},"geometry":{"type":"Point","coordinates":[-5.193334999999999,43.41816]}},{"type":"Feature","id":"es-as-parish-460500","properties":{"id":"es-as-parish-460500","slug":"penamellera-alta-oceno","name":"Oceño","localName":"Oceño","aliases":[],"kind":"parish","boundaryStatus":"statistical","parentId":"es-as-concejo-33046","population":null,"areaKm2":18.9,"density":null,"referenceYear":null,"sourceId":"sadei-parishes","bbox":[-4.75894,43.25609,-4.69929,43.3172],"center":[-4.729115,43.286645]},"geometry":{"type":"Point","coordinates":[-4.729115,43.286645]}},{"type":"Feature","id":"es-as-parish-460200","properties":{"id":"es-as-parish-460200","slug":"penamellera-alta-caraves","name":"Cáraves","localName":"Cáraves","aliases":[],"kind":"parish","boundaryStatus":"statistical","parentId":"es-as-concejo-33046","population":null,"areaKm2":3.8,"density":null,"referenceYear":null,"sourceId":"sadei-parishes","bbox":[-4.76629,43.29695,-4.71905,43.32028],"center":[-4.74267,43.308615]},"geometry":{"type":"Point","coordinates":[-4.74267,43.308615]}},{"type":"Feature","id":"es-as-parish-460800","properties":{"id":"es-as-parish-460800","slug":"penamellera-alta-trescares","name":"Trescares","localName":"Trescares","aliases":[],"kind":"parish","boundaryStatus":"statistical","parentId":"es-as-concejo-33046","population":null,"areaKm2":1.7,"density":null,"referenceYear":null,"sourceId":"sadei-parishes","bbox":[-4.72403,43.31441,-4.69462,43.3249],"center":[-4.709325,43.319655]},"geometry":{"type":"Point","coordinates":[-4.709325,43.319655]}},{"type":"Feature","id":"es-as-parish-460400","properties":{"id":"es-as-parish-460400","slug":"penamellera-alta-mier","name":"Mier","localName":"Mier","aliases":[],"kind":"parish","boundaryStatus":"statistical","parentId":"es-as-concejo-33046","population":null,"areaKm2":17.8,"density":null,"referenceYear":null,"sourceId":"sadei-parishes","bbox":[-4.70808,43.2765,-4.65197,43.33081],"center":[-4.6800250000000005,43.303655]},"geometry":{"type":"Point","coordinates":[-4.6800250000000005,43.303655]}},{"type":"Feature","id":"es-as-parish-460300","properties":{"id":"es-as-parish-460300","slug":"penamellera-alta-llonin","name":"Llonín","localName":"Llonín","aliases":[],"kind":"parish","boundaryStatus":"statistical","parentId":"es-as-concejo-33046","population":null,"areaKm2":7.3,"density":null,"referenceYear":null,"sourceId":"sadei-parishes","bbox":[-4.6758,43.32706,-4.63399,43.35381],"center":[-4.654895,43.340435]},"geometry":{"type":"Point","coordinates":[-4.654895,43.340435]}},{"type":"Feature","id":"es-as-parish-460700","properties":{"id":"es-as-parish-460700","slug":"penamellera-alta-ruenes","name":"Ruenes","localName":"Ruenes","aliases":[],"kind":"parish","boundaryStatus":"statistical","parentId":"es-as-concejo-33046","population":null,"areaKm2":16,"density":null,"referenceYear":null,"sourceId":"sadei-parishes","bbox":[-4.77834,43.30618,-4.71863,43.36441],"center":[-4.7484850000000005,43.335295]},"geometry":{"type":"Point","coordinates":[-4.7484850000000005,43.335295]}},{"type":"Feature","id":"es-as-parish-460100","properties":{"id":"es-as-parish-460100","slug":"penamellera-alta-alles","name":"Alles","localName":"Alles","aliases":[],"kind":"parish","boundaryStatus":"statistical","parentId":"es-as-concejo-33046","population":null,"areaKm2":17.6,"density":null,"referenceYear":null,"sourceId":"sadei-parishes","bbox":[-4.73235,43.32062,-4.66652,43.36513],"center":[-4.699435,43.342875]},"geometry":{"type":"Point","coordinates":[-4.699435,43.342875]}},{"type":"Feature","id":"es-as-parish-470400","properties":{"id":"es-as-parish-470400","slug":"penamellera-baja-cunaba","name":"Cuñaba","localName":"Cuñaba","aliases":[],"kind":"parish","boundaryStatus":"statistical","parentId":"es-as-concejo-33047","population":null,"areaKm2":16.6,"density":null,"referenceYear":null,"sourceId":"sadei-parishes","bbox":[-4.70604,43.26416,-4.6069,43.30182],"center":[-4.6564700000000006,43.28299]},"geometry":{"type":"Point","coordinates":[-4.6564700000000006,43.28299]}},{"type":"Feature","id":"es-as-parish-470700","properties":{"id":"es-as-parish-470700","slug":"penamellera-baja-tobes","name":"Tobes","localName":"Tobes","aliases":[],"kind":"parish","boundaryStatus":"statistical","parentId":"es-as-concejo-33047","population":null,"areaKm2":11,"density":null,"referenceYear":null,"sourceId":"sadei-parishes","bbox":[-4.66553,43.29035,-4.6052,43.32732],"center":[-4.635365,43.308835]},"geometry":{"type":"Point","coordinates":[-4.635365,43.308835]}},{"type":"Feature","id":"es-as-parish-470500","properties":{"id":"es-as-parish-470500","slug":"penamellera-baja-merodio","name":"Merodio","localName":"Merodio","aliases":[],"kind":"parish","boundaryStatus":"statistical","parentId":"es-as-concejo-33047","population":null,"areaKm2":15.4,"density":null,"referenceYear":null,"sourceId":"sadei-parishes","bbox":[-4.56525,43.26898,-4.51857,43.32761],"center":[-4.54191,43.298294999999996]},"geometry":{"type":"Point","coordinates":[-4.54191,43.298294999999996]}},{"type":"Feature","id":"es-as-parish-470600","properties":{"id":"es-as-parish-470600","slug":"penamellera-baja-panes","name":"Panes","localName":"Panes","aliases":[],"kind":"parish","boundaryStatus":"statistical","parentId":"es-as-concejo-33047","population":null,"areaKm2":16.6,"density":null,"referenceYear":null,"sourceId":"sadei-parishes","bbox":[-4.60971,43.28654,-4.54496,43.3317],"center":[-4.577335,43.30912]},"geometry":{"type":"Point","coordinates":[-4.577335,43.30912]}},{"type":"Feature","id":"es-as-parish-470800","properties":{"id":"es-as-parish-470800","slug":"penamellera-baja-siejo","name":"Siejo","localName":"Siejo","aliases":[],"kind":"parish","boundaryStatus":"statistical","parentId":"es-as-concejo-33047","population":null,"areaKm2":1.9,"density":null,"referenceYear":null,"sourceId":"sadei-parishes","bbox":[-4.60155,43.32614,-4.5608,43.34113],"center":[-4.581175,43.333635]},"geometry":{"type":"Point","coordinates":[-4.581175,43.333635]}},{"type":"Feature","id":"es-as-parish-470300","properties":{"id":"es-as-parish-470300","slug":"penamellera-baja-buelles","name":"Buelles","localName":"Buelles","aliases":[],"kind":"parish","boundaryStatus":"statistical","parentId":"es-as-concejo-33047","population":null,"areaKm2":3.9,"density":null,"referenceYear":null,"sourceId":"sadei-parishes","bbox":[-4.56343,43.32345,-4.52248,43.34352],"center":[-4.542955,43.333484999999996]},"geometry":{"type":"Point","coordinates":[-4.542955,43.333484999999996]}},{"type":"Feature","id":"es-as-parish-470100","properties":{"id":"es-as-parish-470100","slug":"penamellera-baja-abandames","name":"Abándames","localName":"Abándames","aliases":[],"kind":"parish","boundaryStatus":"statistical","parentId":"es-as-concejo-33047","population":null,"areaKm2":7.1,"density":null,"referenceYear":null,"sourceId":"sadei-parishes","bbox":[-4.64613,43.31704,-4.5896,43.34377],"center":[-4.617865,43.330405]},"geometry":{"type":"Point","coordinates":[-4.617865,43.330405]}},{"type":"Feature","id":"es-as-parish-470900","properties":{"id":"es-as-parish-470900","slug":"penamellera-baja-narganes","name":"Narganes","localName":"Narganes","aliases":[],"kind":"parish","boundaryStatus":"statistical","parentId":"es-as-concejo-33047","population":null,"areaKm2":3.6,"density":null,"referenceYear":null,"sourceId":"sadei-parishes","bbox":[-4.57466,43.33191,-4.53867,43.34809],"center":[-4.556665,43.34]},"geometry":{"type":"Point","coordinates":[-4.556665,43.34]}},{"type":"Feature","id":"es-as-parish-470200","properties":{"id":"es-as-parish-470200","slug":"penamellera-baja-alevia","name":"Alevia","localName":"Alevia","aliases":[],"kind":"parish","boundaryStatus":"statistical","parentId":"es-as-concejo-33047","population":null,"areaKm2":7.9,"density":null,"referenceYear":null,"sourceId":"sadei-parishes","bbox":[-4.64405,43.32934,-4.56961,43.35115],"center":[-4.60683,43.340244999999996]},"geometry":{"type":"Point","coordinates":[-4.60683,43.340244999999996]}},{"type":"Feature","id":"es-as-parish-480100","properties":{"id":"es-as-parish-480100","slug":"pesoz-pezos-pesoz","name":"Pezós / Pesoz","localName":"Pezós / Pesoz","aliases":[],"kind":"parish","boundaryStatus":"statistical","parentId":"es-as-concejo-33048","population":null,"areaKm2":39,"density":null,"referenceYear":null,"sourceId":"sadei-parishes","bbox":[-6.91365,43.22982,-6.82844,43.31707],"center":[-6.871045,43.273444999999995]},"geometry":{"type":"Point","coordinates":[-6.871045,43.273444999999995]}},{"type":"Feature","id":"es-as-parish-492100","properties":{"id":"es-as-parish-492100","slug":"pilona-tozu-el","name":"Tozu, El","localName":"Tozu, El","aliases":[],"kind":"parish","boundaryStatus":"statistical","parentId":"es-as-concejo-33049","population":null,"areaKm2":2.3,"density":null,"referenceYear":null,"sourceId":"sadei-parishes","bbox":[-5.41413,43.26357,-5.3816,43.28041],"center":[-5.3978649999999995,43.27199]},"geometry":{"type":"Point","coordinates":[-5.3978649999999995,43.27199]}},{"type":"Feature","id":"es-as-parish-491800","properties":{"id":"es-as-parish-491800","slug":"pilona-sellon","name":"Sellón","localName":"Sellón","aliases":[],"kind":"parish","boundaryStatus":"statistical","parentId":"es-as-concejo-33049","population":null,"areaKm2":7.9,"density":null,"referenceYear":null,"sourceId":"sadei-parishes","bbox":[-5.38882,43.2504,-5.35237,43.29747],"center":[-5.370595,43.273934999999994]},"geometry":{"type":"Point","coordinates":[-5.370595,43.273934999999994]}},{"type":"Feature","id":"es-as-parish-490900","properties":{"id":"es-as-parish-490900","slug":"pilona-marea-la","name":"Marea, La","localName":"Marea, La","aliases":[],"kind":"parish","boundaryStatus":"statistical","parentId":"es-as-concejo-33049","population":null,"areaKm2":12.3,"density":null,"referenceYear":null,"sourceId":"sadei-parishes","bbox":[-5.46665,43.2549,-5.40374,43.29747],"center":[-5.435195,43.276185]},"geometry":{"type":"Point","coordinates":[-5.435195,43.276185]}},{"type":"Feature","id":"es-as-parish-490200","properties":{"id":"es-as-parish-490200","slug":"pilona-arteosa-l","name":"Arteosa, L'","localName":"Arteosa, L'","aliases":[],"kind":"parish","boundaryStatus":"statistical","parentId":"es-as-concejo-33049","population":null,"areaKm2":9.4,"density":null,"referenceYear":null,"sourceId":"sadei-parishes","bbox":[-5.42307,43.27692,-5.38261,43.3208],"center":[-5.402839999999999,43.29886]},"geometry":{"type":"Point","coordinates":[-5.402839999999999,43.29886]}},{"type":"Feature","id":"es-as-parish-491600","properties":{"id":"es-as-parish-491600","slug":"pilona-san-xuan-de-berbio","name":"San Xuan De Berbío","localName":"San Xuan De Berbío","aliases":[],"kind":"parish","boundaryStatus":"statistical","parentId":"es-as-concejo-33049","population":null,"areaKm2":6.8,"density":null,"referenceYear":null,"sourceId":"sadei-parishes","bbox":[-5.39398,43.3068,-5.35067,43.34786],"center":[-5.372325,43.32733]},"geometry":{"type":"Point","coordinates":[-5.372325,43.32733]}},{"type":"Feature","id":"es-as-parish-590300","properties":{"id":"es-as-parish-590300","slug":"salas-santiago-de-la-barca","name":"Santiago De La Barca","localName":"Santiago De La Barca","aliases":[],"kind":"parish","boundaryStatus":"statistical","parentId":"es-as-concejo-33059","population":null,"areaKm2":1.9,"density":null,"referenceYear":null,"sourceId":"sadei-parishes","bbox":[-6.15882,43.36729,-6.13122,43.3847],"center":[-6.145020000000001,43.375995]},"geometry":{"type":"Point","coordinates":[-6.145020000000001,43.375995]}},{"type":"Feature","id":"es-as-parish-490700","properties":{"id":"es-as-parish-490700","slug":"pilona-espinareu","name":"Espinaréu","localName":"Espinaréu","aliases":[],"kind":"parish","boundaryStatus":"statistical","parentId":"es-as-concejo-33049","population":null,"areaKm2":45.1,"density":null,"referenceYear":null,"sourceId":"sadei-parishes","bbox":[-5.38837,43.23989,-5.27283,43.32361],"center":[-5.3306000000000004,43.28175]},"geometry":{"type":"Point","coordinates":[-5.3306000000000004,43.28175]}},{"type":"Feature","id":"es-as-parish-491200","properties":{"id":"es-as-parish-491200","slug":"pilona-montes-los","name":"Montes, Los","localName":"Montes, Los","aliases":[],"kind":"parish","boundaryStatus":"statistical","parentId":"es-as-concejo-33049","population":null,"areaKm2":26.1,"density":null,"referenceYear":null,"sourceId":"sadei-parishes","bbox":[-5.29587,43.26657,-5.22051,43.33327],"center":[-5.25819,43.29992]},"geometry":{"type":"Point","coordinates":[-5.25819,43.29992]}},{"type":"Feature","id":"es-as-parish-491000","properties":{"id":"es-as-parish-491000","slug":"pilona-santana-de-maza","name":"Santana De Maza","localName":"Santana De Maza","aliases":[],"kind":"parish","boundaryStatus":"statistical","parentId":"es-as-concejo-33049","population":null,"areaKm2":8.2,"density":null,"referenceYear":null,"sourceId":"sadei-parishes","bbox":[-5.46437,43.30297,-5.41449,43.33634],"center":[-5.43943,43.319655]},"geometry":{"type":"Point","coordinates":[-5.43943,43.319655]}},{"type":"Feature","id":"es-as-parish-490300","properties":{"id":"es-as-parish-490300","slug":"pilona-belonciu","name":"Belonciu","localName":"Belonciu","aliases":[],"kind":"parish","boundaryStatus":"statistical","parentId":"es-as-concejo-33049","population":null,"areaKm2":20.3,"density":null,"referenceYear":null,"sourceId":"sadei-parishes","bbox":[-5.48339,43.26925,-5.37726,43.34128],"center":[-5.430325,43.305265]},"geometry":{"type":"Point","coordinates":[-5.430325,43.305265]}},{"type":"Feature","id":"es-as-parish-492200","properties":{"id":"es-as-parish-492200","slug":"pilona-valle","name":"Valle","localName":"Valle","aliases":[],"kind":"parish","boundaryStatus":"statistical","parentId":"es-as-concejo-33049","population":null,"areaKm2":13.2,"density":null,"referenceYear":null,"sourceId":"sadei-parishes","bbox":[-5.35915,43.30192,-5.30398,43.35041],"center":[-5.331564999999999,43.326165]},"geometry":{"type":"Point","coordinates":[-5.331564999999999,43.326165]}},{"type":"Feature","id":"es-as-parish-491400","properties":{"id":"es-as-parish-491400","slug":"pilona-ques","name":"Ques","localName":"Ques","aliases":[],"kind":"parish","boundaryStatus":"statistical","parentId":"es-as-concejo-33049","population":null,"areaKm2":5.7,"density":null,"referenceYear":null,"sourceId":"sadei-parishes","bbox":[-5.42629,43.32858,-5.37182,43.3543],"center":[-5.399055,43.341440000000006]},"geometry":{"type":"Point","coordinates":[-5.399055,43.341440000000006]}},{"type":"Feature","id":"es-as-parish-491500","properties":{"id":"es-as-parish-491500","slug":"pilona-infiesto-infiestu-l","name":"Infiesto / Infiestu, L'","localName":"Infiesto / Infiestu, L'","aliases":[],"kind":"parish","boundaryStatus":"statistical","parentId":"es-as-concejo-33049","population":null,"areaKm2":5.1,"density":null,"referenceYear":null,"sourceId":"sadei-parishes","bbox":[-5.38244,43.33134,-5.33692,43.36243],"center":[-5.35968,43.346885]},"geometry":{"type":"Point","coordinates":[-5.35968,43.346885]}},{"type":"Feature","id":"es-as-parish-491900","properties":{"id":"es-as-parish-491900","slug":"pilona-sebares","name":"Sebares","localName":"Sebares","aliases":[],"kind":"parish","boundaryStatus":"statistical","parentId":"es-as-concejo-33049","population":null,"areaKm2":14.2,"density":null,"referenceYear":null,"sourceId":"sadei-parishes","bbox":[-5.28107,43.3261,-5.22696,43.36726],"center":[-5.254015,43.34668]},"geometry":{"type":"Point","coordinates":[-5.254015,43.34668]}},{"type":"Feature","id":"es-as-parish-492300","properties":{"id":"es-as-parish-492300","slug":"pilona-villamayor","name":"Villamayor","localName":"Villamayor","aliases":[],"kind":"parish","boundaryStatus":"statistical","parentId":"es-as-concejo-33049","population":null,"areaKm2":22.8,"density":null,"referenceYear":null,"sourceId":"sadei-parishes","bbox":[-5.33692,43.29684,-5.26534,43.37216],"center":[-5.301130000000001,43.334500000000006]},"geometry":{"type":"Point","coordinates":[-5.301130000000001,43.334500000000006]}},{"type":"Feature","id":"es-as-parish-510300","properties":{"id":"es-as-parish-510300","slug":"pravia-corias","name":"Corias","localName":"Corias","aliases":[],"kind":"parish","boundaryStatus":"statistical","parentId":"es-as-concejo-33051","population":null,"areaKm2":8.9,"density":null,"referenceYear":null,"sourceId":"sadei-parishes","bbox":[-6.16364,43.41694,-6.11308,43.4672],"center":[-6.1383600000000005,43.44207]},"geometry":{"type":"Point","coordinates":[-6.1383600000000005,43.44207]}},{"type":"Feature","id":"es-as-parish-491700","properties":{"id":"es-as-parish-491700","slug":"pilona-san-roman","name":"San Román","localName":"San Román","aliases":[],"kind":"parish","boundaryStatus":"statistical","parentId":"es-as-concejo-33049","population":null,"areaKm2":6.6,"density":null,"referenceYear":null,"sourceId":"sadei-parishes","bbox":[-5.35899,43.35006,-5.29643,43.37331],"center":[-5.32771,43.361684999999994]},"geometry":{"type":"Point","coordinates":[-5.32771,43.361684999999994]}},{"type":"Feature","id":"es-as-parish-492000","properties":{"id":"es-as-parish-492000","slug":"pilona-sorribes","name":"Sorribes","localName":"Sorribes","aliases":[],"kind":"parish","boundaryStatus":"statistical","parentId":"es-as-concejo-33049","population":null,"areaKm2":3.4,"density":null,"referenceYear":null,"sourceId":"sadei-parishes","bbox":[-5.27582,43.36047,-5.22893,43.37902],"center":[-5.252375000000001,43.369744999999995]},"geometry":{"type":"Point","coordinates":[-5.252375000000001,43.369744999999995]}},{"type":"Feature","id":"es-as-parish-490600","properties":{"id":"es-as-parish-490600","slug":"pilona-coya","name":"Coya","localName":"Coya","aliases":[],"kind":"parish","boundaryStatus":"statistical","parentId":"es-as-concejo-33049","population":null,"areaKm2":12.2,"density":null,"referenceYear":null,"sourceId":"sadei-parishes","bbox":[-5.42962,43.34008,-5.38244,43.38452],"center":[-5.4060299999999994,43.362300000000005]},"geometry":{"type":"Point","coordinates":[-5.4060299999999994,43.362300000000005]}},{"type":"Feature","id":"es-as-parish-491100","properties":{"id":"es-as-parish-491100","slug":"pilona-miyares","name":"Miyares","localName":"Miyares","aliases":[],"kind":"parish","boundaryStatus":"statistical","parentId":"es-as-concejo-33049","population":null,"areaKm2":4.9,"density":null,"referenceYear":null,"sourceId":"sadei-parishes","bbox":[-5.31523,43.36844,-5.27087,43.3873],"center":[-5.29305,43.37787]},"geometry":{"type":"Point","coordinates":[-5.29305,43.37787]}},{"type":"Feature","id":"es-as-parish-492400","properties":{"id":"es-as-parish-492400","slug":"pilona-vallobal","name":"Vallobal","localName":"Vallobal","aliases":[],"kind":"parish","boundaryStatus":"statistical","parentId":"es-as-concejo-33049","population":null,"areaKm2":0.6,"density":null,"referenceYear":null,"sourceId":"sadei-parishes","bbox":[-5.31766,43.3792,-5.30713,43.38849],"center":[-5.312395,43.383844999999994]},"geometry":{"type":"Point","coordinates":[-5.312395,43.383844999999994]}},{"type":"Feature","id":"es-as-parish-491300","properties":{"id":"es-as-parish-491300","slug":"pilona-pintueles","name":"Pintueles","localName":"Pintueles","aliases":[],"kind":"parish","boundaryStatus":"statistical","parentId":"es-as-concejo-33049","population":null,"areaKm2":8.8,"density":null,"referenceYear":null,"sourceId":"sadei-parishes","bbox":[-5.37477,43.361,-5.32431,43.39099],"center":[-5.349539999999999,43.375995]},"geometry":{"type":"Point","coordinates":[-5.349539999999999,43.375995]}},{"type":"Feature","id":"es-as-parish-490800","properties":{"id":"es-as-parish-490800","slug":"pilona-lludena","name":"Lludeña","localName":"Lludeña","aliases":[],"kind":"parish","boundaryStatus":"statistical","parentId":"es-as-concejo-33049","population":null,"areaKm2":5.9,"density":null,"referenceYear":null,"sourceId":"sadei-parishes","bbox":[-5.39709,43.3543,-5.36554,43.3925],"center":[-5.381315000000001,43.373400000000004]},"geometry":{"type":"Point","coordinates":[-5.381315000000001,43.373400000000004]}},{"type":"Feature","id":"es-as-parish-511100","properties":{"id":"es-as-parish-511100","slug":"pravia-sandamias","name":"Sandamías","localName":"Sandamías","aliases":[],"kind":"parish","boundaryStatus":"statistical","parentId":"es-as-concejo-33051","population":null,"areaKm2":4.6,"density":null,"referenceYear":null,"sourceId":"sadei-parishes","bbox":[-6.18177,43.43161,-6.13433,43.47064],"center":[-6.15805,43.451125000000005]},"geometry":{"type":"Point","coordinates":[-6.15805,43.451125000000005]}},{"type":"Feature","id":"es-as-parish-490400","properties":{"id":"es-as-parish-490400","slug":"pilona-borines-borines","name":"Borines / Boriñes","localName":"Borines / Boriñes","aliases":[],"kind":"parish","boundaryStatus":"statistical","parentId":"es-as-concejo-33049","population":null,"areaKm2":14.6,"density":null,"referenceYear":null,"sourceId":"sadei-parishes","bbox":[-5.3552,43.36982,-5.28153,43.41667],"center":[-5.318365,43.393245]},"geometry":{"type":"Point","coordinates":[-5.318365,43.393245]}},{"type":"Feature","id":"es-as-parish-490500","properties":{"id":"es-as-parish-490500","slug":"pilona-cerecea","name":"Cerecea","localName":"Cerecea","aliases":[],"kind":"parish","boundaryStatus":"statistical","parentId":"es-as-concejo-33049","population":null,"areaKm2":18.5,"density":null,"referenceYear":null,"sourceId":"sadei-parishes","bbox":[-5.29068,43.37028,-5.22772,43.42595],"center":[-5.2592,43.398115000000004]},"geometry":{"type":"Point","coordinates":[-5.2592,43.398115000000004]}},{"type":"Feature","id":"es-as-parish-490100","properties":{"id":"es-as-parish-490100","slug":"pilona-anayo","name":"Anayo","localName":"Anayo","aliases":[],"kind":"parish","boundaryStatus":"statistical","parentId":"es-as-concejo-33049","population":null,"areaKm2":10.1,"density":null,"referenceYear":null,"sourceId":"sadei-parishes","bbox":[-5.37274,43.3896,-5.32006,43.42819],"center":[-5.3464,43.408895]},"geometry":{"type":"Point","coordinates":[-5.3464,43.408895]}},{"type":"Feature","id":"es-as-parish-510900","properties":{"id":"es-as-parish-510900","slug":"pravia-pronga","name":"Pronga","localName":"Pronga","aliases":[],"kind":"parish","boundaryStatus":"statistical","parentId":"es-as-concejo-33051","population":null,"areaKm2":2.1,"density":null,"referenceYear":null,"sourceId":"sadei-parishes","bbox":[-6.11243,43.46246,-6.08563,43.47867],"center":[-6.09903,43.470565]},"geometry":{"type":"Point","coordinates":[-6.09903,43.470565]}},{"type":"Feature","id":"es-as-parish-510100","properties":{"id":"es-as-parish-510100","slug":"pravia-arango","name":"Arango","localName":"Arango","aliases":[],"kind":"parish","boundaryStatus":"statistical","parentId":"es-as-concejo-33051","population":null,"areaKm2":8.7,"density":null,"referenceYear":null,"sourceId":"sadei-parishes","bbox":[-6.19716,43.44122,-6.1349,43.47979],"center":[-6.16603,43.460505]},"geometry":{"type":"Point","coordinates":[-6.16603,43.460505]}},{"type":"Feature","id":"es-as-parish-511300","properties":{"id":"es-as-parish-511300","slug":"pravia-selgas","name":"Selgas","localName":"Selgas","aliases":[],"kind":"parish","boundaryStatus":"statistical","parentId":"es-as-concejo-33051","population":null,"areaKm2":3.6,"density":null,"referenceYear":null,"sourceId":"sadei-parishes","bbox":[-6.17257,43.4725,-6.13924,43.491],"center":[-6.155905000000001,43.48175]},"geometry":{"type":"Point","coordinates":[-6.155905000000001,43.48175]}},{"type":"Feature","id":"es-as-parish-590600","properties":{"id":"es-as-parish-590600","slug":"salas-cermono","name":"Cermoño","localName":"Cermoño","aliases":[],"kind":"parish","boundaryStatus":"statistical","parentId":"es-as-concejo-33059","population":null,"areaKm2":7.5,"density":null,"referenceYear":null,"sourceId":"sadei-parishes","bbox":[-6.24696,43.3641,-6.17531,43.38891],"center":[-6.211135,43.376505]},"geometry":{"type":"Point","coordinates":[-6.211135,43.376505]}},{"type":"Feature","id":"es-as-parish-500400","properties":{"id":"es-as-parish-500400","slug":"ponga-casielles","name":"Casielles","localName":"Casielles","aliases":[],"kind":"parish","boundaryStatus":"statistical","parentId":"es-as-concejo-33050","population":null,"areaKm2":29.1,"density":null,"referenceYear":null,"sourceId":"sadei-parishes","bbox":[-5.14768,43.1006,-5.05362,43.20512],"center":[-5.10065,43.152860000000004]},"geometry":{"type":"Point","coordinates":[-5.10065,43.152860000000004]}},{"type":"Feature","id":"es-as-parish-500700","properties":{"id":"es-as-parish-500700","slug":"ponga-sobrefoz","name":"Sobrefoz","localName":"Sobrefoz","aliases":[],"kind":"parish","boundaryStatus":"statistical","parentId":"es-as-concejo-33050","population":null,"areaKm2":34.7,"density":null,"referenceYear":null,"sourceId":"sadei-parishes","bbox":[-5.20985,43.09023,-5.14392,43.1845],"center":[-5.176885,43.137365]},"geometry":{"type":"Point","coordinates":[-5.176885,43.137365]}},{"type":"Feature","id":"es-as-parish-510200","properties":{"id":"es-as-parish-510200","slug":"pravia-cordovero","name":"Cordovero","localName":"Cordovero","aliases":[],"kind":"parish","boundaryStatus":"statistical","parentId":"es-as-concejo-33051","population":null,"areaKm2":5.6,"density":null,"referenceYear":null,"sourceId":"sadei-parishes","bbox":[-6.23546,43.45136,-6.19523,43.49699],"center":[-6.215344999999999,43.474175]},"geometry":{"type":"Point","coordinates":[-6.215344999999999,43.474175]}},{"type":"Feature","id":"es-as-parish-510800","properties":{"id":"es-as-parish-510800","slug":"pravia-pravia","name":"Pravia","localName":"Pravia","aliases":[],"kind":"parish","boundaryStatus":"statistical","parentId":"es-as-concejo-33051","population":null,"areaKm2":15.7,"density":null,"referenceYear":null,"sourceId":"sadei-parishes","bbox":[-6.14317,43.46398,-6.06473,43.50814],"center":[-6.103949999999999,43.486059999999995]},"geometry":{"type":"Point","coordinates":[-6.103949999999999,43.486059999999995]}},{"type":"Feature","id":"es-as-parish-500100","properties":{"id":"es-as-parish-500100","slug":"ponga-abiegos","name":"Abiegos","localName":"Abiegos","aliases":[],"kind":"parish","boundaryStatus":"statistical","parentId":"es-as-concejo-33050","population":null,"areaKm2":7.2,"density":null,"referenceYear":null,"sourceId":"sadei-parishes","bbox":[-5.22064,43.13743,-5.17643,43.20295],"center":[-5.198535,43.170190000000005]},"geometry":{"type":"Point","coordinates":[-5.198535,43.170190000000005]}},{"type":"Feature","id":"es-as-parish-510500","properties":{"id":"es-as-parish-510500","slug":"pravia-folgueras","name":"Folgueras","localName":"Folgueras","aliases":[],"kind":"parish","boundaryStatus":"statistical","parentId":"es-as-concejo-33051","population":null,"areaKm2":6.9,"density":null,"referenceYear":null,"sourceId":"sadei-parishes","bbox":[-6.2341,43.458,-6.18351,43.50313],"center":[-6.208805,43.480565]},"geometry":{"type":"Point","coordinates":[-6.208805,43.480565]}},{"type":"Feature","id":"es-as-parish-500800","properties":{"id":"es-as-parish-500800","slug":"ponga-taranes","name":"Taranes","localName":"Taranes","aliases":[],"kind":"parish","boundaryStatus":"statistical","parentId":"es-as-concejo-33050","population":null,"areaKm2":37.2,"density":null,"referenceYear":null,"sourceId":"sadei-parishes","bbox":[-5.28897,43.17428,-5.18723,43.25661],"center":[-5.238099999999999,43.215445]},"geometry":{"type":"Point","coordinates":[-5.238099999999999,43.215445]}},{"type":"Feature","id":"es-as-parish-500200","properties":{"id":"es-as-parish-500200","slug":"ponga-beleno-san-juan-de","name":"Beleño, San Juan De","localName":"Beleño, San Juan De","aliases":[],"kind":"parish","boundaryStatus":"statistical","parentId":"es-as-concejo-33050","population":null,"areaKm2":30.2,"density":null,"referenceYear":null,"sourceId":"sadei-parishes","bbox":[-5.19838,43.11733,-5.11187,43.21769],"center":[-5.155125,43.16751]},"geometry":{"type":"Point","coordinates":[-5.155125,43.16751]}},{"type":"Feature","id":"es-as-parish-520700","properties":{"id":"es-as-parish-520700","slug":"proaza-trespena","name":"Trespena","localName":"Trespena","aliases":[],"kind":"parish","boundaryStatus":"statistical","parentId":"es-as-concejo-33052","population":null,"areaKm2":13.4,"density":null,"referenceYear":null,"sourceId":"sadei-parishes","bbox":[-6.09912,43.16872,-6.04631,43.21237],"center":[-6.0727150000000005,43.190545]},"geometry":{"type":"Point","coordinates":[-6.0727150000000005,43.190545]}},{"type":"Feature","id":"es-as-parish-500300","properties":{"id":"es-as-parish-500300","slug":"ponga-carangas","name":"Carangas","localName":"Carangas","aliases":[],"kind":"parish","boundaryStatus":"statistical","parentId":"es-as-concejo-33050","population":null,"areaKm2":9.1,"density":null,"referenceYear":null,"sourceId":"sadei-parishes","bbox":[-5.22027,43.20783,-5.15241,43.2345],"center":[-5.1863399999999995,43.221165]},"geometry":{"type":"Point","coordinates":[-5.1863399999999995,43.221165]}},{"type":"Feature","id":"es-as-parish-500600","properties":{"id":"es-as-parish-500600","slug":"ponga-san-ignacio","name":"San Ignacio","localName":"San Ignacio","aliases":[],"kind":"parish","boundaryStatus":"statistical","parentId":"es-as-concejo-33050","population":null,"areaKm2":8.8,"density":null,"referenceYear":null,"sourceId":"sadei-parishes","bbox":[-5.12715,43.20019,-5.07604,43.22659],"center":[-5.101595,43.213390000000004]},"geometry":{"type":"Point","coordinates":[-5.101595,43.213390000000004]}},{"type":"Feature","id":"es-as-parish-500900","properties":{"id":"es-as-parish-500900","slug":"ponga-viego","name":"Viego","localName":"Viego","aliases":[],"kind":"parish","boundaryStatus":"statistical","parentId":"es-as-concejo-33050","population":null,"areaKm2":20.5,"density":null,"referenceYear":null,"sourceId":"sadei-parishes","bbox":[-5.15501,43.13069,-5.09652,43.23314],"center":[-5.1257649999999995,43.181915000000004]},"geometry":{"type":"Point","coordinates":[-5.1257649999999995,43.181915000000004]}},{"type":"Feature","id":"es-as-parish-500500","properties":{"id":"es-as-parish-500500","slug":"ponga-cazo","name":"Cazo","localName":"Cazo","aliases":[],"kind":"parish","boundaryStatus":"statistical","parentId":"es-as-concejo-33050","population":null,"areaKm2":29.4,"density":null,"referenceYear":null,"sourceId":"sadei-parishes","bbox":[-5.28039,43.22581,-5.15895,43.28342],"center":[-5.21967,43.254615]},"geometry":{"type":"Point","coordinates":[-5.21967,43.254615]}},{"type":"Feature","id":"es-as-parish-511000","properties":{"id":"es-as-parish-511000","slug":"pravia-quinzanas","name":"Quinzanas","localName":"Quinzanas","aliases":[],"kind":"parish","boundaryStatus":"statistical","parentId":"es-as-concejo-33051","population":null,"areaKm2":2.9,"density":null,"referenceYear":null,"sourceId":"sadei-parishes","bbox":[-6.13485,43.44197,-6.10553,43.4669],"center":[-6.12019,43.454435000000004]},"geometry":{"type":"Point","coordinates":[-6.12019,43.454435000000004]}},{"type":"Feature","id":"es-as-parish-510400","properties":{"id":"es-as-parish-510400","slug":"pravia-escoredo","name":"Escoredo","localName":"Escoredo","aliases":[],"kind":"parish","boundaryStatus":"statistical","parentId":"es-as-concejo-33051","population":null,"areaKm2":6,"density":null,"referenceYear":null,"sourceId":"sadei-parishes","bbox":[-6.16204,43.48579,-6.11949,43.51343],"center":[-6.140765,43.499610000000004]},"geometry":{"type":"Point","coordinates":[-6.140765,43.499610000000004]}},{"type":"Feature","id":"es-as-parish-510600","properties":{"id":"es-as-parish-510600","slug":"pravia-inclan","name":"Inclán","localName":"Inclán","aliases":[],"kind":"parish","boundaryStatus":"statistical","parentId":"es-as-concejo-33051","population":null,"areaKm2":7.2,"density":null,"referenceYear":null,"sourceId":"sadei-parishes","bbox":[-6.18593,43.46764,-6.15568,43.51996],"center":[-6.170805,43.4938]},"geometry":{"type":"Point","coordinates":[-6.170805,43.4938]}},{"type":"Feature","id":"es-as-parish-511400","properties":{"id":"es-as-parish-511400","slug":"pravia-villafria","name":"Villafría","localName":"Villafría","aliases":[],"kind":"parish","boundaryStatus":"statistical","parentId":"es-as-concejo-33051","population":null,"areaKm2":3.4,"density":null,"referenceYear":null,"sourceId":"sadei-parishes","bbox":[-6.16962,43.50657,-6.11707,43.52228],"center":[-6.143345,43.514425]},"geometry":{"type":"Point","coordinates":[-6.143345,43.514425]}},{"type":"Feature","id":"es-as-parish-511500","properties":{"id":"es-as-parish-511500","slug":"pravia-villavaler","name":"Villavaler","localName":"Villavaler","aliases":[],"kind":"parish","boundaryStatus":"statistical","parentId":"es-as-concejo-33051","population":null,"areaKm2":10.2,"density":null,"referenceYear":null,"sourceId":"sadei-parishes","bbox":[-6.22747,43.46697,-6.1789,43.52255],"center":[-6.2031849999999995,43.49476]},"geometry":{"type":"Point","coordinates":[-6.2031849999999995,43.49476]}},{"type":"Feature","id":"es-as-parish-511200","properties":{"id":"es-as-parish-511200","slug":"pravia-santianes","name":"Santianes","localName":"Santianes","aliases":[],"kind":"parish","boundaryStatus":"statistical","parentId":"es-as-concejo-33051","population":null,"areaKm2":10.8,"density":null,"referenceYear":null,"sourceId":"sadei-parishes","bbox":[-6.12061,43.49333,-6.076,43.53623],"center":[-6.098305,43.51478]},"geometry":{"type":"Point","coordinates":[-6.098305,43.51478]}},{"type":"Feature","id":"es-as-parish-510700","properties":{"id":"es-as-parish-510700","slug":"pravia-somado","name":"Somado","localName":"Somado","aliases":[],"kind":"parish","boundaryStatus":"statistical","parentId":"es-as-concejo-33051","population":null,"areaKm2":6.3,"density":null,"referenceYear":null,"sourceId":"sadei-parishes","bbox":[-6.14107,43.51674,-6.10262,43.54713],"center":[-6.121845,43.531935000000004]},"geometry":{"type":"Point","coordinates":[-6.121845,43.531935000000004]}},{"type":"Feature","id":"es-as-parish-520200","properties":{"id":"es-as-parish-520200","slug":"proaza-caranga","name":"Caranga","localName":"Caranga","aliases":[],"kind":"parish","boundaryStatus":"statistical","parentId":"es-as-concejo-33052","population":null,"areaKm2":14.2,"density":null,"referenceYear":null,"sourceId":"sadei-parishes","bbox":[-6.06104,43.16758,-6.02007,43.23506],"center":[-6.0405549999999995,43.201319999999996]},"geometry":{"type":"Point","coordinates":[-6.0405549999999995,43.201319999999996]}},{"type":"Feature","id":"es-as-parish-520100","properties":{"id":"es-as-parish-520100","slug":"proaza-banduxu","name":"Banduxu","localName":"Banduxu","aliases":[],"kind":"parish","boundaryStatus":"statistical","parentId":"es-as-concejo-33052","population":null,"areaKm2":10.7,"density":null,"referenceYear":null,"sourceId":"sadei-parishes","bbox":[-6.10464,43.20818,-6.05464,43.24464],"center":[-6.0796399999999995,43.22641]},"geometry":{"type":"Point","coordinates":[-6.0796399999999995,43.22641]}},{"type":"Feature","id":"es-as-parish-520400","properties":{"id":"es-as-parish-520400","slug":"proaza-proacina","name":"Proacina","localName":"Proacina","aliases":[],"kind":"parish","boundaryStatus":"statistical","parentId":"es-as-concejo-33052","population":null,"areaKm2":5.2,"density":null,"referenceYear":null,"sourceId":"sadei-parishes","bbox":[-6.06315,43.22022,-6.02407,43.24771],"center":[-6.04361,43.233965]},"geometry":{"type":"Point","coordinates":[-6.04361,43.233965]}},{"type":"Feature","id":"es-as-parish-520800","properties":{"id":"es-as-parish-520800","slug":"proaza-samartin","name":"Samartín","localName":"Samartín","aliases":[],"kind":"parish","boundaryStatus":"statistical","parentId":"es-as-concejo-33052","population":null,"areaKm2":13.7,"density":null,"referenceYear":null,"sourceId":"sadei-parishes","bbox":[-6.03138,43.2181,-5.97335,43.26936],"center":[-6.002365,43.24373]},"geometry":{"type":"Point","coordinates":[-6.002365,43.24373]}},{"type":"Feature","id":"es-as-parish-520600","properties":{"id":"es-as-parish-520600","slug":"proaza-sograndiu","name":"Sograndiu","localName":"Sograndiu","aliases":[],"kind":"parish","boundaryStatus":"statistical","parentId":"es-as-concejo-33052","population":null,"areaKm2":11.3,"density":null,"referenceYear":null,"sourceId":"sadei-parishes","bbox":[-6.08859,43.23779,-6.02349,43.27393],"center":[-6.056039999999999,43.25586]},"geometry":{"type":"Point","coordinates":[-6.056039999999999,43.25586]}},{"type":"Feature","id":"es-as-parish-520500","properties":{"id":"es-as-parish-520500","slug":"proaza-proaza","name":"Proaza","localName":"Proaza","aliases":[],"kind":"parish","boundaryStatus":"statistical","parentId":"es-as-concejo-33052","population":null,"areaKm2":5.6,"density":null,"referenceYear":null,"sourceId":"sadei-parishes","bbox":[-6.03864,43.24507,-6.00425,43.27597],"center":[-6.021445,43.26052]},"geometry":{"type":"Point","coordinates":[-6.021445,43.26052]}},{"type":"Feature","id":"es-as-parish-520300","properties":{"id":"es-as-parish-520300","slug":"proaza-llinares","name":"Llinares","localName":"Llinares","aliases":[],"kind":"parish","boundaryStatus":"statistical","parentId":"es-as-concejo-33052","population":null,"areaKm2":2.9,"density":null,"referenceYear":null,"sourceId":"sadei-parishes","bbox":[-6.04631,43.26631,-6.01945,43.28757],"center":[-6.0328800000000005,43.276939999999996]},"geometry":{"type":"Point","coordinates":[-6.0328800000000005,43.276939999999996]}},{"type":"Feature","id":"es-as-parish-592600","properties":{"id":"es-as-parish-592600","slug":"salas-viescas","name":"Viescas","localName":"Viescas","aliases":[],"kind":"parish","boundaryStatus":"statistical","parentId":"es-as-concejo-33059","population":null,"areaKm2":7,"density":null,"referenceYear":null,"sourceId":"sadei-parishes","bbox":[-6.29261,43.35859,-6.23891,43.38931],"center":[-6.26576,43.37395]},"geometry":{"type":"Point","coordinates":[-6.26576,43.37395]}},{"type":"Feature","id":"es-as-parish-530700","properties":{"id":"es-as-parish-530700","slug":"quiros-l-lindes","name":"L.lindes","localName":"L.lindes","aliases":[],"kind":"parish","boundaryStatus":"statistical","parentId":"es-as-concejo-33053","population":null,"areaKm2":36.7,"density":null,"referenceYear":null,"sourceId":"sadei-parishes","bbox":[-5.96961,43.029,-5.88002,43.11314],"center":[-5.924815000000001,43.071070000000006]},"geometry":{"type":"Point","coordinates":[-5.924815000000001,43.071070000000006]}},{"type":"Feature","id":"es-as-parish-531200","properties":{"id":"es-as-parish-531200","slug":"quiros-ricao","name":"Ricao","localName":"Ricao","aliases":[],"kind":"parish","boundaryStatus":"statistical","parentId":"es-as-concejo-33053","population":null,"areaKm2":27.8,"density":null,"referenceYear":null,"sourceId":"sadei-parishes","bbox":[-6.01305,43.05749,-5.94716,43.12328],"center":[-5.980105,43.090385]},"geometry":{"type":"Point","coordinates":[-5.980105,43.090385]}},{"type":"Feature","id":"es-as-parish-530800","properties":{"id":"es-as-parish-530800","slug":"quiros-chanuces","name":"Chanuces","localName":"Chanuces","aliases":[],"kind":"parish","boundaryStatus":"statistical","parentId":"es-as-concejo-33053","population":null,"areaKm2":12.1,"density":null,"referenceYear":null,"sourceId":"sadei-parishes","bbox":[-5.94486,43.14031,-5.88885,43.18966],"center":[-5.916855,43.164985]},"geometry":{"type":"Point","coordinates":[-5.916855,43.164985]}},{"type":"Feature","id":"es-as-parish-530600","properties":{"id":"es-as-parish-530600","slug":"quiros-cinfuegos","name":"Cinfuegos","localName":"Cinfuegos","aliases":[],"kind":"parish","boundaryStatus":"statistical","parentId":"es-as-concejo-33053","population":null,"areaKm2":21.5,"density":null,"referenceYear":null,"sourceId":"sadei-parishes","bbox":[-5.95394,43.08225,-5.88554,43.14939],"center":[-5.91974,43.11582]},"geometry":{"type":"Point","coordinates":[-5.91974,43.11582]}},{"type":"Feature","id":"es-as-parish-531000","properties":{"id":"es-as-parish-531000","slug":"quiros-nimbra","name":"Nimbra","localName":"Nimbra","aliases":[],"kind":"parish","boundaryStatus":"statistical","parentId":"es-as-concejo-33053","population":null,"areaKm2":16.2,"density":null,"referenceYear":null,"sourceId":"sadei-parishes","bbox":[-6.01524,43.10568,-5.934,43.15183],"center":[-5.97462,43.128755]},"geometry":{"type":"Point","coordinates":[-5.97462,43.128755]}},{"type":"Feature","id":"es-as-parish-530300","properties":{"id":"es-as-parish-530300","slug":"quiros-barzana","name":"Bárzana","localName":"Bárzana","aliases":[],"kind":"parish","boundaryStatus":"statistical","parentId":"es-as-concejo-33053","population":null,"areaKm2":16.3,"density":null,"referenceYear":null,"sourceId":"sadei-parishes","bbox":[-6.03714,43.11311,-5.93587,43.16716],"center":[-5.986505,43.140135]},"geometry":{"type":"Point","coordinates":[-5.986505,43.140135]}},{"type":"Feature","id":"es-as-parish-530900","properties":{"id":"es-as-parish-530900","slug":"quiros-muriel-los","name":"Muriel.los","localName":"Muriel.los","aliases":[],"kind":"parish","boundaryStatus":"statistical","parentId":"es-as-concejo-33053","population":null,"areaKm2":3.5,"density":null,"referenceYear":null,"sourceId":"sadei-parishes","bbox":[-5.95769,43.15561,-5.92796,43.18029],"center":[-5.942825,43.167950000000005]},"geometry":{"type":"Point","coordinates":[-5.942825,43.167950000000005]}},{"type":"Feature","id":"es-as-parish-530200","properties":{"id":"es-as-parish-530200","slug":"quiros-arroxo","name":"Arroxo","localName":"Arroxo","aliases":[],"kind":"parish","boundaryStatus":"statistical","parentId":"es-as-concejo-33053","population":null,"areaKm2":2.5,"density":null,"referenceYear":null,"sourceId":"sadei-parishes","bbox":[-6.0055,43.16226,-5.96728,43.18257],"center":[-5.98639,43.172415]},"geometry":{"type":"Point","coordinates":[-5.98639,43.172415]}},{"type":"Feature","id":"es-as-parish-530500","properties":{"id":"es-as-parish-530500","slug":"quiros-casares","name":"Casares","localName":"Casares","aliases":[],"kind":"parish","boundaryStatus":"statistical","parentId":"es-as-concejo-33053","population":null,"areaKm2":16.8,"density":null,"referenceYear":null,"sourceId":"sadei-parishes","bbox":[-6.05811,43.14394,-5.978,43.19215],"center":[-6.018055,43.168045]},"geometry":{"type":"Point","coordinates":[-6.018055,43.168045]}},{"type":"Feature","id":"es-as-parish-531300","properties":{"id":"es-as-parish-531300","slug":"quiros-salceo","name":"Salceo","localName":"Salceo","aliases":[],"kind":"parish","boundaryStatus":"statistical","parentId":"es-as-concejo-33053","population":null,"areaKm2":17.8,"density":null,"referenceYear":null,"sourceId":"sadei-parishes","bbox":[-5.98561,43.16561,-5.91666,43.22882],"center":[-5.951135000000001,43.197215]},"geometry":{"type":"Point","coordinates":[-5.951135000000001,43.197215]}},{"type":"Feature","id":"es-as-parish-530100","properties":{"id":"es-as-parish-530100","slug":"quiros-agueras-las","name":"Agüeras, Las","localName":"Agüeras, Las","aliases":[],"kind":"parish","boundaryStatus":"statistical","parentId":"es-as-concejo-33053","population":null,"areaKm2":10.2,"density":null,"referenceYear":null,"sourceId":"sadei-parishes","bbox":[-6.0292,43.18324,-5.98673,43.23543],"center":[-6.007965,43.209334999999996]},"geometry":{"type":"Point","coordinates":[-6.007965,43.209334999999996]}},{"type":"Feature","id":"es-as-parish-530400","properties":{"id":"es-as-parish-530400","slug":"quiros-bermiego","name":"Bermiego","localName":"Bermiego","aliases":[],"kind":"parish","boundaryStatus":"statistical","parentId":"es-as-concejo-33053","population":null,"areaKm2":13.9,"density":null,"referenceYear":null,"sourceId":"sadei-parishes","bbox":[-5.99647,43.18212,-5.94792,43.23834],"center":[-5.972195,43.210229999999996]},"geometry":{"type":"Point","coordinates":[-5.972195,43.210229999999996]}},{"type":"Feature","id":"es-as-parish-531100","properties":{"id":"es-as-parish-531100","slug":"quiros-pedroveya","name":"Pedroveya","localName":"Pedroveya","aliases":[],"kind":"parish","boundaryStatus":"statistical","parentId":"es-as-concejo-33053","population":null,"areaKm2":8.1,"density":null,"referenceYear":null,"sourceId":"sadei-parishes","bbox":[-5.98207,43.22882,-5.94792,43.27525],"center":[-5.964995,43.252035]},"geometry":{"type":"Point","coordinates":[-5.964995,43.252035]}},{"type":"Feature","id":"es-as-parish-540600","properties":{"id":"es-as-parish-540600","slug":"regueras-las-escampleru-l","name":"Escampleru, L'","localName":"Escampleru, L'","aliases":[],"kind":"parish","boundaryStatus":"statistical","parentId":"es-as","population":null,"areaKm2":12.1,"density":null,"referenceYear":null,"sourceId":"sadei-parishes","bbox":[-5.98454,43.36774,-5.92705,43.40899],"center":[-5.955795,43.388365]},"geometry":{"type":"Point","coordinates":[-5.955795,43.388365]}},{"type":"Feature","id":"es-as-parish-540500","properties":{"id":"es-as-parish-540500","slug":"regueras-las-valdunu","name":"Valdunu","localName":"Valdunu","aliases":[],"kind":"parish","boundaryStatus":"statistical","parentId":"es-as","population":null,"areaKm2":12.6,"density":null,"referenceYear":null,"sourceId":"sadei-parishes","bbox":[-6.03558,43.3884,-5.97927,43.43831],"center":[-6.007425,43.413354999999996]},"geometry":{"type":"Point","coordinates":[-6.007425,43.413354999999996]}},{"type":"Feature","id":"es-as-parish-540200","properties":{"id":"es-as-parish-540200","slug":"regueras-las-santuyanu","name":"Santuyanu","localName":"Santuyanu","aliases":[],"kind":"parish","boundaryStatus":"statistical","parentId":"es-as","population":null,"areaKm2":8.4,"density":null,"referenceYear":null,"sourceId":"sadei-parishes","bbox":[-5.99758,43.39759,-5.95001,43.43931],"center":[-5.973795,43.41845]},"geometry":{"type":"Point","coordinates":[-5.973795,43.41845]}},{"type":"Feature","id":"es-as-parish-540300","properties":{"id":"es-as-parish-540300","slug":"regueras-las-sotu","name":"Sotu","localName":"Sotu","aliases":[],"kind":"parish","boundaryStatus":"statistical","parentId":"es-as","population":null,"areaKm2":5.5,"density":null,"referenceYear":null,"sourceId":"sadei-parishes","bbox":[-6.00699,43.41288,-5.97142,43.44359],"center":[-5.989205,43.428235]},"geometry":{"type":"Point","coordinates":[-5.989205,43.428235]}},{"type":"Feature","id":"es-as-parish-540100","properties":{"id":"es-as-parish-540100","slug":"regueras-las-biedes","name":"Biedes","localName":"Biedes","aliases":[],"kind":"parish","boundaryStatus":"statistical","parentId":"es-as","population":null,"areaKm2":11.6,"density":null,"referenceYear":null,"sourceId":"sadei-parishes","bbox":[-5.95936,43.39795,-5.91831,43.44938],"center":[-5.938835,43.423665]},"geometry":{"type":"Point","coordinates":[-5.938835,43.423665]}},{"type":"Feature","id":"es-as-parish-540400","properties":{"id":"es-as-parish-540400","slug":"regueras-las-tresmonte","name":"Tresmonte","localName":"Tresmonte","aliases":[],"kind":"parish","boundaryStatus":"statistical","parentId":"es-as","population":null,"areaKm2":15.7,"density":null,"referenceYear":null,"sourceId":"sadei-parishes","bbox":[-6.01496,43.43311,-5.94212,43.47497],"center":[-5.978540000000001,43.45404]},"geometry":{"type":"Point","coordinates":[-5.978540000000001,43.45404]}},{"type":"Feature","id":"es-as-parish-550300","properties":{"id":"es-as-parish-550300","slug":"ribadedeva-san-juan","name":"San Juan","localName":"San Juan","aliases":[],"kind":"parish","boundaryStatus":"statistical","parentId":"es-as-concejo-33055","population":null,"areaKm2":5.7,"density":null,"referenceYear":null,"sourceId":"sadei-parishes","bbox":[-4.57297,43.34347,-4.51858,43.37466],"center":[-4.545775,43.359065]},"geometry":{"type":"Point","coordinates":[-4.545775,43.359065]}},{"type":"Feature","id":"es-as-parish-550200","properties":{"id":"es-as-parish-550200","slug":"ribadedeva-noriega","name":"Noriega","localName":"Noriega","aliases":[],"kind":"parish","boundaryStatus":"statistical","parentId":"es-as-concejo-33055","population":null,"areaKm2":13.9,"density":null,"referenceYear":null,"sourceId":"sadei-parishes","bbox":[-4.62648,43.34841,-4.55704,43.38974],"center":[-4.59176,43.369075]},"geometry":{"type":"Point","coordinates":[-4.59176,43.369075]}},{"type":"Feature","id":"es-as-parish-560500","properties":{"id":"es-as-parish-560500","slug":"ribadesella-llinares","name":"Llinares","localName":"Llinares","aliases":[],"kind":"parish","boundaryStatus":"statistical","parentId":"es-as-concejo-33056","population":null,"areaKm2":13.5,"density":null,"referenceYear":null,"sourceId":"sadei-parishes","bbox":[-5.1933,43.41731,-5.12466,43.46022],"center":[-5.15898,43.438765000000004]},"geometry":{"type":"Point","coordinates":[-5.15898,43.438765000000004]}},{"type":"Feature","id":"es-as-parish-560600","properties":{"id":"es-as-parish-560600","slug":"ribadesella-moru","name":"Moru","localName":"Moru","aliases":[],"kind":"parish","boundaryStatus":"statistical","parentId":"es-as-concejo-33056","population":null,"areaKm2":11.3,"density":null,"referenceYear":null,"sourceId":"sadei-parishes","bbox":[-5.13827,43.42588,-5.07656,43.46126],"center":[-5.107415,43.44357]},"geometry":{"type":"Point","coordinates":[-5.107415,43.44357]}},{"type":"Feature","id":"es-as-parish-591400","properties":{"id":"es-as-parish-591400","slug":"salas-idarga","name":"Idarga","localName":"Idarga","aliases":[],"kind":"parish","boundaryStatus":"statistical","parentId":"es-as-concejo-33059","population":null,"areaKm2":10.4,"density":null,"referenceYear":null,"sourceId":"sadei-parishes","bbox":[-6.33494,43.35048,-6.28985,43.39252],"center":[-6.312395,43.3715]},"geometry":{"type":"Point","coordinates":[-6.312395,43.3715]}},{"type":"Feature","id":"es-as-parish-550100","properties":{"id":"es-as-parish-550100","slug":"ribadedeva-colombres","name":"Colombres","localName":"Colombres","aliases":[],"kind":"parish","boundaryStatus":"statistical","parentId":"es-as-concejo-33055","population":null,"areaKm2":15.9,"density":null,"referenceYear":null,"sourceId":"sadei-parishes","bbox":[-4.58729,43.3659,-4.51045,43.40012],"center":[-4.54887,43.38301]},"geometry":{"type":"Point","coordinates":[-4.54887,43.38301]}},{"type":"Feature","id":"es-as-parish-560800","properties":{"id":"es-as-parish-560800","slug":"ribadesella-santianes-del-agua","name":"Santianes Del Agua","localName":"Santianes Del Agua","aliases":[],"kind":"parish","boundaryStatus":"statistical","parentId":"es-as-concejo-33056","population":null,"areaKm2":14.5,"density":null,"referenceYear":null,"sourceId":"sadei-parishes","bbox":[-5.08548,43.40674,-4.99083,43.44132],"center":[-5.038155,43.42403]},"geometry":{"type":"Point","coordinates":[-5.038155,43.42403]}},{"type":"Feature","id":"es-as-parish-570100","properties":{"id":"es-as-parish-570100","slug":"ribera-de-arriba-ferreros","name":"Ferreros","localName":"Ferreros","aliases":[],"kind":"parish","boundaryStatus":"statistical","parentId":"es-as-concejo-33057","population":null,"areaKm2":4.7,"density":null,"referenceYear":null,"sourceId":"sadei-parishes","bbox":[-5.92304,43.30791,-5.86786,43.32697],"center":[-5.89545,43.317440000000005]},"geometry":{"type":"Point","coordinates":[-5.89545,43.317440000000005]}},{"type":"Feature","id":"es-as-parish-560200","properties":{"id":"es-as-parish-560200","slug":"ribadesella-collera","name":"Collera","localName":"Collera","aliases":[],"kind":"parish","boundaryStatus":"statistical","parentId":"es-as-concejo-33056","population":null,"areaKm2":18.6,"density":null,"referenceYear":null,"sourceId":"sadei-parishes","bbox":[-5.05905,43.42527,-4.98153,43.46365],"center":[-5.02029,43.44446]},"geometry":{"type":"Point","coordinates":[-5.02029,43.44446]}},{"type":"Feature","id":"es-as-parish-560900","properties":{"id":"es-as-parish-560900","slug":"ribadesella-samiguel-d-ucio","name":"Samiguel D'ucio","localName":"Samiguel D'ucio","aliases":[],"kind":"parish","boundaryStatus":"statistical","parentId":"es-as-concejo-33056","population":null,"areaKm2":4.8,"density":null,"referenceYear":null,"sourceId":"sadei-parishes","bbox":[-5.10085,43.44471,-5.05905,43.46444],"center":[-5.07995,43.454575000000006]},"geometry":{"type":"Point","coordinates":[-5.07995,43.454575000000006]}},{"type":"Feature","id":"es-as-parish-570300","properties":{"id":"es-as-parish-570300","slug":"ribera-de-arriba-perera","name":"Perera","localName":"Perera","aliases":[],"kind":"parish","boundaryStatus":"statistical","parentId":"es-as-concejo-33057","population":null,"areaKm2":2.5,"density":null,"referenceYear":null,"sourceId":"sadei-parishes","bbox":[-5.86884,43.30058,-5.83107,43.32807],"center":[-5.849955,43.314325]},"geometry":{"type":"Point","coordinates":[-5.849955,43.314325]}},{"type":"Feature","id":"es-as-parish-560700","properties":{"id":"es-as-parish-560700","slug":"ribadesella-ribadesella-ribeseya","name":"Ribadesella / Ribeseya","localName":"Ribadesella / Ribeseya","aliases":[],"kind":"parish","boundaryStatus":"statistical","parentId":"es-as-concejo-33056","population":null,"areaKm2":2.1,"density":null,"referenceYear":null,"sourceId":"sadei-parishes","bbox":[-5.08007,43.45169,-5.0509,43.46959],"center":[-5.065485000000001,43.46064]},"geometry":{"type":"Point","coordinates":[-5.065485000000001,43.46064]}},{"type":"Feature","id":"es-as-parish-560100","properties":{"id":"es-as-parish-560100","slug":"ribadesella-berbes","name":"Berbes","localName":"Berbes","aliases":[],"kind":"parish","boundaryStatus":"statistical","parentId":"es-as-concejo-33056","population":null,"areaKm2":3.1,"density":null,"referenceYear":null,"sourceId":"sadei-parishes","bbox":[-5.16841,43.45576,-5.14077,43.47941],"center":[-5.15459,43.467585]},"geometry":{"type":"Point","coordinates":[-5.15459,43.467585]}},{"type":"Feature","id":"es-as-parish-580100","properties":{"id":"es-as-parish-580100","slug":"riosa-riosa","name":"Riosa","localName":"Riosa","aliases":[],"kind":"parish","boundaryStatus":"statistical","parentId":"es-as-concejo-33058","population":null,"areaKm2":46.5,"density":null,"referenceYear":null,"sourceId":"sadei-parishes","bbox":[-5.94792,43.16705,-5.84267,43.25076],"center":[-5.895295,43.208905]},"geometry":{"type":"Point","coordinates":[-5.895295,43.208905]}},{"type":"Feature","id":"es-as-parish-592500","properties":{"id":"es-as-parish-592500","slug":"salas-soto-de-los-infantes","name":"Soto De Los Infantes","localName":"Soto De Los Infantes","aliases":[],"kind":"parish","boundaryStatus":"statistical","parentId":"es-as-concejo-33059","population":null,"areaKm2":12.4,"density":null,"referenceYear":null,"sourceId":"sadei-parishes","bbox":[-6.31517,43.3218,-6.23099,43.36712],"center":[-6.27308,43.34446]},"geometry":{"type":"Point","coordinates":[-6.27308,43.34446]}},{"type":"Feature","id":"es-as-parish-592000","properties":{"id":"es-as-parish-592000","slug":"salas-millara","name":"Millara","localName":"Millara","aliases":[],"kind":"parish","boundaryStatus":"statistical","parentId":"es-as-concejo-33059","population":null,"areaKm2":2.3,"density":null,"referenceYear":null,"sourceId":"sadei-parishes","bbox":[-6.28857,43.32642,-6.25665,43.34657],"center":[-6.27261,43.336495]},"geometry":{"type":"Point","coordinates":[-6.27261,43.336495]}},{"type":"Feature","id":"es-as-parish-560400","properties":{"id":"es-as-parish-560400","slug":"ribadesella-san-esteban","name":"San Esteban","localName":"San Esteban","aliases":[],"kind":"parish","boundaryStatus":"statistical","parentId":"es-as-concejo-33056","population":null,"areaKm2":12.3,"density":null,"referenceYear":null,"sourceId":"sadei-parishes","bbox":[-5.16464,43.4491,-5.07501,43.48461],"center":[-5.1198250000000005,43.466855]},"geometry":{"type":"Point","coordinates":[-5.1198250000000005,43.466855]}},{"type":"Feature","id":"es-as-parish-560300","properties":{"id":"es-as-parish-560300","slug":"ribadesella-xuncu","name":"Xuncu","localName":"Xuncu","aliases":[],"kind":"parish","boundaryStatus":"statistical","parentId":"es-as-concejo-33056","population":null,"areaKm2":4.1,"density":null,"referenceYear":null,"sourceId":"sadei-parishes","bbox":[-5.0901,43.42453,-5.05454,43.45169],"center":[-5.0723199999999995,43.438109999999995]},"geometry":{"type":"Point","coordinates":[-5.0723199999999995,43.438109999999995]}},{"type":"Feature","id":"es-as-parish-570500","properties":{"id":"es-as-parish-570500","slug":"ribera-de-arriba-teyego","name":"Teyego","localName":"Teyego","aliases":[],"kind":"parish","boundaryStatus":"statistical","parentId":"es-as-concejo-33057","population":null,"areaKm2":6.2,"density":null,"referenceYear":null,"sourceId":"sadei-parishes","bbox":[-5.87956,43.281,-5.82915,43.31081],"center":[-5.854355,43.295905]},"geometry":{"type":"Point","coordinates":[-5.854355,43.295905]}},{"type":"Feature","id":"es-as-parish-570200","properties":{"id":"es-as-parish-570200","slug":"ribera-de-arriba-palombar","name":"Palombar","localName":"Palombar","aliases":[],"kind":"parish","boundaryStatus":"statistical","parentId":"es-as-concejo-33057","population":null,"areaKm2":5.7,"density":null,"referenceYear":null,"sourceId":"sadei-parishes","bbox":[-5.94225,43.28927,-5.89859,43.3138],"center":[-5.92042,43.301535]},"geometry":{"type":"Point","coordinates":[-5.92042,43.301535]}},{"type":"Feature","id":"es-as-parish-570400","properties":{"id":"es-as-parish-570400","slug":"ribera-de-arriba-soto-ribera","name":"Soto Ribera","localName":"Soto Ribera","aliases":[],"kind":"parish","boundaryStatus":"statistical","parentId":"es-as-concejo-33057","population":null,"areaKm2":2.9,"density":null,"referenceYear":null,"sourceId":"sadei-parishes","bbox":[-5.91925,43.29271,-5.8718,43.31475],"center":[-5.895525,43.30373]},"geometry":{"type":"Point","coordinates":[-5.895525,43.30373]}},{"type":"Feature","id":"es-as-parish-591200","properties":{"id":"es-as-parish-591200","slug":"salas-espina-la","name":"Espina, La","localName":"Espina, La","aliases":[],"kind":"parish","boundaryStatus":"statistical","parentId":"es-as-concejo-33059","population":null,"areaKm2":9.2,"density":null,"referenceYear":null,"sourceId":"sadei-parishes","bbox":[-6.36259,43.37737,-6.31617,43.43741],"center":[-6.33938,43.40739]},"geometry":{"type":"Point","coordinates":[-6.33938,43.40739]}},{"type":"Feature","id":"es-as-parish-591300","properties":{"id":"es-as-parish-591300","slug":"salas-godan","name":"Godán","localName":"Godán","aliases":[],"kind":"parish","boundaryStatus":"statistical","parentId":"es-as-concejo-33059","population":null,"areaKm2":10.5,"density":null,"referenceYear":null,"sourceId":"sadei-parishes","bbox":[-6.27849,43.3722,-6.21365,43.40123],"center":[-6.24607,43.386714999999995]},"geometry":{"type":"Point","coordinates":[-6.24607,43.386714999999995]}},{"type":"Feature","id":"es-as-parish-591100","properties":{"id":"es-as-parish-591100","slug":"salas-santa-eulalia-de-las-dorigas","name":"Santa Eulalia De Las Dorigas","localName":"Santa Eulalia De Las Dorigas","aliases":[],"kind":"parish","boundaryStatus":"statistical","parentId":"es-as-concejo-33059","population":null,"areaKm2":6.9,"density":null,"referenceYear":null,"sourceId":"sadei-parishes","bbox":[-6.15882,43.37565,-6.12118,43.40812],"center":[-6.140000000000001,43.391885]},"geometry":{"type":"Point","coordinates":[-6.140000000000001,43.391885]}},{"type":"Feature","id":"es-as-parish-590800","properties":{"id":"es-as-parish-590800","slug":"salas-san-antolin-de-las-dorigas","name":"San Antolín De Las Dorigas","localName":"San Antolín De Las Dorigas","aliases":[],"kind":"parish","boundaryStatus":"statistical","parentId":"es-as-concejo-33059","population":null,"areaKm2":1.9,"density":null,"referenceYear":null,"sourceId":"sadei-parishes","bbox":[-6.14895,43.40096,-6.11765,43.41387],"center":[-6.1333,43.407415]},"geometry":{"type":"Point","coordinates":[-6.1333,43.407415]}},{"type":"Feature","id":"es-as-parish-592200","properties":{"id":"es-as-parish-592200","slug":"salas-san-vicente","name":"San Vicente","localName":"San Vicente","aliases":[],"kind":"parish","boundaryStatus":"statistical","parentId":"es-as-concejo-33059","population":null,"areaKm2":8.7,"density":null,"referenceYear":null,"sourceId":"sadei-parishes","bbox":[-6.31617,43.38371,-6.25393,43.41532],"center":[-6.28505,43.399515]},"geometry":{"type":"Point","coordinates":[-6.28505,43.399515]}},{"type":"Feature","id":"es-as-parish-592700","properties":{"id":"es-as-parish-592700","slug":"salas-villamar","name":"Villamar","localName":"Villamar","aliases":[],"kind":"parish","boundaryStatus":"statistical","parentId":"es-as-concejo-33059","population":null,"areaKm2":3.2,"density":null,"referenceYear":null,"sourceId":"sadei-parishes","bbox":[-6.25263,43.39512,-6.2226,43.42197],"center":[-6.237615,43.408545000000004]},"geometry":{"type":"Point","coordinates":[-6.237615,43.408545000000004]}},{"type":"Feature","id":"es-as-parish-592300","properties":{"id":"es-as-parish-592300","slug":"salas-salas","name":"Salas","localName":"Salas","aliases":[],"kind":"parish","boundaryStatus":"statistical","parentId":"es-as-concejo-33059","population":null,"areaKm2":5.5,"density":null,"referenceYear":null,"sourceId":"sadei-parishes","bbox":[-6.27499,43.39805,-6.2371,43.42257],"center":[-6.256045,43.410309999999996]},"geometry":{"type":"Point","coordinates":[-6.256045,43.410309999999996]}},{"type":"Feature","id":"es-as-parish-590400","properties":{"id":"es-as-parish-590400","slug":"salas-bodenaya","name":"Bodenaya","localName":"Bodenaya","aliases":[],"kind":"parish","boundaryStatus":"statistical","parentId":"es-as-concejo-33059","population":null,"areaKm2":7,"density":null,"referenceYear":null,"sourceId":"sadei-parishes","bbox":[-6.33199,43.39259,-6.27499,43.42413],"center":[-6.30349,43.40836]},"geometry":{"type":"Point","coordinates":[-6.30349,43.40836]}},{"type":"Feature","id":"es-as-parish-590900","properties":{"id":"es-as-parish-590900","slug":"salas-san-esteban-de-las-dorigas","name":"San Esteban De Las Dorigas","localName":"San Esteban De Las Dorigas","aliases":[],"kind":"parish","boundaryStatus":"statistical","parentId":"es-as-concejo-33059","population":null,"areaKm2":5.5,"density":null,"referenceYear":null,"sourceId":"sadei-parishes","bbox":[-6.14995,43.40887,-6.11065,43.43443],"center":[-6.1303,43.42165]},"geometry":{"type":"Point","coordinates":[-6.1303,43.42165]}},{"type":"Feature","id":"es-as-parish-590700","properties":{"id":"es-as-parish-590700","slug":"salas-cornellana","name":"Cornellana","localName":"Cornellana","aliases":[],"kind":"parish","boundaryStatus":"statistical","parentId":"es-as-concejo-33059","population":null,"areaKm2":10.2,"density":null,"referenceYear":null,"sourceId":"sadei-parishes","bbox":[-6.18413,43.38277,-6.14681,43.43785],"center":[-6.16547,43.410309999999996]},"geometry":{"type":"Point","coordinates":[-6.16547,43.410309999999996]}},{"type":"Feature","id":"es-as-parish-592100","properties":{"id":"es-as-parish-592100","slug":"salas-priero","name":"Priero","localName":"Priero","aliases":[],"kind":"parish","boundaryStatus":"statistical","parentId":"es-as-concejo-33059","population":null,"areaKm2":4.7,"density":null,"referenceYear":null,"sourceId":"sadei-parishes","bbox":[-6.27449,43.42131,-6.23696,43.44229],"center":[-6.255725,43.431799999999996]},"geometry":{"type":"Point","coordinates":[-6.255725,43.431799999999996]}},{"type":"Feature","id":"es-as-parish-592800","properties":{"id":"es-as-parish-592800","slug":"salas-villazon","name":"Villazón","localName":"Villazón","aliases":[],"kind":"parish","boundaryStatus":"statistical","parentId":"es-as-concejo-33059","population":null,"areaKm2":18.3,"density":null,"referenceYear":null,"sourceId":"sadei-parishes","bbox":[-6.22712,43.38235,-6.17316,43.44304],"center":[-6.20014,43.412695]},"geometry":{"type":"Point","coordinates":[-6.20014,43.412695]}},{"type":"Feature","id":"es-as-parish-591000","properties":{"id":"es-as-parish-591000","slug":"salas-san-justo-de-las-dorigas","name":"San Justo De Las Dorigas","localName":"San Justo De Las Dorigas","aliases":[],"kind":"parish","boundaryStatus":"statistical","parentId":"es-as-concejo-33059","population":null,"areaKm2":2.6,"density":null,"referenceYear":null,"sourceId":"sadei-parishes","bbox":[-6.14232,43.42709,-6.11759,43.44401],"center":[-6.129955,43.43555]},"geometry":{"type":"Point","coordinates":[-6.129955,43.43555]}},{"type":"Feature","id":"es-as-parish-590200","properties":{"id":"es-as-parish-590200","slug":"salas-ardesaldo","name":"Ardesaldo","localName":"Ardesaldo","aliases":[],"kind":"parish","boundaryStatus":"statistical","parentId":"es-as-concejo-33059","population":null,"areaKm2":7.6,"density":null,"referenceYear":null,"sourceId":"sadei-parishes","bbox":[-6.31637,43.41407,-6.26782,43.44443],"center":[-6.292095,43.429249999999996]},"geometry":{"type":"Point","coordinates":[-6.292095,43.429249999999996]}},{"type":"Feature","id":"es-as-parish-592400","properties":{"id":"es-as-parish-592400","slug":"salas-santullano","name":"Santullano","localName":"Santullano","aliases":[],"kind":"parish","boundaryStatus":"statistical","parentId":"es-as-concejo-33059","population":null,"areaKm2":4.3,"density":null,"referenceYear":null,"sourceId":"sadei-parishes","bbox":[-6.223,43.42494,-6.18562,43.45136],"center":[-6.2043099999999995,43.43815]},"geometry":{"type":"Point","coordinates":[-6.2043099999999995,43.43815]}},{"type":"Feature","id":"es-as-parish-591700","properties":{"id":"es-as-parish-591700","slug":"salas-linares","name":"Linares","localName":"Linares","aliases":[],"kind":"parish","boundaryStatus":"statistical","parentId":"es-as-concejo-33059","population":null,"areaKm2":6.3,"density":null,"referenceYear":null,"sourceId":"sadei-parishes","bbox":[-6.24325,43.43359,-6.19517,43.46155],"center":[-6.21921,43.44757]},"geometry":{"type":"Point","coordinates":[-6.21921,43.44757]}},{"type":"Feature","id":"es-as-parish-591800","properties":{"id":"es-as-parish-591800","slug":"salas-mallecina","name":"Mallecina","localName":"Mallecina","aliases":[],"kind":"parish","boundaryStatus":"statistical","parentId":"es-as-concejo-33059","population":null,"areaKm2":9.5,"density":null,"referenceYear":null,"sourceId":"sadei-parishes","bbox":[-6.29394,43.43793,-6.23696,43.46853],"center":[-6.2654499999999995,43.453230000000005]},"geometry":{"type":"Point","coordinates":[-6.2654499999999995,43.453230000000005]}},{"type":"Feature","id":"es-as-parish-591600","properties":{"id":"es-as-parish-591600","slug":"salas-lavio","name":"Lavio","localName":"Lavio","aliases":[],"kind":"parish","boundaryStatus":"statistical","parentId":"es-as-concejo-33059","population":null,"areaKm2":24.7,"density":null,"referenceYear":null,"sourceId":"sadei-parishes","bbox":[-6.36064,43.41679,-6.28613,43.48346],"center":[-6.323385,43.450125]},"geometry":{"type":"Point","coordinates":[-6.323385,43.450125]}},{"type":"Feature","id":"es-as-parish-591900","properties":{"id":"es-as-parish-591900","slug":"salas-malleza","name":"Malleza","localName":"Malleza","aliases":[],"kind":"parish","boundaryStatus":"statistical","parentId":"es-as-concejo-33059","population":null,"areaKm2":23.4,"density":null,"referenceYear":null,"sourceId":"sadei-parishes","bbox":[-6.30986,43.45839,-6.21766,43.49989],"center":[-6.2637599999999996,43.47914]},"geometry":{"type":"Point","coordinates":[-6.2637599999999996,43.47914]}},{"type":"Feature","id":"es-as-parish-600500","properties":{"id":"es-as-parish-600500","slug":"san-martin-del-rey-aurelio-santa-barbara-santa-barbola","name":"Santa Bárbara / Santa Bárbola","localName":"Santa Bárbara / Santa Bárbola","aliases":[],"kind":"parish","boundaryStatus":"statistical","parentId":"es-as-concejo-33060","population":null,"areaKm2":16.9,"density":null,"referenceYear":null,"sourceId":"sadei-parishes","bbox":[-5.65618,43.22071,-5.5939,43.26639],"center":[-5.62504,43.24355]},"geometry":{"type":"Point","coordinates":[-5.62504,43.24355]}},{"type":"Feature","id":"es-as-parish-600100","properties":{"id":"es-as-parish-600100","slug":"san-martin-del-rey-aurelio-blimea","name":"Blimea","localName":"Blimea","aliases":[],"kind":"parish","boundaryStatus":"statistical","parentId":"es-as-concejo-33060","population":null,"areaKm2":9.8,"density":null,"referenceYear":null,"sourceId":"sadei-parishes","bbox":[-5.60806,43.24598,-5.55512,43.29916],"center":[-5.58159,43.27257]},"geometry":{"type":"Point","coordinates":[-5.58159,43.27257]}},{"type":"Feature","id":"es-as-parish-600300","properties":{"id":"es-as-parish-600300","slug":"san-martin-del-rey-aurelio-san-andres-de-llinares","name":"San Andrés De Llinares","localName":"San Andrés De Llinares","aliases":[],"kind":"parish","boundaryStatus":"statistical","parentId":"es-as-concejo-33060","population":null,"areaKm2":10.8,"density":null,"referenceYear":null,"sourceId":"sadei-parishes","bbox":[-5.66691,43.26173,-5.61334,43.30876],"center":[-5.640124999999999,43.285245]},"geometry":{"type":"Point","coordinates":[-5.640124999999999,43.285245]}},{"type":"Feature","id":"es-as-parish-650300","properties":{"id":"es-as-parish-650300","slug":"sariego-santiago","name":"Santiago","localName":"Santiago","aliases":[],"kind":"parish","boundaryStatus":"statistical","parentId":"es-as-concejo-33065","population":null,"areaKm2":10.8,"density":null,"referenceYear":null,"sourceId":"sadei-parishes","bbox":[-5.57629,43.38907,-5.51905,43.42429],"center":[-5.54767,43.406679999999994]},"geometry":{"type":"Point","coordinates":[-5.54767,43.406679999999994]}},{"type":"Feature","id":"es-as-parish-600200","properties":{"id":"es-as-parish-600200","slug":"san-martin-del-rey-aurelio-cocanin","name":"Cocañín","localName":"Cocañín","aliases":[],"kind":"parish","boundaryStatus":"statistical","parentId":"es-as-concejo-33060","population":null,"areaKm2":10,"density":null,"referenceYear":null,"sourceId":"sadei-parishes","bbox":[-5.63239,43.29199,-5.57892,43.32933],"center":[-5.6056550000000005,43.31066]},"geometry":{"type":"Point","coordinates":[-5.6056550000000005,43.31066]}},{"type":"Feature","id":"es-as-parish-600400","properties":{"id":"es-as-parish-600400","slug":"san-martin-del-rey-aurelio-samartin","name":"Samartín","localName":"Samartín","aliases":[],"kind":"parish","boundaryStatus":"statistical","parentId":"es-as-concejo-33060","population":null,"areaKm2":7.6,"density":null,"referenceYear":null,"sourceId":"sadei-parishes","bbox":[-5.63388,43.25896,-5.59112,43.29436],"center":[-5.612500000000001,43.27666]},"geometry":{"type":"Point","coordinates":[-5.612500000000001,43.27666]}},{"type":"Feature","id":"es-as-parish-610300","properties":{"id":"es-as-parish-610300","slug":"san-martin-de-oscos-oscos","name":"Oscos","localName":"Oscos","aliases":[],"kind":"parish","boundaryStatus":"statistical","parentId":"es-as-concejo-33061","population":null,"areaKm2":36.1,"density":null,"referenceYear":null,"sourceId":"sadei-parishes","bbox":[-6.98963,43.20843,-6.89295,43.29469],"center":[-6.94129,43.25156]},"geometry":{"type":"Point","coordinates":[-6.94129,43.25156]}},{"type":"Feature","id":"es-as-parish-610400","properties":{"id":"es-as-parish-610400","slug":"san-martin-de-oscos-pesoz","name":"Pesoz","localName":"Pesoz","aliases":[],"kind":"parish","boundaryStatus":"statistical","parentId":"es-as-concejo-33061","population":null,"areaKm2":9,"density":null,"referenceYear":null,"sourceId":"sadei-parishes","bbox":[-6.91723,43.26815,-6.88526,43.3262],"center":[-6.901244999999999,43.297174999999996]},"geometry":{"type":"Point","coordinates":[-6.901244999999999,43.297174999999996]}},{"type":"Feature","id":"es-as-parish-610200","properties":{"id":"es-as-parish-610200","slug":"san-martin-de-oscos-labiaron","name":"Labiarón","localName":"Labiarón","aliases":[],"kind":"parish","boundaryStatus":"statistical","parentId":"es-as-concejo-33061","population":null,"areaKm2":15.1,"density":null,"referenceYear":null,"sourceId":"sadei-parishes","bbox":[-6.96662,43.27433,-6.90691,43.33021],"center":[-6.936764999999999,43.30227]},"geometry":{"type":"Point","coordinates":[-6.936764999999999,43.30227]}},{"type":"Feature","id":"es-as-parish-610100","properties":{"id":"es-as-parish-610100","slug":"san-martin-de-oscos-illano","name":"Illano","localName":"Illano","aliases":[],"kind":"parish","boundaryStatus":"statistical","parentId":"es-as-concejo-33061","population":null,"areaKm2":7.6,"density":null,"referenceYear":null,"sourceId":"sadei-parishes","bbox":[-6.94559,43.29354,-6.90799,43.3571],"center":[-6.9267900000000004,43.325320000000005]},"geometry":{"type":"Point","coordinates":[-6.9267900000000004,43.325320000000005]}},{"type":"Feature","id":"es-as-parish-620100","properties":{"id":"es-as-parish-620100","slug":"santa-eulalia-de-oscos-santa-eulalia-de-oscos","name":"Santa Eulalia De Oscos","localName":"Santa Eulalia De Oscos","aliases":[],"kind":"parish","boundaryStatus":"statistical","parentId":"es-as-concejo-33062","population":null,"areaKm2":47.2,"density":null,"referenceYear":null,"sourceId":"sadei-parishes","bbox":[-7.0716,43.20659,-6.97714,43.31026],"center":[-7.02437,43.258425]},"geometry":{"type":"Point","coordinates":[-7.02437,43.258425]}},{"type":"Feature","id":"es-as-parish-650100","properties":{"id":"es-as-parish-650100","slug":"sariego-narzana","name":"Narzana","localName":"Narzana","aliases":[],"kind":"parish","boundaryStatus":"statistical","parentId":"es-as-concejo-33065","population":null,"areaKm2":9.8,"density":null,"referenceYear":null,"sourceId":"sadei-parishes","bbox":[-5.60062,43.4031,-5.54459,43.44323],"center":[-5.572605,43.423165]},"geometry":{"type":"Point","coordinates":[-5.572605,43.423165]}},{"type":"Feature","id":"es-as-parish-630100","properties":{"id":"es-as-parish-630100","slug":"san-tirso-de-abres-san-tiso","name":"San Tiso","localName":"San Tiso","aliases":[],"kind":"parish","boundaryStatus":"statistical","parentId":"es-as-concejo-33063","population":null,"areaKm2":31.2,"density":null,"referenceYear":null,"sourceId":"sadei-parishes","bbox":[-7.18249,43.37458,-7.09478,43.43199],"center":[-7.138635,43.403285]},"geometry":{"type":"Point","coordinates":[-7.138635,43.403285]}},{"type":"Feature","id":"es-as-parish-640400","properties":{"id":"es-as-parish-640400","slug":"santo-adriano-villanueva","name":"Villanueva","localName":"Villanueva","aliases":[],"kind":"parish","boundaryStatus":"statistical","parentId":"es-as-concejo-33064","population":null,"areaKm2":3.1,"density":null,"referenceYear":null,"sourceId":"sadei-parishes","bbox":[-6.01471,43.25681,-5.97775,43.28178],"center":[-5.996230000000001,43.269295]},"geometry":{"type":"Point","coordinates":[-5.996230000000001,43.269295]}},{"type":"Feature","id":"es-as-parish-640200","properties":{"id":"es-as-parish-640200","slug":"santo-adriano-llavares","name":"Llavares","localName":"Llavares","aliases":[],"kind":"parish","boundaryStatus":"statistical","parentId":"es-as-concejo-33064","population":null,"areaKm2":4,"density":null,"referenceYear":null,"sourceId":"sadei-parishes","bbox":[-5.96823,43.27694,-5.93798,43.30348],"center":[-5.953105,43.29021]},"geometry":{"type":"Point","coordinates":[-5.953105,43.29021]}},{"type":"Feature","id":"es-as-parish-640100","properties":{"id":"es-as-parish-640100","slug":"santo-adriano-castaneo-l-monte","name":"Castañeo'l Monte","localName":"Castañeo'l Monte","aliases":[],"kind":"parish","boundaryStatus":"statistical","parentId":"es-as-concejo-33064","population":null,"areaKm2":4.5,"density":null,"referenceYear":null,"sourceId":"sadei-parishes","bbox":[-6.02224,43.27376,-5.98315,43.30605],"center":[-6.002695,43.289905000000005]},"geometry":{"type":"Point","coordinates":[-6.002695,43.289905000000005]}},{"type":"Feature","id":"es-as-parish-640300","properties":{"id":"es-as-parish-640300","slug":"santo-adriano-tunon","name":"Tuñón","localName":"Tuñón","aliases":[],"kind":"parish","boundaryStatus":"statistical","parentId":"es-as-concejo-33064","population":null,"areaKm2":11,"density":null,"referenceYear":null,"sourceId":"sadei-parishes","bbox":[-6.0025,43.26692,-5.95285,43.31976],"center":[-5.977675,43.29334]},"geometry":{"type":"Point","coordinates":[-5.977675,43.29334]}},{"type":"Feature","id":"es-as-parish-650200","properties":{"id":"es-as-parish-650200","slug":"sariego-san-roman","name":"San Román","localName":"San Román","aliases":[],"kind":"parish","boundaryStatus":"statistical","parentId":"es-as-concejo-33065","population":null,"areaKm2":5.1,"density":null,"referenceYear":null,"sourceId":"sadei-parishes","bbox":[-5.52908,43.39641,-5.49637,43.42197],"center":[-5.512725,43.40919]},"geometry":{"type":"Point","coordinates":[-5.512725,43.40919]}},{"type":"Feature","id":"es-as-parish-661800","properties":{"id":"es-as-parish-661800","slug":"siero-lugones-llugones","name":"Lugones / Llugones","localName":"Lugones / Llugones","aliases":[],"kind":"parish","boundaryStatus":"statistical","parentId":"es-as-concejo-33066","population":null,"areaKm2":6,"density":null,"referenceYear":null,"sourceId":"sadei-parishes","bbox":[-5.82944,43.3855,-5.79275,43.41636],"center":[-5.811095,43.40093]},"geometry":{"type":"Point","coordinates":[-5.811095,43.40093]}},{"type":"Feature","id":"es-as-parish-662700","properties":{"id":"es-as-parish-662700","slug":"siero-viella","name":"Viella","localName":"Viella","aliases":[],"kind":"parish","boundaryStatus":"statistical","parentId":"es-as-concejo-33066","population":null,"areaKm2":6.9,"density":null,"referenceYear":null,"sourceId":"sadei-parishes","bbox":[-5.79987,43.38465,-5.77488,43.43003],"center":[-5.787375,43.407340000000005]},"geometry":{"type":"Point","coordinates":[-5.787375,43.407340000000005]}},{"type":"Feature","id":"es-as-parish-662100","properties":{"id":"es-as-parish-662100","slug":"siero-paranza-la","name":"Paranza, La","localName":"Paranza, La","aliases":[],"kind":"parish","boundaryStatus":"statistical","parentId":"es-as-concejo-33066","population":null,"areaKm2":1.2,"density":null,"referenceYear":null,"sourceId":"sadei-parishes","bbox":[-5.74737,43.33486,-5.73121,43.34754],"center":[-5.7392900000000004,43.3412]},"geometry":{"type":"Point","coordinates":[-5.7392900000000004,43.3412]}},{"type":"Feature","id":"es-as-parish-660600","properties":{"id":"es-as-parish-660600","slug":"siero-samiguel","name":"Samiguel","localName":"Samiguel","aliases":[],"kind":"parish","boundaryStatus":"statistical","parentId":"es-as-concejo-33066","population":null,"areaKm2":3.5,"density":null,"referenceYear":null,"sourceId":"sadei-parishes","bbox":[-5.7572,43.38359,-5.73193,43.41488],"center":[-5.744565,43.399235]},"geometry":{"type":"Point","coordinates":[-5.744565,43.399235]}},{"type":"Feature","id":"es-as-parish-661600","properties":{"id":"es-as-parish-661600","slug":"siero-lieres","name":"Lieres","localName":"Lieres","aliases":[],"kind":"parish","boundaryStatus":"statistical","parentId":"es-as-concejo-33066","population":null,"areaKm2":8.6,"density":null,"referenceYear":null,"sourceId":"sadei-parishes","bbox":[-5.59377,43.35177,-5.55435,43.39245],"center":[-5.57406,43.37211]},"geometry":{"type":"Point","coordinates":[-5.57406,43.37211]}},{"type":"Feature","id":"es-as-parish-661400","properties":{"id":"es-as-parish-661400","slug":"siero-granda","name":"Granda","localName":"Granda","aliases":[],"kind":"parish","boundaryStatus":"statistical","parentId":"es-as-concejo-33066","population":null,"areaKm2":5.7,"density":null,"referenceYear":null,"sourceId":"sadei-parishes","bbox":[-5.80844,43.37271,-5.74851,43.39117],"center":[-5.778475,43.38194]},"geometry":{"type":"Point","coordinates":[-5.778475,43.38194]}},{"type":"Feature","id":"es-as-parish-661700","properties":{"id":"es-as-parish-661700","slug":"siero-llimanes","name":"Llimanes","localName":"Llimanes","aliases":[],"kind":"parish","boundaryStatus":"statistical","parentId":"es-as-concejo-33066","population":null,"areaKm2":3.8,"density":null,"referenceYear":null,"sourceId":"sadei-parishes","bbox":[-5.78865,43.34471,-5.76204,43.37416],"center":[-5.775345,43.359435000000005]},"geometry":{"type":"Point","coordinates":[-5.775345,43.359435000000005]}},{"type":"Feature","id":"es-as-parish-661200","properties":{"id":"es-as-parish-661200","slug":"siero-santa-marina","name":"Santa Marina","localName":"Santa Marina","aliases":[],"kind":"parish","boundaryStatus":"statistical","parentId":"es-as-concejo-33066","population":null,"areaKm2":6.2,"density":null,"referenceYear":null,"sourceId":"sadei-parishes","bbox":[-5.75126,43.34084,-5.70926,43.37394],"center":[-5.7302599999999995,43.357389999999995]},"geometry":{"type":"Point","coordinates":[-5.7302599999999995,43.357389999999995]}},{"type":"Feature","id":"es-as-parish-660700","properties":{"id":"es-as-parish-660700","slug":"siero-bobes-valbona","name":"Bobes / Valbona","localName":"Bobes / Valbona","aliases":[],"kind":"parish","boundaryStatus":"statistical","parentId":"es-as-concejo-33066","population":null,"areaKm2":11.5,"density":null,"referenceYear":null,"sourceId":"sadei-parishes","bbox":[-5.78279,43.38643,-5.74749,43.44613],"center":[-5.765140000000001,43.41628]},"geometry":{"type":"Point","coordinates":[-5.765140000000001,43.41628]}},{"type":"Feature","id":"es-as-parish-662300","properties":{"id":"es-as-parish-662300","slug":"siero-tinana","name":"Tiñana","localName":"Tiñana","aliases":[],"kind":"parish","boundaryStatus":"statistical","parentId":"es-as-concejo-33066","population":null,"areaKm2":9,"density":null,"referenceYear":null,"sourceId":"sadei-parishes","bbox":[-5.77147,43.34598,-5.71683,43.38627],"center":[-5.744149999999999,43.366125]},"geometry":{"type":"Point","coordinates":[-5.744149999999999,43.366125]}},{"type":"Feature","id":"es-as-parish-661500","properties":{"id":"es-as-parish-661500","slug":"siero-hevia","name":"Hevia","localName":"Hevia","aliases":[],"kind":"parish","boundaryStatus":"statistical","parentId":"es-as-concejo-33066","population":null,"areaKm2":11.2,"density":null,"referenceYear":null,"sourceId":"sadei-parishes","bbox":[-5.73071,43.33129,-5.67881,43.38606],"center":[-5.70476,43.358675000000005]},"geometry":{"type":"Point","coordinates":[-5.70476,43.358675000000005]}},{"type":"Feature","id":"es-as-parish-660500","properties":{"id":"es-as-parish-660500","slug":"siero-arguelles-argueyes","name":"Argüelles / Argüeyes","localName":"Argüelles / Argüeyes","aliases":[],"kind":"parish","boundaryStatus":"statistical","parentId":"es-as-concejo-33066","population":null,"areaKm2":3.7,"density":null,"referenceYear":null,"sourceId":"sadei-parishes","bbox":[-5.74361,43.3812,-5.71649,43.40724],"center":[-5.73005,43.394220000000004]},"geometry":{"type":"Point","coordinates":[-5.73005,43.394220000000004]}},{"type":"Feature","id":"es-as-parish-680300","properties":{"id":"es-as-parish-680300","slug":"somiedo-coto-el","name":"Coto, El","localName":"Coto, El","aliases":[],"kind":"parish","boundaryStatus":"statistical","parentId":"es-as-concejo-33068","population":null,"areaKm2":6.5,"density":null,"referenceYear":null,"sourceId":"sadei-parishes","bbox":[-6.24921,43.05773,-6.21486,43.09611],"center":[-6.232035,43.07692]},"geometry":{"type":"Point","coordinates":[-6.232035,43.07692]}},{"type":"Feature","id":"es-as-parish-661100","properties":{"id":"es-as-parish-661100","slug":"siero-collao","name":"Collao","localName":"Collao","aliases":[],"kind":"parish","boundaryStatus":"statistical","parentId":"es-as-concejo-33066","population":null,"areaKm2":4.1,"density":null,"referenceYear":null,"sourceId":"sadei-parishes","bbox":[-5.6043,43.38771,-5.57342,43.41078],"center":[-5.58886,43.399245]},"geometry":{"type":"Point","coordinates":[-5.58886,43.399245]}},{"type":"Feature","id":"es-as-parish-661300","properties":{"id":"es-as-parish-661300","slug":"siero-feleches","name":"Feleches","localName":"Feleches","aliases":[],"kind":"parish","boundaryStatus":"statistical","parentId":"es-as-concejo-33066","population":null,"areaKm2":3.3,"density":null,"referenceYear":null,"sourceId":"sadei-parishes","bbox":[-5.61461,43.37342,-5.58308,43.39188],"center":[-5.598845,43.38265]},"geometry":{"type":"Point","coordinates":[-5.598845,43.38265]}},{"type":"Feature","id":"es-as-parish-663000","properties":{"id":"es-as-parish-663000","slug":"siero-trespando","name":"Trespando","localName":"Trespando","aliases":[],"kind":"parish","boundaryStatus":"statistical","parentId":"es-as-concejo-33066","population":null,"areaKm2":3.6,"density":null,"referenceYear":null,"sourceId":"sadei-parishes","bbox":[-5.61656,43.35289,-5.58596,43.38091],"center":[-5.60126,43.3669]},"geometry":{"type":"Point","coordinates":[-5.60126,43.3669]}},{"type":"Feature","id":"es-as-parish-680200","properties":{"id":"es-as-parish-680200","slug":"somiedo-clavillas","name":"Clavillas","localName":"Clavillas","aliases":[],"kind":"parish","boundaryStatus":"statistical","parentId":"es-as-concejo-33068","population":null,"areaKm2":13.2,"density":null,"referenceYear":null,"sourceId":"sadei-parishes","bbox":[-6.28845,43.16046,-6.21135,43.19673],"center":[-6.2499,43.178595]},"geometry":{"type":"Point","coordinates":[-6.2499,43.178595]}},{"type":"Feature","id":"es-as-parish-660400","properties":{"id":"es-as-parish-660400","slug":"siero-santiago-arenas-carbayin","name":"Santiago Arenas / Carbayín","localName":"Santiago Arenas / Carbayín","aliases":[],"kind":"parish","boundaryStatus":"statistical","parentId":"es-as-concejo-33066","population":null,"areaKm2":9.8,"density":null,"referenceYear":null,"sourceId":"sadei-parishes","bbox":[-5.64986,43.32201,-5.593,43.35683],"center":[-5.62143,43.339420000000004]},"geometry":{"type":"Point","coordinates":[-5.62143,43.339420000000004]}},{"type":"Feature","id":"es-as-parish-661000","properties":{"id":"es-as-parish-661000","slug":"siero-colla-la","name":"Collá, La","localName":"Collá, La","aliases":[],"kind":"parish","boundaryStatus":"statistical","parentId":"es-as-concejo-33066","population":null,"areaKm2":5.3,"density":null,"referenceYear":null,"sourceId":"sadei-parishes","bbox":[-5.63299,43.42006,-5.58551,43.44348],"center":[-5.60925,43.43177]},"geometry":{"type":"Point","coordinates":[-5.60925,43.43177]}},{"type":"Feature","id":"es-as-parish-662500","properties":{"id":"es-as-parish-662500","slug":"siero-valdesoto","name":"Valdesoto","localName":"Valdesoto","aliases":[],"kind":"parish","boundaryStatus":"statistical","parentId":"es-as-concejo-33066","population":null,"areaKm2":14.9,"density":null,"referenceYear":null,"sourceId":"sadei-parishes","bbox":[-5.6893,43.33308,-5.62294,43.38283],"center":[-5.65612,43.357955000000004]},"geometry":{"type":"Point","coordinates":[-5.65612,43.357955000000004]}},{"type":"Feature","id":"es-as-parish-660800","properties":{"id":"es-as-parish-660800","slug":"siero-carrera-la","name":"Carrera, La","localName":"Carrera, La","aliases":[],"kind":"parish","boundaryStatus":"statistical","parentId":"es-as-concejo-33066","population":null,"areaKm2":10.3,"density":null,"referenceYear":null,"sourceId":"sadei-parishes","bbox":[-5.707,43.36078,-5.65967,43.40293],"center":[-5.683335,43.381855]},"geometry":{"type":"Point","coordinates":[-5.683335,43.381855]}},{"type":"Feature","id":"es-as-parish-662900","properties":{"id":"es-as-parish-662900","slug":"siero-santa-marta-carbayin","name":"Santa Marta Carbayín","localName":"Santa Marta Carbayín","aliases":[],"kind":"parish","boundaryStatus":"statistical","parentId":"es-as-concejo-33066","population":null,"areaKm2":4.8,"density":null,"referenceYear":null,"sourceId":"sadei-parishes","bbox":[-5.64301,43.34594,-5.59359,43.36772],"center":[-5.6183,43.35683]},"geometry":{"type":"Point","coordinates":[-5.6183,43.35683]}},{"type":"Feature","id":"es-as-parish-660200","properties":{"id":"es-as-parish-660200","slug":"siero-aramil","name":"Aramil","localName":"Aramil","aliases":[],"kind":"parish","boundaryStatus":"statistical","parentId":"es-as-concejo-33066","population":null,"areaKm2":3.5,"density":null,"referenceYear":null,"sourceId":"sadei-parishes","bbox":[-5.63005,43.36664,-5.60177,43.39995],"center":[-5.6159099999999995,43.383295]},"geometry":{"type":"Point","coordinates":[-5.6159099999999995,43.383295]}},{"type":"Feature","id":"es-as-parish-662600","properties":{"id":"es-as-parish-662600","slug":"siero-samartino","name":"Samartino","localName":"Samartino","aliases":[],"kind":"parish","boundaryStatus":"statistical","parentId":"es-as-concejo-33066","population":null,"areaKm2":15.4,"density":null,"referenceYear":null,"sourceId":"sadei-parishes","bbox":[-5.66683,43.39416,-5.5938,43.42897],"center":[-5.6303149999999995,43.411564999999996]},"geometry":{"type":"Point","coordinates":[-5.6303149999999995,43.411564999999996]}},{"type":"Feature","id":"es-as-parish-662200","properties":{"id":"es-as-parish-662200","slug":"siero-pola-siero-la","name":"Pola Siero, La","localName":"Pola Siero, La","aliases":[],"kind":"parish","boundaryStatus":"statistical","parentId":"es-as-concejo-33066","population":null,"areaKm2":3.8,"density":null,"referenceYear":null,"sourceId":"sadei-parishes","bbox":[-5.6839,43.37973,-5.64029,43.40362],"center":[-5.662095000000001,43.391675]},"geometry":{"type":"Point","coordinates":[-5.662095000000001,43.391675]}},{"type":"Feature","id":"es-as-parish-660900","properties":{"id":"es-as-parish-660900","slug":"siero-celles-ceis","name":"Celles / Ceis","localName":"Celles / Ceis","aliases":[],"kind":"parish","boundaryStatus":"statistical","parentId":"es-as-concejo-33066","population":null,"areaKm2":4.5,"density":null,"referenceYear":null,"sourceId":"sadei-parishes","bbox":[-5.68856,43.39813,-5.65838,43.4292],"center":[-5.67347,43.413665]},"geometry":{"type":"Point","coordinates":[-5.67347,43.413665]}},{"type":"Feature","id":"es-as-parish-681400","properties":{"id":"es-as-parish-681400","slug":"somiedo-villar-de-vildas","name":"Villar De Vildas","localName":"Villar De Vildas","aliases":[],"kind":"parish","boundaryStatus":"statistical","parentId":"es-as-concejo-33068","population":null,"areaKm2":35.1,"density":null,"referenceYear":null,"sourceId":"sadei-parishes","bbox":[-6.36713,43.02831,-6.28941,43.10734],"center":[-6.32827,43.067825]},"geometry":{"type":"Point","coordinates":[-6.32827,43.067825]}},{"type":"Feature","id":"es-as-parish-762500","properties":{"id":"es-as-parish-762500","slug":"villaviciosa-santa-eugenia-santoxenia","name":"Santa Eugenia / Santoxenia","localName":"Santa Eugenia / Santoxenia","aliases":[],"kind":"parish","boundaryStatus":"statistical","parentId":"es-as-concejo-33076","population":null,"areaKm2":3.2,"density":null,"referenceYear":null,"sourceId":"sadei-parishes","bbox":[-5.3663,43.45891,-5.33599,43.47572],"center":[-5.351145,43.467315]},"geometry":{"type":"Point","coordinates":[-5.351145,43.467315]}},{"type":"Feature","id":"es-as-parish-661900","properties":{"id":"es-as-parish-661900","slug":"siero-marcenao","name":"Marcenao","localName":"Marcenao","aliases":[],"kind":"parish","boundaryStatus":"statistical","parentId":"es-as-concejo-33066","population":null,"areaKm2":2.8,"density":null,"referenceYear":null,"sourceId":"sadei-parishes","bbox":[-5.64501,43.38604,-5.60839,43.4033],"center":[-5.6267,43.394670000000005]},"geometry":{"type":"Point","coordinates":[-5.6267,43.394670000000005]}},{"type":"Feature","id":"es-as-parish-662800","properties":{"id":"es-as-parish-662800","slug":"siero-santolaya-de-vixil","name":"Santolaya De Vixil","localName":"Santolaya De Vixil","aliases":[],"kind":"parish","boundaryStatus":"statistical","parentId":"es-as-concejo-33066","population":null,"areaKm2":2.5,"density":null,"referenceYear":null,"sourceId":"sadei-parishes","bbox":[-5.65174,43.36855,-5.62047,43.38892],"center":[-5.636105000000001,43.378735]},"geometry":{"type":"Point","coordinates":[-5.636105000000001,43.378735]}},{"type":"Feature","id":"es-as-parish-660100","properties":{"id":"es-as-parish-660100","slug":"siero-anes-samartindianes","name":"Anes / Samartindianes","localName":"Anes / Samartindianes","aliases":[],"kind":"parish","boundaryStatus":"statistical","parentId":"es-as-concejo-33066","population":null,"areaKm2":32.4,"density":null,"referenceYear":null,"sourceId":"sadei-parishes","bbox":[-5.76035,43.4005,-5.67065,43.46608],"center":[-5.7155000000000005,43.43329]},"geometry":{"type":"Point","coordinates":[-5.7155000000000005,43.43329]}},{"type":"Feature","id":"es-as-parish-670200","properties":{"id":"es-as-parish-670200","slug":"sobrescobio-ovinana","name":"Oviñana","localName":"Oviñana","aliases":[],"kind":"parish","boundaryStatus":"statistical","parentId":"es-as-concejo-33067","population":null,"areaKm2":23,"density":null,"referenceYear":null,"sourceId":"sadei-parishes","bbox":[-5.48687,43.20614,-5.41516,43.25899],"center":[-5.451015,43.232564999999994]},"geometry":{"type":"Point","coordinates":[-5.451015,43.232564999999994]}},{"type":"Feature","id":"es-as-parish-760900","properties":{"id":"es-as-parish-760900","slug":"villaviciosa-candanal","name":"Candanal","localName":"Candanal","aliases":[],"kind":"parish","boundaryStatus":"statistical","parentId":"es-as-concejo-33076","population":null,"areaKm2":14.4,"density":null,"referenceYear":null,"sourceId":"sadei-parishes","bbox":[-5.58551,43.42632,-5.53512,43.47725],"center":[-5.560315,43.451785]},"geometry":{"type":"Point","coordinates":[-5.560315,43.451785]}},{"type":"Feature","id":"es-as-parish-662000","properties":{"id":"es-as-parish-662000","slug":"siero-muno","name":"Muñó","localName":"Muñó","aliases":[],"kind":"parish","boundaryStatus":"statistical","parentId":"es-as-concejo-33066","population":null,"areaKm2":11.8,"density":null,"referenceYear":null,"sourceId":"sadei-parishes","bbox":[-5.67678,43.42106,-5.62121,43.45634],"center":[-5.648994999999999,43.4387]},"geometry":{"type":"Point","coordinates":[-5.648994999999999,43.4387]}},{"type":"Feature","id":"es-as-parish-660300","properties":{"id":"es-as-parish-660300","slug":"siero-cuto-el","name":"Cuto, El","localName":"Cuto, El","aliases":[],"kind":"parish","boundaryStatus":"statistical","parentId":"es-as-concejo-33066","population":null,"areaKm2":1.2,"density":null,"referenceYear":null,"sourceId":"sadei-parishes","bbox":[-5.65726,43.33017,-5.63827,43.34743],"center":[-5.647765,43.338800000000006]},"geometry":{"type":"Point","coordinates":[-5.647765,43.338800000000006]}},{"type":"Feature","id":"es-as-parish-670300","properties":{"id":"es-as-parish-670300","slug":"sobrescobio-soto","name":"Soto","localName":"Soto","aliases":[],"kind":"parish","boundaryStatus":"statistical","parentId":"es-as-concejo-33067","population":null,"areaKm2":37.2,"density":null,"referenceYear":null,"sourceId":"sadei-parishes","bbox":[-5.52034,43.12881,-5.43629,43.21382],"center":[-5.478315,43.171315]},"geometry":{"type":"Point","coordinates":[-5.478315,43.171315]}},{"type":"Feature","id":"es-as-parish-670100","properties":{"id":"es-as-parish-670100","slug":"sobrescobio-llaines-ladines","name":"Llaíñes / Ladines","localName":"Llaíñes / Ladines","aliases":[],"kind":"parish","boundaryStatus":"statistical","parentId":"es-as-concejo-33067","population":null,"areaKm2":9.5,"density":null,"referenceYear":null,"sourceId":"sadei-parishes","bbox":[-5.46834,43.16781,-5.42056,43.21787],"center":[-5.44445,43.192840000000004]},"geometry":{"type":"Point","coordinates":[-5.44445,43.192840000000004]}},{"type":"Feature","id":"es-as-parish-681000","properties":{"id":"es-as-parish-681000","slug":"somiedo-puerto-el","name":"Puerto, El","localName":"Puerto, El","aliases":[],"kind":"parish","boundaryStatus":"statistical","parentId":"es-as-concejo-33068","population":null,"areaKm2":10.4,"density":null,"referenceYear":null,"sourceId":"sadei-parishes","bbox":[-6.28527,43.00891,-6.2185,43.04416],"center":[-6.251885,43.026534999999996]},"geometry":{"type":"Point","coordinates":[-6.251885,43.026534999999996]}},{"type":"Feature","id":"es-as-parish-681200","properties":{"id":"es-as-parish-681200","slug":"somiedo-valle-de-lago","name":"Valle De Lago","localName":"Valle De Lago","aliases":[],"kind":"parish","boundaryStatus":"statistical","parentId":"es-as-concejo-33068","population":null,"areaKm2":28.3,"density":null,"referenceYear":null,"sourceId":"sadei-parishes","bbox":[-6.22402,43.02099,-6.11554,43.08255],"center":[-6.16978,43.05177]},"geometry":{"type":"Point","coordinates":[-6.16978,43.05177]}},{"type":"Feature","id":"es-as-parish-680500","properties":{"id":"es-as-parish-680500","slug":"somiedo-gua","name":"Gua","localName":"Gua","aliases":[],"kind":"parish","boundaryStatus":"statistical","parentId":"es-as-concejo-33068","population":null,"areaKm2":25,"density":null,"referenceYear":null,"sourceId":"sadei-parishes","bbox":[-6.30642,43.02691,-6.21208,43.09098],"center":[-6.25925,43.058945]},"geometry":{"type":"Point","coordinates":[-6.25925,43.058945]}},{"type":"Feature","id":"es-as-parish-680400","properties":{"id":"es-as-parish-680400","slug":"somiedo-endriga","name":"Éndriga","localName":"Éndriga","aliases":[],"kind":"parish","boundaryStatus":"statistical","parentId":"es-as-concejo-33068","population":null,"areaKm2":37.9,"density":null,"referenceYear":null,"sourceId":"sadei-parishes","bbox":[-6.19459,43.02781,-6.08129,43.11815],"center":[-6.13794,43.07298]},"geometry":{"type":"Point","coordinates":[-6.13794,43.07298]}},{"type":"Feature","id":"es-as-parish-680100","properties":{"id":"es-as-parish-680100","slug":"somiedo-aguino","name":"Aguino","localName":"Aguino","aliases":[],"kind":"parish","boundaryStatus":"statistical","parentId":"es-as-concejo-33068","population":null,"areaKm2":15.2,"density":null,"referenceYear":null,"sourceId":"sadei-parishes","bbox":[-6.3102,43.06151,-6.26011,43.12025],"center":[-6.285155,43.09088]},"geometry":{"type":"Point","coordinates":[-6.285155,43.09088]}},{"type":"Feature","id":"es-as-parish-681300","properties":{"id":"es-as-parish-681300","slug":"somiedo-veigas","name":"Veigas","localName":"Veigas","aliases":[],"kind":"parish","boundaryStatus":"statistical","parentId":"es-as-concejo-33068","population":null,"areaKm2":22.2,"density":null,"referenceYear":null,"sourceId":"sadei-parishes","bbox":[-6.24615,43.06446,-6.14413,43.1257],"center":[-6.19514,43.095079999999996]},"geometry":{"type":"Point","coordinates":[-6.19514,43.095079999999996]}},{"type":"Feature","id":"es-as-parish-681500","properties":{"id":"es-as-parish-681500","slug":"somiedo-cores","name":"Corés","localName":"Corés","aliases":[],"kind":"parish","boundaryStatus":"statistical","parentId":"es-as-concejo-33068","population":null,"areaKm2":13.8,"density":null,"referenceYear":null,"sourceId":"sadei-parishes","bbox":[-6.37408,43.09905,-6.29393,43.12871],"center":[-6.334004999999999,43.113879999999995]},"geometry":{"type":"Point","coordinates":[-6.334004999999999,43.113879999999995]}},{"type":"Feature","id":"es-as-parish-680900","properties":{"id":"es-as-parish-680900","slug":"somiedo-pola-de-somiedo","name":"Pola De Somiedo","localName":"Pola De Somiedo","aliases":[],"kind":"parish","boundaryStatus":"statistical","parentId":"es-as-concejo-33068","population":null,"areaKm2":19,"density":null,"referenceYear":null,"sourceId":"sadei-parishes","bbox":[-6.28815,43.07784,-6.22277,43.14573],"center":[-6.255459999999999,43.111785]},"geometry":{"type":"Point","coordinates":[-6.255459999999999,43.111785]}},{"type":"Feature","id":"es-as-parish-680800","properties":{"id":"es-as-parish-680800","slug":"somiedo-piguena","name":"Pigüeña","localName":"Pigüeña","aliases":[],"kind":"parish","boundaryStatus":"statistical","parentId":"es-as-concejo-33068","population":null,"areaKm2":17.2,"density":null,"referenceYear":null,"sourceId":"sadei-parishes","bbox":[-6.37732,43.11675,-6.31457,43.16276],"center":[-6.345945,43.139755]},"geometry":{"type":"Point","coordinates":[-6.345945,43.139755]}},{"type":"Feature","id":"es-as-parish-680600","properties":{"id":"es-as-parish-680600","slug":"somiedo-morteras-las","name":"Morteras, Las","localName":"Morteras, Las","aliases":[],"kind":"parish","boundaryStatus":"statistical","parentId":"es-as-concejo-33068","population":null,"areaKm2":13.8,"density":null,"referenceYear":null,"sourceId":"sadei-parishes","bbox":[-6.2495,43.12209,-6.18998,43.16468],"center":[-6.21974,43.143384999999995]},"geometry":{"type":"Point","coordinates":[-6.21974,43.143384999999995]}},{"type":"Feature","id":"es-as-parish-681100","properties":{"id":"es-as-parish-681100","slug":"somiedo-riera-la","name":"Riera, La","localName":"Riera, La","aliases":[],"kind":"parish","boundaryStatus":"statistical","parentId":"es-as-concejo-33068","population":null,"areaKm2":8,"density":null,"referenceYear":null,"sourceId":"sadei-parishes","bbox":[-6.28031,43.13423,-6.23337,43.16947],"center":[-6.25684,43.151849999999996]},"geometry":{"type":"Point","coordinates":[-6.25684,43.151849999999996]}},{"type":"Feature","id":"es-as-parish-680700","properties":{"id":"es-as-parish-680700","slug":"somiedo-pigueces","name":"Pigüeces","localName":"Pigüeces","aliases":[],"kind":"parish","boundaryStatus":"statistical","parentId":"es-as-concejo-33068","population":null,"areaKm2":24.9,"density":null,"referenceYear":null,"sourceId":"sadei-parishes","bbox":[-6.35431,43.11722,-6.2755,43.18944],"center":[-6.3149049999999995,43.15333]},"geometry":{"type":"Point","coordinates":[-6.3149049999999995,43.15333]}},{"type":"Feature","id":"es-as-parish-690200","properties":{"id":"es-as-parish-690200","slug":"soto-del-barco-ranon","name":"Ranón","localName":"Ranón","aliases":[],"kind":"parish","boundaryStatus":"statistical","parentId":"es-as-concejo-33069","population":null,"areaKm2":5.6,"density":null,"referenceYear":null,"sourceId":"sadei-parishes","bbox":[-6.08311,43.54488,-6.04221,43.57168],"center":[-6.062659999999999,43.558279999999996]},"geometry":{"type":"Point","coordinates":[-6.062659999999999,43.558279999999996]}},{"type":"Feature","id":"es-as-parish-690400","properties":{"id":"es-as-parish-690400","slug":"soto-del-barco-sotu","name":"Sotu","localName":"Sotu","aliases":[],"kind":"parish","boundaryStatus":"statistical","parentId":"es-as-concejo-33069","population":null,"areaKm2":8.9,"density":null,"referenceYear":null,"sourceId":"sadei-parishes","bbox":[-6.09304,43.51481,-6.03801,43.55417],"center":[-6.065525,43.53449]},"geometry":{"type":"Point","coordinates":[-6.065525,43.53449]}},{"type":"Feature","id":"es-as-parish-690100","properties":{"id":"es-as-parish-690100","slug":"soto-del-barco-corrada-la","name":"Corrada, La","localName":"Corrada, La","aliases":[],"kind":"parish","boundaryStatus":"statistical","parentId":"es-as-concejo-33069","population":null,"areaKm2":10.9,"density":null,"referenceYear":null,"sourceId":"sadei-parishes","bbox":[-6.0677,43.50482,-6.01757,43.5475],"center":[-6.042635000000001,43.526160000000004]},"geometry":{"type":"Point","coordinates":[-6.042635000000001,43.526160000000004]}},{"type":"Feature","id":"es-as-parish-690300","properties":{"id":"es-as-parish-690300","slug":"soto-del-barco-riberas","name":"Riberas","localName":"Riberas","aliases":[],"kind":"parish","boundaryStatus":"statistical","parentId":"es-as-concejo-33069","population":null,"areaKm2":10.1,"density":null,"referenceYear":null,"sourceId":"sadei-parishes","bbox":[-6.08502,43.48012,-6.02172,43.51599],"center":[-6.05337,43.498055]},"geometry":{"type":"Point","coordinates":[-6.05337,43.498055]}},{"type":"Feature","id":"es-as-parish-700200","properties":{"id":"es-as-parish-700200","slug":"tapia-de-casariego-roda-la","name":"Roda, La","localName":"Roda, La","aliases":[],"kind":"parish","boundaryStatus":"statistical","parentId":"es-as-concejo-33070","population":null,"areaKm2":34.9,"density":null,"referenceYear":null,"sourceId":"sadei-parishes","bbox":[-6.95781,43.46246,-6.87263,43.54656],"center":[-6.91522,43.504509999999996]},"geometry":{"type":"Point","coordinates":[-6.91522,43.504509999999996]}},{"type":"Feature","id":"es-as-parish-720100","properties":{"id":"es-as-parish-720100","slug":"teverga-alesga","name":"Alesga","localName":"Alesga","aliases":[],"kind":"parish","boundaryStatus":"statistical","parentId":"es-as-concejo-33072","population":null,"areaKm2":12.2,"density":null,"referenceYear":null,"sourceId":"sadei-parishes","bbox":[-6.09348,43.10573,-6.02409,43.15134],"center":[-6.058785,43.128535]},"geometry":{"type":"Point","coordinates":[-6.058785,43.128535]}},{"type":"Feature","id":"es-as-parish-700300","properties":{"id":"es-as-parish-700300","slug":"tapia-de-casariego-serantes","name":"Serantes","localName":"Serantes","aliases":[],"kind":"parish","boundaryStatus":"statistical","parentId":"es-as-concejo-33070","population":null,"areaKm2":13.5,"density":null,"referenceYear":null,"sourceId":"sadei-parishes","bbox":[-6.99639,43.49092,-6.92109,43.56821],"center":[-6.958740000000001,43.529565000000005]},"geometry":{"type":"Point","coordinates":[-6.958740000000001,43.529565000000005]}},{"type":"Feature","id":"es-as-parish-700100","properties":{"id":"es-as-parish-700100","slug":"tapia-de-casariego-campos-y-salave","name":"Campos Y Salave","localName":"Campos Y Salave","aliases":[],"kind":"parish","boundaryStatus":"statistical","parentId":"es-as-concejo-33070","population":null,"areaKm2":9.2,"density":null,"referenceYear":null,"sourceId":"sadei-parishes","bbox":[-6.92497,43.54401,-6.87515,43.57292],"center":[-6.90006,43.558465]},"geometry":{"type":"Point","coordinates":[-6.90006,43.558465]}},{"type":"Feature","id":"es-as-parish-710100","properties":{"id":"es-as-parish-710100","slug":"taramundi-bres","name":"Bres","localName":"Bres","aliases":[],"kind":"parish","boundaryStatus":"statistical","parentId":"es-as-concejo-33071","population":null,"areaKm2":23.4,"density":null,"referenceYear":null,"sourceId":"sadei-parishes","bbox":[-7.07912,43.32453,-7.02041,43.39338],"center":[-7.049765,43.358955]},"geometry":{"type":"Point","coordinates":[-7.049765,43.358955]}},{"type":"Feature","id":"es-as-parish-720700","properties":{"id":"es-as-parish-720700","slug":"teverga-riello","name":"Riello","localName":"Riello","aliases":[],"kind":"parish","boundaryStatus":"statistical","parentId":"es-as-concejo-33072","population":null,"areaKm2":5.9,"density":null,"referenceYear":null,"sourceId":"sadei-parishes","bbox":[-6.10873,43.12911,-6.0744,43.1603],"center":[-6.091565,43.144705]},"geometry":{"type":"Point","coordinates":[-6.091565,43.144705]}},{"type":"Feature","id":"es-as-parish-700400","properties":{"id":"es-as-parish-700400","slug":"tapia-de-casariego-tapia-de-casariego","name":"Tapia De Casariego","localName":"Tapia De Casariego","aliases":[],"kind":"parish","boundaryStatus":"statistical","parentId":"es-as-concejo-33070","population":null,"areaKm2":8.5,"density":null,"referenceYear":null,"sourceId":"sadei-parishes","bbox":[-6.95694,43.53417,-6.91427,43.57788],"center":[-6.935605000000001,43.556025000000005]},"geometry":{"type":"Point","coordinates":[-6.935605000000001,43.556025000000005]}},{"type":"Feature","id":"es-as-parish-710400","properties":{"id":"es-as-parish-710400","slug":"taramundi-veigas-as","name":"Veigas, As","localName":"Veigas, As","aliases":[],"kind":"parish","boundaryStatus":"statistical","parentId":"es-as-concejo-33071","population":null,"areaKm2":21.7,"density":null,"referenceYear":null,"sourceId":"sadei-parishes","bbox":[-7.12631,43.29982,-7.04571,43.35195],"center":[-7.08601,43.325885]},"geometry":{"type":"Point","coordinates":[-7.08601,43.325885]}},{"type":"Feature","id":"es-as-parish-710300","properties":{"id":"es-as-parish-710300","slug":"taramundi-taramundi","name":"Taramundi","localName":"Taramundi","aliases":[],"kind":"parish","boundaryStatus":"statistical","parentId":"es-as-concejo-33071","population":null,"areaKm2":27.3,"density":null,"referenceYear":null,"sourceId":"sadei-parishes","bbox":[-7.13437,43.33025,-7.06539,43.40701],"center":[-7.09988,43.368629999999996]},"geometry":{"type":"Point","coordinates":[-7.09988,43.368629999999996]}},{"type":"Feature","id":"es-as-parish-710200","properties":{"id":"es-as-parish-710200","slug":"taramundi-ouria","name":"Ouria","localName":"Ouria","aliases":[],"kind":"parish","boundaryStatus":"statistical","parentId":"es-as-concejo-33071","population":null,"areaKm2":9.9,"density":null,"referenceYear":null,"sourceId":"sadei-parishes","bbox":[-7.08423,43.38832,-7.03647,43.42697],"center":[-7.06035,43.407645]},"geometry":{"type":"Point","coordinates":[-7.06035,43.407645]}},{"type":"Feature","id":"es-as-parish-720500","properties":{"id":"es-as-parish-720500","slug":"teverga-paramo","name":"Páramo","localName":"Páramo","aliases":[],"kind":"parish","boundaryStatus":"statistical","parentId":"es-as-concejo-33072","population":null,"areaKm2":19.9,"density":null,"referenceYear":null,"sourceId":"sadei-parishes","bbox":[-6.05214,43.05344,-6.00201,43.11732],"center":[-6.027075,43.08538]},"geometry":{"type":"Point","coordinates":[-6.027075,43.08538]}},{"type":"Feature","id":"es-as-parish-720400","properties":{"id":"es-as-parish-720400","slug":"teverga-focella-la","name":"Focella, La","localName":"Focella, La","aliases":[],"kind":"parish","boundaryStatus":"statistical","parentId":"es-as-concejo-33072","population":null,"areaKm2":14.5,"density":null,"referenceYear":null,"sourceId":"sadei-parishes","bbox":[-6.08225,43.06489,-6.04364,43.12578],"center":[-6.062945,43.095335]},"geometry":{"type":"Point","coordinates":[-6.062945,43.095335]}},{"type":"Feature","id":"es-as-parish-721000","properties":{"id":"es-as-parish-721000","slug":"teverga-torce","name":"Torce","localName":"Torce","aliases":[],"kind":"parish","boundaryStatus":"statistical","parentId":"es-as-concejo-33072","population":null,"areaKm2":7.4,"density":null,"referenceYear":null,"sourceId":"sadei-parishes","bbox":[-6.0996,43.0759,-6.07182,43.12583],"center":[-6.08571,43.100865]},"geometry":{"type":"Point","coordinates":[-6.08571,43.100865]}},{"type":"Feature","id":"es-as-parish-720200","properties":{"id":"es-as-parish-720200","slug":"teverga-barrio","name":"Barrio","localName":"Barrio","aliases":[],"kind":"parish","boundaryStatus":"statistical","parentId":"es-as-concejo-33072","population":null,"areaKm2":15.1,"density":null,"referenceYear":null,"sourceId":"sadei-parishes","bbox":[-6.1389,43.08685,-6.08378,43.14139],"center":[-6.11134,43.11412]},"geometry":{"type":"Point","coordinates":[-6.11134,43.11412]}},{"type":"Feature","id":"es-as-parish-734100","properties":{"id":"es-as-parish-734100","slug":"tineo-tronceu","name":"Troncéu","localName":"Troncéu","aliases":[],"kind":"parish","boundaryStatus":"statistical","parentId":"es-as-concejo-33073","population":null,"areaKm2":2.1,"density":null,"referenceYear":null,"sourceId":"sadei-parishes","bbox":[-6.5156,43.3456,-6.49984,43.3714],"center":[-6.50772,43.3585]},"geometry":{"type":"Point","coordinates":[-6.50772,43.3585]}},{"type":"Feature","id":"es-as-parish-721300","properties":{"id":"es-as-parish-721300","slug":"teverga-villanueva","name":"Villanueva","localName":"Villanueva","aliases":[],"kind":"parish","boundaryStatus":"statistical","parentId":"es-as-concejo-33072","population":null,"areaKm2":30.1,"density":null,"referenceYear":null,"sourceId":"sadei-parishes","bbox":[-6.20991,43.10611,-6.11836,43.16691],"center":[-6.164135,43.13651]},"geometry":{"type":"Point","coordinates":[-6.164135,43.13651]}},{"type":"Feature","id":"es-as-parish-720300","properties":{"id":"es-as-parish-720300","slug":"teverga-carrea","name":"Carrea","localName":"Carrea","aliases":[],"kind":"parish","boundaryStatus":"statistical","parentId":"es-as-concejo-33072","population":null,"areaKm2":9.4,"density":null,"referenceYear":null,"sourceId":"sadei-parishes","bbox":[-6.08857,43.13771,-6.03892,43.17526],"center":[-6.063745,43.156485]},"geometry":{"type":"Point","coordinates":[-6.063745,43.156485]}},{"type":"Feature","id":"es-as-parish-720600","properties":{"id":"es-as-parish-720600","slug":"teverga-plaza-la","name":"Plaza, La","localName":"Plaza, La","aliases":[],"kind":"parish","boundaryStatus":"statistical","parentId":"es-as-concejo-33072","population":null,"areaKm2":10.6,"density":null,"referenceYear":null,"sourceId":"sadei-parishes","bbox":[-6.12904,43.13336,-6.07213,43.18844],"center":[-6.100585,43.1609]},"geometry":{"type":"Point","coordinates":[-6.100585,43.1609]}},{"type":"Feature","id":"es-as-parish-720900","properties":{"id":"es-as-parish-720900","slug":"teverga-taja","name":"Taja","localName":"Taja","aliases":[],"kind":"parish","boundaryStatus":"statistical","parentId":"es-as-concejo-33072","population":null,"areaKm2":14.7,"density":null,"referenceYear":null,"sourceId":"sadei-parishes","bbox":[-6.21821,43.14785,-6.15715,43.19901],"center":[-6.18768,43.173429999999996]},"geometry":{"type":"Point","coordinates":[-6.18768,43.173429999999996]}},{"type":"Feature","id":"es-as-parish-721100","properties":{"id":"es-as-parish-721100","slug":"teverga-urria","name":"Urria","localName":"Urria","aliases":[],"kind":"parish","boundaryStatus":"statistical","parentId":"es-as-concejo-33072","population":null,"areaKm2":5.7,"density":null,"referenceYear":null,"sourceId":"sadei-parishes","bbox":[-6.17863,43.15817,-6.14747,43.21078],"center":[-6.16305,43.184475]},"geometry":{"type":"Point","coordinates":[-6.16305,43.184475]}},{"type":"Feature","id":"es-as-parish-721200","properties":{"id":"es-as-parish-721200","slug":"teverga-villamayor","name":"Villamayor","localName":"Villamayor","aliases":[],"kind":"parish","boundaryStatus":"statistical","parentId":"es-as-concejo-33072","population":null,"areaKm2":8.4,"density":null,"referenceYear":null,"sourceId":"sadei-parishes","bbox":[-6.16042,43.18342,-6.12492,43.21802],"center":[-6.142670000000001,43.200720000000004]},"geometry":{"type":"Point","coordinates":[-6.142670000000001,43.200720000000004]}},{"type":"Feature","id":"es-as-parish-732700","properties":{"id":"es-as-parish-732700","slug":"tineo-san-esteban-de-rel-lamiegu","name":"San Esteban De Rel.lamiegu","localName":"San Esteban De Rel.lamiegu","aliases":[],"kind":"parish","boundaryStatus":"statistical","parentId":"es-as-concejo-33073","population":null,"areaKm2":5.4,"density":null,"referenceYear":null,"sourceId":"sadei-parishes","bbox":[-6.49222,43.30186,-6.4593,43.33008],"center":[-6.475759999999999,43.31597]},"geometry":{"type":"Point","coordinates":[-6.475759999999999,43.31597]}},{"type":"Feature","id":"es-as-parish-720800","properties":{"id":"es-as-parish-720800","slug":"teverga-santianes","name":"Santianes","localName":"Santianes","aliases":[],"kind":"parish","boundaryStatus":"statistical","parentId":"es-as-concejo-33072","population":null,"areaKm2":22.5,"density":null,"referenceYear":null,"sourceId":"sadei-parishes","bbox":[-6.15462,43.16379,-6.09031,43.23548],"center":[-6.122465,43.199635]},"geometry":{"type":"Point","coordinates":[-6.122465,43.199635]}},{"type":"Feature","id":"es-as-parish-731400","properties":{"id":"es-as-parish-731400","slug":"tineo-xinestaza","name":"Xinestaza","localName":"Xinestaza","aliases":[],"kind":"parish","boundaryStatus":"statistical","parentId":"es-as-concejo-33073","population":null,"areaKm2":23.5,"density":null,"referenceYear":null,"sourceId":"sadei-parishes","bbox":[-6.38087,43.15906,-6.32221,43.23849],"center":[-6.35154,43.198775]},"geometry":{"type":"Point","coordinates":[-6.35154,43.198775]}},{"type":"Feature","id":"es-as-parish-733100","properties":{"id":"es-as-parish-733100","slug":"tineo-san-fliz","name":"San Fliz","localName":"San Fliz","aliases":[],"kind":"parish","boundaryStatus":"statistical","parentId":"es-as-concejo-33073","population":null,"areaKm2":12.8,"density":null,"referenceYear":null,"sourceId":"sadei-parishes","bbox":[-6.58435,43.24313,-6.50962,43.27426],"center":[-6.546984999999999,43.258695]},"geometry":{"type":"Point","coordinates":[-6.546984999999999,43.258695]}},{"type":"Feature","id":"es-as-parish-734200","properties":{"id":"es-as-parish-734200","slug":"tineo-tuna","name":"Tuña","localName":"Tuña","aliases":[],"kind":"parish","boundaryStatus":"statistical","parentId":"es-as-concejo-33073","population":null,"areaKm2":20.2,"density":null,"referenceYear":null,"sourceId":"sadei-parishes","bbox":[-6.40294,43.22889,-6.3152,43.29157],"center":[-6.35907,43.26023]},"geometry":{"type":"Point","coordinates":[-6.35907,43.26023]}},{"type":"Feature","id":"es-as-parish-733600","properties":{"id":"es-as-parish-733600","slug":"tineo-santianes","name":"Santianes","localName":"Santianes","aliases":[],"kind":"parish","boundaryStatus":"statistical","parentId":"es-as-concejo-33073","population":null,"areaKm2":11.9,"density":null,"referenceYear":null,"sourceId":"sadei-parishes","bbox":[-6.42234,43.25498,-6.36898,43.29518],"center":[-6.3956599999999995,43.27508]},"geometry":{"type":"Point","coordinates":[-6.3956599999999995,43.27508]}},{"type":"Feature","id":"es-as-parish-730100","properties":{"id":"es-as-parish-730100","slug":"tineo-arganza","name":"Arganza","localName":"Arganza","aliases":[],"kind":"parish","boundaryStatus":"statistical","parentId":"es-as-concejo-33073","population":null,"areaKm2":14.9,"density":null,"referenceYear":null,"sourceId":"sadei-parishes","bbox":[-6.53979,43.23623,-6.45458,43.29545],"center":[-6.497185,43.26584]},"geometry":{"type":"Point","coordinates":[-6.497185,43.26584]}},{"type":"Feature","id":"es-as-parish-733000","properties":{"id":"es-as-parish-733000","slug":"tineo-san-fagondu","name":"San Fagondu","localName":"San Fagondu","aliases":[],"kind":"parish","boundaryStatus":"statistical","parentId":"es-as-concejo-33073","population":null,"areaKm2":11.9,"density":null,"referenceYear":null,"sourceId":"sadei-parishes","bbox":[-6.59029,43.26906,-6.50776,43.29828],"center":[-6.549025,43.28367]},"geometry":{"type":"Point","coordinates":[-6.549025,43.28367]}},{"type":"Feature","id":"es-as-parish-731500","properties":{"id":"es-as-parish-731500","slug":"tineo-merias","name":"Merías","localName":"Merías","aliases":[],"kind":"parish","boundaryStatus":"statistical","parentId":"es-as-concejo-33073","population":null,"areaKm2":8.4,"density":null,"referenceYear":null,"sourceId":"sadei-parishes","bbox":[-6.37042,43.26434,-6.32683,43.29966],"center":[-6.348625,43.282]},"geometry":{"type":"Point","coordinates":[-6.348625,43.282]}},{"type":"Feature","id":"es-as-parish-732600","properties":{"id":"es-as-parish-732600","slug":"tineo-pozon-el","name":"Pozón, El","localName":"Pozón, El","aliases":[],"kind":"parish","boundaryStatus":"statistical","parentId":"es-as-concejo-33073","population":null,"areaKm2":8.7,"density":null,"referenceYear":null,"sourceId":"sadei-parishes","bbox":[-6.53005,43.27126,-6.45955,43.30552],"center":[-6.4948,43.28839]},"geometry":{"type":"Point","coordinates":[-6.4948,43.28839]}},{"type":"Feature","id":"es-as-parish-732500","properties":{"id":"es-as-parish-732500","slug":"tineo-porciles","name":"Porciles","localName":"Porciles","aliases":[],"kind":"parish","boundaryStatus":"statistical","parentId":"es-as-concejo-33073","population":null,"areaKm2":14,"density":null,"referenceYear":null,"sourceId":"sadei-parishes","bbox":[-6.63587,43.27938,-6.54928,43.3114],"center":[-6.592575,43.29539]},"geometry":{"type":"Point","coordinates":[-6.592575,43.29539]}},{"type":"Feature","id":"es-as-parish-730300","properties":{"id":"es-as-parish-730300","slug":"tineo-soutu","name":"Soutu","localName":"Soutu","aliases":[],"kind":"parish","boundaryStatus":"statistical","parentId":"es-as-concejo-33073","population":null,"areaKm2":8.3,"density":null,"referenceYear":null,"sourceId":"sadei-parishes","bbox":[-6.41554,43.28687,-6.34196,43.31235],"center":[-6.37875,43.29961]},"geometry":{"type":"Point","coordinates":[-6.37875,43.29961]}},{"type":"Feature","id":"es-as-parish-732900","properties":{"id":"es-as-parish-732900","slug":"tineo-rodical-el","name":"Rodical, El","localName":"Rodical, El","aliases":[],"kind":"parish","boundaryStatus":"statistical","parentId":"es-as-concejo-33073","population":null,"areaKm2":6.2,"density":null,"referenceYear":null,"sourceId":"sadei-parishes","bbox":[-6.42581,43.29274,-6.37735,43.32512],"center":[-6.40158,43.308930000000004]},"geometry":{"type":"Point","coordinates":[-6.40158,43.308930000000004]}},{"type":"Feature","id":"es-as-parish-733700","properties":{"id":"es-as-parish-733700","slug":"tineo-sobrau","name":"Sobráu","localName":"Sobráu","aliases":[],"kind":"parish","boundaryStatus":"statistical","parentId":"es-as-concejo-33073","population":null,"areaKm2":8,"density":null,"referenceYear":null,"sourceId":"sadei-parishes","bbox":[-6.56607,43.29192,-6.51421,43.33095],"center":[-6.54014,43.311435]},"geometry":{"type":"Point","coordinates":[-6.54014,43.311435]}},{"type":"Feature","id":"es-as-parish-733400","properties":{"id":"es-as-parish-733400","slug":"tineo-sangoneu","name":"Sangoñéu","localName":"Sangoñéu","aliases":[],"kind":"parish","boundaryStatus":"statistical","parentId":"es-as-concejo-33073","population":null,"areaKm2":8.8,"density":null,"referenceYear":null,"sourceId":"sadei-parishes","bbox":[-6.59251,43.30394,-6.53255,43.34086],"center":[-6.56253,43.3224]},"geometry":{"type":"Point","coordinates":[-6.56253,43.3224]}},{"type":"Feature","id":"es-as-parish-730500","properties":{"id":"es-as-parish-730500","slug":"tineo-bourres","name":"Bourres","localName":"Bourres","aliases":[],"kind":"parish","boundaryStatus":"statistical","parentId":"es-as-concejo-33073","population":null,"areaKm2":3,"density":null,"referenceYear":null,"sourceId":"sadei-parishes","bbox":[-6.57858,43.32063,-6.5462,43.34389],"center":[-6.56239,43.332260000000005]},"geometry":{"type":"Point","coordinates":[-6.56239,43.332260000000005]}},{"type":"Feature","id":"es-as-parish-732400","properties":{"id":"es-as-parish-732400","slug":"tineo-santuyanu","name":"Santuyanu","localName":"Santuyanu","aliases":[],"kind":"parish","boundaryStatus":"statistical","parentId":"es-as-concejo-33073","population":null,"areaKm2":12.9,"density":null,"referenceYear":null,"sourceId":"sadei-parishes","bbox":[-6.46801,43.29274,-6.41591,43.34572],"center":[-6.44196,43.319230000000005]},"geometry":{"type":"Point","coordinates":[-6.44196,43.319230000000005]}},{"type":"Feature","id":"es-as-parish-730200","properties":{"id":"es-as-parish-730200","slug":"tineo-campucaldera","name":"Campucaldera","localName":"Campucaldera","aliases":[],"kind":"parish","boundaryStatus":"statistical","parentId":"es-as-concejo-33073","population":null,"areaKm2":11.7,"density":null,"referenceYear":null,"sourceId":"sadei-parishes","bbox":[-6.38223,43.29463,-6.33754,43.35237],"center":[-6.359885,43.323499999999996]},"geometry":{"type":"Point","coordinates":[-6.359885,43.323499999999996]}},{"type":"Feature","id":"es-as-parish-732000","properties":{"id":"es-as-parish-732000","slug":"tineo-nieres","name":"Nieres","localName":"Nieres","aliases":[],"kind":"parish","boundaryStatus":"statistical","parentId":"es-as-concejo-33073","population":null,"areaKm2":14.6,"density":null,"referenceYear":null,"sourceId":"sadei-parishes","bbox":[-6.34914,43.29841,-6.29908,43.35474],"center":[-6.32411,43.326575]},"geometry":{"type":"Point","coordinates":[-6.32411,43.326575]}},{"type":"Feature","id":"es-as-parish-761400","properties":{"id":"es-as-parish-761400","slug":"villaviciosa-celada","name":"Celada","localName":"Celada","aliases":[],"kind":"parish","boundaryStatus":"statistical","parentId":"es-as-concejo-33076","population":null,"areaKm2":7,"density":null,"referenceYear":null,"sourceId":"sadei-parishes","bbox":[-5.47213,43.41143,-5.4329,43.44986],"center":[-5.452515,43.430645]},"geometry":{"type":"Point","coordinates":[-5.452515,43.430645]}},{"type":"Feature","id":"es-as-parish-730900","properties":{"id":"es-as-parish-730900","slug":"tineo-santiau","name":"Santiáu","localName":"Santiáu","aliases":[],"kind":"parish","boundaryStatus":"statistical","parentId":"es-as-concejo-33073","population":null,"areaKm2":26.2,"density":null,"referenceYear":null,"sourceId":"sadei-parishes","bbox":[-6.6614,43.3025,-6.55336,43.35632],"center":[-6.60738,43.329409999999996]},"geometry":{"type":"Point","coordinates":[-6.60738,43.329409999999996]}},{"type":"Feature","id":"es-as-parish-730700","properties":{"id":"es-as-parish-730700","slug":"tineo-bustiel-lu","name":"Bustiel.lu","localName":"Bustiel.lu","aliases":[],"kind":"parish","boundaryStatus":"statistical","parentId":"es-as-concejo-33073","population":null,"areaKm2":3.8,"density":null,"referenceYear":null,"sourceId":"sadei-parishes","bbox":[-6.54749,43.33122,-6.51379,43.35785],"center":[-6.53064,43.344535]},"geometry":{"type":"Point","coordinates":[-6.53064,43.344535]}},{"type":"Feature","id":"es-as-parish-733500","properties":{"id":"es-as-parish-733500","slug":"tineo-santolaya","name":"Santolaya","localName":"Santolaya","aliases":[],"kind":"parish","boundaryStatus":"statistical","parentId":"es-as-concejo-33073","population":null,"areaKm2":11.5,"density":null,"referenceYear":null,"sourceId":"sadei-parishes","bbox":[-6.41325,43.31739,-6.36684,43.36879],"center":[-6.390045,43.343090000000004]},"geometry":{"type":"Point","coordinates":[-6.390045,43.343090000000004]}},{"type":"Feature","id":"es-as-parish-734000","properties":{"id":"es-as-parish-734000","slug":"tineo-tineu","name":"Tinéu","localName":"Tinéu","aliases":[],"kind":"parish","boundaryStatus":"statistical","parentId":"es-as-concejo-33073","population":null,"areaKm2":14.3,"density":null,"referenceYear":null,"sourceId":"sadei-parishes","bbox":[-6.44249,43.31683,-6.39751,43.36981],"center":[-6.42,43.343320000000006]},"geometry":{"type":"Point","coordinates":[-6.42,43.343320000000006]}},{"type":"Feature","id":"es-as-parish-731100","properties":{"id":"es-as-parish-731100","slug":"tineo-col-lada","name":"Col.lada","localName":"Col.lada","aliases":[],"kind":"parish","boundaryStatus":"statistical","parentId":"es-as-concejo-33073","population":null,"areaKm2":18.9,"density":null,"referenceYear":null,"sourceId":"sadei-parishes","bbox":[-6.63835,43.33606,-6.54383,43.37646],"center":[-6.5910899999999994,43.356260000000006]},"geometry":{"type":"Point","coordinates":[-6.5910899999999994,43.356260000000006]}},{"type":"Feature","id":"es-as-parish-732100","properties":{"id":"es-as-parish-732100","slug":"tineo-oubona","name":"Oubona","localName":"Oubona","aliases":[],"kind":"parish","boundaryStatus":"statistical","parentId":"es-as-concejo-33073","population":null,"areaKm2":16.9,"density":null,"referenceYear":null,"sourceId":"sadei-parishes","bbox":[-6.52248,43.32802,-6.42618,43.3792],"center":[-6.47433,43.35361]},"geometry":{"type":"Point","coordinates":[-6.47433,43.35361]}},{"type":"Feature","id":"es-as-parish-732200","properties":{"id":"es-as-parish-732200","slug":"tineo-pedregal-el","name":"Pedregal, El","localName":"Pedregal, El","aliases":[],"kind":"parish","boundaryStatus":"statistical","parentId":"es-as-concejo-33073","population":null,"areaKm2":8,"density":null,"referenceYear":null,"sourceId":"sadei-parishes","bbox":[-6.39104,43.35181,-6.33984,43.38223],"center":[-6.3654399999999995,43.36702]},"geometry":{"type":"Point","coordinates":[-6.3654399999999995,43.36702]}},{"type":"Feature","id":"es-as-parish-730400","properties":{"id":"es-as-parish-730400","slug":"tineo-barzana","name":"Bárzana","localName":"Bárzana","aliases":[],"kind":"parish","boundaryStatus":"statistical","parentId":"es-as-concejo-33073","population":null,"areaKm2":11,"density":null,"referenceYear":null,"sourceId":"sadei-parishes","bbox":[-6.55586,43.33953,-6.50069,43.3844],"center":[-6.528275,43.361965]},"geometry":{"type":"Point","coordinates":[-6.528275,43.361965]}},{"type":"Feature","id":"es-as-parish-731300","properties":{"id":"es-as-parish-731300","slug":"tineo-francos","name":"Francos","localName":"Francos","aliases":[],"kind":"parish","boundaryStatus":"statistical","parentId":"es-as-concejo-33073","population":null,"areaKm2":6.5,"density":null,"referenceYear":null,"sourceId":"sadei-parishes","bbox":[-6.50643,43.35232,-6.46958,43.38902],"center":[-6.488004999999999,43.370670000000004]},"geometry":{"type":"Point","coordinates":[-6.488004999999999,43.370670000000004]}},{"type":"Feature","id":"es-as-parish-732300","properties":{"id":"es-as-parish-732300","slug":"tineo-preda-la","name":"Preda, La","localName":"Preda, La","aliases":[],"kind":"parish","boundaryStatus":"statistical","parentId":"es-as-concejo-33073","population":null,"areaKm2":12.2,"density":null,"referenceYear":null,"sourceId":"sadei-parishes","bbox":[-6.36868,43.33916,-6.30815,43.39276],"center":[-6.338415,43.36596]},"geometry":{"type":"Point","coordinates":[-6.338415,43.36596]}},{"type":"Feature","id":"es-as-parish-763900","properties":{"id":"es-as-parish-763900","slug":"villaviciosa-samartin-de-valles","name":"Samartín De Vallés","localName":"Samartín De Vallés","aliases":[],"kind":"parish","boundaryStatus":"statistical","parentId":"es-as-concejo-33076","population":null,"areaKm2":8.6,"density":null,"referenceYear":null,"sourceId":"sadei-parishes","bbox":[-5.38026,43.4069,-5.33959,43.45143],"center":[-5.3599250000000005,43.429165]},"geometry":{"type":"Point","coordinates":[-5.3599250000000005,43.429165]}},{"type":"Feature","id":"es-as-parish-733900","properties":{"id":"es-as-parish-733900","slug":"tineo-tablau","name":"Tabláu","localName":"Tabláu","aliases":[],"kind":"parish","boundaryStatus":"statistical","parentId":"es-as-concejo-33073","population":null,"areaKm2":7.5,"density":null,"referenceYear":null,"sourceId":"sadei-parishes","bbox":[-6.48193,43.35269,-6.4478,43.3981],"center":[-6.464865,43.375395]},"geometry":{"type":"Point","coordinates":[-6.464865,43.375395]}},{"type":"Feature","id":"es-as-parish-734400","properties":{"id":"es-as-parish-734400","slug":"tineo-zardain","name":"Zardaín","localName":"Zardaín","aliases":[],"kind":"parish","boundaryStatus":"statistical","parentId":"es-as-concejo-33073","population":null,"areaKm2":1.5,"density":null,"referenceYear":null,"sourceId":"sadei-parishes","bbox":[-6.56177,43.38182,-6.5453,43.39891],"center":[-6.553535,43.390365]},"geometry":{"type":"Point","coordinates":[-6.553535,43.390365]}},{"type":"Feature","id":"es-as-parish-734300","properties":{"id":"es-as-parish-734300","slug":"tineo-vil-latresmil","name":"Vil.latresmil","localName":"Vil.latresmil","aliases":[],"kind":"parish","boundaryStatus":"statistical","parentId":"es-as-concejo-33073","population":null,"areaKm2":14.8,"density":null,"referenceYear":null,"sourceId":"sadei-parishes","bbox":[-6.47456,43.3643,-6.38812,43.40392],"center":[-6.4313400000000005,43.38411]},"geometry":{"type":"Point","coordinates":[-6.4313400000000005,43.38411]}},{"type":"Feature","id":"es-as-parish-731600","properties":{"id":"es-as-parish-731600","slug":"tineo-santolaya-de-minu","name":"Santolaya De Miñu","localName":"Santolaya De Miñu","aliases":[],"kind":"parish","boundaryStatus":"statistical","parentId":"es-as-concejo-33073","population":null,"areaKm2":14.7,"density":null,"referenceYear":null,"sourceId":"sadei-parishes","bbox":[-6.60572,43.36304,-6.52008,43.40594],"center":[-6.5629,43.38449]},"geometry":{"type":"Point","coordinates":[-6.5629,43.38449]}},{"type":"Feature","id":"es-as-parish-733200","properties":{"id":"es-as-parish-733200","slug":"tineo-san-frichosu","name":"San Frichosu","localName":"San Frichosu","aliases":[],"kind":"parish","boundaryStatus":"statistical","parentId":"es-as-concejo-33073","population":null,"areaKm2":9.1,"density":null,"referenceYear":null,"sourceId":"sadei-parishes","bbox":[-6.52533,43.37344,-6.47172,43.40836],"center":[-6.498525000000001,43.3909]},"geometry":{"type":"Point","coordinates":[-6.498525000000001,43.3909]}},{"type":"Feature","id":"es-as-parish-731000","properties":{"id":"es-as-parish-731000","slug":"tineo-cezures","name":"Cezures","localName":"Cezures","aliases":[],"kind":"parish","boundaryStatus":"statistical","parentId":"es-as-concejo-33073","population":null,"areaKm2":5.5,"density":null,"referenceYear":null,"sourceId":"sadei-parishes","bbox":[-6.40383,43.37356,-6.37093,43.41049],"center":[-6.38738,43.392025000000004]},"geometry":{"type":"Point","coordinates":[-6.38738,43.392025000000004]}},{"type":"Feature","id":"es-as-parish-731700","properties":{"id":"es-as-parish-731700","slug":"tineo-munalen","name":"Muñalén","localName":"Muñalén","aliases":[],"kind":"parish","boundaryStatus":"statistical","parentId":"es-as-concejo-33073","population":null,"areaKm2":4.1,"density":null,"referenceYear":null,"sourceId":"sadei-parishes","bbox":[-6.53377,43.39835,-6.49185,43.41856],"center":[-6.51281,43.408455000000004]},"geometry":{"type":"Point","coordinates":[-6.51281,43.408455000000004]}},{"type":"Feature","id":"es-as-parish-762700","properties":{"id":"es-as-parish-762700","slug":"villaviciosa-arnin","name":"Arnín","localName":"Arnín","aliases":[],"kind":"parish","boundaryStatus":"statistical","parentId":"es-as-concejo-33076","population":null,"areaKm2":1.9,"density":null,"referenceYear":null,"sourceId":"sadei-parishes","bbox":[-5.35663,43.43554,-5.33611,43.45378],"center":[-5.34637,43.44466]},"geometry":{"type":"Point","coordinates":[-5.34637,43.44466]}},{"type":"Feature","id":"es-as-parish-732800","properties":{"id":"es-as-parish-732800","slug":"tineo-rel-lanos","name":"Rel.lanos","localName":"Rel.lanos","aliases":[],"kind":"parish","boundaryStatus":"statistical","parentId":"es-as-concejo-33073","population":null,"areaKm2":39.1,"density":null,"referenceYear":null,"sourceId":"sadei-parishes","bbox":[-6.68381,43.30607,-6.59235,43.42537],"center":[-6.63808,43.365719999999996]},"geometry":{"type":"Point","coordinates":[-6.63808,43.365719999999996]}},{"type":"Feature","id":"es-as-parish-731200","properties":{"id":"es-as-parish-731200","slug":"tineo-fastias","name":"Fastias","localName":"Fastias","aliases":[],"kind":"parish","boundaryStatus":"statistical","parentId":"es-as-concejo-33073","population":null,"areaKm2":7.6,"density":null,"referenceYear":null,"sourceId":"sadei-parishes","bbox":[-6.47122,43.39101,-6.41364,43.42767],"center":[-6.44243,43.40934]},"geometry":{"type":"Point","coordinates":[-6.44243,43.40934]}},{"type":"Feature","id":"es-as-parish-730600","properties":{"id":"es-as-parish-730600","slug":"tineo-branal-longa","name":"Brañal.longa","localName":"Brañal.longa","aliases":[],"kind":"parish","boundaryStatus":"statistical","parentId":"es-as-concejo-33073","population":null,"areaKm2":12.4,"density":null,"referenceYear":null,"sourceId":"sadei-parishes","bbox":[-6.39703,43.37121,-6.34395,43.43185],"center":[-6.37049,43.401529999999994]},"geometry":{"type":"Point","coordinates":[-6.37049,43.401529999999994]}},{"type":"Feature","id":"es-as-parish-762900","properties":{"id":"es-as-parish-762900","slug":"villaviciosa-pueyes","name":"Pueyes","localName":"Pueyes","aliases":[],"kind":"parish","boundaryStatus":"statistical","parentId":"es-as-concejo-33076","population":null,"areaKm2":9.9,"density":null,"referenceYear":null,"sourceId":"sadei-parishes","bbox":[-5.53379,43.41376,-5.49147,43.45756],"center":[-5.51263,43.43566]},"geometry":{"type":"Point","coordinates":[-5.51263,43.43566]}},{"type":"Feature","id":"es-as-parish-731900","properties":{"id":"es-as-parish-731900","slug":"tineo-navelgas","name":"Navelgas","localName":"Navelgas","aliases":[],"kind":"parish","boundaryStatus":"statistical","parentId":"es-as-concejo-33073","population":null,"areaKm2":21.4,"density":null,"referenceYear":null,"sourceId":"sadei-parishes","bbox":[-6.62857,43.38528,-6.52714,43.43576],"center":[-6.577855,43.410520000000005]},"geometry":{"type":"Point","coordinates":[-6.577855,43.410520000000005]}},{"type":"Feature","id":"es-as-parish-730800","properties":{"id":"es-as-parish-730800","slug":"tineo-caeras","name":"Caeras","localName":"Caeras","aliases":[],"kind":"parish","boundaryStatus":"statistical","parentId":"es-as-concejo-33073","population":null,"areaKm2":13.2,"density":null,"referenceYear":null,"sourceId":"sadei-parishes","bbox":[-6.50457,43.40309,-6.4392,43.44194],"center":[-6.471885,43.422515000000004]},"geometry":{"type":"Point","coordinates":[-6.471885,43.422515000000004]}},{"type":"Feature","id":"es-as-parish-731800","properties":{"id":"es-as-parish-731800","slug":"tineo-naraval","name":"Naraval","localName":"Naraval","aliases":[],"kind":"parish","boundaryStatus":"statistical","parentId":"es-as-concejo-33073","population":null,"areaKm2":27.4,"density":null,"referenceYear":null,"sourceId":"sadei-parishes","bbox":[-6.6103,43.41264,-6.48313,43.45996],"center":[-6.546715,43.4363]},"geometry":{"type":"Point","coordinates":[-6.546715,43.4363]}},{"type":"Feature","id":"es-as-parish-733800","properties":{"id":"es-as-parish-733800","slug":"tineo-sorriba","name":"Sorriba","localName":"Sorriba","aliases":[],"kind":"parish","boundaryStatus":"statistical","parentId":"es-as-concejo-33073","population":null,"areaKm2":15.3,"density":null,"referenceYear":null,"sourceId":"sadei-parishes","bbox":[-6.47025,43.25398,-6.41332,43.30834],"center":[-6.441784999999999,43.28116]},"geometry":{"type":"Point","coordinates":[-6.441784999999999,43.28116]}},{"type":"Feature","id":"es-as-parish-733300","properties":{"id":"es-as-parish-733300","slug":"tineo-samartin-de-semproniana","name":"Samartín De Semproniana","localName":"Samartín De Semproniana","aliases":[],"kind":"parish","boundaryStatus":"statistical","parentId":"es-as-concejo-33073","population":null,"areaKm2":11,"density":null,"referenceYear":null,"sourceId":"sadei-parishes","bbox":[-6.5387,43.29467,-6.47965,43.33928],"center":[-6.509175000000001,43.316975]},"geometry":{"type":"Point","coordinates":[-6.509175000000001,43.316975]}},{"type":"Feature","id":"es-as-parish-740400","properties":{"id":"es-as-parish-740400","slug":"vegadeo-paramios","name":"Paramios","localName":"Paramios","aliases":[],"kind":"parish","boundaryStatus":"statistical","parentId":"es-as-concejo-33074","population":null,"areaKm2":11.8,"density":null,"referenceYear":null,"sourceId":"sadei-parishes","bbox":[-7.03647,43.35704,-6.98481,43.40577],"center":[-7.01064,43.381405]},"geometry":{"type":"Point","coordinates":[-7.01064,43.381405]}},{"type":"Feature","id":"es-as-parish-740200","properties":{"id":"es-as-parish-740200","slug":"vegadeo-guiar","name":"Guiar","localName":"Guiar","aliases":[],"kind":"parish","boundaryStatus":"statistical","parentId":"es-as-concejo-33074","population":null,"areaKm2":4.5,"density":null,"referenceYear":null,"sourceId":"sadei-parishes","bbox":[-7.10432,43.40294,-7.06926,43.42516],"center":[-7.086790000000001,43.41405]},"geometry":{"type":"Point","coordinates":[-7.086790000000001,43.41405]}},{"type":"Feature","id":"es-as-parish-760600","properties":{"id":"es-as-parish-760600","slug":"villaviciosa-brecena","name":"Breceña","localName":"Breceña","aliases":[],"kind":"parish","boundaryStatus":"statistical","parentId":"es-as-concejo-33076","population":null,"areaKm2":6.9,"density":null,"referenceYear":null,"sourceId":"sadei-parishes","bbox":[-5.40131,43.42181,-5.36696,43.45748],"center":[-5.384135,43.439645]},"geometry":{"type":"Point","coordinates":[-5.384135,43.439645]}},{"type":"Feature","id":"es-as-parish-740300","properties":{"id":"es-as-parish-740300","slug":"vegadeo-meredo","name":"Meredo","localName":"Meredo","aliases":[],"kind":"parish","boundaryStatus":"statistical","parentId":"es-as-concejo-33074","population":null,"areaKm2":27.6,"density":null,"referenceYear":null,"sourceId":"sadei-parishes","bbox":[-7.02579,43.35806,-6.9469,43.45161],"center":[-6.986345,43.404835000000006]},"geometry":{"type":"Point","coordinates":[-6.986345,43.404835000000006]}},{"type":"Feature","id":"es-as-parish-740100","properties":{"id":"es-as-parish-740100","slug":"vegadeo-abres","name":"Abres","localName":"Abres","aliases":[],"kind":"parish","boundaryStatus":"statistical","parentId":"es-as-concejo-33074","population":null,"areaKm2":8.7,"density":null,"referenceYear":null,"sourceId":"sadei-parishes","bbox":[-7.10624,43.42283,-7.06611,43.4649],"center":[-7.086175,43.443865]},"geometry":{"type":"Point","coordinates":[-7.086175,43.443865]}},{"type":"Feature","id":"es-as-parish-740600","properties":{"id":"es-as-parish-740600","slug":"vegadeo-veiga-a-vegadeo","name":"Veiga, A / Vegadeo","localName":"Veiga, A / Vegadeo","aliases":[],"kind":"parish","boundaryStatus":"statistical","parentId":"es-as-concejo-33074","population":null,"areaKm2":14.3,"density":null,"referenceYear":null,"sourceId":"sadei-parishes","bbox":[-7.07883,43.41622,-7.03362,43.47424],"center":[-7.0562249999999995,43.44523]},"geometry":{"type":"Point","coordinates":[-7.0562249999999995,43.44523]}},{"type":"Feature","id":"es-as-parish-762000","properties":{"id":"es-as-parish-762000","slug":"villaviciosa-madalena-la","name":"Madalena, La","localName":"Madalena, La","aliases":[],"kind":"parish","boundaryStatus":"statistical","parentId":"es-as-concejo-33076","population":null,"areaKm2":2.4,"density":null,"referenceYear":null,"sourceId":"sadei-parishes","bbox":[-5.40518,43.4559,-5.37813,43.47452],"center":[-5.391655,43.46521]},"geometry":{"type":"Point","coordinates":[-5.391655,43.46521]}},{"type":"Feature","id":"es-as-parish-740500","properties":{"id":"es-as-parish-740500","slug":"vegadeo-pianton","name":"Piantón","localName":"Piantón","aliases":[],"kind":"parish","boundaryStatus":"statistical","parentId":"es-as-concejo-33074","population":null,"areaKm2":16.5,"density":null,"referenceYear":null,"sourceId":"sadei-parishes","bbox":[-7.04365,43.39238,-7.00207,43.47426],"center":[-7.02286,43.43332]},"geometry":{"type":"Point","coordinates":[-7.02286,43.43332]}},{"type":"Feature","id":"es-as-parish-750100","properties":{"id":"es-as-parish-750100","slug":"villanueva-de-oscos-martul","name":"Martul","localName":"Martul","aliases":[],"kind":"parish","boundaryStatus":"statistical","parentId":"es-as-concejo-33075","population":null,"areaKm2":6.2,"density":null,"referenceYear":null,"sourceId":"sadei-parishes","bbox":[-7.01914,43.26248,-6.98233,43.30047],"center":[-7.000735000000001,43.281475]},"geometry":{"type":"Point","coordinates":[-7.000735000000001,43.281475]}},{"type":"Feature","id":"es-as-parish-750300","properties":{"id":"es-as-parish-750300","slug":"villanueva-de-oscos-xestoso","name":"Xestoso","localName":"Xestoso","aliases":[],"kind":"parish","boundaryStatus":"statistical","parentId":"es-as-concejo-33075","population":null,"areaKm2":15,"density":null,"referenceYear":null,"sourceId":"sadei-parishes","bbox":[-7.05738,43.28548,-6.99975,43.34578],"center":[-7.028565,43.31563]},"geometry":{"type":"Point","coordinates":[-7.028565,43.31563]}},{"type":"Feature","id":"es-as-parish-750400","properties":{"id":"es-as-parish-750400","slug":"villanueva-de-oscos-vilanova","name":"Vilanova","localName":"Vilanova","aliases":[],"kind":"parish","boundaryStatus":"statistical","parentId":"es-as-concejo-33075","population":null,"areaKm2":29.7,"density":null,"referenceYear":null,"sourceId":"sadei-parishes","bbox":[-7.01986,43.26109,-6.9596,43.36188],"center":[-6.98973,43.311485000000005]},"geometry":{"type":"Point","coordinates":[-6.98973,43.311485000000005]}},{"type":"Feature","id":"es-as-parish-750200","properties":{"id":"es-as-parish-750200","slug":"villanueva-de-oscos-san-cristobo","name":"San Cristobo","localName":"San Cristobo","aliases":[],"kind":"parish","boundaryStatus":"statistical","parentId":"es-as-concejo-33075","population":null,"areaKm2":22.2,"density":null,"referenceYear":null,"sourceId":"sadei-parishes","bbox":[-7.02863,43.31517,-6.92294,43.38005],"center":[-6.975785,43.34761]},"geometry":{"type":"Point","coordinates":[-6.975785,43.34761]}},{"type":"Feature","id":"es-as-parish-763800","properties":{"id":"es-as-parish-763800","slug":"villaviciosa-valdebarcena","name":"Valdebárcena","localName":"Valdebárcena","aliases":[],"kind":"parish","boundaryStatus":"statistical","parentId":"es-as-concejo-33076","population":null,"areaKm2":7.6,"density":null,"referenceYear":null,"sourceId":"sadei-parishes","bbox":[-5.49692,43.41429,-5.4491,43.44893],"center":[-5.47301,43.43161]},"geometry":{"type":"Point","coordinates":[-5.47301,43.43161]}},{"type":"Feature","id":"es-as-parish-761800","properties":{"id":"es-as-parish-761800","slug":"villaviciosa-llugas","name":"Llugás","localName":"Llugás","aliases":[],"kind":"parish","boundaryStatus":"statistical","parentId":"es-as-concejo-33076","population":null,"areaKm2":2.9,"density":null,"referenceYear":null,"sourceId":"sadei-parishes","bbox":[-5.43937,43.43472,-5.42052,43.46041],"center":[-5.429945,43.447565]},"geometry":{"type":"Point","coordinates":[-5.429945,43.447565]}},{"type":"Feature","id":"es-as-parish-763200","properties":{"id":"es-as-parish-763200","slug":"villaviciosa-rales","name":"Rales","localName":"Rales","aliases":[],"kind":"parish","boundaryStatus":"statistical","parentId":"es-as-concejo-33076","population":null,"areaKm2":3.1,"density":null,"referenceYear":null,"sourceId":"sadei-parishes","bbox":[-5.37006,43.44349,-5.33857,43.46448],"center":[-5.354315,43.453985]},"geometry":{"type":"Point","coordinates":[-5.354315,43.453985]}},{"type":"Feature","id":"es-as-parish-761500","properties":{"id":"es-as-parish-761500","slug":"villaviciosa-coru","name":"Coru","localName":"Coru","aliases":[],"kind":"parish","boundaryStatus":"statistical","parentId":"es-as-concejo-33076","population":null,"areaKm2":5.8,"density":null,"referenceYear":null,"sourceId":"sadei-parishes","bbox":[-5.42538,43.43002,-5.38789,43.46472],"center":[-5.406635,43.44737]},"geometry":{"type":"Point","coordinates":[-5.406635,43.44737]}},{"type":"Feature","id":"es-as-parish-760800","properties":{"id":"es-as-parish-760800","slug":"villaviciosa-camoca","name":"Camoca","localName":"Camoca","aliases":[],"kind":"parish","boundaryStatus":"statistical","parentId":"es-as-concejo-33076","population":null,"areaKm2":3,"density":null,"referenceYear":null,"sourceId":"sadei-parishes","bbox":[-5.48449,43.44531,-5.45687,43.46642],"center":[-5.47068,43.455865]},"geometry":{"type":"Point","coordinates":[-5.47068,43.455865]}},{"type":"Feature","id":"es-as-parish-763300","properties":{"id":"es-as-parish-763300","slug":"villaviciosa-rozaes","name":"Rozaes","localName":"Rozaes","aliases":[],"kind":"parish","boundaryStatus":"statistical","parentId":"es-as-concejo-33076","population":null,"areaKm2":12.3,"density":null,"referenceYear":null,"sourceId":"sadei-parishes","bbox":[-5.55856,43.42259,-5.49316,43.4723],"center":[-5.52586,43.447445]},"geometry":{"type":"Point","coordinates":[-5.52586,43.447445]}},{"type":"Feature","id":"es-as-parish-760700","properties":{"id":"es-as-parish-760700","slug":"villaviciosa-bustiu-el","name":"Bustiu, El","localName":"Bustiu, El","aliases":[],"kind":"parish","boundaryStatus":"statistical","parentId":"es-as-concejo-33076","population":null,"areaKm2":2,"density":null,"referenceYear":null,"sourceId":"sadei-parishes","bbox":[-5.38326,43.45673,-5.36435,43.47347],"center":[-5.373805,43.4651]},"geometry":{"type":"Point","coordinates":[-5.373805,43.4651]}},{"type":"Feature","id":"es-as-parish-761700","properties":{"id":"es-as-parish-761700","slug":"villaviciosa-grases","name":"Grases","localName":"Grases","aliases":[],"kind":"parish","boundaryStatus":"statistical","parentId":"es-as-concejo-33076","population":null,"areaKm2":2.2,"density":null,"referenceYear":null,"sourceId":"sadei-parishes","bbox":[-5.49014,43.46055,-5.46345,43.47954],"center":[-5.476795,43.470045]},"geometry":{"type":"Point","coordinates":[-5.476795,43.470045]}},{"type":"Feature","id":"es-as-parish-760100","properties":{"id":"es-as-parish-760100","slug":"villaviciosa-amandi","name":"Amandi","localName":"Amandi","aliases":[],"kind":"parish","boundaryStatus":"statistical","parentId":"es-as-concejo-33076","population":null,"areaKm2":6.6,"density":null,"referenceYear":null,"sourceId":"sadei-parishes","bbox":[-5.46448,43.44342,-5.4288,43.48173],"center":[-5.44664,43.462575]},"geometry":{"type":"Point","coordinates":[-5.44664,43.462575]}},{"type":"Feature","id":"es-as-parish-761600","properties":{"id":"es-as-parish-761600","slug":"villaviciosa-fuentes","name":"Fuentes","localName":"Fuentes","aliases":[],"kind":"parish","boundaryStatus":"statistical","parentId":"es-as-concejo-33076","population":null,"areaKm2":5,"density":null,"referenceYear":null,"sourceId":"sadei-parishes","bbox":[-5.4346,43.45623,-5.4014,43.48547],"center":[-5.417999999999999,43.47085]},"geometry":{"type":"Point","coordinates":[-5.417999999999999,43.47085]}},{"type":"Feature","id":"es-as-parish-761900","properties":{"id":"es-as-parish-761900","slug":"villaviciosa-llera-la","name":"Llera, La","localName":"Llera, La","aliases":[],"kind":"parish","boundaryStatus":"statistical","parentId":"es-as-concejo-33076","population":null,"areaKm2":1.8,"density":null,"referenceYear":null,"sourceId":"sadei-parishes","bbox":[-5.35667,43.47168,-5.33887,43.49182],"center":[-5.347770000000001,43.48175]},"geometry":{"type":"Point","coordinates":[-5.347770000000001,43.48175]}},{"type":"Feature","id":"es-as-parish-764100","properties":{"id":"es-as-parish-764100","slug":"villaviciosa-villaviciosa","name":"Villaviciosa","localName":"Villaviciosa","aliases":[],"kind":"parish","boundaryStatus":"statistical","parentId":"es-as-concejo-33076","population":null,"areaKm2":2.2,"density":null,"referenceYear":null,"sourceId":"sadei-parishes","bbox":[-5.44735,43.4704,-5.42367,43.49368],"center":[-5.435510000000001,43.48204]},"geometry":{"type":"Point","coordinates":[-5.435510000000001,43.48204]}},{"type":"Feature","id":"es-as-parish-761000","properties":{"id":"es-as-parish-761000","slug":"villaviciosa-carda","name":"Carda","localName":"Carda","aliases":[],"kind":"parish","boundaryStatus":"statistical","parentId":"es-as-concejo-33076","population":null,"areaKm2":3.1,"density":null,"referenceYear":null,"sourceId":"sadei-parishes","bbox":[-5.4341,43.47753,-5.40523,43.49848],"center":[-5.419665,43.488005]},"geometry":{"type":"Point","coordinates":[-5.419665,43.488005]}},{"type":"Feature","id":"es-as-parish-761300","properties":{"id":"es-as-parish-761300","slug":"villaviciosa-cazanes","name":"Cazanes","localName":"Cazanes","aliases":[],"kind":"parish","boundaryStatus":"statistical","parentId":"es-as-concejo-33076","population":null,"areaKm2":4.9,"density":null,"referenceYear":null,"sourceId":"sadei-parishes","bbox":[-5.47339,43.46824,-5.44264,43.49921],"center":[-5.458015,43.483725]},"geometry":{"type":"Point","coordinates":[-5.458015,43.483725]}},{"type":"Feature","id":"es-as-parish-762800","properties":{"id":"es-as-parish-762800","slug":"villaviciosa-priesca","name":"Priesca","localName":"Priesca","aliases":[],"kind":"parish","boundaryStatus":"statistical","parentId":"es-as-concejo-33076","population":null,"areaKm2":4.3,"density":null,"referenceYear":null,"sourceId":"sadei-parishes","bbox":[-5.3773,43.47243,-5.3478,43.50141],"center":[-5.362550000000001,43.48692]},"geometry":{"type":"Point","coordinates":[-5.362550000000001,43.48692]}},{"type":"Feature","id":"es-as-parish-762200","properties":{"id":"es-as-parish-762200","slug":"villaviciosa-miravalles","name":"Miravalles","localName":"Miravalles","aliases":[],"kind":"parish","boundaryStatus":"statistical","parentId":"es-as-concejo-33076","population":null,"areaKm2":8.4,"density":null,"referenceYear":null,"sourceId":"sadei-parishes","bbox":[-5.41302,43.46916,-5.36594,43.50291],"center":[-5.389480000000001,43.486035]},"geometry":{"type":"Point","coordinates":[-5.389480000000001,43.486035]}},{"type":"Feature","id":"es-as-parish-762600","properties":{"id":"es-as-parish-762600","slug":"villaviciosa-pion","name":"Pion","localName":"Pion","aliases":[],"kind":"parish","boundaryStatus":"statistical","parentId":"es-as-concejo-33076","population":null,"areaKm2":16.2,"density":null,"referenceYear":null,"sourceId":"sadei-parishes","bbox":[-5.58494,43.46601,-5.50859,43.50369],"center":[-5.546765,43.484849999999994]},"geometry":{"type":"Point","coordinates":[-5.546765,43.484849999999994]}},{"type":"Feature","id":"es-as-parish-763700","properties":{"id":"es-as-parish-763700","slug":"villaviciosa-tornon","name":"Tornón","localName":"Tornón","aliases":[],"kind":"parish","boundaryStatus":"statistical","parentId":"es-as-concejo-33076","population":null,"areaKm2":6,"density":null,"referenceYear":null,"sourceId":"sadei-parishes","bbox":[-5.42606,43.48525,-5.37166,43.51613],"center":[-5.39886,43.50069]},"geometry":{"type":"Point","coordinates":[-5.39886,43.50069]}},{"type":"Feature","id":"es-as-parish-763400","properties":{"id":"es-as-parish-763400","slug":"villaviciosa-san-justo-san-xusto","name":"San Justo / San Xusto","localName":"San Justo / San Xusto","aliases":[],"kind":"parish","boundaryStatus":"statistical","parentId":"es-as-concejo-33076","population":null,"areaKm2":12,"density":null,"referenceYear":null,"sourceId":"sadei-parishes","bbox":[-5.50296,43.47116,-5.46025,43.51734],"center":[-5.481605,43.494249999999994]},"geometry":{"type":"Point","coordinates":[-5.481605,43.494249999999994]}},{"type":"Feature","id":"es-as-parish-760500","properties":{"id":"es-as-parish-760500","slug":"villaviciosa-bedrinana","name":"Bedriñana","localName":"Bedriñana","aliases":[],"kind":"parish","boundaryStatus":"statistical","parentId":"es-as-concejo-33076","population":null,"areaKm2":9.2,"density":null,"referenceYear":null,"sourceId":"sadei-parishes","bbox":[-5.4705,43.48776,-5.42068,43.52114],"center":[-5.44559,43.504450000000006]},"geometry":{"type":"Point","coordinates":[-5.44559,43.504450000000006]}},{"type":"Feature","id":"es-as-parish-760400","properties":{"id":"es-as-parish-760400","slug":"villaviciosa-arroes","name":"Arroes","localName":"Arroes","aliases":[],"kind":"parish","boundaryStatus":"statistical","parentId":"es-as-concejo-33076","population":null,"areaKm2":8.9,"density":null,"referenceYear":null,"sourceId":"sadei-parishes","bbox":[-5.56914,43.48035,-5.50859,43.52308],"center":[-5.5388649999999995,43.501715000000004]},"geometry":{"type":"Point","coordinates":[-5.5388649999999995,43.501715000000004]}},{"type":"Feature","id":"es-as-parish-762100","properties":{"id":"es-as-parish-762100","slug":"villaviciosa-samartin-del-mar","name":"Samartín Del Mar","localName":"Samartín Del Mar","aliases":[],"kind":"parish","boundaryStatus":"statistical","parentId":"es-as-concejo-33076","population":null,"areaKm2":6.4,"density":null,"referenceYear":null,"sourceId":"sadei-parishes","bbox":[-5.42877,43.50758,-5.38645,43.53593],"center":[-5.40761,43.521755]},"geometry":{"type":"Point","coordinates":[-5.40761,43.521755]}},{"type":"Feature","id":"es-as-parish-761200","properties":{"id":"es-as-parish-761200","slug":"villaviciosa-castiellu","name":"Castiellu","localName":"Castiellu","aliases":[],"kind":"parish","boundaryStatus":"statistical","parentId":"es-as-concejo-33076","population":null,"areaKm2":7.9,"density":null,"referenceYear":null,"sourceId":"sadei-parishes","bbox":[-5.53877,43.48035,-5.49933,43.53956],"center":[-5.51905,43.509955000000005]},"geometry":{"type":"Point","coordinates":[-5.51905,43.509955000000005]}},{"type":"Feature","id":"es-as-parish-770300","properties":{"id":"es-as-parish-770300","slug":"villayon-parlero","name":"Parlero","localName":"Parlero","aliases":[],"kind":"parish","boundaryStatus":"statistical","parentId":"es-as-concejo-33077","population":null,"areaKm2":20.2,"density":null,"referenceYear":null,"sourceId":"sadei-parishes","bbox":[-6.71452,43.35843,-6.64013,43.4203],"center":[-6.677325,43.389365]},"geometry":{"type":"Point","coordinates":[-6.677325,43.389365]}},{"type":"Feature","id":"es-as-parish-763500","properties":{"id":"es-as-parish-763500","slug":"villaviciosa-seloriu","name":"Seloriu","localName":"Seloriu","aliases":[],"kind":"parish","boundaryStatus":"statistical","parentId":"es-as-concejo-33076","population":null,"areaKm2":21.1,"density":null,"referenceYear":null,"sourceId":"sadei-parishes","bbox":[-5.39447,43.4912,-5.31086,43.53957],"center":[-5.352665,43.515384999999995]},"geometry":{"type":"Point","coordinates":[-5.352665,43.515384999999995]}},{"type":"Feature","id":"es-as-parish-763100","properties":{"id":"es-as-parish-763100","slug":"villaviciosa-quintueles","name":"Quintueles","localName":"Quintueles","aliases":[],"kind":"parish","boundaryStatus":"statistical","parentId":"es-as-concejo-33076","population":null,"areaKm2":8.8,"density":null,"referenceYear":null,"sourceId":"sadei-parishes","bbox":[-5.59167,43.51192,-5.53936,43.55078],"center":[-5.5655149999999995,43.53135]},"geometry":{"type":"Point","coordinates":[-5.5655149999999995,43.53135]}},{"type":"Feature","id":"es-as-parish-763000","properties":{"id":"es-as-parish-763000","slug":"villaviciosa-quintes","name":"Quintes","localName":"Quintes","aliases":[],"kind":"parish","boundaryStatus":"statistical","parentId":"es-as-concejo-33076","population":null,"areaKm2":6,"density":null,"referenceYear":null,"sourceId":"sadei-parishes","bbox":[-5.56122,43.52205,-5.52816,43.55004],"center":[-5.544689999999999,43.536045]},"geometry":{"type":"Point","coordinates":[-5.544689999999999,43.536045]}},{"type":"Feature","id":"es-as-parish-761100","properties":{"id":"es-as-parish-761100","slug":"villaviciosa-carenes","name":"Careñes","localName":"Careñes","aliases":[],"kind":"parish","boundaryStatus":"statistical","parentId":"es-as-concejo-33076","population":null,"areaKm2":3.1,"density":null,"referenceYear":null,"sourceId":"sadei-parishes","bbox":[-5.50877,43.51633,-5.48897,43.55007],"center":[-5.49887,43.5332]},"geometry":{"type":"Point","coordinates":[-5.49887,43.5332]}},{"type":"Feature","id":"es-as-parish-760300","properties":{"id":"es-as-parish-760300","slug":"villaviciosa-argueru","name":"Argüeru","localName":"Argüeru","aliases":[],"kind":"parish","boundaryStatus":"statistical","parentId":"es-as-concejo-33076","population":null,"areaKm2":12.4,"density":null,"referenceYear":null,"sourceId":"sadei-parishes","bbox":[-5.49766,43.51587,-5.44714,43.55151],"center":[-5.4724,43.53369]},"geometry":{"type":"Point","coordinates":[-5.4724,43.53369]}},{"type":"Feature","id":"es-as-parish-780100","properties":{"id":"es-as-parish-780100","slug":"yernes-y-tameza-tameza","name":"Tameza","localName":"Tameza","aliases":[],"kind":"parish","boundaryStatus":"statistical","parentId":"es-as-concejo-33078","population":null,"areaKm2":16.8,"density":null,"referenceYear":null,"sourceId":"sadei-parishes","bbox":[-6.1446,43.21697,-6.08013,43.28244],"center":[-6.112365,43.249705000000006]},"geometry":{"type":"Point","coordinates":[-6.112365,43.249705000000006]}},{"type":"Feature","id":"es-as-parish-764000","properties":{"id":"es-as-parish-764000","slug":"villaviciosa-villaverde","name":"Villaverde","localName":"Villaverde","aliases":[],"kind":"parish","boundaryStatus":"statistical","parentId":"es-as-concejo-33076","population":null,"areaKm2":4.3,"density":null,"referenceYear":null,"sourceId":"sadei-parishes","bbox":[-5.52997,43.51292,-5.48926,43.55168],"center":[-5.509615,43.5323]},"geometry":{"type":"Point","coordinates":[-5.509615,43.5323]}},{"type":"Feature","id":"es-as-parish-763600","properties":{"id":"es-as-parish-763600","slug":"villaviciosa-tazones","name":"Tazones","localName":"Tazones","aliases":[],"kind":"parish","boundaryStatus":"statistical","parentId":"es-as-concejo-33076","population":null,"areaKm2":3.6,"density":null,"referenceYear":null,"sourceId":"sadei-parishes","bbox":[-5.41673,43.53139,-5.38758,43.55407],"center":[-5.4021550000000005,43.542730000000006]},"geometry":{"type":"Point","coordinates":[-5.4021550000000005,43.542730000000006]}},{"type":"Feature","id":"es-as-parish-762400","properties":{"id":"es-as-parish-762400","slug":"villaviciosa-oles","name":"Oles","localName":"Oles","aliases":[],"kind":"parish","boundaryStatus":"statistical","parentId":"es-as-concejo-33076","population":null,"areaKm2":10,"density":null,"referenceYear":null,"sourceId":"sadei-parishes","bbox":[-5.45471,43.51706,-5.40897,43.55482],"center":[-5.43184,43.53594]},"geometry":{"type":"Point","coordinates":[-5.43184,43.53594]}},{"type":"Feature","id":"es-as-parish-762300","properties":{"id":"es-as-parish-762300","slug":"villaviciosa-nievares","name":"Niévares","localName":"Niévares","aliases":[],"kind":"parish","boundaryStatus":"statistical","parentId":"es-as-concejo-33076","population":null,"areaKm2":4.3,"density":null,"referenceYear":null,"sourceId":"sadei-parishes","bbox":[-5.51823,43.45847,-5.48128,43.48231],"center":[-5.499755,43.470389999999995]},"geometry":{"type":"Point","coordinates":[-5.499755,43.470389999999995]}},{"type":"Feature","id":"es-as-parish-760200","properties":{"id":"es-as-parish-760200","slug":"villaviciosa-san-pedru-ambas","name":"San Pedru Ambás","localName":"San Pedru Ambás","aliases":[],"kind":"parish","boundaryStatus":"statistical","parentId":"es-as-concejo-33076","population":null,"areaKm2":4.5,"density":null,"referenceYear":null,"sourceId":"sadei-parishes","bbox":[-5.50075,43.4359,-5.465,43.46263],"center":[-5.482875,43.449265]},"geometry":{"type":"Point","coordinates":[-5.482875,43.449265]}},{"type":"Feature","id":"es-as-parish-770400","properties":{"id":"es-as-parish-770400","slug":"villayon-ponticiella","name":"Ponticiella","localName":"Ponticiella","aliases":[],"kind":"parish","boundaryStatus":"statistical","parentId":"es-as-concejo-33077","population":null,"areaKm2":54.3,"density":null,"referenceYear":null,"sourceId":"sadei-parishes","bbox":[-6.78326,43.3183,-6.69423,43.4342],"center":[-6.738745,43.37625]},"geometry":{"type":"Point","coordinates":[-6.738745,43.37625]}},{"type":"Feature","id":"es-as-parish-770600","properties":{"id":"es-as-parish-770600","slug":"villayon-busmente-herias-muria-la","name":"Busmente - Herías - Muria, La","localName":"Busmente - Herías - Muria, La","aliases":[],"kind":"parish","boundaryStatus":"statistical","parentId":"es-as-concejo-33077","population":null,"areaKm2":12.5,"density":null,"referenceYear":null,"sourceId":"sadei-parishes","bbox":[-6.71586,43.40827,-6.65684,43.44754],"center":[-6.68635,43.427904999999996]},"geometry":{"type":"Point","coordinates":[-6.68635,43.427904999999996]}},{"type":"Feature","id":"es-as-parish-780200","properties":{"id":"es-as-parish-780200","slug":"yernes-y-tameza-yernes","name":"Yernes","localName":"Yernes","aliases":[],"kind":"parish","boundaryStatus":"statistical","parentId":"es-as-concejo-33078","population":null,"areaKm2":14.9,"density":null,"referenceYear":null,"sourceId":"sadei-parishes","bbox":[-6.12641,43.25532,-6.06986,43.30384],"center":[-6.098135,43.279579999999996]},"geometry":{"type":"Point","coordinates":[-6.098135,43.279579999999996]}},{"type":"Feature","id":"es-as-parish-770500","properties":{"id":"es-as-parish-770500","slug":"villayon-villayon","name":"Villayón","localName":"Villayón","aliases":[],"kind":"parish","boundaryStatus":"statistical","parentId":"es-as-concejo-33077","population":null,"areaKm2":22.7,"density":null,"referenceYear":null,"sourceId":"sadei-parishes","bbox":[-6.74166,43.41558,-6.63108,43.47532],"center":[-6.68637,43.44545]},"geometry":{"type":"Point","coordinates":[-6.68637,43.44545]}},{"type":"Feature","id":"es-as-parish-770200","properties":{"id":"es-as-parish-770200","slug":"villayon-oneta","name":"Oneta","localName":"Oneta","aliases":[],"kind":"parish","boundaryStatus":"statistical","parentId":"es-as-concejo-33077","population":null,"areaKm2":9.6,"density":null,"referenceYear":null,"sourceId":"sadei-parishes","bbox":[-6.69438,43.44563,-6.64113,43.48497],"center":[-6.667755,43.4653]},"geometry":{"type":"Point","coordinates":[-6.667755,43.4653]}},{"type":"Feature","id":"es-as-parish-770100","properties":{"id":"es-as-parish-770100","slug":"villayon-arbon","name":"Arbón","localName":"Arbón","aliases":[],"kind":"parish","boundaryStatus":"statistical","parentId":"es-as-concejo-33077","population":null,"areaKm2":13.5,"density":null,"referenceYear":null,"sourceId":"sadei-parishes","bbox":[-6.73589,43.46356,-6.64596,43.4993],"center":[-6.690925,43.48143]},"geometry":{"type":"Point","coordinates":[-6.690925,43.48143]}},{"type":"Feature","id":"es-as-neighborhood-24b18","properties":{"id":"es-as-neighborhood-24b18","slug":"gijon-xixon-nuevo-roces","name":"Nuevo Roces","localName":"Nuevo Roces","aliases":[],"kind":"neighborhood","boundaryStatus":"statistical","parentId":"es-as-concejo-33024","population":null,"areaKm2":0.6,"density":null,"referenceYear":2024,"sourceId":"sadei-neighborhoods","bbox":[-5.67882,43.50725,-5.66342,43.51422],"center":[-5.67112,43.510735]},"geometry":{"type":"Point","coordinates":[-5.67112,43.510735]}},{"type":"Feature","id":"es-as-neighborhood-24b22","properties":{"id":"es-as-neighborhood-24b22","slug":"gijon-xixon-roces-periurbano","name":"Roces Periurbano","localName":"Roces Periurbano","aliases":[],"kind":"neighborhood","boundaryStatus":"statistical","parentId":"es-as-concejo-33024","population":null,"areaKm2":2.7,"density":null,"referenceYear":2024,"sourceId":"sadei-neighborhoods","bbox":[-5.70003,43.49744,-5.65467,43.51697],"center":[-5.677350000000001,43.507205]},"geometry":{"type":"Point","coordinates":[-5.677350000000001,43.507205]}},{"type":"Feature","id":"es-as-neighborhood-24b07","properties":{"id":"es-as-neighborhood-24b07","slug":"gijon-xixon-contrueces","name":"Contrueces","localName":"Contrueces","aliases":[],"kind":"neighborhood","boundaryStatus":"statistical","parentId":"es-as-concejo-33024","population":null,"areaKm2":0.7,"density":null,"referenceYear":2024,"sourceId":"sadei-neighborhoods","bbox":[-5.67188,43.51314,-5.656,43.52388],"center":[-5.66394,43.51851]},"geometry":{"type":"Point","coordinates":[-5.66394,43.51851]}},{"type":"Feature","id":"es-as-neighborhood-24b13","properties":{"id":"es-as-neighborhood-24b13","slug":"gijon-xixon-montevil","name":"Montevil","localName":"Montevil","aliases":[],"kind":"neighborhood","boundaryStatus":"statistical","parentId":"es-as-concejo-33024","population":null,"areaKm2":0.4,"density":null,"referenceYear":2024,"sourceId":"sadei-neighborhoods","bbox":[-5.68254,43.51647,-5.66676,43.52414],"center":[-5.67465,43.520305]},"geometry":{"type":"Point","coordinates":[-5.67465,43.520305]}},{"type":"Feature","id":"es-as-neighborhood-24b24","properties":{"id":"es-as-neighborhood-24b24","slug":"gijon-xixon-santa-barbara","name":"Santa Bárbara","localName":"Santa Bárbara","aliases":[],"kind":"neighborhood","boundaryStatus":"statistical","parentId":"es-as-concejo-33024","population":null,"areaKm2":0.5,"density":null,"referenceYear":2024,"sourceId":"sadei-neighborhoods","bbox":[-5.69324,43.51445,-5.68425,43.52505],"center":[-5.688745,43.51975]},"geometry":{"type":"Point","coordinates":[-5.688745,43.51975]}},{"type":"Feature","id":"es-as-neighborhood-24b17","properties":{"id":"es-as-neighborhood-24b17","slug":"gijon-xixon-nuevo-gijon-la-peral","name":"Nuevo Gijón - La Peral","localName":"Nuevo Gijón - La Peral","aliases":[],"kind":"neighborhood","boundaryStatus":"statistical","parentId":"es-as-concejo-33024","population":null,"areaKm2":0.3,"density":null,"referenceYear":2024,"sourceId":"sadei-neighborhoods","bbox":[-5.68738,43.52119,-5.67805,43.52842],"center":[-5.682715,43.524805]},"geometry":{"type":"Point","coordinates":[-5.682715,43.524805]}},{"type":"Feature","id":"es-as-neighborhood-24b21","properties":{"id":"es-as-neighborhood-24b21","slug":"gijon-xixon-pumarin","name":"Pumarín","localName":"Pumarín","aliases":[],"kind":"neighborhood","boundaryStatus":"statistical","parentId":"es-as-concejo-33024","population":null,"areaKm2":0.7,"density":null,"referenceYear":2024,"sourceId":"sadei-neighborhoods","bbox":[-5.6809,43.52007,-5.66773,43.53121],"center":[-5.674315,43.525639999999996]},"geometry":{"type":"Point","coordinates":[-5.674315,43.525639999999996]}},{"type":"Feature","id":"es-as-neighborhood-24b27","properties":{"id":"es-as-neighborhood-24b27","slug":"gijon-xixon-viesques","name":"Viesques","localName":"Viesques","aliases":[],"kind":"neighborhood","boundaryStatus":"statistical","parentId":"es-as-concejo-33024","population":null,"areaKm2":1,"density":null,"referenceYear":2024,"sourceId":"sadei-neighborhoods","bbox":[-5.65551,43.52069,-5.63498,43.5313],"center":[-5.645244999999999,43.525995]},"geometry":{"type":"Point","coordinates":[-5.645244999999999,43.525995]}},{"type":"Feature","id":"es-as-neighborhood-24b19","properties":{"id":"es-as-neighborhood-24b19","slug":"gijon-xixon-perchera-la-brana","name":"Perchera - La Braña","localName":"Perchera - La Braña","aliases":[],"kind":"neighborhood","boundaryStatus":"statistical","parentId":"es-as-concejo-33024","population":null,"areaKm2":0.4,"density":null,"referenceYear":2024,"sourceId":"sadei-neighborhoods","bbox":[-5.69177,43.52385,-5.67599,43.53272],"center":[-5.68388,43.528285]},"geometry":{"type":"Point","coordinates":[-5.68388,43.528285]}},{"type":"Feature","id":"es-as-neighborhood-24b12","properties":{"id":"es-as-neighborhood-24b12","slug":"gijon-xixon-les-mestes","name":"Les Mestes","localName":"Les Mestes","aliases":[],"kind":"neighborhood","boundaryStatus":"statistical","parentId":"es-as-concejo-33024","population":null,"areaKm2":0.5,"density":null,"referenceYear":2024,"sourceId":"sadei-neighborhoods","bbox":[-5.6466,43.52774,-5.63427,43.53526],"center":[-5.640435,43.5315]},"geometry":{"type":"Point","coordinates":[-5.640435,43.5315]}},{"type":"Feature","id":"es-as-neighborhood-24b26","properties":{"id":"es-as-neighborhood-24b26","slug":"gijon-xixon-tremanes","name":"Tremañes","localName":"Tremañes","aliases":[],"kind":"neighborhood","boundaryStatus":"statistical","parentId":"es-as-concejo-33024","population":null,"areaKm2":5.5,"density":null,"referenceYear":2024,"sourceId":"sadei-neighborhoods","bbox":[-5.72402,43.51156,-5.68192,43.53617],"center":[-5.7029700000000005,43.523865]},"geometry":{"type":"Point","coordinates":[-5.7029700000000005,43.523865]}},{"type":"Feature","id":"es-as-neighborhood-24b11","properties":{"id":"es-as-neighborhood-24b11","slug":"gijon-xixon-el-llano","name":"El Llano","localName":"El Llano","aliases":[],"kind":"neighborhood","boundaryStatus":"statistical","parentId":"es-as-concejo-33024","population":null,"areaKm2":1,"density":null,"referenceYear":2024,"sourceId":"sadei-neighborhoods","bbox":[-5.67252,43.52102,-5.65874,43.53639],"center":[-5.66563,43.528705]},"geometry":{"type":"Point","coordinates":[-5.66563,43.528705]}},{"type":"Feature","id":"es-as-neighborhood-24b04","properties":{"id":"es-as-neighborhood-24b04","slug":"gijon-xixon-ceares","name":"Ceares","localName":"Ceares","aliases":[],"kind":"neighborhood","boundaryStatus":"statistical","parentId":"es-as-concejo-33024","population":null,"areaKm2":1.6,"density":null,"referenceYear":2024,"sourceId":"sadei-neighborhoods","bbox":[-5.66365,43.51457,-5.64473,43.53639],"center":[-5.65419,43.52548]},"geometry":{"type":"Point","coordinates":[-5.65419,43.52548]}},{"type":"Feature","id":"es-as-neighborhood-24b10","properties":{"id":"es-as-neighborhood-24b10","slug":"gijon-xixon-laviada","name":"Laviada","localName":"Laviada","aliases":[],"kind":"neighborhood","boundaryStatus":"statistical","parentId":"es-as-concejo-33024","population":null,"areaKm2":0.3,"density":null,"referenceYear":2024,"sourceId":"sadei-neighborhoods","bbox":[-5.67386,43.5321,-5.66607,43.54017],"center":[-5.669965,43.536135]},"geometry":{"type":"Point","coordinates":[-5.669965,43.536135]}},{"type":"Feature","id":"es-as-neighborhood-24b02","properties":{"id":"es-as-neighborhood-24b02","slug":"gijon-xixon-el-bibio-parque","name":"El Bibio - Parque","localName":"El Bibio - Parque","aliases":[],"kind":"neighborhood","boundaryStatus":"statistical","parentId":"es-as-concejo-33024","population":null,"areaKm2":0.5,"density":null,"referenceYear":2024,"sourceId":"sadei-neighborhoods","bbox":[-5.64789,43.53391,-5.6344,43.54062],"center":[-5.641145,43.537265]},"geometry":{"type":"Point","coordinates":[-5.641145,43.537265]}},{"type":"Feature","id":"es-as-neighborhood-24b01","properties":{"id":"es-as-neighborhood-24b01","slug":"gijon-xixon-l-arena","name":"L'arena","localName":"L'arena","aliases":[],"kind":"neighborhood","boundaryStatus":"statistical","parentId":"es-as-concejo-33024","population":null,"areaKm2":0.4,"density":null,"referenceYear":2024,"sourceId":"sadei-neighborhoods","bbox":[-5.65454,43.53526,-5.64419,43.54234],"center":[-5.6493649999999995,43.5388]},"geometry":{"type":"Point","coordinates":[-5.6493649999999995,43.5388]}},{"type":"Feature","id":"es-as-neighborhood-24b16","properties":{"id":"es-as-neighborhood-24b16","slug":"gijon-xixon-el-natahoyo","name":"El Natahoyo","localName":"El Natahoyo","aliases":[],"kind":"neighborhood","boundaryStatus":"statistical","parentId":"es-as-concejo-33024","population":null,"areaKm2":1.1,"density":null,"referenceYear":2024,"sourceId":"sadei-neighborhoods","bbox":[-5.69492,43.53623,-5.67177,43.54548],"center":[-5.683345,43.540855]},"geometry":{"type":"Point","coordinates":[-5.683345,43.540855]}},{"type":"Feature","id":"es-as-neighborhood-24b05","properties":{"id":"es-as-neighborhood-24b05","slug":"gijon-xixon-el-centro","name":"El Centro","localName":"El Centro","aliases":[],"kind":"neighborhood","boundaryStatus":"statistical","parentId":"es-as-concejo-33024","population":null,"areaKm2":1.1,"density":null,"referenceYear":2024,"sourceId":"sadei-neighborhoods","bbox":[-5.67299,43.5341,-5.65253,43.54593],"center":[-5.6627600000000005,43.540015]},"geometry":{"type":"Point","coordinates":[-5.6627600000000005,43.540015]}},{"type":"Feature","id":"es-as-neighborhood-24b03","properties":{"id":"es-as-neighborhood-24b03","slug":"gijon-xixon-la-calzada","name":"La Calzada","localName":"La Calzada","aliases":[],"kind":"neighborhood","boundaryStatus":"statistical","parentId":"es-as-concejo-33024","population":null,"areaKm2":1,"density":null,"referenceYear":2024,"sourceId":"sadei-neighborhoods","bbox":[-5.70777,43.53504,-5.68957,43.54621],"center":[-5.69867,43.540625000000006]},"geometry":{"type":"Point","coordinates":[-5.69867,43.540625000000006]}},{"type":"Feature","id":"es-as-neighborhood-24b06","properties":{"id":"es-as-neighborhood-24b06","slug":"gijon-xixon-cimavilla","name":"Cimavilla","localName":"Cimavilla","aliases":[],"kind":"neighborhood","boundaryStatus":"statistical","parentId":"es-as-concejo-33024","population":null,"areaKm2":0.3,"density":null,"referenceYear":2024,"sourceId":"sadei-neighborhoods","bbox":[-5.67042,43.5437,-5.65939,43.54976],"center":[-5.664905,43.54673]},"geometry":{"type":"Point","coordinates":[-5.664905,43.54673]}},{"type":"Feature","id":"es-as-neighborhood-24b25","properties":{"id":"es-as-neighborhood-24b25","slug":"gijon-xixon-somio","name":"Somió","localName":"Somió","aliases":[],"kind":"neighborhood","boundaryStatus":"statistical","parentId":"es-as-concejo-33024","population":null,"areaKm2":10.5,"density":null,"referenceYear":2024,"sourceId":"sadei-neighborhoods","bbox":[-5.64721,43.52038,-5.58715,43.55902],"center":[-5.61718,43.539699999999996]},"geometry":{"type":"Point","coordinates":[-5.61718,43.539699999999996]}},{"type":"Feature","id":"es-as-neighborhood-24b09","properties":{"id":"es-as-neighborhood-24b09","slug":"gijon-xixon-jove","name":"Jove","localName":"Jove","aliases":[],"kind":"neighborhood","boundaryStatus":"statistical","parentId":"es-as-concejo-33024","population":null,"areaKm2":3.8,"density":null,"referenceYear":2024,"sourceId":"sadei-neighborhoods","bbox":[-5.72338,43.53788,-5.6966,43.57553],"center":[-5.7099899999999995,43.556705]},"geometry":{"type":"Point","coordinates":[-5.7099899999999995,43.556705]}},{"type":"Feature","id":"es-as-neighborhood-24b15","properties":{"id":"es-as-neighborhood-24b15","slug":"gijon-xixon-el-musel-area-portuaria","name":"El Musel (área Portuaria)","localName":"El Musel (área Portuaria)","aliases":[],"kind":"neighborhood","boundaryStatus":"statistical","parentId":"es-as-concejo-33024","population":null,"areaKm2":3.5,"density":null,"referenceYear":2024,"sourceId":"sadei-neighborhoods","bbox":[-5.70469,43.54432,-5.67452,43.58669],"center":[-5.689605,43.565505]},"geometry":{"type":"Point","coordinates":[-5.689605,43.565505]}},{"type":"Feature","id":"es-as-neighborhood-24b20","properties":{"id":"es-as-neighborhood-24b20","slug":"gijon-xixon-el-poligono","name":"El Polígono","localName":"El Polígono","aliases":[],"kind":"neighborhood","boundaryStatus":"statistical","parentId":"es-as-concejo-33024","population":null,"areaKm2":0.6,"density":null,"referenceYear":2024,"sourceId":"sadei-neighborhoods","bbox":[-5.68192,43.52828,-5.67062,43.53974],"center":[-5.676270000000001,43.53401]},"geometry":{"type":"Point","coordinates":[-5.676270000000001,43.53401]}},{"type":"Feature","id":"es-as-neighborhood-24b14","properties":{"id":"es-as-neighborhood-24b14","slug":"gijon-xixon-moreda","name":"Moreda","localName":"Moreda","aliases":[],"kind":"neighborhood","boundaryStatus":"statistical","parentId":"es-as-concejo-33024","population":null,"areaKm2":0.4,"density":null,"referenceYear":2024,"sourceId":"sadei-neighborhoods","bbox":[-5.68965,43.53272,-5.67538,43.53932],"center":[-5.682515,43.53601999999999]},"geometry":{"type":"Point","coordinates":[-5.682515,43.53601999999999]}},{"type":"Feature","id":"es-as-neighborhood-24b08","properties":{"id":"es-as-neighborhood-24b08","slug":"gijon-xixon-el-coto","name":"El Coto","localName":"El Coto","aliases":[],"kind":"neighborhood","boundaryStatus":"statistical","parentId":"es-as-concejo-33024","population":null,"areaKm2":0.4,"density":null,"referenceYear":2024,"sourceId":"sadei-neighborhoods","bbox":[-5.65475,43.52787,-5.64441,43.53552],"center":[-5.64958,43.531695]},"geometry":{"type":"Point","coordinates":[-5.64958,43.531695]}},{"type":"Feature","id":"es-as-neighborhood-24b23","properties":{"id":"es-as-neighborhood-24b23","slug":"gijon-xixon-roces-urbano","name":"Roces Urbano","localName":"Roces Urbano","aliases":[],"kind":"neighborhood","boundaryStatus":"statistical","parentId":"es-as-concejo-33024","population":null,"areaKm2":1,"density":null,"referenceYear":2024,"sourceId":"sadei-neighborhoods","bbox":[-5.68727,43.51314,-5.66502,43.52275],"center":[-5.676145,43.517945]},"geometry":{"type":"Point","coordinates":[-5.676145,43.517945]}},{"type":"Feature","id":"es-as-neighborhood-44b12","properties":{"id":"es-as-neighborhood-44b12","slug":"oviedo-uvieu-la-corredoria","name":"La Corredoria","localName":"La Corredoria","aliases":[],"kind":"neighborhood","boundaryStatus":"statistical","parentId":"es-as-concejo-33044","population":null,"areaKm2":1.9,"density":null,"referenceYear":2024,"sourceId":"sadei-neighborhoods","bbox":[-5.82957,43.37655,-5.809,43.39827],"center":[-5.819285000000001,43.38741]},"geometry":{"type":"Point","coordinates":[-5.819285000000001,43.38741]}},{"type":"Feature","id":"es-as-neighborhood-44b26","properties":{"id":"es-as-neighborhood-44b26","slug":"oviedo-uvieu-teatinos","name":"Teatinos","localName":"Teatinos","aliases":[],"kind":"neighborhood","boundaryStatus":"statistical","parentId":"es-as-concejo-33044","population":null,"areaKm2":1.1,"density":null,"referenceYear":2024,"sourceId":"sadei-neighborhoods","bbox":[-5.83948,43.36746,-5.821,43.38103],"center":[-5.83024,43.374245]},"geometry":{"type":"Point","coordinates":[-5.83024,43.374245]}},{"type":"Feature","id":"es-as-neighborhood-44b11","properties":{"id":"es-as-neighborhood-44b11","slug":"oviedo-uvieu-colloto","name":"Colloto","localName":"Colloto","aliases":[],"kind":"neighborhood","boundaryStatus":"statistical","parentId":"es-as-concejo-33044","population":null,"areaKm2":2.3,"density":null,"referenceYear":2024,"sourceId":"sadei-neighborhoods","bbox":[-5.81532,43.36945,-5.78731,43.3884],"center":[-5.801315,43.378924999999995]},"geometry":{"type":"Point","coordinates":[-5.801315,43.378924999999995]}},{"type":"Feature","id":"es-as-neighborhood-44b09","properties":{"id":"es-as-neighborhood-44b09","slug":"oviedo-uvieu-cerdeno","name":"Cerdeño","localName":"Cerdeño","aliases":[],"kind":"neighborhood","boundaryStatus":"statistical","parentId":"es-as-concejo-33044","population":null,"areaKm2":2,"density":null,"referenceYear":2024,"sourceId":"sadei-neighborhoods","bbox":[-5.82596,43.35582,-5.8076,43.37714],"center":[-5.81678,43.366479999999996]},"geometry":{"type":"Point","coordinates":[-5.81678,43.366479999999996]}},{"type":"Feature","id":"es-as-neighborhood-44b19","properties":{"id":"es-as-neighborhood-44b19","slug":"oviedo-uvieu-olivares","name":"Olivares","localName":"Olivares","aliases":[],"kind":"neighborhood","boundaryStatus":"statistical","parentId":"es-as-concejo-33044","population":null,"areaKm2":1.9,"density":null,"referenceYear":2024,"sourceId":"sadei-neighborhoods","bbox":[-5.8925,43.34757,-5.86725,43.36597],"center":[-5.879875,43.35677]},"geometry":{"type":"Point","coordinates":[-5.879875,43.35677]}},{"type":"Feature","id":"es-as-neighborhood-44b06","properties":{"id":"es-as-neighborhood-44b06","slug":"oviedo-uvieu-centro-norte","name":"Centro Norte","localName":"Centro Norte","aliases":[],"kind":"neighborhood","boundaryStatus":"statistical","parentId":"es-as-concejo-33044","population":null,"areaKm2":0.4,"density":null,"referenceYear":2024,"sourceId":"sadei-neighborhoods","bbox":[-5.85442,43.36223,-5.83898,43.36747],"center":[-5.8467,43.36485]},"geometry":{"type":"Point","coordinates":[-5.8467,43.36485]}},{"type":"Feature","id":"es-as-neighborhood-44b27","properties":{"id":"es-as-neighborhood-44b27","slug":"oviedo-uvieu-tenderina-fozaneldi","name":"Tenderina - Fozaneldi","localName":"Tenderina - Fozaneldi","aliases":[],"kind":"neighborhood","boundaryStatus":"statistical","parentId":"es-as-concejo-33044","population":null,"areaKm2":1.3,"density":null,"referenceYear":2024,"sourceId":"sadei-neighborhoods","bbox":[-5.84175,43.35533,-5.82107,43.36853],"center":[-5.83141,43.36193]},"geometry":{"type":"Point","coordinates":[-5.83141,43.36193]}},{"type":"Feature","id":"es-as-neighborhood-44b08","properties":{"id":"es-as-neighborhood-44b08","slug":"oviedo-uvieu-centro-sur","name":"Centro Sur","localName":"Centro Sur","aliases":[],"kind":"neighborhood","boundaryStatus":"statistical","parentId":"es-as-concejo-33044","population":null,"areaKm2":0.3,"density":null,"referenceYear":2024,"sourceId":"sadei-neighborhoods","bbox":[-5.85461,43.35449,-5.84373,43.36178],"center":[-5.84917,43.358135000000004]},"geometry":{"type":"Point","coordinates":[-5.84917,43.358135000000004]}},{"type":"Feature","id":"es-as-neighborhood-44b07","properties":{"id":"es-as-neighborhood-44b07","slug":"oviedo-uvieu-centro-oeste","name":"Centro Oeste","localName":"Centro Oeste","aliases":[],"kind":"neighborhood","boundaryStatus":"statistical","parentId":"es-as-concejo-33044","population":null,"areaKm2":0.6,"density":null,"referenceYear":2024,"sourceId":"sadei-neighborhoods","bbox":[-5.8594,43.35649,-5.84799,43.36606],"center":[-5.853695,43.361275]},"geometry":{"type":"Point","coordinates":[-5.853695,43.361275]}},{"type":"Feature","id":"es-as-neighborhood-44b14","properties":{"id":"es-as-neighborhood-44b14","slug":"oviedo-uvieu-la-eria","name":"La Ería","localName":"La Ería","aliases":[],"kind":"neighborhood","boundaryStatus":"statistical","parentId":"es-as-concejo-33044","population":null,"areaKm2":0.2,"density":null,"referenceYear":2024,"sourceId":"sadei-neighborhoods","bbox":[-5.87226,43.35959,-5.86537,43.36464],"center":[-5.868815,43.362115]},"geometry":{"type":"Point","coordinates":[-5.868815,43.362115]}},{"type":"Feature","id":"es-as-neighborhood-44b17","properties":{"id":"es-as-neighborhood-44b17","slug":"oviedo-uvieu-monte-cerrau","name":"Monte Cerráu","localName":"Monte Cerráu","aliases":[],"kind":"neighborhood","boundaryStatus":"statistical","parentId":"es-as-concejo-33044","population":null,"areaKm2":1.1,"density":null,"referenceYear":2024,"sourceId":"sadei-neighborhoods","bbox":[-5.87589,43.34186,-5.85617,43.35487],"center":[-5.86603,43.348365]},"geometry":{"type":"Point","coordinates":[-5.86603,43.348365]}},{"type":"Feature","id":"es-as-neighborhood-44b28","properties":{"id":"es-as-neighborhood-44b28","slug":"oviedo-uvieu-vallobin","name":"Vallobín","localName":"Vallobín","aliases":[],"kind":"neighborhood","boundaryStatus":"statistical","parentId":"es-as-concejo-33044","population":null,"areaKm2":0.5,"density":null,"referenceYear":2024,"sourceId":"sadei-neighborhoods","bbox":[-5.87214,43.36302,-5.85702,43.37209],"center":[-5.86458,43.367554999999996]},"geometry":{"type":"Point","coordinates":[-5.86458,43.367554999999996]}},{"type":"Feature","id":"es-as-neighborhood-44b13","properties":{"id":"es-as-neighborhood-44b13","slug":"oviedo-uvieu-el-cristo","name":"El Cristo","localName":"El Cristo","aliases":[],"kind":"neighborhood","boundaryStatus":"statistical","parentId":"es-as-concejo-33044","population":null,"areaKm2":0.5,"density":null,"referenceYear":2024,"sourceId":"sadei-neighborhoods","bbox":[-5.87556,43.35138,-5.85461,43.35762],"center":[-5.8650850000000005,43.3545]},"geometry":{"type":"Point","coordinates":[-5.8650850000000005,43.3545]}},{"type":"Feature","id":"es-as-neighborhood-44b25","properties":{"id":"es-as-neighborhood-44b25","slug":"oviedo-uvieu-san-lazaro","name":"San Lázaro","localName":"San Lázaro","aliases":[],"kind":"neighborhood","boundaryStatus":"statistical","parentId":"es-as-concejo-33044","population":null,"areaKm2":0.6,"density":null,"referenceYear":2024,"sourceId":"sadei-neighborhoods","bbox":[-5.85655,43.34566,-5.83613,43.35449],"center":[-5.84634,43.350075000000004]},"geometry":{"type":"Point","coordinates":[-5.84634,43.350075000000004]}},{"type":"Feature","id":"es-as-neighborhood-44b16","properties":{"id":"es-as-neighborhood-44b16","slug":"oviedo-uvieu-la-florida","name":"La Florida","localName":"La Florida","aliases":[],"kind":"neighborhood","boundaryStatus":"statistical","parentId":"es-as-concejo-33044","population":null,"areaKm2":0.6,"density":null,"referenceYear":2024,"sourceId":"sadei-neighborhoods","bbox":[-5.8819,43.36413,-5.86723,43.37214],"center":[-5.8745650000000005,43.368135]},"geometry":{"type":"Point","coordinates":[-5.8745650000000005,43.368135]}},{"type":"Feature","id":"es-as-neighborhood-44b29","properties":{"id":"es-as-neighborhood-44b29","slug":"oviedo-uvieu-ventanielles","name":"Ventanielles","localName":"Ventanielles","aliases":[],"kind":"neighborhood","boundaryStatus":"statistical","parentId":"es-as-concejo-33044","population":null,"areaKm2":0.4,"density":null,"referenceYear":2024,"sourceId":"sadei-neighborhoods","bbox":[-5.83457,43.36511,-5.81917,43.37179],"center":[-5.8268699999999995,43.368449999999996]},"geometry":{"type":"Point","coordinates":[-5.8268699999999995,43.368449999999996]}},{"type":"Feature","id":"es-as-neighborhood-44b20","properties":{"id":"es-as-neighborhood-44b20","slug":"oviedo-uvieu-otero","name":"Otero","localName":"Otero","aliases":[],"kind":"neighborhood","boundaryStatus":"statistical","parentId":"es-as-concejo-33044","population":null,"areaKm2":0.6,"density":null,"referenceYear":2024,"sourceId":"sadei-neighborhoods","bbox":[-5.8438,43.35064,-5.82905,43.35956],"center":[-5.836425,43.3551]},"geometry":{"type":"Point","coordinates":[-5.836425,43.3551]}},{"type":"Feature","id":"es-as-neighborhood-44b22","properties":{"id":"es-as-neighborhood-44b22","slug":"oviedo-uvieu-parque-de-invierno","name":"Parque De Invierno","localName":"Parque De Invierno","aliases":[],"kind":"neighborhood","boundaryStatus":"statistical","parentId":"es-as-concejo-33044","population":null,"areaKm2":0.5,"density":null,"referenceYear":2024,"sourceId":"sadei-neighborhoods","bbox":[-5.8587,43.34814,-5.84446,43.35649],"center":[-5.85158,43.352315000000004]},"geometry":{"type":"Point","coordinates":[-5.85158,43.352315000000004]}},{"type":"Feature","id":"es-as-neighborhood-44b01","properties":{"id":"es-as-neighborhood-44b01","slug":"oviedo-uvieu-antiguo","name":"Antiguo","localName":"Antiguo","aliases":[],"kind":"neighborhood","boundaryStatus":"statistical","parentId":"es-as-concejo-33044","population":null,"areaKm2":0.2,"density":null,"referenceYear":2024,"sourceId":"sadei-neighborhoods","bbox":[-5.84863,43.35831,-5.84128,43.36377],"center":[-5.844955000000001,43.36104]},"geometry":{"type":"Point","coordinates":[-5.844955000000001,43.36104]}},{"type":"Feature","id":"es-as-neighborhood-44b03","properties":{"id":"es-as-neighborhood-44b03","slug":"oviedo-uvieu-buenavista","name":"Buenavista","localName":"Buenavista","aliases":[],"kind":"neighborhood","boundaryStatus":"statistical","parentId":"es-as-concejo-33044","population":null,"areaKm2":1.1,"density":null,"referenceYear":2024,"sourceId":"sadei-neighborhoods","bbox":[-5.88841,43.346,-5.85676,43.3608],"center":[-5.872585000000001,43.35339999999999]},"geometry":{"type":"Point","coordinates":[-5.872585000000001,43.35339999999999]}},{"type":"Feature","id":"es-as-neighborhood-44b23","properties":{"id":"es-as-neighborhood-44b23","slug":"oviedo-uvieu-ponton-de-vaqueros","name":"Pontón De Vaqueros","localName":"Pontón De Vaqueros","aliases":[],"kind":"neighborhood","boundaryStatus":"statistical","parentId":"es-as-concejo-33044","population":null,"areaKm2":0.4,"density":null,"referenceYear":2024,"sourceId":"sadei-neighborhoods","bbox":[-5.84049,43.37594,-5.8239,43.38395],"center":[-5.8321950000000005,43.379945]},"geometry":{"type":"Point","coordinates":[-5.8321950000000005,43.379945]}},{"type":"Feature","id":"es-as-neighborhood-44b18","properties":{"id":"es-as-neighborhood-44b18","slug":"oviedo-uvieu-monxina-lafuerza","name":"Monxina - Lafuerza","localName":"Monxina - Lafuerza","aliases":[],"kind":"neighborhood","boundaryStatus":"statistical","parentId":"es-as-concejo-33044","population":null,"areaKm2":0.4,"density":null,"referenceYear":2024,"sourceId":"sadei-neighborhoods","bbox":[-5.82817,43.37031,-5.81532,43.37822],"center":[-5.821745,43.374265]},"geometry":{"type":"Point","coordinates":[-5.821745,43.374265]}},{"type":"Feature","id":"es-as-neighborhood-44b05","properties":{"id":"es-as-neighborhood-44b05","slug":"oviedo-uvieu-centro-este","name":"Centro Este","localName":"Centro Este","aliases":[],"kind":"neighborhood","boundaryStatus":"statistical","parentId":"es-as-concejo-33044","population":null,"areaKm2":0.3,"density":null,"referenceYear":2024,"sourceId":"sadei-neighborhoods","bbox":[-5.84489,43.35446,-5.83815,43.36399],"center":[-5.84152,43.359225]},"geometry":{"type":"Point","coordinates":[-5.84152,43.359225]}},{"type":"Feature","id":"es-as-neighborhood-44b02","properties":{"id":"es-as-neighborhood-44b02","slug":"oviedo-uvieu-arganosa","name":"Argañosa","localName":"Argañosa","aliases":[],"kind":"neighborhood","boundaryStatus":"statistical","parentId":"es-as-concejo-33044","population":null,"areaKm2":0.3,"density":null,"referenceYear":2024,"sourceId":"sadei-neighborhoods","bbox":[-5.86981,43.35908,-5.8584,43.36618],"center":[-5.864105,43.362629999999996]},"geometry":{"type":"Point","coordinates":[-5.864105,43.362629999999996]}},{"type":"Feature","id":"es-as-neighborhood-44b10","properties":{"id":"es-as-neighborhood-44b10","slug":"oviedo-uvieu-ciudad-naranco","name":"Ciudad Naranco","localName":"Ciudad Naranco","aliases":[],"kind":"neighborhood","boundaryStatus":"statistical","parentId":"es-as-concejo-33044","population":null,"areaKm2":1.2,"density":null,"referenceYear":2024,"sourceId":"sadei-neighborhoods","bbox":[-5.86608,43.36433,-5.84672,43.37815],"center":[-5.856400000000001,43.37124]},"geometry":{"type":"Point","coordinates":[-5.856400000000001,43.37124]}},{"type":"Feature","id":"es-as-neighborhood-44b24","properties":{"id":"es-as-neighborhood-44b24","slug":"oviedo-uvieu-pumarin","name":"Pumarín","localName":"Pumarín","aliases":[],"kind":"neighborhood","boundaryStatus":"statistical","parentId":"es-as-concejo-33044","population":null,"areaKm2":0.6,"density":null,"referenceYear":2024,"sourceId":"sadei-neighborhoods","bbox":[-5.85333,43.36592,-5.83637,43.3732],"center":[-5.844849999999999,43.36956]},"geometry":{"type":"Point","coordinates":[-5.844849999999999,43.36956]}},{"type":"Feature","id":"es-as-neighborhood-44b04","properties":{"id":"es-as-neighborhood-44b04","slug":"oviedo-uvieu-las-campas","name":"Las Campas","localName":"Las Campas","aliases":[],"kind":"neighborhood","boundaryStatus":"statistical","parentId":"es-as-concejo-33044","population":null,"areaKm2":0.7,"density":null,"referenceYear":2024,"sourceId":"sadei-neighborhoods","bbox":[-5.89298,43.35958,-5.87963,43.37288],"center":[-5.886305,43.36623]},"geometry":{"type":"Point","coordinates":[-5.886305,43.36623]}},{"type":"Feature","id":"es-as-neighborhood-44b15","properties":{"id":"es-as-neighborhood-44b15","slug":"oviedo-uvieu-fitoria","name":"Fitoria","localName":"Fitoria","aliases":[],"kind":"neighborhood","boundaryStatus":"statistical","parentId":"es-as-concejo-33044","population":null,"areaKm2":3.4,"density":null,"referenceYear":2024,"sourceId":"sadei-neighborhoods","bbox":[-5.85513,43.3732,-5.82078,43.40234],"center":[-5.837955,43.38777]},"geometry":{"type":"Point","coordinates":[-5.837955,43.38777]}},{"type":"Feature","id":"es-as-neighborhood-44b21","properties":{"id":"es-as-neighborhood-44b21","slug":"oviedo-uvieu-pando","name":"Pando","localName":"Pando","aliases":[],"kind":"neighborhood","boundaryStatus":"statistical","parentId":"es-as-concejo-33044","population":null,"areaKm2":0.4,"density":null,"referenceYear":2024,"sourceId":"sadei-neighborhoods","bbox":[-5.84672,43.37129,-5.83443,43.37812],"center":[-5.840575,43.374705000000006]},"geometry":{"type":"Point","coordinates":[-5.840575,43.374705000000006]}},{"type":"Feature","id":"es-as-neighborhood-37b06","properties":{"id":"es-as-neighborhood-37b06","slug":"mieres-santa-marina","name":"Santa Marina","localName":"Santa Marina","aliases":[],"kind":"neighborhood","boundaryStatus":"statistical","parentId":"es-as-concejo-33037","population":null,"areaKm2":0.2,"density":null,"referenceYear":2024,"sourceId":"sadei-neighborhoods","bbox":[-5.78131,43.24392,-5.77632,43.24877],"center":[-5.778815,43.246345000000005]},"geometry":{"type":"Point","coordinates":[-5.778815,43.246345000000005]}},{"type":"Feature","id":"es-as-neighborhood-31b02","properties":{"id":"es-as-neighborhood-31b02","slug":"langreo-llangreu-cianu","name":"Ciañu","localName":"Ciañu","aliases":[],"kind":"neighborhood","boundaryStatus":"statistical","parentId":"es-as-concejo-33031","population":null,"areaKm2":0.7,"density":null,"referenceYear":2024,"sourceId":"sadei-neighborhoods","bbox":[-5.67571,43.27908,-5.65018,43.29179],"center":[-5.662945,43.285435]},"geometry":{"type":"Point","coordinates":[-5.662945,43.285435]}},{"type":"Feature","id":"es-as-neighborhood-31b06","properties":{"id":"es-as-neighborhood-31b06","slug":"langreo-llangreu-sama","name":"Sama","localName":"Sama","aliases":[],"kind":"neighborhood","boundaryStatus":"statistical","parentId":"es-as-concejo-33031","population":null,"areaKm2":1.3,"density":null,"referenceYear":2024,"sourceId":"sadei-neighborhoods","bbox":[-5.69305,43.28975,-5.66666,43.30174],"center":[-5.679855,43.295745]},"geometry":{"type":"Point","coordinates":[-5.679855,43.295745]}},{"type":"Feature","id":"es-as-neighborhood-31b04","properties":{"id":"es-as-neighborhood-31b04","slug":"langreo-llangreu-lada","name":"Lada","localName":"Lada","aliases":[],"kind":"neighborhood","boundaryStatus":"statistical","parentId":"es-as-concejo-33031","population":null,"areaKm2":1.2,"density":null,"referenceYear":2024,"sourceId":"sadei-neighborhoods","bbox":[-5.71692,43.2968,-5.69246,43.317],"center":[-5.704689999999999,43.3069]},"geometry":{"type":"Point","coordinates":[-5.704689999999999,43.3069]}},{"type":"Feature","id":"es-as-neighborhood-31b03","properties":{"id":"es-as-neighborhood-31b03","slug":"langreo-llangreu-la-felguera","name":"La Felguera","localName":"La Felguera","aliases":[],"kind":"neighborhood","boundaryStatus":"statistical","parentId":"es-as-concejo-33031","population":null,"areaKm2":2.7,"density":null,"referenceYear":2024,"sourceId":"sadei-neighborhoods","bbox":[-5.7053,43.29802,-5.67012,43.31945],"center":[-5.68771,43.308735]},"geometry":{"type":"Point","coordinates":[-5.68771,43.308735]}},{"type":"Feature","id":"es-as-neighborhood-31b01","properties":{"id":"es-as-neighborhood-31b01","slug":"langreo-llangreu-barros","name":"Barros","localName":"Barros","aliases":[],"kind":"neighborhood","boundaryStatus":"statistical","parentId":"es-as-concejo-33031","population":null,"areaKm2":0.7,"density":null,"referenceYear":2024,"sourceId":"sadei-neighborhoods","bbox":[-5.718,43.31251,-5.69729,43.3223],"center":[-5.707644999999999,43.317405]},"geometry":{"type":"Point","coordinates":[-5.707644999999999,43.317405]}},{"type":"Feature","id":"es-as-neighborhood-31b05","properties":{"id":"es-as-neighborhood-31b05","slug":"langreo-llangreu-rianu","name":"Riañu","localName":"Riañu","aliases":[],"kind":"neighborhood","boundaryStatus":"statistical","parentId":"es-as-concejo-33031","population":null,"areaKm2":1.3,"density":null,"referenceYear":2024,"sourceId":"sadei-neighborhoods","bbox":[-5.74018,43.31677,-5.71403,43.33245],"center":[-5.727105,43.32461]},"geometry":{"type":"Point","coordinates":[-5.727105,43.32461]}},{"type":"Feature","id":"es-as-neighborhood-04b09","properties":{"id":"es-as-neighborhood-04b09","slug":"aviles-la-luz","name":"La Luz","localName":"La Luz","aliases":[],"kind":"neighborhood","boundaryStatus":"statistical","parentId":"es-as-concejo-33004","population":null,"areaKm2":0.6,"density":null,"referenceYear":2024,"sourceId":"sadei-neighborhoods","bbox":[-5.91604,43.5335,-5.90222,43.54279],"center":[-5.909129999999999,43.538145]},"geometry":{"type":"Point","coordinates":[-5.909129999999999,43.538145]}},{"type":"Feature","id":"es-as-neighborhood-04b06","properties":{"id":"es-as-neighborhood-04b06","slug":"aviles-la-llamosa-ermita-de-la-luz","name":"La Llamosa - Ermita De La Luz","localName":"La Llamosa - Ermita De La Luz","aliases":[],"kind":"neighborhood","boundaryStatus":"statistical","parentId":"es-as-concejo-33004","population":null,"areaKm2":0.7,"density":null,"referenceYear":2024,"sourceId":"sadei-neighborhoods","bbox":[-5.92339,43.53774,-5.90853,43.5463],"center":[-5.91596,43.54202]},"geometry":{"type":"Point","coordinates":[-5.91596,43.54202]}},{"type":"Feature","id":"es-as-neighborhood-04b13","properties":{"id":"es-as-neighborhood-04b13","slug":"aviles-el-pozon-villalegre","name":"El Pozón - Villalegre","localName":"El Pozón - Villalegre","aliases":[],"kind":"neighborhood","boundaryStatus":"statistical","parentId":"es-as-concejo-33004","population":null,"areaKm2":0.5,"density":null,"referenceYear":2024,"sourceId":"sadei-neighborhoods","bbox":[-5.91263,43.53762,-5.90145,43.54724],"center":[-5.90704,43.542429999999996]},"geometry":{"type":"Point","coordinates":[-5.90704,43.542429999999996]}},{"type":"Feature","id":"es-as-neighborhood-04b04","properties":{"id":"es-as-neighborhood-04b04","slug":"aviles-grandiella","name":"Grandiella","localName":"Grandiella","aliases":[],"kind":"neighborhood","boundaryStatus":"statistical","parentId":"es-as-concejo-33004","population":null,"areaKm2":0.2,"density":null,"referenceYear":2024,"sourceId":"sadei-neighborhoods","bbox":[-5.9327,43.54299,-5.92316,43.54781],"center":[-5.92793,43.5454]},"geometry":{"type":"Point","coordinates":[-5.92793,43.5454]}},{"type":"Feature","id":"es-as-neighborhood-04b03","properties":{"id":"es-as-neighborhood-04b03","slug":"aviles-la-carriona","name":"La Carriona","localName":"La Carriona","aliases":[],"kind":"neighborhood","boundaryStatus":"statistical","parentId":"es-as-concejo-33004","population":null,"areaKm2":0.7,"density":null,"referenceYear":2024,"sourceId":"sadei-neighborhoods","bbox":[-5.94444,43.53373,-5.93255,43.5482],"center":[-5.938495,43.540965]},"geometry":{"type":"Point","coordinates":[-5.938495,43.540965]}},{"type":"Feature","id":"es-as-neighborhood-04b19","properties":{"id":"es-as-neighborhood-04b19","slug":"aviles-versalles","name":"Versalles","localName":"Versalles","aliases":[],"kind":"neighborhood","boundaryStatus":"statistical","parentId":"es-as-concejo-33004","population":null,"areaKm2":0.5,"density":null,"referenceYear":2024,"sourceId":"sadei-neighborhoods","bbox":[-5.92462,43.54256,-5.91263,43.55155],"center":[-5.9186250000000005,43.547055]},"geometry":{"type":"Point","coordinates":[-5.9186250000000005,43.547055]}},{"type":"Feature","id":"es-as-neighborhood-04b10","properties":{"id":"es-as-neighborhood-04b10","slug":"aviles-la-magdalena","name":"La Magdalena","localName":"La Magdalena","aliases":[],"kind":"neighborhood","boundaryStatus":"statistical","parentId":"es-as-concejo-33004","population":null,"areaKm2":0.3,"density":null,"referenceYear":2024,"sourceId":"sadei-neighborhoods","bbox":[-5.93077,43.54713,-5.9226,43.55274],"center":[-5.926685,43.549935000000005]},"geometry":{"type":"Point","coordinates":[-5.926685,43.549935000000005]}},{"type":"Feature","id":"es-as-neighborhood-04b02","properties":{"id":"es-as-neighborhood-04b02","slug":"aviles-bustiello","name":"Bustiello","localName":"Bustiello","aliases":[],"kind":"neighborhood","boundaryStatus":"statistical","parentId":"es-as-concejo-33004","population":null,"areaKm2":0.4,"density":null,"referenceYear":2024,"sourceId":"sadei-neighborhoods","bbox":[-5.91332,43.5463,-5.89836,43.55341],"center":[-5.9058399999999995,43.549855]},"geometry":{"type":"Point","coordinates":[-5.9058399999999995,43.549855]}},{"type":"Feature","id":"es-as-neighborhood-04b18","properties":{"id":"es-as-neighborhood-04b18","slug":"aviles-san-agustin-valparaiso","name":"San Agustín - Valparaíso","localName":"San Agustín - Valparaíso","aliases":[],"kind":"neighborhood","boundaryStatus":"statistical","parentId":"es-as-concejo-33004","population":null,"areaKm2":0.3,"density":null,"referenceYear":2024,"sourceId":"sadei-neighborhoods","bbox":[-5.93726,43.5471,-5.93049,43.55491],"center":[-5.9338750000000005,43.551005]},"geometry":{"type":"Point","coordinates":[-5.9338750000000005,43.551005]}},{"type":"Feature","id":"es-as-neighborhood-04b08","properties":{"id":"es-as-neighborhood-04b08","slug":"aviles-llaranes","name":"Llaranes","localName":"Llaranes","aliases":[],"kind":"neighborhood","boundaryStatus":"statistical","parentId":"es-as-concejo-33004","population":null,"areaKm2":1.2,"density":null,"referenceYear":2024,"sourceId":"sadei-neighborhoods","bbox":[-5.91103,43.53899,-5.88877,43.55548],"center":[-5.899900000000001,43.547235]},"geometry":{"type":"Point","coordinates":[-5.899900000000001,43.547235]}},{"type":"Feature","id":"es-as-neighborhood-04b14","properties":{"id":"es-as-neighborhood-04b14","slug":"aviles-puerta-de-la-villa","name":"Puerta De La Villa","localName":"Puerta De La Villa","aliases":[],"kind":"neighborhood","boundaryStatus":"statistical","parentId":"es-as-concejo-33004","population":null,"areaKm2":0.4,"density":null,"referenceYear":2024,"sourceId":"sadei-neighborhoods","bbox":[-5.91923,43.54654,-5.91039,43.55552],"center":[-5.914809999999999,43.55103]},"geometry":{"type":"Point","coordinates":[-5.914809999999999,43.55103]}},{"type":"Feature","id":"es-as-neighborhood-04b20","properties":{"id":"es-as-neighborhood-04b20","slug":"aviles-la-villa","name":"La Villa","localName":"La Villa","aliases":[],"kind":"neighborhood","boundaryStatus":"statistical","parentId":"es-as-concejo-33004","population":null,"areaKm2":0.4,"density":null,"referenceYear":2024,"sourceId":"sadei-neighborhoods","bbox":[-5.92797,43.55077,-5.91702,43.5579],"center":[-5.922495,43.554334999999995]},"geometry":{"type":"Point","coordinates":[-5.922495,43.554334999999995]}},{"type":"Feature","id":"es-as-neighborhood-04b15","properties":{"id":"es-as-neighborhood-04b15","slug":"aviles-el-quirinal","name":"El Quirinal","localName":"El Quirinal","aliases":[],"kind":"neighborhood","boundaryStatus":"statistical","parentId":"es-as-concejo-33004","population":null,"areaKm2":0.3,"density":null,"referenceYear":2024,"sourceId":"sadei-neighborhoods","bbox":[-5.93635,43.55121,-5.92669,43.56107],"center":[-5.93152,43.55614]},"geometry":{"type":"Point","coordinates":[-5.93152,43.55614]}},{"type":"Feature","id":"es-as-neighborhood-04b11","properties":{"id":"es-as-neighborhood-04b11","slug":"aviles-las-meanas","name":"Las Meanas","localName":"Las Meanas","aliases":[],"kind":"neighborhood","boundaryStatus":"statistical","parentId":"es-as-concejo-33004","population":null,"areaKm2":0.4,"density":null,"referenceYear":2024,"sourceId":"sadei-neighborhoods","bbox":[-5.9325,43.55367,-5.92366,43.56241],"center":[-5.92808,43.55804]},"geometry":{"type":"Point","coordinates":[-5.92808,43.55804]}},{"type":"Feature","id":"es-as-neighborhood-04b16","properties":{"id":"es-as-neighborhood-04b16","slug":"aviles-el-quirinal-norte-caliero","name":"El Quirinal Norte - Caliero","localName":"El Quirinal Norte - Caliero","aliases":[],"kind":"neighborhood","boundaryStatus":"statistical","parentId":"es-as-concejo-33004","population":null,"areaKm2":0.2,"density":null,"referenceYear":2024,"sourceId":"sadei-neighborhoods","bbox":[-5.94283,43.5573,-5.93374,43.56315],"center":[-5.9382850000000005,43.560225]},"geometry":{"type":"Point","coordinates":[-5.9382850000000005,43.560225]}},{"type":"Feature","id":"es-as-neighborhood-04b17","properties":{"id":"es-as-neighborhood-04b17","slug":"aviles-sabugo","name":"Sabugo","localName":"Sabugo","aliases":[],"kind":"neighborhood","boundaryStatus":"statistical","parentId":"es-as-concejo-33004","population":null,"areaKm2":0.3,"density":null,"referenceYear":2024,"sourceId":"sadei-neighborhoods","bbox":[-5.92795,43.55657,-5.91972,43.56319],"center":[-5.923835,43.55988]},"geometry":{"type":"Point","coordinates":[-5.923835,43.55988]}},{"type":"Feature","id":"es-as-neighborhood-04b12","properties":{"id":"es-as-neighborhood-04b12","slug":"aviles-el-nodo","name":"El Nodo","localName":"El Nodo","aliases":[],"kind":"neighborhood","boundaryStatus":"statistical","parentId":"es-as-concejo-33004","population":null,"areaKm2":0.2,"density":null,"referenceYear":2024,"sourceId":"sadei-neighborhoods","bbox":[-5.93446,43.56217,-5.9233,43.56653],"center":[-5.9288799999999995,43.564350000000005]},"geometry":{"type":"Point","coordinates":[-5.9288799999999995,43.564350000000005]}},{"type":"Feature","id":"es-as-neighborhood-04b05","properties":{"id":"es-as-neighborhood-04b05","slug":"aviles-jardin-de-cantos-la-maruca-cristaleria","name":"Jardín De Cantos - La Maruca - Cristalería","localName":"Jardín De Cantos - La Maruca - Cristalería","aliases":[],"kind":"neighborhood","boundaryStatus":"statistical","parentId":"es-as-concejo-33004","population":null,"areaKm2":0.5,"density":null,"referenceYear":2024,"sourceId":"sadei-neighborhoods","bbox":[-5.9384,43.56479,-5.92541,43.57614],"center":[-5.931905,43.570465]},"geometry":{"type":"Point","coordinates":[-5.931905,43.570465]}},{"type":"Feature","id":"es-as-neighborhood-04b01","properties":{"id":"es-as-neighborhood-04b01","slug":"aviles-area-portuaria","name":"Área Portuaria","localName":"Área Portuaria","aliases":[],"kind":"neighborhood","boundaryStatus":"statistical","parentId":"es-as-concejo-33004","population":null,"areaKm2":1.3,"density":null,"referenceYear":2024,"sourceId":"sadei-neighborhoods","bbox":[-5.93681,43.56082,-5.92046,43.58134],"center":[-5.928635,43.571079999999995]},"geometry":{"type":"Point","coordinates":[-5.928635,43.571079999999995]}},{"type":"Feature","id":"es-as-neighborhood-04b07","properties":{"id":"es-as-neighborhood-04b07","slug":"aviles-llaneces","name":"Llaneces","localName":"Llaneces","aliases":[],"kind":"neighborhood","boundaryStatus":"statistical","parentId":"es-as-concejo-33004","population":null,"areaKm2":0.3,"density":null,"referenceYear":2024,"sourceId":"sadei-neighborhoods","bbox":[-5.92067,43.53054,-5.90953,43.53813],"center":[-5.915100000000001,43.534335]},"geometry":{"type":"Point","coordinates":[-5.915100000000001,43.534335]}},{"type":"Feature","id":"es-as-neighborhood-37b02","properties":{"id":"es-as-neighborhood-37b02","slug":"mieres-batan","name":"Batán","localName":"Batán","aliases":[],"kind":"neighborhood","boundaryStatus":"statistical","parentId":"es-as-concejo-33037","population":null,"areaKm2":0.2,"density":null,"referenceYear":2024,"sourceId":"sadei-neighborhoods","bbox":[-5.78468,43.25754,-5.77786,43.26199],"center":[-5.78127,43.259765]},"geometry":{"type":"Point","coordinates":[-5.78127,43.259765]}},{"type":"Feature","id":"es-as-neighborhood-37b04","properties":{"id":"es-as-neighborhood-37b04","slug":"mieres-onon-requexu","name":"Oñón - Requexu","localName":"Oñón - Requexu","aliases":[],"kind":"neighborhood","boundaryStatus":"statistical","parentId":"es-as-concejo-33037","population":null,"areaKm2":0.4,"density":null,"referenceYear":2024,"sourceId":"sadei-neighborhoods","bbox":[-5.7775,43.25005,-5.76535,43.25746],"center":[-5.771425,43.253755]},"geometry":{"type":"Point","coordinates":[-5.771425,43.253755]}},{"type":"Feature","id":"es-as-neighborhood-37b05","properties":{"id":"es-as-neighborhood-37b05","slug":"mieres-san-pedro","name":"San Pedro","localName":"San Pedro","aliases":[],"kind":"neighborhood","boundaryStatus":"statistical","parentId":"es-as-concejo-33037","population":null,"areaKm2":0.4,"density":null,"referenceYear":2024,"sourceId":"sadei-neighborhoods","bbox":[-5.78317,43.25032,-5.77569,43.25819],"center":[-5.77943,43.254255]},"geometry":{"type":"Point","coordinates":[-5.77943,43.254255]}},{"type":"Feature","id":"es-as-neighborhood-37b07","properties":{"id":"es-as-neighborhood-37b07","slug":"mieres-poligono-industrial","name":"Polígono Industrial","localName":"Polígono Industrial","aliases":[],"kind":"neighborhood","boundaryStatus":"statistical","parentId":"es-as-concejo-33037","population":null,"areaKm2":0.2,"density":null,"referenceYear":2024,"sourceId":"sadei-neighborhoods","bbox":[-5.78238,43.22999,-5.77661,43.23833],"center":[-5.779495,43.23416]},"geometry":{"type":"Point","coordinates":[-5.779495,43.23416]}},{"type":"Feature","id":"es-as-neighborhood-37b08","properties":{"id":"es-as-neighborhood-37b08","slug":"mieres-vega-de-arriba","name":"Vega De Arriba","localName":"Vega De Arriba","aliases":[],"kind":"neighborhood","boundaryStatus":"statistical","parentId":"es-as-concejo-33037","population":null,"areaKm2":0.2,"density":null,"referenceYear":2024,"sourceId":"sadei-neighborhoods","bbox":[-5.7806,43.23819,-5.77674,43.24447],"center":[-5.77867,43.241330000000005]},"geometry":{"type":"Point","coordinates":[-5.77867,43.241330000000005]}},{"type":"Feature","id":"es-as-neighborhood-37b01","properties":{"id":"es-as-neighborhood-37b01","slug":"mieres-barredo-bazuelo","name":"Barredo - Bazuelo","localName":"Barredo - Bazuelo","aliases":[],"kind":"neighborhood","boundaryStatus":"statistical","parentId":"es-as-concejo-33037","population":null,"areaKm2":0.1,"density":null,"referenceYear":2024,"sourceId":"sadei-neighborhoods","bbox":[-5.7776,43.23821,-5.77327,43.24466],"center":[-5.775435,43.241435]},"geometry":{"type":"Point","coordinates":[-5.775435,43.241435]}},{"type":"Feature","id":"es-as-neighborhood-37b09","properties":{"id":"es-as-neighborhood-37b09","slug":"mieres-villa-sobrelavega","name":"Villa - Sobrelavega","localName":"Villa - Sobrelavega","aliases":[],"kind":"neighborhood","boundaryStatus":"statistical","parentId":"es-as-concejo-33037","population":null,"areaKm2":0.2,"density":null,"referenceYear":2024,"sourceId":"sadei-neighborhoods","bbox":[-5.77674,43.24337,-5.7714,43.25032],"center":[-5.77407,43.246845]},"geometry":{"type":"Point","coordinates":[-5.77407,43.246845]}},{"type":"Feature","id":"es-as-neighborhood-37b03","properties":{"id":"es-as-neighborhood-37b03","slug":"mieres-mayacina","name":"Mayacina","localName":"Mayacina","aliases":[],"kind":"neighborhood","boundaryStatus":"statistical","parentId":"es-as-concejo-33037","population":null,"areaKm2":0.1,"density":null,"referenceYear":2024,"sourceId":"sadei-neighborhoods","bbox":[-5.78181,43.2481,-5.7761,43.25239],"center":[-5.778955,43.250245]},"geometry":{"type":"Point","coordinates":[-5.778955,43.250245]}}]}
