{"type":"FeatureCollection","features":[{"type":"Feature","id":"physical-es-water-ES010MSPFES503MAT000260","geometry":{"type":"Polygon","coordinates":[[[-8.8279,41.91131],[-8.82768,41.9115],[-8.82757,41.91178],[-8.82749,41.91248],[-8.82698,41.91282],[-8.82707,41.91218],[-8.82699,41.9121],[-8.82664,41.91226],[-8.82607,41.91265],[-8.82423,41.91348],[-8.82114,41.91439],[-8.81985,41.91485],[-8.81954,41.91491],[-8.81854,41.91496],[-8.81827,41.91489],[-8.81775,41.91461],[-8.81705,41.9144],[-8.81578,41.91426],[-8.81415,41.91436],[-8.81258,41.91479],[-8.81225,41.91493],[-8.81144,41.91541],[-8.81117,41.91562],[-8.81032,41.91666],[-8.80989,41.91747],[-8.80931,41.91795],[-8.80896,41.91816],[-8.80848,41.91834],[-8.80633,41.91859],[-8.80571,41.91861],[-8.80459,41.91824],[-8.80422,41.91799],[-8.80406,41.91776],[-8.80383,41.91731],[-8.80375,41.91705],[-8.80352,41.91667],[-8.80283,41.91632],[-8.80253,41.91628],[-8.80189,41.91641],[-8.80062,41.91651],[-8.79932,41.91685],[-8.79859,41.91698],[-8.7962,41.9172],[-8.79586,41.91713],[-8.79578,41.91729],[-8.79567,41.91734],[-8.79446,41.91753],[-8.79422,41.91764],[-8.79307,41.91781],[-8.79047,41.91849],[-8.78932,41.91889],[-8.78658,41.91462],[-8.78759,41.91434],[-8.78831,41.91425],[-8.78902,41.91433],[-8.78932,41.91452],[-8.79063,41.91393],[-8.79185,41.913],[-8.79304,41.91198],[-8.79334,41.91152],[-8.79342,41.91118],[-8.79359,41.91076],[-8.79376,41.91053],[-8.79432,41.91004],[-8.79527,41.9094],[-8.79544,41.90913],[-8.79541,41.90892],[-8.79553,41.90857],[-8.79575,41.90839],[-8.79641,41.90822],[-8.79709,41.90794],[-8.79755,41.90747],[-8.79848,41.90665],[-8.79881,41.90646],[-8.79941,41.90623],[-8.80006,41.90608],[-8.80041,41.90605],[-8.80092,41.90608],[-8.80155,41.90636],[-8.8017,41.90635],[-8.80238,41.90609],[-8.80277,41.90591],[-8.80383,41.90525],[-8.80507,41.90468],[-8.80544,41.90442],[-8.80635,41.90356],[-8.80671,41.90331],[-8.80828,41.90245],[-8.80889,41.90219],[-8.81051,41.90186],[-8.81166,41.90205],[-8.81244,41.90208],[-8.81301,41.902],[-8.81386,41.90172],[-8.81399,41.90185],[-8.81425,41.90173],[-8.81417,41.90163],[-8.81655,41.90057],[-8.81767,41.89959],[-8.81734,41.8994],[-8.81724,41.89947],[-8.8172,41.89945],[-8.81744,41.89926],[-8.8177,41.89942],[-8.81966,41.89772],[-8.81994,41.89769],[-8.82001,41.89763],[-8.82012,41.89732],[-8.82058,41.89732],[-8.82061,41.89708],[-8.82025,41.89707],[-8.82041,41.89666],[-8.82064,41.89634],[-8.82107,41.89557],[-8.82156,41.89492],[-8.82167,41.89465],[-8.82208,41.89407],[-8.82254,41.89359],[-8.82339,41.89302],[-8.82437,41.89194],[-8.82451,41.8919],[-8.82475,41.89196],[-8.82483,41.89191],[-8.82506,41.89138],[-8.82527,41.89059],[-8.82543,41.8894],[-8.82564,41.88869],[-8.82617,41.88795],[-8.82656,41.88754],[-8.82791,41.88628],[-8.83012,41.88447],[-8.83197,41.88316],[-8.83318,41.88206],[-8.83426,41.88157],[-8.83618,41.8806],[-8.83699,41.87979],[-8.83764,41.87979],[-8.83822,41.88013],[-8.83839,41.88002],[-8.83788,41.87962],[-8.83804,41.87949],[-8.83898,41.87933],[-8.83904,41.87941],[-8.83934,41.87926],[-8.8396,41.87948],[-8.83956,41.87951],[-8.83971,41.87965],[-8.83995,41.87947],[-8.83977,41.87939],[-8.83954,41.87915],[-8.83982,41.87897],[-8.83973,41.8789],[-8.84008,41.87835],[-8.84058,41.87693],[-8.84129,41.87546],[-8.84319,41.88137],[-8.84376,41.88336],[-8.84828,41.89723],[-8.84802,41.89769],[-8.84769,41.89814],[-8.84745,41.89833],[-8.84707,41.89849],[-8.84593,41.89944],[-8.84516,41.89997],[-8.84505,41.90019],[-8.84504,41.90078],[-8.84497,41.90097],[-8.84486,41.90109],[-8.84471,41.90152],[-8.84455,41.90167],[-8.84418,41.90164],[-8.84407,41.90171],[-8.84395,41.90227],[-8.84375,41.90282],[-8.84386,41.90291],[-8.84429,41.90301],[-8.84467,41.90302],[-8.84484,41.90314],[-8.84495,41.9033],[-8.84521,41.90326],[-8.84552,41.90332],[-8.84589,41.90327],[-8.84605,41.90346],[-8.84597,41.90355],[-8.84579,41.90358],[-8.84553,41.90338],[-8.84546,41.90343],[-8.8455,41.90358],[-8.8457,41.90367],[-8.84592,41.90367],[-8.84623,41.90343],[-8.84668,41.90356],[-8.84689,41.90346],[-8.84707,41.90353],[-8.84712,41.90362],[-8.84708,41.90371],[-8.84712,41.90378],[-8.84752,41.90407],[-8.84788,41.90452],[-8.84792,41.90498],[-8.84693,41.90626],[-8.84689,41.90674],[-8.84538,41.90868],[-8.84488,41.9091],[-8.84452,41.90933],[-8.84396,41.90958],[-8.84268,41.90985],[-8.8419,41.90995],[-8.8392,41.91046],[-8.83809,41.91058],[-8.8363,41.91067],[-8.83419,41.91049],[-8.83333,41.91046],[-8.83307,41.91037],[-8.83215,41.91107],[-8.83192,41.9112],[-8.83162,41.91129],[-8.83094,41.91128],[-8.8303,41.9112],[-8.82993,41.91103],[-8.82938,41.91062],[-8.82917,41.91057],[-8.82895,41.91061],[-8.82867,41.91083],[-8.82816,41.9111],[-8.8279,41.91131]]]},"properties":{"id":"physical-es-water-ES010MSPFES503MAT000260","name":"Estuario del Miño_tramo2","slug":"estuario-del-mino-tramo2","aliases":["Minho Estuary - Body 2"],"kind":"estuary","sourceId":"miteco-water-2027","geometryRole":"area","boundaryStatus":"reference","bbox":[-8.84828,41.87546,-8.78658,41.91889],"center":[-8.817430000000002,41.897175],"referenceYear":2023,"geometryNote":"Superficie de la masa de agua de transición del plan hidrológico 2022–2027. No delimita todo el paisaje de la ría ni sus terrenos ribereños.","sourceCode":"ES010MSPFES503MAT000260","sourceDate":"2023-09-25"}},{"type":"Feature","id":"physical-es-water-ES010MSPFES505MAT000270","geometry":{"type":"Polygon","coordinates":[[[-8.84828,41.89723],[-8.84376,41.88336],[-8.84319,41.88137],[-8.84129,41.87545],[-8.84216,41.87395],[-8.84328,41.87238],[-8.8435,41.87185],[-8.84365,41.87164],[-8.84375,41.87167],[-8.84394,41.87145],[-8.84447,41.87146],[-8.84447,41.87139],[-8.84397,41.87138],[-8.84411,41.87118],[-8.84402,41.87115],[-8.84472,41.87019],[-8.84636,41.8682],[-8.8483,41.86618],[-8.84904,41.866],[-8.85077,41.86636],[-8.85193,41.86654],[-8.85364,41.86667],[-8.85461,41.86665],[-8.85538,41.86694],[-8.85959,41.8673],[-8.86052,41.86742],[-8.86072,41.86762],[-8.86092,41.86799],[-8.86092,41.8682],[-8.8608,41.8685],[-8.86078,41.86877],[-8.86092,41.86916],[-8.86099,41.86967],[-8.86106,41.86975],[-8.86161,41.86976],[-8.86234,41.86968],[-8.86267,41.86953],[-8.86301,41.86909],[-8.86337,41.86831],[-8.86358,41.86768],[-8.86397,41.86591],[-8.86433,41.86476],[-8.86457,41.86408],[-8.86504,41.86319],[-8.86554,41.8624],[-8.86673,41.86077],[-8.86766,41.85973],[-8.86857,41.85894],[-8.86881,41.85865],[-8.86906,41.85815],[-8.86897,41.85781],[-8.86886,41.8576],[-8.86815,41.85672],[-8.86792,41.85625],[-8.86767,41.8554],[-8.86738,41.85358],[-8.86743,41.85287],[-8.86763,41.85243],[-8.86772,41.85168],[-8.86765,41.85055],[-8.86739,41.84978],[-8.86738,41.8493],[-8.86763,41.84835],[-8.86779,41.84741],[-8.86805,41.84676],[-8.8682,41.84653],[-8.86834,41.84598],[-8.86875,41.8452],[-8.86893,41.84501],[-8.86917,41.84486],[-8.87018,41.84472],[-8.87104,41.84453],[-8.87288,41.84388],[-8.87345,41.84348],[-8.87388,41.85773],[-8.87371,41.86065],[-8.87254,41.86962],[-8.87205,41.86963],[-8.87163,41.86975],[-8.87146,41.86987],[-8.87138,41.87003],[-8.87138,41.87068],[-8.8715,41.87121],[-8.87151,41.87148],[-8.87125,41.87203],[-8.87111,41.87212],[-8.87063,41.87236],[-8.8695,41.87268],[-8.86914,41.8727],[-8.86876,41.87262],[-8.86865,41.87254],[-8.86855,41.87234],[-8.86818,41.87249],[-8.86749,41.87254],[-8.86622,41.87284],[-8.86597,41.87298],[-8.86578,41.8733],[-8.86557,41.87352],[-8.86535,41.8737],[-8.86498,41.87388],[-8.86482,41.87412],[-8.86468,41.87464],[-8.86442,41.87485],[-8.86389,41.87518],[-8.86291,41.87547],[-8.86249,41.87565],[-8.86162,41.87634],[-8.8614,41.87669],[-8.86134,41.87709],[-8.86142,41.87721],[-8.86172,41.87742],[-8.86181,41.87763],[-8.86139,41.87817],[-8.86104,41.8785],[-8.86082,41.87902],[-8.86008,41.87947],[-8.85968,41.87962],[-8.85911,41.88011],[-8.85914,41.88026],[-8.85968,41.88041],[-8.85974,41.88058],[-8.8594,41.88125],[-8.8591,41.88202],[-8.85875,41.88262],[-8.85852,41.88291],[-8.85811,41.88329],[-8.85722,41.88375],[-8.85659,41.88398],[-8.8556,41.88426],[-8.85497,41.88463],[-8.85423,41.88487],[-8.85277,41.88512],[-8.85216,41.88456],[-8.85194,41.88467],[-8.85248,41.88517],[-8.8524,41.88523],[-8.85217,41.88506],[-8.85169,41.88537],[-8.85191,41.88556],[-8.8518,41.88562],[-8.85163,41.88549],[-8.85141,41.88558],[-8.85189,41.88599],[-8.85151,41.88631],[-8.85116,41.88608],[-8.85046,41.88674],[-8.85023,41.88669],[-8.85011,41.88692],[-8.85058,41.88708],[-8.85054,41.88718],[-8.85013,41.88708],[-8.85002,41.8873],[-8.85014,41.88738],[-8.85042,41.88745],[-8.85025,41.88787],[-8.85053,41.8879],[-8.8506,41.88816],[-8.85051,41.88831],[-8.85018,41.88828],[-8.85012,41.88859],[-8.84986,41.88882],[-8.85028,41.88899],[-8.85027,41.88917],[-8.84987,41.88916],[-8.84985,41.88935],[-8.85026,41.88938],[-8.85024,41.88974],[-8.85051,41.88973],[-8.85051,41.88982],[-8.85025,41.88984],[-8.85025,41.89117],[-8.85056,41.89119],[-8.85063,41.89126],[-8.85068,41.8919],[-8.85063,41.89225],[-8.85048,41.89255],[-8.85052,41.89294],[-8.85036,41.89343],[-8.85025,41.89405],[-8.84962,41.89521],[-8.84948,41.89583],[-8.84936,41.89607],[-8.84832,41.89717],[-8.84828,41.89723]]]},"properties":{"id":"physical-es-water-ES010MSPFES505MAT000270","name":"Estuario del Miño_tramo1","slug":"estuario-del-mino-tramo1","aliases":["Minho Estuary - Body 1"],"kind":"estuary","sourceId":"miteco-water-2027","geometryRole":"area","boundaryStatus":"reference","bbox":[-8.87388,41.84348,-8.84129,41.89723],"center":[-8.857585,41.870355],"referenceYear":2023,"geometryNote":"Superficie de la masa de agua de transición del plan hidrológico 2022–2027. No delimita todo el paisaje de la ría ni sus terrenos ribereños.","sourceCode":"ES010MSPFES505MAT000270","sourceDate":"2023-09-25"}},{"type":"Feature","id":"physical-es-water-ES091MSPF893","geometry":{"type":"Polygon","coordinates":[[[0.55642,40.57169],[0.55627,40.57173],[0.55556,40.57141],[0.55542,40.57151],[0.55547,40.57158],[0.55535,40.57165],[0.55193,40.57043],[0.5521,40.57016],[0.55139,40.56993],[0.55121,40.57005],[0.54982,40.57175],[0.5499,40.57183],[0.55043,40.57202],[0.55054,40.57202],[0.55061,40.57191],[0.55201,40.57241],[0.55194,40.57252],[0.55183,40.57249],[0.5518,40.57255],[0.55195,40.57268],[0.55213,40.57273],[0.55214,40.57286],[0.55202,40.57293],[0.55192,40.57291],[0.55185,40.57285],[0.55186,40.57275],[0.55111,40.57248],[0.55085,40.57254],[0.5508,40.57263],[0.55026,40.57243],[0.55033,40.57232],[0.5502,40.57219],[0.5498,40.57206],[0.54951,40.5721],[0.54941,40.57218],[0.54921,40.57253],[0.549,40.57264],[0.54785,40.57403],[0.5479,40.57433],[0.54811,40.57467],[0.54836,40.57466],[0.54842,40.57477],[0.54855,40.57476],[0.54859,40.57485],[0.549,40.57491],[0.54898,40.57495],[0.54921,40.57496],[0.54919,40.57507],[0.54956,40.5755],[0.54984,40.57569],[0.54995,40.57569],[0.54993,40.57577],[0.55019,40.57598],[0.55033,40.57597],[0.55031,40.57619],[0.5504,40.57626],[0.55038,40.5764],[0.55083,40.57665],[0.55082,40.57674],[0.55087,40.57681],[0.55137,40.57701],[0.55143,40.57716],[0.55151,40.57717],[0.55154,40.57733],[0.55161,40.57731],[0.55163,40.5774],[0.55159,40.57745],[0.55195,40.57777],[0.5521,40.57777],[0.55212,40.57781],[0.55206,40.57787],[0.55211,40.57794],[0.55242,40.57807],[0.55255,40.57807],[0.55254,40.57819],[0.55263,40.57828],[0.55287,40.57836],[0.55294,40.57866],[0.55319,40.57879],[0.55307,40.57891],[0.55329,40.57897],[0.55328,40.57906],[0.55342,40.57916],[0.55347,40.5793],[0.55364,40.57937],[0.55367,40.57955],[0.55374,40.57963],[0.55394,40.57974],[0.554,40.57985],[0.55411,40.5799],[0.55419,40.57987],[0.55418,40.57994],[0.55438,40.57992],[0.55445,40.58019],[0.55462,40.58027],[0.55463,40.58034],[0.55473,40.58034],[0.55475,40.58045],[0.55494,40.58051],[0.55493,40.58056],[0.555,40.58056],[0.555,40.58063],[0.55521,40.58065],[0.5553,40.58078],[0.55541,40.58084],[0.55542,40.58091],[0.55557,40.58096],[0.55564,40.58109],[0.55596,40.58128],[0.55601,40.58136],[0.55621,40.58147],[0.55635,40.58145],[0.55644,40.58182],[0.55674,40.58196],[0.55712,40.58197],[0.5575,40.5821],[0.55762,40.58223],[0.55774,40.58228],[0.55776,40.58238],[0.5577,40.58242],[0.55773,40.58251],[0.55796,40.58265],[0.55807,40.58259],[0.55816,40.58278],[0.5584,40.58269],[0.55843,40.58276],[0.55864,40.58274],[0.55861,40.58295],[0.55869,40.58297],[0.55867,40.58302],[0.55892,40.58308],[0.55909,40.58326],[0.55914,40.58338],[0.55923,40.58339],[0.55927,40.58346],[0.55943,40.58353],[0.55954,40.5835],[0.55953,40.58362],[0.55967,40.58365],[0.5596,40.5838],[0.55967,40.58386],[0.5596,40.58393],[0.55967,40.58398],[0.55966,40.58405],[0.55974,40.58404],[0.55972,40.58413],[0.55987,40.5842],[0.55995,40.58418],[0.56005,40.58428],[0.56038,40.58434],[0.56036,40.58439],[0.56045,40.58446],[0.56059,40.58446],[0.56053,40.5846],[0.56074,40.58467],[0.56071,40.58474],[0.5608,40.58476],[0.56077,40.58484],[0.56086,40.58488],[0.5608,40.58504],[0.561,40.58525],[0.56102,40.58537],[0.56115,40.58548],[0.56113,40.58584],[0.56128,40.58589],[0.56139,40.58586],[0.56147,40.58597],[0.56158,40.586],[0.56161,40.58609],[0.56157,40.58616],[0.56201,40.58657],[0.56222,40.58667],[0.56248,40.58671],[0.56254,40.58666],[0.56258,40.58671],[0.56252,40.58678],[0.56255,40.58681],[0.56262,40.58678],[0.56261,40.58681],[0.56237,40.58696],[0.56241,40.58707],[0.56257,40.58713],[0.56249,40.58723],[0.5625,40.58728],[0.56312,40.58769],[0.56317,40.58781],[0.56317,40.58795],[0.56305,40.58806],[0.56308,40.58811],[0.56301,40.58818],[0.56305,40.58824],[0.56295,40.58832],[0.563,40.58839],[0.56314,40.58851],[0.56382,40.58878],[0.56392,40.58894],[0.56403,40.58898],[0.56405,40.58907],[0.56429,40.58906],[0.56432,40.58927],[0.56464,40.58931],[0.56471,40.58936],[0.56475,40.58962],[0.5647,40.58972],[0.56489,40.58982],[0.56516,40.58982],[0.56514,40.58988],[0.56529,40.58999],[0.56536,40.59022],[0.56564,40.59031],[0.56576,40.5903],[0.56592,40.5902],[0.56624,40.59025],[0.56623,40.59037],[0.56633,40.59037],[0.56613,40.59048],[0.56615,40.59057],[0.56631,40.59066],[0.56674,40.59078],[0.56674,40.59083],[0.56666,40.59087],[0.56674,40.59095],[0.56672,40.59104],[0.56687,40.5911],[0.56683,40.59115],[0.56686,40.5912],[0.5668,40.59125],[0.56695,40.59131],[0.56686,40.59138],[0.56685,40.59148],[0.5669,40.59154],[0.56721,40.59171],[0.56755,40.59184],[0.56767,40.59184],[0.56767,40.59196],[0.56781,40.59201],[0.56789,40.59214],[0.56796,40.59216],[0.56796,40.5923],[0.56781,40.59241],[0.56778,40.59258],[0.56778,40.59265],[0.56791,40.59283],[0.56807,40.59293],[0.5684,40.59303],[0.56879,40.5933],[0.56908,40.59377],[0.5692,40.59385],[0.57006,40.59417],[0.5702,40.59419],[0.57038,40.59414],[0.57041,40.59418],[0.57035,40.59427],[0.57046,40.59442],[0.57069,40.59453],[0.57077,40.5945],[0.57073,40.5946],[0.57087,40.59453],[0.57082,40.59464],[0.57087,40.59471],[0.57119,40.59486],[0.57115,40.59497],[0.57131,40.59514],[0.57125,40.5953],[0.57141,40.59545],[0.57173,40.59554],[0.57199,40.59551],[0.57185,40.59559],[0.57175,40.59559],[0.57173,40.59577],[0.57158,40.59584],[0.57156,40.59603],[0.57167,40.59617],[0.57176,40.59615],[0.57172,40.59624],[0.57233,40.59659],[0.57283,40.59667],[0.57302,40.59686],[0.5732,40.5969],[0.57344,40.59705],[0.57347,40.59719],[0.57359,40.59729],[0.57387,40.59732],[0.57399,40.59719],[0.57412,40.59717],[0.57415,40.59738],[0.57449,40.59771],[0.57446,40.59791],[0.57454,40.59799],[0.57477,40.59803],[0.57491,40.59811],[0.57525,40.59814],[0.57553,40.59836],[0.57572,40.59829],[0.576,40.5984],[0.57601,40.59843],[0.57586,40.5985],[0.57586,40.59855],[0.57592,40.59857],[0.5759,40.59864],[0.57595,40.59871],[0.57611,40.59863],[0.57617,40.59866],[0.57608,40.59891],[0.57612,40.59902],[0.576,40.5992],[0.57605,40.59938],[0.57628,40.59955],[0.57647,40.59956],[0.57649,40.59966],[0.57669,40.59977],[0.5769,40.59981],[0.57693,40.59987],[0.57726,40.59989],[0.57728,40.59998],[0.57747,40.59999],[0.57741,40.60016],[0.57755,40.6001],[0.57758,40.6002],[0.57775,40.60021],[0.57769,40.60033],[0.57762,40.60035],[0.57764,40.60049],[0.57774,40.60055],[0.5779,40.60055],[0.57792,40.60064],[0.57805,40.60075],[0.57804,40.6008],[0.5782,40.60085],[0.57817,40.60107],[0.57834,40.60119],[0.57861,40.60127],[0.5786,40.60139],[0.57866,40.60147],[0.57863,40.60158],[0.57891,40.60173],[0.57886,40.60185],[0.57913,40.60196],[0.57911,40.60216],[0.57932,40.60224],[0.57941,40.60237],[0.57962,40.60242],[0.57957,40.6025],[0.57969,40.60263],[0.58009,40.60276],[0.58007,40.60285],[0.58016,40.60294],[0.58016,40.603],[0.58007,40.6031],[0.58025,40.60336],[0.58007,40.60357],[0.58021,40.60371],[0.58029,40.6037],[0.58022,40.60376],[0.58022,40.60385],[0.58042,40.60409],[0.58109,40.60438],[0.5814,40.60445],[0.58162,40.6044],[0.58168,40.60419],[0.58169,40.60434],[0.58178,40.60453],[0.58195,40.6046],[0.58195,40.60475],[0.58249,40.60514],[0.58286,40.60494],[0.58296,40.60495],[0.58294,40.60503],[0.58234,40.60531],[0.58237,40.60549],[0.58252,40.60571],[0.58302,40.60605],[0.58402,40.60638],[0.5843,40.6064],[0.58445,40.60636],[0.58442,40.60616],[0.58449,40.60615],[0.5846,40.60651],[0.58463,40.60682],[0.58483,40.60694],[0.58486,40.60706],[0.58568,40.60735],[0.58615,40.60704],[0.58616,40.60708],[0.58561,40.60749],[0.58562,40.60755],[0.58571,40.60759],[0.58565,40.60768],[0.58569,40.60776],[0.58587,40.60782],[0.58578,40.60794],[0.58585,40.60814],[0.58617,40.60839],[0.58637,40.60837],[0.58637,40.60846],[0.58627,40.60848],[0.58625,40.60855],[0.58638,40.60869],[0.58679,40.60891],[0.587,40.60887],[0.58685,40.60899],[0.58686,40.60921],[0.58708,40.60941],[0.58767,40.60968],[0.58792,40.60967],[0.58823,40.60954],[0.58829,40.60956],[0.58791,40.60973],[0.58788,40.60992],[0.58816,40.61022],[0.58835,40.61029],[0.58817,40.61039],[0.58814,40.61052],[0.58818,40.6106],[0.58836,40.61073],[0.58842,40.61097],[0.58856,40.61115],[0.58877,40.61127],[0.58868,40.61148],[0.58932,40.61171],[0.59038,40.61199],[0.59051,40.61198],[0.59067,40.61178],[0.59078,40.6118],[0.59012,40.61254],[0.59014,40.61262],[0.59049,40.61295],[0.59123,40.61323],[0.59255,40.61359],[0.59322,40.61371],[0.59439,40.61377],[0.59528,40.61376],[0.5962,40.61361],[0.59886,40.61149],[0.6044,40.60907],[0.60454,40.60902],[0.60462,40.60906],[0.6047,40.60918],[0.60467,40.60922],[0.60461,40.60925],[0.60452,40.60922],[0.60355,40.60964],[0.60378,40.60996],[0.59898,40.61204],[0.59893,40.61201],[0.599,40.61195],[0.59881,40.61181],[0.59856,40.61202],[0.59852,40.61198],[0.59745,40.61284],[0.59772,40.61303],[0.59676,40.6138],[0.59653,40.61364],[0.59537,40.61457],[0.59601,40.61503],[0.59591,40.61511],[0.59627,40.61535],[0.59635,40.61529],[0.5966,40.61547],[0.59647,40.61557],[0.59652,40.61561],[0.59665,40.61551],[0.59671,40.61555],[0.59662,40.61563],[0.59667,40.61567],[0.5968,40.61555],[0.59685,40.61558],[0.5967,40.61569],[0.59676,40.61573],[0.59686,40.61565],[0.59708,40.61582],[0.59657,40.61623],[0.59609,40.61608],[0.59616,40.61595],[0.59462,40.6155],[0.5941,40.61557],[0.5932,40.6163],[0.59339,40.61643],[0.59422,40.61579],[0.59341,40.61645],[0.59362,40.61662],[0.59451,40.6159],[0.59455,40.61591],[0.59367,40.61662],[0.59419,40.61699],[0.59488,40.61648],[0.59552,40.61692],[0.59564,40.61683],[0.59652,40.61746],[0.59642,40.61754],[0.59855,40.61907],[0.60007,40.61781],[0.59806,40.61637],[0.59857,40.61519],[0.5987,40.61524],[0.59821,40.61635],[0.59992,40.61755],[0.6018,40.61605],[0.59914,40.61416],[0.59895,40.6143],[0.59869,40.61411],[0.59908,40.6138],[0.60222,40.61606],[0.60246,40.61616],[0.60843,40.6165],[0.60854,40.61656],[0.60853,40.61675],[0.60831,40.61674],[0.60831,40.61664],[0.60629,40.61652],[0.60602,40.61653],[0.6059,40.61658],[0.6053,40.61707],[0.60494,40.61728],[0.60474,40.61748],[0.60452,40.61753],[0.60441,40.61778],[0.60443,40.61816],[0.60437,40.61821],[0.60416,40.61821],[0.60331,40.6189],[0.60319,40.6188],[0.60402,40.61814],[0.60412,40.61799],[0.60416,40.61745],[0.60408,40.61739],[0.60411,40.61715],[0.6042,40.61704],[0.60423,40.61648],[0.60383,40.61635],[0.60284,40.6163],[0.60249,40.61633],[0.60245,40.61696],[0.60105,40.61818],[0.59998,40.61872],[0.59948,40.61911],[0.5992,40.61919],[0.59827,40.61977],[0.59818,40.61989],[0.60024,40.62052],[0.60059,40.62053],[0.6009,40.62048],[0.60135,40.62031],[0.60285,40.61911],[0.60288,40.61914],[0.60284,40.61931],[0.60145,40.62045],[0.60092,40.62063],[0.60031,40.6207],[0.60002,40.62085],[0.59981,40.6211],[0.59966,40.62144],[0.59992,40.62127],[0.60002,40.62127],[0.60009,40.62141],[0.60015,40.62174],[0.60033,40.62184],[0.6007,40.6219],[0.6009,40.62174],[0.60126,40.62186],[0.60208,40.62201],[0.60265,40.62199],[0.60306,40.62203],[0.6034,40.62222],[0.60379,40.62267],[0.60477,40.62316],[0.60592,40.62307],[0.60769,40.62312],[0.60801,40.61986],[0.60793,40.61986],[0.60787,40.6198],[0.60794,40.61973],[0.60801,40.61974],[0.60825,40.61722],[0.60846,40.61723],[0.60789,40.62313],[0.60946,40.6232],[0.61134,40.62335],[0.61211,40.62331],[0.61252,40.62307],[0.61342,40.62315],[0.61516,40.62312],[0.61626,40.62303],[0.6178,40.62278],[0.62205,40.62228],[0.62263,40.62227],[0.6227,40.62237],[0.62376,40.62228],[0.62478,40.62227],[0.62522,40.62232],[0.6256,40.62224],[0.62694,40.62227],[0.62696,40.62239],[0.62735,40.6224],[0.62792,40.62249],[0.62882,40.62272],[0.63038,40.62281],[0.63227,40.62309],[0.63578,40.62314],[0.6366,40.62328],[0.63813,40.62345],[0.63944,40.62372],[0.64019,40.6238],[0.64188,40.6238],[0.64338,40.62372],[0.64359,40.62365],[0.6437,40.62293],[0.64383,40.62294],[0.64367,40.62412],[0.64228,40.62403],[0.64223,40.62419],[0.64385,40.62442],[0.64394,40.62398],[0.64401,40.62386],[0.64453,40.62395],[0.64472,40.62405],[0.6454,40.62412],[0.64676,40.62439],[0.64739,40.62458],[0.64841,40.6248],[0.64932,40.62511],[0.64968,40.62514],[0.65038,40.62506],[0.65082,40.62492],[0.65162,40.6242],[0.65176,40.62418],[0.65187,40.62424],[0.65164,40.62453],[0.65095,40.62513],[0.65125,40.62522],[0.65157,40.62498],[0.65192,40.62498],[0.65211,40.62482],[0.65235,40.62483],[0.65235,40.62568],[0.65241,40.62566],[0.65255,40.62544],[0.65264,40.6254],[0.65293,40.62541],[0.65321,40.62551],[0.65335,40.6257],[0.65338,40.62636],[0.65364,40.62648],[0.65374,40.62649],[0.65393,40.62637],[0.65426,40.62644],[0.65469,40.62661],[0.65521,40.62665],[0.65579,40.62653],[0.65629,40.62632],[0.6566,40.62634],[0.65675,40.62639],[0.65687,40.6265],[0.65729,40.62666],[0.6579,40.62679],[0.6584,40.62681],[0.65962,40.6268],[0.66207,40.62663],[0.663,40.6265],[0.66327,40.62654],[0.66335,40.62667],[0.66325,40.62691],[0.66346,40.6271],[0.66362,40.627],[0.66391,40.62718],[0.66433,40.62729],[0.66573,40.62781],[0.66594,40.62778],[0.66606,40.62752],[0.66621,40.62755],[0.66631,40.62774],[0.6663,40.62802],[0.66635,40.62808],[0.66668,40.62825],[0.66693,40.62831],[0.66712,40.6286],[0.66667,40.62892],[0.6662,40.62941],[0.66562,40.62968],[0.66541,40.62984],[0.66493,40.63043],[0.66456,40.63117],[0.66473,40.63122],[0.66486,40.63109],[0.66509,40.63067],[0.66573,40.62991],[0.66645,40.62955],[0.66686,40.62916],[0.66723,40.62898],[0.66778,40.62893],[0.66827,40.62878],[0.66861,40.62857],[0.66891,40.62859],[0.6707,40.62922],[0.67171,40.62964],[0.67252,40.63022],[0.67289,40.63041],[0.67327,40.63054],[0.67416,40.6307],[0.67434,40.63079],[0.6746,40.63106],[0.67495,40.63125],[0.67575,40.63154],[0.67657,40.63176],[0.67689,40.63197],[0.67773,40.63273],[0.67792,40.63283],[0.67919,40.63315],[0.67985,40.63359],[0.68005,40.63363],[0.68048,40.63362],[0.68047,40.63376],[0.6806,40.63382],[0.68181,40.63398],[0.68312,40.63405],[0.68362,40.63426],[0.68391,40.63454],[0.68388,40.63459],[0.68321,40.63462],[0.68277,40.635],[0.68265,40.63532],[0.68295,40.63611],[0.68339,40.63636],[0.68415,40.63648],[0.68406,40.63676],[0.68414,40.63678],[0.68496,40.63504],[0.685,40.63481],[0.68532,40.6346],[0.68602,40.63487],[0.68679,40.63491],[0.68722,40.63536],[0.68768,40.63574],[0.68939,40.63597],[0.6902,40.63625],[0.69124,40.63626],[0.69188,40.63641],[0.69257,40.63625],[0.69276,40.6363],[0.69291,40.63648],[0.69284,40.63698],[0.69211,40.63802],[0.69205,40.63805],[0.69165,40.63894],[0.69206,40.63907],[0.69232,40.63928],[0.69265,40.63973],[0.69281,40.63974],[0.69293,40.63939],[0.69319,40.63905],[0.69348,40.63877],[0.69421,40.63821],[0.69433,40.63653],[0.69438,40.63644],[0.69455,40.63638],[0.69479,40.63639],[0.69493,40.63654],[0.69493,40.63671],[0.69499,40.63679],[0.69554,40.63692],[0.69572,40.63704],[0.69881,40.6372],[0.70029,40.63783],[0.70045,40.63779],[0.70055,40.63765],[0.70073,40.63759],[0.70151,40.63749],[0.7018,40.63752],[0.70213,40.63762],[0.70231,40.63787],[0.70249,40.63795],[0.70296,40.63756],[0.70387,40.63748],[0.70399,40.63753],[0.70376,40.6379],[0.70383,40.63808],[0.70394,40.63812],[0.7044,40.63789],[0.70526,40.63766],[0.70546,40.63749],[0.70573,40.63737],[0.70585,40.63718],[0.70597,40.63712],[0.70644,40.6371],[0.70701,40.63684],[0.70741,40.63675],[0.70761,40.63644],[0.70776,40.63631],[0.70794,40.63622],[0.70806,40.63622],[0.70867,40.63638],[0.7092,40.63666],[0.70963,40.6371],[0.71062,40.63764],[0.71136,40.63828],[0.71164,40.63832],[0.71205,40.63802],[0.71213,40.6381],[0.71154,40.63862],[0.7117,40.63871],[0.71194,40.63854],[0.71215,40.63853],[0.7124,40.63834],[0.71262,40.63825],[0.71279,40.63831],[0.71326,40.63861],[0.71366,40.63866],[0.71399,40.63882],[0.71444,40.63877],[0.71503,40.63861],[0.71541,40.63859],[0.71615,40.63838],[0.717,40.63866],[0.71765,40.63902],[0.71773,40.63893],[0.71778,40.63872],[0.71794,40.63856],[0.71893,40.63866],[0.71908,40.6386],[0.71957,40.63871],[0.71983,40.63867],[0.72022,40.6387],[0.72093,40.63846],[0.72129,40.63843],[0.72183,40.63846],[0.72206,40.63856],[0.72225,40.63898],[0.72235,40.63907],[0.72254,40.63914],[0.72341,40.63914],[0.72444,40.63951],[0.72569,40.63961],[0.7259,40.63968],[0.72608,40.63988],[0.72606,40.64098],[0.72628,40.64127],[0.72631,40.64119],[0.72621,40.64049],[0.72653,40.63951],[0.72674,40.63934],[0.72724,40.63906],[0.728,40.63903],[0.72952,40.63875],[0.73067,40.63886],[0.73217,40.6384],[0.73281,40.63824],[0.73298,40.63825],[0.73319,40.63838],[0.73339,40.63864],[0.73313,40.63891],[0.73293,40.63927],[0.73287,40.6395],[0.73286,40.63992],[0.73299,40.64023],[0.7332,40.64044],[0.73332,40.64046],[0.73337,40.6404],[0.73331,40.64006],[0.73333,40.63979],[0.73372,40.63929],[0.73382,40.63952],[0.73404,40.63914],[0.73416,40.63907],[0.73434,40.63907],[0.7346,40.63928],[0.73464,40.63922],[0.73465,40.63892],[0.73476,40.63865],[0.73493,40.63843],[0.73577,40.63781],[0.73618,40.63776],[0.7365,40.63777],[0.73657,40.63783],[0.73686,40.63763],[0.73719,40.63751],[0.7375,40.6375],[0.73775,40.63753],[0.73803,40.63768],[0.73813,40.6378],[0.73836,40.63787],[0.73814,40.63736],[0.7382,40.63733],[0.73882,40.6385],[0.73894,40.63844],[0.73847,40.63729],[0.73861,40.63744],[0.73919,40.63841],[0.74004,40.63804],[0.74078,40.63793],[0.74115,40.63773],[0.74141,40.63768],[0.74165,40.63757],[0.74205,40.63727],[0.74223,40.63722],[0.74278,40.63727],[0.74309,40.63684],[0.74326,40.63673],[0.74395,40.63659],[0.74469,40.63655],[0.74531,40.63645],[0.74579,40.6365],[0.74607,40.63626],[0.74602,40.63616],[0.74579,40.63601],[0.74544,40.63587],[0.74511,40.63582],[0.74473,40.63559],[0.74423,40.63493],[0.74395,40.63433],[0.7437,40.63408],[0.74279,40.63344],[0.74209,40.63316],[0.7418,40.63289],[0.74149,40.63232],[0.74135,40.63161],[0.74127,40.63146],[0.74077,40.63108],[0.74059,40.63089],[0.74043,40.63061],[0.74048,40.63037],[0.74068,40.63009],[0.74099,40.62994],[0.74147,40.62991],[0.74145,40.62935],[0.74126,40.62881],[0.7401,40.62712],[0.73916,40.62586],[0.73896,40.6254],[0.73857,40.62501],[0.7379,40.62412],[0.73662,40.6226],[0.73609,40.6219],[0.73582,40.62164],[0.73531,40.62083],[0.73475,40.62007],[0.73399,40.61931],[0.73304,40.61817],[0.73086,40.61576],[0.73,40.61474],[0.7297,40.61488],[0.72829,40.61323],[0.7286,40.61306],[0.72765,40.61193],[0.72513,40.6092],[0.72324,40.60694],[0.72133,40.60499],[0.71972,40.60312],[0.71923,40.60224],[0.71818,40.60122],[0.71761,40.60048],[0.71699,40.59952],[0.71666,40.59964],[0.71554,40.59799],[0.7159,40.59784],[0.7135,40.59438],[0.71288,40.59379],[0.71229,40.59312],[0.71162,40.59246],[0.71154,40.59226],[0.70997,40.5918],[0.70965,40.59198],[0.70886,40.59177],[0.70877,40.59167],[0.70875,40.59148],[0.7083,40.59142],[0.70752,40.59049],[0.70633,40.59144],[0.70365,40.58967],[0.69873,40.58977],[0.69859,40.58929],[0.69838,40.5891],[0.69811,40.58898],[0.69765,40.58887],[0.69742,40.58887],[0.6972,40.58896],[0.69685,40.58935],[0.6963,40.58949],[0.69564,40.58941],[0.69542,40.58933],[0.69513,40.58933],[0.69479,40.58948],[0.69421,40.58941],[0.69388,40.58927],[0.69325,40.5891],[0.69224,40.58895],[0.69185,40.58894],[0.6917,40.58885],[0.69091,40.58906],[0.6904,40.58913],[0.69022,40.58927],[0.68935,40.58938],[0.68844,40.58958],[0.68817,40.58955],[0.68795,40.58973],[0.68767,40.58967],[0.68719,40.58965],[0.68692,40.58952],[0.6867,40.58954],[0.68668,40.58944],[0.68605,40.58927],[0.68548,40.58921],[0.68534,40.58928],[0.6848,40.58925],[0.68448,40.58913],[0.68409,40.58916],[0.68393,40.58907],[0.68374,40.58911],[0.68354,40.58919],[0.68352,40.58954],[0.68338,40.58971],[0.68308,40.58993],[0.68249,40.58993],[0.68098,40.59022],[0.68068,40.59041],[0.68045,40.5907],[0.68009,40.59088],[0.67975,40.59095],[0.67915,40.59119],[0.67725,40.59127],[0.67591,40.59148],[0.67534,40.59165],[0.67468,40.59199],[0.67417,40.59247],[0.67337,40.59285],[0.67311,40.59288],[0.67251,40.5931],[0.67236,40.59311],[0.67229,40.59291],[0.67219,40.59283],[0.67176,40.59269],[0.66803,40.59186],[0.66749,40.59191],[0.66559,40.59186],[0.66554,40.59184],[0.66544,40.59158],[0.66512,40.59143],[0.66472,40.59133],[0.66455,40.59136],[0.66435,40.5915],[0.66401,40.59158],[0.66161,40.59155],[0.66128,40.5915],[0.66036,40.59155],[0.66027,40.59163],[0.66002,40.59135],[0.65899,40.59093],[0.65824,40.5903],[0.65781,40.5901],[0.65754,40.58983],[0.6562,40.58884],[0.65568,40.5883],[0.65505,40.58733],[0.65467,40.5865],[0.65468,40.58603],[0.65415,40.58553],[0.6541,40.58536],[0.65417,40.58514],[0.65433,40.58492],[0.65526,40.58419],[0.6553,40.58408],[0.65516,40.58355],[0.65559,40.58272],[0.65507,40.58273],[0.65495,40.58286],[0.65497,40.58301],[0.65482,40.58317],[0.65472,40.58363],[0.65475,40.58394],[0.65472,40.58406],[0.6542,40.58447],[0.65334,40.58502],[0.65307,40.58504],[0.65286,40.58514],[0.65256,40.58517],[0.65233,40.58526],[0.65213,40.58527],[0.65179,40.58516],[0.65129,40.58529],[0.65106,40.58527],[0.65053,40.58512],[0.64975,40.58522],[0.64887,40.58483],[0.64884,40.5845],[0.64866,40.58444],[0.64849,40.58453],[0.64839,40.58479],[0.64828,40.58485],[0.64782,40.58491],[0.64778,40.58498],[0.6477,40.58499],[0.64716,40.58462],[0.64696,40.58456],[0.64667,40.58456],[0.64648,40.5847],[0.64631,40.58476],[0.64618,40.58472],[0.64608,40.58476],[0.64589,40.58453],[0.64579,40.58356],[0.64569,40.58344],[0.64537,40.58344],[0.64511,40.58365],[0.64505,40.58377],[0.64507,40.58414],[0.64503,40.5843],[0.64486,40.58417],[0.64465,40.58415],[0.64443,40.58424],[0.64432,40.58423],[0.64419,40.58403],[0.64394,40.58397],[0.64391,40.5839],[0.6442,40.58373],[0.6442,40.58361],[0.64433,40.58346],[0.64431,40.58333],[0.64411,40.58319],[0.64399,40.58322],[0.64381,40.58336],[0.64378,40.58347],[0.64358,40.58375],[0.6434,40.58381],[0.64311,40.58379],[0.64291,40.58363],[0.64269,40.58364],[0.64263,40.58369],[0.6425,40.58365],[0.64246,40.58352],[0.64295,40.5831],[0.64307,40.58294],[0.64297,40.58281],[0.64283,40.58273],[0.64264,40.5827],[0.64236,40.58282],[0.6423,40.58293],[0.64217,40.583],[0.64219,40.58281],[0.642,40.5829],[0.64152,40.58295],[0.64149,40.58291],[0.64162,40.58282],[0.6417,40.58267],[0.64154,40.58261],[0.64133,40.58267],[0.6413,40.58259],[0.64194,40.58183],[0.64229,40.58152],[0.64226,40.58135],[0.64213,40.58129],[0.64196,40.58132],[0.64137,40.5816],[0.64126,40.58172],[0.64103,40.58184],[0.64063,40.58172],[0.6405,40.58161],[0.63934,40.58216],[0.63918,40.58229],[0.63909,40.58226],[0.63905,40.58213],[0.63884,40.58202],[0.63876,40.58231],[0.63859,40.58239],[0.63847,40.58229],[0.63853,40.58202],[0.63796,40.58194],[0.63795,40.58179],[0.63813,40.58158],[0.63814,40.58146],[0.63765,40.58138],[0.63761,40.58155],[0.63702,40.58185],[0.63657,40.58226],[0.63648,40.5822],[0.63628,40.58223],[0.63604,40.58214],[0.6359,40.58214],[0.63582,40.58225],[0.63553,40.58234],[0.63546,40.58254],[0.63535,40.58259],[0.63476,40.58249],[0.63463,40.58258],[0.63439,40.58257],[0.63422,40.58251],[0.63424,40.5824],[0.63419,40.58232],[0.63403,40.58231],[0.63403,40.58218],[0.63434,40.58178],[0.63449,40.58164],[0.63474,40.5816],[0.63479,40.58145],[0.6347,40.58144],[0.63438,40.58155],[0.63425,40.58147],[0.63421,40.58135],[0.63412,40.58135],[0.634,40.58146],[0.63408,40.58164],[0.63377,40.58193],[0.6337,40.58172],[0.63358,40.58172],[0.63354,40.58187],[0.63345,40.58189],[0.63341,40.58171],[0.63296,40.58148],[0.63291,40.58127],[0.6327,40.5812],[0.63261,40.58122],[0.63276,40.58157],[0.63315,40.5819],[0.63315,40.58218],[0.63266,40.58205],[0.63243,40.58204],[0.63204,40.58205],[0.63188,40.58216],[0.63176,40.58204],[0.63134,40.58217],[0.63121,40.58215],[0.63118,40.58206],[0.63122,40.58195],[0.63168,40.5816],[0.63163,40.5815],[0.63153,40.58148],[0.63117,40.58162],[0.63045,40.58157],[0.6303,40.5817],[0.63018,40.58172],[0.63014,40.58168],[0.63023,40.58165],[0.62984,40.58149],[0.62981,40.58139],[0.62971,40.58137],[0.62966,40.58147],[0.62973,40.58178],[0.62968,40.5819],[0.62923,40.58206],[0.62799,40.58216],[0.62786,40.5821],[0.62784,40.58226],[0.62768,40.58228],[0.62749,40.58219],[0.62418,40.58339],[0.62325,40.58354],[0.62268,40.58377],[0.6221,40.58393],[0.62152,40.58405],[0.62114,40.58404],[0.61867,40.58563],[0.6183,40.58577],[0.6179,40.58585],[0.6172,40.58588],[0.61681,40.58578],[0.61667,40.5857],[0.61652,40.58554],[0.61648,40.5854],[0.61656,40.58498],[0.61697,40.58409],[0.61683,40.58377],[0.61696,40.58336],[0.61695,40.58287],[0.61703,40.58248],[0.61694,40.58243],[0.6167,40.58241],[0.61662,40.5821],[0.61664,40.58162],[0.6168,40.58113],[0.61675,40.581],[0.61664,40.58089],[0.61605,40.58056],[0.61582,40.58036],[0.61579,40.58029],[0.61594,40.57992],[0.61582,40.57975],[0.61535,40.57932],[0.61528,40.57915],[0.61538,40.57877],[0.61531,40.57834],[0.61535,40.57821],[0.61558,40.57793],[0.61603,40.57755],[0.6159,40.57742],[0.6152,40.57743],[0.61496,40.57734],[0.6151,40.57702],[0.61507,40.57697],[0.61487,40.57704],[0.61477,40.57702],[0.61461,40.57696],[0.61449,40.57683],[0.61456,40.57672],[0.61483,40.57657],[0.61504,40.57655],[0.61531,40.57662],[0.61548,40.57661],[0.61565,40.57678],[0.61565,40.57698],[0.61626,40.57709],[0.61655,40.57736],[0.61657,40.57752],[0.61643,40.57766],[0.61625,40.578],[0.61594,40.57822],[0.6158,40.57847],[0.6158,40.57868],[0.61598,40.57897],[0.61611,40.57907],[0.61623,40.57902],[0.61645,40.57871],[0.6166,40.57804],[0.61685,40.57778],[0.61693,40.57763],[0.61679,40.57729],[0.61676,40.57676],[0.61701,40.57579],[0.61703,40.57543],[0.61675,40.5749],[0.61677,40.57464],[0.61703,40.57416],[0.61765,40.57369],[0.61771,40.5736],[0.61777,40.57303],[0.61813,40.57255],[0.61812,40.57249],[0.618,40.57244],[0.61776,40.57261],[0.61668,40.57366],[0.61628,40.57438],[0.61586,40.57494],[0.6158,40.57519],[0.61587,40.5755],[0.61613,40.57577],[0.61624,40.57559],[0.61633,40.5758],[0.61634,40.57591],[0.61622,40.57607],[0.61602,40.57619],[0.61555,40.57617],[0.61448,40.5765],[0.61426,40.57653],[0.614,40.57645],[0.6133,40.5761],[0.61322,40.57594],[0.61321,40.57561],[0.61316,40.57555],[0.61243,40.57596],[0.61204,40.57601],[0.61185,40.57617],[0.61177,40.57642],[0.61181,40.57664],[0.61208,40.57701],[0.61202,40.57742],[0.61179,40.57786],[0.61146,40.57808],[0.61116,40.57815],[0.61042,40.57812],[0.60983,40.57792],[0.60968,40.57767],[0.60893,40.57747],[0.60817,40.57696],[0.60761,40.57668],[0.60754,40.57669],[0.60743,40.57687],[0.6076,40.57702],[0.60823,40.57731],[0.60833,40.57748],[0.6075,40.57763],[0.60631,40.57762],[0.60561,40.57744],[0.60434,40.57671],[0.60411,40.57677],[0.60395,40.57671],[0.60386,40.57662],[0.60399,40.57648],[0.60389,40.57631],[0.60363,40.57613],[0.60186,40.57544],[0.60165,40.57542],[0.60149,40.57548],[0.60117,40.57571],[0.60059,40.57572],[0.60039,40.57587],[0.60004,40.57587],[0.59926,40.57635],[0.59875,40.57648],[0.59833,40.57646],[0.59812,40.57653],[0.59777,40.57656],[0.59691,40.5769],[0.59667,40.57705],[0.59635,40.57734],[0.59609,40.57799],[0.59565,40.57827],[0.59525,40.57837],[0.59486,40.57838],[0.5948,40.57836],[0.59459,40.57809],[0.5943,40.57814],[0.59409,40.57797],[0.59398,40.57767],[0.59396,40.57729],[0.59412,40.57661],[0.59405,40.57616],[0.59414,40.57553],[0.59504,40.57334],[0.59565,40.57215],[0.59572,40.57174],[0.59554,40.57147],[0.59574,40.5712],[0.59573,40.57092],[0.59685,40.56889],[0.59692,40.56858],[0.59681,40.56807],[0.59684,40.56797],[0.59706,40.56768],[0.59936,40.56533],[0.59984,40.56459],[0.6009,40.56333],[0.60231,40.56198],[0.6043,40.56056],[0.60589,40.55929],[0.60672,40.55875],[0.608,40.55811],[0.60898,40.55751],[0.60953,40.55709],[0.6102,40.55646],[0.61086,40.55593],[0.61377,40.55426],[0.61489,40.55368],[0.61684,40.55318],[0.61836,40.55291],[0.6206,40.55269],[0.62284,40.55255],[0.58445,40.55375],[0.55642,40.5714],[0.5565,40.57157],[0.55647,40.57164],[0.55642,40.57169]]]},"properties":{"id":"physical-es-water-ES091MSPF893","name":"Bahía de Los Alfaques","slug":"bahia-de-los-alfaques","aliases":["Bahia of Los Alfaques"],"kind":"bay","sourceId":"miteco-water-2027","geometryRole":"area","boundaryStatus":"reference","bbox":[0.54785,40.55255,0.74607,40.64127],"center":[0.64696,40.596909999999994],"referenceYear":2023,"geometryNote":"Superficie de la masa de agua de transición del plan hidrológico 2022–2027. No delimita todo el paisaje de la ría ni sus terrenos ribereños.","sourceCode":"ES091MSPF893","sourceDate":"2023-09-25"}},{"type":"Feature","id":"physical-es-water-ES091MSPF892","geometry":{"type":"Polygon","coordinates":[[[0.70276,40.80629],[0.70288,40.80647],[0.70328,40.80641],[0.70351,40.80644],[0.70371,40.80666],[0.70378,40.80681],[0.70425,40.80705],[0.70457,40.80711],[0.70508,40.80749],[0.70509,40.80791],[0.70504,40.808],[0.70509,40.80804],[0.70513,40.80795],[0.70518,40.80794],[0.70511,40.80814],[0.7052,40.8083],[0.70555,40.80855],[0.70563,40.80855],[0.70567,40.80878],[0.70596,40.80907],[0.70597,40.80921],[0.7066,40.80994],[0.70678,40.81007],[0.70708,40.81002],[0.70724,40.81006],[0.70959,40.80933],[0.70968,40.80949],[0.70936,40.80959],[0.70928,40.80947],[0.70807,40.80986],[0.70815,40.80999],[0.70799,40.81004],[0.70815,40.81015],[0.70834,40.81009],[0.7084,40.81017],[0.70964,40.80976],[0.70966,40.80979],[0.70851,40.81016],[0.7087,40.81048],[0.70995,40.81007],[0.70882,40.81047],[0.7089,40.81062],[0.70912,40.81055],[0.70916,40.81063],[0.71025,40.81028],[0.70917,40.81066],[0.70931,40.81089],[0.7105,40.81049],[0.71052,40.81052],[0.70992,40.81072],[0.70998,40.81081],[0.70987,40.81085],[0.70995,40.81099],[0.70979,40.81127],[0.71002,40.81145],[0.7103,40.81092],[0.71033,40.81093],[0.71005,40.81145],[0.71039,40.81156],[0.71082,40.81077],[0.71085,40.81078],[0.71042,40.81157],[0.71073,40.81167],[0.71118,40.81104],[0.71128,40.81109],[0.71124,40.81115],[0.71119,40.81113],[0.71094,40.8115],[0.71097,40.8119],[0.71151,40.81214],[0.71191,40.81178],[0.71239,40.81152],[0.71131,40.81036],[0.71116,40.81045],[0.71095,40.81023],[0.71108,40.81015],[0.71045,40.80905],[0.71039,40.80906],[0.71025,40.80879],[0.71032,40.80878],[0.71035,40.80793],[0.70977,40.80789],[0.70977,40.80784],[0.70984,40.80782],[0.71024,40.80783],[0.71025,40.80765],[0.71047,40.80766],[0.7105,40.80753],[0.71062,40.80753],[0.71068,40.80758],[0.71064,40.80874],[0.71073,40.80898],[0.71146,40.81025],[0.71287,40.81182],[0.71305,40.81188],[0.71322,40.81182],[0.71339,40.81193],[0.71393,40.81199],[0.71455,40.81148],[0.71461,40.81153],[0.71459,40.81158],[0.71434,40.81178],[0.71439,40.81193],[0.7149,40.81258],[0.71532,40.81291],[0.71558,40.81296],[0.7158,40.81293],[0.71593,40.81289],[0.71622,40.81265],[0.71643,40.81263],[0.71701,40.81298],[0.71726,40.81299],[0.71728,40.81312],[0.71741,40.81329],[0.71763,40.8135],[0.7179,40.81363],[0.71815,40.81365],[0.71828,40.81351],[0.71858,40.81339],[0.71889,40.81343],[0.71904,40.81355],[0.71924,40.81362],[0.71938,40.81357],[0.71947,40.81363],[0.71942,40.81369],[0.71953,40.81377],[0.71961,40.81392],[0.71985,40.81405],[0.71986,40.81413],[0.71999,40.81428],[0.72036,40.81457],[0.72097,40.81469],[0.72128,40.81493],[0.72166,40.81543],[0.72178,40.81596],[0.72211,40.816],[0.72252,40.8164],[0.72306,40.81636],[0.7231,40.8163],[0.72312,40.81635],[0.7234,40.81646],[0.72353,40.81658],[0.72386,40.81662],[0.72457,40.81691],[0.72462,40.81683],[0.72468,40.81688],[0.72476,40.81711],[0.72471,40.81715],[0.72472,40.81721],[0.72486,40.81729],[0.72514,40.81733],[0.72535,40.8171],[0.72582,40.81682],[0.72596,40.81686],[0.72604,40.81681],[0.726,40.81679],[0.72603,40.81675],[0.7261,40.81681],[0.72646,40.81686],[0.72659,40.81698],[0.72656,40.81703],[0.72662,40.81713],[0.72698,40.81723],[0.7271,40.81732],[0.72794,40.8173],[0.72806,40.81737],[0.72796,40.81738],[0.72808,40.81748],[0.72832,40.8176],[0.72841,40.81749],[0.72856,40.81747],[0.72861,40.81752],[0.72856,40.81763],[0.72859,40.81768],[0.72878,40.81782],[0.72901,40.81783],[0.72901,40.81787],[0.72894,40.81787],[0.72907,40.81793],[0.72921,40.8179],[0.72929,40.81782],[0.72944,40.8179],[0.72938,40.81796],[0.72956,40.81801],[0.7302,40.81793],[0.73022,40.81799],[0.7303,40.81795],[0.73043,40.81802],[0.73056,40.81818],[0.73081,40.81832],[0.73142,40.81835],[0.73148,40.81844],[0.73177,40.81843],[0.73212,40.81851],[0.73218,40.81863],[0.73234,40.81872],[0.73243,40.81899],[0.73244,40.81918],[0.73237,40.81938],[0.7324,40.81954],[0.73221,40.82006],[0.73219,40.82037],[0.73203,40.82058],[0.73213,40.82071],[0.73214,40.82086],[0.73223,40.82107],[0.73239,40.82126],[0.73261,40.82169],[0.73289,40.82207],[0.73332,40.82223],[0.73357,40.82239],[0.7336,40.82253],[0.73396,40.82292],[0.73405,40.82308],[0.73439,40.82339],[0.73453,40.82345],[0.73459,40.82341],[0.73466,40.82358],[0.73513,40.82389],[0.73544,40.82398],[0.73573,40.82398],[0.73579,40.82388],[0.73586,40.8239],[0.736,40.82383],[0.76998,40.7911],[0.76872,40.79164],[0.76772,40.79198],[0.76305,40.79316],[0.76253,40.79318],[0.7615,40.79336],[0.76114,40.79335],[0.76052,40.79311],[0.75993,40.7931],[0.75829,40.79337],[0.75743,40.79327],[0.75647,40.79328],[0.7547,40.79339],[0.75391,40.79353],[0.75302,40.79341],[0.75145,40.79361],[0.75049,40.79342],[0.74866,40.7936],[0.7476,40.79333],[0.74716,40.79332],[0.74647,40.79339],[0.74548,40.7933],[0.74525,40.79323],[0.74486,40.79293],[0.7447,40.79286],[0.74309,40.79279],[0.74205,40.79288],[0.74177,40.79286],[0.74144,40.79277],[0.74091,40.79279],[0.74012,40.79258],[0.7401,40.79249],[0.74027,40.79236],[0.74026,40.7923],[0.74009,40.79219],[0.73995,40.79217],[0.73851,40.79205],[0.7379,40.79194],[0.73627,40.79192],[0.73534,40.79182],[0.73437,40.79145],[0.73393,40.79133],[0.73391,40.79125],[0.73403,40.7912],[0.73433,40.7913],[0.73447,40.79129],[0.73468,40.79092],[0.73483,40.79086],[0.73511,40.79094],[0.7352,40.79127],[0.73528,40.79132],[0.73641,40.79127],[0.73674,40.79116],[0.73688,40.79122],[0.737,40.79145],[0.73765,40.79128],[0.73687,40.79106],[0.73586,40.79098],[0.73522,40.79086],[0.73326,40.79026],[0.73171,40.78971],[0.73049,40.78942],[0.72844,40.78879],[0.72826,40.78871],[0.72813,40.78857],[0.72845,40.78794],[0.72865,40.78797],[0.72855,40.78808],[0.72869,40.78819],[0.7286,40.78822],[0.72852,40.78834],[0.72862,40.7884],[0.72909,40.78835],[0.7294,40.78843],[0.72959,40.78854],[0.72979,40.78845],[0.73007,40.7884],[0.72957,40.78817],[0.72986,40.78818],[0.73072,40.78855],[0.73114,40.7886],[0.73137,40.78872],[0.73171,40.78875],[0.73191,40.78887],[0.73201,40.78905],[0.73208,40.78908],[0.73221,40.78907],[0.73247,40.78891],[0.73267,40.7889],[0.73281,40.78898],[0.73283,40.78913],[0.73327,40.78946],[0.73373,40.78937],[0.73402,40.78956],[0.73441,40.78959],[0.73465,40.78955],[0.73507,40.78933],[0.73564,40.78884],[0.73562,40.78876],[0.73528,40.78848],[0.73517,40.78828],[0.73516,40.78814],[0.73547,40.78783],[0.73609,40.78738],[0.73599,40.78731],[0.73584,40.78735],[0.73569,40.78743],[0.73512,40.78792],[0.73482,40.788],[0.73368,40.78757],[0.73348,40.78746],[0.73328,40.78727],[0.73326,40.78708],[0.7333,40.787],[0.73411,40.78642],[0.73345,40.78651],[0.73339,40.78641],[0.73406,40.78571],[0.73411,40.78562],[0.73406,40.78546],[0.73417,40.78529],[0.7344,40.78516],[0.73466,40.78492],[0.73496,40.78491],[0.73591,40.78519],[0.73657,40.78526],[0.73689,40.78537],[0.73827,40.78532],[0.73897,40.7855],[0.73923,40.78549],[0.74041,40.78524],[0.74213,40.78531],[0.7428,40.78549],[0.7435,40.78593],[0.7436,40.78595],[0.74408,40.7859],[0.74676,40.78526],[0.74809,40.78481],[0.74902,40.78436],[0.74969,40.78392],[0.7492,40.7839],[0.74916,40.78384],[0.75142,40.78253],[0.75226,40.78216],[0.75476,40.78139],[0.75582,40.78118],[0.75688,40.78117],[0.75735,40.78129],[0.75665,40.78155],[0.75651,40.78167],[0.7566,40.78176],[0.75677,40.78178],[0.75811,40.78147],[0.75899,40.7812],[0.7606,40.78102],[0.7623,40.78025],[0.76395,40.77988],[0.76526,40.77938],[0.76582,40.77929],[0.76821,40.77851],[0.76948,40.77839],[0.76993,40.77819],[0.77102,40.77807],[0.77213,40.77769],[0.77256,40.77773],[0.77296,40.77767],[0.77386,40.77737],[0.775,40.77689],[0.78152,40.77375],[0.78197,40.77341],[0.7828,40.77301],[0.78295,40.77245],[0.78291,40.77217],[0.78307,40.77179],[0.78305,40.77169],[0.78294,40.77156],[0.78237,40.77223],[0.78202,40.77248],[0.78194,40.77245],[0.78185,40.77231],[0.78185,40.7715],[0.78162,40.77134],[0.78156,40.77143],[0.78155,40.77165],[0.7814,40.77186],[0.78092,40.77227],[0.78083,40.77225],[0.78076,40.77205],[0.78091,40.77152],[0.78159,40.77054],[0.78177,40.77019],[0.78155,40.77005],[0.781,40.77031],[0.78087,40.77029],[0.78077,40.77019],[0.78077,40.77002],[0.78054,40.76983],[0.78049,40.76965],[0.78037,40.76961],[0.78031,40.76963],[0.7801,40.76998],[0.78017,40.77006],[0.78032,40.76997],[0.78045,40.76998],[0.78053,40.77028],[0.78075,40.77061],[0.78068,40.77066],[0.78048,40.77061],[0.78029,40.7708],[0.78026,40.77092],[0.78031,40.77097],[0.78041,40.77095],[0.78077,40.77074],[0.78088,40.77082],[0.78083,40.77091],[0.78033,40.77129],[0.78048,40.77141],[0.78046,40.77149],[0.78026,40.77161],[0.78008,40.77158],[0.77996,40.77142],[0.77988,40.77103],[0.77988,40.77035],[0.77976,40.76971],[0.77993,40.76912],[0.77984,40.76873],[0.77977,40.76859],[0.77948,40.76838],[0.77929,40.76816],[0.77925,40.76778],[0.77879,40.76761],[0.77875,40.76768],[0.77899,40.76796],[0.77924,40.76867],[0.77925,40.76889],[0.77903,40.76909],[0.7784,40.76945],[0.77808,40.76959],[0.77774,40.76959],[0.77761,40.76972],[0.77759,40.76985],[0.77766,40.76995],[0.77795,40.76979],[0.77795,40.76998],[0.77815,40.77004],[0.77833,40.77019],[0.77831,40.77039],[0.7781,40.77055],[0.7773,40.77053],[0.77714,40.77043],[0.77718,40.77019],[0.77713,40.77005],[0.77703,40.76998],[0.77674,40.76994],[0.77658,40.77003],[0.77654,40.7706],[0.77646,40.77062],[0.77637,40.77057],[0.77598,40.77018],[0.77655,40.76973],[0.77653,40.7696],[0.7764,40.76957],[0.77629,40.76974],[0.77611,40.76985],[0.77596,40.76986],[0.77585,40.76978],[0.77591,40.76955],[0.77695,40.76811],[0.77684,40.76804],[0.77685,40.76761],[0.77677,40.76746],[0.77677,40.76724],[0.77655,40.76748],[0.77608,40.76764],[0.7759,40.7678],[0.77607,40.76791],[0.77616,40.76786],[0.77623,40.76774],[0.77638,40.76768],[0.77663,40.76797],[0.77665,40.76806],[0.77661,40.76813],[0.7764,40.76826],[0.77628,40.76828],[0.77604,40.76825],[0.77574,40.7681],[0.77515,40.76749],[0.77506,40.76734],[0.77467,40.76649],[0.77463,40.76629],[0.77471,40.76599],[0.77462,40.76595],[0.77456,40.76597],[0.77437,40.7663],[0.77407,40.76667],[0.77385,40.76674],[0.77348,40.76732],[0.77326,40.76757],[0.77311,40.76764],[0.77304,40.76756],[0.77315,40.76726],[0.77405,40.76628],[0.77443,40.76572],[0.77434,40.76563],[0.77412,40.76573],[0.77318,40.76567],[0.77308,40.76547],[0.77293,40.76547],[0.7727,40.76528],[0.77253,40.76522],[0.7719,40.7654],[0.77174,40.76536],[0.77161,40.76526],[0.77161,40.76513],[0.77224,40.7644],[0.7721,40.76418],[0.77196,40.7641],[0.77179,40.76412],[0.77148,40.76439],[0.77115,40.7645],[0.77086,40.76481],[0.77042,40.76511],[0.77002,40.76512],[0.7696,40.76499],[0.7692,40.76507],[0.76917,40.765],[0.76921,40.76483],[0.76883,40.76466],[0.76869,40.7645],[0.76847,40.7645],[0.76836,40.76457],[0.76826,40.76438],[0.76824,40.76415],[0.76789,40.76403],[0.7677,40.76385],[0.76752,40.76393],[0.76712,40.76425],[0.76693,40.76431],[0.76668,40.76429],[0.76624,40.76414],[0.76609,40.76399],[0.76607,40.76391],[0.76621,40.76372],[0.76643,40.76363],[0.76616,40.76355],[0.76629,40.76341],[0.76651,40.76331],[0.76648,40.76322],[0.76636,40.76316],[0.76624,40.76316],[0.76593,40.76332],[0.7659,40.76345],[0.76595,40.76361],[0.76579,40.76367],[0.76556,40.76349],[0.76465,40.76339],[0.76377,40.76311],[0.76366,40.763],[0.76367,40.7629],[0.76386,40.7626],[0.76388,40.76247],[0.76352,40.76229],[0.76328,40.76234],[0.76295,40.76198],[0.76275,40.7619],[0.76264,40.76195],[0.76232,40.76179],[0.76215,40.76182],[0.76191,40.76199],[0.76143,40.76208],[0.76132,40.76217],[0.76134,40.76231],[0.76154,40.76254],[0.76148,40.76283],[0.7615,40.76293],[0.76199,40.76316],[0.76186,40.76327],[0.76162,40.76337],[0.76143,40.76333],[0.76123,40.76314],[0.76111,40.7628],[0.76096,40.76266],[0.76079,40.76264],[0.76056,40.76269],[0.75966,40.76259],[0.75925,40.76267],[0.75888,40.76282],[0.75853,40.76287],[0.7585,40.76299],[0.75812,40.7631],[0.75773,40.76307],[0.75746,40.76293],[0.75669,40.76292],[0.75454,40.76322],[0.75389,40.76395],[0.75378,40.764],[0.75366,40.76395],[0.75352,40.76378],[0.75323,40.76371],[0.75311,40.76361],[0.75376,40.76327],[0.75374,40.76321],[0.75363,40.76319],[0.75279,40.7635],[0.75259,40.76351],[0.75238,40.76345],[0.75196,40.76347],[0.75169,40.76361],[0.75156,40.76376],[0.75142,40.7638],[0.75079,40.76369],[0.75043,40.76369],[0.75015,40.76377],[0.75011,40.76382],[0.75013,40.76392],[0.75036,40.76422],[0.75021,40.76435],[0.75028,40.76465],[0.75013,40.76481],[0.7501,40.76454],[0.7499,40.76442],[0.74961,40.76449],[0.74917,40.76446],[0.74359,40.76558],[0.74192,40.76602],[0.74146,40.76619],[0.74123,40.76621],[0.74101,40.76613],[0.74075,40.76613],[0.73988,40.76629],[0.73999,40.76746],[0.73874,40.76754],[0.7388,40.76842],[0.73869,40.76842],[0.73838,40.76774],[0.73833,40.76735],[0.73967,40.76729],[0.73962,40.76649],[0.73927,40.76666],[0.73892,40.76674],[0.73861,40.76673],[0.73825,40.76666],[0.73801,40.76655],[0.73785,40.76656],[0.73794,40.76738],[0.73815,40.76737],[0.73826,40.76827],[0.73788,40.76797],[0.73783,40.76763],[0.73545,40.76775],[0.73545,40.76762],[0.7376,40.76749],[0.73755,40.76714],[0.73765,40.76706],[0.73759,40.76648],[0.73741,40.7665],[0.73745,40.76698],[0.73738,40.767],[0.73686,40.76675],[0.73668,40.76674],[0.73633,40.76704],[0.73609,40.76718],[0.73484,40.76763],[0.73257,40.76858],[0.73201,40.76875],[0.73014,40.76951],[0.72992,40.76966],[0.72981,40.76996],[0.72958,40.77006],[0.72942,40.7701],[0.7292,40.7699],[0.72895,40.77009],[0.72593,40.77366],[0.72324,40.77645],[0.72281,40.77696],[0.72275,40.77709],[0.72116,40.77797],[0.72065,40.77832],[0.7209,40.77843],[0.72474,40.77878],[0.72468,40.7789],[0.72087,40.77862],[0.72074,40.77857],[0.72068,40.77875],[0.71951,40.77868],[0.71928,40.77872],[0.71853,40.77905],[0.7177,40.77951],[0.71413,40.78196],[0.71394,40.78214],[0.71392,40.78245],[0.71382,40.78261],[0.71312,40.78316],[0.71259,40.78366],[0.71227,40.78428],[0.71191,40.78442],[0.71157,40.78472],[0.71057,40.78526],[0.7102,40.78563],[0.71026,40.7857],[0.71022,40.78576],[0.70923,40.78639],[0.70714,40.78848],[0.70561,40.79047],[0.70486,40.79156],[0.70379,40.79349],[0.70271,40.79524],[0.70225,40.79589],[0.70093,40.79831],[0.70008,40.80004],[0.69998,40.80039],[0.69992,40.80117],[0.69963,40.80211],[0.69952,40.80288],[0.69966,40.8038],[0.70009,40.80433],[0.70074,40.80465],[0.701,40.80492],[0.70124,40.80507],[0.70142,40.80533],[0.70144,40.8056],[0.70154,40.80569],[0.70183,40.80578],[0.70205,40.80544],[0.70212,40.80543],[0.7022,40.80553],[0.70246,40.80564],[0.70254,40.80555],[0.70262,40.80559],[0.70254,40.80568],[0.70296,40.80586],[0.7029,40.80593],[0.70282,40.80591],[0.70276,40.80599],[0.70279,40.80616],[0.7029,40.80623],[0.7029,40.80627],[0.70277,40.80628],[0.70276,40.80629]]]},"properties":{"id":"physical-es-water-ES091MSPF892","name":"Bahía del Fangal","slug":"bahia-del-fangal","aliases":["Bahia del Fangal"],"kind":"bay","sourceId":"miteco-water-2027","geometryRole":"area","boundaryStatus":"reference","bbox":[0.69952,40.76179,0.78307,40.82398],"center":[0.741295,40.792885],"referenceYear":2023,"geometryNote":"Superficie de la masa de agua de transición del plan hidrológico 2022–2027. No delimita todo el paisaje de la ría ni sus terrenos ribereños.","sourceCode":"ES091MSPF892","sourceDate":"2023-09-25"}},{"type":"Feature","id":"physical-es-water-ES060MSPF610027","geometry":{"type":"Polygon","coordinates":[[[-5.41556,36.18699],[-5.41492,36.18581],[-5.41507,36.1842],[-5.41532,36.1836],[-5.41529,36.18252],[-5.41505,36.18193],[-5.41476,36.18154],[-5.41457,36.18107],[-5.41424,36.18069],[-5.41443,36.18055],[-5.41422,36.18039],[-5.41346,36.18042],[-5.41395,36.18023],[-5.41411,36.18022],[-5.4151,36.17973],[-5.41616,36.18165],[-5.41654,36.18321],[-5.41701,36.18426],[-5.41793,36.18576],[-5.4187,36.18652],[-5.4187,36.18668],[-5.41843,36.18682],[-5.41985,36.18841],[-5.42038,36.18845],[-5.42151,36.18843],[-5.42297,36.18824],[-5.42458,36.1889],[-5.42432,36.18902],[-5.42293,36.18921],[-5.42182,36.18966],[-5.42461,36.19358],[-5.42481,36.19377],[-5.4256,36.1948],[-5.42596,36.19535],[-5.42638,36.19615],[-5.42649,36.19659],[-5.42652,36.19701],[-5.42632,36.19753],[-5.42604,36.19805],[-5.42559,36.1985],[-5.42483,36.19902],[-5.42358,36.19959],[-5.4236,36.20018],[-5.42423,36.20103],[-5.42446,36.20125],[-5.42437,36.20156],[-5.42391,36.20163],[-5.42295,36.20051],[-5.42278,36.19939],[-5.42267,36.19589],[-5.4212,36.1957],[-5.41941,36.19558],[-5.41735,36.19557],[-5.41766,36.19271],[-5.41762,36.19152],[-5.41733,36.19083],[-5.41605,36.19021],[-5.41512,36.19012],[-5.41478,36.19058],[-5.41451,36.19123],[-5.41424,36.19159],[-5.41345,36.19209],[-5.41294,36.19269],[-5.41263,36.19335],[-5.41203,36.19336],[-5.41222,36.19298],[-5.41193,36.19207],[-5.41282,36.19103],[-5.41313,36.19032],[-5.41409,36.18901],[-5.41458,36.18849],[-5.41493,36.18821],[-5.41556,36.18699]]]},"properties":{"id":"physical-es-water-ES060MSPF610027","name":"Estuario del Guadarranque","slug":"estuario-del-guadarranque","aliases":["Estuario del Guadarranque"],"kind":"estuary","sourceId":"miteco-water-2027","geometryRole":"area","boundaryStatus":"reference","bbox":[-5.42652,36.17973,-5.41193,36.20163],"center":[-5.419225,36.19068],"referenceYear":2023,"geometryNote":"Superficie de la masa de agua de transición del plan hidrológico 2022–2027. No delimita todo el paisaje de la ría ni sus terrenos ribereños.","sourceCode":"ES060MSPF610027","sourceDate":"2023-09-25"}},{"type":"Feature","id":"physical-es-water-ES060MSPF610028","geometry":{"type":"Polygon","coordinates":[[[-5.27645,36.28366],[-5.27659,36.28343],[-5.27554,36.28307],[-5.27564,36.28284],[-5.27727,36.28333],[-5.27889,36.28121],[-5.27912,36.28173],[-5.27958,36.28149],[-5.28008,36.28142],[-5.28005,36.28064],[-5.27997,36.28041],[-5.28069,36.27918],[-5.28088,36.27831],[-5.28083,36.27788],[-5.28253,36.27857],[-5.28407,36.2799],[-5.28477,36.28076],[-5.28524,36.28143],[-5.28539,36.28224],[-5.28507,36.2826],[-5.28497,36.28313],[-5.2846,36.28367],[-5.28385,36.28431],[-5.28391,36.28538],[-5.28488,36.28599],[-5.28578,36.28626],[-5.28704,36.28632],[-5.2895,36.2873],[-5.28978,36.28752],[-5.29019,36.28813],[-5.29032,36.28974],[-5.29072,36.29211],[-5.29086,36.29266],[-5.29163,36.29346],[-5.2924,36.29439],[-5.29006,36.2951],[-5.29003,36.29485],[-5.28974,36.29393],[-5.28967,36.29343],[-5.2894,36.29289],[-5.2892,36.29223],[-5.28842,36.29044],[-5.28812,36.28993],[-5.28744,36.28919],[-5.28618,36.2882],[-5.28489,36.28742],[-5.28416,36.28739],[-5.28287,36.28684],[-5.28217,36.28614],[-5.28158,36.28536],[-5.28064,36.28472],[-5.27735,36.28363],[-5.27668,36.28364],[-5.27645,36.28366]]]},"properties":{"id":"physical-es-water-ES060MSPF610028","name":"Estuario del Guadiaro","slug":"estuario-del-guadiaro","aliases":["Estuario del Guadiaro"],"kind":"estuary","sourceId":"miteco-water-2027","geometryRole":"area","boundaryStatus":"reference","bbox":[-5.2924,36.27788,-5.27554,36.2951],"center":[-5.28397,36.28649],"referenceYear":2023,"geometryNote":"Superficie de la masa de agua de transición del plan hidrológico 2022–2027. No delimita todo el paisaje de la ría ni sus terrenos ribereños.","sourceCode":"ES060MSPF610028","sourceDate":"2023-09-25"}},{"type":"Feature","id":"physical-es-water-ES018MSPFES112MAT000130","geometry":{"type":"Polygon","coordinates":[[[-4.04862,43.37547],[-4.04707,43.37645],[-4.04689,43.37663],[-4.04675,43.37701],[-4.04694,43.37718],[-4.04689,43.37742],[-4.04678,43.37758],[-4.04678,43.37782],[-4.0467,43.37802],[-4.0465,43.37816],[-4.04642,43.37854],[-4.04626,43.37894],[-4.04603,43.3793],[-4.04554,43.37977],[-4.04521,43.3802],[-4.04511,43.3805],[-4.045,43.38053],[-4.04513,43.38057],[-4.04492,43.38099],[-4.04516,43.38098],[-4.04516,43.38108],[-4.04501,43.38128],[-4.04508,43.38135],[-4.04517,43.38135],[-4.04523,43.38163],[-4.04493,43.38215],[-4.0449,43.38299],[-4.04469,43.38407],[-4.04474,43.38413],[-4.04462,43.38448],[-4.04464,43.38479],[-4.04454,43.38507],[-4.04444,43.38665],[-4.04429,43.38722],[-4.04332,43.38915],[-4.04278,43.38959],[-4.04236,43.38978],[-4.04048,43.3903],[-4.03997,43.39054],[-4.03984,43.39089],[-4.03989,43.39094],[-4.04024,43.39059],[-4.0405,43.39049],[-4.04091,43.39023],[-4.04141,43.39024],[-4.04156,43.39014],[-4.04164,43.39021],[-4.04193,43.39022],[-4.04231,43.39001],[-4.04246,43.38997],[-4.04259,43.39004],[-4.04263,43.38997],[-4.04261,43.3898],[-4.04277,43.38962],[-4.0429,43.38956],[-4.04282,43.38998],[-4.04269,43.39015],[-4.0424,43.39038],[-4.04241,43.39042],[-4.0423,43.39053],[-4.04207,43.39057],[-4.04158,43.39096],[-4.04117,43.39117],[-4.04104,43.39131],[-4.03999,43.39184],[-4.03895,43.39265],[-4.03877,43.3927],[-4.03828,43.39305],[-4.03783,43.39402],[-4.03739,43.39462],[-4.03746,43.39471],[-4.0372,43.39483],[-4.03615,43.3961],[-4.03617,43.39642],[-4.03622,43.39654],[-4.03553,43.39684],[-4.03552,43.3969],[-4.03385,43.39711],[-4.0338,43.39697],[-4.03372,43.39698],[-4.03376,43.39713],[-4.03209,43.39734],[-4.03156,43.39746],[-4.03149,43.39735],[-4.03141,43.39737],[-4.03142,43.39748],[-4.03054,43.39765],[-4.02988,43.39786],[-4.02923,43.39812],[-4.02853,43.39847],[-4.02845,43.39864],[-4.02801,43.39907],[-4.02768,43.3993],[-4.02549,43.40042],[-4.0232,43.40131],[-4.02204,43.40165],[-4.01977,43.40251],[-4.01889,43.40309],[-4.01899,43.40318],[-4.01932,43.40292],[-4.02015,43.40242],[-4.02179,43.40177],[-4.02274,43.40151],[-4.02492,43.40072],[-4.0254,43.40069],[-4.02667,43.40004],[-4.0258,43.40182],[-4.02814,43.4052],[-4.02831,43.40531],[-4.02851,43.4053],[-4.02946,43.4049],[-4.02963,43.40493],[-4.02987,43.40535],[-4.03016,43.40557],[-4.03051,43.40604],[-4.03085,43.4064],[-4.03088,43.4066],[-4.03106,43.40686],[-4.03114,43.40695],[-4.03131,43.40701],[-4.03137,43.40714],[-4.03135,43.40724],[-4.0312,43.40747],[-4.03124,43.40758],[-4.03134,43.40752],[-4.03155,43.40777],[-4.03147,43.40814],[-4.03156,43.40827],[-4.03166,43.40832],[-4.03188,43.4083],[-4.03207,43.40847],[-4.03253,43.40862],[-4.03321,43.40916],[-4.03361,43.4092],[-4.03413,43.40941],[-4.0343,43.40962],[-4.03434,43.41057],[-4.03412,43.41117],[-4.0341,43.41134],[-4.0342,43.41176],[-4.03413,43.41189],[-4.03387,43.41205],[-4.03369,43.41229],[-4.03357,43.41228],[-4.03341,43.41208],[-4.03301,43.41213],[-4.03381,43.41261],[-4.03397,43.41306],[-4.03433,43.41371],[-4.03459,43.41476],[-4.03468,43.41533],[-4.03461,43.4159],[-4.03445,43.41635],[-4.03417,43.41667],[-4.03372,43.41695],[-4.0334,43.41738],[-4.03261,43.41771],[-4.03163,43.41855],[-4.03104,43.41885],[-4.03084,43.41909],[-4.02986,43.41971],[-4.02993,43.41976],[-4.03019,43.41978],[-4.03028,43.41987],[-4.03017,43.41995],[-4.02968,43.41996],[-4.0295,43.41988],[-4.02919,43.42007],[-4.02907,43.42027],[-4.02894,43.42038],[-4.02868,43.42037],[-4.02843,43.42045],[-4.02829,43.42066],[-4.02852,43.42074],[-4.02816,43.42094],[-4.02792,43.42118],[-4.02768,43.4217],[-4.02767,43.42206],[-4.02733,43.42243],[-4.0273,43.42253],[-4.02741,43.4228],[-4.02737,43.42308],[-4.02729,43.42324],[-4.02721,43.4233],[-4.02716,43.4232],[-4.027,43.42333],[-4.02672,43.42341],[-4.02621,43.4237],[-4.02603,43.42423],[-4.0262,43.42461],[-4.02651,43.42494],[-4.02693,43.42442],[-4.02736,43.42451],[-4.02842,43.42455],[-4.02912,43.42436],[-4.02989,43.42438],[-4.03105,43.42428],[-4.03182,43.42437],[-4.03231,43.42453],[-4.03252,43.42467],[-4.03272,43.42473],[-4.03306,43.42498],[-4.03377,43.42532],[-4.03387,43.42545],[-4.03396,43.42568],[-4.0339,43.4258],[-4.03375,43.42578],[-4.03372,43.42611],[-4.03408,43.42648],[-4.03432,43.4266],[-4.03459,43.42692],[-4.03458,43.4271],[-4.03441,43.42732],[-4.0344,43.42768],[-4.0346,43.4277],[-4.03472,43.42783],[-4.03467,43.42808],[-4.03411,43.42833],[-4.03392,43.42846],[-4.0338,43.42861],[-4.03406,43.42893],[-4.03446,43.42973],[-4.03463,43.42968],[-4.03444,43.42914],[-4.03505,43.42904],[-4.0354,43.43038],[-4.0357,43.43051],[-4.03575,43.43061],[-4.03583,43.43099],[-4.03528,43.43106],[-4.03524,43.4309],[-4.03519,43.43092],[-4.03516,43.43082],[-4.0352,43.43082],[-4.03519,43.43074],[-4.03512,43.43072],[-4.03508,43.43058],[-4.03495,43.43061],[-4.03475,43.43006],[-4.0347,43.42999],[-4.03464,43.43],[-4.03496,43.43129],[-4.03518,43.43126],[-4.03621,43.43136],[-4.03625,43.43245],[-4.03563,43.43259],[-4.03554,43.43253],[-4.03538,43.43214],[-4.03527,43.43214],[-4.03591,43.43439],[-4.03611,43.43494],[-4.03638,43.43548],[-4.03438,43.4358],[-4.03374,43.43378],[-4.03335,43.43357],[-4.03285,43.4332],[-4.03261,43.4328],[-4.03268,43.4326],[-4.03264,43.43247],[-4.03233,43.43216],[-4.0323,43.43197],[-4.03213,43.43184],[-4.03167,43.43106],[-4.03176,43.43055],[-4.0317,43.43035],[-4.03175,43.42996],[-4.03165,43.42979],[-4.03166,43.42961],[-4.03182,43.42942],[-4.03216,43.42917],[-4.03148,43.42849],[-4.03035,43.42792],[-4.02999,43.42779],[-4.02988,43.42783],[-4.02985,43.42796],[-4.0299,43.42801],[-4.03003,43.42785],[-4.03015,43.42791],[-4.0309,43.42835],[-4.03092,43.42859],[-4.03077,43.42864],[-4.03052,43.42854],[-4.03004,43.42859],[-4.02993,43.42853],[-4.02988,43.42842],[-4.02985,43.42818],[-4.02992,43.42807],[-4.02979,43.42803],[-4.02943,43.42853],[-4.02922,43.4286],[-4.02904,43.42858],[-4.029,43.42853],[-4.02901,43.42838],[-4.02923,43.42811],[-4.02938,43.42802],[-4.02924,43.42777],[-4.02923,43.42758],[-4.02909,43.42755],[-4.02911,43.42766],[-4.02906,43.42771],[-4.02861,43.42779],[-4.02795,43.42818],[-4.02777,43.42816],[-4.02769,43.4281],[-4.0276,43.42759],[-4.02771,43.42721],[-4.02712,43.427],[-4.0275,43.42714],[-4.02746,43.42726],[-4.02747,43.4277],[-4.02735,43.42784],[-4.02679,43.42797],[-4.02666,43.42794],[-4.02494,43.42704],[-4.02432,43.42641],[-4.02381,43.42599],[-4.02366,43.42562],[-4.0231,43.42488],[-4.02258,43.42672],[-4.02228,43.42684],[-4.02146,43.4267],[-4.02055,43.42619],[-4.02001,43.42601],[-4.01771,43.42499],[-4.01775,43.42487],[-4.01754,43.42455],[-4.01761,43.42393],[-4.01802,43.4235],[-4.01804,43.42337],[-4.01859,43.42283],[-4.01873,43.42275],[-4.01882,43.42263],[-4.01873,43.4224],[-4.01893,43.42226],[-4.01904,43.42226],[-4.01917,43.42218],[-4.01918,43.42198],[-4.01929,43.42173],[-4.01956,43.42141],[-4.01967,43.42136],[-4.01969,43.42129],[-4.01988,43.42122],[-4.02136,43.42032],[-4.02139,43.42034],[-4.02218,43.41997],[-4.02423,43.41894],[-4.02527,43.41861],[-4.0259,43.41827],[-4.02719,43.41733],[-4.02741,43.41697],[-4.02805,43.41668],[-4.02833,43.41645],[-4.02837,43.41636],[-4.02849,43.41628],[-4.02851,43.41618],[-4.02863,43.41616],[-4.02847,43.41609],[-4.02852,43.41595],[-4.0288,43.41594],[-4.02897,43.41604],[-4.02911,43.41606],[-4.02949,43.41592],[-4.0295,43.4158],[-4.03045,43.41569],[-4.03101,43.41548],[-4.03106,43.41538],[-4.03104,43.41522],[-4.0312,43.41521],[-4.03124,43.41516],[-4.03112,43.41478],[-4.03101,43.41469],[-4.03096,43.41454],[-4.03079,43.41456],[-4.0305,43.4144],[-4.03052,43.41431],[-4.03063,43.41428],[-4.03065,43.41418],[-4.03043,43.41388],[-4.03024,43.41382],[-4.03032,43.4137],[-4.03033,43.41352],[-4.02985,43.41263],[-4.0291,43.41259],[-4.0287,43.41267],[-4.02865,43.41263],[-4.02768,43.41258],[-4.02749,43.41266],[-4.02741,43.41275],[-4.02708,43.41267],[-4.02581,43.41275],[-4.02543,43.41259],[-4.02508,43.41232],[-4.02448,43.41221],[-4.02408,43.41225],[-4.02342,43.41247],[-4.02337,43.41266],[-4.02308,43.41282],[-4.02311,43.41295],[-4.02326,43.41305],[-4.02372,43.41307],[-4.02402,43.41302],[-4.02402,43.41317],[-4.02354,43.41317],[-4.02332,43.41325],[-4.02332,43.41335],[-4.02318,43.41343],[-4.02289,43.41348],[-4.02276,43.41357],[-4.0212,43.41379],[-4.02107,43.41382],[-4.02086,43.41396],[-4.02044,43.41407],[-4.02009,43.41401],[-4.01994,43.41391],[-4.0191,43.41367],[-4.01903,43.41359],[-4.01882,43.41368],[-4.01841,43.41374],[-4.01831,43.41371],[-4.01829,43.41361],[-4.01842,43.41338],[-4.01876,43.41334],[-4.01887,43.41327],[-4.01902,43.41328],[-4.01911,43.41314],[-4.01965,43.41281],[-4.01975,43.41267],[-4.01976,43.41253],[-4.01988,43.41228],[-4.01985,43.41216],[-4.01969,43.41206],[-4.01924,43.41197],[-4.01876,43.41195],[-4.01848,43.41199],[-4.01827,43.41211],[-4.01813,43.41229],[-4.01798,43.41256],[-4.01791,43.41291],[-4.01723,43.413],[-4.01671,43.41296],[-4.01609,43.41315],[-4.01593,43.41314],[-4.01589,43.41305],[-4.01592,43.41295],[-4.01568,43.41284],[-4.01513,43.4128],[-4.01508,43.41265],[-4.01511,43.41258],[-4.01526,43.41253],[-4.01539,43.41252],[-4.01582,43.41265],[-4.01595,43.41263],[-4.01609,43.41253],[-4.01605,43.41244],[-4.01562,43.4121],[-4.01545,43.41189],[-4.01517,43.4114],[-4.01519,43.41128],[-4.01504,43.41119],[-4.01487,43.41061],[-4.01513,43.41056],[-4.01543,43.41063],[-4.01567,43.41044],[-4.01574,43.41026],[-4.01571,43.41016],[-4.01538,43.40999],[-4.01533,43.40984],[-4.01514,43.40977],[-4.01486,43.40958],[-4.01468,43.40938],[-4.01463,43.4092],[-4.01466,43.40876],[-4.01453,43.40838],[-4.01468,43.40836],[-4.01488,43.40848],[-4.01514,43.40848],[-4.01533,43.40878],[-4.01549,43.40885],[-4.01582,43.40887],[-4.01591,43.40874],[-4.01585,43.40859],[-4.01533,43.40785],[-4.01536,43.40697],[-4.01531,43.4069],[-4.01538,43.40668],[-4.01535,43.40652],[-4.01566,43.40632],[-4.01593,43.40635],[-4.01604,43.40627],[-4.01613,43.40607],[-4.01599,43.40583],[-4.01554,43.40589],[-4.01529,43.40574],[-4.01511,43.40571],[-4.01557,43.40489],[-4.01588,43.40414],[-4.01595,43.40409],[-4.01629,43.40348],[-4.01665,43.40321],[-4.01696,43.4029],[-4.01703,43.40265],[-4.01719,43.40247],[-4.01716,43.40232],[-4.01765,43.40171],[-4.01764,43.40153],[-4.01788,43.40131],[-4.01824,43.40113],[-4.02108,43.40004],[-4.02253,43.39986],[-4.02366,43.39956],[-4.02438,43.39925],[-4.02493,43.39908],[-4.02626,43.3984],[-4.02719,43.39803],[-4.02821,43.39752],[-4.02847,43.39734],[-4.02863,43.39707],[-4.02854,43.39702],[-4.02851,43.39683],[-4.02866,43.3968],[-4.02863,43.39646],[-4.02851,43.39647],[-4.02842,43.39601],[-4.02835,43.39603],[-4.02801,43.3953],[-4.02786,43.39485],[-4.02789,43.39425],[-4.02799,43.39396],[-4.02835,43.39342],[-4.02856,43.39319],[-4.02973,43.39202],[-4.02989,43.39199],[-4.03004,43.39181],[-4.03038,43.39132],[-4.03005,43.3912],[-4.03011,43.39112],[-4.03241,43.38944],[-4.03356,43.389],[-4.03447,43.38837],[-4.03468,43.38808],[-4.03467,43.38781],[-4.03422,43.38668],[-4.03427,43.38654],[-4.03435,43.38661],[-4.03491,43.38817],[-4.03476,43.38871],[-4.0349,43.38882],[-4.03553,43.38881],[-4.03584,43.38888],[-4.03636,43.3891],[-4.03671,43.38945],[-4.03698,43.38964],[-4.03759,43.38978],[-4.03754,43.38999],[-4.0369,43.38986],[-4.03672,43.38975],[-4.03651,43.38948],[-4.03627,43.38933],[-4.03582,43.38917],[-4.03509,43.38903],[-4.03439,43.38929],[-4.03406,43.38952],[-4.03386,43.38967],[-4.03388,43.38981],[-4.0338,43.39],[-4.0329,43.39061],[-4.03153,43.39125],[-4.0313,43.39143],[-4.03119,43.39168],[-4.03076,43.3922],[-4.03033,43.39298],[-4.03002,43.39326],[-4.02926,43.39422],[-4.02909,43.39475],[-4.02906,43.3953],[-4.02938,43.39598],[-4.0298,43.39594],[-4.03006,43.39581],[-4.03121,43.39605],[-4.03243,43.39582],[-4.03398,43.3956],[-4.03438,43.39546],[-4.03534,43.39484],[-4.03581,43.39471],[-4.03628,43.3944],[-4.03688,43.39331],[-4.03741,43.39198],[-4.03782,43.39122],[-4.03836,43.3905],[-4.03879,43.39008],[-4.03865,43.39003],[-4.03791,43.3901],[-4.03758,43.39],[-4.03768,43.38983],[-4.03845,43.38981],[-4.03897,43.38985],[-4.0393,43.38979],[-4.04056,43.38935],[-4.04163,43.3891],[-4.04226,43.38901],[-4.04264,43.38877],[-4.04297,43.3883],[-4.04323,43.3877],[-4.04338,43.38712],[-4.04329,43.38665],[-4.0434,43.38584],[-4.04345,43.3833],[-4.04356,43.38257],[-4.0438,43.38193],[-4.04397,43.38131],[-4.04545,43.37868],[-4.04535,43.37864],[-4.04564,43.37813],[-4.04575,43.37814],[-4.04611,43.37743],[-4.04643,43.37717],[-4.04651,43.37666],[-4.04675,43.37635],[-4.04677,43.37617],[-4.047,43.37597],[-4.04716,43.37567],[-4.04742,43.37553],[-4.04768,43.37526],[-4.04776,43.37504],[-4.04819,43.3751],[-4.04844,43.37485],[-4.04854,43.37484],[-4.04879,43.37455],[-4.04958,43.37469],[-4.04935,43.37496],[-4.04885,43.37532],[-4.04862,43.37547]],[[-4.02085,43.40881],[-4.01995,43.40893],[-4.01978,43.40918],[-4.02016,43.40978],[-4.02043,43.40998],[-4.02086,43.41017],[-4.02154,43.41025],[-4.02164,43.41016],[-4.02187,43.41015],[-4.02212,43.41028],[-4.02233,43.41029],[-4.02242,43.41041],[-4.0225,43.41044],[-4.02271,43.41042],[-4.0227,43.41027],[-4.02279,43.41034],[-4.02279,43.41047],[-4.02311,43.41044],[-4.02287,43.41008],[-4.02298,43.40992],[-4.02292,43.40981],[-4.02221,43.40939],[-4.02205,43.40915],[-4.0218,43.40895],[-4.02155,43.40884],[-4.02085,43.40881]]]},"properties":{"id":"physical-es-water-ES018MSPFES112MAT000130","name":"Ría de San Martín de la Arena","slug":"ria-de-san-martin-de-la-arena","aliases":["San Martin de la Arena Estuary"],"kind":"estuary","sourceId":"miteco-water-2027","geometryRole":"area","boundaryStatus":"reference","bbox":[-4.04958,43.37455,-4.01453,43.4358],"center":[-4.032055,43.405175],"referenceYear":2023,"geometryNote":"Superficie de la masa de agua de transición del plan hidrológico 2022–2027. No delimita todo el paisaje de la ría ni sus terrenos ribereños.","sourceCode":"ES018MSPFES112MAT000130","sourceDate":"2023-09-25"}},{"type":"Feature","id":"physical-es-water-ES018MSPFES087MAT000150","geometry":{"type":"Polygon","coordinates":[[[-3.8234,43.44865],[-3.8238,43.44863],[-3.82538,43.45169],[-3.82198,43.45261],[-3.82194,43.45253],[-3.82064,43.45289],[-3.82067,43.45295],[-3.81994,43.45315],[-3.81998,43.45323],[-3.81923,43.45343],[-3.81871,43.45241],[-3.82004,43.45206],[-3.82008,43.45214],[-3.82092,43.45191],[-3.82088,43.45183],[-3.82106,43.45178],[-3.8211,43.45186],[-3.82201,43.45162],[-3.82185,43.45132],[-3.82174,43.45135],[-3.82167,43.45119],[-3.82172,43.45118],[-3.82164,43.45106],[-3.8216,43.45107],[-3.82126,43.45044],[-3.82137,43.45042],[-3.82101,43.44973],[-3.81501,43.44952],[-3.81507,43.4495],[-3.81508,43.4493],[-3.81502,43.44927],[-3.81449,43.44926],[-3.81263,43.45251],[-3.81263,43.45247],[-3.81239,43.4524],[-3.81212,43.45281],[-3.81237,43.45288],[-3.80912,43.45654],[-3.80576,43.45904],[-3.80565,43.459],[-3.80569,43.45897],[-3.80551,43.45886],[-3.80391,43.46027],[-3.80365,43.46045],[-3.80268,43.46089],[-3.80275,43.46098],[-3.80286,43.46093],[-3.80302,43.461],[-3.80268,43.46114],[-3.80265,43.4611],[-3.80218,43.46131],[-3.80202,43.46116],[-3.80133,43.46133],[-3.80138,43.46137],[-3.80163,43.4613],[-3.80176,43.46149],[-3.80122,43.46154],[-3.80122,43.46159],[-3.79812,43.46188],[-3.79813,43.46192],[-3.79714,43.46186],[-3.79708,43.46176],[-3.79724,43.46174],[-3.79726,43.46158],[-3.79673,43.46154],[-3.79667,43.46156],[-3.79665,43.46169],[-3.79703,43.46176],[-3.79708,43.46186],[-3.79234,43.46149],[-3.79258,43.46155],[-3.79303,43.46157],[-3.79301,43.46168],[-3.79692,43.462],[-3.79686,43.46237],[-3.79611,43.46278],[-3.79518,43.4627],[-3.79517,43.46276],[-3.79489,43.46274],[-3.79489,43.4627],[-3.79233,43.4625],[-3.7923,43.46254],[-3.7919,43.46251],[-3.79193,43.46234],[-3.79116,43.46227],[-3.79125,43.46188],[-3.79114,43.46186],[-3.79123,43.46138],[-3.79084,43.46133],[-3.7897,43.46133],[-3.78933,43.46137],[-3.78914,43.46145],[-3.79064,43.46165],[-3.79061,43.46177],[-3.78867,43.46151],[-3.78831,43.46161],[-3.78853,43.46167],[-3.78852,43.46173],[-3.78858,43.46176],[-3.78854,43.4619],[-3.78847,43.46192],[-3.78846,43.46198],[-3.78763,43.46187],[-3.78764,43.4618],[-3.78752,43.46179],[-3.78751,43.46185],[-3.78718,43.46194],[-3.78707,43.46177],[-3.78584,43.46217],[-3.78593,43.46233],[-3.78577,43.46239],[-3.7858,43.46242],[-3.78626,43.46225],[-3.78639,43.4625],[-3.78649,43.46247],[-3.78642,43.46271],[-3.78621,43.46287],[-3.78607,43.46287],[-3.78599,43.4628],[-3.78594,43.46281],[-3.78589,43.46292],[-3.78574,43.46295],[-3.78544,43.46316],[-3.78521,43.4632],[-3.7844,43.46292],[-3.78227,43.46326],[-3.78214,43.46355],[-3.78192,43.46362],[-3.78188,43.46355],[-3.78126,43.46375],[-3.7813,43.46381],[-3.78077,43.46383],[-3.78078,43.46388],[-3.78046,43.46397],[-3.78018,43.46419],[-3.77901,43.46487],[-3.77806,43.46556],[-3.77684,43.46622],[-3.77627,43.4664],[-3.77487,43.46667],[-3.774,43.46671],[-3.77334,43.46682],[-3.77202,43.46748],[-3.77135,43.46774],[-3.7708,43.46781],[-3.77026,43.46776],[-3.76942,43.46742],[-3.76909,43.46722],[-3.76892,43.46704],[-3.76883,43.4668],[-3.76891,43.46659],[-3.76923,43.46641],[-3.76915,43.46633],[-3.7702,43.46583],[-3.77029,43.46591],[-3.7705,43.46587],[-3.77127,43.46558],[-3.77153,43.46535],[-3.77203,43.46524],[-3.77197,43.46516],[-3.77197,43.46504],[-3.77173,43.46509],[-3.77162,43.46489],[-3.77155,43.46488],[-3.77371,43.4612],[-3.77367,43.4612],[-3.77188,43.46163],[-3.77055,43.46203],[-3.76929,43.46247],[-3.76758,43.46318],[-3.75265,43.47054],[-3.75059,43.46815],[-3.76363,43.46172],[-3.76551,43.46093],[-3.7675,43.46028],[-3.76873,43.45996],[-3.77041,43.45962],[-3.77616,43.45884],[-3.77689,43.45833],[-3.77711,43.45807],[-3.77732,43.45868],[-3.79908,43.45578],[-3.80073,43.45535],[-3.80259,43.45463],[-3.80346,43.45419],[-3.80427,43.45371],[-3.80551,43.4528],[-3.8066,43.45179],[-3.80733,43.45091],[-3.80802,43.44978],[-3.8084,43.44885],[-3.80864,43.4479],[-3.80873,43.4465],[-3.80865,43.44514],[-3.80838,43.44359],[-3.80806,43.44245],[-3.80769,43.44146],[-3.8069,43.43986],[-3.80268,43.43343],[-3.80204,43.43266],[-3.80088,43.43091],[-3.80026,43.42973],[-3.79991,43.42875],[-3.79979,43.42825],[-3.80007,43.42811],[-3.79993,43.42776],[-3.80404,43.42563],[-3.80393,43.4262],[-3.80394,43.4265],[-3.80397,43.42664],[-3.80402,43.42664],[-3.80414,43.42767],[-3.80437,43.4285],[-3.80463,43.42904],[-3.80504,43.42961],[-3.80578,43.43019],[-3.8063,43.43046],[-3.80722,43.43074],[-3.8081,43.43082],[-3.8086,43.43079],[-3.80909,43.43072],[-3.80956,43.43059],[-3.80999,43.43041],[-3.8106,43.43003],[-3.81085,43.42982],[-3.81088,43.42961],[-3.81075,43.42947],[-3.81064,43.42943],[-3.81029,43.42941],[-3.81009,43.42955],[-3.80978,43.43001],[-3.8051,43.4287],[-3.80558,43.42775],[-3.80576,43.4278],[-3.80577,43.42777],[-3.8056,43.42772],[-3.80561,43.42769],[-3.8058,43.42773],[-3.80563,43.42766],[-3.80597,43.42699],[-3.80618,43.42705],[-3.80634,43.42675],[-3.81096,43.42799],[-3.81103,43.42797],[-3.81114,43.42779],[-3.81411,43.42858],[-3.81416,43.42864],[-3.81419,43.42903],[-3.81398,43.42914],[-3.8142,43.42928],[-3.81424,43.43039],[-3.81258,43.43153],[-3.81235,43.43164],[-3.81186,43.4316],[-3.81113,43.43123],[-3.81108,43.43128],[-3.81181,43.43168],[-3.81225,43.43171],[-3.81261,43.43161],[-3.81434,43.43047],[-3.819,43.43206],[-3.82746,43.43245],[-3.82828,43.43316],[-3.83664,43.43354],[-3.83666,43.43363],[-3.82853,43.43324],[-3.82843,43.4333],[-3.83071,43.43522],[-3.83042,43.4353],[-3.8301,43.43554],[-3.82964,43.43574],[-3.82925,43.43613],[-3.82888,43.43622],[-3.82876,43.43632],[-3.82842,43.43682],[-3.82819,43.43702],[-3.8278,43.43723],[-3.82765,43.43739],[-3.8274,43.43753],[-3.82691,43.43756],[-3.82646,43.43739],[-3.82609,43.43737],[-3.82575,43.43744],[-3.82551,43.43758],[-3.82461,43.4376],[-3.82437,43.43766],[-3.82378,43.43752],[-3.82349,43.4375],[-3.82335,43.43756],[-3.82272,43.43757],[-3.82128,43.43736],[-3.81874,43.43724],[-3.81589,43.43701],[-3.81558,43.437],[-3.81543,43.43704],[-3.81539,43.43741],[-3.8155,43.43826],[-3.81557,43.43993],[-3.81546,43.44009],[-3.81526,43.44014],[-3.81511,43.44013],[-3.81511,43.44007],[-3.81502,43.44007],[-3.81501,43.44012],[-3.81474,43.4401],[-3.81475,43.44],[-3.81461,43.43998],[-3.81457,43.44025],[-3.81472,43.44026],[-3.81473,43.44014],[-3.81501,43.44016],[-3.815,43.44021],[-3.81525,43.44018],[-3.81554,43.44032],[-3.81559,43.44041],[-3.81566,43.44177],[-3.81541,43.44194],[-3.81502,43.44191],[-3.81501,43.44198],[-3.81476,43.44196],[-3.81441,43.44183],[-3.8144,43.44186],[-3.81404,43.44181],[-3.81403,43.44188],[-3.8144,43.44188],[-3.81476,43.44202],[-3.81501,43.442],[-3.815,43.44204],[-3.81543,43.44207],[-3.81543,43.44203],[-3.81568,43.44208],[-3.8161,43.44199],[-3.81651,43.44205],[-3.81652,43.44198],[-3.81601,43.44194],[-3.81568,43.44202],[-3.81544,43.442],[-3.81572,43.44178],[-3.81621,43.44172],[-3.81975,43.44197],[-3.81971,43.44226],[-3.81992,43.44227],[-3.81993,43.44222],[-3.81999,43.44221],[-3.82013,43.44222],[-3.82012,43.44229],[-3.8207,43.44233],[-3.8207,43.44226],[-3.82085,43.44227],[-3.8209,43.44229],[-3.82089,43.44234],[-3.82111,43.44236],[-3.82115,43.44206],[-3.82772,43.44252],[-3.82752,43.44403],[-3.82443,43.44552],[-3.81487,43.44482],[-3.81444,43.44803],[-3.82325,43.44864],[-3.8234,43.44865]]]},"properties":{"id":"physical-es-water-ES018MSPFES087MAT000150","name":"Bahía de Santander-Puerto","slug":"bahia-de-santander-puerto","aliases":["Santander-Port Bay"],"kind":"bay","sourceId":"miteco-water-2027","geometryRole":"area","boundaryStatus":"reference","bbox":[-3.83666,43.42563,-3.75059,43.47054],"center":[-3.793625,43.448085],"referenceYear":2023,"geometryNote":"Superficie de la masa de agua de transición del plan hidrológico 2022–2027. No delimita todo el paisaje de la ría ni sus terrenos ribereños.","sourceCode":"ES018MSPFES087MAT000150","sourceDate":"2023-09-25"}},{"type":"Feature","id":"physical-es-water-ES018MSPFES244MAT000020","geometry":{"type":"Polygon","coordinates":[[[-7.0583,43.4946],[-7.05822,43.4945],[-7.05793,43.49441],[-7.05786,43.49446],[-7.0579,43.49456],[-7.05779,43.49479],[-7.05761,43.49494],[-7.0575,43.49498],[-7.05672,43.49482],[-7.05666,43.4949],[-7.05617,43.49502],[-7.05599,43.49511],[-7.05563,43.49542],[-7.05602,43.49546],[-7.05599,43.49554],[-7.05565,43.49556],[-7.05557,43.49564],[-7.05565,43.49585],[-7.05573,43.49589],[-7.05572,43.49595],[-7.05563,43.49599],[-7.05536,43.49629],[-7.05531,43.49652],[-7.05521,43.49669],[-7.05502,43.49684],[-7.05488,43.49745],[-7.05489,43.49786],[-7.05497,43.49809],[-7.05492,43.49828],[-7.05494,43.49858],[-7.05489,43.49865],[-7.05494,43.49911],[-7.05516,43.49932],[-7.05522,43.4995],[-7.05524,43.49959],[-7.05514,43.50019],[-7.05515,43.50026],[-7.0553,43.50035],[-7.0553,43.50042],[-7.05526,43.50082],[-7.0549,43.50102],[-7.05493,43.50108],[-7.05487,43.5013],[-7.05495,43.50155],[-7.05483,43.50178],[-7.05488,43.50191],[-7.0548,43.50205],[-7.05482,43.50232],[-7.05475,43.50282],[-7.05439,43.50313],[-7.05439,43.5032],[-7.05429,43.50332],[-7.05426,43.50351],[-7.05415,43.50364],[-7.05415,43.50382],[-7.05402,43.50395],[-7.05405,43.50403],[-7.0539,43.50421],[-7.0539,43.50432],[-7.05376,43.50464],[-7.05351,43.50498],[-7.05352,43.50531],[-7.05281,43.50582],[-7.05274,43.50598],[-7.05241,43.50629],[-7.05238,43.50638],[-7.05205,43.50662],[-7.05184,43.5069],[-7.05156,43.50716],[-7.05146,43.50742],[-7.05139,43.50749],[-7.05138,43.50761],[-7.05156,43.50765],[-7.05158,43.50774],[-7.0515,43.50786],[-7.05153,43.50803],[-7.05186,43.50814],[-7.05194,43.5085],[-7.0521,43.50857],[-7.05206,43.50868],[-7.05216,43.50884],[-7.05211,43.50918],[-7.05228,43.50964],[-7.05261,43.5099],[-7.05254,43.51011],[-7.0523,43.51028],[-7.05204,43.511],[-7.05185,43.51127],[-7.05176,43.51162],[-7.05166,43.51177],[-7.05165,43.51196],[-7.0515,43.51217],[-7.05144,43.51264],[-7.05124,43.5131],[-7.05124,43.51335],[-7.05135,43.51377],[-7.05163,43.51386],[-7.05201,43.5146],[-7.05207,43.51517],[-7.05198,43.51527],[-7.05134,43.51538],[-7.05121,43.51552],[-7.05126,43.51572],[-7.05114,43.51596],[-7.05109,43.51621],[-7.05098,43.51636],[-7.05098,43.51687],[-7.05091,43.51725],[-7.05072,43.51736],[-7.05069,43.51759],[-7.05043,43.51782],[-7.05001,43.51799],[-7.05,43.51807],[-7.04967,43.51827],[-7.04964,43.51873],[-7.05011,43.51882],[-7.05019,43.51892],[-7.05039,43.51897],[-7.05061,43.51924],[-7.05082,43.51933],[-7.05113,43.51934],[-7.0514,43.5192],[-7.05155,43.51904],[-7.05146,43.51872],[-7.05161,43.51858],[-7.05284,43.51825],[-7.05304,43.51837],[-7.05282,43.51859],[-7.05278,43.51878],[-7.05232,43.51916],[-7.05192,43.51966],[-7.0516,43.51973],[-7.05155,43.51969],[-7.05159,43.5198],[-7.05124,43.51968],[-7.05097,43.51967],[-7.05067,43.51974],[-7.05081,43.51983],[-7.05121,43.51987],[-7.05133,43.51998],[-7.05124,43.52005],[-7.05084,43.52012],[-7.05073,43.52018],[-7.05068,43.52028],[-7.0502,43.52025],[-7.04976,43.5204],[-7.0495,43.52041],[-7.04937,43.5205],[-7.04908,43.52056],[-7.0486,43.52084],[-7.04834,43.5211],[-7.04827,43.52132],[-7.04802,43.52151],[-7.0479,43.52153],[-7.0476,43.52183],[-7.04745,43.52206],[-7.04648,43.52282],[-7.04633,43.52289],[-7.04614,43.52328],[-7.04596,43.52343],[-7.04587,43.52381],[-7.04572,43.52405],[-7.04564,43.52453],[-7.04578,43.52483],[-7.04572,43.52518],[-7.04596,43.52594],[-7.04592,43.52612],[-7.04598,43.52643],[-7.04589,43.52652],[-7.04577,43.52655],[-7.04572,43.52677],[-7.0456,43.52688],[-7.04564,43.52744],[-7.04584,43.5275],[-7.04594,43.5276],[-7.04617,43.52764],[-7.04655,43.52756],[-7.04691,43.52756],[-7.04721,43.52767],[-7.0473,43.52766],[-7.04736,43.52757],[-7.04747,43.52757],[-7.0476,43.52768],[-7.04833,43.5278],[-7.04882,43.52801],[-7.04806,43.52828],[-7.04797,43.52857],[-7.0479,43.52861],[-7.04628,43.52863],[-7.04575,43.52875],[-7.04487,43.52882],[-7.04455,43.5287],[-7.04385,43.52868],[-7.04298,43.52888],[-7.04306,43.52897],[-7.04369,43.5288],[-7.04424,43.52875],[-7.04446,43.52913],[-7.04452,43.52938],[-7.04437,43.52962],[-7.04412,43.52971],[-7.04379,43.52961],[-7.04312,43.53001],[-7.04213,43.53022],[-7.04157,43.53057],[-7.04108,43.5306],[-7.04087,43.53055],[-7.04054,43.53033],[-7.03879,43.53189],[-7.03868,43.53182],[-7.03807,43.5324],[-7.03795,43.53232],[-7.03667,43.53374],[-7.03673,43.53378],[-7.03655,43.53395],[-7.03669,43.53404],[-7.03708,43.53368],[-7.03707,43.53356],[-7.03787,43.53282],[-7.03857,43.53322],[-7.03639,43.5353],[-7.03602,43.53623],[-7.03557,43.53612],[-7.03577,43.53566],[-7.03568,43.53562],[-7.03588,43.53521],[-7.03617,43.53484],[-7.03605,43.53478],[-7.03563,43.53532],[-7.03529,43.53602],[-7.03502,43.53703],[-7.03497,43.53791],[-7.0353,43.53956],[-7.03549,43.53954],[-7.03533,43.53897],[-7.03517,43.538],[-7.03619,43.53805],[-7.03727,43.53904],[-7.03702,43.5389],[-7.037,43.53899],[-7.03734,43.53937],[-7.03735,43.5397],[-7.03724,43.53991],[-7.03727,43.54014],[-7.03713,43.54017],[-7.03715,43.5403],[-7.037,43.54032],[-7.03704,43.54044],[-7.03737,43.54041],[-7.03742,43.54079],[-7.03741,43.54108],[-7.03733,43.54125],[-7.03714,43.54142],[-7.03718,43.54198],[-7.03712,43.54207],[-7.03682,43.54207],[-7.03664,43.542],[-7.0365,43.5417],[-7.03628,43.54093],[-7.03621,43.54089],[-7.03606,43.5409],[-7.03606,43.54101],[-7.03627,43.54167],[-7.03654,43.54228],[-7.03671,43.54234],[-7.03697,43.54228],[-7.03708,43.5423],[-7.03699,43.54247],[-7.03719,43.54253],[-7.03728,43.54262],[-7.03688,43.54299],[-7.03689,43.54306],[-7.03716,43.54334],[-7.03736,43.54347],[-7.03708,43.54374],[-7.03706,43.54392],[-7.03661,43.54403],[-7.03652,43.54412],[-7.03654,43.54435],[-7.03648,43.54467],[-7.03636,43.54474],[-7.03598,43.54476],[-7.03587,43.54484],[-7.03589,43.54494],[-7.03643,43.54536],[-7.03643,43.54551],[-7.03624,43.54571],[-7.03599,43.54582],[-7.03565,43.5458],[-7.03553,43.54587],[-7.03567,43.54605],[-7.03586,43.54608],[-7.03594,43.54615],[-7.03576,43.54623],[-7.03593,43.54627],[-7.03594,43.54636],[-7.03549,43.54638],[-7.03539,43.54655],[-7.03542,43.5466],[-7.03561,43.54661],[-7.0364,43.54684],[-7.03658,43.54685],[-7.03661,43.54695],[-7.03638,43.54702],[-7.03596,43.54728],[-7.03614,43.54744],[-7.03616,43.54752],[-7.03595,43.54761],[-7.03535,43.54756],[-7.03527,43.5476],[-7.03526,43.54769],[-7.03599,43.54801],[-7.03606,43.5481],[-7.03606,43.54818],[-7.03579,43.54833],[-7.03577,43.54852],[-7.0358,43.54858],[-7.03635,43.54886],[-7.03635,43.54898],[-7.03616,43.54914],[-7.03592,43.54911],[-7.03583,43.54914],[-7.03579,43.54935],[-7.0357,43.54944],[-7.03508,43.54929],[-7.03494,43.54929],[-7.03475,43.54937],[-7.03465,43.54942],[-7.03455,43.54963],[-7.03458,43.54984],[-7.03481,43.5501],[-7.03496,43.55016],[-7.03516,43.55008],[-7.03533,43.54986],[-7.03548,43.54975],[-7.03571,43.54975],[-7.03586,43.54982],[-7.03594,43.54994],[-7.03595,43.55036],[-7.03631,43.55057],[-7.03638,43.55107],[-7.03658,43.55133],[-7.03678,43.55146],[-7.03682,43.55172],[-7.03699,43.55185],[-7.03731,43.55231],[-7.03746,43.55232],[-7.0374,43.5523],[-7.03758,43.55226],[-7.03772,43.55228],[-7.03808,43.55247],[-7.03797,43.55245],[-7.03802,43.55248],[-7.03875,43.55274],[-7.03894,43.55276],[-7.03895,43.55299],[-7.03933,43.5532],[-7.03965,43.5531],[-7.04001,43.55287],[-7.04033,43.55288],[-7.0404,43.55301],[-7.04031,43.55313],[-7.04031,43.55328],[-7.04021,43.55345],[-7.0403,43.55357],[-7.04047,43.5536],[-7.04039,43.55378],[-7.04058,43.55386],[-7.04094,43.55383],[-7.04125,43.55369],[-7.04175,43.55368],[-7.04174,43.55377],[-7.04144,43.55415],[-7.04148,43.55437],[-7.04132,43.55466],[-7.04136,43.555],[-7.04146,43.55508],[-7.04202,43.55506],[-7.0421,43.55498],[-7.04216,43.55503],[-7.04218,43.55525],[-7.04162,43.55535],[-7.04172,43.55543],[-7.04177,43.55539],[-7.04185,43.55545],[-7.04193,43.55561],[-7.04211,43.55566],[-7.04195,43.55589],[-7.04145,43.5557],[-7.04097,43.55597],[-7.04096,43.55611],[-7.04066,43.55622],[-7.02934,43.55661],[-7.0296,43.55635],[-7.0293,43.55613],[-7.02883,43.55622],[-7.02838,43.55621],[-7.02787,43.556],[-7.02768,43.55582],[-7.02745,43.5557],[-7.02729,43.55581],[-7.02721,43.55565],[-7.0271,43.55563],[-7.02668,43.55574],[-7.0266,43.55584],[-7.0265,43.55578],[-7.02647,43.55542],[-7.02634,43.55532],[-7.02639,43.55518],[-7.02629,43.55503],[-7.02613,43.55502],[-7.02593,43.55488],[-7.02579,43.55466],[-7.0259,43.55453],[-7.0258,43.55444],[-7.02562,43.55441],[-7.0256,43.55416],[-7.02532,43.5539],[-7.02481,43.55393],[-7.02466,43.55405],[-7.02463,43.55416],[-7.02447,43.55403],[-7.0242,43.55397],[-7.02365,43.554],[-7.02339,43.55409],[-7.0233,43.5542],[-7.02312,43.55418],[-7.02305,43.55398],[-7.02273,43.55396],[-7.02259,43.5536],[-7.0226,43.55349],[-7.02291,43.55337],[-7.0231,43.55319],[-7.02291,43.55293],[-7.02262,43.55301],[-7.02241,43.5526],[-7.02199,43.55257],[-7.0219,43.55264],[-7.02172,43.5525],[-7.02159,43.5522],[-7.02161,43.55208],[-7.02172,43.55202],[-7.02162,43.55192],[-7.02158,43.5518],[-7.02164,43.55167],[-7.02155,43.55162],[-7.02124,43.55168],[-7.02128,43.55158],[-7.02141,43.5515],[-7.0214,43.55138],[-7.02159,43.55132],[-7.02159,43.55124],[-7.02142,43.55118],[-7.02137,43.55111],[-7.02141,43.55102],[-7.0216,43.55098],[-7.02141,43.55074],[-7.02125,43.55069],[-7.02126,43.55075],[-7.02113,43.55076],[-7.021,43.5507],[-7.02096,43.55062],[-7.02108,43.55057],[-7.02121,43.55035],[-7.021,43.55027],[-7.02111,43.55],[-7.02121,43.54997],[-7.02112,43.54979],[-7.02125,43.54963],[-7.02107,43.54957],[-7.02106,43.54951],[-7.0212,43.54939],[-7.02112,43.54929],[-7.02115,43.54914],[-7.02108,43.54906],[-7.02106,43.54891],[-7.02114,43.54879],[-7.02103,43.54874],[-7.02114,43.54851],[-7.02135,43.5484],[-7.02142,43.54843],[-7.02147,43.54831],[-7.02166,43.54831],[-7.02175,43.54794],[-7.02205,43.54772],[-7.02207,43.54757],[-7.02286,43.54748],[-7.02274,43.54733],[-7.02278,43.54705],[-7.02295,43.54686],[-7.02329,43.54668],[-7.02409,43.54675],[-7.02415,43.54683],[-7.02466,43.54686],[-7.02471,43.54694],[-7.02496,43.5469],[-7.02515,43.547],[-7.02561,43.54694],[-7.02589,43.54685],[-7.02593,43.54675],[-7.02584,43.54667],[-7.02551,43.54675],[-7.02542,43.54669],[-7.02535,43.54656],[-7.02548,43.54645],[-7.025,43.54634],[-7.02485,43.54591],[-7.025,43.54573],[-7.02544,43.5457],[-7.02554,43.54547],[-7.02576,43.54545],[-7.02601,43.54556],[-7.02623,43.54578],[-7.02651,43.5457],[-7.02654,43.54548],[-7.02666,43.54531],[-7.02687,43.54525],[-7.02706,43.54531],[-7.02748,43.54513],[-7.02744,43.54495],[-7.02747,43.54488],[-7.02816,43.54492],[-7.02824,43.54477],[-7.02842,43.54469],[-7.02795,43.54419],[-7.02806,43.54411],[-7.02825,43.54407],[-7.02851,43.54428],[-7.02886,43.54424],[-7.02911,43.54468],[-7.02931,43.54454],[-7.02957,43.5445],[-7.02955,43.54457],[-7.02993,43.54452],[-7.02999,43.54428],[-7.02981,43.54424],[-7.02969,43.54438],[-7.02949,43.54428],[-7.02953,43.54415],[-7.02965,43.5441],[-7.02937,43.54377],[-7.02949,43.54364],[-7.02959,43.54363],[-7.02957,43.5433],[-7.03028,43.54328],[-7.0307,43.54313],[-7.03073,43.5429],[-7.03025,43.54283],[-7.0301,43.54262],[-7.03008,43.54242],[-7.02975,43.54216],[-7.03011,43.54179],[-7.03008,43.54167],[-7.03014,43.54155],[-7.02963,43.54125],[-7.02946,43.54123],[-7.02922,43.54088],[-7.02904,43.54088],[-7.02898,43.54083],[-7.02892,43.54065],[-7.02893,43.54044],[-7.02809,43.54012],[-7.02775,43.54012],[-7.02725,43.53977],[-7.02708,43.53974],[-7.027,43.53961],[-7.02652,43.53942],[-7.02651,43.53938],[-7.02585,43.5392],[-7.02548,43.53919],[-7.02513,43.53907],[-7.02387,43.53847],[-7.02352,43.53823],[-7.0232,43.53791],[-7.02258,43.53694],[-7.02276,43.53672],[-7.02282,43.53654],[-7.02276,43.53652],[-7.0231,43.53581],[-7.02307,43.53567],[-7.0229,43.53557],[-7.02295,43.53543],[-7.02285,43.53545],[-7.02273,43.5354],[-7.02261,43.53519],[-7.02275,43.53515],[-7.02273,43.53497],[-7.02279,43.53491],[-7.0229,43.53493],[-7.02301,43.53479],[-7.02301,43.53473],[-7.02278,43.53459],[-7.02276,43.53446],[-7.02291,43.53427],[-7.02278,43.5342],[-7.0224,43.53425],[-7.02226,43.53421],[-7.02205,43.53428],[-7.02174,43.53417],[-7.02146,43.53392],[-7.0215,43.53379],[-7.02144,43.53373],[-7.02131,43.53373],[-7.0212,43.53379],[-7.02117,43.53369],[-7.02099,43.53371],[-7.02059,43.53356],[-7.02044,43.53357],[-7.02018,43.5337],[-7.02002,43.53367],[-7.02012,43.53354],[-7.01974,43.53345],[-7.01949,43.53351],[-7.01941,43.53359],[-7.01929,43.53357],[-7.01929,43.53351],[-7.01912,43.5335],[-7.01888,43.53351],[-7.01861,43.5336],[-7.01818,43.53334],[-7.0182,43.53325],[-7.01837,43.53309],[-7.01838,43.53303],[-7.01799,43.53286],[-7.01767,43.53283],[-7.01739,43.53299],[-7.01719,43.53324],[-7.01702,43.53321],[-7.017,43.53314],[-7.01678,43.53316],[-7.01681,43.53318],[-7.01657,43.53347],[-7.01581,43.53395],[-7.01571,43.53407],[-7.01574,43.53424],[-7.01547,43.5343],[-7.01536,43.53437],[-7.01517,43.53435],[-7.01505,43.5344],[-7.01472,43.53481],[-7.01438,43.53498],[-7.01409,43.53529],[-7.01375,43.53511],[-7.01444,43.53449],[-7.01442,43.53424],[-7.01493,43.53389],[-7.01559,43.53328],[-7.01583,43.53297],[-7.01577,43.53292],[-7.01563,43.53294],[-7.01561,43.53298],[-7.01525,43.53289],[-7.01491,43.53302],[-7.01478,43.53316],[-7.01467,43.53317],[-7.01464,43.53309],[-7.01451,43.53318],[-7.01441,43.53317],[-7.01377,43.53266],[-7.01358,43.53232],[-7.01362,43.53202],[-7.01386,43.53187],[-7.01394,43.5317],[-7.01383,43.53167],[-7.01382,43.53161],[-7.01362,43.53166],[-7.01368,43.53156],[-7.01356,43.53146],[-7.01342,43.53151],[-7.01339,43.53146],[-7.01326,43.53152],[-7.01275,43.53152],[-7.01221,43.53141],[-7.01198,43.53151],[-7.01169,43.53155],[-7.01165,43.53151],[-7.00996,43.53164],[-7.00973,43.53177],[-7.00956,43.53172],[-7.00946,43.53176],[-7.00939,43.5317],[-7.0086,43.532],[-7.00824,43.53201],[-7.00783,43.53223],[-7.00736,43.53236],[-7.00653,43.5318],[-7.00614,43.53182],[-7.00626,43.53175],[-7.00651,43.53177],[-7.00639,43.5316],[-7.00631,43.53134],[-7.00624,43.53068],[-7.00688,43.5298],[-7.00685,43.52977],[-7.00689,43.5297],[-7.00728,43.52925],[-7.00768,43.52893],[-7.00822,43.5284],[-7.00821,43.52821],[-7.00762,43.52797],[-7.00743,43.52764],[-7.00663,43.52751],[-7.00634,43.52735],[-7.00577,43.52716],[-7.00548,43.52714],[-7.00507,43.52725],[-7.00505,43.52719],[-7.00572,43.52698],[-7.00612,43.52695],[-7.00628,43.5268],[-7.00591,43.52679],[-7.00592,43.52676],[-7.00629,43.52675],[-7.00667,43.52687],[-7.00718,43.52682],[-7.00743,43.52689],[-7.00773,43.52689],[-7.00791,43.52703],[-7.00796,43.52718],[-7.00809,43.52731],[-7.00805,43.52744],[-7.0082,43.52748],[-7.00824,43.52744],[-7.00884,43.52773],[-7.00906,43.52768],[-7.00993,43.52695],[-7.01004,43.52671],[-7.01039,43.52627],[-7.01128,43.52556],[-7.0117,43.52544],[-7.01233,43.52513],[-7.01256,43.52515],[-7.0126,43.52507],[-7.01335,43.52467],[-7.0143,43.52434],[-7.01451,43.52434],[-7.01455,43.52438],[-7.0152,43.52447],[-7.01541,43.5243],[-7.01545,43.52398],[-7.01552,43.52397],[-7.01564,43.52421],[-7.0157,43.52465],[-7.01566,43.52481],[-7.01572,43.52492],[-7.01584,43.52506],[-7.01619,43.52512],[-7.0164,43.52522],[-7.01668,43.52546],[-7.01689,43.52547],[-7.01883,43.52493],[-7.01922,43.52492],[-7.02012,43.52474],[-7.02046,43.52472],[-7.02101,43.5248],[-7.02106,43.52485],[-7.02108,43.52503],[-7.02114,43.52508],[-7.02177,43.52527],[-7.02192,43.52522],[-7.02247,43.52524],[-7.0228,43.52511],[-7.02403,43.52521],[-7.02488,43.52504],[-7.02523,43.52492],[-7.02616,43.52479],[-7.02624,43.52486],[-7.02662,43.52488],[-7.0267,43.52494],[-7.027,43.52497],[-7.02725,43.52513],[-7.02723,43.5252],[-7.02744,43.52566],[-7.02747,43.52586],[-7.02821,43.52712],[-7.02915,43.52828],[-7.02971,43.52871],[-7.02983,43.52885],[-7.02984,43.52935],[-7.02997,43.52951],[-7.03022,43.52949],[-7.03037,43.52941],[-7.03105,43.52892],[-7.03156,43.52809],[-7.03146,43.52807],[-7.03154,43.52784],[-7.03144,43.52761],[-7.03157,43.52726],[-7.03188,43.52697],[-7.03211,43.52656],[-7.03229,43.52637],[-7.03244,43.52633],[-7.03249,43.52594],[-7.03269,43.52569],[-7.03291,43.52554],[-7.03332,43.52502],[-7.03393,43.52452],[-7.03457,43.5241],[-7.03481,43.52386],[-7.03495,43.52353],[-7.03487,43.52348],[-7.03491,43.52335],[-7.0348,43.52293],[-7.03492,43.52223],[-7.03517,43.52182],[-7.03523,43.5214],[-7.03537,43.52111],[-7.03552,43.52093],[-7.03552,43.52079],[-7.03559,43.52065],[-7.03555,43.52055],[-7.03559,43.5203],[-7.03576,43.52018],[-7.03597,43.51992],[-7.03625,43.51935],[-7.03625,43.51927],[-7.03658,43.51876],[-7.03661,43.51828],[-7.03659,43.51821],[-7.03645,43.5181],[-7.03667,43.51781],[-7.03679,43.51773],[-7.03701,43.51781],[-7.03723,43.51772],[-7.03748,43.51749],[-7.03811,43.51658],[-7.03857,43.5162],[-7.03916,43.51522],[-7.0392,43.51502],[-7.03908,43.5149],[-7.03901,43.51467],[-7.03932,43.51445],[-7.03943,43.51426],[-7.03937,43.5142],[-7.0394,43.51374],[-7.03946,43.51352],[-7.03932,43.51337],[-7.03937,43.5132],[-7.03871,43.51288],[-7.03875,43.51282],[-7.03817,43.51279],[-7.03804,43.51264],[-7.03799,43.51248],[-7.0379,43.51251],[-7.03787,43.51248],[-7.03793,43.51243],[-7.03784,43.51239],[-7.03752,43.5124],[-7.03732,43.51208],[-7.03745,43.512],[-7.03746,43.5119],[-7.03778,43.51189],[-7.03805,43.51183],[-7.03824,43.51173],[-7.03863,43.5117],[-7.03946,43.51182],[-7.04037,43.51182],[-7.04086,43.51162],[-7.041,43.51139],[-7.04108,43.51111],[-7.04097,43.51075],[-7.04094,43.51026],[-7.04082,43.50974],[-7.04141,43.50913],[-7.04156,43.50865],[-7.0423,43.50811],[-7.0425,43.50774],[-7.04259,43.50727],[-7.04243,43.50683],[-7.04238,43.50648],[-7.04246,43.50635],[-7.04242,43.50618],[-7.0426,43.5056],[-7.0423,43.50527],[-7.04208,43.50486],[-7.04202,43.50447],[-7.04214,43.5039],[-7.04235,43.50345],[-7.04242,43.50316],[-7.04254,43.50302],[-7.04259,43.50278],[-7.04243,43.50247],[-7.04241,43.50202],[-7.04251,43.50172],[-7.04241,43.50149],[-7.04236,43.50116],[-7.04257,43.50101],[-7.04275,43.50096],[-7.04281,43.50087],[-7.04157,43.50031],[-7.04063,43.49982],[-7.04051,43.49973],[-7.04051,43.49955],[-7.04043,43.49949],[-7.04027,43.49938],[-7.03997,43.49932],[-7.03944,43.49897],[-7.0395,43.49876],[-7.03919,43.49866],[-7.03823,43.49795],[-7.03769,43.49771],[-7.03739,43.4977],[-7.03689,43.49777],[-7.03645,43.49803],[-7.0362,43.49825],[-7.03577,43.49891],[-7.03572,43.49889],[-7.03547,43.49921],[-7.03484,43.49947],[-7.03426,43.49955],[-7.03326,43.49983],[-7.03277,43.4997],[-7.03226,43.49908],[-7.03199,43.49889],[-7.0319,43.49877],[-7.03167,43.49863],[-7.03151,43.49869],[-7.03148,43.49865],[-7.03168,43.49855],[-7.03199,43.49875],[-7.03217,43.49858],[-7.03214,43.49855],[-7.03207,43.49861],[-7.03204,43.49855],[-7.03209,43.49837],[-7.03221,43.49827],[-7.03223,43.49802],[-7.03316,43.49746],[-7.03326,43.49736],[-7.03345,43.49708],[-7.03345,43.49664],[-7.03334,43.49639],[-7.0333,43.49611],[-7.03353,43.49581],[-7.03383,43.49561],[-7.0343,43.49489],[-7.03486,43.49461],[-7.03497,43.49448],[-7.03535,43.49449],[-7.0358,43.49417],[-7.03655,43.49414],[-7.03684,43.49403],[-7.03786,43.49454],[-7.03793,43.49474],[-7.03832,43.4948],[-7.03832,43.49484],[-7.03879,43.49481],[-7.03888,43.49485],[-7.03926,43.49477],[-7.04003,43.49443],[-7.04125,43.49403],[-7.04125,43.49396],[-7.04134,43.49396],[-7.04136,43.49402],[-7.04176,43.49395],[-7.04255,43.49346],[-7.04269,43.49321],[-7.04262,43.49283],[-7.04251,43.49278],[-7.04248,43.49271],[-7.04253,43.49259],[-7.04248,43.49196],[-7.04304,43.49158],[-7.0433,43.49087],[-7.04328,43.49075],[-7.04354,43.49068],[-7.04366,43.49057],[-7.0442,43.4904],[-7.04458,43.49035],[-7.04465,43.49028],[-7.04451,43.49009],[-7.04452,43.48999],[-7.04464,43.48976],[-7.04553,43.48943],[-7.04593,43.48916],[-7.04598,43.48881],[-7.04617,43.48841],[-7.04627,43.48795],[-7.04634,43.48792],[-7.04648,43.48733],[-7.04654,43.48685],[-7.04647,43.48678],[-7.04644,43.48665],[-7.04657,43.48602],[-7.04683,43.48563],[-7.04717,43.48526],[-7.04724,43.48483],[-7.04715,43.48458],[-7.04714,43.48433],[-7.04689,43.48406],[-7.04669,43.48331],[-7.0468,43.48305],[-7.04678,43.48274],[-7.04661,43.48241],[-7.04632,43.48225],[-7.04588,43.48235],[-7.0457,43.48247],[-7.04447,43.48245],[-7.04418,43.4825],[-7.04398,43.48224],[-7.04425,43.48195],[-7.04408,43.4817],[-7.04435,43.48151],[-7.0448,43.48143],[-7.04516,43.4814],[-7.04547,43.48147],[-7.04582,43.48133],[-7.0466,43.4808],[-7.04667,43.4806],[-7.04664,43.48045],[-7.04646,43.48012],[-7.04647,43.48],[-7.04641,43.47983],[-7.0463,43.47973],[-7.04627,43.47964],[-7.04631,43.47951],[-7.04591,43.4784],[-7.04588,43.47808],[-7.04581,43.47799],[-7.04603,43.47766],[-7.04604,43.47739],[-7.04637,43.47682],[-7.04653,43.4766],[-7.04703,43.4762],[-7.04785,43.47572],[-7.04823,43.47527],[-7.04825,43.47507],[-7.04852,43.47489],[-7.04919,43.47458],[-7.05027,43.47417],[-7.05058,43.47443],[-7.05114,43.47393],[-7.05132,43.47345],[-7.05181,43.47247],[-7.0521,43.47165],[-7.05217,43.47165],[-7.05236,43.47147],[-7.05253,43.47119],[-7.0525,43.47105],[-7.05237,43.47106],[-7.05229,43.471],[-7.0522,43.47108],[-7.0519,43.47101],[-7.05176,43.47072],[-7.05176,43.47053],[-7.0517,43.47047],[-7.05218,43.47017],[-7.05241,43.47013],[-7.05247,43.47005],[-7.05244,43.46999],[-7.05161,43.46978],[-7.05141,43.46969],[-7.05129,43.46953],[-7.05106,43.46944],[-7.05116,43.46942],[-7.05109,43.46923],[-7.05113,43.46923],[-7.05098,43.46891],[-7.0509,43.46892],[-7.0509,43.46884],[-7.05082,43.46877],[-7.05066,43.46873],[-7.05073,43.46864],[-7.05067,43.46861],[-7.0505,43.46862],[-7.05061,43.46893],[-7.04979,43.46895],[-7.04974,43.46874],[-7.05058,43.46857],[-7.05064,43.46837],[-7.05074,43.46835],[-7.0508,43.46809],[-7.05056,43.46749],[-7.05042,43.46656],[-7.05025,43.46655],[-7.05022,43.46651],[-7.05032,43.4665],[-7.05043,43.46627],[-7.05044,43.46611],[-7.05057,43.46604],[-7.05065,43.46545],[-7.05063,43.4654],[-7.05051,43.46541],[-7.05064,43.46534],[-7.05046,43.46506],[-7.05008,43.46486],[-7.04968,43.46485],[-7.04774,43.46553],[-7.04754,43.46555],[-7.04688,43.46537],[-7.04539,43.46484],[-7.04552,43.46481],[-7.04747,43.46544],[-7.04765,43.46544],[-7.04951,43.46473],[-7.04993,43.46467],[-7.05034,43.46477],[-7.05082,43.46497],[-7.05092,43.46512],[-7.05077,43.46667],[-7.05099,43.46679],[-7.05201,43.46661],[-7.05227,43.4665],[-7.05172,43.46577],[-7.05193,43.46567],[-7.05221,43.46568],[-7.05227,43.46562],[-7.05251,43.46556],[-7.05281,43.46558],[-7.05194,43.46432],[-7.05211,43.46264],[-7.05212,43.46387],[-7.05208,43.46433],[-7.05318,43.46585],[-7.05328,43.46615],[-7.05314,43.46658],[-7.0523,43.4679],[-7.05225,43.46807],[-7.0523,43.46832],[-7.05309,43.46816],[-7.05294,43.46803],[-7.05374,43.4679],[-7.05383,43.46832],[-7.05362,43.46836],[-7.05367,43.46849],[-7.05409,43.46844],[-7.05404,43.46848],[-7.05366,43.46852],[-7.05362,43.46858],[-7.05368,43.46882],[-7.0542,43.46877],[-7.05416,43.46891],[-7.05362,43.46893],[-7.05367,43.469],[-7.05415,43.46898],[-7.05418,43.46908],[-7.0544,43.46911],[-7.05438,43.46915],[-7.05451,43.46914],[-7.05456,43.46932],[-7.05419,43.46942],[-7.05416,43.46953],[-7.05468,43.4695],[-7.05567,43.47143],[-7.05585,43.47155],[-7.05591,43.4717],[-7.05624,43.47187],[-7.05642,43.47187],[-7.05673,43.47173],[-7.05672,43.47169],[-7.05685,43.47165],[-7.05711,43.47139],[-7.05705,43.47134],[-7.05709,43.47131],[-7.05722,43.47136],[-7.05734,43.47134],[-7.0581,43.47101],[-7.05827,43.47099],[-7.05836,43.47087],[-7.05847,43.47097],[-7.05856,43.47097],[-7.05881,43.4708],[-7.05916,43.47071],[-7.05937,43.47071],[-7.05964,43.47081],[-7.05978,43.47097],[-7.05989,43.47097],[-7.05993,43.4711],[-7.0614,43.47106],[-7.06141,43.47091],[-7.06156,43.47094],[-7.06225,43.47087],[-7.06234,43.47116],[-7.06264,43.47102],[-7.06255,43.47084],[-7.06319,43.47078],[-7.06363,43.47058],[-7.06404,43.47051],[-7.06407,43.47045],[-7.06437,43.47032],[-7.06473,43.47004],[-7.06476,43.46995],[-7.06492,43.46979],[-7.06525,43.46959],[-7.06566,43.46954],[-7.06551,43.46942],[-7.06536,43.46913],[-7.06608,43.46908],[-7.06645,43.46924],[-7.06661,43.46936],[-7.06696,43.46927],[-7.06729,43.46926],[-7.06768,43.46918],[-7.06801,43.46903],[-7.0683,43.46896],[-7.06864,43.46894],[-7.06973,43.46873],[-7.07002,43.46862],[-7.07026,43.46843],[-7.07022,43.46865],[-7.07039,43.46864],[-7.07058,43.46855],[-7.07058,43.46861],[-7.07079,43.46856],[-7.07085,43.4679],[-7.07119,43.46663],[-7.07145,43.46616],[-7.07178,43.4658],[-7.07137,43.46603],[-7.0714,43.46595],[-7.07169,43.46567],[-7.07176,43.46548],[-7.07214,43.4654],[-7.07215,43.46528],[-7.072,43.46523],[-7.07162,43.46481],[-7.07155,43.46458],[-7.07163,43.4643],[-7.07156,43.46426],[-7.07161,43.46402],[-7.07154,43.46388],[-7.07141,43.4638],[-7.07139,43.46373],[-7.07112,43.46361],[-7.07092,43.46327],[-7.07096,43.46318],[-7.07114,43.46313],[-7.07146,43.46292],[-7.07151,43.46266],[-7.07167,43.46251],[-7.07276,43.46231],[-7.07304,43.46237],[-7.07329,43.46231],[-7.07344,43.46233],[-7.07352,43.46247],[-7.07408,43.46232],[-7.07409,43.4622],[-7.07433,43.46196],[-7.07506,43.46182],[-7.07595,43.46149],[-7.07653,43.46157],[-7.07692,43.46153],[-7.07757,43.46126],[-7.07787,43.46126],[-7.07888,43.46097],[-7.07901,43.46097],[-7.07933,43.46066],[-7.07947,43.4606],[-7.07982,43.46052],[-7.07998,43.46054],[-7.08073,43.46038],[-7.08145,43.46015],[-7.08156,43.46017],[-7.0822,43.45957],[-7.08285,43.45887],[-7.08317,43.4583],[-7.08357,43.45789],[-7.08357,43.45782],[-7.08366,43.4578],[-7.08393,43.45757],[-7.08446,43.4574],[-7.08457,43.45728],[-7.08456,43.45714],[-7.08495,43.45685],[-7.0858,43.4566],[-7.086,43.45636],[-7.08621,43.45625],[-7.08625,43.4563],[-7.08653,43.45621],[-7.08651,43.45616],[-7.08691,43.45601],[-7.08694,43.45606],[-7.08715,43.45601],[-7.08785,43.45559],[-7.08863,43.45503],[-7.08889,43.45492],[-7.08911,43.45472],[-7.08961,43.45453],[-7.08972,43.45454],[-7.08966,43.45461],[-7.08995,43.45499],[-7.09013,43.45491],[-7.09038,43.45468],[-7.09094,43.45392],[-7.09114,43.45347],[-7.09111,43.45297],[-7.09106,43.45294],[-7.09111,43.45286],[-7.0911,43.45259],[-7.09119,43.45248],[-7.09116,43.45229],[-7.0912,43.45199],[-7.09108,43.45102],[-7.09089,43.45051],[-7.09111,43.45002],[-7.09115,43.4492],[-7.0913,43.44872],[-7.09132,43.44845],[-7.09125,43.44783],[-7.09109,43.44744],[-7.09092,43.44711],[-7.0905,43.44687],[-7.08956,43.4466],[-7.08899,43.44612],[-7.08884,43.44581],[-7.08839,43.44559],[-7.08821,43.44545],[-7.08799,43.44516],[-7.08796,43.44494],[-7.08806,43.44478],[-7.0884,43.44458],[-7.08834,43.44452],[-7.08779,43.44441],[-7.08724,43.44448],[-7.08708,43.4444],[-7.0867,43.44409],[-7.08635,43.44367],[-7.08644,43.44353],[-7.08674,43.44332],[-7.08691,43.44331],[-7.08791,43.44297],[-7.08817,43.443],[-7.08842,43.44295],[-7.08889,43.44309],[-7.08909,43.44307],[-7.08928,43.44314],[-7.08935,43.44322],[-7.08939,43.4434],[-7.0895,43.44344],[-7.08953,43.44418],[-7.08966,43.44431],[-7.09038,43.44429],[-7.09101,43.4442],[-7.09197,43.44395],[-7.09202,43.4439],[-7.09214,43.4439],[-7.09247,43.44361],[-7.09251,43.44365],[-7.09242,43.44374],[-7.09236,43.4439],[-7.09223,43.44401],[-7.09252,43.44405],[-7.0933,43.44367],[-7.09334,43.44363],[-7.0933,43.44352],[-7.09351,43.44343],[-7.09362,43.44329],[-7.09362,43.44312],[-7.09421,43.44318],[-7.09383,43.44369],[-7.09349,43.44391],[-7.09267,43.44429],[-7.09214,43.4444],[-7.08996,43.44468],[-7.08915,43.44497],[-7.08912,43.44505],[-7.08898,43.44484],[-7.08866,43.44494],[-7.08837,43.44517],[-7.08874,43.44541],[-7.08903,43.44539],[-7.08909,43.44554],[-7.08939,43.44567],[-7.08971,43.44591],[-7.0903,43.44623],[-7.09049,43.44618],[-7.0907,43.44626],[-7.09076,43.44623],[-7.09139,43.44633],[-7.09182,43.44634],[-7.09196,43.44638],[-7.0921,43.44652],[-7.09205,43.44699],[-7.09198,43.4471],[-7.092,43.44715],[-7.09212,43.44718],[-7.09226,43.44736],[-7.09236,43.44736],[-7.09243,43.44746],[-7.09235,43.44758],[-7.09238,43.44776],[-7.09228,43.44802],[-7.09226,43.44859],[-7.09218,43.44911],[-7.09204,43.44934],[-7.09208,43.44967],[-7.09206,43.4501],[-7.09199,43.45029],[-7.0919,43.45097],[-7.09192,43.45112],[-7.09218,43.45164],[-7.09219,43.45175],[-7.09255,43.45209],[-7.09259,43.4523],[-7.09233,43.4529],[-7.09217,43.45312],[-7.09195,43.45365],[-7.09175,43.45392],[-7.09175,43.45404],[-7.09158,43.4543],[-7.09138,43.45443],[-7.09103,43.45489],[-7.09013,43.45563],[-7.0897,43.4561],[-7.08892,43.45658],[-7.08787,43.45701],[-7.08708,43.45722],[-7.08685,43.45733],[-7.08587,43.4575],[-7.08425,43.45825],[-7.08357,43.45907],[-7.08345,43.45941],[-7.08317,43.45982],[-7.08274,43.46026],[-7.0837,43.46082],[-7.0832,43.46095],[-7.08301,43.46111],[-7.08285,43.4611],[-7.08306,43.46166],[-7.08299,43.46188],[-7.083,43.46201],[-7.08313,43.46209],[-7.08286,43.46254],[-7.08262,43.46283],[-7.08211,43.46334],[-7.08117,43.46406],[-7.08085,43.4642],[-7.07999,43.46491],[-7.07939,43.4652],[-7.07881,43.46528],[-7.07766,43.46531],[-7.07728,43.46541],[-7.07657,43.4657],[-7.07621,43.46606],[-7.07597,43.4665],[-7.07513,43.46649],[-7.07521,43.4669],[-7.07543,43.46717],[-7.07571,43.46724],[-7.07568,43.46733],[-7.07544,43.46733],[-7.07476,43.46759],[-7.07464,43.4678],[-7.07461,43.46796],[-7.07451,43.46807],[-7.07447,43.46827],[-7.07428,43.46836],[-7.07426,43.46846],[-7.07383,43.46878],[-7.07385,43.46884],[-7.0741,43.4689],[-7.07369,43.46895],[-7.07365,43.46901],[-7.07338,43.46907],[-7.0731,43.46937],[-7.07312,43.46946],[-7.07296,43.46952],[-7.07278,43.46936],[-7.07268,43.46932],[-7.07257,43.46937],[-7.07206,43.46907],[-7.07201,43.46918],[-7.07224,43.46931],[-7.07214,43.46942],[-7.07195,43.46943],[-7.07201,43.4695],[-7.07195,43.46962],[-7.07159,43.46995],[-7.07156,43.47008],[-7.07093,43.47049],[-7.07088,43.4706],[-7.07075,43.47067],[-7.06985,43.47072],[-7.06913,43.4709],[-7.06851,43.47138],[-7.06743,43.47252],[-7.06715,43.47269],[-7.06482,43.47376],[-7.06463,43.47383],[-7.06456,43.4737],[-7.0629,43.47458],[-7.06215,43.47464],[-7.061,43.47431],[-7.0602,43.47392],[-7.0595,43.47333],[-7.05849,43.47275],[-7.05801,43.47275],[-7.05781,43.47269],[-7.05762,43.47283],[-7.05773,43.47299],[-7.05772,43.4731],[-7.05734,43.47345],[-7.05711,43.47359],[-7.05714,43.47361],[-7.05701,43.47377],[-7.05632,43.47355],[-7.05626,43.47343],[-7.05599,43.47337],[-7.0556,43.47346],[-7.05531,43.47331],[-7.05519,43.47332],[-7.055,43.47344],[-7.05351,43.47318],[-7.05332,43.4733],[-7.05327,43.47344],[-7.05417,43.47357],[-7.05448,43.47358],[-7.05466,43.47352],[-7.05614,43.47382],[-7.05612,43.47392],[-7.0563,43.47395],[-7.05657,43.47411],[-7.05683,43.47419],[-7.05712,43.4746],[-7.05694,43.47512],[-7.05685,43.47581],[-7.05662,43.47947],[-7.05638,43.47986],[-7.05646,43.48001],[-7.05659,43.48],[-7.05657,43.48063],[-7.0564,43.48082],[-7.05656,43.48082],[-7.05649,43.48165],[-7.05624,43.48242],[-7.05434,43.48722],[-7.05405,43.48815],[-7.05404,43.48841],[-7.05426,43.48941],[-7.05456,43.49117],[-7.05424,43.49151],[-7.05414,43.49205],[-7.05421,43.49248],[-7.05433,43.49263],[-7.05454,43.49266],[-7.05458,43.49293],[-7.05457,43.49319],[-7.05441,43.49321],[-7.05428,43.4933],[-7.05434,43.49337],[-7.05454,43.4934],[-7.0552,43.49331],[-7.05549,43.49325],[-7.05555,43.49306],[-7.05574,43.49307],[-7.05576,43.49324],[-7.05586,43.49333],[-7.05595,43.49338],[-7.05615,43.49338],[-7.05629,43.4935],[-7.05669,43.49369],[-7.05679,43.49386],[-7.05707,43.49391],[-7.05738,43.4941],[-7.05802,43.49422],[-7.05842,43.4944],[-7.05875,43.49463],[-7.05904,43.49469],[-7.05914,43.49479],[-7.05933,43.49476],[-7.0594,43.49481],[-7.05955,43.49477],[-7.05973,43.49487],[-7.0598,43.49483],[-7.0599,43.49493],[-7.05974,43.49502],[-7.0597,43.49514],[-7.05953,43.49517],[-7.05946,43.49512],[-7.05901,43.49509],[-7.059,43.49516],[-7.05907,43.49519],[-7.05913,43.4953],[-7.05928,43.4953],[-7.05933,43.49522],[-7.05946,43.49521],[-7.05988,43.49524],[-7.05993,43.4953],[-7.05969,43.49547],[-7.05967,43.49559],[-7.05952,43.49563],[-7.05907,43.49551],[-7.05897,43.49544],[-7.05852,43.49542],[-7.05833,43.49531],[-7.05799,43.49521],[-7.05793,43.4951],[-7.05819,43.49487],[-7.0583,43.49464],[-7.0583,43.4946]],[[-7.08876,43.44342],[-7.08853,43.44321],[-7.08774,43.44325],[-7.08767,43.44334],[-7.08745,43.44341],[-7.08739,43.44348],[-7.08741,43.44355],[-7.08703,43.44365],[-7.08713,43.4438],[-7.08709,43.444],[-7.0876,43.44431],[-7.08775,43.4443],[-7.08819,43.44401],[-7.08845,43.44396],[-7.08862,43.44404],[-7.08883,43.4443],[-7.08894,43.44434],[-7.08922,43.44427],[-7.08892,43.44377],[-7.08876,43.44342]]]},"properties":{"id":"physical-es-water-ES018MSPFES244MAT000020","name":"Estuario del Eo","slug":"estuario-del-eo","aliases":["Eo Estuary"],"kind":"estuary","sourceId":"miteco-water-2027","geometryRole":"area","boundaryStatus":"reference","bbox":[-7.09421,43.44295,-7.00505,43.55661],"center":[-7.0496300000000005,43.49978],"referenceYear":2023,"geometryNote":"Superficie de la masa de agua de transición del plan hidrológico 2022–2027. No delimita todo el paisaje de la ría ni sus terrenos ribereños.","sourceCode":"ES018MSPFES244MAT000020","sourceDate":"2023-09-25"}},{"type":"Feature","id":"physical-es-water-ES018MSPFES145MAT000060","geometry":{"type":"Polygon","coordinates":[[[-5.9007,43.60327],[-5.90042,43.60316],[-5.90043,43.60313],[-5.90111,43.60326],[-5.90147,43.60313],[-5.90182,43.60281],[-5.90205,43.60271],[-5.90485,43.6024],[-5.90527,43.60239],[-5.90554,43.60231],[-5.908,43.60101],[-5.90829,43.60094],[-5.90874,43.60093],[-5.90917,43.60085],[-5.90966,43.60064],[-5.91019,43.60048],[-5.91092,43.60009],[-5.9111,43.59995],[-5.91151,43.59944],[-5.91169,43.5993],[-5.91199,43.59917],[-5.91287,43.59911],[-5.91327,43.59894],[-5.91343,43.5988],[-5.9136,43.59852],[-5.91365,43.59821],[-5.91318,43.59724],[-5.91311,43.59669],[-5.91321,43.59651],[-5.91399,43.59601],[-5.91443,43.59563],[-5.91517,43.59484],[-5.91537,43.59451],[-5.9155,43.59397],[-5.91543,43.59351],[-5.91516,43.59302],[-5.91485,43.59281],[-5.91469,43.59254],[-5.91423,43.59238],[-5.91322,43.59227],[-5.91287,43.59199],[-5.91282,43.59187],[-5.91296,43.59178],[-5.91394,43.59178],[-5.91417,43.59169],[-5.91425,43.59158],[-5.91424,43.59147],[-5.91379,43.59081],[-5.91399,43.591],[-5.91449,43.59093],[-5.91423,43.59002],[-5.9136,43.58985],[-5.91376,43.58975],[-5.91427,43.58964],[-5.91486,43.58941],[-5.91493,43.58933],[-5.91492,43.58926],[-5.91469,43.58905],[-5.91407,43.58917],[-5.91408,43.58928],[-5.91397,43.58937],[-5.91355,43.58933],[-5.91338,43.58942],[-5.91353,43.5887],[-5.91382,43.58837],[-5.91415,43.58822],[-5.91451,43.58787],[-5.91461,43.58786],[-5.91592,43.58845],[-5.91806,43.58686],[-5.91849,43.58631],[-5.91868,43.58568],[-5.91871,43.58522],[-5.91866,43.58496],[-5.91859,43.58472],[-5.91845,43.58449],[-5.91793,43.58428],[-5.91696,43.58407],[-5.91602,43.58371],[-5.91429,43.58402],[-5.9129,43.5837],[-5.91207,43.58369],[-5.91161,43.58339],[-5.90887,43.58334],[-5.90802,43.58354],[-5.90703,43.58428],[-5.90709,43.58507],[-5.9069,43.58508],[-5.90673,43.5841],[-5.9063,43.58385],[-5.90655,43.5839],[-5.90673,43.58388],[-5.90779,43.58236],[-5.90682,43.58193],[-5.90732,43.582],[-5.90798,43.58237],[-5.90794,43.58275],[-5.90806,43.58281],[-5.90875,43.58234],[-5.91498,43.58248],[-5.91514,43.58223],[-5.9157,43.58165],[-5.91649,43.58117],[-5.91725,43.58057],[-5.91806,43.57989],[-5.91817,43.57968],[-5.91831,43.5789],[-5.9189,43.57805],[-5.919,43.57771],[-5.91896,43.57702],[-5.91861,43.57622],[-5.91804,43.57511],[-5.91772,43.57487],[-5.91392,43.57538],[-5.91381,43.57504],[-5.91573,43.57451],[-5.9173,43.57391],[-5.91731,43.57359],[-5.91773,43.57305],[-5.91746,43.57217],[-5.91743,43.57179],[-5.91759,43.57141],[-5.91754,43.571],[-5.91656,43.57025],[-5.91626,43.57027],[-5.91598,43.57005],[-5.9156,43.57008],[-5.9137,43.57001],[-5.91141,43.57014],[-5.91132,43.57007],[-5.91313,43.56961],[-5.91539,43.56869],[-5.91564,43.56863],[-5.91568,43.56846],[-5.9168,43.56679],[-5.91685,43.56663],[-5.9167,43.56594],[-5.91725,43.56589],[-5.91692,43.56315],[-5.91696,43.5619],[-5.9154,43.55744],[-5.91835,43.55752],[-5.91844,43.55723],[-5.91887,43.55693],[-5.91834,43.55669],[-5.91629,43.55492],[-5.91546,43.55435],[-5.91462,43.55396],[-5.91214,43.55325],[-5.91118,43.55303],[-5.9095,43.55301],[-5.90021,43.55383],[-5.89924,43.554],[-5.89845,43.55429],[-5.8975,43.55478],[-5.89644,43.55523],[-5.89569,43.55541],[-5.89487,43.55553],[-5.89302,43.55556],[-5.88716,43.55518],[-5.88557,43.55506],[-5.88557,43.55483],[-5.89335,43.55536],[-5.8944,43.55538],[-5.89563,43.55515],[-5.89656,43.5549],[-5.89858,43.55396],[-5.89941,43.55371],[-5.89934,43.55358],[-5.90876,43.55275],[-5.90868,43.55266],[-5.90865,43.55252],[-5.90873,43.55251],[-5.90884,43.55258],[-5.90997,43.55256],[-5.91112,43.55262],[-5.91209,43.55275],[-5.91352,43.55313],[-5.9149,43.55365],[-5.91506,43.55349],[-5.91544,43.55363],[-5.91543,43.55379],[-5.91549,43.55391],[-5.91624,43.55429],[-5.91702,43.5545],[-5.91847,43.55558],[-5.92023,43.55768],[-5.91984,43.55738],[-5.92059,43.5585],[-5.92085,43.55899],[-5.92092,43.55897],[-5.92123,43.55967],[-5.92139,43.55954],[-5.92174,43.55943],[-5.92183,43.55955],[-5.92142,43.55971],[-5.92174,43.56051],[-5.92186,43.56135],[-5.92341,43.57384],[-5.92602,43.574],[-5.92605,43.57416],[-5.92629,43.57417],[-5.92632,43.57449],[-5.92615,43.57467],[-5.92361,43.57552],[-5.92386,43.57755],[-5.92404,43.57767],[-5.92671,43.57813],[-5.92682,43.57821],[-5.92718,43.58071],[-5.9288,43.58057],[-5.92904,43.58049],[-5.92987,43.58054],[-5.9303,43.58042],[-5.93031,43.58047],[-5.93036,43.58046],[-5.93036,43.58038],[-5.93066,43.57993],[-5.93126,43.57984],[-5.93259,43.58007],[-5.93354,43.58011],[-5.93405,43.58021],[-5.93459,43.58019],[-5.93519,43.58],[-5.93549,43.58001],[-5.93446,43.58031],[-5.93349,43.58023],[-5.93262,43.58023],[-5.93126,43.57995],[-5.93095,43.58],[-5.9308,43.58012],[-5.93061,43.58038],[-5.93044,43.58049],[-5.93007,43.58057],[-5.93002,43.58063],[-5.92976,43.5806],[-5.93036,43.58303],[-5.93048,43.58411],[-5.93131,43.58728],[-5.93127,43.58728],[-5.93124,43.58779],[-5.93131,43.58804],[-5.93126,43.5884],[-5.93156,43.58838],[-5.93163,43.58869],[-5.93185,43.59184],[-5.93746,43.59247],[-5.9386,43.59167],[-5.93909,43.59099],[-5.94152,43.59145],[-5.94145,43.59159],[-5.94139,43.59208],[-5.94178,43.59202],[-5.94268,43.592],[-5.94331,43.59188],[-5.94419,43.59185],[-5.94508,43.59208],[-5.94597,43.59209],[-5.94661,43.59264],[-5.94526,43.59505],[-5.94476,43.59507],[-5.94438,43.59496],[-5.9428,43.59476],[-5.94274,43.59485],[-5.94241,43.59483],[-5.94104,43.59508],[-5.94079,43.59504],[-5.94049,43.59509],[-5.93974,43.5955],[-5.93958,43.59567],[-5.93927,43.59571],[-5.93869,43.5952],[-5.93861,43.59508],[-5.93861,43.59487],[-5.9387,43.59457],[-5.9385,43.59443],[-5.93818,43.59431],[-5.93653,43.59411],[-5.93314,43.59454],[-5.93247,43.59451],[-5.93128,43.59425],[-5.92993,43.59364],[-5.92946,43.59331],[-5.92733,43.59282],[-5.92736,43.59272],[-5.92671,43.59258],[-5.92638,43.59257],[-5.9262,43.59249],[-5.92621,43.59244],[-5.92604,43.59239],[-5.92605,43.59233],[-5.92588,43.59233],[-5.92579,43.59222],[-5.92531,43.59241],[-5.9252,43.59239],[-5.92517,43.59251],[-5.92475,43.59244],[-5.92479,43.59232],[-5.92427,43.59223],[-5.9242,43.59238],[-5.92402,43.5924],[-5.92401,43.59251],[-5.92397,43.59251],[-5.9239,43.5924],[-5.92328,43.59239],[-5.92289,43.59227],[-5.92244,43.59195],[-5.92186,43.59168],[-5.92096,43.59151],[-5.91981,43.59157],[-5.91975,43.59174],[-5.92037,43.59222],[-5.92073,43.59229],[-5.92106,43.59224],[-5.92165,43.59253],[-5.92215,43.59447],[-5.92201,43.59471],[-5.92067,43.59544],[-5.91899,43.59587],[-5.91849,43.59619],[-5.91786,43.59633],[-5.91759,43.59622],[-5.91602,43.59629],[-5.91603,43.59606],[-5.91467,43.59558],[-5.91395,43.59619],[-5.91346,43.59647],[-5.91325,43.5967],[-5.91329,43.59712],[-5.91337,43.59737],[-5.91379,43.59816],[-5.91377,43.59843],[-5.91358,43.59878],[-5.91324,43.59907],[-5.91291,43.59919],[-5.91217,43.59922],[-5.91183,43.59932],[-5.91161,43.59947],[-5.91101,43.60014],[-5.91033,43.6005],[-5.90917,43.60092],[-5.90896,43.60097],[-5.90836,43.60099],[-5.90805,43.60106],[-5.90531,43.60246],[-5.90486,43.60245],[-5.90358,43.60261],[-5.90313,43.60271],[-5.90194,43.60281],[-5.90148,43.6032],[-5.90106,43.60332],[-5.9007,43.60327]]]},"properties":{"id":"physical-es-water-ES018MSPFES145MAT000060","name":"Estuario de Avilés","slug":"estuario-de-aviles","aliases":["Aviles Estuary","Ría De Avilés","Avilés"],"kind":"estuary","sourceId":"miteco-water-2027","geometryRole":"area","boundaryStatus":"reference","bbox":[-5.94661,43.55251,-5.88557,43.60332],"center":[-5.9160900000000005,43.577915],"referenceYear":2023,"geometryNote":"Superficie de la masa de agua de transición del plan hidrológico 2022–2027. No delimita todo el paisaje de la ría ni sus terrenos ribereños.","sourceCode":"ES018MSPFES145MAT000060","sourceDate":"2023-09-25"}},{"type":"Feature","id":"physical-es-water-ES018MSPFES087MAT000160","geometry":{"type":"Polygon","coordinates":[[[-3.78875,43.42875],[-3.78867,43.4286],[-3.78853,43.42865],[-3.78849,43.42859],[-3.78825,43.42852],[-3.78815,43.42842],[-3.78808,43.42843],[-3.78765,43.42818],[-3.78708,43.4277],[-3.78627,43.42732],[-3.78609,43.42705],[-3.78581,43.42683],[-3.7856,43.42674],[-3.78546,43.4268],[-3.78513,43.42671],[-3.7848,43.42644],[-3.78466,43.42638],[-3.78437,43.42587],[-3.78411,43.4256],[-3.78361,43.42549],[-3.78308,43.42544],[-3.7825,43.42519],[-3.78239,43.42503],[-3.78189,43.42487],[-3.78159,43.42483],[-3.78062,43.42486],[-3.78026,43.42465],[-3.77986,43.42458],[-3.77973,43.42466],[-3.77929,43.42441],[-3.77924,43.42435],[-3.77926,43.42426],[-3.77937,43.42419],[-3.77913,43.42391],[-3.77913,43.42363],[-3.77907,43.42342],[-3.77908,43.423],[-3.7788,43.42262],[-3.77878,43.42244],[-3.77884,43.42224],[-3.77881,43.42208],[-3.77905,43.42155],[-3.77903,43.4214],[-3.7791,43.42108],[-3.77924,43.42095],[-3.77942,43.42087],[-3.77963,43.421],[-3.78004,43.42085],[-3.78077,43.42085],[-3.78103,43.42105],[-3.78104,43.42087],[-3.78119,43.42053],[-3.7811,43.42051],[-3.78106,43.42045],[-3.78127,43.42036],[-3.78316,43.42099],[-3.78351,43.42066],[-3.78375,43.42015],[-3.78408,43.41978],[-3.78408,43.4197],[-3.78508,43.41964],[-3.78586,43.41938],[-3.78588,43.4193],[-3.78635,43.41915],[-3.78655,43.41921],[-3.78662,43.41929],[-3.78639,43.41946],[-3.78586,43.41949],[-3.78567,43.41958],[-3.78677,43.41958],[-3.78687,43.41967],[-3.78697,43.41968],[-3.78736,43.42019],[-3.78756,43.42017],[-3.78742,43.41994],[-3.78756,43.41984],[-3.78833,43.41949],[-3.78895,43.4193],[-3.78931,43.41901],[-3.7902,43.41884],[-3.79101,43.41861],[-3.79162,43.41826],[-3.7917,43.41826],[-3.79217,43.41954],[-3.7922,43.41975],[-3.79242,43.41981],[-3.79248,43.41958],[-3.79231,43.41952],[-3.7919,43.41838],[-3.79274,43.41803],[-3.79301,43.41785],[-3.7931,43.41797],[-3.79308,43.41823],[-3.79316,43.41844],[-3.79411,43.41839],[-3.79459,43.41859],[-3.79479,43.41855],[-3.79504,43.41859],[-3.7952,43.41834],[-3.79534,43.41824],[-3.79526,43.41814],[-3.79495,43.4181],[-3.79458,43.41812],[-3.79405,43.41804],[-3.79394,43.41778],[-3.79416,43.41776],[-3.79447,43.41786],[-3.79494,43.41757],[-3.79494,43.41732],[-3.79485,43.41712],[-3.79549,43.41671],[-3.79598,43.41603],[-3.79612,43.41578],[-3.79619,43.41553],[-3.79825,43.41465],[-3.79898,43.41439],[-3.79933,43.41439],[-3.79964,43.41431],[-3.79985,43.41408],[-3.79988,43.4138],[-3.79963,43.4135],[-3.79907,43.41314],[-3.7984,43.41306],[-3.79821,43.41292],[-3.79813,43.41275],[-3.79796,43.41267],[-3.79719,43.41263],[-3.79699,43.41254],[-3.79676,43.41254],[-3.7965,43.41244],[-3.79622,43.4124],[-3.79707,43.41212],[-3.79739,43.41197],[-3.79778,43.4119],[-3.79789,43.41184],[-3.79839,43.41183],[-3.79864,43.41176],[-3.7989,43.4116],[-3.79906,43.41162],[-3.79927,43.41154],[-3.79946,43.41158],[-3.7994,43.41152],[-3.79958,43.41136],[-3.79978,43.41126],[-3.80016,43.4113],[-3.80021,43.41134],[-3.8002,43.4114],[-3.80026,43.41131],[-3.8007,43.41113],[-3.80097,43.41109],[-3.8014,43.41126],[-3.80159,43.41128],[-3.80155,43.41119],[-3.8012,43.41112],[-3.80108,43.41096],[-3.8012,43.41094],[-3.80178,43.41097],[-3.80185,43.41139],[-3.80262,43.41177],[-3.80292,43.41186],[-3.8029,43.41193],[-3.80309,43.41211],[-3.80328,43.41263],[-3.80338,43.41273],[-3.80347,43.41293],[-3.80358,43.41296],[-3.80362,43.41303],[-3.80357,43.41324],[-3.80342,43.41337],[-3.80339,43.41355],[-3.80298,43.41399],[-3.80303,43.41407],[-3.80296,43.41421],[-3.8028,43.4143],[-3.80278,43.41494],[-3.80254,43.41496],[-3.80241,43.41489],[-3.80245,43.41513],[-3.80263,43.41541],[-3.80309,43.41572],[-3.8039,43.41612],[-3.80408,43.41652],[-3.80457,43.41685],[-3.80506,43.41695],[-3.80559,43.41713],[-3.80604,43.41712],[-3.80643,43.41727],[-3.80678,43.41727],[-3.80695,43.41714],[-3.8072,43.41709],[-3.80748,43.4171],[-3.8076,43.41704],[-3.8075,43.41684],[-3.80763,43.41621],[-3.80766,43.41568],[-3.80774,43.41549],[-3.80756,43.41545],[-3.8072,43.41518],[-3.8068,43.41505],[-3.80666,43.41493],[-3.80644,43.41457],[-3.80635,43.41429],[-3.80611,43.41416],[-3.80507,43.41385],[-3.80439,43.41379],[-3.80393,43.41366],[-3.80389,43.41361],[-3.804,43.4132],[-3.80412,43.41317],[-3.80449,43.41327],[-3.80483,43.41329],[-3.80521,43.41314],[-3.80519,43.41318],[-3.80527,43.41322],[-3.80539,43.41321],[-3.80561,43.41347],[-3.80569,43.41347],[-3.80574,43.41343],[-3.80576,43.4133],[-3.80586,43.41328],[-3.80594,43.41317],[-3.80617,43.41321],[-3.80634,43.4131],[-3.80662,43.41312],[-3.80697,43.41273],[-3.80716,43.41269],[-3.80779,43.41235],[-3.80798,43.41212],[-3.80809,43.41189],[-3.8081,43.41175],[-3.80829,43.41133],[-3.80843,43.41084],[-3.8082,43.41055],[-3.80822,43.41041],[-3.80859,43.41032],[-3.80858,43.41017],[-3.80885,43.4101],[-3.80897,43.40953],[-3.80913,43.40954],[-3.80919,43.40943],[-3.80905,43.40916],[-3.80891,43.40903],[-3.80882,43.40904],[-3.80865,43.40894],[-3.80868,43.40883],[-3.80888,43.40878],[-3.80893,43.40867],[-3.80891,43.40831],[-3.80901,43.40826],[-3.80935,43.40778],[-3.80956,43.4077],[-3.80966,43.40737],[-3.80987,43.40724],[-3.80997,43.40707],[-3.81011,43.40697],[-3.81004,43.40692],[-3.81004,43.40685],[-3.81022,43.40659],[-3.8106,43.40634],[-3.81073,43.40632],[-3.81094,43.40612],[-3.81108,43.40613],[-3.8113,43.40602],[-3.81135,43.40587],[-3.81146,43.40584],[-3.81153,43.4056],[-3.81161,43.40551],[-3.81225,43.40527],[-3.81244,43.40491],[-3.81259,43.40474],[-3.81271,43.40472],[-3.8128,43.40464],[-3.81363,43.40448],[-3.81365,43.40443],[-3.81348,43.4044],[-3.81355,43.4042],[-3.81368,43.40402],[-3.81341,43.40391],[-3.81352,43.40332],[-3.81353,43.40296],[-3.812,43.401],[-3.81193,43.40081],[-3.81174,43.40056],[-3.81173,43.40037],[-3.81149,43.39988],[-3.81057,43.39833],[-3.80997,43.39747],[-3.80938,43.39699],[-3.80896,43.39678],[-3.80786,43.39642],[-3.80718,43.39632],[-3.80679,43.39632],[-3.80588,43.39646],[-3.80478,43.39686],[-3.80315,43.39876],[-3.80235,43.39948],[-3.80201,43.39971],[-3.8013,43.40008],[-3.80045,43.40047],[-3.79886,43.40082],[-3.79687,43.40113],[-3.79643,43.40111],[-3.79577,43.401],[-3.79535,43.40085],[-3.79428,43.40034],[-3.79361,43.40013],[-3.79115,43.40001],[-3.78961,43.40001],[-3.78862,43.40008],[-3.78793,43.40023],[-3.7877,43.40035],[-3.78754,43.40051],[-3.78681,43.40069],[-3.78607,43.40099],[-3.7852,43.40168],[-3.78505,43.40175],[-3.78489,43.40194],[-3.78376,43.40282],[-3.78343,43.40301],[-3.78305,43.40315],[-3.78252,43.40357],[-3.78227,43.4037],[-3.78197,43.40384],[-3.78077,43.40406],[-3.78065,43.40416],[-3.77981,43.40437],[-3.77977,43.40446],[-3.7799,43.40478],[-3.77981,43.40497],[-3.77861,43.40488],[-3.77807,43.40495],[-3.77625,43.4049],[-3.77535,43.40494],[-3.77384,43.40542],[-3.77298,43.40589],[-3.7726,43.40637],[-3.77212,43.40664],[-3.77136,43.40692],[-3.77058,43.40731],[-3.77023,43.40737],[-3.76886,43.40736],[-3.7685,43.40719],[-3.76823,43.40684],[-3.7682,43.40659],[-3.76808,43.40638],[-3.76828,43.40613],[-3.76857,43.40634],[-3.76872,43.40656],[-3.76888,43.40666],[-3.76891,43.40687],[-3.76905,43.40701],[-3.76928,43.40703],[-3.76956,43.40695],[-3.77016,43.40697],[-3.77042,43.40689],[-3.77063,43.40676],[-3.77119,43.40617],[-3.77182,43.40577],[-3.77232,43.40528],[-3.77271,43.40508],[-3.77332,43.40453],[-3.77359,43.40445],[-3.77415,43.40395],[-3.77478,43.40362],[-3.77576,43.40343],[-3.77657,43.40362],[-3.77692,43.40363],[-3.77719,43.4035],[-3.77759,43.40356],[-3.77807,43.40332],[-3.77844,43.40299],[-3.77901,43.40275],[-3.77919,43.40247],[-3.77942,43.40248],[-3.77983,43.40227],[-3.78075,43.40203],[-3.78117,43.4021],[-3.78199,43.40192],[-3.78422,43.40024],[-3.78496,43.39981],[-3.78536,43.39952],[-3.7859,43.39924],[-3.78639,43.39906],[-3.78767,43.39873],[-3.78895,43.3986],[-3.79404,43.3985],[-3.79611,43.3986],[-3.79788,43.39859],[-3.79901,43.39851],[-3.79977,43.39837],[-3.80056,43.39808],[-3.80129,43.39774],[-3.80199,43.39726],[-3.80265,43.39743],[-3.80307,43.3971],[-3.80325,43.39677],[-3.804,43.39594],[-3.80483,43.39521],[-3.80685,43.39485],[-3.80713,43.39488],[-3.80722,43.39484],[-3.80746,43.39469],[-3.8075,43.39461],[-3.80796,43.39433],[-3.80826,43.39401],[-3.80889,43.39354],[-3.80991,43.39293],[-3.81117,43.39231],[-3.81131,43.39221],[-3.81125,43.39203],[-3.81156,43.39195],[-3.81158,43.39206],[-3.81174,43.39219],[-3.81377,43.39184],[-3.81493,43.39179],[-3.81547,43.39164],[-3.81538,43.39108],[-3.81549,43.39102],[-3.81565,43.3911],[-3.81563,43.39157],[-3.81572,43.39166],[-3.81652,43.39162],[-3.81768,43.3918],[-3.81843,43.39198],[-3.8191,43.39228],[-3.81969,43.39245],[-3.82003,43.39246],[-3.82083,43.39233],[-3.82133,43.39236],[-3.82152,43.39231],[-3.82152,43.39219],[-3.82114,43.39131],[-3.82114,43.39105],[-3.82121,43.39093],[-3.8216,43.3907],[-3.82193,43.39065],[-3.82289,43.39086],[-3.82301,43.39072],[-3.8229,43.39051],[-3.82293,43.39033],[-3.82301,43.39021],[-3.82329,43.38991],[-3.82364,43.38987],[-3.82371,43.38998],[-3.82348,43.39008],[-3.82321,43.39042],[-3.82312,43.39066],[-3.82315,43.39078],[-3.82309,43.39108],[-3.82274,43.39123],[-3.8226,43.39124],[-3.82206,43.39106],[-3.82175,43.39115],[-3.82171,43.39123],[-3.82173,43.39157],[-3.82195,43.39209],[-3.82178,43.39292],[-3.82301,43.39288],[-3.8244,43.39304],[-3.82466,43.39319],[-3.8255,43.3932],[-3.82666,43.39343],[-3.82769,43.39341],[-3.82903,43.39324],[-3.82909,43.39319],[-3.82917,43.39324],[-3.83005,43.39324],[-3.8302,43.3933],[-3.83076,43.39333],[-3.83092,43.3934],[-3.83091,43.39343],[-3.83138,43.39351],[-3.83165,43.39363],[-3.83182,43.39362],[-3.83222,43.39382],[-3.8338,43.39424],[-3.83431,43.39424],[-3.83543,43.39398],[-3.83674,43.39313],[-3.83705,43.39298],[-3.83715,43.39276],[-3.83824,43.39194],[-3.83937,43.39122],[-3.84003,43.39064],[-3.8401,43.3905],[-3.84039,43.39038],[-3.8408,43.38999],[-3.84096,43.38992],[-3.84157,43.38946],[-3.84161,43.38948],[-3.84237,43.3891],[-3.84234,43.38906],[-3.84242,43.38896],[-3.84286,43.38895],[-3.84294,43.38898],[-3.84297,43.38903],[-3.84294,43.38908],[-3.84315,43.38918],[-3.84341,43.38913],[-3.84365,43.38931],[-3.84405,43.38934],[-3.8453,43.38986],[-3.84561,43.38984],[-3.84588,43.38972],[-3.84672,43.38848],[-3.84685,43.3884],[-3.84707,43.38809],[-3.84753,43.38762],[-3.84824,43.38711],[-3.84828,43.38704],[-3.8482,43.38697],[-3.84837,43.38671],[-3.84874,43.38658],[-3.84895,43.38657],[-3.84887,43.38644],[-3.84885,43.38624],[-3.84897,43.38598],[-3.84896,43.38583],[-3.84962,43.38541],[-3.84978,43.38536],[-3.84992,43.38538],[-3.85029,43.38507],[-3.85115,43.38421],[-3.85188,43.38391],[-3.85225,43.38391],[-3.85234,43.38395],[-3.85252,43.3839],[-3.85338,43.3834],[-3.85414,43.38264],[-3.85473,43.38195],[-3.85511,43.38129],[-3.85527,43.38074],[-3.85524,43.38033],[-3.85535,43.37969],[-3.85572,43.37894],[-3.85589,43.37869],[-3.85638,43.37829],[-3.85649,43.37835],[-3.85596,43.37886],[-3.85572,43.37927],[-3.85563,43.37982],[-3.85561,43.38095],[-3.85544,43.38166],[-3.85477,43.38266],[-3.85409,43.38343],[-3.85072,43.38597],[-3.84734,43.38924],[-3.84647,43.38998],[-3.84619,43.39016],[-3.84516,43.39063],[-3.84493,43.39078],[-3.84483,43.39078],[-3.84433,43.39097],[-3.84386,43.39105],[-3.84388,43.391],[-3.84414,43.39088],[-3.84427,43.39088],[-3.84423,43.39085],[-3.84434,43.39055],[-3.84432,43.39031],[-3.8442,43.39017],[-3.84376,43.38988],[-3.84366,43.38975],[-3.84315,43.38958],[-3.84305,43.38944],[-3.84288,43.38943],[-3.84263,43.38946],[-3.8417,43.38984],[-3.84108,43.39035],[-3.84039,43.39107],[-3.83991,43.392],[-3.83961,43.39224],[-3.83893,43.39261],[-3.83721,43.39382],[-3.83639,43.39428],[-3.83589,43.39464],[-3.8356,43.39476],[-3.83545,43.3949],[-3.83518,43.39501],[-3.83469,43.39503],[-3.83458,43.39498],[-3.83337,43.39492],[-3.83141,43.39458],[-3.83011,43.39425],[-3.82945,43.39417],[-3.82887,43.3942],[-3.82825,43.39438],[-3.8273,43.39449],[-3.82684,43.39467],[-3.82648,43.39457],[-3.82506,43.39447],[-3.82426,43.39429],[-3.82236,43.39404],[-3.82171,43.39383],[-3.82121,43.39384],[-3.8208,43.39374],[-3.81992,43.39371],[-3.81867,43.39343],[-3.81744,43.39309],[-3.81685,43.39308],[-3.81581,43.39295],[-3.81513,43.3928],[-3.81389,43.3928],[-3.81301,43.39292],[-3.81268,43.39279],[-3.81182,43.3929],[-3.81076,43.39329],[-3.81038,43.39366],[-3.80965,43.39469],[-3.8099,43.39497],[-3.81055,43.39535],[-3.81076,43.39558],[-3.81211,43.39627],[-3.81328,43.39706],[-3.81342,43.39723],[-3.81335,43.3978],[-3.81366,43.39857],[-3.81376,43.39908],[-3.81411,43.39924],[-3.81473,43.39918],[-3.815,43.39932],[-3.81606,43.40132],[-3.81599,43.40207],[-3.81613,43.40231],[-3.81574,43.40234],[-3.81546,43.40277],[-3.81552,43.40279],[-3.81574,43.40242],[-3.81615,43.40238],[-3.81643,43.40267],[-3.81642,43.40272],[-3.81624,43.40279],[-3.81629,43.40288],[-3.81589,43.403],[-3.81598,43.40326],[-3.81606,43.40327],[-3.81613,43.40338],[-3.81606,43.40342],[-3.81646,43.40405],[-3.81698,43.40402],[-3.81705,43.40418],[-3.81661,43.40433],[-3.81663,43.40442],[-3.8167,43.40438],[-3.81705,43.40495],[-3.81836,43.40458],[-3.81847,43.40486],[-3.81661,43.40543],[-3.81662,43.40553],[-3.81807,43.40511],[-3.81816,43.40525],[-3.81769,43.40563],[-3.81759,43.40579],[-3.81692,43.40592],[-3.81684,43.4059],[-3.81686,43.40601],[-3.81762,43.40585],[-3.81762,43.40589],[-3.81827,43.40616],[-3.81737,43.40749],[-3.81748,43.40753],[-3.8176,43.40743],[-3.81859,43.40613],[-3.81891,43.40626],[-3.81892,43.40635],[-3.81907,43.40634],[-3.81942,43.40645],[-3.81913,43.40678],[-3.81922,43.40689],[-3.8193,43.40687],[-3.81969,43.40774],[-3.81991,43.40813],[-3.82018,43.40845],[-3.82042,43.40892],[-3.8206,43.40936],[-3.82119,43.41191],[-3.82149,43.41227],[-3.82182,43.41233],[-3.8223,43.41219],[-3.82375,43.41157],[-3.8246,43.41104],[-3.82523,43.41072],[-3.82574,43.41034],[-3.8259,43.41016],[-3.82596,43.41016],[-3.82623,43.40966],[-3.82603,43.4093],[-3.82593,43.40923],[-3.82582,43.40879],[-3.82546,43.40859],[-3.82517,43.40849],[-3.82499,43.40851],[-3.82481,43.40862],[-3.8243,43.40849],[-3.82401,43.40848],[-3.82392,43.40857],[-3.82383,43.40852],[-3.8239,43.4084],[-3.82383,43.40833],[-3.82373,43.40832],[-3.82356,43.40842],[-3.8228,43.40831],[-3.8228,43.40815],[-3.82296,43.40807],[-3.82315,43.40805],[-3.82296,43.40791],[-3.82286,43.40797],[-3.82281,43.40785],[-3.82293,43.40776],[-3.82282,43.4077],[-3.82261,43.40787],[-3.82252,43.40784],[-3.82253,43.40775],[-3.82288,43.4075],[-3.82291,43.40739],[-3.82279,43.40736],[-3.82298,43.40729],[-3.82303,43.40712],[-3.82326,43.4071],[-3.82327,43.4068],[-3.82346,43.40653],[-3.82405,43.40629],[-3.82488,43.40643],[-3.82534,43.40666],[-3.82564,43.40668],[-3.82659,43.40704],[-3.82697,43.40725],[-3.82749,43.40742],[-3.82798,43.40682],[-3.82417,43.40526],[-3.82426,43.40523],[-3.8243,43.40514],[-3.82439,43.40509],[-3.82452,43.40466],[-3.82427,43.40439],[-3.82418,43.40415],[-3.8242,43.40407],[-3.82407,43.40394],[-3.82394,43.40395],[-3.82432,43.40374],[-3.82506,43.40392],[-3.82498,43.40369],[-3.82485,43.40362],[-3.82481,43.40354],[-3.82485,43.40344],[-3.82541,43.40309],[-3.82596,43.40239],[-3.82604,43.40214],[-3.82612,43.40206],[-3.82643,43.40223],[-3.82665,43.40275],[-3.82726,43.40344],[-3.82818,43.40362],[-3.82915,43.4039],[-3.82941,43.40405],[-3.82979,43.40412],[-3.83049,43.40404],[-3.83064,43.40415],[-3.83079,43.4044],[-3.83119,43.40477],[-3.83123,43.40533],[-3.83138,43.4056],[-3.83187,43.40607],[-3.83211,43.4061],[-3.83262,43.40606],[-3.83461,43.4062],[-3.83545,43.40644],[-3.8358,43.40672],[-3.83632,43.40727],[-3.83686,43.40825],[-3.83772,43.40999],[-3.83794,43.41028],[-3.83848,43.41059],[-3.83942,43.41097],[-3.83973,43.41118],[-3.84033,43.41191],[-3.84078,43.41273],[-3.84154,43.41316],[-3.84169,43.41318],[-3.84216,43.41304],[-3.84403,43.4122],[-3.8444,43.41222],[-3.84495,43.41235],[-3.84521,43.41248],[-3.84597,43.41273],[-3.84621,43.41289],[-3.84693,43.41355],[-3.84742,43.41375],[-3.84833,43.41357],[-3.84864,43.41344],[-3.84897,43.41325],[-3.8496,43.41269],[-3.85052,43.41225],[-3.85124,43.41223],[-3.85123,43.41245],[-3.85056,43.4125],[-3.8502,43.41262],[-3.84999,43.41272],[-3.8489,43.41352],[-3.84859,43.41365],[-3.84773,43.41388],[-3.84742,43.41392],[-3.84687,43.41382],[-3.84655,43.41358],[-3.84605,43.41301],[-3.84436,43.4124],[-3.8441,43.41241],[-3.84375,43.4125],[-3.84207,43.41318],[-3.84154,43.4133],[-3.84138,43.41326],[-3.84053,43.41277],[-3.84023,43.41197],[-3.83932,43.4111],[-3.83834,43.41067],[-3.83774,43.41031],[-3.83742,43.41029],[-3.83725,43.4102],[-3.83701,43.41027],[-3.83692,43.41042],[-3.83672,43.41035],[-3.83611,43.40971],[-3.83536,43.40872],[-3.83501,43.40772],[-3.83454,43.40755],[-3.83376,43.40739],[-3.83273,43.40747],[-3.83154,43.40745],[-3.83112,43.40735],[-3.83023,43.40704],[-3.82999,43.40699],[-3.82953,43.40701],[-3.82916,43.40736],[-3.82897,43.40806],[-3.82867,43.41068],[-3.82825,43.41163],[-3.82777,43.41237],[-3.8271,43.41299],[-3.82584,43.41355],[-3.82468,43.41367],[-3.82291,43.41376],[-3.82273,43.4139],[-3.82232,43.41365],[-3.82158,43.41368],[-3.82158,43.41374],[-3.82182,43.41395],[-3.82097,43.41434],[-3.82025,43.41455],[-3.82006,43.41453],[-3.81983,43.41421],[-3.8188,43.41413],[-3.81875,43.41403],[-3.8172,43.41385],[-3.81713,43.41426],[-3.81661,43.41459],[-3.81427,43.41537],[-3.8146,43.41612],[-3.81456,43.41614],[-3.81418,43.41592],[-3.81435,43.4163],[-3.81377,43.41627],[-3.80923,43.42022],[-3.81045,43.42106],[-3.81024,43.42117],[-3.81042,43.42128],[-3.81011,43.42158],[-3.80882,43.4207],[-3.80812,43.42135],[-3.80699,43.42158],[-3.80579,43.42174],[-3.80433,43.4246],[-3.80404,43.42563],[-3.79122,43.43227],[-3.79112,43.43214],[-3.79079,43.43198],[-3.79058,43.43172],[-3.79062,43.43133],[-3.79045,43.43113],[-3.79052,43.43105],[-3.79049,43.43085],[-3.7906,43.43071],[-3.79054,43.43041],[-3.79006,43.43009],[-3.78998,43.42989],[-3.7898,43.42969],[-3.7895,43.4296],[-3.78925,43.42924],[-3.78874,43.42907],[-3.78866,43.42886],[-3.78875,43.42882],[-3.78875,43.42875]]]},"properties":{"id":"physical-es-water-ES018MSPFES087MAT000160","name":"Bahía de Santander-Interior","slug":"bahia-de-santander-interior","aliases":["Santander-Inland Bay"],"kind":"bay","sourceId":"miteco-water-2027","geometryRole":"area","boundaryStatus":"reference","bbox":[-3.85649,43.37829,-3.76808,43.43227],"center":[-3.812285,43.405280000000005],"referenceYear":2023,"geometryNote":"Superficie de la masa de agua de transición del plan hidrológico 2022–2027. No delimita todo el paisaje de la ría ni sus terrenos ribereños.","sourceCode":"ES018MSPFES087MAT000160","sourceDate":"2023-09-25"}},{"type":"Feature","id":"physical-es-water-ES018MSPFES118MAT000100","geometry":{"type":"Polygon","coordinates":[[[-4.48478,43.36914],[-4.48424,43.36869],[-4.48387,43.36849],[-4.48298,43.36819],[-4.48273,43.36792],[-4.4828,43.36781],[-4.48264,43.36761],[-4.48254,43.36738],[-4.48243,43.36731],[-4.48242,43.36716],[-4.48212,43.36677],[-4.4823,43.36666],[-4.48266,43.36665],[-4.48269,43.36657],[-4.48326,43.36629],[-4.48372,43.36613],[-4.48386,43.36599],[-4.48406,43.36589],[-4.48499,43.36553],[-4.48633,43.36537],[-4.48943,43.36517],[-4.48947,43.36549],[-4.48871,43.36548],[-4.48777,43.36561],[-4.48705,43.36565],[-4.48659,43.36582],[-4.48572,43.3659],[-4.48461,43.36616],[-4.48426,43.36635],[-4.48378,43.36653],[-4.48323,43.36686],[-4.48282,43.36721],[-4.4828,43.36733],[-4.48313,43.36759],[-4.48321,43.36782],[-4.48344,43.36805],[-4.48358,43.36812],[-4.48384,43.36815],[-4.48483,43.36843],[-4.48505,43.36854],[-4.48521,43.36885],[-4.48525,43.36931],[-4.4852,43.36963],[-4.48497,43.37007],[-4.48456,43.37052],[-4.48427,43.37075],[-4.48434,43.37082],[-4.48407,43.37105],[-4.48348,43.37138],[-4.48258,43.37163],[-4.48243,43.37161],[-4.48217,43.3717],[-4.4817,43.3717],[-4.48165,43.37176],[-4.48158,43.3717],[-4.48134,43.37175],[-4.48103,43.37189],[-4.48063,43.37194],[-4.48032,43.37208],[-4.47993,43.37191],[-4.47963,43.37167],[-4.47944,43.37167],[-4.4792,43.37183],[-4.47907,43.37185],[-4.47893,43.37184],[-4.47867,43.3717],[-4.47834,43.37166],[-4.47696,43.37165],[-4.47665,43.37187],[-4.47642,43.37197],[-4.47599,43.37212],[-4.47574,43.37215],[-4.47486,43.37247],[-4.47451,43.37268],[-4.47433,43.37289],[-4.47446,43.37305],[-4.47467,43.37309],[-4.47471,43.37319],[-4.47462,43.37357],[-4.47468,43.37367],[-4.47481,43.37369],[-4.47555,43.37372],[-4.47595,43.3736],[-4.47641,43.37361],[-4.47647,43.37356],[-4.47715,43.37363],[-4.47785,43.37344],[-4.47808,43.37345],[-4.47836,43.37338],[-4.47843,43.37331],[-4.47873,43.37336],[-4.47903,43.37328],[-4.47912,43.3734],[-4.47938,43.37357],[-4.47941,43.37375],[-4.47935,43.37385],[-4.4796,43.37402],[-4.47964,43.37429],[-4.47972,43.37446],[-4.47968,43.37458],[-4.47982,43.37486],[-4.4798,43.37501],[-4.47986,43.37509],[-4.47985,43.37521],[-4.47972,43.37539],[-4.4798,43.37567],[-4.4798,43.37575],[-4.47973,43.37582],[-4.47979,43.37594],[-4.4798,43.37638],[-4.47984,43.37643],[-4.47981,43.37647],[-4.47989,43.37657],[-4.47993,43.37677],[-4.47986,43.37685],[-4.47986,43.37702],[-4.48007,43.37712],[-4.48025,43.37714],[-4.48042,43.37725],[-4.48029,43.37735],[-4.48043,43.37777],[-4.48083,43.37806],[-4.48091,43.37825],[-4.48085,43.37841],[-4.48086,43.37876],[-4.48066,43.37883],[-4.48043,43.37904],[-4.48029,43.3793],[-4.48029,43.37945],[-4.48047,43.3797],[-4.48048,43.37986],[-4.48025,43.3803],[-4.47962,43.381],[-4.47915,43.38141],[-4.47878,43.38191],[-4.47865,43.38221],[-4.4784,43.38245],[-4.47818,43.38256],[-4.47805,43.38276],[-4.47795,43.38283],[-4.47786,43.38318],[-4.4777,43.38342],[-4.47648,43.38444],[-4.4762,43.38479],[-4.47601,43.3849],[-4.47581,43.38493],[-4.47579,43.38497],[-4.47589,43.38503],[-4.47563,43.38504],[-4.47554,43.38514],[-4.47546,43.38515],[-4.47542,43.38525],[-4.47513,43.38533],[-4.47492,43.3855],[-4.47478,43.3855],[-4.47482,43.38553],[-4.47473,43.3856],[-4.47462,43.38559],[-4.47453,43.3857],[-4.47441,43.38568],[-4.47421,43.38586],[-4.47412,43.3859],[-4.47405,43.38587],[-4.47402,43.38596],[-4.47383,43.38603],[-4.47372,43.3862],[-4.47381,43.38627],[-4.47358,43.38639],[-4.47324,43.38686],[-4.47308,43.38697],[-4.47326,43.38721],[-4.47337,43.38728],[-4.47347,43.3875],[-4.47376,43.38755],[-4.47375,43.38764],[-4.47353,43.38788],[-4.47393,43.38795],[-4.47396,43.38798],[-4.47387,43.38807],[-4.47387,43.38816],[-4.47394,43.38818],[-4.47389,43.38822],[-4.47414,43.38828],[-4.47411,43.38844],[-4.47431,43.38849],[-4.47431,43.3886],[-4.47421,43.3888],[-4.47428,43.3889],[-4.47425,43.38902],[-4.47439,43.38911],[-4.47453,43.38908],[-4.47461,43.38914],[-4.47448,43.38923],[-4.47445,43.38929],[-4.47449,43.38933],[-4.47439,43.38939],[-4.47441,43.38947],[-4.47433,43.38957],[-4.47407,43.38973],[-4.47379,43.38983],[-4.4737,43.38992],[-4.47336,43.39002],[-4.473,43.39004],[-4.473,43.39015],[-4.47306,43.39015],[-4.47297,43.39028],[-4.47285,43.39036],[-4.47269,43.39036],[-4.47257,43.39043],[-4.47262,43.39057],[-4.47268,43.3906],[-4.47265,43.39071],[-4.47286,43.39075],[-4.47304,43.39067],[-4.47317,43.39075],[-4.47311,43.39097],[-4.47299,43.39104],[-4.47279,43.39102],[-4.47274,43.3912],[-4.47279,43.39131],[-4.47287,43.39134],[-4.47283,43.3914],[-4.47294,43.39149],[-4.47283,43.39163],[-4.47286,43.39171],[-4.47299,43.39172],[-4.47298,43.39187],[-4.4731,43.39185],[-4.47296,43.39196],[-4.47296,43.39201],[-4.47339,43.39214],[-4.47336,43.39222],[-4.47326,43.39223],[-4.47317,43.39215],[-4.47296,43.39221],[-4.47292,43.39242],[-4.47296,43.39257],[-4.47323,43.39268],[-4.47362,43.39263],[-4.47376,43.39254],[-4.47379,43.39257],[-4.47371,43.39267],[-4.47352,43.39267],[-4.47337,43.39279],[-4.47322,43.39281],[-4.47319,43.39287],[-4.47325,43.39295],[-4.47338,43.39299],[-4.47369,43.39298],[-4.47348,43.39307],[-4.47367,43.39311],[-4.47375,43.39323],[-4.47406,43.39325],[-4.47411,43.39333],[-4.47425,43.39336],[-4.47381,43.39357],[-4.47327,43.39359],[-4.47311,43.39365],[-4.47266,43.39399],[-4.47269,43.39419],[-4.47246,43.39419],[-4.47229,43.39438],[-4.46872,43.39267],[-4.46844,43.39229],[-4.46815,43.39161],[-4.4683,43.39162],[-4.46839,43.39157],[-4.4684,43.39142],[-4.46854,43.3914],[-4.46894,43.3914],[-4.46934,43.39148],[-4.46947,43.39144],[-4.46949,43.39135],[-4.46953,43.39136],[-4.46958,43.39129],[-4.46956,43.39115],[-4.46982,43.39112],[-4.46999,43.39101],[-4.47004,43.39083],[-4.46996,43.39082],[-4.47001,43.39077],[-4.47,43.39065],[-4.47006,43.39062],[-4.47003,43.39055],[-4.47029,43.39063],[-4.47052,43.39063],[-4.4705,43.39051],[-4.47044,43.3905],[-4.47044,43.39045],[-4.47063,43.39036],[-4.4708,43.39016],[-4.47063,43.3901],[-4.47072,43.39],[-4.47044,43.38998],[-4.47038,43.38991],[-4.47036,43.38977],[-4.4705,43.38964],[-4.47087,43.38954],[-4.47103,43.38942],[-4.47108,43.38945],[-4.47126,43.38938],[-4.47126,43.38931],[-4.4715,43.38927],[-4.47169,43.38911],[-4.4719,43.3891],[-4.47187,43.38912],[-4.47193,43.38917],[-4.47254,43.38914],[-4.47242,43.38911],[-4.47236,43.38905],[-4.47237,43.38897],[-4.47201,43.38892],[-4.47171,43.38872],[-4.47147,43.38868],[-4.47145,43.38862],[-4.47118,43.38848],[-4.47123,43.38838],[-4.47111,43.38837],[-4.47102,43.38824],[-4.47109,43.38816],[-4.47107,43.38811],[-4.47083,43.38798],[-4.47074,43.38785],[-4.47093,43.38773],[-4.47082,43.38753],[-4.47084,43.38742],[-4.47075,43.38743],[-4.47088,43.38735],[-4.47071,43.3871],[-4.47017,43.38687],[-4.46987,43.38681],[-4.46966,43.38672],[-4.46951,43.38659],[-4.4693,43.38656],[-4.4693,43.38646],[-4.4691,43.38637],[-4.46911,43.38626],[-4.46897,43.3861],[-4.469,43.38602],[-4.46856,43.38531],[-4.46856,43.38491],[-4.46878,43.38465],[-4.46889,43.38458],[-4.46895,43.38464],[-4.46918,43.38438],[-4.46926,43.38444],[-4.46941,43.38432],[-4.46957,43.38436],[-4.46962,43.38431],[-4.46974,43.38432],[-4.46976,43.38427],[-4.46988,43.38429],[-4.47008,43.38408],[-4.47021,43.38401],[-4.4702,43.38381],[-4.47034,43.38379],[-4.47056,43.38358],[-4.47101,43.38346],[-4.47138,43.38322],[-4.47156,43.38301],[-4.4715,43.3828],[-4.47161,43.38292],[-4.47177,43.383],[-4.47184,43.38293],[-4.47201,43.38294],[-4.47203,43.383],[-4.47222,43.38291],[-4.47226,43.38285],[-4.47229,43.38244],[-4.4721,43.3821],[-4.47211,43.38192],[-4.47218,43.38179],[-4.47274,43.38145],[-4.47276,43.38128],[-4.47296,43.38103],[-4.47315,43.38088],[-4.47321,43.38067],[-4.47319,43.38057],[-4.47299,43.38038],[-4.47317,43.38028],[-4.47321,43.38012],[-4.47313,43.37999],[-4.47255,43.37975],[-4.47228,43.37955],[-4.47228,43.3795],[-4.47203,43.37947],[-4.47149,43.37962],[-4.47089,43.37968],[-4.47059,43.37951],[-4.47047,43.37952],[-4.46939,43.37926],[-4.46817,43.37912],[-4.46672,43.37868],[-4.46605,43.37832],[-4.46543,43.37814],[-4.46463,43.37764],[-4.46475,43.37744],[-4.46473,43.37725],[-4.46444,43.3769],[-4.4636,43.37637],[-4.46354,43.37638],[-4.46344,43.37624],[-4.46315,43.37607],[-4.4632,43.37592],[-4.46312,43.37573],[-4.46316,43.37555],[-4.46312,43.37541],[-4.46286,43.37523],[-4.46286,43.37507],[-4.46281,43.37502],[-4.4629,43.37496],[-4.46281,43.37479],[-4.46288,43.37475],[-4.46303,43.37498],[-4.46372,43.37502],[-4.46403,43.37513],[-4.46414,43.37512],[-4.46428,43.37536],[-4.46439,43.37541],[-4.4644,43.37557],[-4.46453,43.37571],[-4.46475,43.37581],[-4.4651,43.37586],[-4.46534,43.3758],[-4.4659,43.37522],[-4.46603,43.3752],[-4.46636,43.37502],[-4.46648,43.37491],[-4.46651,43.37475],[-4.46663,43.37463],[-4.4666,43.37477],[-4.4668,43.37486],[-4.46703,43.37487],[-4.46716,43.37479],[-4.46719,43.37483],[-4.46689,43.37509],[-4.46694,43.37508],[-4.4666,43.37554],[-4.46674,43.37566],[-4.46696,43.37566],[-4.46708,43.37558],[-4.46713,43.37545],[-4.46727,43.37533],[-4.46756,43.37491],[-4.46799,43.37455],[-4.4683,43.37449],[-4.46826,43.37442],[-4.46833,43.37439],[-4.46819,43.3743],[-4.46811,43.3743],[-4.46758,43.37392],[-4.4673,43.37386],[-4.46752,43.37376],[-4.46856,43.37384],[-4.46886,43.37395],[-4.46923,43.3739],[-4.46931,43.37383],[-4.46926,43.37377],[-4.46942,43.37374],[-4.46965,43.37356],[-4.46997,43.37341],[-4.46989,43.37318],[-4.46975,43.37311],[-4.46987,43.37293],[-4.47006,43.37299],[-4.47009,43.37295],[-4.4701,43.37267],[-4.47003,43.37261],[-4.47012,43.37258],[-4.47013,43.37266],[-4.47024,43.37268],[-4.47057,43.37315],[-4.47067,43.37316],[-4.47092,43.37308],[-4.47102,43.37295],[-4.47128,43.37285],[-4.47145,43.3727],[-4.47146,43.37262],[-4.47153,43.37263],[-4.47155,43.37253],[-4.4717,43.37244],[-4.47196,43.37247],[-4.47188,43.37302],[-4.47171,43.37321],[-4.47152,43.37358],[-4.47125,43.37439],[-4.47082,43.37526],[-4.47092,43.37558],[-4.47103,43.37567],[-4.47023,43.3757],[-4.47005,43.37567],[-4.46999,43.37558],[-4.46993,43.3756],[-4.46996,43.37568],[-4.4698,43.37567],[-4.46978,43.37554],[-4.46957,43.37549],[-4.46898,43.37554],[-4.46914,43.37577],[-4.47077,43.37575],[-4.47071,43.37593],[-4.47072,43.37633],[-4.47064,43.37693],[-4.47104,43.37735],[-4.47113,43.37751],[-4.47136,43.37769],[-4.47235,43.37773],[-4.47244,43.37662],[-4.47242,43.37635],[-4.47229,43.37613],[-4.47204,43.37607],[-4.47191,43.37595],[-4.47185,43.37577],[-4.47215,43.37537],[-4.47249,43.37511],[-4.47255,43.37489],[-4.47255,43.37363],[-4.47264,43.37241],[-4.47297,43.37236],[-4.47335,43.37217],[-4.47337,43.37206],[-4.47354,43.37196],[-4.47413,43.37191],[-4.47495,43.3717],[-4.47561,43.37163],[-4.47598,43.37153],[-4.47613,43.37139],[-4.47664,43.37117],[-4.47769,43.37096],[-4.47827,43.37094],[-4.47855,43.37083],[-4.47928,43.37079],[-4.47978,43.37065],[-4.47996,43.37067],[-4.48125,43.37026],[-4.48273,43.37002],[-4.48356,43.37011],[-4.4839,43.37035],[-4.48408,43.37031],[-4.48408,43.37023],[-4.48431,43.37018],[-4.48443,43.37009],[-4.48472,43.36956],[-4.48478,43.36926],[-4.48478,43.36914]],[[-4.47868,43.37343],[-4.47854,43.37341],[-4.47823,43.37348],[-4.47816,43.37352],[-4.47814,43.37363],[-4.47828,43.37375],[-4.47858,43.37382],[-4.47876,43.37381],[-4.47881,43.37367],[-4.47875,43.37349],[-4.47868,43.37343]]]},"properties":{"id":"physical-es-water-ES018MSPFES118MAT000100","name":"Estuario de Tina MeNor","slug":"estuario-de-tina-menor","aliases":["Tina Menor Estuary"],"kind":"estuary","sourceId":"miteco-water-2027","geometryRole":"area","boundaryStatus":"reference","bbox":[-4.48947,43.36517,-4.46281,43.39438],"center":[-4.47614,43.379774999999995],"referenceYear":2023,"geometryNote":"Superficie de la masa de agua de transición del plan hidrológico 2022–2027. No delimita todo el paisaje de la ría ni sus terrenos ribereños.","sourceCode":"ES018MSPFES118MAT000100","sourceDate":"2023-09-25"}},{"type":"Feature","id":"physical-es-water-ES018MSPFES145MAT000070","geometry":{"type":"Polygon","coordinates":[[[-5.37673,43.53525],[-5.37539,43.53569],[-5.37471,43.53616],[-5.37429,43.53638],[-5.37412,43.53655],[-5.37409,43.53618],[-5.37381,43.53583],[-5.37372,43.53559],[-5.37389,43.535],[-5.37404,43.53479],[-5.37389,43.53429],[-5.37405,43.53413],[-5.37494,43.53363],[-5.37476,43.5331],[-5.37502,43.53271],[-5.37573,43.53232],[-5.3772,43.53214],[-5.37744,43.53216],[-5.37772,43.53227],[-5.37778,43.53209],[-5.37771,43.53195],[-5.37774,43.53184],[-5.378,43.53174],[-5.37825,43.53169],[-5.37846,43.53176],[-5.37891,43.53174],[-5.37892,43.5316],[-5.38071,43.53139],[-5.38098,43.53131],[-5.38106,43.5314],[-5.38132,43.53129],[-5.38149,43.53127],[-5.38161,43.53131],[-5.38188,43.53084],[-5.38243,43.53048],[-5.38331,43.53006],[-5.38396,43.52951],[-5.3843,43.52916],[-5.38483,43.52836],[-5.38525,43.52794],[-5.38519,43.5278],[-5.38362,43.52718],[-5.38266,43.52717],[-5.38244,43.52727],[-5.38276,43.52745],[-5.38306,43.5275],[-5.3831,43.52756],[-5.38301,43.52779],[-5.38277,43.52806],[-5.38237,43.52825],[-5.38189,43.52832],[-5.38136,43.52887],[-5.38138,43.52908],[-5.38121,43.52946],[-5.38105,43.52964],[-5.38065,43.52987],[-5.38038,43.52988],[-5.38011,43.5298],[-5.38001,43.52947],[-5.37836,43.52909],[-5.37774,43.52883],[-5.37635,43.52774],[-5.37605,43.52707],[-5.37659,43.52663],[-5.3767,43.52648],[-5.37673,43.52627],[-5.37667,43.5261],[-5.3764,43.52591],[-5.37618,43.52589],[-5.37585,43.52595],[-5.37559,43.52585],[-5.37542,43.52572],[-5.37552,43.52525],[-5.37576,43.52496],[-5.376,43.5242],[-5.37593,43.52414],[-5.37575,43.52411],[-5.37529,43.52415],[-5.37503,43.52426],[-5.37386,43.52438],[-5.37384,43.52416],[-5.37438,43.52399],[-5.3746,43.52384],[-5.37488,43.52354],[-5.37507,43.52347],[-5.37564,43.5234],[-5.37584,43.52326],[-5.37586,43.5231],[-5.37614,43.52289],[-5.37638,43.52287],[-5.37705,43.52295],[-5.37807,43.52299],[-5.3799,43.52267],[-5.38098,43.52243],[-5.38138,43.52224],[-5.38169,43.52195],[-5.38167,43.52187],[-5.38155,43.5218],[-5.38173,43.52184],[-5.38192,43.5218],[-5.38193,43.52174],[-5.38162,43.52164],[-5.3816,43.52159],[-5.38181,43.52129],[-5.38208,43.52115],[-5.38218,43.52115],[-5.38244,43.52133],[-5.38262,43.52134],[-5.38345,43.52101],[-5.38354,43.52091],[-5.3841,43.52058],[-5.3843,43.52038],[-5.38432,43.5203],[-5.3841,43.51995],[-5.38378,43.51982],[-5.38342,43.51958],[-5.38269,43.51896],[-5.38214,43.51873],[-5.38079,43.51852],[-5.38053,43.51844],[-5.38045,43.51834],[-5.38027,43.5178],[-5.38014,43.51771],[-5.37974,43.51758],[-5.37978,43.51748],[-5.38072,43.51729],[-5.38101,43.51735],[-5.38142,43.51765],[-5.38165,43.51768],[-5.3817,43.51762],[-5.3816,43.5175],[-5.38192,43.51721],[-5.38284,43.51721],[-5.38308,43.51706],[-5.38346,43.51693],[-5.38378,43.51695],[-5.3842,43.51682],[-5.38436,43.51665],[-5.38471,43.51646],[-5.38477,43.51631],[-5.38385,43.51581],[-5.38364,43.51559],[-5.3839,43.51508],[-5.38385,43.51484],[-5.38347,43.51449],[-5.38335,43.51414],[-5.38349,43.51376],[-5.3834,43.51354],[-5.38304,43.51323],[-5.38238,43.51227],[-5.38226,43.51222],[-5.38219,43.5121],[-5.38203,43.512],[-5.38143,43.5119],[-5.38061,43.5116],[-5.38001,43.51105],[-5.37918,43.51083],[-5.37904,43.51083],[-5.37862,43.51096],[-5.37834,43.51094],[-5.37781,43.51077],[-5.37758,43.51083],[-5.37603,43.51031],[-5.37468,43.51042],[-5.37398,43.51067],[-5.37401,43.51053],[-5.37432,43.51033],[-5.37652,43.50984],[-5.3782,43.50986],[-5.37837,43.50991],[-5.37855,43.50988],[-5.37893,43.5097],[-5.37982,43.50958],[-5.38049,43.50957],[-5.38085,43.50968],[-5.38124,43.50972],[-5.3822,43.51001],[-5.38238,43.51025],[-5.38269,43.5104],[-5.38289,43.51062],[-5.38329,43.51088],[-5.3834,43.5114],[-5.38328,43.51147],[-5.38336,43.51155],[-5.38458,43.51213],[-5.38505,43.51224],[-5.3853,43.51225],[-5.38557,43.51216],[-5.38564,43.51221],[-5.38538,43.51253],[-5.3855,43.51268],[-5.3868,43.51339],[-5.38748,43.51365],[-5.38801,43.51395],[-5.38838,43.51432],[-5.38821,43.51451],[-5.38827,43.51457],[-5.38856,43.51461],[-5.38893,43.5145],[-5.38893,43.51434],[-5.38878,43.51398],[-5.38885,43.51388],[-5.38908,43.51387],[-5.38942,43.51401],[-5.38967,43.51419],[-5.38993,43.51417],[-5.39062,43.51375],[-5.39085,43.51377],[-5.39123,43.51358],[-5.39153,43.51362],[-5.39245,43.51355],[-5.39251,43.51348],[-5.39249,43.51321],[-5.39255,43.51318],[-5.39256,43.51297],[-5.39266,43.51296],[-5.3927,43.51289],[-5.39254,43.51277],[-5.39226,43.51271],[-5.39234,43.5126],[-5.39213,43.51255],[-5.39201,43.51266],[-5.39191,43.51263],[-5.39189,43.51268],[-5.3914,43.51258],[-5.39101,43.51267],[-5.39044,43.51267],[-5.39004,43.51256],[-5.38977,43.51258],[-5.38962,43.5125],[-5.38953,43.51226],[-5.38879,43.51203],[-5.38868,43.51195],[-5.38849,43.51192],[-5.38836,43.51181],[-5.38824,43.51071],[-5.38822,43.50961],[-5.38816,43.50939],[-5.38842,43.50893],[-5.38875,43.50878],[-5.3891,43.50873],[-5.38942,43.50789],[-5.38931,43.50772],[-5.38887,43.50757],[-5.38867,43.50742],[-5.38868,43.50736],[-5.3886,43.50731],[-5.38845,43.50736],[-5.38772,43.50714],[-5.38758,43.50702],[-5.38721,43.50718],[-5.38718,43.50743],[-5.38665,43.50757],[-5.38642,43.50755],[-5.38569,43.5073],[-5.38518,43.5072],[-5.38486,43.50698],[-5.38452,43.50666],[-5.3843,43.5063],[-5.38399,43.50605],[-5.38377,43.5057],[-5.38345,43.50541],[-5.38324,43.50536],[-5.38334,43.50527],[-5.38334,43.50503],[-5.38344,43.50477],[-5.3838,43.50432],[-5.38374,43.50415],[-5.38343,43.50393],[-5.38321,43.50366],[-5.38274,43.50365],[-5.38282,43.50354],[-5.38301,43.50345],[-5.383,43.50336],[-5.38204,43.50251],[-5.38244,43.50213],[-5.38249,43.50179],[-5.38206,43.50183],[-5.38189,43.50193],[-5.38159,43.50222],[-5.3813,43.50236],[-5.38112,43.50235],[-5.38068,43.50206],[-5.38054,43.50205],[-5.38013,43.50228],[-5.37993,43.50232],[-5.37953,43.5023],[-5.37917,43.50187],[-5.37877,43.50183],[-5.37815,43.50153],[-5.37789,43.50149],[-5.37772,43.50137],[-5.37776,43.50125],[-5.378,43.50095],[-5.3777,43.5009],[-5.37744,43.50075],[-5.37739,43.50066],[-5.37746,43.50053],[-5.37723,43.50043],[-5.37711,43.50024],[-5.37684,43.50004],[-5.37675,43.49984],[-5.37681,43.49981],[-5.37702,43.50006],[-5.37726,43.50018],[-5.3774,43.5004],[-5.37755,43.50046],[-5.37755,43.50071],[-5.37783,43.50081],[-5.37798,43.50079],[-5.37813,43.50085],[-5.37802,43.50135],[-5.37827,43.50142],[-5.37853,43.50164],[-5.37879,43.50175],[-5.37906,43.50174],[-5.37932,43.50183],[-5.37943,43.50202],[-5.37976,43.5022],[-5.38016,43.50219],[-5.3806,43.50198],[-5.38076,43.502],[-5.38114,43.50227],[-5.38133,43.50228],[-5.38169,43.50205],[-5.38242,43.50141],[-5.38281,43.50132],[-5.38426,43.50165],[-5.38466,43.50164],[-5.38554,43.50184],[-5.38585,43.50175],[-5.38601,43.5016],[-5.38604,43.5017],[-5.38622,43.50185],[-5.38615,43.50194],[-5.38567,43.50216],[-5.38551,43.50229],[-5.38546,43.50241],[-5.38555,43.50251],[-5.38579,43.50261],[-5.38605,43.50263],[-5.38646,43.50283],[-5.38664,43.50285],[-5.38722,43.50232],[-5.38769,43.50204],[-5.38807,43.50209],[-5.38834,43.50199],[-5.38837,43.50191],[-5.38873,43.50156],[-5.38894,43.50144],[-5.38932,43.50135],[-5.38946,43.50138],[-5.3895,43.50168],[-5.38933,43.5019],[-5.38899,43.5021],[-5.38879,43.50252],[-5.38952,43.50294],[-5.38977,43.50314],[-5.39029,43.50329],[-5.39044,43.5032],[-5.3906,43.5034],[-5.39163,43.5039],[-5.39272,43.50419],[-5.39301,43.50419],[-5.39336,43.50411],[-5.39341,43.5038],[-5.39338,43.50366],[-5.39344,43.50364],[-5.39374,43.50393],[-5.39393,43.50396],[-5.39408,43.50393],[-5.39416,43.50386],[-5.39416,43.50368],[-5.39426,43.50367],[-5.39434,43.50381],[-5.3945,43.50384],[-5.39525,43.50369],[-5.39546,43.50359],[-5.39534,43.5038],[-5.39488,43.50396],[-5.39474,43.50406],[-5.39468,43.50422],[-5.39436,43.50423],[-5.3941,43.50437],[-5.39403,43.50448],[-5.39358,43.50463],[-5.39343,43.50459],[-5.39334,43.50469],[-5.39311,43.50477],[-5.39304,43.50474],[-5.39319,43.50524],[-5.3933,43.50639],[-5.39339,43.50677],[-5.39376,43.50709],[-5.39434,43.50745],[-5.39478,43.50757],[-5.39519,43.50778],[-5.3955,43.50786],[-5.39556,43.50793],[-5.396,43.50806],[-5.39634,43.50806],[-5.39641,43.50814],[-5.39673,43.50824],[-5.39708,43.50827],[-5.39799,43.50807],[-5.39829,43.50809],[-5.39834,43.50818],[-5.39745,43.5087],[-5.39677,43.50874],[-5.39664,43.50894],[-5.39677,43.50917],[-5.39762,43.51],[-5.39826,43.51089],[-5.3983,43.51125],[-5.39858,43.51171],[-5.39871,43.51171],[-5.39886,43.51158],[-5.40018,43.51113],[-5.40042,43.51109],[-5.40141,43.51061],[-5.4014,43.5105],[-5.4015,43.51044],[-5.40198,43.51053],[-5.40225,43.51052],[-5.4043,43.50972],[-5.40547,43.50949],[-5.4056,43.50944],[-5.40573,43.50931],[-5.40579,43.50905],[-5.40596,43.50899],[-5.40592,43.5089],[-5.40577,43.50888],[-5.40523,43.50859],[-5.40516,43.50846],[-5.40529,43.50787],[-5.40527,43.50768],[-5.40467,43.50695],[-5.40431,43.50678],[-5.40397,43.50675],[-5.40395,43.50667],[-5.40438,43.50658],[-5.40471,43.50639],[-5.40486,43.50587],[-5.4048,43.50544],[-5.40501,43.50516],[-5.40522,43.50513],[-5.40529,43.50586],[-5.40544,43.5063],[-5.40563,43.50655],[-5.40566,43.50695],[-5.4058,43.50714],[-5.4065,43.50805],[-5.40665,43.50818],[-5.40708,43.50836],[-5.40739,43.50836],[-5.40769,43.50823],[-5.40783,43.50795],[-5.40803,43.5078],[-5.40833,43.50744],[-5.40896,43.50684],[-5.40928,43.50662],[-5.4096,43.50647],[-5.41046,43.50623],[-5.41115,43.50592],[-5.41189,43.5054],[-5.41214,43.50494],[-5.41228,43.50485],[-5.41309,43.5047],[-5.41332,43.50458],[-5.41355,43.50419],[-5.41388,43.50407],[-5.41403,43.50384],[-5.41417,43.50372],[-5.41427,43.50347],[-5.41459,43.50343],[-5.41475,43.50336],[-5.41483,43.50304],[-5.41528,43.5026],[-5.41575,43.50237],[-5.41624,43.50225],[-5.41652,43.50225],[-5.41652,43.50219],[-5.4166,43.50217],[-5.41661,43.50225],[-5.417,43.50225],[-5.41708,43.50239],[-5.41738,43.50214],[-5.41729,43.50208],[-5.41735,43.50177],[-5.41682,43.50186],[-5.41648,43.50179],[-5.41616,43.50183],[-5.41591,43.50173],[-5.41593,43.50163],[-5.41755,43.50066],[-5.4176,43.50052],[-5.41923,43.4992],[-5.42033,43.4986],[-5.42064,43.49833],[-5.4215,43.49789],[-5.42201,43.49741],[-5.42242,43.49675],[-5.42249,43.49648],[-5.42237,43.49645],[-5.42234,43.49652],[-5.42107,43.49621],[-5.4209,43.49582],[-5.42069,43.49549],[-5.42084,43.49528],[-5.42085,43.49492],[-5.42072,43.49473],[-5.42079,43.49465],[-5.42106,43.49468],[-5.42145,43.49448],[-5.42166,43.49431],[-5.42179,43.49406],[-5.42182,43.4937],[-5.42236,43.49358],[-5.42329,43.49273],[-5.42365,43.49288],[-5.42332,43.49373],[-5.42242,43.49644],[-5.42254,43.49645],[-5.42255,43.49653],[-5.42245,43.49674],[-5.42272,43.49693],[-5.4227,43.49688],[-5.423,43.49662],[-5.4232,43.49654],[-5.42324,43.49646],[-5.42315,43.49622],[-5.42364,43.49597],[-5.42387,43.49553],[-5.42402,43.49508],[-5.42398,43.49502],[-5.42416,43.49442],[-5.42463,43.49304],[-5.42468,43.49303],[-5.42473,43.49291],[-5.42507,43.49268],[-5.42543,43.49255],[-5.42546,43.49248],[-5.42422,43.49196],[-5.42419,43.49179],[-5.42404,43.49177],[-5.42398,43.49199],[-5.4236,43.49199],[-5.42349,43.49192],[-5.42359,43.4917],[-5.42381,43.4916],[-5.42403,43.49172],[-5.42423,43.49174],[-5.42446,43.49114],[-5.42484,43.49066],[-5.42512,43.49058],[-5.42588,43.49008],[-5.42645,43.49012],[-5.42662,43.49008],[-5.42706,43.49016],[-5.42736,43.49002],[-5.42776,43.49009],[-5.42762,43.4899],[-5.42768,43.48988],[-5.42704,43.48944],[-5.42728,43.48938],[-5.42731,43.48933],[-5.42722,43.48912],[-5.42756,43.48933],[-5.42777,43.48981],[-5.42784,43.48973],[-5.42865,43.48945],[-5.42866,43.48941],[-5.42833,43.48906],[-5.42828,43.48894],[-5.42829,43.48876],[-5.42837,43.48863],[-5.42858,43.48858],[-5.42906,43.48891],[-5.43012,43.48909],[-5.43049,43.48892],[-5.43046,43.48861],[-5.43038,43.48855],[-5.42981,43.48848],[-5.42978,43.48791],[-5.43034,43.48749],[-5.43104,43.48684],[-5.43173,43.48687],[-5.43247,43.48711],[-5.43274,43.48706],[-5.43325,43.48686],[-5.43425,43.48626],[-5.43486,43.48642],[-5.43512,43.48608],[-5.43616,43.48676],[-5.43597,43.48744],[-5.43565,43.48743],[-5.43558,43.48718],[-5.43541,43.4872],[-5.43504,43.48738],[-5.43535,43.48765],[-5.43528,43.48808],[-5.43621,43.48773],[-5.43624,43.48766],[-5.43613,43.48755],[-5.43622,43.48728],[-5.4369,43.48739],[-5.43685,43.48692],[-5.43875,43.48687],[-5.43951,43.48735],[-5.43964,43.4875],[-5.44027,43.48713],[-5.44061,43.48686],[-5.44068,43.48673],[-5.44061,43.4866],[-5.44004,43.48615],[-5.43968,43.48548],[-5.43938,43.48527],[-5.4392,43.48505],[-5.43919,43.48474],[-5.43931,43.48455],[-5.43963,43.48436],[-5.44012,43.48433],[-5.44054,43.48417],[-5.44101,43.48378],[-5.44139,43.48336],[-5.44172,43.48321],[-5.44268,43.48305],[-5.44293,43.48295],[-5.443,43.48284],[-5.44295,43.48262],[-5.44258,43.48224],[-5.44252,43.4819],[-5.44232,43.48176],[-5.44149,43.48187],[-5.44099,43.48177],[-5.44084,43.48165],[-5.44079,43.48151],[-5.44088,43.48129],[-5.44087,43.48115],[-5.44024,43.48037],[-5.44007,43.47986],[-5.43997,43.47977],[-5.44001,43.47973],[-5.44015,43.47978],[-5.44057,43.47922],[-5.44091,43.47864],[-5.44073,43.4783],[-5.44005,43.47784],[-5.4398,43.47772],[-5.43951,43.47722],[-5.43946,43.47705],[-5.43959,43.47651],[-5.43945,43.47631],[-5.43986,43.47639],[-5.43965,43.47688],[-5.43974,43.47727],[-5.4399,43.47762],[-5.44008,43.47776],[-5.44028,43.47782],[-5.44091,43.47829],[-5.44103,43.47851],[-5.44102,43.4787],[-5.44082,43.47909],[-5.44045,43.47957],[-5.44036,43.47981],[-5.44034,43.4802],[-5.44084,43.48079],[-5.44104,43.48115],[-5.44102,43.4815],[-5.44112,43.48163],[-5.44154,43.48173],[-5.44226,43.48164],[-5.44273,43.48177],[-5.44273,43.48206],[-5.44281,43.48223],[-5.44319,43.48255],[-5.44323,43.4828],[-5.44317,43.48296],[-5.44301,43.48309],[-5.44179,43.48337],[-5.44156,43.48349],[-5.44145,43.48369],[-5.4415,43.484],[-5.44146,43.48414],[-5.44124,43.48428],[-5.44079,43.48445],[-5.43959,43.48462],[-5.4394,43.48479],[-5.43942,43.48497],[-5.43957,43.48519],[-5.43991,43.48541],[-5.44027,43.48612],[-5.44044,43.48615],[-5.44074,43.48637],[-5.4412,43.48659],[-5.44116,43.48662],[-5.44092,43.48653],[-5.44094,43.48678],[-5.4407,43.48707],[-5.43977,43.48766],[-5.43961,43.48792],[-5.43962,43.4881],[-5.43975,43.4885],[-5.43972,43.48873],[-5.44045,43.48878],[-5.43964,43.48881],[-5.43958,43.48888],[-5.43913,43.48895],[-5.43828,43.48893],[-5.43766,43.48885],[-5.43727,43.48864],[-5.43733,43.48883],[-5.43722,43.48898],[-5.43731,43.4891],[-5.4373,43.48934],[-5.43667,43.48964],[-5.43648,43.48982],[-5.43597,43.49065],[-5.43467,43.49149],[-5.43417,43.4911],[-5.43414,43.49077],[-5.43409,43.49066],[-5.43386,43.49044],[-5.43382,43.49026],[-5.43407,43.48953],[-5.43443,43.48938],[-5.43446,43.48942],[-5.43475,43.48928],[-5.43444,43.48901],[-5.43364,43.48934],[-5.43323,43.48998],[-5.43325,43.49021],[-5.43337,43.49047],[-5.43433,43.4914],[-5.43457,43.4918],[-5.43432,43.49225],[-5.43381,43.49267],[-5.43319,43.49288],[-5.43173,43.49355],[-5.43178,43.49362],[-5.43213,43.49347],[-5.43261,43.49337],[-5.43297,43.49359],[-5.43293,43.49362],[-5.4326,43.49346],[-5.43238,43.49346],[-5.43212,43.49351],[-5.43181,43.49365],[-5.43222,43.49373],[-5.4323,43.49381],[-5.43228,43.49397],[-5.43215,43.4942],[-5.43216,43.49449],[-5.43224,43.49492],[-5.43241,43.49519],[-5.43288,43.49526],[-5.43271,43.49538],[-5.43249,43.49533],[-5.43201,43.49506],[-5.43172,43.49499],[-5.43155,43.49485],[-5.43143,43.4946],[-5.43141,43.49417],[-5.43151,43.49381],[-5.43169,43.4937],[-5.43165,43.49358],[-5.4301,43.49428],[-5.4295,43.49442],[-5.42935,43.49451],[-5.4269,43.49735],[-5.42667,43.49802],[-5.4266,43.49849],[-5.42654,43.50028],[-5.42642,43.50099],[-5.42621,43.50126],[-5.4259,43.50144],[-5.42569,43.50187],[-5.42539,43.502],[-5.42524,43.5023],[-5.42473,43.50263],[-5.4247,43.5029],[-5.42503,43.50335],[-5.42493,43.50346],[-5.42437,43.50375],[-5.42415,43.50421],[-5.42401,43.5047],[-5.4243,43.50494],[-5.42439,43.50533],[-5.42445,43.50542],[-5.42443,43.5055],[-5.4247,43.5057],[-5.42489,43.50578],[-5.42467,43.50612],[-5.42474,43.50629],[-5.42407,43.50693],[-5.42407,43.50712],[-5.42399,43.50717],[-5.42377,43.50718],[-5.42342,43.50693],[-5.42294,43.50645],[-5.4227,43.50634],[-5.42246,43.50662],[-5.42203,43.50674],[-5.42173,43.50696],[-5.42185,43.50733],[-5.42154,43.50771],[-5.4218,43.5081],[-5.42265,43.5084],[-5.42295,43.50845],[-5.42295,43.5085],[-5.42233,43.50856],[-5.42157,43.50855],[-5.42084,43.50826],[-5.42117,43.50815],[-5.42113,43.50809],[-5.42079,43.50814],[-5.42066,43.50805],[-5.42019,43.50817],[-5.41764,43.50946],[-5.41642,43.51001],[-5.41606,43.51024],[-5.41468,43.51091],[-5.41432,43.51115],[-5.41371,43.51129],[-5.41342,43.51143],[-5.41323,43.51156],[-5.41304,43.51194],[-5.41282,43.51214],[-5.4121,43.51242],[-5.41117,43.51312],[-5.41103,43.51327],[-5.41071,43.51346],[-5.41039,43.51329],[-5.41016,43.51325],[-5.40921,43.5138],[-5.4091,43.51384],[-5.40897,43.51382],[-5.40865,43.51408],[-5.40856,43.51409],[-5.40845,43.51421],[-5.40848,43.51432],[-5.40706,43.51524],[-5.40685,43.51533],[-5.40683,43.51548],[-5.40598,43.51566],[-5.40592,43.51561],[-5.4057,43.51573],[-5.40543,43.51626],[-5.40589,43.51702],[-5.40576,43.51721],[-5.40558,43.51732],[-5.40554,43.51743],[-5.40559,43.51751],[-5.40587,43.51761],[-5.40601,43.51757],[-5.40597,43.51762],[-5.40564,43.51769],[-5.40478,43.51748],[-5.40438,43.5175],[-5.40381,43.51791],[-5.40302,43.5183],[-5.40282,43.51835],[-5.40188,43.5183],[-5.4016,43.51824],[-5.40144,43.51831],[-5.40138,43.51842],[-5.40139,43.51852],[-5.40148,43.51868],[-5.40143,43.51871],[-5.40125,43.51862],[-5.40086,43.51883],[-5.40072,43.51903],[-5.40052,43.51956],[-5.40099,43.51947],[-5.40107,43.51954],[-5.40092,43.52008],[-5.40104,43.52023],[-5.40092,43.52024],[-5.40084,43.52018],[-5.4006,43.52029],[-5.40035,43.52032],[-5.39876,43.52033],[-5.39847,43.52044],[-5.3984,43.52054],[-5.39842,43.52064],[-5.3983,43.5208],[-5.39752,43.52176],[-5.39725,43.52195],[-5.39732,43.52201],[-5.39714,43.5221],[-5.39716,43.52213],[-5.39646,43.52244],[-5.39586,43.52245],[-5.39574,43.52254],[-5.39582,43.52264],[-5.39516,43.52316],[-5.39494,43.5234],[-5.39473,43.52349],[-5.39461,43.52382],[-5.39423,43.52403],[-5.3942,43.52399],[-5.39376,43.52415],[-5.39305,43.52399],[-5.39307,43.52394],[-5.39287,43.52391],[-5.39282,43.52403],[-5.39267,43.52418],[-5.39261,43.52462],[-5.39201,43.52505],[-5.39147,43.52551],[-5.39127,43.52593],[-5.39042,43.52668],[-5.38967,43.52673],[-5.38955,43.52686],[-5.38957,43.52706],[-5.38951,43.52724],[-5.38901,43.52787],[-5.38834,43.52904],[-5.38837,43.52911],[-5.38829,43.52937],[-5.38856,43.52976],[-5.38853,43.52977],[-5.3886,43.53024],[-5.38925,43.53119],[-5.38962,43.53163],[-5.38999,43.53191],[-5.39011,43.53224],[-5.39022,43.5323],[-5.39005,43.53231],[-5.38969,43.53316],[-5.38966,43.53393],[-5.38956,43.53417],[-5.3895,43.53471],[-5.38955,43.53499],[-5.38948,43.53514],[-5.38956,43.53529],[-5.38981,43.53537],[-5.38968,43.53557],[-5.38971,43.53594],[-5.38943,43.53615],[-5.38954,43.53662],[-5.38941,43.53677],[-5.38942,43.53692],[-5.38944,43.53701],[-5.38958,43.53716],[-5.38951,43.53737],[-5.38937,43.53746],[-5.38942,43.53773],[-5.38928,43.53819],[-5.38848,43.53842],[-5.3885,43.53837],[-5.38827,43.53754],[-5.38747,43.53717],[-5.38704,43.53664],[-5.38656,43.53569],[-5.3862,43.53451],[-5.38615,43.53449],[-5.38604,43.53451],[-5.38598,43.53469],[-5.38599,43.5349],[-5.38592,43.53509],[-5.38583,43.53516],[-5.38519,43.53517],[-5.38491,43.53507],[-5.38407,43.53491],[-5.38269,43.53477],[-5.38218,43.53479],[-5.38175,43.5347],[-5.38073,43.53474],[-5.38051,43.53467],[-5.38021,43.53446],[-5.37999,43.53454],[-5.37982,43.53474],[-5.37977,43.53491],[-5.37947,43.53498],[-5.37886,43.5349],[-5.37806,43.53493],[-5.37769,43.53516],[-5.37735,43.53522],[-5.37686,43.53521],[-5.37673,43.53525]]]},"properties":{"id":"physical-es-water-ES018MSPFES145MAT000070","name":"Estuario de Villaviciosa","slug":"estuario-de-villaviciosa","aliases":["Villaviciosa Estuary","Villaviciosa","Ría De Villaviciosa"],"kind":"estuary","sourceId":"miteco-water-2027","geometryRole":"area","boundaryStatus":"reference","bbox":[-5.44323,43.47631,-5.37372,43.53842],"center":[-5.408474999999999,43.507365],"referenceYear":2023,"geometryNote":"Superficie de la masa de agua de transición del plan hidrológico 2022–2027. No delimita todo el paisaje de la ría ni sus terrenos ribereños.","sourceCode":"ES018MSPFES145MAT000070","sourceDate":"2023-09-25"}},{"type":"Feature","id":"physical-es-water-ES018MSPFES092MAT000140","geometry":{"type":"Polygon","coordinates":[[[-3.9468,43.3967],[-3.9465,43.39707],[-3.94628,43.3972],[-3.94532,43.39801],[-3.94487,43.39826],[-3.94311,43.39893],[-3.94277,43.39913],[-3.94269,43.39945],[-3.94292,43.39989],[-3.94303,43.39989],[-3.94333,43.40006],[-3.94375,43.40067],[-3.94508,43.40189],[-3.94682,43.4028],[-3.94801,43.403],[-3.94847,43.4029],[-3.94854,43.40283],[-3.94869,43.40281],[-3.94885,43.40287],[-3.94908,43.40306],[-3.9493,43.40313],[-3.94981,43.40349],[-3.95067,43.40385],[-3.95104,43.40406],[-3.95115,43.40416],[-3.95122,43.40448],[-3.95117,43.4052],[-3.95108,43.40537],[-3.95099,43.40546],[-3.95055,43.40569],[-3.95007,43.40641],[-3.94997,43.40667],[-3.94995,43.40689],[-3.94975,43.40761],[-3.94981,43.40795],[-3.94977,43.40835],[-3.9497,43.40846],[-3.9497,43.40856],[-3.94956,43.40868],[-3.94918,43.40875],[-3.94899,43.40875],[-3.94869,43.40861],[-3.94832,43.4086],[-3.9474,43.40885],[-3.94691,43.40916],[-3.94653,43.40959],[-3.94643,43.40981],[-3.94631,43.4098],[-3.94615,43.41013],[-3.94621,43.41014],[-3.94622,43.4102],[-3.94614,43.41054],[-3.94613,43.41105],[-3.94641,43.4118],[-3.94641,43.41191],[-3.94632,43.41192],[-3.94631,43.41198],[-3.94645,43.4123],[-3.94682,43.41261],[-3.94745,43.41294],[-3.94777,43.41291],[-3.94793,43.41286],[-3.94789,43.41283],[-3.94794,43.41281],[-3.94843,43.41268],[-3.94892,43.41272],[-3.94904,43.41261],[-3.9494,43.41265],[-3.94994,43.41246],[-3.95051,43.41236],[-3.95063,43.41238],[-3.95065,43.41243],[-3.95145,43.41224],[-3.95182,43.41223],[-3.95185,43.41235],[-3.95312,43.41235],[-3.95323,43.41227],[-3.95439,43.41231],[-3.95583,43.41205],[-3.95665,43.4118],[-3.95751,43.41174],[-3.95774,43.41176],[-3.95803,43.41188],[-3.95802,43.41192],[-3.95843,43.41206],[-3.95892,43.41249],[-3.95897,43.41258],[-3.95877,43.41366],[-3.95876,43.41393],[-3.95886,43.41418],[-3.95873,43.41609],[-3.95866,43.41643],[-3.95868,43.41716],[-3.9584,43.41787],[-3.95827,43.41806],[-3.95822,43.4183],[-3.95808,43.41841],[-3.95805,43.41879],[-3.95777,43.41923],[-3.95768,43.41958],[-3.95784,43.41958],[-3.95784,43.41971],[-3.95763,43.42001],[-3.9574,43.42064],[-3.9572,43.42097],[-3.95696,43.42178],[-3.95682,43.42252],[-3.95663,43.4231],[-3.95659,43.42346],[-3.95661,43.4242],[-3.95644,43.42422],[-3.95645,43.42479],[-3.95692,43.426],[-3.9574,43.42692],[-3.95878,43.42904],[-3.95923,43.42963],[-3.95927,43.42986],[-3.95955,43.43033],[-3.96081,43.43201],[-3.96156,43.43325],[-3.962,43.43409],[-3.96219,43.43458],[-3.96216,43.43497],[-3.96203,43.43548],[-3.96176,43.43593],[-3.96156,43.43616],[-3.96123,43.43632],[-3.95998,43.43669],[-3.95923,43.43703],[-3.95827,43.43725],[-3.95785,43.43722],[-3.95691,43.43741],[-3.95656,43.43733],[-3.95607,43.43745],[-3.95566,43.43765],[-3.95543,43.43785],[-3.9552,43.43795],[-3.95434,43.43849],[-3.95394,43.43896],[-3.95362,43.43953],[-3.95358,43.4402],[-3.95362,43.44035],[-3.95373,43.44041],[-3.95386,43.44067],[-3.95478,43.4418],[-3.95505,43.44207],[-3.95528,43.44244],[-3.95602,43.44302],[-3.95633,43.44332],[-3.9567,43.44356],[-3.95702,43.44361],[-3.95723,43.44371],[-3.95752,43.44372],[-3.95786,43.44359],[-3.95803,43.4436],[-3.95875,43.44327],[-3.95901,43.443],[-3.95941,43.44275],[-3.95986,43.44193],[-3.95979,43.44172],[-3.96044,43.44119],[-3.96065,43.44124],[-3.96099,43.44124],[-3.96138,43.44117],[-3.96155,43.44109],[-3.96167,43.44081],[-3.96134,43.4406],[-3.96108,43.44054],[-3.96087,43.44035],[-3.96104,43.44021],[-3.96107,43.44],[-3.96117,43.43986],[-3.96165,43.43962],[-3.96192,43.43962],[-3.96204,43.43953],[-3.96228,43.4395],[-3.96239,43.43938],[-3.96295,43.439],[-3.96313,43.43879],[-3.96332,43.43875],[-3.96335,43.43869],[-3.96346,43.43865],[-3.96368,43.43864],[-3.96367,43.43868],[-3.964,43.43873],[-3.96433,43.43869],[-3.96462,43.43892],[-3.9647,43.4389],[-3.96473,43.43894],[-3.96482,43.43887],[-3.96526,43.4388],[-3.96588,43.43854],[-3.96597,43.43862],[-3.96612,43.43863],[-3.96656,43.43842],[-3.96679,43.43842],[-3.96682,43.43829],[-3.96688,43.43824],[-3.96705,43.43829],[-3.96714,43.43823],[-3.96726,43.43825],[-3.96754,43.43839],[-3.96775,43.43841],[-3.96777,43.43847],[-3.96786,43.43849],[-3.96794,43.43844],[-3.96845,43.4386],[-3.96849,43.43878],[-3.96865,43.43895],[-3.96871,43.43913],[-3.96874,43.43952],[-3.96925,43.43993],[-3.96968,43.4401],[-3.97001,43.44013],[-3.97032,43.44009],[-3.97061,43.44033],[-3.97093,43.44039],[-3.97174,43.44037],[-3.97189,43.44014],[-3.97183,43.44009],[-3.97198,43.4396],[-3.97229,43.43888],[-3.97257,43.43843],[-3.973,43.43803],[-3.97313,43.43781],[-3.97405,43.43715],[-3.97455,43.4372],[-3.97492,43.43736],[-3.97534,43.43746],[-3.97548,43.4374],[-3.97562,43.43727],[-3.97586,43.43718],[-3.97586,43.43709],[-3.97575,43.43704],[-3.97572,43.43689],[-3.97578,43.43676],[-3.97572,43.43671],[-3.97585,43.43662],[-3.97594,43.43665],[-3.97623,43.43653],[-3.9763,43.43639],[-3.97612,43.43625],[-3.97646,43.43593],[-3.97668,43.43597],[-3.97772,43.43578],[-3.97787,43.4359],[-3.97816,43.43582],[-3.97825,43.43602],[-3.97841,43.43609],[-3.97888,43.43606],[-3.97911,43.43596],[-3.97905,43.43596],[-3.97893,43.4358],[-3.9789,43.43574],[-3.97893,43.43559],[-3.97889,43.43553],[-3.97838,43.43516],[-3.97819,43.43493],[-3.97784,43.43479],[-3.97762,43.43489],[-3.97756,43.43486],[-3.97773,43.43435],[-3.97816,43.4341],[-3.97849,43.43374],[-3.97879,43.43369],[-3.97892,43.43358],[-3.97909,43.43359],[-3.97927,43.43352],[-3.9796,43.43323],[-3.97998,43.43331],[-3.97992,43.43341],[-3.97997,43.43359],[-3.98014,43.43381],[-3.98028,43.43379],[-3.98032,43.43386],[-3.98046,43.43383],[-3.98058,43.43402],[-3.98069,43.43406],[-3.98079,43.43403],[-3.98087,43.43411],[-3.98105,43.43416],[-3.98124,43.434],[-3.98132,43.43402],[-3.98159,43.43368],[-3.98172,43.43332],[-3.98169,43.43308],[-3.98153,43.4329],[-3.98177,43.43281],[-3.982,43.43283],[-3.98202,43.4331],[-3.98222,43.43333],[-3.98214,43.43344],[-3.98229,43.43361],[-3.9825,43.4335],[-3.98261,43.43354],[-3.98272,43.4335],[-3.98282,43.43354],[-3.98299,43.43351],[-3.98315,43.43341],[-3.98321,43.4333],[-3.98315,43.43295],[-3.98291,43.4327],[-3.98222,43.43241],[-3.98206,43.43202],[-3.98178,43.43204],[-3.98162,43.4319],[-3.98158,43.43162],[-3.98166,43.43154],[-3.98159,43.43084],[-3.98161,43.43077],[-3.98169,43.43077],[-3.98174,43.43071],[-3.98175,43.43063],[-3.98168,43.43054],[-3.98146,43.43047],[-3.98143,43.43035],[-3.98158,43.4304],[-3.98152,43.43023],[-3.98145,43.43018],[-3.98144,43.43005],[-3.98127,43.43003],[-3.98119,43.42995],[-3.98107,43.42976],[-3.98109,43.42965],[-3.98095,43.42945],[-3.98093,43.42933],[-3.98114,43.42961],[-3.98136,43.42969],[-3.98143,43.42992],[-3.98191,43.4301],[-3.98206,43.43029],[-3.9825,43.43045],[-3.98291,43.43071],[-3.98328,43.43085],[-3.9834,43.4307],[-3.98318,43.43046],[-3.98318,43.43038],[-3.98328,43.4303],[-3.98339,43.43028],[-3.98361,43.43036],[-3.98365,43.43033],[-3.98375,43.43036],[-3.98387,43.43013],[-3.98421,43.43001],[-3.9842,43.42989],[-3.9843,43.42974],[-3.985,43.42949],[-3.98523,43.42969],[-3.98504,43.42981],[-3.98517,43.42996],[-3.9853,43.42989],[-3.98562,43.42996],[-3.98598,43.42997],[-3.98611,43.43005],[-3.98564,43.43009],[-3.98532,43.43021],[-3.98599,43.43084],[-3.98613,43.43088],[-3.98621,43.43105],[-3.98652,43.4312],[-3.98651,43.4313],[-3.98639,43.43135],[-3.98628,43.43149],[-3.98633,43.43166],[-3.98661,43.4318],[-3.98686,43.43205],[-3.9868,43.43247],[-3.98711,43.43252],[-3.98725,43.43261],[-3.98744,43.43253],[-3.98752,43.43258],[-3.98757,43.43253],[-3.98772,43.43256],[-3.98776,43.43297],[-3.988,43.43293],[-3.98809,43.43282],[-3.98808,43.43274],[-3.98821,43.43269],[-3.98838,43.43287],[-3.98868,43.43295],[-3.98887,43.4333],[-3.98961,43.43353],[-3.98981,43.43366],[-3.98985,43.43361],[-3.99007,43.43368],[-3.9901,43.43379],[-3.98936,43.43428],[-3.98914,43.43425],[-3.9889,43.43436],[-3.9888,43.43436],[-3.98866,43.43443],[-3.98856,43.43458],[-3.98836,43.43466],[-3.98836,43.43475],[-3.98825,43.43481],[-3.98827,43.43488],[-3.98821,43.43495],[-3.98808,43.43556],[-3.98794,43.43555],[-3.98794,43.43563],[-3.98819,43.43564],[-3.98821,43.43581],[-3.98779,43.43639],[-3.98777,43.4365],[-3.98785,43.43669],[-3.98769,43.43672],[-3.98751,43.43697],[-3.9877,43.43702],[-3.98767,43.43718],[-3.98734,43.43743],[-3.98697,43.43763],[-3.98681,43.43781],[-3.98615,43.43817],[-3.98609,43.43813],[-3.98594,43.4382],[-3.98524,43.43869],[-3.98523,43.43876],[-3.9851,43.43885],[-3.98438,43.43979],[-3.98429,43.43999],[-3.98432,43.4401],[-3.98427,43.44022],[-3.98434,43.44032],[-3.98423,43.44048],[-3.98418,43.44072],[-3.98411,43.44079],[-3.9837,43.441],[-3.98359,43.44095],[-3.98344,43.4411],[-3.98296,43.44123],[-3.98281,43.44171],[-3.98249,43.442],[-3.98053,43.44133],[-3.98019,43.44108],[-3.9801,43.44093],[-3.97995,43.44082],[-3.97962,43.4407],[-3.97944,43.44064],[-3.97929,43.4407],[-3.97926,43.4406],[-3.97872,43.4407],[-3.97617,43.44179],[-3.97574,43.44259],[-3.9754,43.44293],[-3.9753,43.44314],[-3.97515,43.44327],[-3.97519,43.44348],[-3.9751,43.44358],[-3.97371,43.44423],[-3.97273,43.4442],[-3.97131,43.44372],[-3.97114,43.44385],[-3.97095,43.44385],[-3.97082,43.44376],[-3.97039,43.44319],[-3.97018,43.44308],[-3.96971,43.44308],[-3.96926,43.44324],[-3.96899,43.44324],[-3.96854,43.44309],[-3.96831,43.44293],[-3.96806,43.44286],[-3.96754,43.4429],[-3.96732,43.44284],[-3.9668,43.44281],[-3.96661,43.44268],[-3.96627,43.44259],[-3.96569,43.44255],[-3.96545,43.44249],[-3.96511,43.4429],[-3.96509,43.44304],[-3.96463,43.44306],[-3.96405,43.44323],[-3.96391,43.4433],[-3.96386,43.4434],[-3.96353,43.44349],[-3.96342,43.44362],[-3.9629,43.44374],[-3.96254,43.44392],[-3.96229,43.44396],[-3.96231,43.44368],[-3.96222,43.44356],[-3.96201,43.44346],[-3.96162,43.44382],[-3.96172,43.44397],[-3.96146,43.44419],[-3.96115,43.44431],[-3.96034,43.44446],[-3.95995,43.44439],[-3.95978,43.44442],[-3.95887,43.44504],[-3.95879,43.44516],[-3.95812,43.44535],[-3.95665,43.44539],[-3.95539,43.44516],[-3.95527,43.44518],[-3.95522,43.44555],[-3.9551,43.44541],[-3.95493,43.44505],[-3.95466,43.44489],[-3.95414,43.44436],[-3.95333,43.44297],[-3.95321,43.44261],[-3.95291,43.44206],[-3.95244,43.44055],[-3.95228,43.44034],[-3.95193,43.44035],[-3.95181,43.44023],[-3.95173,43.44],[-3.95154,43.43971],[-3.9515,43.43911],[-3.95154,43.4389],[-3.95166,43.4387],[-3.95183,43.4387],[-3.95191,43.4386],[-3.9519,43.43851],[-3.95201,43.43826],[-3.95194,43.4379],[-3.95171,43.4373],[-3.95169,43.43716],[-3.95178,43.43702],[-3.95268,43.43639],[-3.95347,43.43609],[-3.95377,43.43609],[-3.95437,43.43593],[-3.95775,43.43594],[-3.95804,43.43624],[-3.95833,43.43623],[-3.95841,43.43618],[-3.9584,43.43641],[-3.95896,43.43641],[-3.96012,43.43618],[-3.96041,43.43607],[-3.96068,43.43585],[-3.96097,43.4354],[-3.96101,43.43498],[-3.96093,43.4345],[-3.96029,43.43321],[-3.95827,43.42998],[-3.95733,43.42824],[-3.95719,43.42816],[-3.957,43.42778],[-3.95655,43.42713],[-3.9564,43.42676],[-3.95623,43.42655],[-3.95606,43.42613],[-3.95609,43.42602],[-3.95588,43.42562],[-3.95573,43.42505],[-3.95564,43.42449],[-3.95565,43.42421],[-3.95557,43.4242],[-3.95567,43.42246],[-3.95594,43.42196],[-3.95636,43.42053],[-3.95613,43.42061],[-3.95623,43.42056],[-3.95635,43.4204],[-3.95648,43.4199],[-3.95657,43.4199],[-3.95677,43.41936],[-3.95671,43.41937],[-3.95744,43.41774],[-3.95767,43.41698],[-3.95787,43.41542],[-3.95795,43.41378],[-3.95815,43.41305],[-3.95816,43.41278],[-3.95798,43.41254],[-3.95785,43.41248],[-3.95754,43.41237],[-3.95722,43.41237],[-3.95673,43.41244],[-3.95663,43.41251],[-3.9562,43.41262],[-3.95489,43.41289],[-3.95465,43.41287],[-3.95381,43.41296],[-3.95109,43.41306],[-3.95052,43.41312],[-3.95041,43.41317],[-3.94992,43.41316],[-3.94946,43.41322],[-3.94899,43.41342],[-3.94856,43.4135],[-3.94742,43.41341],[-3.94721,43.41349],[-3.94691,43.41336],[-3.94674,43.41337],[-3.94642,43.41328],[-3.94644,43.41317],[-3.94621,43.41305],[-3.94583,43.41259],[-3.9456,43.41206],[-3.94548,43.41093],[-3.9455,43.4104],[-3.94563,43.41001],[-3.9461,43.40905],[-3.94601,43.40902],[-3.94619,43.40877],[-3.94643,43.40864],[-3.94677,43.40833],[-3.94761,43.40735],[-3.94825,43.40671],[-3.94829,43.40661],[-3.94845,43.40662],[-3.94873,43.40647],[-3.94938,43.40634],[-3.94958,43.40619],[-3.9501,43.40543],[-3.95033,43.40533],[-3.95053,43.40516],[-3.95055,43.40508],[-3.95049,43.40507],[-3.9505,43.40455],[-3.95034,43.40432],[-3.95008,43.40412],[-3.94897,43.40385],[-3.94843,43.40357],[-3.94742,43.40332],[-3.94643,43.40299],[-3.94524,43.40248],[-3.94498,43.40223],[-3.94403,43.40176],[-3.94302,43.40115],[-3.9428,43.40097],[-3.9428,43.4007],[-3.94295,43.40046],[-3.94299,43.40023],[-3.94268,43.40005],[-3.94251,43.39989],[-3.94241,43.39928],[-3.94263,43.39884],[-3.94385,43.39842],[-3.94426,43.39819],[-3.94467,43.39805],[-3.94525,43.39768],[-3.94554,43.39718],[-3.94602,43.39654],[-3.9461,43.39627],[-3.94605,43.3961],[-3.94615,43.39583],[-3.94626,43.39586],[-3.94618,43.39609],[-3.94616,43.39654],[-3.94605,43.39677],[-3.94561,43.39727],[-3.94559,43.39736],[-3.94567,43.39741],[-3.94637,43.39688],[-3.94713,43.39613],[-3.94733,43.39622],[-3.9468,43.3967]]]},"properties":{"id":"physical-es-water-ES018MSPFES092MAT000140","name":"Ría de Mogro","slug":"ria-de-mogro","aliases":["Mogro Estuary"],"kind":"estuary","sourceId":"miteco-water-2027","geometryRole":"area","boundaryStatus":"reference","bbox":[-3.9901,43.39583,-3.94241,43.44555],"center":[-3.9662550000000003,43.42068999999999],"referenceYear":2023,"geometryNote":"Superficie de la masa de agua de transición del plan hidrológico 2022–2027. No delimita todo el paisaje de la ría ni sus terrenos ribereños.","sourceCode":"ES018MSPFES092MAT000140","sourceDate":"2023-09-25"}},{"type":"Feature","id":"physical-es-water-ES018MSPFES132MAT000090","geometry":{"type":"Polygon","coordinates":[[[-4.51332,43.39361],[-4.51174,43.39328],[-4.51171,43.39312],[-4.51159,43.39302],[-4.51168,43.39296],[-4.51187,43.39296],[-4.51193,43.39288],[-4.51191,43.39283],[-4.51175,43.39282],[-4.51175,43.39274],[-4.51182,43.3927],[-4.51174,43.39262],[-4.51183,43.39249],[-4.51207,43.39243],[-4.51213,43.39237],[-4.51228,43.39209],[-4.51222,43.39192],[-4.51235,43.39185],[-4.51238,43.39178],[-4.51243,43.3918],[-4.51246,43.39172],[-4.51234,43.39145],[-4.51225,43.39141],[-4.51227,43.39136],[-4.51207,43.39117],[-4.51169,43.391],[-4.51143,43.3908],[-4.51156,43.39067],[-4.51242,43.39012],[-4.5123,43.39005],[-4.51233,43.38996],[-4.51214,43.38992],[-4.51211,43.3898],[-4.51186,43.38984],[-4.51182,43.38975],[-4.51185,43.38953],[-4.51202,43.38945],[-4.51203,43.38928],[-4.51194,43.38929],[-4.51202,43.38916],[-4.512,43.38898],[-4.51194,43.3889],[-4.51213,43.38881],[-4.51212,43.38851],[-4.51196,43.38812],[-4.51159,43.38776],[-4.51114,43.38696],[-4.51098,43.38683],[-4.51092,43.3867],[-4.5108,43.38663],[-4.51078,43.38647],[-4.51086,43.38627],[-4.51067,43.38585],[-4.51054,43.38573],[-4.5105,43.3854],[-4.51038,43.38531],[-4.51032,43.3847],[-4.51042,43.3847],[-4.51045,43.38457],[-4.51038,43.38411],[-4.51066,43.38388],[-4.51053,43.38369],[-4.51057,43.38359],[-4.51072,43.38355],[-4.51075,43.38358],[-4.51073,43.38344],[-4.5108,43.38334],[-4.51062,43.38323],[-4.51046,43.38286],[-4.51028,43.3826],[-4.51011,43.38193],[-4.50972,43.38142],[-4.5096,43.38135],[-4.50957,43.38109],[-4.50945,43.38094],[-4.50944,43.38079],[-4.50924,43.38059],[-4.5089,43.38041],[-4.50886,43.38034],[-4.50874,43.38033],[-4.50842,43.3801],[-4.50773,43.37987],[-4.50743,43.37992],[-4.50738,43.37999],[-4.50699,43.37985],[-4.50685,43.37988],[-4.50647,43.37974],[-4.50632,43.37961],[-4.50615,43.37957],[-4.50618,43.3795],[-4.50577,43.37918],[-4.50557,43.37917],[-4.50534,43.37899],[-4.5052,43.37872],[-4.50495,43.37856],[-4.50477,43.37833],[-4.50466,43.37755],[-4.50444,43.37724],[-4.50442,43.37711],[-4.50503,43.37689],[-4.50746,43.37672],[-4.51065,43.37616],[-4.51209,43.37598],[-4.51318,43.376],[-4.51322,43.37607],[-4.51311,43.37617],[-4.51282,43.37671],[-4.5126,43.37644],[-4.51131,43.37694],[-4.51165,43.37714],[-4.51151,43.3775],[-4.51262,43.37707],[-4.51262,43.37699],[-4.51331,43.37668],[-4.51344,43.37665],[-4.51359,43.37669],[-4.51442,43.37638],[-4.51477,43.37636],[-4.51462,43.37659],[-4.51462,43.37669],[-4.51472,43.37682],[-4.51519,43.37668],[-4.51526,43.37673],[-4.51563,43.3766],[-4.51582,43.37675],[-4.516,43.37676],[-4.51614,43.3767],[-4.51651,43.37633],[-4.5163,43.37623],[-4.51696,43.37574],[-4.51759,43.37515],[-4.51881,43.37388],[-4.51891,43.37384],[-4.51912,43.37346],[-4.5192,43.37347],[-4.51926,43.37342],[-4.51947,43.37309],[-4.51984,43.37269],[-4.5201,43.37225],[-4.52011,43.37206],[-4.5203,43.37187],[-4.52032,43.37178],[-4.52058,43.37146],[-4.52079,43.37129],[-4.52088,43.37102],[-4.52164,43.37013],[-4.52219,43.36974],[-4.52298,43.36929],[-4.52322,43.36897],[-4.52326,43.36878],[-4.52317,43.36842],[-4.52289,43.36809],[-4.52194,43.36745],[-4.52061,43.36684],[-4.52041,43.36665],[-4.5203,43.36648],[-4.52032,43.36614],[-4.5206,43.36583],[-4.52088,43.36568],[-4.52112,43.36561],[-4.52184,43.36553],[-4.52252,43.36554],[-4.52504,43.36577],[-4.5267,43.36609],[-4.52709,43.36609],[-4.52779,43.36646],[-4.52886,43.36678],[-4.53107,43.36722],[-4.53263,43.36749],[-4.53372,43.36759],[-4.5343,43.36753],[-4.53473,43.36713],[-4.53512,43.36686],[-4.53525,43.36668],[-4.53564,43.36586],[-4.53573,43.36527],[-4.5356,43.3644],[-4.53548,43.36424],[-4.53521,43.36335],[-4.53482,43.36245],[-4.53407,43.36188],[-4.53344,43.36159],[-4.53368,43.36131],[-4.53411,43.3613],[-4.53493,43.36187],[-4.53532,43.36236],[-4.53575,43.36255],[-4.536,43.36313],[-4.53614,43.36327],[-4.53633,43.3637],[-4.53624,43.36395],[-4.53635,43.36477],[-4.53629,43.36538],[-4.53591,43.36644],[-4.5355,43.36714],[-4.53574,43.3672],[-4.53616,43.36708],[-4.53642,43.36714],[-4.53683,43.36709],[-4.5369,43.3672],[-4.53704,43.36721],[-4.53707,43.36736],[-4.53746,43.36728],[-4.53747,43.36732],[-4.53701,43.36741],[-4.53698,43.36727],[-4.53682,43.36723],[-4.53678,43.36716],[-4.53638,43.36719],[-4.53626,43.36713],[-4.53612,43.36715],[-4.53544,43.36729],[-4.53489,43.3677],[-4.53454,43.3679],[-4.53378,43.36802],[-4.53328,43.36799],[-4.53209,43.36789],[-4.53083,43.36768],[-4.52958,43.36733],[-4.5272,43.36678],[-4.52701,43.36683],[-4.5269,43.36676],[-4.52654,43.36685],[-4.52499,43.36654],[-4.52459,43.36648],[-4.52407,43.36648],[-4.52262,43.36621],[-4.52211,43.36619],[-4.52158,43.36626],[-4.52149,43.36633],[-4.52143,43.3666],[-4.5224,43.36704],[-4.52305,43.36743],[-4.52354,43.36786],[-4.52363,43.36765],[-4.52391,43.36738],[-4.52462,43.36716],[-4.52506,43.36706],[-4.52527,43.3671],[-4.52571,43.36733],[-4.52563,43.36744],[-4.52381,43.36824],[-4.52391,43.36851],[-4.52392,43.36892],[-4.52387,43.36916],[-4.52306,43.36985],[-4.52253,43.37018],[-4.52243,43.37035],[-4.52241,43.37055],[-4.52216,43.37061],[-4.5215,43.37134],[-4.52091,43.3724],[-4.51956,43.37431],[-4.51966,43.37432],[-4.51996,43.37417],[-4.52007,43.37418],[-4.5199,43.37433],[-4.51971,43.37433],[-4.51954,43.3744],[-4.5193,43.37473],[-4.51905,43.37484],[-4.51865,43.37547],[-4.51856,43.37553],[-4.51847,43.37552],[-4.51817,43.37577],[-4.51763,43.37634],[-4.51756,43.37631],[-4.51725,43.37664],[-4.51708,43.37659],[-4.51675,43.37695],[-4.51687,43.377],[-4.51675,43.37711],[-4.51679,43.37717],[-4.51616,43.3775],[-4.51576,43.37763],[-4.51471,43.37814],[-4.51384,43.37865],[-4.5129,43.37931],[-4.51273,43.37948],[-4.51238,43.38001],[-4.51276,43.38005],[-4.51303,43.37988],[-4.51342,43.37996],[-4.5134,43.38007],[-4.51353,43.38012],[-4.51348,43.38038],[-4.51451,43.38064],[-4.51455,43.38053],[-4.51483,43.38027],[-4.51556,43.3809],[-4.51729,43.38054],[-4.51839,43.38093],[-4.51898,43.38089],[-4.51964,43.38025],[-4.51919,43.37999],[-4.51938,43.37975],[-4.51936,43.37967],[-4.51898,43.3797],[-4.51842,43.37945],[-4.51824,43.37873],[-4.51801,43.37847],[-4.5181,43.37839],[-4.51841,43.37887],[-4.51841,43.37907],[-4.51851,43.37944],[-4.51893,43.37961],[-4.5192,43.37963],[-4.5194,43.37959],[-4.51954,43.3795],[-4.51969,43.37931],[-4.5197,43.37917],[-4.51942,43.37891],[-4.51958,43.37868],[-4.51977,43.37871],[-4.51986,43.37906],[-4.52097,43.37905],[-4.52114,43.37892],[-4.52168,43.37892],[-4.52177,43.37865],[-4.5217,43.37861],[-4.52173,43.37842],[-4.52246,43.37886],[-4.52141,43.37915],[-4.52171,43.37936],[-4.52156,43.37949],[-4.52091,43.37928],[-4.52026,43.37925],[-4.51988,43.37913],[-4.51979,43.37916],[-4.51981,43.37924],[-4.51973,43.3794],[-4.51959,43.37952],[-4.51966,43.37957],[-4.52033,43.37967],[-4.5205,43.37985],[-4.52046,43.38031],[-4.52052,43.38035],[-4.52009,43.38137],[-4.52024,43.38145],[-4.52045,43.38166],[-4.52063,43.38169],[-4.52113,43.38169],[-4.52177,43.38162],[-4.52204,43.38152],[-4.52221,43.38121],[-4.52221,43.38085],[-4.52214,43.38057],[-4.52257,43.37991],[-4.52333,43.37904],[-4.52285,43.37875],[-4.52282,43.37868],[-4.52254,43.37849],[-4.52251,43.37825],[-4.52257,43.37813],[-4.52281,43.37806],[-4.5228,43.37789],[-4.52288,43.37776],[-4.52355,43.37727],[-4.52431,43.37729],[-4.52467,43.37723],[-4.5247,43.37714],[-4.52491,43.37696],[-4.52588,43.37688],[-4.52653,43.37663],[-4.52748,43.37666],[-4.52809,43.37648],[-4.52837,43.37653],[-4.52857,43.37673],[-4.52845,43.37699],[-4.52864,43.3772],[-4.52877,43.37716],[-4.52894,43.37724],[-4.52863,43.37773],[-4.52862,43.37792],[-4.52814,43.37803],[-4.52798,43.37817],[-4.52796,43.37835],[-4.52816,43.37851],[-4.52822,43.37875],[-4.52758,43.37904],[-4.52732,43.37937],[-4.52746,43.37963],[-4.52772,43.37991],[-4.52734,43.38009],[-4.52684,43.37991],[-4.52554,43.37969],[-4.52507,43.37969],[-4.52484,43.37974],[-4.52337,43.37905],[-4.52314,43.37926],[-4.52407,43.37982],[-4.52408,43.37993],[-4.52381,43.38084],[-4.52337,43.38129],[-4.52322,43.38152],[-4.52319,43.3817],[-4.52322,43.38189],[-4.52287,43.38176],[-4.52251,43.38176],[-4.52096,43.38214],[-4.52041,43.38222],[-4.52019,43.38235],[-4.51942,43.38251],[-4.51861,43.38252],[-4.51784,43.38271],[-4.5177,43.38269],[-4.51744,43.38279],[-4.51725,43.38315],[-4.51704,43.38323],[-4.51596,43.38345],[-4.51564,43.38345],[-4.51517,43.38364],[-4.51457,43.38405],[-4.5141,43.38446],[-4.51408,43.38453],[-4.51394,43.38458],[-4.51339,43.38509],[-4.51341,43.38519],[-4.51323,43.38546],[-4.51319,43.3856],[-4.51308,43.3857],[-4.51308,43.38577],[-4.51341,43.38612],[-4.51338,43.38616],[-4.51358,43.38641],[-4.51362,43.3868],[-4.51375,43.38695],[-4.51375,43.38719],[-4.51368,43.38723],[-4.51384,43.38734],[-4.51405,43.38758],[-4.51419,43.38764],[-4.51426,43.38762],[-4.51433,43.38769],[-4.51435,43.38789],[-4.51448,43.38805],[-4.51464,43.38815],[-4.51471,43.38847],[-4.51453,43.3886],[-4.5144,43.38874],[-4.51439,43.38881],[-4.51446,43.38884],[-4.51448,43.38901],[-4.51454,43.38904],[-4.51447,43.38911],[-4.51452,43.38923],[-4.51466,43.38926],[-4.5147,43.38936],[-4.51463,43.38946],[-4.51427,43.38957],[-4.51414,43.38976],[-4.51392,43.38984],[-4.51386,43.39008],[-4.5136,43.39027],[-4.51388,43.39039],[-4.51376,43.39045],[-4.51369,43.39055],[-4.51386,43.39067],[-4.51446,43.39087],[-4.51463,43.39102],[-4.51471,43.39119],[-4.51469,43.3913],[-4.51394,43.39151],[-4.51389,43.39159],[-4.51394,43.39169],[-4.51371,43.39177],[-4.51351,43.39196],[-4.51332,43.39206],[-4.51317,43.39255],[-4.5132,43.39272],[-4.51312,43.39294],[-4.51318,43.39321],[-4.51326,43.39329],[-4.5132,43.39336],[-4.51332,43.39361],[-4.51332,43.39361]],[[-4.52535,43.3673],[-4.52513,43.36715],[-4.52415,43.36735],[-4.52396,43.36746],[-4.52357,43.36788],[-4.52359,43.36802],[-4.52376,43.36816],[-4.52525,43.36753],[-4.52542,43.36742],[-4.52535,43.3673]]]},"properties":{"id":"physical-es-water-ES018MSPFES132MAT000090","name":"Estuario de Tina Mayor","slug":"estuario-de-tina-mayor","aliases":["Tina Mayor Estuary"],"kind":"estuary","sourceId":"miteco-water-2027","geometryRole":"area","boundaryStatus":"reference","bbox":[-4.53747,43.3613,-4.50442,43.39361],"center":[-4.520944999999999,43.377455],"referenceYear":2023,"geometryNote":"Superficie de la masa de agua de transición del plan hidrológico 2022–2027. No delimita todo el paisaje de la ría ni sus terrenos ribereños.","sourceCode":"ES018MSPFES132MAT000090","sourceDate":"2023-09-25"}},{"type":"Feature","id":"physical-es-water-ES018MSPFES076MAT000230","geometry":{"type":"Polygon","coordinates":[[[-3.31922,43.3677],[-3.31903,43.36808],[-3.31905,43.36866],[-3.31921,43.36961],[-3.31921,43.36984],[-3.31908,43.37008],[-3.31891,43.3702],[-3.31879,43.37039],[-3.3188,43.37094],[-3.31886,43.37118],[-3.31901,43.3714],[-3.31915,43.37178],[-3.31934,43.37203],[-3.32064,43.37232],[-3.32103,43.37261],[-3.32115,43.37287],[-3.32115,43.37301],[-3.32105,43.37335],[-3.32088,43.37362],[-3.32087,43.37433],[-3.32079,43.37468],[-3.3208,43.37528],[-3.32107,43.37569],[-3.32127,43.37575],[-3.32146,43.37588],[-3.32138,43.37663],[-3.32144,43.37686],[-3.3216,43.3763],[-3.32169,43.37639],[-3.32172,43.3767],[-3.32183,43.37699],[-3.32226,43.37713],[-3.32234,43.37726],[-3.3224,43.37777],[-3.32234,43.378],[-3.32244,43.3782],[-3.32261,43.37833],[-3.32268,43.37846],[-3.32275,43.37878],[-3.32273,43.379],[-3.32248,43.37908],[-3.32233,43.37904],[-3.32209,43.37907],[-3.3221,43.37919],[-3.3224,43.3794],[-3.32239,43.37948],[-3.32227,43.37954],[-3.32229,43.37962],[-3.32244,43.37975],[-3.32268,43.37968],[-3.32258,43.38043],[-3.32255,43.38058],[-3.32228,43.38106],[-3.32228,43.38141],[-3.32219,43.38176],[-3.32218,43.3821],[-3.32189,43.38273],[-3.32185,43.38331],[-3.32174,43.38358],[-3.32171,43.38412],[-3.32141,43.38591],[-3.3204,43.38976],[-3.32012,43.39121],[-3.32045,43.3912],[-3.32051,43.3913],[-3.32043,43.39182],[-3.32164,43.39205],[-3.32168,43.39276],[-3.32178,43.39289],[-3.32167,43.39302],[-3.32155,43.39344],[-3.32139,43.3935],[-3.3213,43.39363],[-3.32113,43.39406],[-3.32106,43.39442],[-3.3209,43.3945],[-3.32069,43.39453],[-3.32046,43.39482],[-3.31954,43.39509],[-3.31949,43.39515],[-3.31954,43.39529],[-3.31941,43.39556],[-3.31922,43.39571],[-3.31915,43.39588],[-3.31913,43.39606],[-3.31922,43.39632],[-3.31914,43.39657],[-3.31898,43.39665],[-3.31878,43.39667],[-3.31869,43.39681],[-3.31852,43.39684],[-3.3174,43.39683],[-3.31694,43.39692],[-3.31672,43.39708],[-3.31666,43.39746],[-3.31658,43.39752],[-3.31591,43.39758],[-3.31537,43.39616],[-3.31472,43.39494],[-3.31468,43.39458],[-3.31486,43.39417],[-3.31511,43.3939],[-3.31512,43.39378],[-3.31505,43.3935],[-3.31482,43.39322],[-3.31472,43.39187],[-3.31474,43.39167],[-3.31484,43.39151],[-3.31607,43.39041],[-3.31624,43.39012],[-3.31643,43.39027],[-3.31673,43.39032],[-3.31697,43.39047],[-3.31722,43.39037],[-3.3184,43.39011],[-3.31906,43.39006],[-3.31969,43.38813],[-3.31892,43.38798],[-3.31894,43.38755],[-3.31906,43.38737],[-3.31899,43.38717],[-3.31915,43.38683],[-3.31914,43.38611],[-3.31923,43.38597],[-3.31852,43.38569],[-3.31829,43.38552],[-3.31819,43.38515],[-3.31843,43.38493],[-3.31842,43.38466],[-3.31831,43.3844],[-3.31831,43.38429],[-3.31872,43.38404],[-3.31894,43.38371],[-3.3191,43.38372],[-3.31917,43.38359],[-3.31931,43.3836],[-3.31938,43.38323],[-3.31944,43.38318],[-3.31943,43.38295],[-3.3195,43.38279],[-3.32072,43.38229],[-3.32076,43.38222],[-3.3209,43.38216],[-3.32091,43.38208],[-3.32154,43.38202],[-3.32176,43.3809],[-3.32177,43.38093],[-3.32184,43.38076],[-3.32187,43.38038],[-3.32194,43.38022],[-3.32191,43.37993],[-3.32179,43.37964],[-3.32162,43.37961],[-3.32106,43.37968],[-3.32109,43.37944],[-3.32129,43.37925],[-3.32156,43.37919],[-3.32154,43.37909],[-3.32116,43.37902],[-3.3212,43.37842],[-3.32111,43.37809],[-3.32101,43.37817],[-3.32098,43.37811],[-3.32099,43.37781],[-3.32092,43.37767],[-3.32072,43.37748],[-3.32073,43.37741],[-3.32061,43.37713],[-3.32018,43.37666],[-3.32006,43.37641],[-3.31972,43.37615],[-3.31976,43.37605],[-3.32015,43.37569],[-3.32023,43.37554],[-3.32033,43.3748],[-3.32048,43.37447],[-3.32053,43.37368],[-3.32086,43.37329],[-3.3209,43.37309],[-3.32087,43.37291],[-3.32079,43.37277],[-3.32065,43.37266],[-3.3204,43.3725],[-3.31932,43.37218],[-3.31887,43.37189],[-3.3186,43.3715],[-3.31858,43.37108],[-3.31864,43.37093],[-3.3186,43.37021],[-3.31885,43.36967],[-3.31891,43.36931],[-3.31878,43.36836],[-3.31882,43.36814],[-3.31892,43.36778],[-3.31918,43.36747],[-3.31942,43.36703],[-3.31985,43.36688],[-3.32023,43.36683],[-3.32095,43.36687],[-3.32195,43.36708],[-3.3225,43.36709],[-3.32286,43.36704],[-3.32326,43.36687],[-3.32394,43.36642],[-3.32406,43.36648],[-3.32342,43.36693],[-3.32307,43.3671],[-3.32279,43.36717],[-3.32231,43.36723],[-3.32025,43.36694],[-3.31991,43.36697],[-3.31955,43.36709],[-3.31922,43.3677]]]},"properties":{"id":"physical-es-water-ES018MSPFES076MAT000230","name":"Ría de Oriñón","slug":"ria-de-orinon","aliases":["Orinon Estuary"],"kind":"estuary","sourceId":"miteco-water-2027","geometryRole":"area","boundaryStatus":"reference","bbox":[-3.32406,43.36642,-3.31468,43.39758],"center":[-3.31937,43.382],"referenceYear":2023,"geometryNote":"Superficie de la masa de agua de transición del plan hidrológico 2022–2027. No delimita todo el paisaje de la ría ni sus terrenos ribereños.","sourceCode":"ES018MSPFES076MAT000230","sourceDate":"2023-09-25"}},{"type":"Feature","id":"physical-es-water-ES018MSPFES200MAT000040","geometry":{"type":"Polygon","coordinates":[[[-6.45748,43.54051],[-6.45695,43.54037],[-6.45583,43.54034],[-6.45569,43.54027],[-6.45497,43.54046],[-6.4547,43.5406],[-6.45447,43.54059],[-6.45434,43.54051],[-6.45489,43.53997],[-6.45522,43.54003],[-6.45557,43.53997],[-6.45598,43.53997],[-6.45724,43.54017],[-6.45843,43.5405],[-6.45892,43.54073],[-6.45903,43.54083],[-6.46096,43.54189],[-6.46159,43.54239],[-6.4623,43.54341],[-6.46309,43.54483],[-6.46324,43.54538],[-6.46384,43.54643],[-6.46404,43.54665],[-6.46497,43.54715],[-6.46515,43.54716],[-6.46554,43.54697],[-6.46563,43.54703],[-6.46527,43.54724],[-6.4664,43.54799],[-6.46715,43.54815],[-6.46784,43.54837],[-6.46776,43.54817],[-6.46722,43.54776],[-6.46705,43.54744],[-6.46706,43.5474],[-6.46734,43.54746],[-6.46785,43.54791],[-6.46805,43.54839],[-6.46844,43.54886],[-6.46894,43.54917],[-6.469,43.5493],[-6.46936,43.54947],[-6.46938,43.54952],[-6.46972,43.54959],[-6.46983,43.54957],[-6.47028,43.54933],[-6.471,43.54909],[-6.47162,43.54915],[-6.47185,43.54896],[-6.47268,43.54894],[-6.47336,43.54883],[-6.47371,43.54899],[-6.4742,43.54862],[-6.4745,43.5487],[-6.47474,43.54864],[-6.47479,43.54852],[-6.4749,43.54843],[-6.47511,43.54845],[-6.47554,43.54863],[-6.47552,43.54875],[-6.47567,43.54864],[-6.47586,43.54863],[-6.4765,43.54897],[-6.47681,43.54921],[-6.47688,43.54932],[-6.47683,43.54936],[-6.47691,43.54965],[-6.47679,43.55015],[-6.47668,43.55038],[-6.47672,43.5504],[-6.47698,43.55014],[-6.47712,43.55019],[-6.47734,43.54997],[-6.47747,43.54995],[-6.47779,43.55008],[-6.47788,43.55],[-6.47795,43.55],[-6.47895,43.55054],[-6.47909,43.5507],[-6.47934,43.55068],[-6.47876,43.55106],[-6.47345,43.55494],[-6.47343,43.55485],[-6.47297,43.55481],[-6.47245,43.55447],[-6.47249,43.5542],[-6.47201,43.55396],[-6.47196,43.5537],[-6.47219,43.55343],[-6.47158,43.55237],[-6.47111,43.55224],[-6.47045,43.55229],[-6.46988,43.55203],[-6.46937,43.55145],[-6.46862,43.55083],[-6.46859,43.54986],[-6.46356,43.54682],[-6.46231,43.54441],[-6.46213,43.54409],[-6.4619,43.54388],[-6.4611,43.54238],[-6.46044,43.54191],[-6.45943,43.54133],[-6.45848,43.54089],[-6.45748,43.54051]]]},"properties":{"id":"physical-es-water-ES018MSPFES200MAT000040","name":"Estuario del Esva","slug":"estuario-del-esva","aliases":["Esva Estuary"],"kind":"estuary","sourceId":"miteco-water-2027","geometryRole":"area","boundaryStatus":"reference","bbox":[-6.47934,43.53997,-6.45434,43.55494],"center":[-6.4668399999999995,43.547455],"referenceYear":2023,"geometryNote":"Superficie de la masa de agua de transición del plan hidrológico 2022–2027. No delimita todo el paisaje de la ría ni sus terrenos ribereños.","sourceCode":"ES018MSPFES200MAT000040","sourceDate":"2023-09-25"}},{"type":"Feature","id":"physical-es-water-ES018MSPFES144MAT000080","geometry":{"type":"Polygon","coordinates":[[[-5.06609,43.46962],[-5.06608,43.46937],[-5.06592,43.46939],[-5.06564,43.46908],[-5.06567,43.46847],[-5.06553,43.46825],[-5.06497,43.46789],[-5.06473,43.46784],[-5.06389,43.46781],[-5.0623,43.46759],[-5.06159,43.46741],[-5.06016,43.46676],[-5.0599,43.46657],[-5.05915,43.4656],[-5.05897,43.46528],[-5.05742,43.46381],[-5.06009,43.46214],[-5.06022,43.46162],[-5.06034,43.46153],[-5.06085,43.46017],[-5.0612,43.46003],[-5.06142,43.45966],[-5.0617,43.45959],[-5.06178,43.45931],[-5.0619,43.45933],[-5.06182,43.45896],[-5.06181,43.45843],[-5.06186,43.45841],[-5.06237,43.45884],[-5.06252,43.45888],[-5.0626,43.45845],[-5.06242,43.45824],[-5.06288,43.45838],[-5.06307,43.45798],[-5.06303,43.45772],[-5.0629,43.4575],[-5.06254,43.45741],[-5.06226,43.45682],[-5.06225,43.45666],[-5.06097,43.45506],[-5.06041,43.45424],[-5.05906,43.4529],[-5.05792,43.45143],[-5.05667,43.45067],[-5.0558,43.45034],[-5.05544,43.45004],[-5.0548,43.44967],[-5.05227,43.44836],[-5.05248,43.44814],[-5.05272,43.44821],[-5.053,43.4484],[-5.05344,43.44844],[-5.05368,43.44867],[-5.05452,43.44855],[-5.05413,43.44746],[-5.05404,43.44692],[-5.05413,43.44597],[-5.05415,43.44475],[-5.0544,43.44389],[-5.05468,43.44324],[-5.05511,43.44251],[-5.05539,43.44178],[-5.05572,43.44152],[-5.05673,43.44004],[-5.05785,43.43888],[-5.05822,43.43838],[-5.05821,43.43829],[-5.05964,43.43667],[-5.06097,43.43579],[-5.06142,43.43537],[-5.06175,43.43493],[-5.06195,43.43423],[-5.0624,43.43342],[-5.06312,43.4318],[-5.06267,43.4307],[-5.06218,43.43015],[-5.062,43.42979],[-5.06128,43.42867],[-5.0616,43.42822],[-5.062,43.42782],[-5.06234,43.42724],[-5.06266,43.42704],[-5.06346,43.4269],[-5.06383,43.42695],[-5.06422,43.42707],[-5.06499,43.4274],[-5.06577,43.42791],[-5.0662,43.42844],[-5.06648,43.42887],[-5.06666,43.42919],[-5.06675,43.42953],[-5.06649,43.42982],[-5.06618,43.42996],[-5.06588,43.42963],[-5.0648,43.42885],[-5.06404,43.42838],[-5.06357,43.42827],[-5.06321,43.42834],[-5.06229,43.42891],[-5.06227,43.42921],[-5.06288,43.42976],[-5.06326,43.43052],[-5.06344,43.43074],[-5.0636,43.43063],[-5.06395,43.43149],[-5.06401,43.4318],[-5.06397,43.43205],[-5.06352,43.43255],[-5.06322,43.43446],[-5.06267,43.43527],[-5.06242,43.43541],[-5.06178,43.43592],[-5.06035,43.43752],[-5.05977,43.43783],[-5.05892,43.43867],[-5.05904,43.43933],[-5.05801,43.44039],[-5.05763,43.44055],[-5.05765,43.44094],[-5.05713,43.44147],[-5.05686,43.44198],[-5.05587,43.44332],[-5.05551,43.44397],[-5.05505,43.4453],[-5.05505,43.44578],[-5.05525,43.44612],[-5.05553,43.44595],[-5.05581,43.44496],[-5.05612,43.44415],[-5.05676,43.44272],[-5.05673,43.44259],[-5.05696,43.44229],[-5.05669,43.44316],[-5.05648,43.44365],[-5.05619,43.44465],[-5.05593,43.44593],[-5.05596,43.44718],[-5.05621,43.44817],[-5.05659,43.4481],[-5.05638,43.44668],[-5.05643,43.44646],[-5.05656,43.44746],[-5.05678,43.44791],[-5.05689,43.44843],[-5.05711,43.44884],[-5.05724,43.44921],[-5.05749,43.44937],[-5.05772,43.44936],[-5.05796,43.44943],[-5.05789,43.44905],[-5.05771,43.44866],[-5.0574,43.44808],[-5.05728,43.44805],[-5.05711,43.44738],[-5.05701,43.44677],[-5.05704,43.44621],[-5.05694,43.44589],[-5.05702,43.44572],[-5.05713,43.44619],[-5.05715,43.44708],[-5.05738,43.44774],[-5.05807,43.44895],[-5.05824,43.44917],[-5.05873,43.44955],[-5.05876,43.44978],[-5.05895,43.45033],[-5.05933,43.45086],[-5.05948,43.45098],[-5.06009,43.45119],[-5.06043,43.45118],[-5.06033,43.45098],[-5.06052,43.45083],[-5.06027,43.45061],[-5.0605,43.45017],[-5.06085,43.44977],[-5.0609,43.44949],[-5.06083,43.44939],[-5.06045,43.4494],[-5.05937,43.44956],[-5.05993,43.44932],[-5.0597,43.44918],[-5.0597,43.4491],[-5.05981,43.44908],[-5.05996,43.44915],[-5.06108,43.4493],[-5.06122,43.44975],[-5.06119,43.44992],[-5.06098,43.45039],[-5.06102,43.45132],[-5.06088,43.4517],[-5.06085,43.45209],[-5.06116,43.45226],[-5.06138,43.45259],[-5.06173,43.45252],[-5.06191,43.45243],[-5.06199,43.45227],[-5.06207,43.45222],[-5.0619,43.4515],[-5.06201,43.45137],[-5.06274,43.45109],[-5.06318,43.45119],[-5.06339,43.45135],[-5.06363,43.45119],[-5.06395,43.45139],[-5.06435,43.45118],[-5.06464,43.45117],[-5.0651,43.45101],[-5.06539,43.45069],[-5.06455,43.45022],[-5.06361,43.44991],[-5.06317,43.4496],[-5.06261,43.44898],[-5.0623,43.44853],[-5.06201,43.44837],[-5.06181,43.44833],[-5.06182,43.44824],[-5.06199,43.4481],[-5.06201,43.44796],[-5.06299,43.44834],[-5.06305,43.44828],[-5.06287,43.44788],[-5.06257,43.44788],[-5.06245,43.44768],[-5.06185,43.44728],[-5.06161,43.44733],[-5.06134,43.447],[-5.06119,43.4467],[-5.06145,43.44661],[-5.0616,43.44636],[-5.06201,43.44613],[-5.06222,43.44567],[-5.06216,43.44519],[-5.06199,43.44495],[-5.06163,43.4448],[-5.06139,43.44458],[-5.06086,43.44423],[-5.06086,43.44392],[-5.06066,43.44365],[-5.06086,43.44367],[-5.06085,43.44324],[-5.06092,43.44324],[-5.06102,43.44381],[-5.06127,43.44426],[-5.06185,43.44466],[-5.06194,43.44466],[-5.06186,43.44447],[-5.062,43.44443],[-5.06257,43.44528],[-5.06245,43.44581],[-5.06255,43.44675],[-5.06286,43.44697],[-5.06317,43.44694],[-5.06347,43.44706],[-5.06344,43.44725],[-5.06362,43.44745],[-5.06358,43.44761],[-5.06366,43.44768],[-5.06364,43.4478],[-5.06398,43.44784],[-5.06447,43.4471],[-5.06467,43.44715],[-5.06485,43.44737],[-5.06487,43.4478],[-5.06477,43.44817],[-5.06458,43.44847],[-5.06431,43.44854],[-5.06468,43.44912],[-5.06511,43.44961],[-5.06567,43.44991],[-5.06598,43.4498],[-5.06607,43.44961],[-5.06578,43.44929],[-5.0656,43.44898],[-5.0652,43.44889],[-5.06509,43.44876],[-5.06485,43.44863],[-5.06476,43.44846],[-5.06513,43.44837],[-5.06572,43.44877],[-5.06663,43.44949],[-5.0667,43.44945],[-5.06671,43.44926],[-5.06658,43.44902],[-5.0663,43.44878],[-5.06637,43.44855],[-5.06691,43.44843],[-5.06696,43.44859],[-5.06687,43.44869],[-5.06687,43.44897],[-5.06702,43.4496],[-5.06744,43.44961],[-5.06734,43.45012],[-5.06752,43.45025],[-5.06758,43.45043],[-5.06818,43.45114],[-5.06808,43.45093],[-5.06815,43.45082],[-5.06851,43.45063],[-5.06864,43.45051],[-5.06872,43.4502],[-5.06877,43.45016],[-5.06882,43.4502],[-5.06879,43.4505],[-5.06895,43.45106],[-5.06948,43.45034],[-5.06973,43.45039],[-5.07065,43.45034],[-5.07084,43.45062],[-5.07095,43.45065],[-5.07097,43.45094],[-5.07086,43.451],[-5.07087,43.4512],[-5.07081,43.45126],[-5.07084,43.45146],[-5.07146,43.45183],[-5.07155,43.45211],[-5.0719,43.45218],[-5.07193,43.45225],[-5.07157,43.45226],[-5.07102,43.45256],[-5.07093,43.45271],[-5.07089,43.45299],[-5.07099,43.45312],[-5.07096,43.45342],[-5.07082,43.45343],[-5.07082,43.45387],[-5.07103,43.4541],[-5.07163,43.45424],[-5.07117,43.45474],[-5.07046,43.45499],[-5.06975,43.4554],[-5.07016,43.45596],[-5.07035,43.45597],[-5.07009,43.4562],[-5.06993,43.45644],[-5.06986,43.4565],[-5.06976,43.4565],[-5.06924,43.45641],[-5.06923,43.45629],[-5.06865,43.45647],[-5.0679,43.45641],[-5.06771,43.45647],[-5.06752,43.4568],[-5.06749,43.45679],[-5.06728,43.45777],[-5.06715,43.45871],[-5.06729,43.45922],[-5.0673,43.45944],[-5.067,43.45988],[-5.06709,43.46087],[-5.06706,43.46116],[-5.06718,43.4617],[-5.0671,43.4619],[-5.0665,43.46236],[-5.06616,43.46248],[-5.06555,43.46263],[-5.06527,43.46259],[-5.06469,43.46261],[-5.06445,43.46276],[-5.06427,43.46301],[-5.06415,43.46297],[-5.06385,43.46344],[-5.06542,43.4641],[-5.06579,43.46419],[-5.06649,43.46417],[-5.06641,43.46399],[-5.06674,43.46382],[-5.06802,43.46285],[-5.06904,43.46273],[-5.06935,43.46272],[-5.06975,43.46278],[-5.07043,43.46302],[-5.07131,43.46319],[-5.07207,43.4636],[-5.07365,43.46362],[-5.07363,43.46372],[-5.07401,43.46393],[-5.07447,43.46438],[-5.07471,43.46447],[-5.07536,43.46455],[-5.07552,43.46452],[-5.07649,43.46485],[-5.07844,43.46505],[-5.07925,43.46501],[-5.07984,43.4649],[-5.0801,43.46491],[-5.08002,43.46499],[-5.08246,43.46562],[-5.08326,43.46574],[-5.08447,43.46571],[-5.08481,43.46606],[-5.08527,43.46676],[-5.08507,43.46683],[-5.08459,43.46606],[-5.08281,43.46587],[-5.07991,43.46517],[-5.07949,43.4653],[-5.07912,43.46607],[-5.079,43.46598],[-5.07889,43.46566],[-5.07859,43.46562],[-5.07854,43.46566],[-5.0781,43.46557],[-5.07773,43.4657],[-5.07764,43.46551],[-5.07721,43.46546],[-5.07696,43.46552],[-5.07629,43.46534],[-5.07535,43.46524],[-5.07537,43.46513],[-5.07511,43.46522],[-5.0733,43.46498],[-5.0724,43.46467],[-5.07214,43.46468],[-5.07136,43.46452],[-5.06992,43.4639],[-5.06926,43.46352],[-5.06911,43.4636],[-5.06909,43.46346],[-5.0687,43.46341],[-5.06844,43.46344],[-5.06834,43.46351],[-5.06809,43.46424],[-5.06795,43.46445],[-5.06674,43.46479],[-5.06649,43.46418],[-5.06597,43.46421],[-5.06561,43.46417],[-5.06519,43.46404],[-5.06384,43.46345],[-5.06244,43.4656],[-5.06232,43.46559],[-5.06229,43.46572],[-5.06235,43.466],[-5.06261,43.46634],[-5.06273,43.46633],[-5.06291,43.46645],[-5.06314,43.46652],[-5.06351,43.46651],[-5.06514,43.46587],[-5.06682,43.46539],[-5.06738,43.46531],[-5.06841,43.4652],[-5.06945,43.46517],[-5.07094,43.46524],[-5.07285,43.46566],[-5.07456,43.4662],[-5.07498,43.46638],[-5.0757,43.46684],[-5.07635,43.46743],[-5.07632,43.4675],[-5.07639,43.46768],[-5.0763,43.468],[-5.07626,43.46807],[-5.07605,43.46819],[-5.07612,43.46877],[-5.07626,43.46909],[-5.07599,43.46966],[-5.07599,43.46975],[-5.07618,43.46984],[-5.0761,43.46994],[-5.07609,43.47004],[-5.075,43.47047],[-5.06616,43.46964],[-5.06609,43.46962]]]},"properties":{"id":"physical-es-water-ES018MSPFES144MAT000080","name":"Estuario de Ribadesella","slug":"estuario-de-ribadesella","aliases":["Ribadesella Estuary","Ribadesella"],"kind":"estuary","sourceId":"miteco-water-2027","geometryRole":"area","boundaryStatus":"reference","bbox":[-5.08527,43.4269,-5.05227,43.47047],"center":[-5.068770000000001,43.448685],"referenceYear":2023,"geometryNote":"Superficie de la masa de agua de transición del plan hidrológico 2022–2027. No delimita todo el paisaje de la ría ni sus terrenos ribereños.","sourceCode":"ES018MSPFES144MAT000080","sourceDate":"2023-09-25"}},{"type":"Feature","id":"physical-es-water-ES018MSPFES113MAT000120","geometry":{"type":"Polygon","coordinates":[[[-4.31838,43.38867],[-4.31845,43.38782],[-4.31862,43.38773],[-4.31868,43.38761],[-4.3188,43.38757],[-4.31887,43.38745],[-4.31881,43.38739],[-4.31887,43.38724],[-4.31931,43.38683],[-4.31942,43.38663],[-4.31931,43.38639],[-4.31925,43.38601],[-4.31933,43.38581],[-4.31883,43.38562],[-4.31871,43.3854],[-4.31886,43.38506],[-4.31895,43.38506],[-4.31904,43.38498],[-4.31908,43.3849],[-4.31906,43.38481],[-4.31893,43.38467],[-4.3182,43.3847],[-4.31801,43.38445],[-4.31761,43.38433],[-4.31727,43.38411],[-4.31683,43.38373],[-4.31683,43.3836],[-4.31677,43.38352],[-4.31668,43.3835],[-4.31664,43.38335],[-4.31644,43.38324],[-4.31639,43.38301],[-4.31648,43.38266],[-4.31644,43.38204],[-4.31651,43.38177],[-4.31657,43.38083],[-4.31651,43.38074],[-4.31674,43.38055],[-4.31691,43.38048],[-4.31709,43.38027],[-4.31719,43.38005],[-4.31743,43.37993],[-4.31774,43.3804],[-4.31784,43.38035],[-4.31747,43.37983],[-4.31759,43.37966],[-4.31767,43.37962],[-4.31763,43.37952],[-4.31689,43.37886],[-4.31691,43.3788],[-4.31704,43.37874],[-4.31705,43.37856],[-4.31715,43.37848],[-4.31728,43.37817],[-4.3172,43.37798],[-4.31716,43.37778],[-4.31719,43.37773],[-4.31693,43.37755],[-4.31671,43.37748],[-4.31633,43.3775],[-4.31619,43.37744],[-4.316,43.37769],[-4.31591,43.37766],[-4.31594,43.37743],[-4.31562,43.3769],[-4.31521,43.376],[-4.3152,43.37587],[-4.31508,43.37566],[-4.31491,43.37555],[-4.31475,43.37526],[-4.31463,43.37529],[-4.31455,43.37539],[-4.31434,43.37545],[-4.31417,43.37541],[-4.31381,43.37506],[-4.31393,43.37479],[-4.314,43.37473],[-4.31396,43.3747],[-4.31382,43.3747],[-4.31315,43.37449],[-4.313,43.37433],[-4.31276,43.37419],[-4.31182,43.37395],[-4.31159,43.37369],[-4.31144,43.37341],[-4.31126,43.37271],[-4.31104,43.3725],[-4.31054,43.37227],[-4.31031,43.37231],[-4.31,43.37229],[-4.30991,43.37256],[-4.30978,43.37273],[-4.30974,43.37291],[-4.30909,43.37322],[-4.30905,43.37318],[-4.30907,43.37309],[-4.30936,43.37284],[-4.30957,43.37255],[-4.30951,43.3722],[-4.3096,43.37206],[-4.30975,43.37198],[-4.30982,43.37183],[-4.30922,43.37138],[-4.30905,43.37107],[-4.30894,43.37098],[-4.30885,43.37072],[-4.30886,43.37037],[-4.30875,43.37034],[-4.30812,43.37046],[-4.30794,43.37038],[-4.3077,43.37019],[-4.30789,43.36991],[-4.30806,43.36976],[-4.30817,43.3698],[-4.3082,43.36993],[-4.30806,43.37014],[-4.30834,43.37032],[-4.30864,43.37027],[-4.30885,43.37015],[-4.30889,43.37007],[-4.30863,43.36976],[-4.30851,43.3693],[-4.30842,43.36922],[-4.30823,43.36923],[-4.30811,43.36934],[-4.30807,43.36949],[-4.30788,43.36954],[-4.30789,43.36947],[-4.308,43.36942],[-4.30801,43.36935],[-4.30784,43.36921],[-4.30727,43.36949],[-4.30728,43.36929],[-4.30735,43.36918],[-4.30734,43.36901],[-4.30741,43.36889],[-4.30757,43.3688],[-4.30796,43.36867],[-4.3087,43.36869],[-4.30886,43.36862],[-4.30903,43.36834],[-4.30909,43.3683],[-4.30922,43.36831],[-4.30937,43.36814],[-4.30995,43.36811],[-4.31011,43.36824],[-4.31067,43.36803],[-4.31108,43.36808],[-4.31179,43.36806],[-4.3121,43.368],[-4.31277,43.36806],[-4.31342,43.36801],[-4.31398,43.36817],[-4.3142,43.36809],[-4.31421,43.36799],[-4.31439,43.36789],[-4.31432,43.36781],[-4.31454,43.36758],[-4.31469,43.3675],[-4.31518,43.36753],[-4.31538,43.36744],[-4.31539,43.36756],[-4.31508,43.36769],[-4.31471,43.36762],[-4.31455,43.36786],[-4.31451,43.3681],[-4.31464,43.36815],[-4.31488,43.36805],[-4.31482,43.36821],[-4.31454,43.36835],[-4.31448,43.36851],[-4.31434,43.36859],[-4.3141,43.36862],[-4.31378,43.36855],[-4.31357,43.36865],[-4.31293,43.3687],[-4.31281,43.36865],[-4.31262,43.36868],[-4.31221,43.36854],[-4.31203,43.36853],[-4.31199,43.36847],[-4.31184,43.36849],[-4.31177,43.36855],[-4.31154,43.36849],[-4.31107,43.3686],[-4.31088,43.36869],[-4.31079,43.36884],[-4.31088,43.36915],[-4.31078,43.3694],[-4.31084,43.3695],[-4.31106,43.36962],[-4.31082,43.36971],[-4.31081,43.36981],[-4.31096,43.36987],[-4.31113,43.36987],[-4.31147,43.37001],[-4.31173,43.36996],[-4.31204,43.37002],[-4.31239,43.36987],[-4.31257,43.36969],[-4.31294,43.36954],[-4.31364,43.36949],[-4.31402,43.36955],[-4.31424,43.36967],[-4.31483,43.36977],[-4.31537,43.36997],[-4.31604,43.37042],[-4.31605,43.37056],[-4.31628,43.37074],[-4.31628,43.37085],[-4.31645,43.37098],[-4.31705,43.37112],[-4.31747,43.37137],[-4.31786,43.37168],[-4.31776,43.37187],[-4.31776,43.37214],[-4.31769,43.37228],[-4.31791,43.37247],[-4.31785,43.3727],[-4.31783,43.37325],[-4.31779,43.37326],[-4.31774,43.37344],[-4.31765,43.37351],[-4.31745,43.37351],[-4.31735,43.3736],[-4.31727,43.37413],[-4.317,43.37467],[-4.31699,43.3748],[-4.317,43.37516],[-4.31711,43.37534],[-4.31756,43.3758],[-4.31789,43.37593],[-4.31789,43.37601],[-4.31757,43.37608],[-4.31744,43.37606],[-4.31731,43.37596],[-4.31703,43.37606],[-4.31691,43.37612],[-4.31685,43.3763],[-4.31687,43.37642],[-4.31699,43.37657],[-4.31701,43.37672],[-4.31709,43.37684],[-4.31723,43.37691],[-4.31748,43.37685],[-4.31761,43.37691],[-4.31775,43.37715],[-4.31799,43.37717],[-4.31816,43.37724],[-4.31818,43.37739],[-4.31844,43.3776],[-4.31844,43.37777],[-4.31859,43.37788],[-4.31872,43.37809],[-4.31859,43.37838],[-4.31849,43.37845],[-4.31848,43.37854],[-4.31833,43.37876],[-4.31863,43.37889],[-4.31914,43.37883],[-4.31951,43.37863],[-4.31958,43.37866],[-4.3202,43.37926],[-4.32024,43.37946],[-4.32019,43.37962],[-4.32026,43.37988],[-4.32021,43.3801],[-4.31997,43.3803],[-4.3195,43.38032],[-4.31872,43.38064],[-4.31832,43.38063],[-4.31817,43.38069],[-4.31803,43.38083],[-4.318,43.3812],[-4.31812,43.3814],[-4.31827,43.38153],[-4.31824,43.38168],[-4.31793,43.382],[-4.31805,43.38214],[-4.31812,43.38233],[-4.31811,43.3826],[-4.31846,43.38303],[-4.31889,43.38312],[-4.31914,43.3831],[-4.31941,43.38297],[-4.31988,43.38285],[-4.32005,43.38274],[-4.32096,43.38268],[-4.3203,43.38296],[-4.32002,43.38315],[-4.32005,43.38325],[-4.32039,43.38333],[-4.32062,43.3835],[-4.32097,43.38396],[-4.32095,43.38433],[-4.32079,43.38445],[-4.32088,43.3846],[-4.3209,43.38478],[-4.321,43.38488],[-4.3214,43.38493],[-4.32215,43.38476],[-4.32381,43.38464],[-4.32378,43.38647],[-4.32382,43.38647],[-4.32387,43.38485],[-4.32404,43.38469],[-4.32448,43.38459],[-4.32698,43.3846],[-4.32737,43.38431],[-4.32795,43.38426],[-4.32843,43.38415],[-4.32854,43.38405],[-4.32876,43.38406],[-4.32875,43.38394],[-4.32891,43.38378],[-4.32913,43.3837],[-4.32959,43.38341],[-4.32989,43.38333],[-4.33011,43.3832],[-4.33111,43.38296],[-4.33136,43.38297],[-4.33153,43.38292],[-4.33184,43.38296],[-4.33228,43.38272],[-4.33274,43.3827],[-4.33284,43.3826],[-4.33305,43.38254],[-4.33349,43.38228],[-4.33422,43.38205],[-4.33545,43.38191],[-4.33573,43.38202],[-4.33668,43.38191],[-4.33696,43.38178],[-4.33729,43.38181],[-4.33742,43.38178],[-4.33753,43.38182],[-4.33797,43.38154],[-4.33876,43.3812],[-4.33937,43.38099],[-4.33994,43.38097],[-4.34063,43.3811],[-4.34087,43.38128],[-4.341,43.38132],[-4.34106,43.38144],[-4.34142,43.38169],[-4.34193,43.38195],[-4.34188,43.382],[-4.34192,43.38217],[-4.34183,43.3823],[-4.34208,43.38234],[-4.34207,43.38242],[-4.34191,43.38248],[-4.34183,43.38262],[-4.3417,43.38264],[-4.34155,43.38274],[-4.34137,43.38276],[-4.34119,43.3829],[-4.3411,43.3829],[-4.3411,43.38271],[-4.341,43.38266],[-4.34082,43.38232],[-4.34014,43.38177],[-4.33984,43.38171],[-4.33961,43.38178],[-4.33923,43.38181],[-4.3389,43.382],[-4.33861,43.38225],[-4.33843,43.38249],[-4.33794,43.38282],[-4.33798,43.38312],[-4.33793,43.38331],[-4.33769,43.38351],[-4.33715,43.38304],[-4.33699,43.38313],[-4.33683,43.38313],[-4.33655,43.38328],[-4.3357,43.3834],[-4.33516,43.38357],[-4.3344,43.38344],[-4.33408,43.38349],[-4.33364,43.38346],[-4.33302,43.38374],[-4.33291,43.38381],[-4.33291,43.38393],[-4.33263,43.38418],[-4.33202,43.38447],[-4.33189,43.38442],[-4.33163,43.38455],[-4.33148,43.38456],[-4.33034,43.38443],[-4.33027,43.38459],[-4.33015,43.38463],[-4.33017,43.38469],[-4.32973,43.38506],[-4.32965,43.38516],[-4.32967,43.38522],[-4.32962,43.38532],[-4.32951,43.38542],[-4.32954,43.38561],[-4.3294,43.38583],[-4.3294,43.38596],[-4.32932,43.38608],[-4.32936,43.3862],[-4.32933,43.38629],[-4.32922,43.38638],[-4.32917,43.3866],[-4.32947,43.38678],[-4.32947,43.38682],[-4.32884,43.38686],[-4.32864,43.38683],[-4.32848,43.38674],[-4.32803,43.38683],[-4.32787,43.38703],[-4.32783,43.38717],[-4.32751,43.38728],[-4.32697,43.38732],[-4.32655,43.38744],[-4.32654,43.38753],[-4.32662,43.38771],[-4.32653,43.38779],[-4.32594,43.38801],[-4.32568,43.38795],[-4.325,43.388],[-4.32465,43.38786],[-4.32409,43.38752],[-4.3238,43.38741],[-4.32378,43.38687],[-4.32376,43.38735],[-4.32283,43.38738],[-4.32184,43.38758],[-4.32175,43.38765],[-4.32182,43.38777],[-4.32177,43.38784],[-4.32097,43.38789],[-4.3205,43.38807],[-4.32043,43.38823],[-4.3203,43.38829],[-4.31999,43.38827],[-4.31953,43.38836],[-4.31945,43.38946],[-4.31921,43.38947],[-4.31901,43.38942],[-4.31881,43.38927],[-4.31848,43.38912],[-4.31844,43.38892],[-4.31849,43.3888],[-4.31838,43.38867]]]},"properties":{"id":"physical-es-water-ES018MSPFES113MAT000120","name":"Ría de Oyambre","slug":"ria-de-oyambre","aliases":["Oyambre Estuary"],"kind":"estuary","sourceId":"miteco-water-2027","geometryRole":"area","boundaryStatus":"reference","bbox":[-4.34208,43.36744,-4.30727,43.38947],"center":[-4.324675,43.378455],"referenceYear":2023,"geometryNote":"Superficie de la masa de agua de transición del plan hidrológico 2022–2027. No delimita todo el paisaje de la ría ni sus terrenos ribereños.","sourceCode":"ES018MSPFES113MAT000120","sourceDate":"2023-09-25"}},{"type":"Feature","id":"physical-es-water-ES018MSPFES194MAT000050","geometry":{"type":"MultiPolygon","coordinates":[[[[-6.06321,43.56522],[-6.06364,43.56493],[-6.06364,43.56486],[-6.06389,43.56468],[-6.06393,43.5647],[-6.06411,43.56456],[-6.06408,43.56454],[-6.06428,43.56439],[-6.06431,43.56442],[-6.06455,43.56422],[-6.06447,43.56404],[-6.06446,43.56362],[-6.06452,43.5636],[-6.06468,43.56325],[-6.06496,43.56301],[-6.06555,43.56271],[-6.06576,43.56255],[-6.07573,43.56094],[-6.07622,43.55877],[-6.07639,43.55861],[-6.07626,43.55835],[-6.07633,43.55831],[-6.07639,43.55807],[-6.07649,43.55809],[-6.07653,43.55789],[-6.07637,43.55753],[-6.07587,43.55717],[-6.07608,43.55685],[-6.07603,43.55648],[-6.07585,43.55617],[-6.07433,43.55443],[-6.07427,43.5535],[-6.07429,43.55316],[-6.07468,43.55241],[-6.07466,43.55235],[-6.07453,43.5523],[-6.07436,43.55239],[-6.07455,43.55206],[-6.07477,43.55212],[-6.07531,43.55129],[-6.07625,43.55045],[-6.07812,43.54921],[-6.07974,43.54691],[-6.07925,43.54604],[-6.07921,43.54583],[-6.07863,43.54576],[-6.07823,43.54551],[-6.07789,43.54558],[-6.07679,43.54603],[-6.07668,43.54635],[-6.07626,43.54643],[-6.07606,43.54633],[-6.07598,43.54623],[-6.07574,43.54666],[-6.07542,43.54674],[-6.07507,43.54691],[-6.07471,43.54696],[-6.07431,43.5467],[-6.07393,43.54624],[-6.07394,43.54617],[-6.07377,43.54607],[-6.07347,43.54574],[-6.07337,43.54555],[-6.07311,43.54558],[-6.07366,43.54644],[-6.07449,43.54753],[-6.0745,43.54757],[-6.07439,43.54761],[-6.07411,43.54766],[-6.07422,43.54781],[-6.07424,43.54799],[-6.07442,43.54821],[-6.07457,43.54825],[-6.07457,43.54862],[-6.07448,43.54912],[-6.07472,43.54925],[-6.07473,43.54942],[-6.07455,43.54931],[-6.07438,43.54939],[-6.074,43.5497],[-6.07393,43.54999],[-6.07369,43.55016],[-6.0736,43.55015],[-6.07353,43.5507],[-6.07341,43.55029],[-6.07326,43.55021],[-6.07333,43.54936],[-6.07341,43.54929],[-6.0734,43.54887],[-6.07296,43.54889],[-6.07299,43.54862],[-6.07318,43.54862],[-6.07298,43.54837],[-6.07283,43.54839],[-6.07279,43.5483],[-6.07291,43.54827],[-6.07259,43.54789],[-6.07254,43.54757],[-6.07241,43.54751],[-6.07205,43.54751],[-6.07149,43.54736],[-6.07124,43.54747],[-6.06971,43.54757],[-6.06947,43.54773],[-6.06882,43.548],[-6.06872,43.54808],[-6.06843,43.54812],[-6.06835,43.54803],[-6.06868,43.54759],[-6.0689,43.54719],[-6.06934,43.54709],[-6.06961,43.5468],[-6.07061,43.54645],[-6.07074,43.54646],[-6.07035,43.54698],[-6.0704,43.54701],[-6.07099,43.54633],[-6.07127,43.54615],[-6.07292,43.54521],[-6.07316,43.54524],[-6.0734,43.54516],[-6.07356,43.54503],[-6.074,43.54415],[-6.07393,43.54388],[-6.07361,43.54344],[-6.07347,43.54313],[-6.07323,43.54277],[-6.07322,43.54243],[-6.07296,43.54245],[-6.07293,43.54239],[-6.07331,43.54204],[-6.07362,43.5423],[-6.07421,43.54264],[-6.07484,43.54259],[-6.07518,43.54281],[-6.07525,43.54293],[-6.07523,43.543],[-6.07538,43.54304],[-6.0764,43.54299],[-6.07663,43.54287],[-6.0768,43.54261],[-6.07684,43.54227],[-6.07679,43.54209],[-6.07634,43.54167],[-6.07624,43.54146],[-6.07607,43.5413],[-6.07597,43.54108],[-6.07577,43.5411],[-6.07564,43.54124],[-6.07542,43.54135],[-6.07512,43.54137],[-6.07488,43.54132],[-6.07456,43.5411],[-6.07399,43.54056],[-6.07394,43.54046],[-6.07395,43.54033],[-6.07388,43.54023],[-6.07392,43.53997],[-6.07379,43.53963],[-6.07375,43.53935],[-6.07367,43.53923],[-6.07375,43.53912],[-6.07363,43.53884],[-6.07351,43.53869],[-6.07355,43.53847],[-6.07406,43.53781],[-6.07466,43.53738],[-6.07511,43.53692],[-6.07511,43.53682],[-6.07529,43.53663],[-6.07553,43.53654],[-6.07567,43.53632],[-6.07618,43.53601],[-6.07683,43.53591],[-6.07693,43.53595],[-6.0777,43.53521],[-6.07805,43.53508],[-6.0791,43.53491],[-6.08007,43.53486],[-6.08029,43.53508],[-6.08113,43.53524],[-6.08126,43.53539],[-6.08136,43.53566],[-6.08159,43.53561],[-6.08152,43.53543],[-6.08175,43.53515],[-6.08173,43.53504],[-6.08161,43.53494],[-6.08165,43.53482],[-6.08239,43.53449],[-6.08265,43.53431],[-6.08282,43.53435],[-6.08325,43.53419],[-6.08332,43.53403],[-6.08418,43.53353],[-6.08481,43.53388],[-6.08532,43.53443],[-6.08544,43.53492],[-6.08609,43.53488],[-6.08627,43.53492],[-6.0865,43.53512],[-6.08666,43.53534],[-6.08737,43.53575],[-6.08722,43.53646],[-6.08782,43.53664],[-6.08792,43.5366],[-6.08871,43.53671],[-6.08907,43.53686],[-6.08907,43.53697],[-6.08932,43.537],[-6.08941,43.53691],[-6.09029,43.53683],[-6.09041,43.53706],[-6.09137,43.53723],[-6.09214,43.53676],[-6.09182,43.5356],[-6.09121,43.53455],[-6.09065,43.5339],[-6.09007,43.53335],[-6.08798,43.53158],[-6.08711,43.53107],[-6.08645,43.53062],[-6.08586,43.53037],[-6.08529,43.53029],[-6.08464,43.5301],[-6.08414,43.53008],[-6.08375,43.53015],[-6.08362,43.52983],[-6.08344,43.52961],[-6.0826,43.52915],[-6.08211,43.52941],[-6.0808,43.52971],[-6.08067,43.5298],[-6.08012,43.52974],[-6.08008,43.52965],[-6.07975,43.52956],[-6.07935,43.5293],[-6.07927,43.52915],[-6.07883,43.5287],[-6.07866,43.52846],[-6.07826,43.5275],[-6.07795,43.52667],[-6.07783,43.52611],[-6.0769,43.5235],[-6.07677,43.52298],[-6.07613,43.5214],[-6.07605,43.52126],[-6.07574,43.52129],[-6.0754,43.5214],[-6.07543,43.52128],[-6.07606,43.52118],[-6.07599,43.52107],[-6.07578,43.52019],[-6.07571,43.51968],[-6.0757,43.51911],[-6.07541,43.51734],[-6.07532,43.51633],[-6.075,43.51515],[-6.07514,43.51482],[-6.07519,43.51445],[-6.07533,43.514],[-6.07528,43.51345],[-6.07515,43.51322],[-6.07528,43.51319],[-6.07546,43.51341],[-6.07553,43.51392],[-6.0754,43.51457],[-6.0752,43.51514],[-6.07547,43.51614],[-6.07554,43.51617],[-6.07593,43.51427],[-6.07591,43.51355],[-6.0758,43.51281],[-6.07602,43.51202],[-6.07603,43.51176],[-6.07632,43.51088],[-6.07659,43.51012],[-6.07704,43.50911],[-6.07738,43.50851],[-6.07824,43.50724],[-6.07844,43.50707],[-6.07891,43.50645],[-6.07945,43.50591],[-6.08008,43.50535],[-6.08161,43.50422],[-6.08435,43.50247],[-6.0848,43.50208],[-6.08459,43.50152],[-6.08446,43.5013],[-6.08393,43.5008],[-6.08333,43.5004],[-6.08277,43.50012],[-6.08207,43.49996],[-6.08119,43.49994],[-6.08047,43.49983],[-6.08018,43.49983],[-6.07985,43.49965],[-6.07947,43.49885],[-6.0793,43.49824],[-6.07938,43.49794],[-6.07959,43.49747],[-6.08015,43.49682],[-6.07988,43.49592],[-6.07995,43.49518],[-6.08007,43.49487],[-6.08022,43.49467],[-6.08037,43.49427],[-6.08094,43.49351],[-6.08127,43.49323],[-6.0817,43.49304],[-6.08225,43.49287],[-6.0824,43.49343],[-6.0822,43.49347],[-6.08161,43.49377],[-6.08134,43.49403],[-6.08098,43.49486],[-6.08098,43.49508],[-6.08124,43.4957],[-6.08129,43.4961],[-6.08148,43.49669],[-6.0817,43.49714],[-6.08211,43.49768],[-6.0825,43.49809],[-6.08339,43.49897],[-6.08382,43.49922],[-6.08476,43.49995],[-6.08576,43.5013],[-6.08625,43.50171],[-6.08629,43.50194],[-6.08566,43.50245],[-6.08443,43.50332],[-6.08398,43.50369],[-6.08331,43.50439],[-6.08141,43.50576],[-6.0803,43.50668],[-6.07964,43.50729],[-6.07904,43.50815],[-6.07853,43.50899],[-6.07785,43.51045],[-6.07765,43.51102],[-6.07754,43.51139],[-6.07737,43.51235],[-6.0775,43.5133],[-6.07737,43.5139],[-6.07727,43.51493],[-6.07729,43.51514],[-6.07711,43.51644],[-6.07694,43.51715],[-6.07689,43.5177],[-6.07696,43.51803],[-6.07695,43.5186],[-6.07711,43.51895],[-6.07722,43.51938],[-6.07779,43.51991],[-6.07862,43.52103],[-6.0791,43.52146],[-6.07991,43.52176],[-6.0801,43.52175],[-6.08096,43.52191],[-6.08204,43.52157],[-6.0825,43.52169],[-6.0827,43.52209],[-6.08287,43.52222],[-6.0832,43.52268],[-6.08372,43.5238],[-6.08373,43.52396],[-6.08422,43.52481],[-6.08445,43.52512],[-6.08525,43.52488],[-6.08544,43.52478],[-6.08563,43.52477],[-6.08566,43.52481],[-6.08545,43.52484],[-6.08525,43.52495],[-6.08451,43.52517],[-6.08475,43.52546],[-6.08543,43.52698],[-6.0856,43.52722],[-6.08584,43.52735],[-6.08614,43.52731],[-6.08625,43.52721],[-6.08637,43.52694],[-6.08659,43.52679],[-6.08677,43.52685],[-6.08681,43.52706],[-6.0873,43.52709],[-6.08728,43.52714],[-6.08709,43.5271],[-6.08686,43.52713],[-6.08674,43.52706],[-6.08671,43.52686],[-6.08651,43.52688],[-6.08622,43.52731],[-6.08613,43.52738],[-6.08586,43.52743],[-6.08599,43.52772],[-6.08778,43.5295],[-6.08799,43.5294],[-6.08829,43.52957],[-6.08904,43.52987],[-6.08929,43.53003],[-6.08968,43.53016],[-6.08979,43.53012],[-6.08979,43.52991],[-6.08966,43.52978],[-6.08967,43.52972],[-6.08993,43.52959],[-6.08993,43.52949],[-6.09006,43.52919],[-6.09013,43.52921],[-6.08999,43.5295],[-6.08999,43.5296],[-6.08973,43.52973],[-6.08972,43.52978],[-6.08985,43.52989],[-6.08984,43.53001],[-6.08993,43.5303],[-6.0908,43.53035],[-6.09222,43.53091],[-6.09224,43.53079],[-6.09228,43.53081],[-6.09226,43.53092],[-6.09294,43.53131],[-6.09338,43.5317],[-6.09365,43.53201],[-6.09386,43.53236],[-6.09405,43.53239],[-6.09412,43.53235],[-6.09395,43.5321],[-6.09383,43.53201],[-6.09372,43.53176],[-6.09391,43.53172],[-6.09403,43.53193],[-6.09434,43.53182],[-6.09426,43.53156],[-6.09459,43.53151],[-6.09469,43.53135],[-6.09472,43.5314],[-6.09462,43.53157],[-6.09438,43.53156],[-6.09432,43.53165],[-6.09439,43.53183],[-6.09418,43.53194],[-6.09404,43.532],[-6.09388,43.5318],[-6.0938,43.5318],[-6.09391,43.53202],[-6.09406,43.53214],[-6.0942,43.53236],[-6.09444,43.53251],[-6.09458,43.53233],[-6.09474,43.53227],[-6.09483,43.53229],[-6.09509,43.5325],[-6.09505,43.53254],[-6.09478,43.53233],[-6.09459,43.53243],[-6.09455,43.53255],[-6.09505,43.53296],[-6.09551,43.53368],[-6.09564,43.53406],[-6.09583,43.53392],[-6.0957,43.53384],[-6.09576,43.53377],[-6.0957,43.53367],[-6.0959,43.53354],[-6.09593,43.5336],[-6.09578,43.53368],[-6.09581,43.53376],[-6.09576,43.53384],[-6.09589,43.53393],[-6.09568,43.5341],[-6.09588,43.53424],[-6.09606,43.53427],[-6.09624,43.53448],[-6.09636,43.53488],[-6.09622,43.53502],[-6.09649,43.5352],[-6.09648,43.53542],[-6.09656,43.53561],[-6.09663,43.53564],[-6.09669,43.53561],[-6.09674,43.53536],[-6.09686,43.53538],[-6.09696,43.53552],[-6.09708,43.53549],[-6.0971,43.53554],[-6.09696,43.53556],[-6.097,43.5356],[-6.09672,43.53573],[-6.09658,43.53573],[-6.09644,43.53562],[-6.09637,43.53543],[-6.09644,43.53522],[-6.09611,43.53508],[-6.09621,43.53488],[-6.09602,43.53438],[-6.09583,43.53431],[-6.09569,43.53442],[-6.09619,43.53562],[-6.09637,43.5366],[-6.09685,43.53659],[-6.09723,43.53598],[-6.09771,43.53687],[-6.09778,43.53719],[-6.09775,43.53755],[-6.09758,43.5379],[-6.09711,43.53842],[-6.09685,43.53863],[-6.09629,43.53869],[-6.09595,43.53891],[-6.09573,43.53897],[-6.09559,43.53915],[-6.09534,43.5392],[-6.09507,43.53913],[-6.09496,43.53933],[-6.09474,43.53937],[-6.09419,43.53933],[-6.09385,43.53923],[-6.09381,43.53916],[-6.09362,43.53912],[-6.0932,43.53891],[-6.09293,43.5389],[-6.09284,43.53883],[-6.0924,43.53875],[-6.09162,43.53885],[-6.09075,43.53911],[-6.09004,43.53918],[-6.08914,43.53888],[-6.08896,43.53871],[-6.08892,43.53858],[-6.08869,43.53865],[-6.08815,43.53861],[-6.08665,43.53882],[-6.08516,43.53883],[-6.08374,43.53867],[-6.08269,43.53822],[-6.08234,43.53824],[-6.08068,43.53861],[-6.0809,43.53888],[-6.08134,43.53882],[-6.08155,43.53891],[-6.08166,43.53918],[-6.08175,43.53917],[-6.08224,43.53945],[-6.08338,43.53988],[-6.08348,43.54005],[-6.0838,43.54014],[-6.08461,43.5405],[-6.08506,43.54078],[-6.08595,43.54105],[-6.08614,43.54122],[-6.08611,43.54135],[-6.08627,43.54163],[-6.08621,43.54176],[-6.08634,43.54178],[-6.08636,43.54209],[-6.08624,43.54231],[-6.08646,43.54267],[-6.08681,43.54296],[-6.08725,43.54311],[-6.08778,43.5435],[-6.08786,43.54369],[-6.08807,43.54395],[-6.08795,43.54413],[-6.08783,43.54418],[-6.0875,43.54396],[-6.08687,43.54377],[-6.08676,43.54387],[-6.08682,43.5439],[-6.08651,43.54405],[-6.08666,43.54421],[-6.0865,43.54443],[-6.08654,43.54459],[-6.0865,43.54465],[-6.08661,43.54474],[-6.08661,43.54489],[-6.08672,43.54505],[-6.08668,43.54538],[-6.08641,43.54565],[-6.08612,43.54573],[-6.08603,43.5458],[-6.08598,43.54603],[-6.08511,43.54605],[-6.08522,43.54715],[-6.08616,43.54711],[-6.08626,43.54704],[-6.08657,43.54704],[-6.08748,43.54718],[-6.08774,43.54712],[-6.08781,43.54718],[-6.0867,43.54823],[-6.08704,43.54887],[-6.0886,43.54995],[-6.08815,43.55079],[-6.08817,43.55085],[-6.0881,43.55094],[-6.08829,43.55101],[-6.08797,43.55153],[-6.08796,43.55146],[-6.08783,43.5514],[-6.08762,43.55185],[-6.08768,43.55184],[-6.08766,43.55189],[-6.08754,43.55191],[-6.08736,43.55241],[-6.08723,43.55232],[-6.08698,43.55258],[-6.08709,43.55265],[-6.08735,43.55244],[-6.08731,43.55258],[-6.08727,43.55255],[-6.08714,43.55265],[-6.08666,43.55329],[-6.08643,43.55328],[-6.08643,43.55353],[-6.0863,43.55351],[-6.08618,43.55365],[-6.08622,43.55369],[-6.08609,43.55378],[-6.08594,43.55372],[-6.08481,43.55474],[-6.08499,43.55487],[-6.08503,43.55484],[-6.0851,43.55489],[-6.08506,43.55492],[-6.0851,43.55495],[-6.08467,43.55522],[-6.08324,43.55547],[-6.08229,43.55582],[-6.08173,43.55608],[-6.08134,43.55634],[-6.08063,43.55708],[-6.08028,43.55734],[-6.08015,43.55752],[-6.08006,43.55769],[-6.0801,43.55772],[-6.08,43.55798],[-6.07994,43.55833],[-6.0797,43.5589],[-6.07978,43.55902],[-6.07967,43.55978],[-6.07925,43.55954],[-6.07904,43.5601],[-6.07899,43.5604],[-6.07872,43.56054],[-6.07887,43.56132],[-6.07912,43.5616],[-6.07911,43.56186],[-6.07897,43.56208],[-6.07939,43.56231],[-6.07961,43.56256],[-6.0796,43.56276],[-6.07949,43.56297],[-6.0793,43.56303],[-6.07929,43.56319],[-6.07943,43.56353],[-6.07932,43.56369],[-6.07918,43.56409],[-6.0793,43.56431],[-6.07924,43.56463],[-6.0784,43.56465],[-6.07909,43.56785],[-6.07907,43.56795],[-6.07853,43.56875],[-6.07818,43.5694],[-6.07747,43.57036],[-6.07736,43.57041],[-6.07723,43.5704],[-6.07414,43.56922],[-6.0684,43.56776],[-6.06313,43.5663],[-6.06295,43.5658],[-6.06295,43.56573],[-6.06313,43.56545],[-6.06321,43.56522]],[[-6.08446,43.5284],[-6.08487,43.52849],[-6.08488,43.5284],[-6.08446,43.52736],[-6.0844,43.527],[-6.08429,43.52686],[-6.08421,43.52662],[-6.08404,43.5264],[-6.08391,43.52597],[-6.08377,43.52573],[-6.08365,43.52537],[-6.08338,43.52495],[-6.08299,43.52448],[-6.08258,43.52417],[-6.08212,43.52395],[-6.08156,43.52359],[-6.0803,43.52313],[-6.0796,43.52293],[-6.07838,43.52247],[-6.07757,43.52209],[-6.07774,43.52274],[-6.07817,43.52378],[-6.07892,43.52594],[-6.07919,43.52602],[-6.07948,43.52603],[-6.08037,43.52633],[-6.081,43.52677],[-6.08234,43.5273],[-6.08288,43.52758],[-6.08306,43.52762],[-6.08356,43.52802],[-6.08426,43.52834],[-6.08446,43.5284]],[[-6.09521,43.53671],[-6.09582,43.53522],[-6.09576,43.53495],[-6.09557,43.53452],[-6.09556,43.5343],[-6.09539,43.5341],[-6.09529,43.53365],[-6.09494,43.53306],[-6.09456,43.53263],[-6.09425,43.53251],[-6.09394,43.53247],[-6.09397,43.53271],[-6.09384,43.53339],[-6.09368,43.53375],[-6.09366,43.53393],[-6.09374,43.53422],[-6.09365,43.53424],[-6.09361,43.53449],[-6.09368,43.53455],[-6.09393,43.53519],[-6.09406,43.53637],[-6.09427,43.53634],[-6.09487,43.53672],[-6.0952,43.53675],[-6.09521,43.53671]],[[-6.08099,43.49764],[-6.08049,43.49716],[-6.08008,43.49717],[-6.07984,43.49746],[-6.07955,43.49796],[-6.07949,43.49818],[-6.07967,43.49875],[-6.07998,43.49942],[-6.08016,43.49956],[-6.08114,43.49962],[-6.08124,43.49974],[-6.08205,43.49965],[-6.08226,43.49968],[-6.0834,43.50002],[-6.08261,43.49926],[-6.08197,43.49876],[-6.08148,43.49821],[-6.08099,43.49764]],[[-6.0805,43.52903],[-6.08067,43.52844],[-6.08099,43.52806],[-6.08107,43.52806],[-6.08171,43.52769],[-6.08231,43.52754],[-6.08218,43.52744],[-6.0813,43.52709],[-6.0803,43.5264],[-6.0798,43.52622],[-6.07939,43.52617],[-6.07917,43.52609],[-6.07888,43.5262],[-6.07892,43.52651],[-6.07908,43.52692],[-6.07925,43.5278],[-6.07957,43.52837],[-6.08019,43.52899],[-6.08047,43.52911],[-6.0805,43.52903]],[[-6.09354,43.53277],[-6.0935,43.53247],[-6.09336,43.53218],[-6.09276,43.53148],[-6.09209,43.53122],[-6.09118,43.53074],[-6.09078,43.5306],[-6.09003,43.53055],[-6.09026,43.53079],[-6.0911,43.53134],[-6.09255,43.53301],[-6.09329,43.53415],[-6.09352,43.533],[-6.09354,43.53277]]],[[[-6.06925,43.55951],[-6.06905,43.55952],[-6.06878,43.55944],[-6.06872,43.55924],[-6.06876,43.55919],[-6.06853,43.55868],[-6.06861,43.55852],[-6.06855,43.55842],[-6.06855,43.55828],[-6.06872,43.55805],[-6.06881,43.55805],[-6.06885,43.55794],[-6.06882,43.5577],[-6.06898,43.55767],[-6.06918,43.55741],[-6.06904,43.55724],[-6.06914,43.55703],[-6.06926,43.55705],[-6.06959,43.55672],[-6.06961,43.55655],[-6.06985,43.55661],[-6.07016,43.5564],[-6.07008,43.5563],[-6.07024,43.55596],[-6.07024,43.55573],[-6.0706,43.55522],[-6.07118,43.55471],[-6.07159,43.55496],[-6.07122,43.55528],[-6.07162,43.55559],[-6.07169,43.55629],[-6.07202,43.55622],[-6.07261,43.55622],[-6.07258,43.55642],[-6.07293,43.55637],[-6.07313,43.55664],[-6.0732,43.55664],[-6.07319,43.55679],[-6.07326,43.55689],[-6.07375,43.55674],[-6.07377,43.55677],[-6.07377,43.55685],[-6.07386,43.55692],[-6.07354,43.55701],[-6.0736,43.55712],[-6.07337,43.55701],[-6.0733,43.55706],[-6.07335,43.55727],[-6.07329,43.55735],[-6.07316,43.55742],[-6.07301,43.55736],[-6.073,43.55726],[-6.07284,43.55732],[-6.07279,43.55745],[-6.07281,43.55756],[-6.07297,43.55777],[-6.07295,43.55781],[-6.07279,43.55777],[-6.07273,43.55788],[-6.07276,43.55796],[-6.07285,43.55797],[-6.07285,43.55802],[-6.07215,43.55835],[-6.07201,43.55837],[-6.07189,43.5585],[-6.07144,43.55874],[-6.07116,43.55912],[-6.07055,43.55942],[-6.07038,43.55959],[-6.06983,43.55981],[-6.06964,43.5596],[-6.06942,43.55955],[-6.06925,43.55951]]]]},"properties":{"id":"physical-es-water-ES018MSPFES194MAT000050","name":"Estuario del Nalón","slug":"estuario-del-nalon","aliases":["Nalon Estuary"],"kind":"estuary","sourceId":"miteco-water-2027","geometryRole":"area","boundaryStatus":"reference","bbox":[-6.09778,43.49287,-6.06295,43.57041],"center":[-6.0803650000000005,43.53164],"referenceYear":2023,"geometryNote":"Superficie de la masa de agua de transición del plan hidrológico 2022–2027. No delimita todo el paisaje de la ría ni sus terrenos ribereños.","sourceCode":"ES018MSPFES194MAT000050","sourceDate":"2023-09-25"}},{"type":"Feature","id":"physical-es-water-ES018MSPFES087MAT000170","geometry":{"type":"Polygon","coordinates":[[[-3.79999,43.42899],[-3.80037,43.42997],[-3.80088,43.43091],[-3.80204,43.43266],[-3.80268,43.43343],[-3.80672,43.43955],[-3.80755,43.44114],[-3.80806,43.44245],[-3.80838,43.44359],[-3.80865,43.44514],[-3.80873,43.4465],[-3.8087,43.44742],[-3.80854,43.44838],[-3.80823,43.44932],[-3.80764,43.45045],[-3.80716,43.45114],[-3.8066,43.45179],[-3.80574,43.45261],[-3.80479,43.45336],[-3.80373,43.45404],[-3.80289,43.45449],[-3.80199,43.45489],[-3.80073,43.45535],[-3.79975,43.45563],[-3.79908,43.45578],[-3.77732,43.45868],[-3.77704,43.45789],[-3.77673,43.45744],[-3.77616,43.45726],[-3.77491,43.45736],[-3.77404,43.45764],[-3.77317,43.45769],[-3.77179,43.45747],[-3.77085,43.45725],[-3.7701,43.45726],[-3.76947,43.45694],[-3.76878,43.45677],[-3.76533,43.45556],[-3.76383,43.45562],[-3.7622,43.45526],[-3.76164,43.45522],[-3.75938,43.45442],[-3.75732,43.45398],[-3.75594,43.45412],[-3.75469,43.45399],[-3.75338,43.45409],[-3.75213,43.4541],[-3.75119,43.45397],[-3.75013,43.45361],[-3.74931,43.45344],[-3.74856,43.45344],[-3.74779,43.45283],[-3.74731,43.45268],[-3.74723,43.45257],[-3.74722,43.4524],[-3.74731,43.45219],[-3.74733,43.45203],[-3.74729,43.45195],[-3.74719,43.45191],[-3.74696,43.45193],[-3.74669,43.45177],[-3.74626,43.45187],[-3.74588,43.45124],[-3.74601,43.45102],[-3.74579,43.45115],[-3.74562,43.45113],[-3.74547,43.45101],[-3.74521,43.45101],[-3.74517,43.44954],[-3.74497,43.44927],[-3.74488,43.4488],[-3.74484,43.44846],[-3.74487,43.44793],[-3.74497,43.44758],[-3.74528,43.44707],[-3.74552,43.44678],[-3.74596,43.44602],[-3.74623,43.44575],[-3.74629,43.44513],[-3.7464,43.44478],[-3.74644,43.44414],[-3.74672,43.44368],[-3.7469,43.44321],[-3.74738,43.44272],[-3.74767,43.44221],[-3.74811,43.44183],[-3.74819,43.44147],[-3.74821,43.44067],[-3.74841,43.44047],[-3.74885,43.43986],[-3.74943,43.43895],[-3.74971,43.43882],[-3.74993,43.43863],[-3.74993,43.43827],[-3.75015,43.43794],[-3.75093,43.43718],[-3.75157,43.43674],[-3.75196,43.43661],[-3.75239,43.43657],[-3.75262,43.43641],[-3.75263,43.43623],[-3.75254,43.43609],[-3.75264,43.43588],[-3.75239,43.43551],[-3.75208,43.43562],[-3.75156,43.43556],[-3.75139,43.43564],[-3.75117,43.43559],[-3.75084,43.4354],[-3.75052,43.4354],[-3.75014,43.43532],[-3.74988,43.43538],[-3.74939,43.4357],[-3.74906,43.43572],[-3.74875,43.43571],[-3.74707,43.4354],[-3.7456,43.43545],[-3.7453,43.43557],[-3.74472,43.43553],[-3.74453,43.4356],[-3.74427,43.43547],[-3.74402,43.43527],[-3.74201,43.43341],[-3.7409,43.43301],[-3.73975,43.43275],[-3.73948,43.43272],[-3.73889,43.43281],[-3.73867,43.43295],[-3.73834,43.43328],[-3.73772,43.43407],[-3.73745,43.43419],[-3.73702,43.43548],[-3.73701,43.4358],[-3.73687,43.4363],[-3.73689,43.43659],[-3.73498,43.43843],[-3.73482,43.43853],[-3.73433,43.4386],[-3.73364,43.43901],[-3.73346,43.43901],[-3.73355,43.43912],[-3.73351,43.43919],[-3.73308,43.43967],[-3.73212,43.44055],[-3.72912,43.44294],[-3.72847,43.44339],[-3.72764,43.44355],[-3.72658,43.44339],[-3.726,43.44314],[-3.72544,43.44274],[-3.72479,43.44201],[-3.72275,43.44026],[-3.72171,43.43903],[-3.72135,43.43843],[-3.72111,43.43789],[-3.72092,43.43663],[-3.72078,43.4361],[-3.72075,43.43555],[-3.72056,43.43455],[-3.72,43.43376],[-3.71967,43.43315],[-3.71966,43.43279],[-3.71954,43.43248],[-3.71954,43.43233],[-3.71963,43.43211],[-3.72013,43.43142],[-3.7202,43.43126],[-3.72017,43.43109],[-3.72007,43.43093],[-3.7198,43.4307],[-3.71942,43.43052],[-3.71915,43.43046],[-3.71886,43.4303],[-3.71805,43.42956],[-3.71745,43.42864],[-3.71687,43.42718],[-3.71674,43.42649],[-3.71676,43.42626],[-3.71725,43.42629],[-3.71739,43.42725],[-3.71755,43.42796],[-3.71788,43.42875],[-3.71822,43.42925],[-3.71938,43.43014],[-3.72025,43.43059],[-3.7205,43.43091],[-3.72039,43.43173],[-3.72048,43.43197],[-3.72047,43.43257],[-3.72059,43.43353],[-3.72101,43.43429],[-3.72145,43.43486],[-3.72162,43.43558],[-3.72166,43.4363],[-3.72177,43.43711],[-3.72235,43.43859],[-3.72335,43.43973],[-3.72476,43.44094],[-3.72619,43.44208],[-3.72676,43.44248],[-3.72755,43.44264],[-3.72792,43.44263],[-3.72799,43.44256],[-3.728,43.44245],[-3.72787,43.44245],[-3.72834,43.44209],[-3.73182,43.43888],[-3.73509,43.43601],[-3.73518,43.43585],[-3.73616,43.43216],[-3.73626,43.43215],[-3.73634,43.43164],[-3.73653,43.43152],[-3.73698,43.43139],[-3.73865,43.43135],[-3.74039,43.43152],[-3.74278,43.43159],[-3.74359,43.43154],[-3.74398,43.43146],[-3.74426,43.43121],[-3.74439,43.43058],[-3.74479,43.43125],[-3.74485,43.43153],[-3.74525,43.43186],[-3.74578,43.432],[-3.7469,43.43193],[-3.74843,43.4312],[-3.74983,43.43083],[-3.7515,43.43012],[-3.75208,43.42996],[-3.75272,43.42993],[-3.75317,43.43007],[-3.75343,43.4307],[-3.75356,43.43092],[-3.75384,43.43121],[-3.75427,43.43145],[-3.75502,43.43158],[-3.7554,43.4316],[-3.75634,43.43132],[-3.75673,43.43109],[-3.75717,43.43037],[-3.75735,43.43047],[-3.75735,43.43042],[-3.76255,43.43396],[-3.76238,43.43436],[-3.76225,43.43449],[-3.7621,43.43472],[-3.76206,43.43487],[-3.76192,43.43503],[-3.76183,43.43562],[-3.76162,43.43598],[-3.76131,43.43625],[-3.76125,43.43656],[-3.76136,43.43732],[-3.76124,43.43792],[-3.76063,43.43866],[-3.76011,43.43898],[-3.75942,43.43924],[-3.75907,43.4395],[-3.75872,43.43992],[-3.75837,43.44005],[-3.75785,43.43996],[-3.75749,43.43974],[-3.75714,43.43993],[-3.75644,43.44],[-3.7561,43.44013],[-3.75592,43.44032],[-3.75557,43.44042],[-3.75538,43.44082],[-3.75502,43.44132],[-3.75485,43.4417],[-3.75498,43.44195],[-3.75459,43.44263],[-3.75449,43.44305],[-3.75457,43.44346],[-3.75453,43.44361],[-3.75436,43.44388],[-3.75466,43.44435],[-3.75479,43.44435],[-3.75486,43.44441],[-3.75471,43.44459],[-3.75475,43.44476],[-3.75532,43.44496],[-3.75568,43.44502],[-3.75584,43.44518],[-3.75586,43.44551],[-3.75578,43.44588],[-3.75543,43.44621],[-3.75535,43.44664],[-3.75542,43.44676],[-3.75543,43.44721],[-3.75551,43.4473],[-3.75564,43.44778],[-3.75633,43.44769],[-3.75633,43.44777],[-3.75597,43.44787],[-3.75599,43.44798],[-3.75591,43.44801],[-3.75612,43.44794],[-3.75729,43.44786],[-3.75808,43.44807],[-3.75945,43.44835],[-3.76013,43.4482],[-3.76392,43.44683],[-3.76412,43.44718],[-3.76558,43.44724],[-3.76636,43.44716],[-3.76734,43.4478],[-3.76832,43.44808],[-3.76921,43.44871],[-3.76999,43.44863],[-3.77077,43.4487],[-3.77175,43.44855],[-3.77201,43.44844],[-3.77184,43.44837],[-3.77185,43.44826],[-3.77191,43.44823],[-3.77188,43.4481],[-3.77161,43.44807],[-3.77147,43.44789],[-3.77131,43.4478],[-3.77105,43.44774],[-3.77094,43.44776],[-3.77085,43.44763],[-3.77071,43.44764],[-3.77047,43.4475],[-3.77053,43.44712],[-3.77078,43.44683],[-3.77079,43.44676],[-3.77088,43.44672],[-3.77108,43.44679],[-3.77116,43.44665],[-3.77096,43.44655],[-3.77093,43.44645],[-3.77114,43.44652],[-3.77126,43.4465],[-3.77117,43.44623],[-3.77089,43.44592],[-3.77087,43.44576],[-3.7707,43.44563],[-3.77084,43.44541],[-3.77083,43.445],[-3.77077,43.44477],[-3.77094,43.44457],[-3.77096,43.44428],[-3.7711,43.4441],[-3.77107,43.44408],[-3.7711,43.444],[-3.7716,43.4438],[-3.7719,43.44373],[-3.77214,43.44373],[-3.77233,43.44343],[-3.77241,43.44338],[-3.77242,43.44328],[-3.77254,43.44311],[-3.77252,43.44306],[-3.77259,43.44301],[-3.77263,43.44286],[-3.77258,43.44279],[-3.77275,43.44248],[-3.77267,43.44241],[-3.77248,43.44178],[-3.7725,43.4415],[-3.77261,43.44107],[-3.77268,43.44092],[-3.77291,43.44067],[-3.7729,43.44058],[-3.773,43.44032],[-3.77331,43.44],[-3.7733,43.43993],[-3.77345,43.43966],[-3.77376,43.43956],[-3.77439,43.43875],[-3.77451,43.43873],[-3.77477,43.43851],[-3.77554,43.43817],[-3.77564,43.43799],[-3.77575,43.43794],[-3.77642,43.4378],[-3.77686,43.4373],[-3.77774,43.43745],[-3.77896,43.43533],[-3.77974,43.43415],[-3.78076,43.4333],[-3.78172,43.43285],[-3.78384,43.43228],[-3.78379,43.43207],[-3.78458,43.43165],[-3.78478,43.43159],[-3.78526,43.43179],[-3.78555,43.43185],[-3.78559,43.43194],[-3.78572,43.432],[-3.78598,43.43195],[-3.78617,43.43208],[-3.7869,43.432],[-3.78725,43.43209],[-3.78775,43.43209],[-3.78802,43.43202],[-3.78832,43.43203],[-3.7888,43.43187],[-3.78913,43.43187],[-3.78966,43.43178],[-3.79009,43.43198],[-3.79014,43.43212],[-3.7903,43.43205],[-3.79052,43.43208],[-3.79105,43.43231],[-3.7912,43.43228],[-3.79993,43.42776],[-3.80007,43.42811],[-3.79979,43.42825],[-3.79991,43.42875],[-3.79999,43.42899]]]},"properties":{"id":"physical-es-water-ES018MSPFES087MAT000170","name":"Bahía de Santander-Páramos","slug":"bahia-de-santander-paramos","aliases":["Santander-Paramos Bay"],"kind":"bay","sourceId":"miteco-water-2027","geometryRole":"area","boundaryStatus":"reference","bbox":[-3.80873,43.42626,-3.71674,43.45868],"center":[-3.762735,43.44247],"referenceYear":2023,"geometryNote":"Superficie de la masa de agua de transición del plan hidrológico 2022–2027. No delimita todo el paisaje de la ría ni sus terrenos ribereños.","sourceCode":"ES018MSPFES087MAT000170","sourceDate":"2023-09-25"}},{"type":"Feature","id":"physical-es-water-ES018MSPFES234MAT000030","geometry":{"type":"Polygon","coordinates":[[[-6.72896,43.55999],[-6.7152,43.55979],[-6.71533,43.55974],[-6.7153,43.55935],[-6.71564,43.55924],[-6.71582,43.55909],[-6.71582,43.55888],[-6.71594,43.55867],[-6.71614,43.55858],[-6.71646,43.55828],[-6.71691,43.55804],[-6.71734,43.55808],[-6.71766,43.55804],[-6.71772,43.55808],[-6.71767,43.55812],[-6.71782,43.55823],[-6.71834,43.55812],[-6.71846,43.55818],[-6.71897,43.55802],[-6.71926,43.5581],[-6.71941,43.55807],[-6.71934,43.55784],[-6.71954,43.55764],[-6.71943,43.55758],[-6.71944,43.55749],[-6.71953,43.55744],[-6.71945,43.55739],[-6.71982,43.55712],[-6.72005,43.5568],[-6.72003,43.55672],[-6.72026,43.55664],[-6.72021,43.55652],[-6.71994,43.55641],[-6.71993,43.55628],[-6.72,43.5562],[-6.72024,43.55619],[-6.72032,43.55609],[-6.72025,43.55604],[-6.7202,43.55578],[-6.72034,43.55566],[-6.72009,43.55544],[-6.72009,43.55529],[-6.72045,43.55511],[-6.72061,43.55486],[-6.7206,43.55476],[-6.72036,43.55466],[-6.71993,43.55421],[-6.71951,43.55392],[-6.71937,43.55369],[-6.71946,43.55337],[-6.71938,43.55289],[-6.71911,43.55286],[-6.71902,43.55275],[-6.71879,43.55267],[-6.71879,43.5525],[-6.71897,43.55217],[-6.7188,43.55195],[-6.71887,43.55181],[-6.71972,43.55076],[-6.71989,43.55072],[-6.7201,43.55045],[-6.72072,43.55003],[-6.72118,43.5499],[-6.72135,43.54964],[-6.72167,43.54964],[-6.72205,43.54943],[-6.72218,43.54927],[-6.722,43.54915],[-6.72209,43.54908],[-6.72209,43.54897],[-6.72236,43.54905],[-6.72244,43.54895],[-6.72237,43.54875],[-6.72261,43.54853],[-6.72288,43.54846],[-6.72375,43.54736],[-6.72427,43.54656],[-6.72419,43.54562],[-6.72411,43.54541],[-6.7239,43.54554],[-6.72341,43.54555],[-6.72332,43.5452],[-6.72346,43.54502],[-6.72409,43.54485],[-6.7241,43.54439],[-6.72406,43.54418],[-6.7239,43.54419],[-6.7237,43.54407],[-6.72345,43.54402],[-6.72318,43.54404],[-6.72252,43.54395],[-6.71958,43.54289],[-6.71955,43.54276],[-6.71998,43.54272],[-6.72016,43.54256],[-6.72044,43.54275],[-6.72067,43.54282],[-6.72127,43.54282],[-6.72127,43.54291],[-6.72229,43.5436],[-6.72237,43.54352],[-6.72278,43.54207],[-6.72296,43.54181],[-6.7228,43.54176],[-6.7229,43.54161],[-6.72354,43.54102],[-6.72404,43.5407],[-6.72447,43.54062],[-6.72443,43.54109],[-6.72469,43.54133],[-6.72485,43.5414],[-6.72494,43.54121],[-6.72523,43.53956],[-6.72525,43.53862],[-6.72511,43.53753],[-6.7248,43.53631],[-6.72447,43.53633],[-6.72388,43.53403],[-6.72421,43.53398],[-6.72415,43.53379],[-6.72419,43.53376],[-6.72418,43.53344],[-6.72406,43.53335],[-6.72416,43.5333],[-6.72415,43.53291],[-6.72398,43.53274],[-6.72383,43.53203],[-6.72282,43.53067],[-6.72289,43.53063],[-6.72277,43.53041],[-6.72242,43.53053],[-6.72202,43.53047],[-6.72205,43.53044],[-6.7224,43.5305],[-6.72277,43.53037],[-6.72281,43.53034],[-6.7227,43.53019],[-6.7222,43.53002],[-6.7219,43.52957],[-6.72158,43.52986],[-6.72018,43.52917],[-6.7199,43.52892],[-6.71977,43.52852],[-6.71968,43.52841],[-6.71939,43.52832],[-6.71924,43.5281],[-6.71953,43.52775],[-6.71955,43.52748],[-6.71967,43.52725],[-6.71941,43.52693],[-6.71946,43.52672],[-6.71958,43.5265],[-6.7195,43.52646],[-6.7197,43.52637],[-6.7199,43.52637],[-6.72014,43.52651],[-6.72027,43.5265],[-6.72034,43.52642],[-6.72041,43.52604],[-6.72022,43.5259],[-6.71996,43.52585],[-6.71946,43.52585],[-6.71926,43.52576],[-6.71916,43.52563],[-6.71921,43.52547],[-6.7193,43.52543],[-6.71941,43.52546],[-6.71982,43.5253],[-6.71991,43.52537],[-6.71953,43.52547],[-6.71948,43.52552],[-6.71932,43.52551],[-6.71925,43.52562],[-6.71947,43.52578],[-6.72021,43.52582],[-6.72048,43.52595],[-6.72046,43.52637],[-6.7204,43.52649],[-6.72029,43.52657],[-6.72014,43.52657],[-6.71975,43.52642],[-6.71954,43.52668],[-6.71949,43.52693],[-6.7198,43.52732],[-6.71992,43.52708],[-6.72006,43.527],[-6.72025,43.52725],[-6.7204,43.5278],[-6.72059,43.52797],[-6.72074,43.52819],[-6.72103,43.52824],[-6.72098,43.52831],[-6.72227,43.52847],[-6.72218,43.52855],[-6.7223,43.52871],[-6.7226,43.52881],[-6.72274,43.52879],[-6.72282,43.52866],[-6.72291,43.52865],[-6.72256,43.52944],[-6.72241,43.52968],[-6.72195,43.52944],[-6.72191,43.52951],[-6.72207,43.52963],[-6.72224,43.52988],[-6.72244,43.52994],[-6.72252,43.52989],[-6.72331,43.52807],[-6.72358,43.52797],[-6.72375,43.52775],[-6.72386,43.52772],[-6.72403,43.52787],[-6.72424,43.5276],[-6.72462,43.52731],[-6.72557,43.52743],[-6.72634,43.5273],[-6.72714,43.52689],[-6.72753,43.52729],[-6.72935,43.52619],[-6.73025,43.52578],[-6.73022,43.52323],[-6.73006,43.52261],[-6.73096,43.52131],[-6.73149,43.52],[-6.73153,43.51969],[-6.73238,43.51833],[-6.73289,43.51707],[-6.73339,43.51653],[-6.73384,43.51594],[-6.73427,43.51532],[-6.73471,43.51452],[-6.73563,43.51375],[-6.73555,43.51343],[-6.73468,43.51311],[-6.73219,43.51289],[-6.73104,43.51289],[-6.72984,43.51276],[-6.72908,43.51281],[-6.72708,43.51249],[-6.7263,43.51226],[-6.72542,43.51232],[-6.72302,43.51122],[-6.72268,43.51103],[-6.72219,43.51066],[-6.7218,43.51025],[-6.72169,43.51001],[-6.72114,43.50965],[-6.72103,43.50941],[-6.721,43.50911],[-6.72072,43.50871],[-6.72065,43.50835],[-6.72092,43.50819],[-6.7211,43.50791],[-6.72185,43.50734],[-6.72238,43.50701],[-6.72413,43.50626],[-6.72546,43.50613],[-6.7259,43.50597],[-6.72606,43.50611],[-6.72675,43.50609],[-6.72758,43.50597],[-6.7286,43.50629],[-6.72898,43.50652],[-6.73013,43.50765],[-6.73116,43.50848],[-6.73163,43.50852],[-6.73188,43.50868],[-6.7319,43.50891],[-6.73255,43.5091],[-6.73317,43.50921],[-6.73428,43.5093],[-6.73506,43.5091],[-6.73507,43.50869],[-6.73473,43.50812],[-6.73489,43.50787],[-6.7348,43.50756],[-6.73412,43.50674],[-6.73385,43.50649],[-6.73382,43.50624],[-6.73529,43.50325],[-6.73551,43.50247],[-6.73551,43.5014],[-6.73537,43.50061],[-6.73503,43.50048],[-6.73469,43.50023],[-6.73411,43.50026],[-6.73313,43.50073],[-6.73227,43.50104],[-6.73148,43.50118],[-6.73104,43.50116],[-6.72996,43.50083],[-6.72898,43.50026],[-6.72887,43.50005],[-6.72858,43.49982],[-6.72834,43.49955],[-6.72817,43.49919],[-6.72817,43.4987],[-6.72828,43.49799],[-6.72879,43.49769],[-6.73054,43.49778],[-6.73178,43.49776],[-6.73167,43.49837],[-6.7314,43.49838],[-6.73052,43.49826],[-6.73003,43.4983],[-6.72939,43.49825],[-6.72914,43.49829],[-6.72889,43.4984],[-6.7288,43.49866],[-6.72903,43.49927],[-6.72925,43.49968],[-6.72949,43.49992],[-6.7302,43.50036],[-6.73074,43.50055],[-6.73143,43.50062],[-6.7318,43.50061],[-6.73212,43.50053],[-6.73235,43.50036],[-6.73244,43.49984],[-6.73288,43.49966],[-6.73396,43.4994],[-6.73566,43.49953],[-6.73606,43.50018],[-6.73622,43.50055],[-6.73627,43.50256],[-6.73591,43.50377],[-6.73592,43.50385],[-6.73573,43.50398],[-6.73525,43.50517],[-6.73484,43.50572],[-6.73471,43.50612],[-6.73482,43.50653],[-6.73527,43.50693],[-6.73569,43.50719],[-6.73672,43.50833],[-6.73666,43.50862],[-6.73641,43.50911],[-6.73599,43.50953],[-6.73549,43.5097],[-6.73543,43.5098],[-6.73534,43.50984],[-6.73349,43.50993],[-6.7331,43.50983],[-6.73265,43.50983],[-6.7309,43.50921],[-6.73065,43.50903],[-6.73048,43.50877],[-6.73031,43.50864],[-6.72999,43.50854],[-6.72976,43.50833],[-6.72921,43.50813],[-6.72788,43.50689],[-6.72753,43.50665],[-6.72711,43.50654],[-6.72614,43.50671],[-6.72603,43.50688],[-6.72563,43.50693],[-6.72538,43.50703],[-6.72497,43.50726],[-6.72472,43.50752],[-6.72434,43.50775],[-6.72377,43.50793],[-6.7233,43.50817],[-6.72291,43.50858],[-6.72248,43.50927],[-6.72259,43.50996],[-6.72298,43.51032],[-6.72353,43.51072],[-6.72401,43.51095],[-6.72454,43.51116],[-6.72639,43.51169],[-6.72793,43.51192],[-6.72887,43.51195],[-6.72856,43.51178],[-6.72879,43.51176],[-6.72931,43.51184],[-6.73015,43.51181],[-6.73076,43.5119],[-6.73084,43.512],[-6.73111,43.51204],[-6.73134,43.51197],[-6.73213,43.51204],[-6.73233,43.51201],[-6.73246,43.51191],[-6.73259,43.51198],[-6.73405,43.51202],[-6.73502,43.51224],[-6.7352,43.51234],[-6.73555,43.51232],[-6.73555,43.5126],[-6.73619,43.51287],[-6.7365,43.51313],[-6.73661,43.51312],[-6.73681,43.51301],[-6.73697,43.51301],[-6.73732,43.51308],[-6.73756,43.51324],[-6.73769,43.51326],[-6.73785,43.51322],[-6.73784,43.51306],[-6.73793,43.51312],[-6.73794,43.51327],[-6.73772,43.51334],[-6.73745,43.51328],[-6.73729,43.51316],[-6.73696,43.5131],[-6.73655,43.51328],[-6.73676,43.51361],[-6.73658,43.51397],[-6.73605,43.51437],[-6.73561,43.51495],[-6.73541,43.51541],[-6.73528,43.51588],[-6.7349,43.51628],[-6.73456,43.51704],[-6.73385,43.51825],[-6.73369,43.51866],[-6.73366,43.51891],[-6.73325,43.51967],[-6.73307,43.51987],[-6.7328,43.52056],[-6.73274,43.52089],[-6.7328,43.52194],[-6.73313,43.52312],[-6.73312,43.52329],[-6.73339,43.52326],[-6.73384,43.52333],[-6.73392,43.5235],[-6.73396,43.5242],[-6.73378,43.52445],[-6.73349,43.52459],[-6.73357,43.52482],[-6.73335,43.52467],[-6.73294,43.52503],[-6.73259,43.52563],[-6.73264,43.52574],[-6.73258,43.52591],[-6.73234,43.52616],[-6.73173,43.52636],[-6.73089,43.52655],[-6.73023,43.52688],[-6.72893,43.52794],[-6.72852,43.52855],[-6.72789,43.52926],[-6.72774,43.52949],[-6.72771,43.52966],[-6.72757,43.52977],[-6.72761,43.52992],[-6.72736,43.53015],[-6.72724,43.53051],[-6.72713,43.53065],[-6.72731,43.53064],[-6.72755,43.53083],[-6.72759,43.53098],[-6.72775,43.53117],[-6.72768,43.53143],[-6.72774,43.53155],[-6.72878,43.53223],[-6.72901,43.5325],[-6.72936,43.53264],[-6.72955,43.53283],[-6.72952,43.53302],[-6.72973,43.53313],[-6.72987,43.53338],[-6.73016,43.53358],[-6.73064,43.53352],[-6.73114,43.53324],[-6.73134,43.53298],[-6.73259,43.53173],[-6.73312,43.53108],[-6.73361,43.53066],[-6.73431,43.53029],[-6.73547,43.53005],[-6.73587,43.52987],[-6.73587,43.5294],[-6.73581,43.52915],[-6.73589,43.52883],[-6.73785,43.52781],[-6.73872,43.52763],[-6.73965,43.52724],[-6.74027,43.52692],[-6.74041,43.52679],[-6.74052,43.52634],[-6.74092,43.52584],[-6.74088,43.52559],[-6.74091,43.52539],[-6.74106,43.52544],[-6.74098,43.52573],[-6.74112,43.52582],[-6.74065,43.5264],[-6.74131,43.52674],[-6.74156,43.52669],[-6.74163,43.52612],[-6.74186,43.52589],[-6.74223,43.52507],[-6.74214,43.52497],[-6.74201,43.52509],[-6.74192,43.52505],[-6.74206,43.52491],[-6.74281,43.52473],[-6.74341,43.52427],[-6.74394,43.52401],[-6.7443,43.52395],[-6.74431,43.52365],[-6.74442,43.52372],[-6.7444,43.52392],[-6.74453,43.524],[-6.74463,43.52399],[-6.74468,43.52409],[-6.74411,43.52408],[-6.74385,43.52417],[-6.74348,43.52436],[-6.74281,43.52482],[-6.74255,43.52491],[-6.74238,43.5252],[-6.74214,43.526],[-6.74231,43.52651],[-6.74225,43.52668],[-6.74189,43.52696],[-6.74156,43.52706],[-6.74105,43.52759],[-6.74038,43.52798],[-6.74009,43.52833],[-6.73929,43.52875],[-6.73856,43.529],[-6.73751,43.52917],[-6.73761,43.52935],[-6.73765,43.52961],[-6.73781,43.5296],[-6.7379,43.52954],[-6.73795,43.52964],[-6.73776,43.52983],[-6.73779,43.52999],[-6.73791,43.52991],[-6.73797,43.52999],[-6.73777,43.53004],[-6.73768,43.53019],[-6.73762,43.53048],[-6.73689,43.53098],[-6.73607,43.53144],[-6.7353,43.53168],[-6.73469,43.53207],[-6.73432,43.53279],[-6.73409,43.53306],[-6.73394,43.5331],[-6.73388,43.53323],[-6.73384,43.5334],[-6.734,43.53347],[-6.73399,43.53362],[-6.73389,43.53382],[-6.73362,43.53419],[-6.73276,43.53457],[-6.73247,43.53494],[-6.7326,43.5352],[-6.73254,43.5353],[-6.7322,43.53541],[-6.73193,43.53528],[-6.73111,43.53555],[-6.73098,43.5357],[-6.73084,43.53569],[-6.73081,43.53576],[-6.73102,43.53581],[-6.73058,43.53621],[-6.73039,43.53611],[-6.73019,43.53633],[-6.73007,43.53657],[-6.73011,43.53682],[-6.73031,43.53707],[-6.7304,43.53709],[-6.73038,43.5377],[-6.73053,43.53776],[-6.73052,43.53784],[-6.73016,43.53806],[-6.73003,43.53819],[-6.7296,43.53863],[-6.72937,43.53901],[-6.7287,43.53974],[-6.72817,43.54022],[-6.72722,43.54079],[-6.72699,43.54107],[-6.72691,43.5413],[-6.72652,43.54185],[-6.72642,43.54183],[-6.72637,43.5419],[-6.72644,43.54202],[-6.72661,43.54208],[-6.72652,43.54244],[-6.72662,43.54274],[-6.72671,43.54283],[-6.72679,43.54283],[-6.72688,43.54295],[-6.7271,43.54346],[-6.72737,43.54366],[-6.72762,43.54394],[-6.72777,43.5443],[-6.72816,43.54469],[-6.72863,43.5448],[-6.72882,43.54495],[-6.72895,43.54547],[-6.72913,43.54553],[-6.72992,43.54544],[-6.73013,43.54546],[-6.73111,43.54585],[-6.73127,43.54621],[-6.73141,43.54624],[-6.73159,43.5462],[-6.73194,43.54605],[-6.73206,43.54618],[-6.73123,43.54649],[-6.73105,43.54661],[-6.73075,43.54663],[-6.73039,43.54679],[-6.72957,43.54793],[-6.72946,43.54818],[-6.72931,43.54887],[-6.72939,43.54906],[-6.72968,43.5493],[-6.72984,43.54954],[-6.72987,43.55002],[-6.72978,43.55025],[-6.72986,43.55053],[-6.73023,43.55087],[-6.73028,43.55101],[-6.73021,43.55121],[-6.73006,43.55124],[-6.72928,43.55118],[-6.72905,43.55125],[-6.72889,43.55133],[-6.72885,43.55143],[-6.7283,43.55175],[-6.72789,43.55212],[-6.72788,43.55233],[-6.72767,43.55267],[-6.72769,43.55279],[-6.72759,43.55288],[-6.72742,43.55324],[-6.72722,43.55329],[-6.7271,43.55345],[-6.72718,43.55367],[-6.72693,43.55369],[-6.72691,43.55375],[-6.72702,43.55394],[-6.72701,43.55415],[-6.7267,43.55453],[-6.72663,43.55479],[-6.72678,43.55501],[-6.72694,43.55503],[-6.72681,43.55509],[-6.72673,43.55525],[-6.72664,43.55527],[-6.72663,43.55539],[-6.72674,43.55551],[-6.72682,43.55552],[-6.72703,43.55544],[-6.72714,43.55575],[-6.72714,43.55601],[-6.72702,43.55629],[-6.72686,43.55642],[-6.72681,43.55663],[-6.7272,43.55672],[-6.72744,43.55661],[-6.72757,43.55669],[-6.72752,43.55717],[-6.72762,43.55725],[-6.72802,43.55724],[-6.72814,43.55731],[-6.72814,43.55738],[-6.72807,43.55741],[-6.72789,43.55775],[-6.72794,43.55782],[-6.72801,43.55786],[-6.72826,43.55785],[-6.72835,43.55792],[-6.7283,43.55809],[-6.72871,43.55803],[-6.72885,43.55818],[-6.72898,43.55853],[-6.72886,43.55869],[-6.72888,43.5589],[-6.72911,43.55905],[-6.72913,43.55961],[-6.72939,43.55981],[-6.7297,43.55978],[-6.72998,43.55995],[-6.73017,43.55983],[-6.73044,43.55995],[-6.73042,43.56001],[-6.72913,43.56],[-6.72896,43.55999]]]},"properties":{"id":"physical-es-water-ES018MSPFES234MAT000030","name":"Estuario de Navia","slug":"estuario-de-navia","aliases":["Navia Estuary","Navia","Navía"],"kind":"estuary","sourceId":"miteco-water-2027","geometryRole":"area","boundaryStatus":"reference","bbox":[-6.74468,43.49769,-6.7152,43.56001],"center":[-6.72994,43.52885],"referenceYear":2023,"geometryNote":"Superficie de la masa de agua de transición del plan hidrológico 2022–2027. No delimita todo el paisaje de la ría ni sus terrenos ribereños.","sourceCode":"ES018MSPFES234MAT000030","sourceDate":"2023-09-25"}},{"type":"Feature","id":"physical-es-water-ES018MSPFES085MAT000180","geometry":{"type":"Polygon","coordinates":[[[-3.58566,43.49763],[-3.5861,43.49699],[-3.5859,43.49675],[-3.58598,43.49671],[-3.58598,43.4966],[-3.58591,43.49638],[-3.58577,43.49611],[-3.58573,43.49611],[-3.58564,43.49576],[-3.58569,43.49566],[-3.58568,43.49482],[-3.58544,43.49443],[-3.58565,43.49411],[-3.58586,43.49396],[-3.58591,43.4938],[-3.58589,43.49359],[-3.58559,43.49344],[-3.58548,43.49331],[-3.58542,43.49289],[-3.58547,43.4927],[-3.58558,43.49254],[-3.58585,43.49246],[-3.58607,43.4926],[-3.58636,43.4926],[-3.58669,43.49243],[-3.58688,43.49227],[-3.58703,43.49203],[-3.58703,43.4919],[-3.5869,43.49167],[-3.58702,43.49161],[-3.587,43.49151],[-3.58705,43.49137],[-3.58697,43.49119],[-3.58688,43.49114],[-3.58676,43.49117],[-3.58688,43.49104],[-3.58685,43.49068],[-3.58665,43.49033],[-3.58681,43.4902],[-3.58699,43.48981],[-3.58721,43.48973],[-3.58729,43.48945],[-3.58728,43.48921],[-3.58717,43.48901],[-3.58698,43.48894],[-3.58673,43.48867],[-3.58642,43.48845],[-3.58646,43.48829],[-3.58643,43.48824],[-3.58651,43.48821],[-3.58652,43.48813],[-3.58641,43.48795],[-3.58625,43.48788],[-3.58588,43.48759],[-3.58574,43.48734],[-3.58556,43.48723],[-3.58567,43.48719],[-3.58595,43.48732],[-3.58645,43.48745],[-3.58704,43.4874],[-3.5873,43.48743],[-3.58765,43.48734],[-3.58803,43.48773],[-3.58827,43.48781],[-3.58883,43.48774],[-3.58903,43.48764],[-3.58932,43.48739],[-3.58956,43.4873],[-3.58972,43.487],[-3.58985,43.48702],[-3.58987,43.48661],[-3.58996,43.48629],[-3.59039,43.48612],[-3.59043,43.48591],[-3.59068,43.48594],[-3.5908,43.48567],[-3.59153,43.48527],[-3.59205,43.48519],[-3.59208,43.48513],[-3.59197,43.48498],[-3.59211,43.48465],[-3.59231,43.48459],[-3.59277,43.48479],[-3.59287,43.48464],[-3.59261,43.48438],[-3.59245,43.48433],[-3.59203,43.48437],[-3.5918,43.4843],[-3.59154,43.48404],[-3.59131,43.48365],[-3.58994,43.48289],[-3.58976,43.48295],[-3.58965,43.48309],[-3.58985,43.48374],[-3.5898,43.48386],[-3.58971,43.48393],[-3.5896,43.48416],[-3.58933,43.48434],[-3.58867,43.4846],[-3.5883,43.48461],[-3.58769,43.48438],[-3.58752,43.48438],[-3.58751,43.48421],[-3.58733,43.48393],[-3.58686,43.48352],[-3.58677,43.48334],[-3.58678,43.48327],[-3.58685,43.48323],[-3.58683,43.48297],[-3.58666,43.48272],[-3.58664,43.48255],[-3.58682,43.48245],[-3.58683,43.48238],[-3.58671,43.4822],[-3.58674,43.48206],[-3.58661,43.48191],[-3.58662,43.48176],[-3.58622,43.48124],[-3.58615,43.48107],[-3.5862,43.4807],[-3.58618,43.48044],[-3.58626,43.4804],[-3.58639,43.48022],[-3.58659,43.4801],[-3.58663,43.47999],[-3.58659,43.4799],[-3.58626,43.47967],[-3.5859,43.47953],[-3.58531,43.47941],[-3.58446,43.47908],[-3.58381,43.47877],[-3.58364,43.47835],[-3.58328,43.47801],[-3.58321,43.47787],[-3.58321,43.47763],[-3.58342,43.47745],[-3.58381,43.4768],[-3.58405,43.47647],[-3.58417,43.47638],[-3.58413,43.47624],[-3.58416,43.4762],[-3.58447,43.47609],[-3.58501,43.47568],[-3.5851,43.47557],[-3.58511,43.47536],[-3.5853,43.47523],[-3.58553,43.47483],[-3.58594,43.47382],[-3.58594,43.47356],[-3.58608,43.473],[-3.58604,43.47271],[-3.5857,43.47256],[-3.58592,43.47244],[-3.58683,43.47231],[-3.58679,43.47216],[-3.58662,43.4719],[-3.5866,43.47169],[-3.58665,43.47024],[-3.58678,43.47007],[-3.58682,43.46986],[-3.58679,43.4695],[-3.58676,43.46934],[-3.58646,43.46928],[-3.58649,43.46909],[-3.58668,43.46911],[-3.58641,43.4685],[-3.58625,43.46756],[-3.5862,43.46736],[-3.58614,43.46738],[-3.58615,43.46724],[-3.58594,43.46651],[-3.58588,43.46596],[-3.58573,43.4656],[-3.58605,43.46557],[-3.58602,43.46543],[-3.58589,43.46528],[-3.58588,43.46502],[-3.58575,43.46459],[-3.58578,43.46432],[-3.58608,43.4639],[-3.58658,43.46365],[-3.5868,43.46361],[-3.58715,43.46363],[-3.58763,43.46419],[-3.58769,43.46442],[-3.5877,43.46492],[-3.58785,43.46523],[-3.58805,43.46536],[-3.58843,43.46545],[-3.58899,43.46539],[-3.58981,43.4652],[-3.59061,43.46508],[-3.59134,43.46476],[-3.59163,43.4645],[-3.59162,43.46433],[-3.59149,43.46384],[-3.59128,43.46337],[-3.59121,43.46301],[-3.59165,43.46226],[-3.59177,43.46133],[-3.59173,43.46111],[-3.59149,43.46104],[-3.59142,43.46094],[-3.5915,43.46074],[-3.59181,43.46091],[-3.59194,43.4613],[-3.59178,43.4622],[-3.59135,43.46303],[-3.59145,43.46343],[-3.59171,43.46411],[-3.59174,43.46449],[-3.59171,43.4646],[-3.59155,43.46474],[-3.59105,43.46502],[-3.59065,43.46516],[-3.58899,43.46548],[-3.58849,43.46551],[-3.58812,43.46548],[-3.58771,43.46523],[-3.58759,43.46492],[-3.58757,43.46446],[-3.58751,43.46419],[-3.58737,43.46394],[-3.58719,43.46382],[-3.58688,43.4637],[-3.58661,43.46371],[-3.58622,43.4639],[-3.58586,43.46441],[-3.58587,43.46461],[-3.58604,43.46528],[-3.58648,43.46558],[-3.58662,43.46699],[-3.58676,43.46769],[-3.58665,43.46783],[-3.58671,43.46844],[-3.58682,43.46867],[-3.58704,43.46893],[-3.58722,43.46982],[-3.5872,43.46995],[-3.58749,43.46987],[-3.58751,43.46992],[-3.58731,43.4701],[-3.58734,43.4702],[-3.58709,43.47035],[-3.58698,43.47093],[-3.58701,43.47142],[-3.58713,43.47171],[-3.58759,43.47234],[-3.58768,43.47251],[-3.58771,43.47269],[-3.58766,43.4729],[-3.58752,43.47317],[-3.58708,43.47379],[-3.58709,43.47418],[-3.58752,43.47461],[-3.58778,43.47502],[-3.58776,43.4755],[-3.58767,43.47568],[-3.58737,43.47599],[-3.58675,43.47636],[-3.58628,43.47656],[-3.58557,43.47727],[-3.58583,43.47755],[-3.58603,43.47765],[-3.58629,43.47767],[-3.58661,43.4778],[-3.58667,43.47769],[-3.58692,43.47752],[-3.58693,43.47743],[-3.58728,43.47735],[-3.58752,43.47724],[-3.58843,43.47706],[-3.5892,43.47732],[-3.58934,43.47756],[-3.58908,43.47785],[-3.58919,43.47798],[-3.58955,43.47801],[-3.58986,43.47815],[-3.5898,43.47821],[-3.58984,43.47837],[-3.59007,43.47873],[-3.59024,43.47882],[-3.59078,43.47887],[-3.59123,43.47919],[-3.59147,43.47928],[-3.59176,43.47928],[-3.59186,43.47935],[-3.59187,43.47947],[-3.59201,43.47956],[-3.59244,43.47965],[-3.59231,43.47974],[-3.592,43.47972],[-3.59156,43.47988],[-3.59104,43.47996],[-3.591,43.48001],[-3.59043,43.48013],[-3.59017,43.48031],[-3.59015,43.48043],[-3.59007,43.48047],[-3.59001,43.48079],[-3.59012,43.48092],[-3.59029,43.48097],[-3.5915,43.48086],[-3.59221,43.48087],[-3.59327,43.48127],[-3.59349,43.4814],[-3.59379,43.48178],[-3.59444,43.48232],[-3.5946,43.48253],[-3.59467,43.48272],[-3.59501,43.48292],[-3.59513,43.48314],[-3.59524,43.48316],[-3.5954,43.48343],[-3.59542,43.48368],[-3.59557,43.48385],[-3.59578,43.48393],[-3.59598,43.48421],[-3.59614,43.48432],[-3.59641,43.48443],[-3.59681,43.48449],[-3.59687,43.48454],[-3.59673,43.48468],[-3.59609,43.48482],[-3.59595,43.48481],[-3.59576,43.48472],[-3.59547,43.48477],[-3.5953,43.48496],[-3.59528,43.48516],[-3.59514,43.48521],[-3.59496,43.48555],[-3.59465,43.48582],[-3.59369,43.4863],[-3.59319,43.48634],[-3.5926,43.48654],[-3.59229,43.48704],[-3.59228,43.48761],[-3.59234,43.48774],[-3.59246,43.48779],[-3.59216,43.48802],[-3.59216,43.48842],[-3.592,43.48864],[-3.59204,43.48874],[-3.59201,43.48885],[-3.59181,43.4891],[-3.59181,43.48933],[-3.59088,43.48982],[-3.59075,43.49],[-3.59074,43.49016],[-3.59083,43.49018],[-3.59091,43.49029],[-3.59119,43.49045],[-3.5913,43.49057],[-3.59148,43.49056],[-3.59147,43.49061],[-3.59102,43.49098],[-3.59089,43.49103],[-3.59061,43.49129],[-3.59059,43.49139],[-3.59074,43.49144],[-3.59072,43.4915],[-3.59035,43.49152],[-3.59025,43.49157],[-3.58984,43.49195],[-3.5893,43.49213],[-3.5878,43.49322],[-3.58762,43.49339],[-3.5874,43.49391],[-3.58726,43.49399],[-3.58702,43.49425],[-3.58704,43.49449],[-3.58698,43.49457],[-3.58693,43.49486],[-3.58682,43.49578],[-3.58697,43.49585],[-3.5871,43.49585],[-3.58758,43.49615],[-3.58795,43.49618],[-3.58828,43.49612],[-3.58793,43.49632],[-3.58761,43.4967],[-3.58754,43.49692],[-3.58754,43.49719],[-3.58763,43.49739],[-3.58766,43.49764],[-3.58719,43.49825],[-3.58718,43.49839],[-3.58794,43.49845],[-3.58787,43.49873],[-3.58754,43.49861],[-3.58749,43.49866],[-3.58764,43.49878],[-3.58782,43.49884],[-3.58766,43.499],[-3.58763,43.49919],[-3.58783,43.49928],[-3.58813,43.49928],[-3.58826,43.49917],[-3.58839,43.4992],[-3.58847,43.49933],[-3.58849,43.49951],[-3.58861,43.4997],[-3.58894,43.49981],[-3.58924,43.50004],[-3.58843,43.49984],[-3.58813,43.49994],[-3.58795,43.50009],[-3.58781,43.50052],[-3.58781,43.50076],[-3.58771,43.50092],[-3.58732,43.50124],[-3.58697,43.50138],[-3.58681,43.50155],[-3.58685,43.50174],[-3.58711,43.50188],[-3.58726,43.50207],[-3.58772,43.50209],[-3.58637,43.50258],[-3.5862,43.50289],[-3.5859,43.50292],[-3.58568,43.50307],[-3.58514,43.50321],[-3.58414,43.50392],[-3.58412,43.50398],[-3.58401,43.504],[-3.58333,43.50457],[-3.58267,43.50483],[-3.58253,43.50496],[-3.58194,43.50493],[-3.58157,43.50521],[-3.58157,43.50531],[-3.58166,43.5054],[-3.58164,43.50555],[-3.58151,43.50566],[-3.58138,43.5057],[-3.58141,43.50581],[-3.58179,43.50571],[-3.58189,43.50584],[-3.58171,43.50607],[-3.5818,43.50622],[-3.58164,43.50638],[-3.58147,43.50644],[-3.58123,43.50673],[-3.58132,43.50692],[-3.58117,43.50729],[-3.58129,43.50744],[-3.58119,43.50755],[-3.58117,43.50771],[-3.58094,43.50783],[-3.57651,43.50618],[-3.5767,43.50579],[-3.57679,43.50574],[-3.57686,43.50539],[-3.57665,43.50487],[-3.5764,43.50457],[-3.57607,43.5043],[-3.57618,43.50411],[-3.57612,43.50358],[-3.57618,43.50359],[-3.57647,43.50338],[-3.57692,43.50284],[-3.5771,43.50291],[-3.57743,43.50281],[-3.57765,43.50243],[-3.57815,43.5023],[-3.57838,43.50236],[-3.57856,43.50272],[-3.57823,43.50315],[-3.57844,43.50331],[-3.57873,43.50339],[-3.57893,43.50327],[-3.57887,43.50279],[-3.57924,43.50267],[-3.57966,43.5027],[-3.57997,43.50289],[-3.58037,43.503],[-3.58087,43.50296],[-3.58154,43.50282],[-3.58215,43.50252],[-3.5828,43.50204],[-3.58337,43.50243],[-3.58349,43.50243],[-3.5837,43.50234],[-3.5839,43.5022],[-3.58399,43.50197],[-3.58432,43.50151],[-3.58451,43.50138],[-3.58483,43.50104],[-3.58504,43.50094],[-3.58512,43.50081],[-3.58532,43.50072],[-3.58537,43.50056],[-3.58574,43.50021],[-3.58572,43.49993],[-3.58561,43.49981],[-3.58522,43.49956],[-3.58512,43.49938],[-3.58491,43.49918],[-3.58487,43.49887],[-3.58497,43.4986],[-3.58535,43.49817],[-3.58566,43.49763]]]},"properties":{"id":"physical-es-water-ES018MSPFES085MAT000180","name":"Ría de Ajo","slug":"ria-de-ajo","aliases":["Ajo Estuary"],"kind":"estuary","sourceId":"miteco-water-2027","geometryRole":"area","boundaryStatus":"reference","bbox":[-3.59687,43.46074,-3.57607,43.50783],"center":[-3.5864700000000003,43.484285],"referenceYear":2023,"geometryNote":"Superficie de la masa de agua de transición del plan hidrológico 2022–2027. No delimita todo el paisaje de la ría ni sus terrenos ribereños.","sourceCode":"ES018MSPFES085MAT000180","sourceDate":"2023-09-25"}},{"type":"Feature","id":"physical-es-delta-ebro","geometry":{"type":"MultiPolygon","coordinates":[[[[0.57976,40.71689],[0.58192,40.71388],[0.5825,40.71346],[0.5837,40.71172],[0.58499,40.71026],[0.58608,40.70848],[0.58644,40.70708],[0.587,40.70583],[0.58792,40.70464],[0.58856,40.70346],[0.58909,40.70262],[0.58945,40.70178],[0.59061,40.69831],[0.59241,40.69434],[0.59359,40.69308],[0.59535,40.69197],[0.59545,40.69068],[0.59594,40.68961],[0.5951,40.68712],[0.59427,40.686],[0.59288,40.6845],[0.59225,40.68361],[0.5919,40.68294],[0.59148,40.68198],[0.59135,40.68119],[0.59126,40.68006],[0.59129,40.67946],[0.59143,40.67877],[0.59278,40.67593],[0.59312,40.67504],[0.59307,40.67366],[0.59276,40.67205],[0.59175,40.67026],[0.58913,40.66852],[0.5884,40.66745],[0.58725,40.66656],[0.58609,40.66587],[0.58495,40.66471],[0.58482,40.66384],[0.58639,40.66309],[0.58775,40.66237],[0.58977,40.66073],[0.59079,40.6597],[0.59167,40.65818],[0.59187,40.65686],[0.59228,40.65549],[0.59253,40.65416],[0.59351,40.65285],[0.59546,40.65096],[0.59613,40.65037],[0.59731,40.64898],[0.59869,40.64638],[0.59967,40.64405],[0.60108,40.63863],[0.60132,40.63751],[0.60155,40.63485],[0.60137,40.63344],[0.60126,40.63131],[0.60073,40.62973],[0.59995,40.6284],[0.59892,40.62707],[0.59796,40.62595],[0.59719,40.62515],[0.59294,40.61725],[0.59461,40.61852],[0.59539,40.6192],[0.59746,40.62139],[0.59822,40.62208],[0.59906,40.62271],[0.60006,40.6232],[0.60547,40.625],[0.61607,40.62486],[0.61842,40.62469],[0.62427,40.62404],[0.62663,40.62396],[0.629,40.62399],[0.63135,40.62412],[0.63369,40.62436],[0.63601,40.62472],[0.64287,40.62608],[0.64967,40.62761],[0.65419,40.62868],[0.65642,40.62926],[0.65862,40.62992],[0.66188,40.63099],[0.66301,40.63125],[0.66417,40.63141],[0.66535,40.63151],[0.66648,40.63176],[0.66872,40.63235],[0.67188,40.63356],[0.67617,40.63509],[0.67826,40.63592],[0.68136,40.63723],[0.68541,40.63909],[0.6875,40.63994],[0.68967,40.64065],[0.69192,40.6412],[0.69308,40.64135],[0.69426,40.64144],[0.69544,40.64144],[0.6978,40.64134],[0.70369,40.6409],[0.70722,40.64073],[0.71313,40.64059],[0.71668,40.64062],[0.71785,40.64071],[0.72243,40.64162],[0.72359,40.64179],[0.72594,40.64197],[0.7283,40.64203],[0.72949,40.64202],[0.73184,40.64186],[0.73647,40.64114],[0.73881,40.6409],[0.7545,40.64118],[0.75748,40.64335],[0.75927,40.64452],[0.76205,40.6462],[0.7659,40.64829],[0.77088,40.65072],[0.7821,40.65573],[0.79547,40.6615],[0.80171,40.66408],[0.81635,40.66996],[0.82255,40.67259],[0.82765,40.67487],[0.8317,40.67674],[0.83364,40.67776],[0.83456,40.67833],[0.83542,40.67895],[0.8362,40.67962],[0.83689,40.68035],[0.83877,40.68265],[0.84241,40.68728],[0.84683,40.69262],[0.84802,40.69417],[0.84854,40.69498],[0.849,40.69581],[0.84937,40.69666],[0.85051,40.70016],[0.85093,40.701],[0.85155,40.70457],[0.8517,40.70998],[0.85152,40.71177],[0.85138,40.71266],[0.85111,40.71354],[0.85073,40.7144],[0.85007,40.71514],[0.84828,40.71632],[0.84729,40.71681],[0.84303,40.71838],[0.84082,40.71902],[0.83975,40.71941],[0.83874,40.71987],[0.8356,40.72114],[0.83054,40.72347],[0.82959,40.72401],[0.8253,40.72711],[0.82364,40.7284],[0.82123,40.73038],[0.81971,40.73176],[0.81758,40.73392],[0.81698,40.7347],[0.81587,40.73629],[0.81331,40.74035],[0.81048,40.7443],[0.80571,40.75053],[0.80324,40.7536],[0.80133,40.75587],[0.79802,40.75961],[0.79592,40.76179],[0.79294,40.76459],[0.79139,40.76595],[0.78978,40.76727],[0.77171,40.76294],[0.76609,40.76152],[0.76495,40.76128],[0.76378,40.76112],[0.7626,40.76106],[0.76142,40.7611],[0.76024,40.76121],[0.75095,40.76262],[0.74748,40.76319],[0.74518,40.76362],[0.74175,40.76434],[0.7395,40.7649],[0.7373,40.76555],[0.73515,40.76632],[0.73312,40.76725],[0.73023,40.76881],[0.72741,40.77046],[0.72569,40.7717],[0.72496,40.77241],[0.7229,40.7746],[0.72212,40.77528],[0.72126,40.7759],[0.72035,40.77648],[0.71665,40.77873],[0.71406,40.78058],[0.71159,40.78252],[0.71002,40.78387],[0.70856,40.78529],[0.70721,40.78677],[0.70659,40.78753],[0.70352,40.79162],[0.70298,40.79241],[0.70119,40.79575],[0.70066,40.79655],[0.69995,40.79727],[0.69897,40.79777],[0.69779,40.79785],[0.6934,40.79705],[0.69281,40.79562],[0.69207,40.79426],[0.69133,40.79313],[0.68976,40.79203],[0.68799,40.7902],[0.68677,40.78873],[0.68571,40.78625],[0.68488,40.78469],[0.68413,40.78258],[0.68325,40.7806],[0.68181,40.77888],[0.6797,40.7765],[0.67665,40.77326],[0.67301,40.76911],[0.66859,40.76454],[0.66311,40.76025],[0.65629,40.75703],[0.6526,40.75465],[0.65057,40.75344],[0.64896,40.75218],[0.64738,40.75108],[0.64634,40.75011],[0.64547,40.74906],[0.64424,40.74746],[0.64319,40.7459],[0.64215,40.74454],[0.64093,40.74114],[0.63972,40.73898],[0.63967,40.73798],[0.63952,40.7371],[0.63933,40.73671],[0.63903,40.73644],[0.63833,40.73595],[0.63731,40.7357],[0.63609,40.73532],[0.63377,40.73519],[0.63249,40.73505],[0.6318,40.73433],[0.63123,40.73153],[0.63079,40.73062],[0.63035,40.73018],[0.62954,40.72966],[0.62889,40.72905],[0.62802,40.7288],[0.6269,40.72862],[0.62549,40.72773],[0.62485,40.72678],[0.6244,40.7263],[0.62357,40.72608],[0.62235,40.72615],[0.62195,40.72622],[0.62053,40.72661],[0.61991,40.72671],[0.61816,40.72686],[0.61601,40.72688],[0.61397,40.72673],[0.61296,40.7266],[0.61055,40.72618],[0.60462,40.72566],[0.60136,40.72524],[0.59988,40.72518],[0.59847,40.72502],[0.5973,40.72469],[0.59346,40.72319],[0.59205,40.72286],[0.59139,40.72264],[0.58843,40.72102],[0.58785,40.72081],[0.58722,40.72062],[0.58612,40.7205],[0.58503,40.72053],[0.58426,40.72067],[0.58059,40.71916],[0.57976,40.71689]],[[0.76634,40.69028],[0.76688,40.69025],[0.76719,40.69022],[0.76634,40.69028]],[[0.77102,40.68994],[0.77159,40.68989],[0.7722,40.68983],[0.77102,40.68994]],[[0.77315,40.68975],[0.77394,40.68967],[0.77628,40.68944],[0.77315,40.68975]]]]},"properties":{"id":"physical-es-delta-ebro","name":"Delta del Ebro","slug":"delta-del-ebro","aliases":["Delta de l'Ebre","Delta del Ebre","Ebro Delta"],"kind":"delta","sourceId":"icgc-life-ebro","geometryRole":"area","boundaryStatus":"reference","bbox":[0.57976,40.61725,0.8517,40.79785],"center":[0.71573,40.70755],"sourceDate":"2021-02","referenceYear":2021,"geometryNote":"Área de referencia formada por las unidades de llanura deltaica y marismas del mapa de ambientes sedimentarios modernos del ICGC (QHpd y QHm). No es el límite del parque natural ni incluye los depósitos marinos sumergidos."}}]}
