{"type":"FeatureCollection","features":[{"type":"Feature","id":"physical-eu-river-063c06d1cd3a","properties":{"id":"physical-eu-river-063c06d1cd3a","slug":"al-furat","name":"Al Furat","localName":"Al Furat","aliases":[],"kind":"river","sourceId":"natural-earth","territoryIds":[],"bbox":[38.06582,35.86264,38.56119,36.34249],"center":[38.313505000000006,36.102565]},"geometry":{"type":"MultiLineString","coordinates":[[[38.56119,35.86264],[38.36534,35.90326],[38.24622,35.95114],[38.13863,36.01984],[38.07853,36.07413],[38.06582,36.11397],[38.09197,36.16668],[38.15688,36.23216],[38.18798,36.2843],[38.18385,36.34249]]]}},{"type":"Feature","id":"physical-eu-river-0608407647db","properties":{"id":"physical-eu-river-0608407647db","slug":"dalalven","name":"Dalälven","localName":"Dalälven","aliases":[],"kind":"river","sourceId":"natural-earth","territoryIds":[],"bbox":[13.21173,60.12168,17.41602,61.66347],"center":[15.313875,60.892574999999994]},"geometry":{"type":"MultiLineString","coordinates":[[[16.43396,60.15604],[16.32317,60.12168]],[[17.41602,60.50959],[17.38889,60.46101],[17.2459,60.40169],[16.97791,60.31534],[16.83177,60.25196],[16.80727,60.21147],[16.72103,60.18423],[16.49887,60.16325]],[[14.5515,60.99772],[14.63242,60.92212],[14.7289,60.88078],[14.86791,60.84848],[14.94625,60.80637],[14.97276,60.72834]],[[13.71744,61.41418],[13.67227,61.4685],[13.59109,61.50209],[13.4589,61.53314],[13.34754,61.57735],[13.21173,61.66347]]]}},{"type":"Feature","id":"physical-eu-river-b157bd6904fd","properties":{"id":"physical-eu-river-b157bd6904fd","slug":"dniester","name":"Dniester","localName":"Dniester","aliases":[],"kind":"river","sourceId":"natural-earth","territoryIds":[],"bbox":[30.25886,46.10117,30.47833,46.32004],"center":[30.368595,46.210605]},"geometry":{"type":"MultiLineString","coordinates":[[[30.47833,46.10117],[30.3112,46.23348],[30.25886,46.28821],[30.26878,46.32004]]]}},{"type":"Feature","id":"physical-eu-river-05ed527641db","properties":{"id":"physical-eu-river-05ed527641db","slug":"dnipro","name":"Dnipro","localName":"Dnipro","aliases":[],"kind":"river","sourceId":"natural-earth","territoryIds":[],"bbox":[30.47771,46.83125,35.14879,51.21731],"center":[32.81325,49.02428]},"geometry":{"type":"MultiLineString","coordinates":[[[33.5399,46.83125],[33.60646,46.86877],[33.66159,46.95698],[33.73875,47.04958],[33.85874,47.14922],[33.97584,47.30722],[33.99754,47.41124],[34.1549,47.48956],[34.4479,47.54222],[34.7115,47.55255],[34.94581,47.52067],[35.08797,47.52754],[35.13809,47.57327],[35.14879,47.65748],[35.10569,47.84158]],[[33.19397,49.0939],[32.88448,49.2249],[32.60285,49.30221],[31.88646,49.5547]],[[31.43987,50.0001],[31.47966,49.93287],[31.48648,49.87138],[31.46736,49.75417]],[[30.50763,51.21731],[30.47771,50.90434],[30.47946,50.74915],[30.51466,50.5966]]]}},{"type":"Feature","id":"physical-eu-river-20ae74ec7007","properties":{"id":"physical-eu-river-20ae74ec7007","slug":"don","name":"Don","localName":"Don","aliases":[],"kind":"river","sourceId":"natural-earth","territoryIds":[],"bbox":[42.10971,47.60177,43.98463,49.50664],"center":[43.04717,48.554204999999996]},"geometry":{"type":"MultiLineString","coordinates":[[[42.10971,47.60177],[42.30339,47.66066],[42.48416,47.72846],[42.66301,47.79434],[42.83246,47.83765],[42.88139,47.88473],[42.92708,47.96116],[43.04237,48.18605],[43.13223,48.29385],[43.23677,48.38942],[43.45862,48.53939],[43.5275,48.61427],[43.52161,48.65261],[43.48058,48.69853],[43.46487,48.73739],[43.47438,48.76922],[43.52156,48.82074],[43.60641,48.89195],[43.69028,48.92859],[43.77317,48.93071],[43.84366,48.949],[43.89591,48.96763],[43.92283,49.00957],[43.93782,49.07246],[43.98463,49.13581],[43.95575,49.18625],[43.90485,49.20421],[43.7848,49.20315],[43.74914,49.20718],[43.70817,49.24971],[43.7001,49.32789],[43.65933,49.40192],[43.60238,49.48571],[43.5491,49.50664]]]}},{"type":"Feature","id":"physical-eu-river-950b9c74d46b","properties":{"id":"physical-eu-river-950b9c74d46b","slug":"firat","name":"Firat","localName":"Firat","aliases":[],"kind":"river","sourceId":"natural-earth","territoryIds":[],"bbox":[38.73958,38.81282,38.81265,39.07844],"center":[38.776115,38.94563]},"geometry":{"type":"MultiLineString","coordinates":[[[38.76779,38.81282],[38.81265,38.87499],[38.73958,39.07844]]]}},{"type":"Feature","id":"physical-eu-river-2d3f65ea3667","properties":{"id":"physical-eu-river-2d3f65ea3667","slug":"jordan","name":"Jordan","localName":"Jordan","aliases":[],"kind":"river","sourceId":"natural-earth","territoryIds":[],"bbox":[35.42288,31.32538,35.59889,32.89972],"center":[35.510885,32.11255]},"geometry":{"type":"MultiLineString","coordinates":[[[35.42288,31.32538],[35.46546,31.56236],[35.49947,31.67238],[35.559,31.76553]],[[35.59889,32.89972],[35.57688,32.7203]]]}},{"type":"Feature","id":"physical-eu-river-a50c87f2d9e3","properties":{"id":"physical-eu-river-a50c87f2d9e3","slug":"kemijoki","name":"Kemijoki","localName":"Kemijoki","aliases":[],"kind":"river","sourceId":"natural-earth","territoryIds":[],"bbox":[27.3595,66.46698,27.51856,66.76476],"center":[27.439030000000002,66.61587]},"geometry":{"type":"MultiLineString","coordinates":[[[27.38482,66.76476],[27.51856,66.66802],[27.51344,66.62121],[27.41412,66.59206],[27.36322,66.54984],[27.3595,66.46698]]]}},{"type":"Feature","id":"physical-eu-river-688beee74f9f","properties":{"id":"physical-eu-river-688beee74f9f","slug":"neva","name":"Neva","localName":"Neva","aliases":[],"kind":"river","sourceId":"natural-earth","territoryIds":[],"bbox":[31.04279,59.95099,31.41403,60.23483],"center":[31.22841,60.09291]},"geometry":{"type":"MultiLineString","coordinates":[[[31.04279,59.95099],[31.18087,59.98295],[31.27368,60.05391],[31.41403,60.23483]]]}},{"type":"Feature","id":"physical-eu-river-a75ab09d7ec2","properties":{"id":"physical-eu-river-a75ab09d7ec2","slug":"rhein","name":"Rhein","localName":"Rhein","aliases":[],"kind":"river","sourceId":"natural-earth","territoryIds":[],"bbox":[8.88114,47.51116,9.55438,47.67068],"center":[9.21776,47.59092]},"geometry":{"type":"MultiLineString","coordinates":[[[9.12754,47.67068],[8.88114,47.65639]],[[9.18283,47.67068],[9.55438,47.51116]]]}},{"type":"Feature","id":"physical-eu-river-7b8e9f5138bc","properties":{"id":"physical-eu-river-7b8e9f5138bc","slug":"rhone","name":"Rhône","localName":"Rhône","aliases":[],"kind":"river","sourceId":"natural-earth","territoryIds":[],"bbox":[6.1333,46.2046,6.86607,46.43737],"center":[6.4996849999999995,46.320985]},"geometry":{"type":"MultiLineString","coordinates":[[[6.1333,46.2046],[6.23469,46.33262],[6.32192,46.39371],[6.42889,46.4305],[6.57823,46.43737],[6.86607,46.4028]]]}},{"type":"Feature","id":"physical-eu-river-b740f0ff1007","properties":{"id":"physical-eu-river-b740f0ff1007","slug":"suez-canal","name":"Suez Canal","localName":"Suez Canal","aliases":[],"kind":"river","sourceId":"natural-earth","territoryIds":[],"bbox":[32.3595,30.18067,32.56094,30.42429],"center":[32.46022,30.30248]},"geometry":{"type":"MultiLineString","coordinates":[[[32.56094,30.18067],[32.3595,30.42429]]]}},{"type":"Feature","id":"physical-eu-river-a53ef263b64e","properties":{"id":"physical-eu-river-a53ef263b64e","slug":"sukhona","name":"Sukhona","localName":"Sukhona","aliases":[],"kind":"river","sourceId":"natural-earth","territoryIds":[],"bbox":[39.05346,59.52523,39.79864,59.86844],"center":[39.426050000000004,59.696835]},"geometry":{"type":"MultiLineString","coordinates":[[[39.05346,59.86844],[39.5001,59.61585],[39.68639,59.53001],[39.79864,59.52523]]]}},{"type":"Feature","id":"physical-eu-river-11fbb33fe2e9","properties":{"id":"physical-eu-river-11fbb33fe2e9","slug":"svir","name":"Svir’","localName":"Svir’","aliases":[],"kind":"river","sourceId":"natural-earth","territoryIds":[],"bbox":[31.41403,60.23483,32.82113,60.65457],"center":[32.11758,60.4447]},"geometry":{"type":"MultiLineString","coordinates":[[[31.41403,60.23483],[31.59459,60.40768],[31.7983,60.51972],[32.08552,60.6286],[32.3564,60.65457],[32.61106,60.59765],[32.71065,60.54362],[32.82113,60.48334]]]}},{"type":"Feature","id":"physical-eu-river-51a5ccdba913","properties":{"id":"physical-eu-river-51a5ccdba913","slug":"tajo","name":"Tajo","localName":"Tajo","aliases":[],"kind":"river","sourceId":"natural-earth","territoryIds":[],"bbox":[-5.99557,39.79726,-2.57681,40.72439],"center":[-4.2861899999999995,40.260825]},"geometry":{"type":"MultiLineString","coordinates":[[[-5.99557,39.85186],[-5.85088,39.80716],[-5.6557,39.79726],[-5.2149,39.8123]],[[-2.7336,40.52825],[-2.57681,40.72439]]]}},{"type":"Feature","id":"physical-eu-river-37063b763596","properties":{"id":"physical-eu-river-37063b763596","slug":"vistula","name":"Vistula","localName":"Vistula","aliases":[],"kind":"river","sourceId":"natural-earth","territoryIds":[],"bbox":[18.81046,49.92504,18.93686,49.93189],"center":[18.87366,49.928465]},"geometry":{"type":"MultiLineString","coordinates":[[[18.81046,49.92504],[18.93686,49.93189]]]}},{"type":"Feature","id":"physical-eu-river-79cd663e55b3","properties":{"id":"physical-eu-river-79cd663e55b3","slug":"volga","name":"Volga","localName":"Volga","aliases":[],"kind":"river","sourceId":"natural-earth","territoryIds":[],"bbox":[36.37456,50.22231,49.90479,58.28755],"center":[43.139675,54.25493]},"geometry":{"type":"MultiLineString","coordinates":[[[45.6636,50.22231],[45.83119,50.35729],[45.83584,50.45713],[45.73342,50.56684],[45.67983,50.64657],[45.67518,50.69649],[45.7437,50.74176],[45.8855,50.78248],[45.98089,50.82406],[46.02988,50.86648],[46.04378,50.92503],[46.0226,50.99968],[45.96782,51.0659],[45.87945,51.12362],[45.83579,51.18819],[45.83672,51.25956],[45.86969,51.32191],[45.9347,51.37519],[45.97118,51.42275],[45.97934,51.46466],[46.03267,51.50616],[46.13138,51.54719],[46.2184,51.61432],[46.29385,51.70754],[46.36537,51.74581],[46.47719,51.77325],[46.56577,51.75214],[46.67966,51.74395],[46.77464,51.74793]],[[49.05895,55.48266],[49.28509,55.23441],[49.24809,55.11302],[49.0235,55.03576],[48.9002,54.90993],[48.87829,54.73557],[48.78196,54.61698],[48.61133,54.55419],[48.50715,54.48913],[48.46953,54.4218],[48.4533,54.34444],[48.45837,54.257],[48.58508,54.13494],[48.83343,53.97826],[48.96448,53.82692],[48.97833,53.68094],[49.00624,53.57942],[49.0483,53.52232],[49.10437,53.48268],[49.20943,53.46064],[49.56703,53.46743],[49.90479,53.45674]],[[43.43242,56.67499],[43.3439,56.73344],[43.28649,56.81426],[43.23067,56.93699],[43.17497,57.02386],[43.11936,57.07489],[43.08851,57.11889],[43.08242,57.15584],[43.10396,57.21299],[43.17776,57.32901],[42.87431,57.40957],[42.72383,57.4312],[42.57583,57.41546]],[[37.15115,56.75344],[36.88181,56.78294],[36.73608,56.74992],[36.62415,56.66429],[36.51982,56.64269],[36.37456,56.70636]],[[37.76093,57.29082],[37.94376,57.3117],[38.07879,57.38187],[38.30095,57.57163]],[[41.34252,57.49329],[41.2061,57.51708],[41.09923,57.58791],[40.97634,57.71369],[40.88916,57.7842],[40.83759,57.79947],[40.70597,57.78963],[40.49441,57.75474],[40.29318,57.69464],[40.0071,57.56667]],[[38.43706,58.01754],[38.32591,58.08286],[38.31924,58.14973],[38.40771,58.28755],[38.70403,58.11315]]]}},{"type":"Feature","id":"physical-eu-river-fd29d26ad56e","properties":{"id":"physical-eu-river-fd29d26ad56e","slug":"vorma","name":"Vorma","localName":"Vorma","aliases":[],"kind":"river","sourceId":"natural-earth","territoryIds":[],"bbox":[11.15687,59.38865,11.20286,59.91081],"center":[11.179865,59.64973]},"geometry":{"type":"MultiLineString","coordinates":[[[11.1702,59.38865],[11.20126,59.45097],[11.20286,59.49823]],[[11.19955,59.67021],[11.19434,59.72026],[11.15909,59.83149],[11.15687,59.91081]]]}},{"type":"Feature","id":"physical-eu-river-c103551d5ec1","properties":{"id":"physical-eu-river-c103551d5ec1","slug":"vuoksi","name":"Vuoksi","localName":"Vuoksi","aliases":[],"kind":"river","sourceId":"natural-earth","territoryIds":[],"bbox":[29.59636,60.2357,31.41207,60.71699],"center":[30.504215000000002,60.476345]},"geometry":{"type":"MultiLineString","coordinates":[[[30.47796,60.57418],[30.29782,60.65366],[30.11654,60.67632],[29.87407,60.66862],[29.71372,60.6778],[29.59636,60.71699]],[[30.53388,60.6301],[30.65832,60.64896],[30.79298,60.63467],[30.97933,60.59349],[31.15741,60.48861],[31.41207,60.2357]]]}},{"type":"Feature","id":"physical-eu-river-1fa094a61623","properties":{"id":"physical-eu-river-1fa094a61623","slug":"al-furat","name":"Al Furat","localName":"Al Furat","aliases":[],"kind":"river","sourceId":"natural-earth","territoryIds":[],"bbox":[38.02572,34.42847,40.99257,36.83563],"center":[39.509145000000004,35.63205]},"geometry":{"type":"MultiLineString","coordinates":[[[38.55995,35.86329],[38.91574,35.91274],[39.22709,35.88076],[39.6126,35.78371],[39.83321,35.68325],[39.88891,35.57943],[40.00431,35.47256],[40.17928,35.3627],[40.26341,35.29754],[40.25659,35.27707],[40.29432,35.25304],[40.37659,35.2254],[40.42444,35.16741],[40.43777,35.07905],[40.47477,35.0158],[40.53544,34.97766],[40.58386,34.91818],[40.62014,34.83725],[40.71052,34.75222],[40.8549,34.66308],[40.92797,34.58096],[40.92973,34.50588],[40.94606,34.45836],[40.99257,34.42847]],[[38.02572,36.83563],[38.05642,36.74112],[38.10262,36.69425],[38.17445,36.6635],[38.23108,36.61813],[38.27242,36.55808],[38.26581,36.48165],[38.18385,36.34249]]]}},{"type":"Feature","id":"physical-eu-river-2843700ece1f","properties":{"id":"physical-eu-river-2843700ece1f","slug":"borcea","name":"Borcea","localName":"Borcea","aliases":[],"kind":"river","sourceId":"natural-earth","territoryIds":[],"bbox":[27.26658,44.1378,27.93461,44.74412],"center":[27.600595,44.440960000000004]},"geometry":{"type":"MultiLineString","coordinates":[[[27.26658,44.1378],[27.76878,44.36267],[27.92995,44.48617],[27.93461,44.59227],[27.92184,44.67004],[27.87668,44.74412]]]}},{"type":"Feature","id":"physical-eu-river-d97dfbd25e49","properties":{"id":"physical-eu-river-d97dfbd25e49","slug":"bratul-chillia","name":"Bratul Chillia","localName":"Bratul Chillia","aliases":[],"kind":"river","sourceId":"natural-earth","territoryIds":[],"bbox":[28.76071,45.18003,29.70592,45.41966],"center":[29.233314999999997,45.299845000000005]},"geometry":{"type":"MultiLineString","coordinates":[[[29.70592,45.2599],[29.65197,45.3139],[29.56768,45.37082],[29.40366,45.41966],[29.22357,45.40291],[29.02741,45.32054],[28.89429,45.28995],[28.82432,45.31109],[28.78174,45.30984],[28.76665,45.28623],[28.76985,45.2669],[28.79135,45.25192],[28.7883,45.24096],[28.76071,45.23414],[28.78096,45.21807],[28.88308,45.18003]]]}},{"type":"Feature","id":"physical-eu-river-c5add5c05487","properties":{"id":"physical-eu-river-c5add5c05487","slug":"bratul-sfintu-gheorghe","name":"Bratul Sfintu Gheorghe","localName":"Bratul Sfintu Gheorghe","aliases":[],"kind":"river","sourceId":"natural-earth","territoryIds":[],"bbox":[28.88308,44.91548,29.60546,45.18003],"center":[29.24427,45.047755]},"geometry":{"type":"MultiLineString","coordinates":[[[28.88308,45.18003],[29.07536,45.09994],[29.14678,45.08412],[29.17469,45.08919],[29.20466,45.08014],[29.27649,45.00687],[29.34832,44.97023],[29.42015,44.9703],[29.49477,44.94976],[29.60546,44.91548]]]}},{"type":"Feature","id":"physical-eu-river-9a9138709687","properties":{"id":"physical-eu-river-9a9138709687","slug":"bratul-sulina","name":"Bratul Sulina","localName":"Bratul Sulina","aliases":[],"kind":"river","sourceId":"natural-earth","territoryIds":[],"bbox":[28.88271,45.15164,29.67863,45.17983],"center":[29.28067,45.165735]},"geometry":{"type":"MultiLineString","coordinates":[[[28.88271,45.17983],[29.67863,45.15164]]]}},{"type":"Feature","id":"physical-eu-river-30d40b754030","properties":{"id":"physical-eu-river-30d40b754030","slug":"dalalven","name":"Dalälven","localName":"Dalälven","aliases":[],"kind":"river","sourceId":"natural-earth","territoryIds":[],"bbox":[12.09511,60.12168,17.45705,62.15724],"center":[14.77608,61.13946]},"geometry":{"type":"MultiLineString","coordinates":[[[16.43303,60.15581],[16.49866,60.16325]],[[17.41726,60.50961],[17.45705,60.64178]],[[14.97307,60.72808],[15.04718,60.71056],[15.05746,60.68061],[15.02862,60.63237],[15.04511,60.59108],[15.10681,60.55661],[15.20603,60.54003],[15.34256,60.54127],[15.47774,60.50525],[15.61138,60.43197],[15.7537,60.40063],[15.90449,60.41122],[16.00598,60.3898],[16.05797,60.33632],[16.07326,60.27968],[16.05166,60.21979],[16.1115,60.17281],[16.32317,60.12168]],[[13.71806,61.41333],[13.72416,61.33372],[13.74028,61.29957],[13.76829,61.28432],[13.94864,61.26758],[14.0339,61.23735],[14.09364,61.18296],[14.23069,61.11617],[14.55222,60.99747]],[[12.09511,62.15008],[12.2119,62.15724],[12.29075,62.11952],[12.41033,61.99927],[13.21173,61.66347]]]}},{"type":"Feature","id":"physical-eu-river-a4bfa362ef4f","properties":{"id":"physical-eu-river-a4bfa362ef4f","slug":"damietta-branch","name":"Damietta Branch","localName":"Damietta Branch","aliases":[],"kind":"river","sourceId":"natural-earth","territoryIds":[],"bbox":[31.07813,30.15126,31.83923,31.52632],"center":[31.45868,30.83879]},"geometry":{"type":"MultiLineString","coordinates":[[[31.1633,30.15126],[31.07813,30.32476],[31.10733,30.41892],[31.21037,30.5077],[31.2498,30.62325],[31.22572,30.76569],[31.22397,30.86856],[31.24474,30.93191],[31.31001,31.01852],[31.41987,31.12839],[31.50943,31.18637],[31.57878,31.19241],[31.67123,31.27794],[31.83923,31.52632]]]}},{"type":"Feature","id":"physical-eu-river-c81105bb46d5","properties":{"id":"physical-eu-river-c81105bb46d5","slug":"danube","name":"Danube","localName":"Danube","aliases":[],"kind":"river","sourceId":"natural-earth","territoryIds":[],"bbox":[17.20642,43.6708,28.76071,48.0611],"center":[22.983565,45.86595]},"geometry":{"type":"MultiLineString","coordinates":[[[17.20642,48.0611],[17.48062,47.88762],[17.63529,47.8099],[17.76189,47.77016],[18.14559,47.76342],[18.75362,47.78838],[18.79454,47.80943],[19.00016,47.8192],[19.07132,47.80651],[19.10347,47.77923],[19.12331,47.73125],[19.12393,47.70908],[19.07339,47.55203],[19.06001,47.48103],[19.02967,47.41274],[18.95882,47.36468],[18.9072,47.25998],[18.88363,47.15115],[18.92818,47.08325],[18.93531,47.03305],[18.93996,46.99982],[18.9365,46.88476],[18.94492,46.8036],[18.98285,46.7402],[18.96585,46.68511],[18.89402,46.63829],[18.87361,46.58587],[18.90461,46.52783],[18.91882,46.42293],[18.91624,46.27116],[18.85914,46.15109],[18.74752,46.06267],[18.72695,46.0144],[18.7593,45.93469],[18.83909,45.83576],[18.89449,45.7671],[18.9473,45.65582],[18.91784,45.60083],[18.95371,45.558],[19.0551,45.52725],[19.06429,45.515],[19.03329,45.50218],[19.00766,45.4658],[19.00466,45.3995],[19.09308,45.33692],[19.27281,45.27796],[19.47471,45.24334],[19.69878,45.23305],[19.82833,45.24148],[19.86337,45.26871],[19.90703,45.25915],[19.95943,45.2129],[20.0448,45.18618],[20.16314,45.17905],[20.25327,45.14988],[20.28231,45.12577],[20.31497,45.0987],[20.3391,45.03844],[20.32556,44.96909],[20.3529,44.9109],[20.42101,44.86383],[20.50043,44.84259],[20.59107,44.84719],[20.63562,44.8284],[20.63407,44.78629],[20.66585,44.74099],[20.73107,44.6926],[20.91276,44.70797],[21.36007,44.82667],[21.52316,44.79008],[21.59706,44.75541],[21.63613,44.71045],[21.7402,44.68068],[21.90929,44.66611],[22.0269,44.61986],[22.09305,44.54193],[22.20095,44.56069],[22.35071,44.67614],[22.49768,44.70626],[22.64206,44.65097],[22.72092,44.60552],[22.73435,44.56992],[22.70077,44.55552],[22.62015,44.56235],[22.554,44.54033],[22.50233,44.48958],[22.49458,44.43543],[22.53065,44.37796],[22.58181,44.33833],[22.64795,44.31647],[22.6833,44.28647],[22.68785,44.24831],[22.77518,44.19524],[22.9454,44.12728],[23.0285,44.07798],[23.02447,44.04723],[22.9854,44.017],[22.91129,43.98719],[22.8683,43.94789],[22.85641,43.89903],[22.86768,43.86456],[22.91905,43.83446],[23.22461,43.87389],[23.53456,43.85358],[23.95077,43.78666],[24.22677,43.76348],[24.43058,43.79438],[25.15963,43.68633],[25.49708,43.6708],[25.68611,43.71175],[25.81882,43.76684],[25.93344,43.87055],[26.2158,44.00729],[26.48922,44.08398],[26.84775,44.1462],[27.08691,44.16741],[27.22173,44.1433],[27.26658,44.1378],[27.33831,44.13338],[27.41247,44.13767],[27.59411,44.17927],[27.86024,44.26262],[28.02215,44.34262],[28.07992,44.41931],[28.08338,44.4762],[28.03243,44.5133],[28.0129,44.55811],[28.02468,44.61066],[27.99212,44.66371],[27.90717,44.71877],[27.87668,44.74412],[27.85011,44.76838],[27.83017,44.79561],[27.83068,44.83008],[27.86283,44.86476],[27.89456,44.96762],[27.92598,45.13872],[27.96484,45.26871],[28.01124,45.35759],[28.07894,45.41413],[28.21247,45.45046],[28.31768,45.34713],[28.45127,45.2922],[28.76071,45.23414]]]}},{"type":"Feature","id":"physical-eu-river-9a78c7092149","properties":{"id":"physical-eu-river-9a78c7092149","slug":"daugava","name":"Daugava","localName":"Daugava","aliases":[],"kind":"river","sourceId":"natural-earth","territoryIds":[],"bbox":[24.05433,55.06943,32.31775,57.06613],"center":[28.18604,56.06778]},"geometry":{"type":"MultiLineString","coordinates":[[[32.07756,56.90774],[32.06216,56.87705],[32.09683,56.86113],[32.17652,56.84981],[32.24168,56.82062],[32.31775,56.7501],[32.27289,56.60931],[32.2331,56.55185],[32.1836,56.53076],[32.13492,56.47834],[32.08707,56.39457],[32.07265,56.31514],[32.09156,56.24006],[32.06784,56.19386],[32.00149,56.17655],[31.97431,56.14355],[31.9863,56.09487],[31.8753,56.06888],[31.64141,56.06552],[31.47945,56.03891],[31.38964,55.98904],[31.37946,55.88884],[31.44902,55.73836],[31.41532,55.6551],[31.27838,55.63909],[31.17136,55.60064],[31.05581,55.50933],[30.64323,55.43607],[30.40862,55.36936],[30.21442,55.28474],[30.16698,55.23487],[30.14786,55.19472],[30.0875,55.18314],[29.92523,55.20381],[29.81496,55.205],[29.75677,55.18671],[29.72576,55.16139],[29.72204,55.12894],[29.6868,55.11596],[29.62003,55.12248],[29.55482,55.10697],[29.49126,55.06943],[29.45239,55.07095],[29.43823,55.11152],[29.40573,55.13214],[29.35478,55.13281],[29.31561,55.15534],[29.28822,55.19973],[29.20207,55.25769],[29.05707,55.32918],[29.00069,55.38019],[28.99304,55.40887],[28.91868,55.45465],[28.72355,55.52364],[28.50393,55.56601],[28.25991,55.58178],[28.08715,55.62022],[27.98577,55.68141],[27.92815,55.73996],[27.9143,55.79587],[27.88086,55.81675],[27.85518,55.81923],[27.76402,55.80848],[27.60414,55.79768],[27.45913,55.80349],[27.34906,55.83148],[27.01482,55.89853],[26.80925,55.90723],[26.62084,55.8799],[26.48916,55.89912],[26.41413,55.96485],[26.36447,56.03891],[26.34018,56.12133],[26.29434,56.17838],[26.22696,56.21006],[26.18417,56.26447],[26.16588,56.34163],[26.06428,56.41772],[25.87938,56.49283],[25.77851,56.55288],[25.76166,56.59784],[25.70978,56.60931],[25.62276,56.58719],[25.53408,56.58978],[25.44365,56.61711],[25.35771,56.61946],[25.27616,56.59691],[25.17446,56.59432],[25.05261,56.61169],[24.89071,56.66832],[24.68865,56.76424],[24.50541,56.82738],[24.34098,56.85777],[24.22031,56.89394],[24.14352,56.93583],[24.09138,56.98533],[24.05433,57.06613]]]}},{"type":"Feature","id":"physical-eu-river-329f132bc09f","properties":{"id":"physical-eu-river-329f132bc09f","slug":"dicle","name":"Dicle","localName":"Dicle","aliases":[],"kind":"river","sourceId":"natural-earth","territoryIds":[],"bbox":[39.64309,37.06249,42.37657,38.41559],"center":[41.00983,37.73904]},"geometry":{"type":"MultiLineString","coordinates":[[[39.64309,38.41559],[40.01847,38.34774],[40.02436,38.30562],[40.06756,38.26872],[40.14993,38.22304],[40.17825,38.17863],[40.15252,38.1355],[40.17143,38.10631],[40.23499,38.09111],[40.26186,38.02326],[40.25194,37.90275],[40.42738,37.83201],[40.96859,37.80048],[41.15535,37.75733],[41.35828,37.74405],[41.63971,37.74635],[41.80048,37.70881],[41.84048,37.6315],[41.85386,37.55559],[41.84053,37.48112],[41.88233,37.44084],[41.97928,37.4348],[42.09369,37.39516],[42.22567,37.32193],[42.31285,37.22961],[42.37657,37.06249]]]}},{"type":"Feature","id":"physical-eu-river-0ed2aa40f5d6","properties":{"id":"physical-eu-river-0ed2aa40f5d6","slug":"dnepre","name":"Dnepre","localName":"Dnepre","aliases":[],"kind":"river","sourceId":"natural-earth","territoryIds":[],"bbox":[33.39066,54.91722,33.89099,55.8737],"center":[33.640825,55.39546]},"geometry":{"type":"MultiLineString","coordinates":[[[33.73534,55.8737],[33.81771,55.82667],[33.82608,55.80197],[33.78774,55.78393],[33.80303,55.76409],[33.87187,55.74249],[33.89099,55.71303],[33.8452,55.65707],[33.76789,55.56979],[33.70206,55.54581],[33.62185,55.55604],[33.58455,55.49822],[33.59013,55.37233],[33.56992,55.28722],[33.52393,55.24283],[33.47334,55.1448],[33.39066,54.91722]]]}},{"type":"Feature","id":"physical-eu-river-5c117aba4cc2","properties":{"id":"physical-eu-river-5c117aba4cc2","slug":"dniester","name":"Dniester","localName":"Dniester","aliases":[],"kind":"river","sourceId":"natural-earth","territoryIds":[],"bbox":[22.8466,46.09016,30.49295,49.56475],"center":[26.669775,47.827455]},"geometry":{"type":"MultiLineString","coordinates":[[[30.47833,46.10117],[30.49295,46.09016]],[[22.8466,49.26707],[23.08234,49.46065],[23.38837,49.55403],[23.60738,49.56475],[23.84126,49.52398],[24.01862,49.48101],[24.13923,49.43592],[24.22662,49.37236],[24.28067,49.29035],[24.36046,49.24521],[24.46598,49.23705],[24.59429,49.18191],[24.74539,49.0798],[24.85118,49.02786],[24.91164,49.026],[24.98693,48.9982],[25.12212,48.91764],[25.15452,48.87846],[25.18537,48.88187],[25.21053,48.88451],[25.23027,48.86425],[25.25074,48.8419],[25.3019,48.8419],[25.339,48.83247],[25.39765,48.84529],[25.52054,48.80891],[25.66823,48.68941],[25.73123,48.65892],[25.78058,48.65987],[25.82698,48.64918],[25.89406,48.60752],[25.95793,48.60194],[26.00542,48.6138],[26.03663,48.61724],[26.07193,48.57228],[26.09291,48.56267],[26.13037,48.57215],[26.16872,48.54724],[26.25311,48.52944],[26.3979,48.53513],[26.49847,48.51668],[26.55479,48.4741],[26.59107,48.46629],[26.6073,48.49327],[26.63882,48.50422],[26.66838,48.51657],[26.69432,48.539],[26.72047,48.54996],[26.75871,48.56184],[26.78403,48.56479],[26.80377,48.57908],[26.83498,48.58257],[26.88356,48.55825],[26.99668,48.56034],[27.27191,48.60055],[27.43298,48.58365],[27.4799,48.5096],[27.57375,48.4649],[27.71441,48.4495],[27.82004,48.41627],[27.89063,48.36521],[27.96339,48.33356],[28.03842,48.32129],[28.08013,48.29581],[28.0885,48.25706],[28.15883,48.23799],[28.29102,48.23856],[28.34714,48.21305],[28.32698,48.16143],[28.34052,48.14445],[28.38755,48.16213],[28.42305,48.14688],[28.44202,48.10869],[28.46305,48.0905],[28.49566,48.09593],[28.53917,48.10409],[28.57446,48.06875],[28.57178,48.02797],[28.60438,48.00896],[28.65332,48.01712],[28.76556,47.98658],[28.93392,47.8979],[29.0102,47.79574],[28.99439,47.68009],[29.01749,47.58268],[29.0795,47.50356],[29.10348,47.44956],[29.08942,47.42078],[29.10296,47.39179],[29.11991,47.3685],[29.11645,47.34055],[29.10373,47.31019],[29.15386,47.23479],[29.14456,47.18097],[29.13195,47.15325],[29.13696,47.13557],[29.17226,47.13557],[29.21515,47.14314],[29.26496,47.14604],[29.31359,47.11578],[29.35917,47.06643],[29.36026,47.0294],[29.31674,47.00463],[29.30021,46.98385],[29.31065,46.96711],[29.42356,46.95471],[29.47244,46.91181],[29.49859,46.82872],[29.5373,46.80058],[29.58867,46.8274],[29.63517,46.8126],[29.67683,46.75611],[29.6898,46.715],[29.67398,46.68919],[29.69341,46.66454],[29.74809,46.64093],[29.76343,46.62046],[29.76984,46.60103],[29.80514,46.58088],[29.89826,46.55344],[30.13101,46.42308],[30.21969,46.42629],[30.2541,46.40053],[30.26878,46.32004]]]}},{"type":"Feature","id":"physical-eu-river-3456e22b7b46","properties":{"id":"physical-eu-river-3456e22b7b46","slug":"dnipro","name":"Dnipro","localName":"Dnipro","aliases":[],"kind":"river","sourceId":"natural-earth","territoryIds":[],"bbox":[30.03427,46.61561,35.1937,55.00114],"center":[32.613985,50.808375]},"geometry":{"type":"MultiLineString","coordinates":[[[32.57799,46.61561],[32.64548,46.64961],[32.93368,46.71728],[33.06664,46.75875],[33.23697,46.77746],[33.35691,46.78588],[33.45127,46.8088],[33.5399,46.83125]],[[35.10528,47.84013],[35.12993,47.97198],[35.11763,48.03759],[35.0766,48.08089],[35.08719,48.10833],[35.14941,48.11996],[35.18491,48.15003],[35.1937,48.19861],[35.16956,48.27984],[35.11262,48.39371],[34.95883,48.47707],[34.81858,48.49216],[34.7082,48.52991],[34.41013,48.64018],[34.22538,48.73641],[34.06462,48.80782],[33.71735,48.94221],[33.5076,49.00807],[33.36306,49.0654],[33.19397,49.0939]],[[31.88801,49.55444],[31.69066,49.63614],[31.4624,49.75671]],[[31.43987,50.0001],[31.24433,49.97891],[31.07121,50.0232],[30.85551,50.12578],[30.70668,50.222],[30.62483,50.31181],[30.56659,50.41667],[30.51466,50.5966]],[[33.39066,54.91722],[33.10928,54.98579],[32.97792,55.00114],[32.90278,54.98615],[32.82283,54.95789],[32.73809,54.91629],[32.68703,54.87097],[32.66977,54.82193],[32.61127,54.76294],[32.51154,54.69405],[32.38162,54.69485],[32.22142,54.76539],[32.00557,54.77712],[31.59831,54.70669],[30.97375,54.65514],[30.71764,54.61341],[30.62173,54.56437],[30.55212,54.54422],[30.50882,54.553],[30.46257,54.53659],[30.41327,54.49497],[30.36025,54.42479],[30.30351,54.32604],[30.31839,54.1847],[30.40489,54.00084],[30.40665,53.89901],[30.32356,53.87924],[30.27513,53.80155],[30.26139,53.66598],[30.28366,53.52283],[30.3712,53.29659],[30.27901,53.2505],[30.2603,53.20598],[30.28418,53.14764],[30.25147,53.12017],[30.16207,53.12358],[30.0908,53.10061],[30.03758,53.05123],[30.03427,52.954],[30.08088,52.80884],[30.14341,52.71017],[30.22206,52.65792],[30.25808,52.60622],[30.25157,52.55501],[30.27942,52.50708],[30.34154,52.46238],[30.36547,52.42982],[30.3511,52.40931],[30.39699,52.37996],[30.50313,52.34179],[30.54582,52.3058],[30.52504,52.27195],[30.5839,52.19661],[30.72229,52.07977],[30.79619,51.99569],[30.80539,51.94432],[30.77293,51.89389],[30.69862,51.84438],[30.62483,51.76573],[30.55135,51.65788],[30.54726,51.54492],[30.61248,51.42678],[30.61072,51.33012],[30.50763,51.21731]]]}},{"type":"Feature","id":"physical-eu-river-776d19e3f81b","properties":{"id":"physical-eu-river-776d19e3f81b","slug":"don","name":"Don","localName":"Don","aliases":[],"kind":"river","sourceId":"natural-earth","territoryIds":[],"bbox":[38.30612,47.10576,43.5491,54.06376],"center":[40.92761,50.58476]},"geometry":{"type":"MultiLineString","coordinates":[[[42.10971,47.60177],[42.01473,47.56033],[41.85298,47.56389],[41.75474,47.59009],[41.59274,47.59867],[41.40681,47.59867],[41.29529,47.56389],[41.18393,47.54733],[41.07282,47.54898],[41.00921,47.56686],[40.99309,47.60102],[40.97024,47.61004],[40.92601,47.58591],[40.58846,47.49144],[40.41162,47.4014],[40.28305,47.28435],[40.11236,47.22249],[39.89956,47.21593],[39.68934,47.18717],[39.37789,47.11082],[39.29345,47.10576]],[[43.5491,49.50664],[43.37919,49.48664],[43.31573,49.45592],[43.30199,49.40781],[43.25191,49.36546],[43.16541,49.32888],[43.09549,49.32402],[43.04206,49.35081],[43.01591,49.38004],[43.01704,49.41166],[42.95663,49.44215],[42.83478,49.4715],[42.79685,49.51563],[42.76988,49.57253],[42.73096,49.58152],[42.64709,49.56656],[42.44648,49.57852],[42.29673,49.59948],[42.00625,49.61025],[41.83257,49.59651],[41.71294,49.61576],[41.46706,49.61302],[41.37952,49.58803],[41.31363,49.58677],[41.2695,49.60919],[41.26098,49.62968],[41.28805,49.64818],[41.27927,49.68307],[41.23452,49.7343],[41.14036,49.7703],[40.9966,49.79112],[40.92105,49.82727],[40.91361,49.87877],[40.88958,49.92176],[40.84896,49.9562],[40.77801,49.96382],[40.67662,49.94455],[40.64437,49.95339],[40.62122,49.97654],[40.5959,50.02656],[40.50154,50.1204],[40.43157,50.13916],[40.38589,50.08289],[40.32181,50.06511],[40.19799,50.09632],[40.03966,50.10335],[40.00141,50.13255],[40.03046,50.18624],[40.02653,50.23838],[39.98963,50.28902],[40.00193,50.34564],[40.06363,50.40819],[40.03635,50.47537],[39.92028,50.5471],[39.907,50.61738],[39.87941,50.64983],[39.79435,50.69187],[39.75719,50.73344],[39.76804,50.77463],[39.79409,50.7969],[39.81424,50.83313],[39.78851,50.87416],[39.77466,50.91873],[39.77786,50.95219],[39.74479,50.96211],[39.6774,50.95457],[39.51287,50.95968],[39.26616,50.98702],[39.14312,51.02415],[39.14384,51.07112],[39.18157,51.11052],[39.25629,51.14241],[39.26208,51.17326],[39.19893,51.20313],[39.17676,51.23757],[39.16007,51.29418],[39.13108,51.364],[39.05181,51.42957],[39.05165,51.47709],[39.05894,51.50712],[39.03724,51.53967],[39.0177,51.56765],[39.01191,51.59721],[39.03817,51.62589],[39.04581,51.65674],[39.03496,51.68982],[39.06034,51.75715],[39.12204,51.85867],[39.13997,51.93409],[39.13294,52.01174]],[[39.13294,52.01856],[39.15165,52.0516],[39.16379,52.08416],[39.15439,52.12488],[39.09646,52.17935],[38.99,52.24766],[38.95765,52.28937],[38.95807,52.32719],[38.90494,52.43773],[38.93068,52.57622],[38.93274,52.66459],[38.91094,52.70288],[38.96437,52.79414],[39.09294,52.93837],[39.15537,53.11784],[39.15154,53.33261],[39.11165,53.44857],[39.05604,53.51859],[39.02132,53.56092],[38.99806,53.57621],[38.87125,53.6182],[38.64098,53.68683],[38.53096,53.75372],[38.54119,53.81889],[38.52926,53.86087],[38.4781,53.88901],[38.30612,54.06376]]]}},{"type":"Feature","id":"physical-eu-river-fa00475f0543","properties":{"id":"physical-eu-river-fa00475f0543","slug":"donau","name":"Donau","localName":"Donau","aliases":[],"kind":"river","sourceId":"natural-earth","territoryIds":[],"bbox":[8.21979,47.93072,17.20642,49.0275],"center":[12.713105,48.479110000000006]},"geometry":{"type":"MultiLineString","coordinates":[[[8.21979,48.04681],[8.49006,47.93072],[8.69583,47.9363],[8.83587,47.97635],[8.97871,48.0527],[9.13188,48.08642],[9.29538,48.07753],[9.42106,48.11613],[9.50881,48.20233],[9.5887,48.24396],[9.66073,48.24098],[9.78403,48.28909],[9.9588,48.38826],[10.12717,48.45291],[10.28912,48.48309],[10.38503,48.51621],[10.41469,48.55233],[10.52358,48.6067],[10.71157,48.67941],[11.0251,48.73532],[11.68356,48.79413],[11.76593,48.87092],[11.85037,48.90601],[11.96437,48.92492],[12.02421,48.95766],[12.03299,49.0275],[12.24244,49.01809],[12.36083,48.9922],[12.50656,48.92384]],[[17.20642,48.0611],[17.1655,48.11743],[17.11082,48.14647],[17.02866,48.16709],[16.87807,48.17179],[16.65907,48.16063],[16.48647,48.21254],[16.36048,48.32749],[16.20948,48.37958],[16.03368,48.36883],[15.86139,48.37937],[15.69272,48.41128],[15.57303,48.42371],[15.50234,48.41668],[15.43118,48.3709],[15.35956,48.2863],[15.26473,48.22879],[15.1467,48.19835],[15.03575,48.19789],[14.93189,48.22739],[14.82879,48.22721],[14.72647,48.19732],[14.58343,48.21874],[14.39967,48.29155],[14.24309,48.32827],[14.1138,48.32889],[14.0368,48.35235],[14.0122,48.39862],[13.87159,48.46177],[13.48665,48.58184],[13.31627,48.60231],[13.19995,48.63641],[13.08089,48.69098],[13.00477,48.74762],[12.97159,48.80632],[12.9088,48.8357],[12.8163,48.8357],[12.70422,48.8596],[12.50656,48.93128]]]}},{"type":"Feature","id":"physical-eu-river-019884b92c44","properties":{"id":"physical-eu-river-019884b92c44","slug":"drava","name":"Drava","localName":"Drava","aliases":[],"kind":"river","sourceId":"natural-earth","territoryIds":[],"bbox":[13.82182,45.558,18.95371,47.40153],"center":[16.387765,46.479765]},"geometry":{"type":"MultiLineString","coordinates":[[[13.82182,47.09046],[14.36732,47.14738],[14.507,47.20911],[14.61966,47.22441],[14.75184,47.21376],[14.86062,47.24526],[14.9461,47.31892],[15.06201,47.37101],[15.14515,47.40016],[15.20846,47.40153],[15.30303,47.39367],[15.34571,47.34742],[15.35248,47.31621],[15.32344,47.30006],[15.31558,47.25257],[15.32892,47.17371],[15.36137,47.1211],[15.41294,47.0948],[15.47593,46.99693],[15.55965,46.8313],[15.58172,46.76735],[15.63019,46.73648],[15.7013,46.72283],[16.04205,46.66268],[16.2115,46.57049],[16.32121,46.53463],[16.42766,46.5244],[16.56998,46.48499],[16.74805,46.41642],[16.87146,46.33929],[16.93998,46.25366],[17.03269,46.18731],[17.14958,46.14034],[17.24218,46.07662],[17.3106,45.99616],[17.40631,45.9511],[17.52919,45.94133],[17.60702,45.91379],[17.63968,45.86836],[17.70639,45.82726],[17.80716,45.79041],[17.96384,45.77028],[18.28274,45.76517],[18.55084,45.62672],[18.71207,45.57365],[18.95371,45.558]]]}},{"type":"Feature","id":"physical-eu-river-7755c8cb9b58","properties":{"id":"physical-eu-river-7755c8cb9b58","slug":"duero","name":"Duero","localName":"Duero","aliases":[],"kind":"river","sourceId":"natural-earth","territoryIds":[],"bbox":[-8.67461,41.0624,-2.35709,41.92806],"center":[-5.5158499999999995,41.49523]},"geometry":{"type":"MultiLineString","coordinates":[[[-2.8375,41.92806],[-2.54193,41.84995],[-2.44401,41.79678],[-2.44527,41.74252],[-2.4237,41.68787],[-2.35709,41.60532],[-2.49832,41.52145],[-2.61676,41.50501],[-2.75954,41.52806],[-2.86558,41.52909],[-2.93488,41.50801],[-3.03834,41.52444],[-3.1759,41.57837],[-3.41097,41.63278],[-3.74349,41.68769],[-3.94055,41.69296],[-4.00215,41.6486],[-4.14607,41.63079],[-4.37231,41.63963],[-4.68191,41.59235],[-5.0748,41.48899],[-5.30691,41.46352],[-5.37827,41.51599],[-5.51803,41.52747],[-5.7261,41.49793],[-5.83757,41.49215],[-5.8878,41.47359],[-5.97092,41.49039],[-6.09195,41.54284],[-6.17801,41.54964],[-6.24432,41.51592],[-6.28935,41.45504],[-6.40314,41.37541],[-6.56592,41.30373],[-6.69015,41.21449],[-6.77578,41.10772],[-6.8828,41.0624],[-7.01127,41.07853],[-7.08481,41.113],[-7.10349,41.16576],[-7.24438,41.18942],[-7.65121,41.18121],[-8.23481,41.09183],[-8.42547,41.08421],[-8.55549,41.12757],[-8.67461,41.15449]]]}},{"type":"Feature","id":"physical-eu-river-1c9abe2c1d96","properties":{"id":"physical-eu-river-1c9abe2c1d96","slug":"ebro","name":"Ebro","localName":"Ebro","aliases":[],"kind":"river","sourceId":"natural-earth","territoryIds":[],"bbox":[-4.18886,40.72235,0.89114,43.01117],"center":[-1.64886,41.86676]},"geometry":{"type":"MultiLineString","coordinates":[[[-4.18886,43.01117],[-4.10225,43.00148],[-4.05476,42.95252],[-4.01745,42.86105],[-3.96267,42.82504],[-3.89038,42.84441],[-3.82196,42.84186],[-3.75739,42.81728],[-3.70925,42.83263],[-3.67752,42.8879],[-3.62678,42.898],[-3.52213,42.84545],[-3.45123,42.80692],[-3.33661,42.79186],[-3.15466,42.78741],[-3.0109,42.75522],[-2.90542,42.69528],[-2.84279,42.64417],[-2.82305,42.60184],[-2.75579,42.55968],[-2.64102,42.51761],[-2.56315,42.50686],[-2.52219,42.52733],[-2.39543,42.51379],[-2.18294,42.46625],[-1.99442,42.39085],[-1.74761,42.23592],[-1.40521,41.97827],[-1.11018,41.8021],[-0.7484,41.62152],[-0.52642,41.47892],[-0.44423,41.37432],[-0.30109,41.30942],[-0.09707,41.2842],[0.04034,41.30606],[0.11114,41.37499],[0.1671,41.41065],[0.20813,41.41313],[0.26275,41.3989],[0.33086,41.36797],[0.36221,41.32843],[0.35675,41.28027],[0.3643,41.25573],[0.39502,41.2543],[0.52543,41.2489],[0.58987,41.21963],[0.63172,41.1647],[0.6525,41.1192],[0.65198,41.08313],[0.61384,41.03752],[0.53788,40.98238],[0.51705,40.90389],[0.55126,40.80203],[0.65059,40.74462],[0.89114,40.72235]]]}},{"type":"Feature","id":"physical-eu-river-bd2f9fcf3333","properties":{"id":"physical-eu-river-bd2f9fcf3333","slug":"elbe","name":"Elbe","localName":"Elbe","aliases":[],"kind":"river","sourceId":"natural-earth","territoryIds":[],"bbox":[9.78403,50.03142,15.88904,53.55464],"center":[12.836535,51.79303]},"geometry":{"type":"MultiLineString","coordinates":[[[15.58275,50.6928],[15.615,50.61391],[15.65256,50.57598],[15.7062,50.55268],[15.73406,50.52219],[15.73602,50.48441],[15.78227,50.44013],[15.86418,50.39408],[15.88382,50.37227],[15.88904,50.32752],[15.84485,50.27202],[15.81938,50.19663],[15.81721,50.10697],[15.67742,50.05193],[15.39992,50.03142],[15.23559,50.0347],[15.1588,50.07521],[15.0881,50.15237],[14.96935,50.17903],[14.77887,50.18094],[14.63097,50.2221],[14.47295,50.34272],[14.3882,50.43811],[14.33244,50.46043],[14.27735,50.44157],[14.24056,50.45416],[14.22206,50.49821],[14.17808,50.52007],[14.10873,50.51966],[14.06248,50.53537],[14.03943,50.5671],[14.03959,50.58939],[14.06295,50.60226],[14.06739,50.61851],[14.06956,50.64143],[14.08398,50.66073],[14.16036,50.68626],[14.20289,50.74967],[14.21157,50.85098],[14.13617,50.91787],[13.9767,50.95033],[13.87381,50.99136],[13.82761,51.04099],[13.74379,51.07869],[13.62246,51.10448],[13.5222,51.1414],[13.44304,51.18951],[13.39756,51.23496],[13.38578,51.2778],[13.34495,51.31242],[13.27509,51.33883],[13.2262,51.38245],[13.18434,51.47363]],[[13.19116,51.47363],[12.93423,51.62259],[12.84204,51.71142],[12.82891,51.78971],[12.74158,51.84278],[12.57994,51.87063],[12.38171,51.88097],[12.14699,51.87379],[11.99475,51.90869],[11.9252,51.98564],[11.84334,52.0313],[11.74939,52.04566],[11.69084,52.0716],[11.6678,52.10907],[11.66821,52.15529],[11.69208,52.2102],[11.75725,52.27275],[11.91693,52.37797],[11.97791,52.43773],[12.00343,52.56186],[12.01377,52.77032],[11.92054,52.91848],[11.72386,53.00627],[11.55509,53.05418],[11.41432,53.06219],[11.29691,53.09304],[11.20297,53.14683],[11.1393,53.16629],[11.10592,53.15146],[10.99435,53.20011],[10.80449,53.31217],[10.68243,53.36909],[10.60104,53.37168],[10.41299,53.41684],[10.30514,53.42553],[10.21481,53.41281],[10.082,53.43994]],[[10.082,53.43994],[9.81897,53.54035],[9.78403,53.55464],[9.89979,53.55172],[9.98764,53.5381],[10.04753,53.51591],[10.082,53.43994]]]}},{"type":"Feature","id":"physical-eu-river-be846783fd49","properties":{"id":"physical-eu-river-be846783fd49","slug":"euphrates","name":"Euphrates","localName":"Euphrates","aliases":[],"kind":"river","sourceId":"natural-earth","territoryIds":[],"bbox":[40.99257,30.90168,47.46845,34.50906],"center":[44.230509999999995,32.70537]},"geometry":{"type":"MultiLineString","coordinates":[[[45.4631,31.3052],[45.54077,31.22874],[45.6851,31.18404],[45.92209,31.14554],[46.12114,31.08609],[46.36309,30.96537],[46.48329,30.90258],[46.57962,30.90168],[46.69207,30.94178],[46.88554,30.95883],[47.16015,30.95292],[47.33141,30.96656],[47.39931,30.99981],[47.4421,31.00444],[47.46845,30.96847]],[[40.99257,34.42847],[41.11907,34.38772],[41.1769,34.39289],[41.20821,34.43041],[41.27586,34.44286],[41.37994,34.43025],[41.43006,34.43604],[41.44825,34.43989],[41.47052,34.44916],[41.50179,34.43604],[41.59072,34.44834],[41.71712,34.49712],[41.82719,34.50906],[41.92094,34.48415],[41.98961,34.44612],[42.05504,34.36932],[42.12216,34.30173],[42.1696,34.28814],[42.21973,34.30594],[42.24805,34.29698],[42.26293,34.28956],[42.28618,34.2922],[42.30324,34.33408],[42.32985,34.34648],[42.36592,34.32943],[42.36633,34.30183],[42.33099,34.26364],[42.33181,34.23122],[42.36892,34.2045],[42.38328,34.16541],[42.37512,34.11389],[42.41724,34.05898],[42.44654,34.04051],[42.50974,34.00064],[42.55113,33.94359],[42.54141,33.8878],[42.56343,33.87034],[42.61717,33.89121],[42.67288,33.88961],[42.73045,33.86548],[42.74755,33.81964],[42.72409,33.752],[42.76729,33.67112],[42.87716,33.57692],[42.96547,33.52085],[43.03234,33.50281],[43.07895,33.50462],[43.10551,33.52617],[43.15523,33.51501],[43.22819,33.47114],[43.28767,33.45483],[43.33367,33.46615],[43.45433,33.44243],[43.53562,33.41799],[43.64967,33.38367],[43.77576,33.31143],[43.8325,33.2257],[43.87229,33.19865],[43.90536,33.19865],[43.94763,33.19467],[44.02908,33.15971],[44.12204,33.05294],[44.25366,32.82818],[44.26255,32.79293],[44.26358,32.727],[44.23661,32.624],[44.25547,32.49636],[44.32131,32.34852],[44.35495,32.23545],[44.3565,32.15721],[44.38735,32.07246],[44.4476,31.98128],[44.47685,31.87787],[44.47509,31.7623],[44.54811,31.64809],[44.76981,31.47885],[45.04188,31.44072],[45.15815,31.40266],[45.20931,31.35201],[45.29287,31.32132],[45.46692,31.3052]]]}},{"type":"Feature","id":"physical-eu-river-90e08b17523a","properties":{"id":"physical-eu-river-90e08b17523a","slug":"ferenc-csatorna","name":"Ferenc Csatorna","localName":"Ferenc Csatorna","aliases":[],"kind":"river","sourceId":"natural-earth","territoryIds":[],"bbox":[18.83909,45.83576,18.91986,46.26684],"center":[18.879475,46.0513]},"geometry":{"type":"MultiLineString","coordinates":[[[18.91986,46.26684],[18.90859,45.94994],[18.90539,45.93172],[18.89356,45.86552],[18.83909,45.83576]]]}},{"type":"Feature","id":"physical-eu-river-3f15bae2a15d","properties":{"id":"physical-eu-river-3f15bae2a15d","slug":"firat","name":"Firat","localName":"Firat","aliases":[],"kind":"river","sourceId":"natural-earth","territoryIds":[],"bbox":[37.8478,36.83563,41.45549,40.18018],"center":[39.651645,38.507905]},"geometry":{"type":"MultiLineString","coordinates":[[[38.76779,38.81282],[38.55463,38.76802],[38.44988,38.71374],[38.3826,38.63503],[38.35506,38.5809],[38.36735,38.55134],[38.45236,38.50762],[38.61008,38.44975],[38.71932,38.42567],[38.78009,38.43546],[38.84717,38.4129],[38.92055,38.35797],[38.99662,38.33378],[39.07548,38.3403],[39.11485,38.30588],[39.11485,38.23046],[39.14927,38.1895],[39.21821,38.18299],[39.24813,38.1538],[39.23913,38.10202],[39.17056,38.0336],[39.0424,37.94854],[38.97822,37.88707],[38.97801,37.84919],[38.95569,37.81986],[38.94887,37.79723],[38.92365,37.74529],[38.84149,37.7131],[38.82888,37.69031],[38.83849,37.66556],[38.81275,37.64468],[38.70134,37.63104],[38.60791,37.59331],[38.53256,37.53156],[38.43913,37.49461],[38.32772,37.48252],[38.25041,37.46058],[38.20731,37.42878],[38.13672,37.42087],[38.03864,37.43684],[37.96629,37.42456],[37.91968,37.3841],[37.85457,37.29188],[37.8478,37.21721],[37.86216,37.11587],[37.89674,37.06141],[37.95141,37.05386],[37.99053,36.99648],[38.02572,36.83563]],[[41.45549,40.18018],[41.32826,40.01632],[40.98471,39.94371],[40.76979,39.92805],[40.56898,39.94511],[40.39622,39.94221],[40.25142,39.91937],[40.16936,39.89488],[40.14983,39.86873],[40.16993,39.82382],[40.22957,39.76016],[40.24047,39.69437],[40.20264,39.62647],[40.16327,39.58441],[40.12223,39.56823],[39.93899,39.59536],[39.61343,39.6658],[39.41458,39.68344],[39.34254,39.64825],[39.1963,39.61854],[38.97605,39.5943],[38.73979,39.53648],[38.4875,39.44506],[38.42601,39.34246],[38.5553,39.22861],[38.64279,39.17027],[38.68857,39.16743],[38.71849,39.14412],[38.73958,39.07849]]]}},{"type":"Feature","id":"physical-eu-river-4671e42acf27","properties":{"id":"physical-eu-river-4671e42acf27","slug":"ariege","name":"Ariège","localName":"Ariège","aliases":[],"kind":"river","sourceId":"natural-earth","territoryIds":[],"bbox":[1.45447,42.62696,1.82493,43.41527],"center":[1.6397,43.021114999999995]},"geometry":{"type":"MultiLineString","coordinates":[[[1.80902,42.62696],[1.82493,42.69305],[1.7914,42.73217],[1.67497,42.78349],[1.61626,42.85645],[1.59353,42.97009],[1.58722,43.14863],[1.5404,43.29762],[1.45447,43.41527]]]}},{"type":"Feature","id":"physical-eu-river-3c7fcc9b72b5","properties":{"id":"physical-eu-river-3c7fcc9b72b5","slug":"glomma","name":"Glomma","localName":"Glomma","aliases":[],"kind":"river","sourceId":"natural-earth","territoryIds":[],"bbox":[10.62434,60.52483,12.02762,62.68698],"center":[11.325980000000001,61.605905]},"geometry":{"type":"MultiLineString","coordinates":[[[11.48357,62.68698],[11.18777,62.49575],[11.0852,62.44301],[10.9837,62.39087],[10.77276,62.30855],[10.6554,62.24525],[10.63153,62.20091],[10.62434,62.15652],[10.63375,62.11202],[10.69933,62.06195],[10.82097,62.00629],[10.88815,61.94997],[10.90066,61.89302],[10.88299,61.83493],[10.83493,61.77571],[10.86335,61.69959],[10.96815,61.60663],[11.03347,61.52575],[11.07222,61.42276],[11.24668,61.31745],[11.31795,61.23288],[11.34409,61.13392],[11.40228,61.02935],[11.49251,60.91912],[11.57876,60.84866],[11.66092,60.81794],[11.73658,60.76337],[11.80562,60.68493],[11.88086,60.63341],[11.9624,60.60881],[12.00922,60.57858],[12.02762,60.52483]]]}},{"type":"Feature","id":"physical-eu-river-6be0ad2225fd","properties":{"id":"physical-eu-river-6be0ad2225fd","slug":"gota-alv","name":"Göta älv","localName":"Göta älv","aliases":[],"kind":"river","sourceId":"natural-earth","territoryIds":[],"bbox":[11.72908,57.76446,12.33468,58.3738],"center":[12.031880000000001,58.06913]},"geometry":{"type":"MultiLineString","coordinates":[[[12.33468,58.3738],[12.17056,58.23962],[12.11226,58.14033],[12.10493,58.03114],[12.0286,57.92778],[11.81047,57.78138],[11.72908,57.76446]]]}},{"type":"Feature","id":"physical-eu-river-49c0d6bf57ef","properties":{"id":"physical-eu-river-49c0d6bf57ef","slug":"ismailiya-canal","name":"Ismailiya Canal","localName":"Ismailiya Canal","aliases":[],"kind":"river","sourceId":"natural-earth","territoryIds":[],"bbox":[31.23761,30.12069,32.30349,30.59304],"center":[31.77055,30.356865]},"geometry":{"type":"MultiLineString","coordinates":[[[31.23761,30.12069],[31.28215,30.1287],[31.32396,30.1801],[31.37781,30.27751],[31.48317,30.37884],[31.64017,30.48411],[31.86486,30.55082],[32.30349,30.59304]]]}},{"type":"Feature","id":"physical-eu-river-bd0f20ebd111","properties":{"id":"physical-eu-river-bd0f20ebd111","slug":"jordan","name":"Jordan","localName":"Jordan","aliases":[],"kind":"river","sourceId":"natural-earth","territoryIds":[],"bbox":[35.40066,31.2305,35.86389,33.59635],"center":[35.632275,32.413425000000004]},"geometry":{"type":"MultiLineString","coordinates":[[[35.4235,31.32483],[35.40066,31.2305]],[[35.57688,32.7203],[35.55145,32.39552],[35.57202,32.23788],[35.53471,32.103],[35.53151,31.98492],[35.559,31.76553]],[[35.86389,33.59635],[35.69553,33.43083],[35.61894,33.24371],[35.59476,33.11095],[35.59889,32.89972]]]}},{"type":"Feature","id":"physical-eu-river-df5b2d96e278","properties":{"id":"physical-eu-river-df5b2d96e278","slug":"kem","name":"Kem","localName":"Kem","aliases":[],"kind":"river","sourceId":"natural-earth","territoryIds":[],"bbox":[31.5704,63.76577,34.80349,65.11114],"center":[33.186944999999994,64.438455]},"geometry":{"type":"MultiLineString","coordinates":[[[31.5704,63.86938],[31.71376,63.81879],[31.83364,63.76577],[31.94444,63.76681],[32.2361,63.85311],[32.29408,63.90344],[32.35744,63.984],[32.37842,64.03684],[32.35702,64.06203],[32.36012,64.1088],[32.38772,64.17717],[32.33925,64.24936],[32.21481,64.32543],[32.18515,64.3771],[32.25036,64.40444],[32.30178,64.44514],[32.3395,64.49927],[32.30338,64.56955],[32.19331,64.65603],[32.1436,64.72316],[32.14903,64.74775]],[[32.04397,64.45968],[32.20044,64.38395]],[[32.14903,64.74775],[32.15414,64.77096],[32.25925,64.82046],[32.45882,64.87165],[32.58921,64.92984],[32.65029,64.99503],[32.74237,65.01647],[32.86547,64.9942],[32.95166,65.01572],[33.00096,65.08099],[33.06561,65.11114],[33.1856,65.1036],[34.00478,64.97526],[34.38568,64.94446],[34.70923,64.98043],[34.80349,64.98601]],[[31.95457,64.86374],[32.14903,64.74775]]]}},{"type":"Feature","id":"physical-eu-river-c97317b3d465","properties":{"id":"physical-eu-river-c97317b3d465","slug":"kemijoki","name":"Kemijoki","localName":"Kemijoki","aliases":[],"kind":"river","sourceId":"natural-earth","territoryIds":[],"bbox":[24.62799,65.85918,28.95475,68.10499],"center":[26.79137,66.982085]},"geometry":{"type":"MultiLineString","coordinates":[[[27.3595,66.46698],[27.32353,66.40553],[27.27113,66.3729],[27.19031,66.34856],[26.90103,66.356],[26.40328,66.39517],[26.06593,66.44085],[25.88899,66.4931],[25.70854,66.49418],[25.52468,66.44424],[25.40014,66.36262],[25.30257,66.19265],[24.94585,66.11772],[24.79785,66.0476],[24.71056,65.9121],[24.62799,65.85918]],[[28.78101,68.10499],[28.93046,68.01239],[28.95475,67.96149],[28.87817,67.90146],[28.85073,67.81348],[28.80251,67.75142],[28.72448,67.6859],[28.55338,67.58952],[28.28931,67.46224],[28.18653,67.3686],[28.24503,67.3085],[28.22684,67.2869],[28.13185,67.30375],[28.08483,67.29321],[28.08555,67.25522],[28.06251,67.23081],[27.99202,67.21445],[27.60806,67.15802],[27.50011,67.10583],[27.54011,67.03901],[27.51629,66.94542],[27.38482,66.76476]]]}},{"type":"Feature","id":"physical-eu-river-2598e3292b26","properties":{"id":"physical-eu-river-2598e3292b26","slug":"kokemaenjoki","name":"Kokemäenjoki","localName":"Kokemäenjoki","aliases":[],"kind":"river","sourceId":"natural-earth","territoryIds":[],"bbox":[21.59809,61.21099,22.57912,61.5779],"center":[22.088605,61.394445000000005]},"geometry":{"type":"MultiLineString","coordinates":[[[22.57912,61.21099],[22.39944,61.29337],[22.34141,61.30207],[22.34513,61.2645],[22.30141,61.25569],[22.21015,61.27559],[22.05254,61.34403],[21.71633,61.51948],[21.65489,61.54487],[21.59809,61.5779]]]}},{"type":"Feature","id":"physical-eu-river-2dd9bc3e2b05","properties":{"id":"physical-eu-river-2dd9bc3e2b05","slug":"lek","name":"Lek","localName":"Lek","aliases":[],"kind":"river","sourceId":"natural-earth","territoryIds":[],"bbox":[4.08485,51.89626,5.33108,51.99409],"center":[4.707965,51.945175]},"geometry":{"type":"MultiLineString","coordinates":[[[5.33108,51.96298],[5.16132,51.99352],[4.9988,51.97732],[4.78692,51.92453],[4.59593,51.8975],[4.42591,51.89626],[4.28024,51.919],[4.08485,51.99409]]]}},{"type":"Feature","id":"physical-eu-river-de066f139224","properties":{"id":"physical-eu-river-de066f139224","slug":"nederrijn","name":"Nederrijn","localName":"Nederrijn","aliases":[],"kind":"river","sourceId":"natural-earth","territoryIds":[],"bbox":[5.33108,51.87218,6.03863,51.98138],"center":[5.684855000000001,51.92678]},"geometry":{"type":"MultiLineString","coordinates":[[[6.03863,51.87218],[5.92246,51.96055],[5.74748,51.98138],[5.33108,51.96298]]]}},{"type":"Feature","id":"physical-eu-river-d196fbca493a","properties":{"id":"physical-eu-river-d196fbca493a","slug":"neva","name":"Neva","localName":"Neva","aliases":[],"kind":"river","sourceId":"natural-earth","territoryIds":[],"bbox":[30.15685,59.81092,31.04279,59.95099],"center":[30.59982,59.880955]},"geometry":{"type":"MultiLineString","coordinates":[[[31.04279,59.95099],[31.01354,59.93257],[30.98155,59.88224],[30.90574,59.84317],[30.79505,59.81092],[30.65222,59.83547],[30.47745,59.91689],[30.34743,59.94725],[30.21969,59.91624],[30.15685,59.90428]]]}},{"type":"Feature","id":"physical-eu-river-4f04fdbe0206","properties":{"id":"physical-eu-river-4f04fdbe0206","slug":"nile","name":"Nile","localName":"Nile","aliases":[],"kind":"river","sourceId":"natural-earth","territoryIds":[],"bbox":[30.31663,15.63455,33.96881,30.12069],"center":[32.14272,22.87762]},"geometry":{"type":"MultiLineString","coordinates":[[[32.49014,15.63455],[32.53541,16.04042],[32.62853,16.25648],[32.78459,16.41812],[32.92867,16.50796],[33.06065,16.52599],[33.16467,16.56617],[33.24064,16.62844],[33.35867,16.68588],[33.51876,16.73844],[33.63457,16.8245],[33.70598,16.94408],[33.73177,17.02888],[33.71182,17.07891],[33.71456,17.15133],[33.74009,17.24613],[33.81022,17.37889],[33.92504,17.54958],[33.95186,17.69851],[33.96881,17.79235],[33.94163,18.10727],[33.90039,18.27806],[33.8451,18.30472],[33.78443,18.36379],[33.71818,18.45523],[33.6819,18.55458],[33.67539,18.66186],[33.64495,18.72392],[33.59049,18.74077],[33.56677,18.84727],[33.57369,19.04339],[33.53907,19.17335],[33.4629,19.2372],[33.4135,19.30761],[33.3797,19.42313],[33.13827,19.50269],[33.01796,19.51077],[32.93849,19.4739],[32.83823,19.3829],[32.71721,19.23769],[32.61975,19.16069],[32.54564,19.15191],[32.46761,19.08297],[32.38544,18.95388],[32.30633,18.88993],[32.23016,18.89115],[32.15321,18.865],[32.07559,18.81154],[32.03921,18.7434],[32.04407,18.66062],[32.00464,18.60626],[31.92082,18.58021],[31.79995,18.45244],[31.64203,18.22292],[31.47413,18.07724],[31.29626,18.01534],[31.14588,18.00174],[31.023,18.03647],[30.9106,18.08711],[30.80869,18.15357],[30.744,18.25697],[30.7165,18.39733],[30.67382,18.49903],[30.61584,18.56197],[30.56153,18.66021],[30.51078,18.79374],[30.48623,18.98799],[30.48789,19.24306],[30.45791,19.47111],[30.39642,19.67219],[30.34996,19.78639],[30.34774,19.82176],[30.36981,19.85693],[30.49977,19.91413],[30.57501,19.96728],[30.59434,20.01583],[30.59966,20.09813],[30.59108,20.21419],[30.57088,20.29101],[30.53915,20.32853],[30.48954,20.35095],[30.42205,20.35824],[30.36598,20.41694],[30.32123,20.52702],[30.31663,20.6158],[30.35229,20.68339],[30.36267,20.73476],[30.36975,20.77426],[30.39714,20.80501],[30.51042,20.84023],[30.57625,20.90028],[30.59475,20.98515],[30.63155,21.04383],[30.68684,21.07623],[30.70917,21.12062],[30.69862,21.17695],[30.76312,21.24907],[30.90275,21.33699],[30.96987,21.39913],[30.9646,21.43551],[30.99411,21.49259],[31.09064,21.6092]],[[32.87947,23.98768],[32.91306,24.32844],[32.91265,24.45399],[32.88939,24.47791],[32.89187,24.53956],[32.91988,24.63894],[32.92097,24.77022],[32.89503,24.93341],[32.87058,25.03746],[32.84764,25.08242],[32.76702,25.14947],[32.62874,25.23859],[32.54037,25.34982],[32.50203,25.48315],[32.49293,25.56537],[32.52321,25.612],[32.70413,25.75427],[32.76403,25.87917],[32.7632,26.03417],[32.73436,26.12885],[32.67762,26.16326],[32.55339,26.1428],[32.36167,26.06743],[32.22866,26.07688],[32.15424,26.17117],[32.09394,26.18938],[32.04128,26.19],[32.01523,26.20011],[31.99694,26.24672],[31.96552,26.29741],[31.87137,26.37467],[31.82026,26.44531],[31.8123,26.50929],[31.78217,26.54189],[31.72998,26.54308],[31.70647,26.56417],[31.71174,26.6051],[31.69469,26.63166],[31.65531,26.64375],[31.55263,26.76198],[31.36918,27.0099],[31.34065,27.05711],[31.30355,27.09855],[31.27843,27.12269],[31.24495,27.14364],[30.9693,27.35554],[30.86828,27.50031],[30.88905,27.61855],[30.88393,27.76766],[30.87748,27.90171],[30.86301,27.98522],[30.83743,28.03767],[30.80735,28.08542],[30.77397,28.11994],[30.74425,28.16547],[30.74002,28.22991],[30.76219,28.30856],[30.81086,28.40137],[30.83572,28.4925],[30.83686,28.58198],[30.85789,28.68161],[30.89871,28.79147],[30.99463,28.94304],[31.14552,29.13641],[31.21911,29.28199],[31.21539,29.37976],[31.23606,29.48869],[31.28102,29.60879],[31.28691,29.7826],[31.25539,29.999],[31.25383,30.08015],[31.23761,30.12069]]]}},{"type":"Feature","id":"physical-eu-river-568980ddbb99","properties":{"id":"physical-eu-river-568980ddbb99","slug":"oder","name":"Oder","localName":"Oder","aliases":[],"kind":"river","sourceId":"natural-earth","territoryIds":[],"bbox":[14.12863,49.63707,18.31659,53.63934],"center":[16.22261,51.638205]},"geometry":{"type":"MultiLineString","coordinates":[[[17.61797,49.73939],[17.84695,49.65402],[17.94643,49.63707],[18.01578,49.67175],[18.14166,49.72989],[18.22486,49.79474],[18.30734,49.88564],[18.31659,49.9724],[18.25261,50.05503],[18.23101,50.13746],[18.25179,50.21967],[18.18538,50.32101],[18.0319,50.44137],[17.95821,50.53216],[17.96431,50.5933],[17.93837,50.65647],[17.88039,50.72166],[17.76226,50.78047],[17.45023,50.88196],[17.36052,50.92759],[17.30001,50.97451],[17.26869,51.02273],[17.19361,51.06784],[17.01522,51.13099],[16.86908,51.22876],[16.73803,51.25294],[16.57318,51.2361],[16.47469,51.24478],[16.44234,51.27899],[16.43965,51.31534],[16.46662,51.35382],[16.47412,51.42141],[16.46223,51.51804],[16.40766,51.59504],[16.31041,51.65246],[16.22312,51.677],[16.14582,51.66878],[16.02035,51.6909],[15.84661,51.74335],[15.76879,51.81121],[15.78667,51.89446],[15.75793,51.96089],[15.68249,52.01052],[15.42379,52.04576],[14.76089,52.07693],[14.70461,52.11021],[14.69237,52.15005],[14.70539,52.20746],[14.67986,52.24999],[14.61568,52.27764],[14.57392,52.31417],[14.5546,52.35965],[14.56969,52.43109],[14.6194,52.5285],[14.51403,52.64562],[14.25368,52.78252],[14.12863,52.87822],[14.13886,52.93287],[14.19369,52.98235],[14.29322,53.02674],[14.36856,53.10554],[14.44556,53.27548],[14.58064,53.44516],[14.61826,53.52583],[14.6102,53.58446],[14.58353,53.63934]]]}},{"type":"Feature","id":"physical-eu-river-baf2b81e1260","properties":{"id":"physical-eu-river-baf2b81e1260","slug":"po","name":"Po","localName":"Po","aliases":[],"kind":"river","sourceId":"natural-earth","territoryIds":[],"bbox":[7.11019,44.66482,12.5234,45.21977],"center":[9.816795,44.942295]},"geometry":{"type":"MultiLineString","coordinates":[[[7.11019,44.70601],[7.32558,44.66482],[7.42351,44.68694],[7.5018,44.79453],[7.61931,44.84902],[7.66478,44.92501],[7.6775,45.04074],[7.73062,45.129],[7.82426,45.18985],[7.97588,45.21977],[8.18537,45.21877],[8.36004,45.19921],[8.49967,45.16107],[8.59434,45.11265],[8.64405,45.05399],[8.80776,45.05361],[9.22448,45.1405],[9.4624,45.09952],[9.50498,45.09337],[9.54953,45.11567],[9.60699,45.12908],[9.6519,45.1143],[9.69872,45.08619],[9.73267,45.08278],[9.75386,45.10402],[9.78166,45.10304],[9.81628,45.07973],[9.84584,45.08459],[9.87044,45.11751],[9.90868,45.13265],[9.96046,45.12991],[10.00769,45.10577],[10.05037,45.0602],[10.15352,45.02583],[10.31713,45.00273],[10.42952,44.97237],[10.49061,44.9348],[10.5567,44.92829],[10.6277,44.95284],[10.666,44.98614],[10.67147,45.02821],[10.73974,45.05691],[10.87069,45.07224],[11.02034,45.07477],[11.1885,45.06454],[11.31242,45.02896],[11.39189,44.96801],[11.47928,44.92687],[11.57447,44.90558],[11.68392,44.91752],[11.86949,44.98521],[12.08498,45.01989],[12.19887,45.01299],[12.2829,44.97604],[12.37716,44.96069],[12.5234,44.96795]]]}},{"type":"Feature","id":"physical-eu-river-d68afaf5a5b8","properties":{"id":"physical-eu-river-d68afaf5a5b8","slug":"rhein","name":"Rhein","localName":"Rhein","aliases":[],"kind":"river","sourceId":"natural-earth","territoryIds":[],"bbox":[8.75081,46.67632,9.6259,47.67068],"center":[9.188355,47.1735]},"geometry":{"type":"MultiLineString","coordinates":[[[8.75081,46.67632],[9.04558,46.75777],[9.41558,46.83461]],[[9.40876,46.83461],[9.51676,46.90675],[9.53382,46.96308],[9.49589,47.02765],[9.47945,47.09751],[9.48431,47.17268],[9.52751,47.27076],[9.60906,47.39179],[9.6259,47.46703],[9.55438,47.51116]],[[9.12754,47.67068],[9.18283,47.67068]]]}},{"type":"Feature","id":"physical-eu-river-db333935967d","properties":{"id":"physical-eu-river-db333935967d","slug":"rhin","name":"Rhin","localName":"Rhin","aliases":[],"kind":"river","sourceId":"natural-earth","territoryIds":[],"bbox":[7.52939,47.56384,8.88114,48.96544],"center":[8.205265,48.26464]},"geometry":{"type":"MultiLineString","coordinates":[[[8.88114,47.65639],[8.70017,47.68629],[8.61976,47.66236],[8.57966,47.59467],[8.4823,47.57617],[8.32779,47.60691],[8.19829,47.60691],[8.0938,47.57617],[7.92709,47.56384],[7.69806,47.56989],[7.56546,47.60655],[7.52939,47.67389],[7.53859,47.77362],[7.59326,47.90566],[7.60846,48.00257],[7.58417,48.0643],[7.61662,48.1568],[7.70571,48.28005],[7.76514,48.41002],[7.7948,48.54683],[7.83795,48.63605],[7.92275,48.69853],[8.23002,48.96544]]]}},{"type":"Feature","id":"physical-eu-river-57852900e048","properties":{"id":"physical-eu-river-57852900e048","slug":"rhine","name":"Rhine","localName":"Rhine","aliases":[],"kind":"river","sourceId":"natural-earth","territoryIds":[],"bbox":[4.98536,48.96544,8.49822,51.8882],"center":[6.74179,50.42682]},"geometry":{"type":"MultiLineString","coordinates":[[[8.23002,48.96544],[8.41729,49.214],[8.48592,49.33037],[8.49822,49.3974],[8.48892,49.43621],[8.45781,49.44675],[8.42184,49.50509],[8.38081,49.61124],[8.38939,49.69007],[8.4314,49.72849],[8.43683,49.7672],[8.40148,49.81523],[8.35735,49.91137],[8.30464,49.98067],[8.24335,50.0231],[8.12904,50.0264],[7.96161,49.9907],[7.80322,50.04209],[7.65388,50.18066],[7.60675,50.22236],[7.6112,50.26644],[7.62882,50.3238],[7.60784,50.36664],[7.55662,50.40008],[7.44366,50.43279],[7.34367,50.48583],[7.25675,50.55916],[7.20362,50.62161],[7.1845,50.67319],[7.12507,50.73422],[7.02544,50.80468],[6.99454,50.85261],[6.99454,50.90403],[6.97325,50.93834],[6.96839,50.99808],[6.9377,51.04009],[6.88106,51.06427],[6.85098,51.09719],[6.84747,51.13884],[6.81631,51.16887],[6.7575,51.18726],[6.75972,51.22726],[6.74112,51.26819],[6.68955,51.30276],[6.69838,51.36446],[6.70717,51.42182],[6.69761,51.45782],[6.69342,51.48678],[6.68748,51.5244],[6.62392,51.55923],[6.59301,51.59184],[6.5958,51.63747],[6.35721,51.77503],[6.21175,51.83699],[6.07976,51.86921],[6.03863,51.87218],[5.97527,51.87673],[5.89817,51.85957],[5.78045,51.8634],[5.62212,51.8882],[5.49158,51.87795],[5.38895,51.83268],[5.24953,51.81348],[4.98536,51.82371]]]}},{"type":"Feature","id":"physical-eu-river-d968cd9be1af","properties":{"id":"physical-eu-river-d968cd9be1af","slug":"rhone","name":"Rhône","localName":"Rhône","aliases":[],"kind":"river","sourceId":"natural-earth","territoryIds":[],"bbox":[4.37124,43.40143,8.25048,46.48228],"center":[6.31086,44.941855000000004]},"geometry":{"type":"MultiLineString","coordinates":[[[4.61742,43.71005],[4.51407,43.70229],[4.46653,43.68323],[4.44017,43.6502],[4.43563,43.6269],[4.44374,43.61326],[4.43377,43.59104],[4.37889,43.56029],[4.37124,43.52814],[4.40974,43.44722]],[[6.1333,46.2046],[5.9022,46.12261],[5.81446,46.01332],[5.79306,45.84948],[5.74697,45.73711],[5.67627,45.67618],[5.57292,45.70429],[5.43701,45.82139],[5.34978,45.84671],[5.28519,45.81227],[5.19103,45.79894],[5.05843,45.81739],[4.95177,45.80806],[4.87095,45.77095],[4.82351,45.71253],[4.80945,45.6328],[4.81932,45.58213],[4.85312,45.56053],[4.84139,45.51278],[4.78403,45.43896],[4.78971,45.28892],[4.85824,45.06268],[4.86382,44.91101],[4.80635,44.83396],[4.78057,44.76117],[4.78646,44.6927],[4.77235,44.6372],[4.72129,44.57343],[4.67355,44.35008],[4.6754,44.22813],[4.71096,44.1331],[4.75933,44.07054],[4.82041,44.04041],[4.84341,44.01235],[4.82062,43.97323],[4.69024,43.90642],[4.63768,43.82776],[4.61939,43.71506],[4.63138,43.63878],[4.69463,43.5791],[4.72362,43.55367],[4.7354,43.50753],[4.74326,43.44861],[4.78723,43.40143]],[[8.25048,46.48228],[8.06827,46.37412],[7.95531,46.33469],[7.79863,46.32462],[7.6529,46.32658],[7.4712,46.27749],[7.20497,46.17801],[7.08916,46.15176],[7.02048,46.19682],[6.86638,46.40259]]]}},{"type":"Feature","id":"physical-eu-river-1262f6c0798e","properties":{"id":"physical-eu-river-1262f6c0798e","slug":"rosetta-branch","name":"Rosetta Branch","localName":"Rosetta Branch","aliases":[],"kind":"river","sourceId":"natural-earth","territoryIds":[],"bbox":[30.39508,30.12069,31.23761,31.45762],"center":[30.816345,30.789155]},"geometry":{"type":"MultiLineString","coordinates":[[[31.23761,30.12069],[31.21182,30.13935],[31.1633,30.15126],[31.0525,30.1924],[30.97246,30.24544],[30.93535,30.30588],[30.89582,30.33549],[30.85479,30.35438],[30.8581,30.38414],[30.84817,30.47067],[30.78596,30.66645],[30.7702,30.78003],[30.78534,30.81078],[30.77211,30.84385],[30.76208,30.86613],[30.76301,30.94437],[30.74735,31.01061],[30.71521,31.06487],[30.65563,31.1181],[30.56871,31.17024],[30.52344,31.22926],[30.51982,31.29509],[30.4882,31.35685],[30.39508,31.45762]]]}},{"type":"Feature","id":"physical-eu-river-25f43685787e","properties":{"id":"physical-eu-river-25f43685787e","slug":"seine","name":"Seine","localName":"Seine","aliases":[],"kind":"river","sourceId":"natural-earth","territoryIds":[],"bbox":[0.43926,47.57787,4.70765,49.49362],"center":[2.573455,48.535745]},"geometry":{"type":"MultiLineString","coordinates":[[[4.70765,47.57787],[4.58425,47.73964],[4.55355,47.81248],[4.57433,47.85036],[4.56502,47.89147],[4.50591,47.95806],[4.40839,48.08182],[4.32184,48.14528],[4.21362,48.18967],[4.09611,48.28375],[3.9692,48.42743],[3.8583,48.51663],[3.76342,48.55133],[3.56121,48.52572],[3.25167,48.43983],[3.0384,48.39307],[2.92151,48.38542],[2.81893,48.40929],[2.68669,48.49244],[2.57305,48.53342],[2.49931,48.58153],[2.42769,48.65042],[2.40464,48.69941],[2.43027,48.7284],[2.43006,48.76565],[2.40392,48.81113],[2.35203,48.83387],[2.29633,48.85206],[2.26987,48.87521],[2.25002,48.90828],[2.21695,48.91159],[2.17333,48.90415],[2.14419,48.92813],[2.13758,48.94797],[2.11112,48.95789],[2.06161,48.95427],[2.00828,48.9606],[1.97593,48.99608],[1.90762,49.00595],[1.80333,48.99014],[1.71817,48.99174],[1.67455,49.01742],[1.66794,49.04719],[1.63487,49.06042],[1.58505,49.05205],[1.49689,49.08419],[1.39654,49.15974],[1.3537,49.21149],[1.31406,49.21917],[1.27861,49.21245],[1.2443,49.22074],[1.2381,49.24415],[1.22807,49.28201],[1.1888,49.30658],[1.09247,49.31177],[1.05609,49.32831],[1.04286,49.35477],[1.02302,49.38122],[0.97217,49.37812],[0.92979,49.38967],[0.89734,49.42422],[0.85342,49.41476],[0.8281,49.42634],[0.78489,49.47052],[0.71875,49.48044],[0.65178,49.46044],[0.58511,49.45331],[0.49313,49.49362],[0.43926,49.47321]]]}},{"type":"Feature","id":"physical-eu-river-643ab510d008","properties":{"id":"physical-eu-river-643ab510d008","slug":"soroksari-duna","name":"Soroksari Duna","localName":"Soroksari Duna","aliases":[],"kind":"river","sourceId":"natural-earth","territoryIds":[],"bbox":[18.93531,47.03305,19.09794,47.48103],"center":[19.016625,47.25704]},"geometry":{"type":"MultiLineString","coordinates":[[[19.06001,47.48103],[19.09122,47.43886],[19.09794,47.41778],[19.09375,47.39419],[19.05241,47.3537],[18.97433,47.27549],[18.94875,47.1995],[18.97262,47.14493],[18.97603,47.10051],[18.93531,47.03305]]]}},{"type":"Feature","id":"physical-eu-river-f2f8e555a38f","properties":{"id":"physical-eu-river-f2f8e555a38f","slug":"suez-canal","name":"Suez Canal","localName":"Suez Canal","aliases":[],"kind":"river","sourceId":"natural-earth","territoryIds":[],"bbox":[32.30349,29.97396,32.56569,31.25608],"center":[32.43459,30.61502]},"geometry":{"type":"MultiLineString","coordinates":[[[32.56083,30.18152],[32.56569,29.97396]],[[32.35981,30.4236],[32.30349,30.59304],[32.33418,30.6887],[32.33677,30.85861],[32.32354,31.25608]]]}},{"type":"Feature","id":"physical-eu-river-c2c5de3906e4","properties":{"id":"physical-eu-river-c2c5de3906e4","slug":"sukhona","name":"Sukhona","localName":"Sukhona","aliases":[],"kind":"river","sourceId":"natural-earth","territoryIds":[],"bbox":[38.65617,59.3023,46.33994,60.7596],"center":[42.498055,60.030950000000004]},"geometry":{"type":"MultiLineString","coordinates":[[[39.79812,59.5252],[40.09903,59.4758],[40.21541,59.4465],[40.24755,59.42087],[40.26238,59.37963],[40.26,59.32268],[40.34971,59.3023],[40.53161,59.31847],[40.68447,59.3523],[40.80829,59.40382],[40.91722,59.41834],[41.01128,59.39586],[41.15514,59.39059],[41.34872,59.40252],[41.55843,59.43015],[41.78425,59.4734],[41.90016,59.51187],[41.90626,59.54564],[41.95427,59.58435],[42.04418,59.62801],[42.16883,59.65657],[42.3283,59.67005],[42.46188,59.69997],[42.56968,59.74628],[42.65262,59.81622],[42.71071,59.90978],[42.85261,59.98171],[43.1913,60.05721],[43.7308,60.19018],[44.03249,60.29211],[44.2763,60.40732],[44.49158,60.47435],[44.67855,60.49318],[44.83523,60.52615],[44.96173,60.5732],[45.15614,60.59961],[45.41845,60.6054],[45.60624,60.63219],[45.71952,60.67999],[45.83057,60.69717],[45.9394,60.68379],[46.05107,60.69857],[46.16569,60.74156],[46.2522,60.7596],[46.33994,60.74916]],[[39.05346,59.86844],[38.9281,59.93887],[38.65617,59.92988]]]}},{"type":"Feature","id":"physical-eu-river-2500688e870c","properties":{"id":"physical-eu-river-2500688e870c","slug":"severnaya-dvina","name":"Severnaya Dvina","localName":"Severnaya Dvina","aliases":[],"kind":"river","sourceId":"natural-earth","territoryIds":[],"bbox":[40.4078,60.74916,46.61713,64.75489],"center":[43.512465000000006,62.752025]},"geometry":{"type":"MultiLineString","coordinates":[[[46.33994,60.74916],[46.45575,60.84321],[46.51202,60.91031],[46.54737,60.98176],[46.56489,61.04366],[46.56458,61.09604],[46.57977,61.12981],[46.61047,61.14505],[46.61713,61.18632],[46.59109,61.28732],[46.25452,61.47217],[45.94513,61.59469],[45.55074,61.71654],[45.29143,61.83964],[45.1673,61.96405],[45.09118,62.06066],[45.06317,62.12954],[44.97465,62.20602],[44.82551,62.2901],[44.56196,62.34694],[44.1839,62.3765],[43.90712,62.44177],[43.73152,62.5428],[43.40369,62.67013],[42.92361,62.82387],[42.65738,62.93445],[42.60518,63.00192],[42.48726,63.04489],[42.21193,63.07259],[42.07726,63.1408],[42.04072,63.19495],[42.05736,63.25777],[42.01566,63.32885],[41.91561,63.40828],[41.8721,63.48315],[41.88512,63.55349],[41.80575,63.60542],[41.63387,63.63896],[41.51471,63.68102],[41.44815,63.73159],[41.46996,63.78461],[41.58013,63.84003],[41.63274,63.87995],[41.62767,63.90432],[41.65806,63.94416],[41.72369,63.99945],[41.75159,64.05206],[41.74167,64.10198],[41.77681,64.13686],[41.85712,64.1567],[41.88357,64.19247],[41.85619,64.24419],[41.65403,64.29504],[41.277,64.34507],[40.94895,64.41643],[40.53048,64.55544],[40.45022,64.62985],[40.4078,64.75489]]]}},{"type":"Feature","id":"physical-eu-river-fbe6827e078f","properties":{"id":"physical-eu-river-fbe6827e078f","slug":"svir","name":"Svir’","localName":"Svir’","aliases":[],"kind":"river","sourceId":"natural-earth","territoryIds":[],"bbox":[32.81575,60.47719,34.84638,61.02664],"center":[33.831065,60.751915]},"geometry":{"type":"MultiLineString","coordinates":[[[32.81575,60.48189],[32.8634,60.47719],[32.9958,60.51109],[33.13987,60.5761],[33.29045,60.6795],[33.4382,60.73815],[33.5832,60.75216],[33.71301,60.81097],[33.82773,60.91463],[33.91812,60.96424],[34.01718,60.95773],[34.08612,60.92574],[34.29339,60.94295],[34.84638,61.02664]]]}},{"type":"Feature","id":"physical-eu-river-bf62ba5c9f7c","properties":{"id":"physical-eu-river-bf62ba5c9f7c","slug":"tajo","name":"Tajo","localName":"Tajo","aliases":[],"kind":"river","sourceId":"natural-earth","territoryIds":[],"bbox":[-7.11767,39.68169,-1.90554,40.8112],"center":[-4.511605,40.246445]},"geometry":{"type":"MultiLineString","coordinates":[[[-5.99557,39.85186],[-6.32615,39.76359],[-6.5329,39.7461],[-6.72607,39.77005],[-6.89639,39.75693],[-7.11767,39.68169]],[[-2.73272,40.52838],[-2.961,40.27506],[-3.09993,40.15621],[-3.22561,40.08745],[-3.3808,40.04815],[-3.56549,40.03828],[-3.73891,39.99549],[-3.90102,39.91979],[-4.05905,39.88108],[-4.21299,39.87938],[-4.31836,39.83943],[-4.42791,39.86692],[-4.62806,39.9479],[-4.75733,39.98159],[-4.81564,39.9679],[-4.88923,39.92079],[-4.97799,39.84023],[-5.07098,39.803],[-5.21673,39.81214]],[[-1.90554,40.60104],[-2.0601,40.74485],[-2.14428,40.79741],[-2.24239,40.8112],[-2.57681,40.72439]]]}},{"type":"Feature","id":"physical-eu-river-7b30b3d22f5f","properties":{"id":"physical-eu-river-7b30b3d22f5f","slug":"tejo","name":"Tejo","localName":"Tejo","aliases":[],"kind":"river","sourceId":"natural-earth","territoryIds":[],"bbox":[-8.7916,39.07818,-7.11767,39.68169],"center":[-7.954635000000001,39.379935]},"geometry":{"type":"MultiLineString","coordinates":[[[-7.11767,39.68169],[-7.45409,39.68068],[-7.65335,39.63402],[-7.8276,39.54131],[-7.98222,39.49237],[-8.18474,39.48467],[-8.37558,39.46801],[-8.52069,39.37124],[-8.66073,39.24934],[-8.74176,39.11539],[-8.7916,39.07818]]]}},{"type":"Feature","id":"physical-eu-river-e7d0e694816e","properties":{"id":"physical-eu-river-e7d0e694816e","slug":"thames","name":"Thames","localName":"Thames","aliases":[],"kind":"river","sourceId":"natural-earth","territoryIds":[],"bbox":[-2.02191,51.39242,0.4245,51.76317],"center":[-0.798705,51.577795]},"geometry":{"type":"MultiLineString","coordinates":[[[-2.02191,51.68589],[-1.93928,51.64848],[-1.8243,51.65207],[-1.56199,51.70018],[-1.43399,51.7048],[-1.36883,51.72532],[-1.32381,51.76317],[-1.28154,51.75896],[-1.24191,51.71271],[-1.23881,51.68196],[-1.22015,51.64982],[-1.17028,51.6277],[-1.1239,51.58657],[-1.11021,51.52523],[-1.06866,51.48461],[-0.99924,51.46471],[-0.94394,51.47882],[-0.90281,51.52698],[-0.84142,51.55411],[-0.75977,51.56029],[-0.71455,51.54931],[-0.70574,51.52125],[-0.6769,51.50394],[-0.60365,51.49412],[-0.50325,51.41573],[-0.43325,51.39242],[-0.36023,51.39805],[-0.32034,51.41883],[-0.31359,51.45474],[-0.24486,51.47975],[-0.04875,51.50094],[0.3845,51.45314],[0.4245,51.46564]]]}},{"type":"Feature","id":"physical-eu-river-9b7a9863369d","properties":{"id":"physical-eu-river-9b7a9863369d","slug":"tigris","name":"Tigris","localName":"Tigris","aliases":[],"kind":"river","sourceId":"natural-earth","territoryIds":[],"bbox":[42.37657,30.99909,47.44132,37.06249],"center":[44.908945,34.030789999999996]},"geometry":{"type":"MultiLineString","coordinates":[[[42.37657,37.06249],[42.43362,36.98978],[42.46638,36.96743],[42.48917,36.95958],[42.50932,36.94067],[42.51294,36.87584],[42.55867,36.83248],[42.71308,36.78478],[42.75856,36.75517],[42.77448,36.73316],[42.76083,36.71874],[42.85757,36.70753],[42.89519,36.6913],[42.90129,36.66156],[42.8861,36.6458],[42.84951,36.64399],[42.81117,36.60867],[42.77117,36.53984],[42.84434,36.4785],[43.03069,36.42465],[43.16866,36.33365],[43.25827,36.20544],[43.31749,36.0762],[43.34633,35.94587],[43.34323,35.85781],[43.30798,35.81203],[43.29744,35.76541],[43.3116,35.71798],[43.2993,35.68188],[43.26065,35.65707],[43.24835,35.58641],[43.2624,35.46983],[43.34803,35.31632],[43.50523,35.12587],[43.56843,35.00618],[43.53753,34.95722],[43.58404,34.83201],[43.70785,34.6305],[43.78465,34.45309],[43.81452,34.29972],[43.8542,34.19373],[43.90381,34.13507],[43.96035,34.09807],[44.05543,34.0751],[44.23237,34.05002],[44.32854,34.01901],[44.40285,33.97372],[44.42735,33.9092],[44.40202,33.82548],[44.39846,33.7689],[44.41675,33.73944],[44.40001,33.69686],[44.34844,33.64125],[44.31826,33.58586],[44.30968,33.53067],[44.32394,33.45103],[44.36105,33.34685],[44.3967,33.29337],[44.43081,33.29058],[44.48,33.23508],[44.54429,33.12697],[44.67462,33.02369],[44.87099,32.92523],[44.98096,32.88719],[45.02659,32.89125],[45.04137,32.87916],[45.04137,32.85634],[45.04447,32.83229],[45.0795,32.80348],[45.1396,32.78539],[45.22476,32.778],[45.26021,32.75162],[45.25866,32.71366],[45.2984,32.66349],[45.38367,32.60354],[45.52201,32.55574],[45.80912,32.5022],[46.02988,32.61868],[46.1366,32.63222],[46.2014,32.58755],[46.34361,32.54158],[46.56324,32.49435],[46.69217,32.44257],[46.73041,32.38634],[46.73516,32.32149],[46.70633,32.24806],[46.69889,32.1907],[46.71263,32.14943],[46.75537,32.11212],[46.82699,32.07877],[46.88849,32.01389],[46.93985,31.91746],[47.00786,31.8679],[47.09251,31.86521],[47.13855,31.82576],[47.14609,31.74948],[47.22082,31.62732],[47.36293,31.45917],[47.43393,31.28605],[47.44132,30.99909]]]}},{"type":"Feature","id":"physical-eu-river-253466820ac8","properties":{"id":"physical-eu-river-253466820ac8","slug":"tisa","name":"Tisa","localName":"Tisa","aliases":[],"kind":"river","sourceId":"natural-earth","territoryIds":[],"bbox":[20.06113,45.12577,20.30835,46.26085],"center":[20.184739999999998,45.69331]},"geometry":{"type":"MultiLineString","coordinates":[[[20.17885,46.26085],[20.08697,46.16587],[20.06646,46.1384],[20.06444,46.11693],[20.07881,46.07636],[20.07354,46.04871],[20.06113,46.02897],[20.07999,46.00076],[20.10423,45.96918],[20.12376,45.92231],[20.12165,45.89027],[20.09777,45.87307],[20.1049,45.834],[20.14035,45.77834],[20.13586,45.74207],[20.10955,45.72367],[20.08475,45.68889],[20.07018,45.63189],[20.10464,45.56332],[20.18805,45.48312],[20.22283,45.43108],[20.20888,45.40715],[20.23105,45.34871],[20.28944,45.25574],[20.30835,45.19244],[20.28231,45.12577]]]}},{"type":"Feature","id":"physical-eu-river-ba46f3007485","properties":{"id":"physical-eu-river-ba46f3007485","slug":"tisza","name":"Tisza","localName":"Tisza","aliases":[],"kind":"river","sourceId":"natural-earth","territoryIds":[],"bbox":[20.06609,46.26085,24.33787,48.41472],"center":[22.20198,47.337785]},"geometry":{"type":"MultiLineString","coordinates":[[[21.34643,48.02632],[21.18163,48.0058],[21.1035,47.94421],[21.05709,47.83465],[20.87121,47.68996],[20.54575,47.51012],[20.40003,47.38222],[20.43403,47.30626],[20.42628,47.26957],[20.37677,47.27215],[20.30598,47.24151],[20.21379,47.17774],[20.17472,47.11914],[20.18877,47.06571],[20.21797,47.03754],[20.19208,47.0099],[20.15503,46.97961],[20.14351,46.93853],[20.12469,46.91171],[20.06609,46.87355],[20.07974,46.81094],[20.16562,46.72392],[20.19156,46.65286],[20.15746,46.59773],[20.16273,46.50011],[20.20748,46.36001],[20.21709,46.28265],[20.17885,46.26085]],[[24.25561,48.32175],[24.33787,48.2939],[24.3325,48.23416],[24.23431,48.08275],[24.16972,47.95495],[24.00182,47.93578],[23.70902,47.9826],[23.47731,48.04921],[23.30667,48.13567],[23.14611,48.15453],[22.99553,48.10575],[22.88515,48.09138],[22.81497,48.11148],[22.70154,48.10701],[22.54496,48.07802],[22.41954,48.09536],[22.32518,48.15897],[22.27635,48.24403],[22.27294,48.35049],[22.25376,48.40738],[22.21893,48.41472],[22.13325,48.37374],[21.99683,48.2845],[21.86898,48.22176],[21.74982,48.18559],[21.63664,48.16993],[21.52967,48.17476],[21.46518,48.14554],[21.44337,48.08223],[21.40906,48.04454],[21.33899,48.02632]]]}},{"type":"Feature","id":"physical-eu-river-98f5d3ae58eb","properties":{"id":"physical-eu-river-98f5d3ae58eb","slug":"vistula","name":"Vistula","localName":"Vistula","aliases":[],"kind":"river","sourceId":"natural-earth","territoryIds":[],"bbox":[18.1998,49.64384,21.96102,54.34893],"center":[20.08041,51.996385000000004]},"geometry":{"type":"MultiLineString","coordinates":[[[18.87919,49.64384],[18.78819,49.81743],[18.77098,49.88771],[18.81025,49.92502]],[[18.93686,49.93189],[19.06817,49.9523],[19.14129,49.98659],[19.19989,50.04155],[19.34826,50.04573],[19.58628,49.99922],[19.85164,50.00604],[20.29068,50.09632],[20.52198,50.1373],[20.64528,50.18766],[20.73768,50.26107],[20.8832,50.30732],[21.08195,50.32639],[21.28928,50.38556],[21.50528,50.48488],[21.67008,50.58591],[21.78366,50.68859],[21.82361,50.84571],[21.79002,51.05722],[21.78382,51.18835],[21.80501,51.2391],[21.85555,51.28793],[21.93523,51.3348],[21.96102,51.38632],[21.9328,51.44244],[21.89709,51.47298],[21.854,51.47794],[21.8296,51.50099],[21.82402,51.54207],[21.73173,51.59081],[21.55262,51.64718],[21.45195,51.70452],[21.42963,51.76286],[21.37113,51.82043],[21.27646,51.87725],[21.24122,51.91833],[21.2654,51.94381],[21.25873,51.99347],[21.22122,52.06731],[21.12629,52.17012],[20.97384,52.30185],[20.84196,52.38394],[20.73055,52.41639],[20.52405,52.41892],[20.22236,52.39163],[19.96357,52.42078],[19.63956,52.54927],[19.20175,52.64395],[18.95918,52.75983],[18.76591,52.92845],[18.53756,53.03826],[18.27411,53.08927],[18.1998,53.17402],[18.31462,53.29256],[18.46314,53.38263],[18.64535,53.44423],[18.7394,53.51947],[18.74529,53.60841],[18.77728,53.67383],[18.83537,53.71579],[18.87082,53.77724],[18.88353,53.85816],[18.87283,53.94663],[18.83862,54.04257],[18.85304,54.12853],[18.91598,54.20455],[18.94921,54.27155],[18.97624,54.34893]]]}},{"type":"Feature","id":"physical-eu-river-44a928ed1907","properties":{"id":"physical-eu-river-44a928ed1907","slug":"volga","name":"Volga","localName":"Volga","aliases":[],"kind":"river","sourceId":"natural-earth","territoryIds":[],"bbox":[32.59825,45.65675,50.1485,58.11315],"center":[41.373374999999996,51.88495]},"geometry":{"type":"MultiLineString","coordinates":[[[47.84156,46.73493],[48.11394,46.68325],[48.21993,46.60524],[48.25032,46.48365],[48.31388,46.40058],[48.41062,46.35598],[48.50095,46.27211],[48.68368,46.08618]],[[45.6636,50.22231],[45.48997,50.12201],[45.41442,50.05607],[45.37897,49.99106],[45.36073,49.91623],[45.35959,49.83164],[45.30523,49.73696],[45.19763,49.63211],[45.10694,49.51315],[45.04844,49.40753],[45.01082,49.35063],[44.99636,49.31342],[44.99015,49.29358],[44.98695,49.25914],[44.97568,49.19475],[44.84184,49.01262],[44.5879,48.72747],[44.54434,48.66507],[44.5276,48.59802],[44.5955,48.54515],[44.86453,48.46567],[45.0425,48.43441],[45.12942,48.45141],[45.22771,48.4465],[45.33737,48.41978],[45.41106,48.42449],[45.44878,48.46071],[45.55859,48.45133],[45.73321,48.3986],[45.79796,48.38325],[45.83134,48.36893],[45.86493,48.35266],[45.90865,48.32168],[46.07768,48.2184],[46.15541,48.11009],[46.14662,47.99382],[46.19318,47.91759],[46.29509,47.88147],[46.35048,47.84297],[46.35948,47.8021],[46.40857,47.773],[46.49787,47.75559],[46.61641,47.6729],[46.76421,47.52496],[46.87469,47.44442],[46.94797,47.43137],[47.00853,47.40284],[47.05659,47.35892],[47.08171,47.31561],[47.08512,47.25169],[47.0862,47.21402],[47.21224,47.14394],[47.46349,47.02891],[47.58498,46.9422],[47.57661,46.88375],[47.6117,46.85458],[47.69035,46.85461],[47.80032,46.77275],[47.94171,46.60894],[48.00206,46.5059],[47.98139,46.46357],[47.98015,46.41828],[47.99824,46.36994],[47.91644,46.24968],[47.73464,46.0574],[47.6411,45.92947],[47.63583,45.86586],[47.61036,45.83415],[47.57811,45.81348],[47.56075,45.78951],[47.56323,45.76057],[47.5872,45.73742],[47.63103,45.69359],[47.64984,45.65675]],[[49.90479,53.45674],[50.04215,53.45467],[50.10808,53.40473],[50.1485,53.30623],[50.12855,53.23559],[50.04835,53.19277],[49.95734,53.18523],[49.85554,53.2129],[49.71736,53.20306],[49.5428,53.15577],[49.42761,53.15247],[49.3717,53.19319],[49.26901,53.21897],[49.11946,53.22975],[48.91875,53.20854],[48.66688,53.15531],[48.52431,53.10485],[48.49103,53.05715],[48.50338,52.99514],[48.56136,52.91881],[48.50493,52.81636],[48.33408,52.68774],[48.17745,52.5061],[48.03493,52.27138],[47.90083,52.1248],[47.77505,52.06631],[47.64364,52.04303],[47.50659,52.05491],[47.2727,51.98096],[47.11426,51.9188],[46.97081,51.83017],[46.84255,51.77296],[46.77464,51.74793]],[[43.43242,56.67499],[43.6569,56.4964],[43.83684,56.40353],[44.04696,56.33692],[44.16731,56.27362],[44.1978,56.21362],[44.25811,56.17967],[44.34833,56.17166],[44.45086,56.14037],[44.56579,56.08575],[44.77611,56.08247],[45.08183,56.13061],[45.28089,56.13704],[45.37328,56.10185],[45.44284,56.10391],[45.48945,56.14329],[45.56014,56.15957],[45.65492,56.15275],[45.73678,56.16649],[45.80571,56.20083],[45.87227,56.19884],[45.93635,56.1605],[46.02503,56.17156],[46.1383,56.23192],[46.29405,56.28682],[46.49218,56.33628],[46.67971,56.30892],[46.85655,56.20468],[47.16594,56.15079],[47.82895,56.14541],[47.8861,56.12177],[47.92739,56.07335],[47.97194,55.99227],[48.06692,55.92532],[48.21233,55.87246],[48.45971,55.82528],[48.80904,55.78383],[49.00252,55.69298],[49.05895,55.48266]],[[37.14826,56.7524],[37.39196,56.86165],[37.47743,56.93477],[37.48581,57.00815],[37.55774,57.10633],[37.76093,57.29082]],[[32.59825,57.25036],[32.68083,57.07905],[32.67525,57.00944],[32.69204,56.97249],[32.72935,56.9449],[32.85084,56.9319],[33.05651,56.93348],[33.28239,56.89927],[33.52848,56.82925],[33.67493,56.76527],[33.72175,56.70744],[33.81554,56.64068],[33.95641,56.5651],[33.97966,56.50929],[33.88551,56.47327],[33.84448,56.44451],[33.85678,56.42302],[34.04984,56.35656],[34.42377,56.24515],[34.66841,56.20866],[34.78375,56.24701],[34.86183,56.28979],[34.90266,56.33698],[34.90886,56.36891],[34.88044,56.3855],[34.89098,56.41568],[34.94048,56.45935],[34.95578,56.50265],[34.93686,56.54554],[35.0012,56.57846],[35.22258,56.61293],[35.3339,56.70326],[35.4218,56.74227],[35.52339,56.76005],[35.6068,56.79111],[35.67201,56.83545],[35.77253,56.86066],[35.90833,56.86676],[36.06574,56.84622],[36.24485,56.79901],[36.34438,56.75814],[36.37456,56.70636]],[[41.34366,57.49308],[41.71531,57.44755],[41.88921,57.45122],[41.98915,57.48895],[42.17327,57.48471],[42.57583,57.41546]],[[40.0071,57.56667],[39.85331,57.66883],[39.79812,57.72521],[39.79037,57.76989],[39.69663,57.8313],[39.5171,57.90944],[39.24647,57.98969],[38.70403,58.11315]],[[38.30095,57.57163],[38.44559,57.76092],[38.47965,57.87244],[38.43706,58.01754]]]}},{"type":"Feature","id":"physical-eu-river-ccb4c7074b16","properties":{"id":"physical-eu-river-ccb4c7074b16","slug":"vorma","name":"Vorma","localName":"Vorma","aliases":[],"kind":"river","sourceId":"natural-earth","territoryIds":[],"bbox":[10.94505,59.17086,12.0549,60.52483],"center":[11.499975,59.847845]},"geometry":{"type":"MultiLineString","coordinates":[[[11.1702,59.38865],[11.14147,59.29984],[11.08297,59.24853],[10.94505,59.17086]],[[11.19955,59.67021],[11.17899,59.63186],[11.12659,59.6037],[11.12705,59.56197],[11.18447,59.51334],[11.20286,59.49823]],[[12.02762,60.52483],[12.0549,60.49233],[12.04829,60.41099],[12.01687,60.26997],[11.9254,60.21173],[11.77389,60.23622],[11.64092,60.22764],[11.52651,60.18597],[11.38538,60.10181],[11.19155,59.95567],[11.15677,59.91076]]]}},{"type":"Feature","id":"physical-eu-river-78241bcffadb","properties":{"id":"physical-eu-river-78241bcffadb","slug":"vuoksi","name":"Vuoksi","localName":"Vuoksi","aliases":[],"kind":"river","sourceId":"natural-earth","territoryIds":[],"bbox":[28.78784,60.57418,30.53388,61.20417],"center":[29.66086,60.889174999999994]},"geometry":{"type":"MultiLineString","coordinates":[[[30.47796,60.57418],[30.50422,60.58741],[30.51083,60.61609],[30.53388,60.6301]],[[28.78784,61.20417],[28.82205,61.12906],[29.09479,60.95168],[29.28837,60.84866],[29.59636,60.71699]]]}},{"type":"Feature","id":"physical-eu-river-019386130fa4","properties":{"id":"physical-eu-river-019386130fa4","slug":"waal","name":"Waal","localName":"Waal","aliases":[],"kind":"river","sourceId":"natural-earth","territoryIds":[],"bbox":[3.97891,51.71896,4.98536,51.84779],"center":[4.4821349999999995,51.78337500000001]},"geometry":{"type":"MultiLineString","coordinates":[[[4.98536,51.82371],[4.72543,51.75666],[4.58125,51.71896],[4.41837,51.74005],[4.07379,51.84107],[3.97891,51.84779]]]}},{"type":"Feature","id":"physical-eu-river-803baf84af6e","properties":{"id":"physical-eu-river-803baf84af6e","slug":"garonne","name":"Garonne","localName":"Garonne","aliases":[],"kind":"river","sourceId":"natural-earth","territoryIds":[],"bbox":[-0.56722,43.41527,1.45447,45.00059],"center":[0.443625,44.207930000000005]},"geometry":{"type":"MultiLineString","coordinates":[[[1.45447,43.41527],[1.45317,43.41704],[1.40935,43.51368],[1.40883,43.58762],[1.3615,43.6886],[1.22001,43.88073],[1.08234,44.03101],[0.86065,44.12583],[0.50899,44.21523],[0.32347,44.29533],[0.30415,44.36608],[0.25508,44.42212],[0.1369,44.48406],[0.00324,44.56087],[-0.10208,44.58687],[-0.22362,44.58762],[-0.34331,44.6356],[-0.53397,44.79551],[-0.5618,44.82993],[-0.56722,44.8599],[-0.54169,44.89804],[-0.5365,44.95214],[-0.54849,45.00059]]]}},{"type":"Feature","id":"physical-eu-river-682e5a0c6ff9","properties":{"id":"physical-eu-river-682e5a0c6ff9","slug":"loire","name":"Loire","localName":"Loire","aliases":[],"kind":"river","sourceId":"natural-earth","territoryIds":[],"bbox":[-1.74252,44.77467,4.25576,47.89418],"center":[1.2566200000000003,46.334424999999996]},"geometry":{"type":"MultiLineString","coordinates":[[[3.08325,46.98543],[3.02186,47.14927],[2.91593,47.28724],[2.89288,47.36326],[2.91748,47.42341],[2.88275,47.49881],[2.7886,47.58955],[2.61434,47.69115],[2.35989,47.80359],[2.14538,47.87126],[1.97082,47.89418],[1.84519,47.89253],[1.7685,47.86628],[1.6082,47.76437],[1.36439,47.58689],[1.1582,47.47374],[0.98974,47.42501],[0.81543,47.39582],[0.63529,47.38626],[0.42776,47.34063],[0.20741,47.24404],[0.0754,47.21818],[-0.03831,47.24903],[-0.21636,47.36424],[-0.41803,47.40243],[-0.73124,47.37096],[-1.05639,47.3746],[-1.2487,47.33641],[-1.41657,47.25758],[-1.55905,47.21632],[-1.63253,47.20162],[-1.74252,47.21596]],[[3.08313,46.98503],[3.16823,46.97689],[3.24856,46.95159],[3.32889,46.84604],[3.48955,46.82913],[3.62549,46.74027],[3.72435,46.63855],[3.74907,46.55788],[3.86029,46.50687],[3.98388,46.46006],[3.99006,46.37913],[4.03949,46.23827],[4.10128,46.16557],[4.10128,46.06276],[4.03331,45.97695],[4.05185,45.92539],[4.15689,45.85227],[4.21251,45.74457],[4.21869,45.62802],[4.25576,45.47658],[4.20015,45.36815],[4.13218,45.30734],[4.08274,45.23777],[3.95298,45.19859],[3.90973,45.11581],[3.92209,45.03726],[3.90355,44.97173],[3.92827,44.8711],[4.07039,44.80976],[4.16925,44.77467],[4.20015,44.8229]]]}},{"type":"Feature","id":"physical-eu-lake-1159122891","properties":{"id":"physical-eu-lake-1159122891","slug":"malar","name":"Mälar","localName":"Mälaren","aliases":[],"kind":"lake","sourceId":"natural-earth","territoryIds":[],"bbox":[16.04424,59.26763,17.97979,59.62051],"center":[17.012014999999998,59.444069999999996]},"geometry":{"type":"Polygon","coordinates":[[[17.97979,59.32905],[17.87617,59.2708],[17.57051,59.26763],[17.47451,59.2915],[17.3707,59.29492],[17.30459,59.27217],[17.17519,59.35581],[17.06563,59.37324],[16.91387,59.44585],[16.74229,59.43062],[16.61045,59.45352],[16.14434,59.44775],[16.04424,59.47847],[16.25176,59.49321],[16.47266,59.51939],[16.57383,59.61167],[16.64688,59.55928],[16.75234,59.54331],[16.84102,59.5875],[16.97754,59.55068],[17.0627,59.56924],[17.37207,59.49575],[17.39053,59.58447],[17.53447,59.5394],[17.6873,59.5416],[17.67158,59.59478],[17.76006,59.62051],[17.78594,59.598],[17.80859,59.55322],[17.77285,59.41411],[17.8293,59.379],[17.96426,59.35938],[17.97979,59.32905]]]}},{"type":"Feature","id":"physical-eu-lake-1159113095","properties":{"id":"physical-eu-lake-1159113095","slug":"ladoga","name":"Ládoga","localName":"Lake Ladoga","aliases":[],"kind":"lake","sourceId":"natural-earth","territoryIds":[],"bbox":[29.825,59.90718,32.94434,61.77505],"center":[31.38467,60.841115]},"geometry":{"type":"Polygon","coordinates":[[[29.83672,61.22607],[29.83672,61.22607],[29.83672,61.22607],[29.83672,61.22607],[29.86016,61.23931],[29.86455,61.25098],[29.85508,61.27124],[29.89131,61.29497],[29.94941,61.2894],[30.0291,61.25449],[30.0793,61.24263],[30.09414,61.25855],[30.08945,61.27056],[30.09004,61.29927],[30.12998,61.3126],[30.17393,61.31406],[30.19297,61.32725],[30.196,61.3478],[30.18262,61.36108],[30.1793,61.37266],[30.20088,61.38897],[30.20996,61.41797],[30.2169,61.43135],[30.23731,61.44634],[30.25205,61.45864],[30.25156,61.47266],[30.23486,61.49263],[30.23877,61.51484],[30.28516,61.5166],[30.46621,61.48716],[30.48066,61.49004],[30.48633,61.51494],[30.5127,61.5252],[30.55078,61.53545],[30.60586,61.54131],[30.6167,61.5603],[30.59336,61.57949],[30.59434,61.60581],[30.75752,61.73345],[30.85195,61.77505],[30.88818,61.7648],[30.8959,61.75444],[30.90566,61.74224],[31.02588,61.71436],[31.05674,61.68921],[31.07109,61.64512],[31.09844,61.62036],[31.16065,61.6187],[31.17227,61.62979],[31.23818,61.64302],[31.25752,61.64106],[31.28594,61.61523],[31.30811,61.60503],[31.32783,61.61665],[31.33408,61.62744],[31.36484,61.62744],[31.48613,61.55083],[31.5332,61.49736],[31.57578,61.43721],[31.60361,61.42256],[31.61973,61.42695],[31.6165,61.44248],[31.62041,61.46108],[31.63691,61.46274],[31.69785,61.41548],[31.76231,61.38369],[31.8707,61.34736],[31.89863,61.32398],[32.35957,61.18052],[32.52685,61.11753],[32.56338,61.07944],[32.58125,61.04487],[32.58057,61.01387],[32.59258,60.99761],[32.6334,60.98672],[32.64072,60.96914],[32.76543,60.88604],[32.80781,60.82637],[32.81191,60.75649],[32.84356,60.71221],[32.90303,60.69351],[32.93652,60.67031],[32.94434,60.64258],[32.90693,60.58594],[32.84141,60.49702],[32.81572,60.48189],[32.78184,60.48823],[32.72207,60.52114],[32.6417,60.53687],[32.5999,60.5335],[32.59648,60.51108],[32.61787,60.47559],[32.66396,60.4271],[32.67666,60.39243],[32.65586,60.37168],[32.59492,60.35459],[32.59023,60.33023],[32.61436,60.28579],[32.61231,60.24536],[32.58389,60.20894],[32.50039,60.17651],[32.36152,60.1481],[32.26016,60.15435],[32.19609,60.19536],[32.05713,60.22651],[31.84326,60.24785],[31.69941,60.23565],[31.59893,60.16963],[31.59063,60.15557],[31.59688,60.1438],[31.60586,60.14229],[31.60645,60.13364],[31.54824,60.07188],[31.54092,60.03452],[31.56504,59.99805],[31.56719,59.96655],[31.54717,59.94014],[31.50977,59.92036],[31.45479,59.90718],[31.40137,59.91133],[31.34932,59.93276],[31.27441,59.93765],[31.17637,59.92578],[31.10625,59.92769],[31.06397,59.94321],[31.04277,59.95098],[31.06318,59.96289],[31.14531,60.00552],[31.14287,60.03169],[31.10596,60.0563],[31.09512,60.08374],[31.11494,60.13486],[31.10898,60.14644],[31.01895,60.19292],[30.95684,60.26362],[30.84912,60.44263],[30.83213,60.45752],[30.8169,60.45884],[30.80332,60.44663],[30.77598,60.4481],[30.77422,60.49209],[30.75859,60.52451],[30.72373,60.56177],[30.66328,60.59282],[30.53389,60.63008],[30.52393,60.65459],[30.504,60.70356],[30.50449,60.73164],[30.52539,60.73887],[30.5332,60.76553],[30.52793,60.81172],[30.50205,60.84321],[30.45586,60.86001],[30.44121,60.87363],[30.43584,60.90269],[30.40869,60.92803],[30.29268,61.00513],[30.1249,61.08735],[29.85723,61.18799],[29.825,61.21558],[29.83672,61.22607]]]}},{"type":"Feature","id":"physical-eu-lake-1159113235","properties":{"id":"physical-eu-lake-1159113235","slug":"vanern","name":"Vänern","localName":"Vänern","aliases":[],"kind":"lake","sourceId":"natural-earth","territoryIds":[],"bbox":[12.31328,58.37212,14.09082,59.38994],"center":[13.20205,58.88103]},"geometry":{"type":"Polygon","coordinates":[[[14.03838,59.08267],[14.03838,59.08267],[14.03838,59.08267],[14.03838,59.08267],[14.03838,59.08267],[14.06582,59.09722],[14.08301,59.0999],[14.08945,59.09155],[14.09082,59.0794],[14.08301,59.06426],[14.07168,59.02827],[14.05625,59.0169],[14.0499,59.01221],[14.03867,59.0044],[14.01211,59.00366],[13.99258,58.98643],[13.99522,58.94482],[13.98721,58.89815],[13.9752,58.86543],[13.9541,58.84365],[13.92412,58.82339],[13.89014,58.80049],[13.85928,58.77217],[13.82988,58.74434],[13.79951,58.72241],[13.73731,58.70386],[13.63106,58.68413],[13.51729,58.66328],[13.43662,58.64199],[13.35811,58.61709],[13.30029,58.56143],[13.24023,58.51484],[13.19463,58.51099],[13.17217,58.51187],[13.14756,58.52144],[13.13652,58.54131],[13.14941,58.55855],[13.14893,58.57339],[13.14824,58.59717],[13.11514,58.60825],[13.04063,58.6043],[12.95215,58.57163],[12.91279,58.54575],[12.86865,58.50381],[12.79834,58.48569],[12.72754,58.4521],[12.6792,58.42051],[12.64971,58.39688],[12.62432,58.38232],[12.60195,58.37598],[12.57959,58.37212],[12.56191,58.37319],[12.55059,58.37886],[12.5543,58.39439],[12.57266,58.41919],[12.57109,58.43218],[12.5543,58.42983],[12.50703,58.39692],[12.375,58.38286],[12.33467,58.37378],[12.31328,58.39531],[12.3293,58.43394],[12.4877,58.51323],[12.60693,58.61709],[12.61133,58.64131],[12.56279,58.6502],[12.5252,58.66123],[12.50371,58.69458],[12.50088,58.72754],[12.49971,58.76445],[12.47129,58.78276],[12.44756,58.78276],[12.42549,58.80147],[12.43213,58.8125],[12.45898,58.81743],[12.47383,58.8397],[12.47178,58.8769],[12.46397,58.9207],[12.46856,58.93486],[12.48193,58.93062],[12.49727,58.92002],[12.51025,58.90122],[12.51992,58.86738],[12.52637,58.84561],[12.53525,58.83208],[12.55713,58.81895],[12.57578,58.82573],[12.59971,58.84561],[12.61836,58.88691],[12.64688,58.93149],[12.67578,58.98667],[12.7084,59.03555],[12.7459,59.06484],[12.78408,59.07622],[12.81836,59.08198],[12.86856,59.07266],[12.94531,59.04766],[13.04063,59.01426],[13.06172,58.97734],[13.08809,58.94663],[13.12207,58.92085],[13.15977,58.90508],[13.19512,58.89858],[13.23574,58.90508],[13.24356,58.93047],[13.22109,58.99268],[13.17734,59.09692],[13.12315,59.19751],[13.10332,59.25459],[13.10303,59.27398],[13.10811,59.28384],[13.11816,59.29551],[13.13008,59.31904],[13.14268,59.34229],[13.15488,59.35293],[13.17315,59.34751],[13.19141,59.32461],[13.21787,59.31055],[13.2457,59.3103],[13.25166,59.31504],[13.25098,59.32451],[13.24893,59.33574],[13.25117,59.34497],[13.26113,59.35176],[13.27754,59.35732],[13.31572,59.36123],[13.37822,59.36406],[13.46113,59.36997],[13.54834,59.3813],[13.62832,59.38994],[13.67969,59.38975],[13.71973,59.37803],[13.73848,59.35947],[13.74395,59.34146],[13.75195,59.33115],[13.76602,59.33091],[13.80029,59.33706],[13.83008,59.34092],[13.86738,59.33457],[13.9043,59.32773],[13.9333,59.33047],[13.96172,59.33398],[13.99707,59.32905],[14.02803,59.32007],[14.04551,59.31362],[14.05176,59.30483],[14.05566,59.28999],[14.0543,59.26777],[14.04746,59.24121],[14.02734,59.2043],[13.99375,59.15723],[13.94629,59.11294],[13.93057,59.0898],[13.94541,59.06743],[13.97344,59.06577],[14.00498,59.06816],[14.03838,59.08267]]]}},{"type":"Feature","id":"physical-eu-lake-1159113251","properties":{"id":"physical-eu-lake-1159113251","slug":"onega","name":"Onega","localName":"Lake Onega","aliases":[],"kind":"lake","sourceId":"natural-earth","territoryIds":[],"bbox":[33.94062,60.8665,36.42793,62.91572],"center":[35.184275,61.89111]},"geometry":{"type":"Polygon","coordinates":[[[36.41895,61.39238],[36.41895,61.39238],[36.41895,61.39238],[36.42793,61.37315],[36.4249,61.34912],[36.4084,61.31914],[36.39561,61.3021],[36.38271,61.28501],[36.38008,61.28096],[36.37363,61.27114],[36.37119,61.25684],[36.37812,61.2419],[36.38848,61.22505],[36.39463,61.20615],[36.38691,61.18408],[36.36387,61.15972],[36.325,61.1355],[36.2793,61.11382],[36.22412,61.09648],[36.16279,61.08276],[36.09873,61.06265],[36.03682,61.02969],[35.97627,60.9939],[35.91484,60.96685],[35.88027,60.94775],[35.88418,60.9311],[35.90449,60.91655],[35.90986,60.90249],[35.89902,60.8898],[35.88027,60.87832],[35.85508,60.87051],[35.82871,60.8665],[35.80078,60.87183],[35.77158,60.88643],[35.71904,60.90454],[35.63457,60.91846],[35.55059,60.93799],[35.49941,60.96982],[35.47334,61.00215],[35.44981,61.023],[35.42617,61.03315],[35.39961,61.03989],[35.36328,61.03823],[35.31611,61.02808],[35.25488,61.0146],[35.18447,61.00488],[35.13291,61.00708],[35.1168,61.02222],[35.09287,61.04468],[35.02236,61.06445],[34.94248,61.07041],[34.89629,61.04688],[34.86904,61.027],[34.84639,61.02666],[34.82852,61.03862],[34.81494,61.05503],[34.80244,61.07354],[34.79551,61.09648],[34.79668,61.1228],[34.804,61.14956],[34.81875,61.17363],[34.83809,61.19365],[34.88731,61.2061],[34.97422,61.21196],[35.07471,61.20708],[35.15664,61.19365],[35.20693,61.17725],[35.23106,61.16523],[35.20772,61.15879],[35.14316,61.15581],[35.07773,61.15132],[35.05264,61.14111],[35.06201,61.12564],[35.07998,61.10835],[35.10811,61.0916],[35.14199,61.0773],[35.19209,61.06895],[35.25928,61.06655],[35.34531,61.07256],[35.44062,61.06265],[35.52734,61.0228],[35.5834,61.03423],[35.61465,61.07612],[35.63223,61.10781],[35.6294,61.14995],[35.61143,61.19741],[35.57773,61.24639],[35.53691,61.29224],[35.49463,61.32896],[35.45742,61.35591],[35.39844,61.38584],[35.30391,61.42959],[35.15391,61.48516],[34.96162,61.54341],[34.77246,61.60088],[34.62998,61.6544],[34.53145,61.70435],[34.44824,61.75332],[34.38799,61.79614],[34.34453,61.8312],[34.32266,61.85449],[34.31455,61.8687],[34.33565,61.8644],[34.38467,61.84302],[34.44531,61.81875],[34.49443,61.80762],[34.53125,61.81157],[34.5624,61.82383],[34.58291,61.84605],[34.59434,61.87402],[34.59375,61.90601],[34.58594,61.93784],[34.56631,61.9689],[34.53731,61.99898],[34.47676,62.03853],[34.38096,62.09263],[34.29404,62.1415],[34.25518,62.16856],[34.25518,62.18569],[34.26211,62.2105],[34.26543,62.23823],[34.25654,62.26231],[34.22256,62.2937],[34.16494,62.33916],[34.09834,62.37886],[34.04238,62.39653],[34.00332,62.40078],[33.97754,62.40801],[33.96182,62.4251],[33.94727,62.45298],[33.94062,62.48159],[33.94404,62.50049],[33.95859,62.50996],[33.97871,62.51587],[34.00293,62.51606],[34.02715,62.51182],[34.05391,62.49453],[34.08418,62.46348],[34.13691,62.41401],[34.21768,62.3523],[34.2916,62.29727],[34.32754,62.26397],[34.32949,62.2457],[34.32119,62.227],[34.34287,62.19893],[34.41699,62.1582],[34.51416,62.11958],[34.59141,62.09648],[34.63564,62.09502],[34.65322,62.10855],[34.64404,62.13613],[34.63242,62.18193],[34.64697,62.21265],[34.65811,62.24522],[34.61484,62.30435],[34.60898,62.33882],[34.6332,62.34834],[34.68154,62.33882],[34.69561,62.36455],[34.65957,62.4063],[34.59219,62.45796],[34.54697,62.49775],[34.52695,62.52358],[34.52022,62.54165],[34.53203,62.54629],[34.55664,62.53989],[34.59531,62.51909],[34.64063,62.48906],[34.6959,62.44268],[34.7585,62.38257],[34.81055,62.33232],[34.84053,62.31006],[34.85195,62.29443],[34.85928,62.2604],[34.8708,62.21939],[34.89248,62.18706],[34.92803,62.15967],[34.97568,62.11763],[35.02861,62.07793],[35.0749,62.05361],[35.11455,62.05361],[35.14961,62.071],[35.16504,62.08066],[35.16777,62.09668],[35.14356,62.12725],[35.09375,62.17222],[35.05176,62.21157],[35.0459,62.22876],[35.0959,62.21807],[35.18838,62.19023],[35.28398,62.16157],[35.34131,62.14902],[35.38721,62.15781],[35.45498,62.18071],[35.51826,62.2105],[35.55352,62.23594],[35.56387,62.26016],[35.56719,62.28711],[35.55859,62.31875],[35.54023,62.35425],[35.49834,62.40356],[35.4331,62.4686],[35.35176,62.52266],[35.2709,62.54541],[35.20137,62.54966],[35.14717,62.55918],[35.09297,62.58047],[35.02373,62.61333],[34.96699,62.63897],[34.94336,62.64282],[34.86797,62.61055],[34.83857,62.59116],[34.77607,62.62231],[34.73926,62.62129],[34.70371,62.64341],[34.6582,62.67993],[34.62109,62.71235],[34.58311,62.75566],[34.53555,62.81846],[34.47959,62.87383],[34.48945,62.90361],[34.53252,62.91572],[34.60537,62.87275],[34.70332,62.84424],[34.78789,62.8311],[34.85488,62.82564],[34.91045,62.81543],[34.95811,62.79741],[35.00576,62.773],[35.08301,62.74116],[35.20195,62.70527],[35.32598,62.66616],[35.41572,62.62671],[35.46387,62.6042],[35.4876,62.60591],[35.49502,62.61919],[35.50371,62.62471],[35.51943,62.61729],[35.54356,62.59937],[35.58457,62.57603],[35.64121,62.55557],[35.69805,62.5376],[35.73984,62.52022],[35.77119,62.4959],[35.80293,62.46113],[35.82188,62.41177],[35.82266,62.3522],[35.80039,62.28145],[35.76426,62.20518],[35.73018,62.13916],[35.67441,62.0794],[35.68936,62.04023],[35.74951,61.99907],[35.81836,61.95107],[35.84297,61.9019],[35.8707,61.85483],[35.92559,61.8064],[35.98545,61.75586],[36.02559,61.70361],[36.06065,61.6544],[36.10869,61.61108],[36.15908,61.57148],[36.2002,61.5312],[36.24727,61.49326],[36.31201,61.45947],[36.37148,61.43232],[36.40557,61.41074],[36.41895,61.39238]],[[35.32578,61.93535],[35.32578,61.93535],[35.32578,61.93535],[35.34707,61.9978],[35.33926,62.03281],[35.30801,62.07656],[35.25176,62.07969],[35.19561,61.98794],[35.1707,61.90566],[35.16035,61.85864],[35.20176,61.83906],[35.27363,61.87031],[35.32578,61.93535]]]}},{"type":"Feature","id":"physical-eu-lake-1159126631","properties":{"id":"physical-eu-lake-1159126631","slug":"sselmeer","name":"Ĳsselmeer","localName":"IJsselmeer","aliases":[],"kind":"lake","sourceId":"natural-earth","territoryIds":[],"bbox":[5.01406,52.2519,5.87002,53.0647],"center":[5.44204,52.6583]},"geometry":{"type":"Polygon","coordinates":[[[5.86719,52.56318],[5.86719,52.56318],[5.86719,52.56318],[5.86719,52.56318],[5.87002,52.48535],[5.79512,52.42769],[5.49531,52.2519],[5.31602,52.2915],[5.03994,52.34414],[5.01406,52.36431],[5.03623,52.40459],[5.06231,52.43071],[5.06904,52.45137],[5.06982,52.52041],[5.05996,52.56558],[5.06592,52.62373],[5.13799,52.62661],[5.2417,52.66982],[5.24746,52.73037],[5.16484,52.78574],[5.11758,52.83599],[5.09404,52.88618],[5.06807,52.92344],[5.15234,52.9667],[5.26895,53.02725],[5.37725,53.0647],[5.39824,53.04194],[5.41309,52.90264],[5.42041,52.87446],[5.45498,52.85718],[5.54727,52.84565],[5.65684,52.85142],[5.66699,52.81733],[5.62529,52.78184],[5.61797,52.75767],[5.61309,52.68438],[5.61914,52.6585],[5.65342,52.62964],[5.83545,52.60928],[5.86719,52.56318]],[[5.80088,52.46577],[5.80088,52.46577],[5.80088,52.46577],[5.80088,52.46577],[5.83418,52.50225],[5.82949,52.53545],[5.79746,52.5646],[5.73555,52.58223],[5.65811,52.5876],[5.53926,52.55772],[5.37695,52.49033],[5.16855,52.37876],[5.18389,52.35835],[5.24238,52.33374],[5.42441,52.29766],[5.49912,52.30186],[5.54805,52.32441],[5.62061,52.37593],[5.74102,52.429],[5.80088,52.46577]]]}},{"type":"Feature","id":"physical-eu-lake-1159124965","properties":{"id":"physical-eu-lake-1159124965","slug":"rybinsk","name":"Rybinsk","localName":"Rybinsk Reservoir","aliases":[],"kind":"lake","sourceId":"natural-earth","territoryIds":[],"bbox":[37.15078,58.01558,39.00527,59.20977],"center":[38.078025,58.612674999999996]},"geometry":{"type":"Polygon","coordinates":[[[38.68096,58.1082],[38.61172,58.11314],[38.38311,58.12188],[38.35703,58.1001],[38.43691,58.03565],[38.43711,58.01753],[38.41533,58.01558],[38.36924,58.03159],[38.31016,58.04058],[38.28106,58.05386],[38.25918,58.0709],[38.24961,58.10269],[38.25098,58.19873],[38.22051,58.23731],[38.14873,58.24863],[37.94404,58.30088],[37.89717,58.2918],[37.50713,58.53535],[37.41689,58.61309],[37.3168,58.65742],[37.15527,58.69497],[37.15459,58.70654],[37.16924,58.72564],[37.15078,58.84873],[37.30791,58.76001],[37.37227,58.73145],[37.42285,58.72656],[37.41035,58.68906],[37.41035,58.66997],[37.45918,58.63394],[37.5377,58.6127],[37.56465,58.55283],[37.60869,58.54531],[37.66113,58.55747],[37.6666,58.57246],[37.6209,58.62622],[37.63232,58.63623],[37.71484,58.61753],[37.76777,58.61763],[37.99492,58.55044],[38.07393,58.54194],[38.07383,58.59155],[38.10313,58.61948],[38.09551,58.63447],[37.9877,58.67222],[37.98418,58.69238],[37.94531,58.72031],[37.9417,58.7355],[37.96133,58.7436],[38.02393,58.7459],[37.9959,58.86167],[37.91758,58.85825],[37.86943,58.89707],[37.82832,58.91406],[37.77725,58.92622],[37.71367,58.92773],[37.64238,58.9189],[37.58125,58.89883],[37.50137,58.84478],[37.47129,58.85708],[37.46582,58.87456],[37.48438,58.9272],[37.49912,58.94419],[37.60889,58.98897],[37.67324,59.0252],[37.69561,59.06397],[37.67627,59.10234],[37.64004,59.1377],[37.64492,59.15679],[37.84287,59.15527],[37.94004,59.17407],[37.98731,59.17676],[38.00156,59.15977],[38.00742,59.14375],[38.02725,59.12808],[38.11621,59.10259],[38.15937,59.10156],[38.17969,59.11333],[38.18047,59.13213],[38.17637,59.14824],[38.12402,59.20288],[38.14326,59.20977],[38.18291,59.20308],[38.29404,59.16133],[38.41465,59.17344],[38.40732,59.1523],[38.33154,59.09258],[38.23945,59.0627],[38.17051,59.06504],[37.91016,59.10273],[37.86641,59.09409],[37.85772,59.07515],[37.91992,59.04209],[38.04697,58.99419],[38.11943,58.95459],[38.42734,58.74702],[38.60996,58.63657],[38.75283,58.54692],[38.98926,58.49561],[39.00371,58.47564],[38.97031,58.44082],[39.00039,58.38677],[39.00527,58.35806],[38.8709,58.33106],[38.83047,58.29556],[38.81211,58.25073],[38.81875,58.13481],[38.80518,58.12197],[38.77949,58.13477],[38.6917,58.20703],[38.63828,58.22031],[38.61924,58.20127],[38.69795,58.13296],[38.704,58.11314],[38.68096,58.1082],[38.68096,58.1082],[38.68096,58.1082]]]}},{"type":"Feature","id":"physical-eu-lake-1159126681","properties":{"id":"physical-eu-lake-1159126681","slug":"del-vistula","name":"del Vístula","localName":"Kaliningradskiy Zaliv","aliases":[],"kind":"lake","sourceId":"natural-earth","territoryIds":[],"bbox":[19.71709,54.43384,20.40488,54.70996],"center":[20.060985,54.5719]},"geometry":{"type":"Polygon","coordinates":[[[19.76406,54.43384],[19.71709,54.48228],[19.87871,54.58911],[19.9415,54.64668],[19.9584,54.68203],[19.98799,54.70996],[20.0335,54.70205],[20.08428,54.67315],[20.2083,54.68398],[20.2083,54.68398],[20.2083,54.68398],[20.2083,54.68398],[20.2083,54.68398],[20.2083,54.68398],[20.40488,54.68164],[20.10225,54.58252],[19.9292,54.51714],[19.76894,54.43799],[19.76406,54.43384]]]}},{"type":"Feature","id":"physical-eu-lake-1159126693","properties":{"id":"physical-eu-lake-1159126693","slug":"del-vistula","name":"del Vístula","localName":"Zalev Wislany","aliases":[],"kind":"lake","sourceId":"natural-earth","territoryIds":[],"bbox":[19.25098,54.26797,19.76406,54.48228],"center":[19.50752,54.375125]},"geometry":{"type":"Polygon","coordinates":[[[19.71709,54.48228],[19.76406,54.43384],[19.73848,54.41182],[19.6583,54.37417],[19.58594,54.34849],[19.48086,54.30044],[19.34678,54.26797],[19.25098,54.31065],[19.27861,54.33838],[19.50273,54.38096],[19.61641,54.42642],[19.71709,54.48228]]]}},{"type":"Feature","id":"physical-eu-lake-1159123125","properties":{"id":"physical-eu-lake-1159123125","slug":"tharthar","name":"Tharthar","localName":"Lake Tharthar","aliases":[],"kind":"lake","sourceId":"natural-earth","territoryIds":[],"bbox":[43.06602,33.70625,43.49277,34.32915],"center":[43.279395,34.0177]},"geometry":{"type":"Polygon","coordinates":[[[43.26123,33.72773],[43.19629,33.79209],[43.10615,33.91519],[43.07363,34.11299],[43.06602,34.25806],[43.08359,34.31475],[43.11582,34.32915],[43.23877,34.14141],[43.36231,34.04268],[43.46748,33.95044],[43.49277,33.88804],[43.47647,33.80693],[43.47832,33.7291],[43.41963,33.70625],[43.33184,33.71709],[43.26123,33.72773],[43.26123,33.72773],[43.26123,33.72773],[43.26123,33.72773]]]}},{"type":"Feature","id":"physical-eu-lake-1159126735","properties":{"id":"physical-eu-lake-1159126735","slug":"razzaza","name":"Razzaza","localName":"Razzaza Lake","aliases":[],"kind":"lake","sourceId":"natural-earth","territoryIds":[],"bbox":[43.42305,32.53101,43.87842,33.07944],"center":[43.650735,32.805225]},"geometry":{"type":"Polygon","coordinates":[[[43.87842,32.6877],[43.8626,32.61152],[43.79258,32.53516],[43.73945,32.53101],[43.66807,32.55347],[43.62861,32.57993],[43.57725,32.59551],[43.48213,32.64238],[43.4376,32.71494],[43.42305,32.81035],[43.43242,32.86894],[43.45147,32.87925],[43.4751,32.91948],[43.46856,33.01089],[43.50781,33.05986],[43.5502,33.07944],[43.58272,33.03936],[43.71992,32.80845],[43.82061,32.73213],[43.87842,32.6877],[43.87842,32.6877],[43.87842,32.6877],[43.87842,32.6877]]]}},{"type":"Feature","id":"physical-eu-lake-1159126747","properties":{"id":"physical-eu-lake-1159126747","slug":"mar-muerto","name":"mar Muerto","localName":"Dead Sea","aliases":[],"kind":"lake","sourceId":"natural-earth","territoryIds":[],"bbox":[35.40215,31.32539,35.58535,31.76553],"center":[35.49375,31.54546]},"geometry":{"type":"Polygon","coordinates":[[[35.58535,31.72417],[35.5668,31.57398],[35.54512,31.35913],[35.521,31.32725],[35.42285,31.32539],[35.40313,31.34824],[35.40215,31.49243],[35.42139,31.61856],[35.4626,31.71035],[35.52197,31.75586],[35.55898,31.76553],[35.58535,31.72417],[35.58535,31.72417],[35.58535,31.72417],[35.58535,31.72417]]]}},{"type":"Feature","id":"physical-eu-lake-1159113451","properties":{"id":"physical-eu-lake-1159113451","slug":"pskos","name":"Pskos","localName":"Lake Pskov","aliases":[],"kind":"lake","sourceId":"natural-earth","territoryIds":[],"bbox":[27.49707,57.85996,28.16924,58.2148],"center":[27.833154999999998,58.03738]},"geometry":{"type":"Polygon","coordinates":[[[27.49707,58.18413],[27.56856,58.2148],[27.5918,58.17461],[27.71436,58.16426],[27.86514,58.17349],[27.86514,58.17349],[27.86514,58.17349],[27.86514,58.17349],[27.86514,58.17349],[27.97305,58.13262],[28.09697,58.04443],[28.14922,57.97466],[28.16924,57.9145],[28.10176,57.85996],[27.99209,57.86812],[27.91094,57.89575],[27.87539,57.92041],[27.88164,57.93701],[27.80273,57.99023],[27.67832,58.01851],[27.62383,58.01426],[27.49707,58.18413]]]}},{"type":"Feature","id":"physical-eu-lake-1159113545","properties":{"id":"physical-eu-lake-1159113545","slug":"inari","name":"Inari","localName":"Inarijärvi","aliases":[],"kind":"lake","sourceId":"natural-earth","territoryIds":[],"bbox":[27.16172,68.71484,28.76035,69.41914],"center":[27.961035,69.06699]},"geometry":{"type":"Polygon","coordinates":[[[28.44707,69.32598],[28.44707,69.32598],[28.44707,69.32598],[28.44707,69.32598],[28.53027,69.33613],[28.63154,69.36436],[28.67705,69.39487],[28.76035,69.41914],[28.74863,69.3939],[28.6959,69.36318],[28.5542,69.29868],[28.53232,69.25698],[28.56641,69.22163],[28.54004,69.19243],[28.44766,69.15269],[28.44199,69.11602],[28.40039,69.08237],[28.25059,69.06382],[28.09102,69.00742],[28.09238,68.98071],[28.26367,68.92207],[28.3291,68.89311],[28.35615,68.87246],[28.33584,68.85708],[28.29492,68.85195],[28.07852,68.87622],[27.98945,68.87979],[27.89082,68.86104],[27.91865,68.82837],[27.97813,68.81641],[27.99238,68.78799],[27.86982,68.74243],[27.84004,68.74941],[27.83604,68.78184],[27.7791,68.79204],[27.69951,68.75918],[27.65479,68.73154],[27.56602,68.74863],[27.46416,68.76089],[27.43398,68.75952],[27.36641,68.75117],[27.28232,68.71484],[27.25977,68.73652],[27.35908,68.77148],[27.42793,68.8022],[27.4166,68.84067],[27.32764,68.88369],[27.2707,68.89102],[27.17207,68.90571],[27.16172,68.923],[27.24238,68.94648],[27.48447,69.00415],[27.52607,69.03135],[27.56016,69.06226],[27.74531,69.1291],[27.94063,69.17842],[27.98359,69.16196],[28.08809,69.16191],[28.08359,69.18994],[28.04902,69.20313],[28.01065,69.22734],[27.99082,69.25376],[28.03145,69.28804],[28.10098,69.29932],[28.11465,69.27139],[28.13848,69.23726],[28.23242,69.24868],[28.30938,69.28438],[28.32256,69.30527],[28.34453,69.32295],[28.44707,69.32598]]]}},{"type":"Feature","id":"physical-eu-lake-1159117309","properties":{"id":"physical-eu-lake-1159117309","slug":"oulu","name":"Oulu","localName":"Oulujärvi","aliases":[],"kind":"lake","sourceId":"natural-earth","territoryIds":[],"bbox":[26.77988,64.12036,28.18789,64.52998],"center":[27.483885,64.32517]},"geometry":{"type":"Polygon","coordinates":[[[26.77988,64.39116],[26.81465,64.41499],[26.83086,64.44038],[26.81387,64.46948],[26.82676,64.50542],[26.86611,64.52998],[27.11182,64.52329],[27.21367,64.49668],[27.21729,64.41392],[27.26162,64.36929],[27.36543,64.33042],[27.46914,64.33906],[27.57822,64.38047],[27.72695,64.39668],[27.925,64.38135],[27.91309,64.33325],[27.92969,64.30674],[27.88252,64.30854],[27.80059,64.30405],[27.73779,64.28174],[27.76465,64.24468],[27.85918,64.23281],[27.94014,64.20488],[28.05762,64.17769],[28.15723,64.15967],[28.18574,64.14229],[28.18789,64.13115],[28.16445,64.12065],[28.07334,64.12119],[28.00947,64.12808],[27.92891,64.14478],[27.65264,64.22481],[27.5624,64.27446],[27.50645,64.26958],[27.48115,64.25049],[27.4207,64.22979],[27.32285,64.20918],[27.28223,64.17339],[27.2875,64.13071],[27.2585,64.12036],[27.2001,64.15791],[27.07324,64.20088],[26.94248,64.23848],[26.9207,64.27778],[26.79297,64.36162],[26.77988,64.39116],[26.77988,64.39116],[26.77988,64.39116]]]}},{"type":"Feature","id":"physical-eu-lake-1159113563","properties":{"id":"physical-eu-lake-1159113563","slug":"peipus","name":"Peipus","localName":"Lake Peipus","aliases":[],"kind":"lake","sourceId":"natural-earth","territoryIds":[],"bbox":[26.96641,58.18413,27.82051,59.00693],"center":[27.393459999999997,58.59553]},"geometry":{"type":"Polygon","coordinates":[[[27.56856,58.2148],[27.49707,58.18413],[27.47266,58.21675],[27.42549,58.30308],[27.32393,58.4019],[27.23662,58.45225],[27.15674,58.64795],[26.96641,58.80557],[26.97412,58.88428],[27.10732,58.9542],[27.29815,58.99492],[27.52373,59.00693],[27.68301,58.97964],[27.74844,58.91206],[27.81367,58.57134],[27.82051,58.48491],[27.79815,58.44683],[27.74785,58.42993],[27.58272,58.3064],[27.56133,58.25742],[27.56856,58.2148]]]}},{"type":"Feature","id":"physical-eu-lake-1159125001","properties":{"id":"physical-eu-lake-1159125001","slug":"kremenchuk","name":"Kremenchuk","localName":"Kremenchuk Reservoir","aliases":[],"kind":"lake","sourceId":"natural-earth","territoryIds":[],"bbox":[31.88799,48.9936,33.19434,49.56968],"center":[32.541165,49.281639999999996]},"geometry":{"type":"Polygon","coordinates":[[[33.16709,49.01929],[33.1625,48.9936],[33.07627,49.00435],[33.06611,49.02139],[33.04346,49.06314],[32.98086,49.08257],[32.86338,49.08726],[32.76953,49.11592],[32.71807,49.14014],[32.62051,49.19863],[32.4082,49.30171],[32.29356,49.34619],[32.17012,49.4044],[31.90049,49.51279],[31.88799,49.55444],[31.95537,49.56968],[32.11445,49.54131],[32.18359,49.52095],[32.35,49.46909],[32.46143,49.42607],[32.63184,49.38184],[32.68242,49.40098],[32.65947,49.4644],[32.66465,49.53701],[32.71201,49.55938],[32.75391,49.48477],[32.86065,49.40781],[33.01543,49.28066],[33.1041,49.20015],[33.19434,49.11875],[33.19395,49.0939],[33.16709,49.01929],[33.16709,49.01929],[33.16709,49.01929]]]}},{"type":"Feature","id":"physical-eu-lake-1159126815","properties":{"id":"physical-eu-lake-1159126815","slug":"tuz","name":"Tuz","localName":"Lake Tuz","aliases":[],"kind":"lake","sourceId":"natural-earth","territoryIds":[],"bbox":[33.15811,38.52275,33.67354,39.12671],"center":[33.415825,38.82473]},"geometry":{"type":"Polygon","coordinates":[[[33.45752,38.85361],[33.52451,38.81196],[33.59746,38.79893],[33.67354,38.71231],[33.61709,38.57778],[33.53311,38.52275],[33.42256,38.55864],[33.32559,38.61065],[33.23574,38.6667],[33.15811,38.77212],[33.21875,38.87627],[33.29277,38.96724],[33.30928,39.05737],[33.30537,39.12671],[33.35039,39.12036],[33.42373,39.05581],[33.45449,38.9919],[33.44014,38.93818],[33.45752,38.85361],[33.45752,38.85361],[33.45752,38.85361]]]}},{"type":"Feature","id":"physical-eu-lake-1159123265","properties":{"id":"physical-eu-lake-1159123265","slug":"rikkavesi","name":"Rikkavesi","localName":"Rikkavesi","aliases":[],"kind":"lake","sourceId":"natural-earth","territoryIds":[],"bbox":[29.42158,62.68203,29.82246,63.05137],"center":[29.62202,62.866699999999994]},"geometry":{"type":"Polygon","coordinates":[[[29.47227,62.86939],[29.52119,62.83306],[29.56231,62.83364],[29.58301,62.88843],[29.53672,62.97612],[29.49365,63.0293],[29.52197,63.05137],[29.59482,62.98149],[29.74736,62.87568],[29.82246,62.79468],[29.81191,62.73193],[29.7415,62.69707],[29.66641,62.68203],[29.62344,62.74014],[29.54053,62.77373],[29.45801,62.83257],[29.42158,62.88315],[29.44014,62.89356],[29.47227,62.86939],[29.47227,62.86939],[29.47227,62.86939]]]}},{"type":"Feature","id":"physical-eu-lake-1159113819","properties":{"id":"physical-eu-lake-1159113819","slug":"vygozero","name":"Vygózero","localName":"Lake Vygozero","aliases":[],"kind":"lake","sourceId":"natural-earth","territoryIds":[],"bbox":[34.21435,62.91904,35.41318,63.85117],"center":[34.813765000000004,63.385105]},"geometry":{"type":"Polygon","coordinates":[[[35.01279,63.50557],[35.01279,63.50557],[35.01279,63.50557],[35.01279,63.50557],[35.14463,63.48232],[35.24922,63.49175],[35.37363,63.49229],[35.41318,63.44795],[35.38174,63.43408],[35.19277,63.40396],[35.17236,63.38052],[35.09941,63.38311],[35.04941,63.39888],[34.97686,63.4291],[34.87158,63.46377],[34.82881,63.43369],[34.88506,63.2939],[34.95303,63.18106],[34.95732,63.11899],[34.9459,63.03325],[34.91045,62.95083],[34.86309,62.91904],[34.86104,62.94116],[34.86748,62.97607],[34.86397,63.0104],[34.87344,63.04033],[34.89863,63.05469],[34.89072,63.10654],[34.8585,63.17231],[34.85293,63.22524],[34.83535,63.27637],[34.804,63.32564],[34.70195,63.39883],[34.55215,63.45898],[34.5168,63.48394],[34.52539,63.50244],[34.45332,63.62339],[34.35811,63.69668],[34.30781,63.6919],[34.26641,63.6562],[34.21543,63.61304],[34.21435,63.67603],[34.28437,63.777],[34.34727,63.85117],[34.42842,63.84824],[34.5626,63.81636],[34.64404,63.78916],[34.61582,63.76621],[34.85674,63.72085],[34.86143,63.68818],[34.98955,63.58511],[34.98408,63.56411],[34.95254,63.54023],[35.01279,63.50557]]]}},{"type":"Feature","id":"physical-eu-lake-1159113851","properties":{"id":"physical-eu-lake-1159113851","slug":"segozero","name":"Segozero","localName":"Lake Segozerskoye","aliases":[],"kind":"lake","sourceId":"natural-earth","territoryIds":[],"bbox":[33.25742,63.18857,34.06602,63.4874],"center":[33.66172,63.337985]},"geometry":{"type":"Polygon","coordinates":[[[33.44141,63.44375],[33.58623,63.4874],[33.63711,63.47627],[33.65664,63.4332],[33.69688,63.40928],[33.84707,63.43848],[33.93281,63.41812],[33.99121,63.29683],[34.06602,63.22876],[34.01709,63.20068],[33.89688,63.18857],[33.70332,63.19019],[33.57217,63.20269],[33.49922,63.21626],[33.30684,63.28369],[33.27383,63.31636],[33.27383,63.34136],[33.28291,63.38169],[33.25742,63.42344],[33.35527,63.42398],[33.44141,63.44375],[33.44141,63.44375],[33.44141,63.44375]]]}},{"type":"Feature","id":"physical-eu-lake-1159123247","properties":{"id":"physical-eu-lake-1159123247","slug":"koitere","name":"Koitere","localName":"Koitere","aliases":[],"kind":"lake","sourceId":"natural-earth","territoryIds":[],"bbox":[30.48076,62.7669,30.84678,63.04976],"center":[30.66377,62.90833]},"geometry":{"type":"Polygon","coordinates":[[[30.604,62.87627],[30.58691,62.93711],[30.61465,62.96567],[30.67647,62.97344],[30.70352,63.0124],[30.75488,63.04976],[30.83086,63.02666],[30.84678,62.95444],[30.74199,62.86411],[30.68945,62.84736],[30.65898,62.80801],[30.66748,62.78384],[30.65898,62.7669],[30.63447,62.77466],[30.50195,62.77905],[30.48076,62.78774],[30.53887,62.81982],[30.604,62.87627],[30.604,62.87627],[30.604,62.87627]]]}},{"type":"Feature","id":"physical-eu-lake-1159113873","properties":{"id":"physical-eu-lake-1159113873","slug":"pielinen","name":"Pielinen","localName":"Pielinen","aliases":[],"kind":"lake","sourceId":"natural-earth","territoryIds":[],"bbox":[29.04248,62.72173,30.32979,63.57339],"center":[29.686135,63.14756]},"geometry":{"type":"Polygon","coordinates":[[[29.99365,63.29273],[30.00371,63.2707],[29.96582,63.2646],[29.95879,63.22666],[29.99443,63.1397],[30.13848,62.97349],[30.32979,62.82915],[30.3167,62.80898],[30.22861,62.8044],[30.14258,62.72173],[30.09023,62.72915],[30.15527,62.78965],[30.21602,62.86846],[30.13682,62.92881],[30.06465,62.94356],[30.03311,62.95942],[29.8542,63.08731],[29.81406,63.14522],[29.59365,63.15752],[29.52803,63.17891],[29.39297,63.18257],[29.29854,63.25571],[29.2375,63.32339],[29.12315,63.40684],[29.04248,63.47456],[29.07148,63.50825],[29.07734,63.56392],[29.09199,63.57339],[29.18672,63.51431],[29.30928,63.46065],[29.37188,63.44009],[29.52734,63.37671],[29.72197,63.31543],[29.78428,63.29434],[29.83076,63.29121],[29.91514,63.31509],[29.99365,63.29273],[29.99365,63.29273],[29.99365,63.29273]]]}},{"type":"Feature","id":"physical-eu-lake-1159106703","properties":{"id":"physical-eu-lake-1159106703","slug":"piaozero","name":"Piaozero","localName":"Pääjärvi","aliases":[],"kind":"lake","sourceId":"natural-earth","territoryIds":[],"bbox":[30.65147,65.90503,31.33486,66.26958],"center":[30.993164999999998,66.087305]},"geometry":{"type":"Polygon","coordinates":[[[31.16973,66.10659],[31.16973,66.10659],[31.16973,66.10659],[31.16973,66.10659],[31.21113,66.05947],[31.23975,66.0044],[31.27656,65.95527],[31.33486,65.91826],[31.29463,65.90503],[31.15508,65.91421],[30.95029,65.96445],[30.65147,66.05176],[30.70361,66.13477],[30.72236,66.18628],[30.78867,66.22993],[30.89863,66.26289],[31.0332,66.26958],[31.10332,66.24536],[31.17441,66.13784],[31.16973,66.10659]]]}},{"type":"Feature","id":"physical-eu-lake-1159113889","properties":{"id":"physical-eu-lake-1159113889","slug":"topozero","name":"Topozero","localName":"Lake Topozero","aliases":[],"kind":"lake","sourceId":"natural-earth","territoryIds":[],"bbox":[31.50742,65.38838,32.71231,65.8896],"center":[32.109865,65.63899]},"geometry":{"type":"Polygon","coordinates":[[[32.51738,65.53232],[32.51738,65.53232],[32.51738,65.53232],[32.51738,65.53232],[32.66416,65.47739],[32.6875,65.45195],[32.71231,65.41597],[32.70635,65.38838],[32.66816,65.38872],[32.63477,65.41816],[32.48125,65.46909],[32.27354,65.50571],[32.10898,65.546],[31.99629,65.5686],[31.9457,65.59868],[31.94268,65.62153],[31.89482,65.63608],[31.84512,65.6437],[31.7334,65.67007],[31.57363,65.73491],[31.50742,65.79546],[31.69297,65.85635],[31.9833,65.8896],[32.05147,65.87588],[32.11846,65.83355],[32.13945,65.78389],[32.20449,65.76362],[32.32852,65.70049],[32.35996,65.66704],[32.36348,65.62856],[32.37705,65.57744],[32.4252,65.54185],[32.51738,65.53232]]]}},{"type":"Feature","id":"physical-eu-lake-1159123281","properties":{"id":"physical-eu-lake-1159123281","slug":"ilmen","name":"Ilmen","localName":"Lake Il'Men'","aliases":[],"kind":"lake","sourceId":"natural-earth","territoryIds":[],"bbox":[30.85703,58.14199,31.68828,58.47656],"center":[31.272655,58.309275]},"geometry":{"type":"Polygon","coordinates":[[[31.53096,58.23018],[31.44648,58.20591],[31.39404,58.14199],[31.15625,58.17134],[30.87617,58.21411],[30.85703,58.23911],[30.95488,58.28438],[31.01943,58.31973],[31.07998,58.33159],[31.17022,58.35947],[31.25166,58.42544],[31.29834,58.47656],[31.37432,58.42925],[31.43018,58.41655],[31.51074,58.38887],[31.51816,58.37256],[31.63711,58.38799],[31.65342,58.36875],[31.6457,58.35142],[31.64697,58.3084],[31.68828,58.2023],[31.63057,58.20728],[31.53096,58.23018],[31.53096,58.23018],[31.53096,58.23018]]]}},{"type":"Feature","id":"physical-eu-lake-1159114143","properties":{"id":"physical-eu-lake-1159114143","slug":"leman","name":"Lemán","localName":"Lake Geneva","aliases":[],"kind":"lake","sourceId":"natural-earth","territoryIds":[],"bbox":[6.1333,46.20459,6.87363,46.52881],"center":[6.503465,46.3667]},"geometry":{"type":"Polygon","coordinates":[[[6.87363,46.43223],[6.86641,46.40259],[6.84502,46.38481],[6.66533,46.40244],[6.46885,46.38857],[6.33643,46.36094],[6.15703,46.20508],[6.1333,46.20459],[6.1584,46.30244],[6.34395,46.45762],[6.58818,46.52881],[6.81885,46.46563],[6.87363,46.43223],[6.87363,46.43223],[6.87363,46.43223]]]}},{"type":"Feature","id":"physical-eu-lake-1159114155","properties":{"id":"physical-eu-lake-1159114155","slug":"neagh","name":"Neagh","localName":"Lough Neagh","aliases":[],"kind":"lake","sourceId":"natural-earth","territoryIds":[],"bbox":[-6.58472,54.49941,-6.27187,54.7228],"center":[-6.428295,54.611104999999995]},"geometry":{"type":"Polygon","coordinates":[[[-6.48838,54.7228],[-6.45859,54.71538],[-6.31792,54.70884],[-6.27187,54.66001],[-6.28232,54.60376],[-6.34883,54.52471],[-6.3543,54.5022],[-6.42739,54.49941],[-6.5624,54.51465],[-6.58472,54.56001],[-6.54126,54.62329],[-6.51143,54.69839],[-6.48838,54.7228],[-6.48838,54.7228],[-6.48838,54.7228]]]}},{"type":"Feature","id":"physical-eu-lake-1159114173","properties":{"id":"physical-eu-lake-1159114173","slug":"vattern","name":"Vättern","localName":"Vättern","aliases":[],"kind":"lake","sourceId":"natural-earth","territoryIds":[],"bbox":[14.12109,57.79629,14.96807,58.8541],"center":[14.54458,58.325195]},"geometry":{"type":"Polygon","coordinates":[[[14.93301,58.78389],[14.94092,58.75615],[14.929,58.6999],[14.89971,58.63496],[14.89141,58.59165],[14.9625,58.53926],[14.94619,58.51089],[14.82734,58.46152],[14.68643,58.39468],[14.62246,58.29888],[14.58242,58.20166],[14.54346,58.13814],[14.49941,58.0855],[14.33926,57.9333],[14.24502,57.80947],[14.15928,57.79629],[14.12109,57.92451],[14.21318,58.1502],[14.39053,58.4063],[14.50664,58.56074],[14.63164,58.67983],[14.72568,58.73135],[14.8169,58.79111],[14.93213,58.8541],[14.96807,58.84883],[14.96211,58.8355],[14.93301,58.78389],[14.93301,58.78389],[14.93301,58.78389]]]}},{"type":"Feature","id":"physical-eu-lake-1159126829","properties":{"id":"physical-eu-lake-1159126829","slug":"van","name":"Van","localName":"Lake Van","aliases":[],"kind":"lake","sourceId":"natural-earth","territoryIds":[],"bbox":[42.35313,38.32607,43.61074,38.98784],"center":[42.981935,38.656954999999996]},"geometry":{"type":"Polygon","coordinates":[[[42.98867,38.34561],[42.92275,38.39004],[42.91162,38.42612],[42.88223,38.47681],[42.85645,38.48374],[42.78096,38.45859],[42.6833,38.45654],[42.58613,38.48159],[42.53848,38.4897],[42.35313,38.49981],[42.36455,38.54854],[42.43398,38.6105],[42.4584,38.64277],[42.45801,38.69219],[42.52598,38.74517],[42.72285,38.78208],[42.84502,38.79399],[42.93477,38.79419],[43.0794,38.80933],[43.16279,38.84619],[43.15879,38.86899],[43.12647,38.88184],[43.0876,38.8814],[43.0752,38.91611],[43.15215,38.94756],[43.28496,38.96357],[43.43594,38.98784],[43.56016,38.97764],[43.61074,38.94702],[43.53106,38.89751],[43.38281,38.83608],[43.2919,38.81279],[43.20996,38.71592],[43.18643,38.60313],[43.28711,38.548],[43.31836,38.48872],[43.23457,38.40723],[43.14766,38.33662],[43.0877,38.32607],[42.98867,38.34561],[42.98867,38.34561],[42.98867,38.34561]]]}},{"type":"Feature","id":"physical-eu-lake-1159114237","properties":{"id":"physical-eu-lake-1159114237","slug":"storsjon","name":"Storsjön","localName":"Storsjön","aliases":[],"kind":"lake","sourceId":"natural-earth","territoryIds":[],"bbox":[13.97188,62.82622,14.67148,63.32524],"center":[14.32168,63.07573]},"geometry":{"type":"Polygon","coordinates":[[[14.08447,63.25869],[14.054,63.29585],[14.02588,63.31885],[14.06348,63.32524],[14.21982,63.30464],[14.39365,63.26157],[14.4457,63.26357],[14.51016,63.26523],[14.61182,63.20503],[14.67148,63.13921],[14.56914,63.1624],[14.5044,63.16484],[14.45488,63.15332],[14.42734,63.12656],[14.42217,63.08975],[14.44365,63.02778],[14.46875,62.95239],[14.47373,62.88711],[14.46055,62.83618],[14.44443,62.8273],[14.42695,62.82622],[14.38984,62.87446],[14.34531,62.9251],[14.34102,62.95303],[14.36816,62.95635],[14.38965,62.95347],[14.41299,62.95405],[14.42979,62.97988],[14.39844,63.02778],[14.35723,63.08711],[14.20752,63.1521],[14.11377,63.17847],[14.05703,63.19414],[13.98115,63.24595],[13.97188,63.2627],[14.00469,63.25923],[14.06133,63.23569],[14.08252,63.24204],[14.08447,63.25869],[14.08447,63.25869],[14.08447,63.25869]]]}},{"type":"Feature","id":"physical-eu-lake-1159114391","properties":{"id":"physical-eu-lake-1159114391","slug":"hjalmaren","name":"Hjälmaren","localName":"Hjälmaren","aliases":[],"kind":"lake","sourceId":"natural-earth","territoryIds":[],"bbox":[15.34404,59.14893,16.40605,59.31665],"center":[15.875045,59.23279]},"geometry":{"type":"Polygon","coordinates":[[[16.40381,59.30869],[16.40605,59.30547],[16.35596,59.2876],[16.31016,59.27461],[16.13047,59.23989],[15.921,59.19399],[15.89219,59.17598],[15.88096,59.16235],[15.81582,59.14893],[15.70127,59.15064],[15.62412,59.16743],[15.62041,59.19194],[15.58955,59.22481],[15.54512,59.24575],[15.51963,59.25513],[15.48066,59.26123],[15.34404,59.26953],[15.35352,59.28325],[15.49961,59.30171],[15.61309,59.31665],[15.72773,59.29819],[15.82158,59.29512],[15.85693,59.30376],[15.99023,59.28638],[16.1874,59.28765],[16.27061,59.29961],[16.33379,59.30327],[16.40381,59.30869],[16.40381,59.30869],[16.40381,59.30869],[16.40381,59.30869]]]}},{"type":"Feature","id":"physical-eu-lake-1159114573","properties":{"id":"physical-eu-lake-1159114573","slug":"beloye","name":"Béloye","localName":"Lake Beloye","aliases":[],"kind":"lake","sourceId":"natural-earth","territoryIds":[],"bbox":[37.23106,60.07744,38.0042,60.32944],"center":[37.61763,60.20344]},"geometry":{"type":"Polygon","coordinates":[[[37.23203,60.16445],[37.23106,60.18574],[37.28633,60.23345],[37.3999,60.28887],[37.54219,60.3187],[37.73701,60.32944],[37.89844,60.30078],[37.98115,60.23921],[38.0042,60.16065],[37.99902,60.10332],[37.96836,60.08574],[37.82324,60.07871],[37.71504,60.07744],[37.46904,60.08784],[37.39668,60.098],[37.27988,60.1312],[37.23203,60.16445],[37.23203,60.16445],[37.23203,60.16445],[37.23203,60.16445]]]}},{"type":"Feature","id":"physical-eu-lake-1159123397","properties":{"id":"physical-eu-lake-1159123397","slug":"akkajaure","name":"Akkajaure","localName":"Akkajaure","aliases":[],"kind":"lake","sourceId":"natural-earth","territoryIds":[],"bbox":[17.13076,67.41909,18.42793,67.79248],"center":[17.779345,67.605785]},"geometry":{"type":"Polygon","coordinates":[[[18.18398,67.47803],[17.83828,67.58599],[17.63164,67.61216],[17.57529,67.62017],[17.4752,67.64443],[17.33945,67.65405],[17.2457,67.67373],[17.22022,67.68677],[17.1543,67.7355],[17.13076,67.79248],[17.30254,67.75313],[17.43525,67.71401],[18.11602,67.56094],[18.20313,67.53291],[18.3958,67.46196],[18.42793,67.41909],[18.18398,67.47803],[18.18398,67.47803],[18.18398,67.47803]]]}},{"type":"Feature","id":"physical-eu-lake-1159114609","properties":{"id":"physical-eu-lake-1159114609","slug":"balaton","name":"Balaton","localName":"Lake Balaton","aliases":[],"kind":"lake","sourceId":"natural-earth","territoryIds":[],"bbox":[17.26934,46.72129,18.16367,47.05469],"center":[17.716504999999998,46.88799]},"geometry":{"type":"Polygon","coordinates":[[[17.58565,46.76567],[17.47588,46.72354],[17.27725,46.72129],[17.26934,46.74219],[17.27061,46.75996],[17.30859,46.76348],[17.3835,46.779],[17.47871,46.80005],[17.66543,46.85234],[17.82363,46.91118],[17.88106,46.94321],[17.95459,46.98726],[18.03906,47.03711],[18.07754,47.05469],[18.13047,47.03926],[18.16367,47.01055],[18.14268,46.96309],[17.88086,46.86646],[17.67217,46.79053],[17.58565,46.76567],[17.58565,46.76567],[17.58565,46.76567],[17.58565,46.76567]]]}},{"type":"Feature","id":"physical-eu-lake-1159123333","properties":{"id":"physical-eu-lake-1159123333","slug":"umbozero","name":"Umbozero","localName":"Umbozero Lake","aliases":[],"kind":"lake","sourceId":"natural-earth","territoryIds":[],"bbox":[34.19356,67.54307,34.58232,67.88701],"center":[34.38794,67.71504]},"geometry":{"type":"Polygon","coordinates":[[[34.19356,67.87095],[34.21621,67.88213],[34.28018,67.88701],[34.33486,67.8581],[34.36328,67.80454],[34.44902,67.73364],[34.55137,67.64453],[34.58232,67.59277],[34.53418,67.5523],[34.40859,67.54307],[34.31836,67.54487],[34.31699,67.57158],[34.31279,67.60015],[34.31455,67.65508],[34.31865,67.70103],[34.30107,67.72412],[34.25449,67.7498],[34.23672,67.77144],[34.24795,67.79341],[34.21797,67.83643],[34.19356,67.87095],[34.19356,67.87095],[34.19356,67.87095],[34.19356,67.87095]]]}},{"type":"Feature","id":"physical-eu-lake-1159123191","properties":{"id":"physical-eu-lake-1159123191","slug":"kovdozero","name":"Kovdozero","localName":"Lake Kovdozero","aliases":[],"kind":"lake","sourceId":"natural-earth","territoryIds":[],"bbox":[31.5542,66.42534,32.39746,66.91211],"center":[31.975830000000002,66.668725]},"geometry":{"type":"Polygon","coordinates":[[[32.31533,66.50186],[32.31533,66.50186],[32.31533,66.50186],[32.31533,66.50186],[32.31533,66.50186],[32.3,66.48618],[32.304,66.48091],[32.32461,66.46592],[32.36582,66.45801],[32.38086,66.45366],[32.39746,66.44517],[32.39004,66.4375],[32.35488,66.42534],[32.22393,66.45347],[32.12012,66.47061],[31.99141,66.47148],[31.97832,66.49033],[31.98272,66.49912],[32.10723,66.51948],[32.13457,66.53833],[32.11943,66.56392],[32.02754,66.63408],[31.96318,66.70029],[31.90098,66.74072],[31.73555,66.7502],[31.57676,66.75796],[31.56133,66.76885],[31.5542,66.78311],[31.57559,66.79902],[31.60859,66.81328],[31.62109,66.82241],[31.70781,66.8231],[31.76367,66.8377],[31.76543,66.8584],[31.70107,66.87251],[31.68027,66.88481],[31.7457,66.91211],[31.86055,66.88574],[31.94815,66.84053],[32.08701,66.84487],[32.21777,66.83521],[32.23867,66.81558],[32.20293,66.77939],[32.17969,66.76148],[32.19648,66.74502],[32.24902,66.73081],[32.31016,66.7064],[32.32852,66.68989],[32.33897,66.67407],[32.31094,66.65181],[32.25508,66.62417],[32.22022,66.60142],[32.2416,66.56587],[32.30596,66.5251],[32.31533,66.50186]]]}},{"type":"Feature","id":"physical-eu-lake-1159115043","properties":{"id":"physical-eu-lake-1159115043","slug":"vortsjarv","name":"Võrtsjärv","localName":"Võrtsjärv","aliases":[],"kind":"lake","sourceId":"natural-earth","territoryIds":[],"bbox":[25.92793,58.14346,26.14277,58.39624],"center":[26.03535,58.26985]},"geometry":{"type":"Polygon","coordinates":[[[26.14277,58.32734],[26.14063,58.2688],[26.11025,58.20981],[26.08477,58.14346],[26.05098,58.14585],[26.00371,58.21948],[25.92793,58.30513],[25.94092,58.34497],[25.96611,58.38164],[26.01904,58.39624],[26.07744,58.39116],[26.12148,58.37368],[26.14277,58.32734],[26.14277,58.32734],[26.14277,58.32734],[26.14277,58.32734]]]}},{"type":"Feature","id":"physical-eu-lake-1159115109","properties":{"id":"physical-eu-lake-1159115109","slug":"sevan","name":"Sevan","localName":"Lake Sevan","aliases":[],"kind":"lake","sourceId":"natural-earth","territoryIds":[],"bbox":[44.97227,40.14883,45.65918,40.61436],"center":[45.315725,40.381595]},"geometry":{"type":"Polygon","coordinates":[[[44.98965,40.51499],[44.97227,40.54233],[44.98887,40.58232],[44.98623,40.61157],[45.01455,40.61436],[45.09531,40.59033],[45.2417,40.51021],[45.31084,40.48828],[45.37295,40.47915],[45.43701,40.43516],[45.53672,40.3647],[45.60195,40.31826],[45.63623,40.27871],[45.65576,40.24268],[45.65918,40.21543],[45.65137,40.19497],[45.60762,40.17217],[45.54316,40.15552],[45.48066,40.15596],[45.38877,40.15142],[45.3127,40.14883],[45.27588,40.16382],[45.24844,40.19746],[45.21826,40.2959],[45.1835,40.38525],[45.15332,40.40356],[45.12461,40.42817],[45.09531,40.46108],[45.03984,40.49048],[44.98965,40.51499],[44.98965,40.51499],[44.98965,40.51499],[44.98965,40.51499]]]}},{"type":"Feature","id":"physical-eu-lake-1159125041","properties":{"id":"physical-eu-lake-1159125041","slug":"kubenskoye","name":"Kubenskoye","localName":"Ozero Kubenskoye","aliases":[],"kind":"lake","sourceId":"natural-earth","territoryIds":[],"bbox":[39.05254,59.47983,39.79815,59.86934],"center":[39.425345,59.674585]},"geometry":{"type":"Polygon","coordinates":[[[39.26699,59.78252],[39.30547,59.77358],[39.34844,59.76553],[39.45371,59.71143],[39.51094,59.70718],[39.58174,59.66519],[39.70713,59.63379],[39.77978,59.63779],[39.74424,59.60972],[39.72148,59.57827],[39.76406,59.54595],[39.79815,59.5252],[39.73438,59.47983],[39.55254,59.54595],[39.40215,59.62427],[39.19395,59.74688],[39.05254,59.83872],[39.05352,59.86846],[39.09336,59.86934],[39.13887,59.84165],[39.19199,59.80933],[39.22959,59.79443],[39.26699,59.78252],[39.26699,59.78252],[39.26699,59.78252]]]}},{"type":"Feature","id":"physical-eu-lake-1159114259","properties":{"id":"physical-eu-lake-1159114259","slug":"constanza","name":"Constanza","localName":"Bodensee","aliases":[],"kind":"lake","sourceId":"natural-earth","territoryIds":[],"bbox":[9.11318,47.5064,9.73066,47.78218],"center":[9.42192,47.64429]},"geometry":{"type":"Polygon","coordinates":[[[9.73066,47.5269],[9.71856,47.51489],[9.68545,47.5064],[9.5544,47.51113],[9.45234,47.51397],[9.25029,47.59795],[9.18281,47.6707],[9.11318,47.77212],[9.13203,47.78218],[9.23076,47.7333],[9.37285,47.67666],[9.51397,47.62476],[9.64424,47.56636],[9.73066,47.5269],[9.73066,47.5269],[9.73066,47.5269],[9.73066,47.5269]]]}},{"type":"Feature","id":"physical-eu-lake-1159126865","properties":{"id":"physical-eu-lake-1159126865","slug":"mar-muerto","name":"mar Muerto","localName":"Dead Sea","aliases":[],"kind":"lake","sourceId":"natural-earth","territoryIds":[],"bbox":[35.37676,31.09634,35.52246,31.23174],"center":[35.44961,31.16404]},"geometry":{"type":"Polygon","coordinates":[[[35.52246,31.17705],[35.5169,31.15444],[35.5084,31.12524],[35.49795,31.10493],[35.45928,31.09634],[35.4165,31.1044],[35.39141,31.13516],[35.37676,31.17793],[35.38184,31.21563],[35.40068,31.23052],[35.44561,31.23174],[35.49356,31.20503],[35.52246,31.17705],[35.52246,31.17705],[35.52246,31.17705],[35.52246,31.17705]]]}},{"type":"Feature","id":"physical-eu-lake-1159114879","properties":{"id":"physical-eu-lake-1159114879","slug":"mar-de-galilea","name":"mar de Galilea","localName":"Sea of Galilee","aliases":[],"kind":"lake","sourceId":"natural-earth","territoryIds":[],"bbox":[35.53389,32.72031,35.63584,32.89971],"center":[35.584865,32.81001]},"geometry":{"type":"Polygon","coordinates":[[[35.63164,32.78164],[35.61592,32.74917],[35.57686,32.72031],[35.55127,32.74961],[35.53389,32.80342],[35.53916,32.85562],[35.56504,32.8916],[35.59893,32.89971],[35.62285,32.87837],[35.63584,32.83384],[35.63164,32.78164],[35.63164,32.78164],[35.63164,32.78164],[35.63164,32.78164]]]}},{"type":"Feature","id":"physical-eu-lake-1159126643","properties":{"id":"physical-eu-lake-1159126643","slug":"mar-de-syvach","name":"Mar de Syvach","localName":"Syvash","aliases":[],"kind":"lake","sourceId":"natural-earth","territoryIds":[],"bbox":[33.69619,45.25537,35.43906,46.2666],"center":[34.567625,45.760985]},"geometry":{"type":"Polygon","coordinates":[[[35.39902,45.25537],[35.27637,45.30215],[35.08945,45.35786],[35.06191,45.37871],[35.04258,45.40249],[35.04023,45.42852],[35.08027,45.49932],[35.05166,45.56514],[35.02422,45.60386],[35.00029,45.63071],[34.88203,45.68731],[34.83389,45.72456],[34.76231,45.74297],[34.74268,45.78648],[34.68301,45.80361],[34.67627,45.81914],[34.64492,45.83745],[34.49522,45.7853],[34.49512,45.80283],[34.61826,45.91484],[34.61924,45.93496],[34.60762,45.9438],[34.56777,45.95239],[34.52519,45.90654],[34.49668,45.89922],[34.45977,45.91709],[34.41172,45.8898],[34.39004,45.88789],[34.37998,45.90132],[34.38789,45.95039],[34.38184,45.9792],[34.3625,46.00034],[34.27148,46.02686],[34.22695,46.02144],[34.18975,46.02959],[34.18193,46.01606],[34.18711,45.97656],[34.18662,45.95625],[34.16445,45.94439],[34.14033,45.9626],[34.13281,46.00972],[34.12148,46.02583],[34.07236,46.05928],[33.99834,46.07227],[33.97773,46.05181],[33.96016,46.04004],[33.92432,46.03911],[33.88506,46.05991],[33.83135,46.14341],[33.81523,46.14233],[33.77051,46.1333],[33.70762,46.18179],[33.69619,46.20029],[33.70391,46.21484],[33.72803,46.22813],[33.77813,46.23398],[33.84824,46.23071],[33.92227,46.21333],[34.02959,46.15732],[34.07764,46.1415],[34.10684,46.14434],[34.10332,46.18218],[34.11172,46.19277],[34.12959,46.19019],[34.14717,46.19136],[34.16377,46.20293],[34.15801,46.24849],[34.15859,46.2666],[34.17461,46.26602],[34.23643,46.21387],[34.26953,46.19136],[34.29766,46.1814],[34.31152,46.18008],[34.32861,46.1898],[34.54424,46.16118],[34.55488,46.13779],[34.54824,46.11489],[34.49248,46.11333],[34.46914,46.10112],[34.42852,46.02236],[34.44336,45.99883],[34.47871,45.98325],[34.52324,45.98814],[34.58848,46.0207],[34.64023,46.15303],[34.6667,46.17349],[34.71641,46.16465],[34.75371,46.13125],[34.75459,46.1127],[34.71768,46.09048],[34.71289,46.05283],[34.73984,46.03496],[34.78887,46.02446],[34.81621,45.95947],[34.84043,45.84297],[34.90898,45.79263],[35.03184,45.63818],[35.18203,45.47222],[35.3,45.36377],[35.42617,45.29497],[35.43906,45.27544],[35.39902,45.25537],[35.39902,45.25537],[35.39902,45.25537]]]}},{"type":"Feature","id":"physical-eu-lake-1159113295","properties":{"id":"physical-eu-lake-1159113295","slug":"saimaa","name":"Saimaa","localName":"Lake Saimaa","aliases":[],"kind":"lake","sourceId":"natural-earth","territoryIds":[],"bbox":[26.89863,61.06768,29.98154,63.58398],"center":[28.440085,62.325829999999996]},"geometry":{"type":"Polygon","coordinates":[[[29.51777,62.1231],[29.51777,62.1231],[29.51777,62.1231],[29.49209,62.08887],[29.46973,62.07998],[29.49219,62.04575],[29.55244,62.00283],[29.61484,61.98306],[29.63809,62.00454],[29.68545,62.00371],[29.75654,61.94946],[29.77539,61.90645],[29.77695,61.8894],[29.73262,61.87407],[29.72705,61.84795],[29.69434,61.83428],[29.66006,61.82607],[29.60986,61.80205],[29.53106,61.77817],[29.47676,61.74214],[29.42617,61.73438],[29.28994,61.64868],[29.26572,61.61484],[29.11514,61.6002],[29.09844,61.57837],[28.94102,61.62578],[28.73018,61.67124],[28.6291,61.64155],[28.6084,61.61738],[28.76045,61.60991],[28.78965,61.58994],[28.72246,61.58066],[28.67988,61.55811],[28.67949,61.52437],[28.69287,61.48389],[28.64551,61.47617],[28.58223,61.473],[28.56797,61.44121],[28.46367,61.39927],[28.40625,61.37002],[28.34512,61.34937],[28.35957,61.33135],[28.47695,61.33208],[28.64082,61.35156],[28.6626,61.36777],[28.71416,61.35176],[28.82041,61.29731],[28.86699,61.24731],[28.78789,61.20415],[28.60996,61.16157],[28.35879,61.09336],[28.2916,61.07998],[27.9875,61.07974],[27.94678,61.06768],[27.91865,61.08032],[27.8919,61.11406],[27.88164,61.15723],[27.96553,61.18804],[28.08242,61.17852],[28.17236,61.15288],[28.19736,61.16343],[28.17373,61.18814],[28.07246,61.23315],[27.86191,61.2523],[27.67754,61.23232],[27.62529,61.21392],[27.51934,61.22959],[27.40625,61.25947],[27.43242,61.27012],[27.43535,61.29551],[27.36797,61.32598],[27.30283,61.3294],[27.27031,61.32427],[27.26455,61.37871],[27.30059,61.43335],[27.27373,61.46812],[27.29775,61.48364],[27.29609,61.55703],[27.27627,61.65293],[27.3292,61.69263],[27.32744,61.63179],[27.33916,61.59673],[27.35898,61.53057],[27.45918,61.52349],[27.47637,61.53882],[27.47246,61.5499],[27.4709,61.59941],[27.48799,61.61821],[27.49873,61.6],[27.51504,61.5771],[27.59316,61.58135],[27.66465,61.60684],[27.67813,61.63638],[27.75752,61.65625],[27.77305,61.68525],[27.70508,61.73066],[27.62256,61.76416],[27.60479,61.78081],[27.62637,61.80098],[27.81631,61.72788],[27.86582,61.69644],[27.91777,61.65703],[27.921,61.62686],[27.946,61.60137],[27.99961,61.54932],[28.05381,61.51055],[28.10391,61.52241],[28.12891,61.54898],[28.14727,61.55073],[28.18457,61.54395],[28.23438,61.62129],[28.24795,61.71563],[28.26172,61.74448],[28.30557,61.75552],[28.33936,61.74927],[28.36875,61.75078],[28.44209,61.76792],[28.53906,61.84087],[28.67217,61.82559],[28.80674,61.82778],[28.83975,61.84629],[28.83838,61.86348],[28.73711,61.89102],[28.69697,61.9207],[28.5792,61.99277],[28.42686,62.05244],[28.40283,62.06914],[28.29668,62.09678],[28.16816,62.09609],[28.08623,62.10044],[28.03193,62.10835],[27.92568,62.13335],[27.89922,62.15723],[27.90244,62.24448],[27.88486,62.3061],[27.87656,62.32925],[27.85205,62.35396],[27.84404,62.37564],[27.79961,62.4294],[27.75537,62.42861],[27.67891,62.41196],[27.59688,62.41782],[27.54697,62.41196],[27.48945,62.44307],[27.45908,62.47944],[27.41943,62.49609],[27.3666,62.48232],[27.29717,62.47676],[27.23584,62.50723],[27.17773,62.55342],[27.15889,62.5773],[27.19111,62.57178],[27.29541,62.51802],[27.33945,62.51914],[27.35205,62.54356],[27.37275,62.5624],[27.39805,62.57568],[27.6,62.49414],[27.64668,62.49844],[27.66992,62.51284],[27.66904,62.52847],[27.60801,62.60078],[27.61856,62.70981],[27.64834,62.73496],[27.66621,62.75952],[27.64951,62.81597],[27.6668,62.87383],[27.68379,62.91157],[27.65195,62.92471],[27.62148,62.91602],[27.5875,62.89966],[27.56367,62.87734],[27.55986,62.85068],[27.49414,62.86309],[27.41465,62.90156],[27.39121,62.94053],[27.33008,63.00132],[27.17607,63.08359],[27.19482,63.09932],[27.20684,63.12163],[27.19316,63.16939],[27.19658,63.22925],[27.19316,63.28931],[27.21348,63.30908],[27.24648,63.3084],[27.23926,63.33203],[27.19023,63.38755],[27.17481,63.43848],[27.13477,63.49614],[27.06797,63.52319],[27.03818,63.5166],[27.02031,63.50103],[26.95889,63.52427],[26.89941,63.56602],[26.89863,63.58398],[27.11279,63.54629],[27.18301,63.51787],[27.23379,63.45654],[27.23438,63.4271],[27.21055,63.41665],[27.2502,63.37617],[27.29697,63.35571],[27.33818,63.34605],[27.36279,63.31582],[27.34697,63.2794],[27.33731,63.21333],[27.26387,63.14565],[27.3585,63.06792],[27.43965,63.02344],[27.55879,63.00122],[27.60527,63.01465],[27.67656,62.9794],[27.72275,62.95435],[27.76973,62.94561],[27.77402,62.9957],[27.73604,63.05855],[27.76738,63.09985],[27.80977,63.09229],[27.84844,63.0707],[27.85107,63.03208],[27.88818,63.0189],[28.00557,63.04033],[28.10645,63.00894],[28.2792,63.0314],[28.35195,63.03975],[28.34971,63.02583],[28.3084,63.00293],[28.26231,62.98359],[28.19219,62.96353],[28.15449,62.93296],[28.18682,62.85737],[28.14395,62.82524],[28.14941,62.80371],[28.18066,62.77178],[28.21133,62.73003],[28.23887,62.70596],[28.26826,62.68921],[28.26436,62.66279],[28.65313,62.52725],[28.79902,62.45576],[28.89805,62.39033],[28.80977,62.38174],[28.65928,62.41997],[28.52891,62.47412],[28.49648,62.50142],[28.56514,62.49858],[28.55537,62.52261],[28.48174,62.55518],[28.42422,62.57529],[28.36709,62.58711],[28.34004,62.57715],[28.27432,62.56519],[28.21143,62.50776],[28.19092,62.44761],[28.16934,62.43369],[28.10264,62.4419],[28.10566,62.47598],[28.13838,62.53809],[28.05674,62.69038],[27.9794,62.73213],[27.84932,62.71939],[27.76563,62.67954],[27.75508,62.65239],[27.80147,62.62739],[27.75811,62.58315],[27.8458,62.52363],[27.91543,62.43027],[28.03965,62.40889],[28.04199,62.37886],[27.99111,62.33735],[27.9626,62.29785],[27.97002,62.25889],[28.06729,62.24375],[28.14395,62.25249],[28.27647,62.25615],[28.27715,62.27607],[28.32373,62.28731],[28.35791,62.26973],[28.40625,62.23696],[28.50596,62.21987],[28.56582,62.22158],[28.6085,62.27891],[28.62988,62.29434],[28.67031,62.30586],[28.69902,62.32847],[28.66758,62.36802],[28.66582,62.38696],[28.69258,62.3833],[28.76504,62.34844],[28.83506,62.26748],[28.87041,62.23501],[28.85225,62.2124],[28.83731,62.1854],[28.78633,62.17725],[28.82578,62.13413],[28.97578,62.14243],[29.13936,62.16919],[29.19785,62.17715],[29.33047,62.16582],[29.34531,62.18589],[29.35273,62.21856],[29.31904,62.24238],[29.29844,62.27481],[29.29844,62.3127],[29.27803,62.34888],[29.26455,62.39356],[29.29668,62.42627],[29.3,62.47583],[29.26133,62.55083],[29.2792,62.59873],[29.33457,62.60029],[29.35176,62.57056],[29.36387,62.53037],[29.42158,62.52256],[29.50889,62.46699],[29.62647,62.41851],[29.65029,62.42744],[29.61172,62.46177],[29.58887,62.50029],[29.59287,62.52676],[29.61631,62.55938],[29.63272,62.59717],[29.69727,62.60933],[29.77568,62.5773],[29.825,62.51812],[29.88535,62.46274],[29.92617,62.43359],[29.83496,62.38872],[29.80186,62.36177],[29.79258,62.33477],[29.76846,62.31299],[29.6876,62.31587],[29.64063,62.30991],[29.62022,62.29429],[29.59902,62.26978],[29.64785,62.22339],[29.72744,62.19932],[29.79072,62.19951],[29.87373,62.18506],[29.96045,62.16377],[29.98154,62.13281],[29.91113,62.11519],[29.7083,62.15107],[29.6876,62.13804],[29.60664,62.14478],[29.51777,62.1231]],[[27.84941,62.95142],[27.84941,62.95142],[27.84941,62.95142],[27.84199,62.91104],[27.88633,62.83442],[28.01074,62.77529],[28.07158,62.74575],[28.10879,62.75513],[28.10879,62.78779],[28.09941,62.85156],[28.07481,62.93516],[28.06211,62.97598],[27.99063,62.97754],[27.98594,62.97725],[27.90342,62.97285],[27.84941,62.95142]],[[27.63711,61.27319],[27.63711,61.27319],[27.63711,61.27319],[27.67656,61.31035],[27.65859,61.35464],[27.62871,61.3834],[27.55566,61.39658],[27.50889,61.40855],[27.41787,61.43731],[27.36035,61.42173],[27.32803,61.4002],[27.36758,61.36904],[27.47539,61.31514],[27.58789,61.26631],[27.63711,61.27319]],[[27.95928,61.48042],[27.95928,61.48042],[27.95928,61.48042],[27.96885,61.50317],[27.94629,61.52749],[27.92324,61.52593],[27.85859,61.51875],[27.79395,61.53789],[27.73164,61.54746],[27.71221,61.53379],[27.70049,61.4876],[27.66582,61.48281],[27.59033,61.48643],[27.54844,61.49121],[27.51963,61.48521],[27.56397,61.45645],[27.66221,61.43491],[27.71221,61.40278],[27.74961,61.40137],[27.79756,61.40493],[27.91367,61.44209],[27.95928,61.48042]],[[28.49561,61.47817],[28.49561,61.47817],[28.49561,61.47817],[28.44492,61.51567],[28.45918,61.55845],[28.49346,61.60166],[28.53643,61.62153],[28.51543,61.69868],[28.47559,61.7229],[28.3876,61.71191],[28.32813,61.72954],[28.27734,61.70967],[28.28066,61.6645],[28.28613,61.62261],[28.3082,61.58184],[28.24258,61.53906],[28.23984,61.52339],[28.25527,61.49692],[28.24541,61.47271],[28.22559,61.44292],[28.24014,61.39424],[28.30703,61.40762],[28.41621,61.41646],[28.49453,61.44404],[28.49561,61.47817]],[[29.47695,61.9668],[29.47695,61.9668],[29.47695,61.9668],[29.44219,62.0377],[29.36318,62.10464],[29.32227,62.12959],[29.23203,62.12607],[29.18652,62.12207],[29.10244,62.11773],[29.01914,62.12476],[28.93887,62.10464],[28.80908,62.08193],[28.70332,62.08193],[28.69121,62.03643],[28.71406,61.99492],[28.82773,61.96279],[28.94424,61.87315],[28.98975,61.80215],[29.13691,61.77539],[29.25459,61.80747],[29.30928,61.86953],[29.32705,61.94404],[29.3418,61.9708],[29.40332,61.97485],[29.44482,61.9481],[29.47422,61.95073],[29.47695,61.9668]]]}},{"type":"Feature","id":"physical-eu-lake-1159113395","properties":{"id":"physical-eu-lake-1159113395","slug":"paijanne","name":"Päijänne","localName":"Päijänne","aliases":[],"kind":"lake","sourceId":"natural-earth","territoryIds":[],"bbox":[25.18789,60.96143,27.09229,63.21577],"center":[26.14009,62.0886]},"geometry":{"type":"Polygon","coordinates":[[[26.9499,62.85166],[26.98633,62.85767],[27.09229,62.84248],[27.08428,62.83301],[27.01797,62.83193],[27.01836,62.8001],[26.95713,62.79419],[26.88008,62.7959],[26.91582,62.74439],[26.98262,62.68638],[26.95215,62.65239],[26.99873,62.61343],[26.98369,62.60317],[26.8957,62.62398],[26.85264,62.60562],[26.81865,62.56382],[26.82529,62.52642],[26.85098,62.49741],[26.88633,62.49536],[26.93008,62.48189],[26.90898,62.45635],[26.77832,62.47886],[26.73555,62.49443],[26.72422,62.55342],[26.69023,62.59551],[26.66231,62.58276],[26.66523,62.55093],[26.6294,62.47905],[26.58047,62.41206],[26.5001,62.39146],[26.42598,62.36592],[26.43164,62.3292],[26.41992,62.31768],[26.3794,62.34595],[26.38428,62.38086],[26.40703,62.41826],[26.46543,62.427],[26.50762,62.42446],[26.51025,62.45278],[26.55772,62.49004],[26.52647,62.53892],[26.38281,62.5665],[26.27344,62.55103],[26.23877,62.52197],[26.23809,62.4813],[26.2543,62.43745],[26.28809,62.40659],[26.31231,62.36763],[26.27695,62.33994],[26.17266,62.35835],[26.12773,62.32896],[26.12822,62.27983],[26.08945,62.29502],[26.04961,62.34756],[25.99209,62.37251],[25.95596,62.35552],[25.97852,62.31113],[26.00234,62.27686],[25.97422,62.25356],[25.9459,62.21006],[25.95117,62.14463],[25.92266,62.14888],[25.89824,62.19951],[25.87627,62.20557],[25.82647,62.14819],[25.821,62.07207],[25.87832,62.021],[25.85791,62.00142],[25.78975,61.99229],[25.77422,61.9666],[25.70332,61.96416],[25.64082,61.95024],[25.63242,61.91616],[25.65147,61.90322],[25.70098,61.88516],[25.68203,61.86895],[25.61514,61.8416],[25.58828,61.79297],[25.62168,61.77354],[25.68291,61.80181],[25.72148,61.81274],[25.72305,61.77847],[25.68037,61.71191],[25.68203,61.63794],[25.70566,61.60098],[25.62998,61.6021],[25.58574,61.59111],[25.58262,61.54058],[25.57324,61.49443],[25.64092,61.4668],[25.60664,61.44209],[25.54316,61.42295],[25.55703,61.39253],[25.54727,61.33496],[25.58027,61.30781],[25.75928,61.27847],[25.97744,61.25503],[26.0125,61.23491],[26.02715,61.21187],[26.08154,61.19551],[26.11816,61.21055],[26.10566,61.24561],[26.1625,61.3104],[26.2751,61.37412],[26.27842,61.3603],[26.23789,61.3167],[26.25498,61.28447],[26.25693,61.24727],[26.23369,61.24204],[26.21191,61.26338],[26.17256,61.27109],[26.14785,61.25615],[26.17539,61.21812],[26.19697,61.1751],[26.18428,61.1478],[26.24111,61.10166],[26.21621,61.08076],[26.17842,61.05923],[26.17529,61.04092],[26.1501,61.00303],[26.09512,60.96382],[26.02529,60.96143],[26.0707,61.00391],[26.10176,61.10132],[26.02617,61.16973],[25.96084,61.19019],[25.9125,61.18355],[25.871,61.16841],[25.7875,61.21514],[25.67031,61.27271],[25.62148,61.26279],[25.64531,61.23501],[25.65664,61.20586],[25.58262,61.16646],[25.53145,61.11494],[25.56387,61.07954],[25.60322,61.05479],[25.5918,61.02388],[25.54873,61.02656],[25.51816,61.06172],[25.48008,61.08774],[25.454,61.07275],[25.40537,61.05845],[25.35557,61.07559],[25.39746,61.11592],[25.45898,61.15625],[25.49951,61.22891],[25.46543,61.28037],[25.4418,61.27251],[25.43076,61.25],[25.40596,61.25064],[25.39356,61.28389],[25.35557,61.31455],[25.30254,61.33369],[25.27051,61.35225],[25.25459,61.36616],[25.26289,61.38823],[25.19385,61.47451],[25.18789,61.53179],[25.23262,61.546],[25.26992,61.56826],[25.33848,61.58037],[25.39815,61.58379],[25.41816,61.62593],[25.40303,61.66997],[25.35762,61.69717],[25.22803,61.75938],[25.20928,61.79365],[25.23731,61.79619],[25.30625,61.7772],[25.38867,61.79351],[25.44356,61.84409],[25.39297,61.87168],[25.31387,61.87783],[25.31748,61.902],[25.42344,61.92065],[25.51035,61.93071],[25.50615,61.9499],[25.54277,61.98916],[25.62451,62.00527],[25.67148,62.05879],[25.58555,62.10127],[25.49844,62.11118],[25.47207,62.14214],[25.54951,62.14268],[25.66787,62.1356],[25.71289,62.16167],[25.71641,62.19424],[25.73525,62.21919],[25.76074,62.23457],[25.82402,62.252],[25.88115,62.29175],[25.90713,62.32998],[25.92246,62.3854],[25.89707,62.44077],[25.86465,62.44287],[25.84053,62.43301],[25.825,62.44834],[25.81484,62.49126],[25.76318,62.53423],[25.68955,62.54277],[25.64375,62.58906],[25.63223,62.62744],[25.78106,62.65151],[25.79492,62.70474],[25.82705,62.72505],[25.89365,62.71958],[25.8877,62.75606],[25.83115,62.78301],[25.81836,62.79414],[25.85664,62.82505],[25.86582,62.8749],[25.93408,62.9126],[25.87031,62.98682],[25.83232,63.01353],[25.7374,63.04556],[25.61748,63.0707],[25.54102,63.03013],[25.52207,62.96611],[25.49541,62.95728],[25.43633,62.97451],[25.36787,63.00684],[25.38389,63.02759],[25.44424,63.052],[25.44854,63.09795],[25.44033,63.12827],[25.50537,63.14536],[25.58877,63.21065],[25.62285,63.21577],[25.62148,63.18203],[25.68125,63.13745],[25.79199,63.0915],[25.82168,63.10347],[25.83682,63.12983],[25.90342,63.11074],[25.93242,63.08218],[25.99092,63.04258],[26.08359,62.99346],[26.079,62.9814],[26.01523,62.99097],[26.01406,62.97192],[26.07715,62.92974],[26.21973,62.85405],[26.36406,62.76758],[26.3707,62.72549],[26.30205,62.72891],[26.20322,62.78076],[26.10322,62.82642],[26.0666,62.81924],[26.0375,62.79644],[26.01289,62.75156],[26.00684,62.70967],[25.97969,62.70615],[26.02041,62.66548],[26.0293,62.63203],[25.91289,62.64795],[25.82051,62.61333],[25.83389,62.53496],[25.93809,62.46226],[26.02441,62.47676],[26.05625,62.52105],[26.09629,62.51885],[26.10293,62.48818],[26.06914,62.45361],[26.08379,62.4208],[26.16006,62.38828],[26.18496,62.46035],[26.17813,62.55029],[26.2168,62.57222],[26.34229,62.60781],[26.35898,62.6333],[26.45098,62.6332],[26.46904,62.70381],[26.38711,62.78926],[26.35762,62.82627],[26.35947,62.85356],[26.44658,62.79692],[26.50234,62.74995],[26.56289,62.70635],[26.69043,62.63652],[26.78545,62.60869],[26.81318,62.62329],[26.82676,62.65864],[26.82188,62.69727],[26.75,62.74238],[26.68906,62.78721],[26.6707,62.8169],[26.59492,62.87178],[26.56836,62.9],[26.58975,62.90088],[26.68018,62.84605],[26.73018,62.83589],[26.74336,62.86563],[26.71328,62.92896],[26.7291,62.95713],[26.76152,62.95898],[26.76504,62.97959],[26.9167,63.00659],[26.99648,63.03081],[27.0335,63.01943],[26.97793,62.99839],[26.93125,62.94077],[26.94766,62.91563],[26.92988,62.91274],[26.89414,62.91685],[26.88867,62.89458],[26.92725,62.85874],[26.9499,62.85166],[26.9499,62.85166],[26.9499,62.85166],[26.9499,62.85166]]]}},{"type":"Feature","id":"physical-eu-lake-1159113481","properties":{"id":"physical-eu-lake-1159113481","slug":"lago-srednye-kuyto","name":"Lago Srednye Kuyto","localName":"Lake Srednye Kuyto","aliases":[],"kind":"lake","sourceId":"natural-earth","territoryIds":[],"bbox":[30.36191,64.86372,31.95459,65.18281],"center":[31.158250000000002,65.02326500000001]},"geometry":{"type":"Polygon","coordinates":[[[30.36191,65.14888],[30.39746,65.15874],[30.4669,65.12402],[30.6459,65.07383],[30.80352,65.10464],[30.90293,65.12178],[30.92988,65.15718],[30.97432,65.18281],[31.34561,65.18115],[31.57647,65.1374],[31.61563,65.11167],[31.62813,65.0648],[31.66074,65.03164],[31.8291,64.95981],[31.94209,64.89692],[31.95459,64.86372],[31.90547,64.87979],[31.75215,64.93462],[31.66387,64.94468],[31.54541,65.00254],[31.50967,65.03975],[31.51016,65.0666],[31.48184,65.09619],[31.37334,65.11567],[31.24561,65.11655],[31.19141,65.10195],[31.18086,65.07808],[31.12949,65.07773],[31.01934,65.09219],[30.98555,65.08237],[30.90606,65.07398],[30.83945,65.04312],[30.81387,64.98232],[30.74268,64.9436],[30.66113,64.93965],[30.54043,64.93149],[30.55566,64.94956],[30.60586,64.9772],[30.7209,64.99473],[30.70908,65.0209],[30.53311,65.06348],[30.40371,65.11245],[30.36191,65.14888]]]}},{"type":"Feature","id":"physical-eu-lake-1159124989","properties":{"id":"physical-eu-lake-1159124989","slug":"kajovka","name":"Kajovka","localName":"Kakhovka Reservoir","aliases":[],"kind":"lake","sourceId":"natural-earth","territoryIds":[],"bbox":[33.53984,46.82222,35.30176,47.8416],"center":[34.4208,47.33191]},"geometry":{"type":"Polygon","coordinates":[[[35.30176,47.4918],[35.26943,47.45049],[35.21318,47.4499],[35.04902,47.42817],[34.96055,47.40649],[34.80772,47.46314],[34.59238,47.52012],[34.41943,47.48696],[34.18984,47.41997],[34.17676,47.38931],[34.1834,47.34565],[34.17285,47.32456],[34.09717,47.31606],[33.9041,47.15874],[33.71816,46.94058],[33.69971,46.89873],[33.68731,46.86065],[33.55938,46.82222],[33.53984,46.83125],[33.57588,46.88257],[33.62979,47.03398],[33.65537,47.05029],[33.6668,47.04199],[33.70469,47.06084],[33.76133,47.11904],[33.77715,47.1625],[33.83477,47.21226],[33.9335,47.28242],[33.96279,47.33125],[33.96455,47.35894],[33.94727,47.45142],[33.93613,47.54146],[33.98398,47.55571],[34.06699,47.55835],[34.14785,47.54229],[34.21074,47.53618],[34.24033,47.5749],[34.26621,47.58989],[34.31582,47.5668],[34.38027,47.55752],[34.43633,47.5689],[34.48662,47.59297],[34.73066,47.57754],[34.99707,47.5876],[35.08779,47.67554],[35.08565,47.82432],[35.10566,47.8416],[35.13027,47.84004],[35.24238,47.64727],[35.30176,47.4918],[35.30176,47.4918],[35.30176,47.4918]]]}},{"type":"Feature","id":"physical-eu-lake-1159114429","properties":{"id":"physical-eu-lake-1159114429","slug":"pyha","name":"Pyhä","localName":"Pyhäjärvi","aliases":[],"kind":"lake","sourceId":"natural-earth","territoryIds":[],"bbox":[23.34902,61.26162,24.72842,62.26563],"center":[24.038719999999998,61.763625000000005]},"geometry":{"type":"Polygon","coordinates":[[[23.51104,61.41904],[23.50674,61.39082],[23.52754,61.36885],[23.56758,61.34815],[23.64648,61.3314],[23.70684,61.31733],[23.71182,61.30376],[23.71748,61.28687],[23.72451,61.27026],[23.71748,61.26162],[23.675,61.27583],[23.57227,61.29614],[23.48525,61.3313],[23.43965,61.37148],[23.38037,61.38189],[23.34902,61.38955],[23.36475,61.40313],[23.41553,61.41768],[23.50869,61.45073],[23.63877,61.49072],[23.70859,61.51089],[23.67666,61.53057],[23.63838,61.5561],[23.62676,61.58926],[23.59932,61.62339],[23.57031,61.64141],[23.60293,61.64688],[23.63193,61.65166],[23.62676,61.66523],[23.60283,61.68789],[23.62061,61.71152],[23.66699,61.72808],[23.66748,61.74492],[23.67979,61.77686],[23.69238,61.80981],[23.70332,61.82451],[23.72451,61.83574],[23.7082,61.8648],[23.75088,61.8772],[23.83779,61.86982],[23.86133,61.87905],[23.85938,61.89414],[23.86514,61.91113],[23.95147,61.94356],[24.03164,61.97422],[24.02461,61.98672],[24.01592,62.00029],[24.01455,62.03814],[24.00342,62.07598],[23.97383,62.09019],[23.87266,62.09487],[23.73809,62.10288],[23.68125,62.11631],[23.68428,62.12505],[23.67344,62.13662],[23.64912,62.16563],[23.63799,62.19746],[23.64453,62.21548],[23.6752,62.22671],[23.69902,62.22744],[23.69121,62.21348],[23.68311,62.19111],[23.70117,62.16357],[23.75,62.15869],[23.81045,62.15527],[23.85498,62.13965],[23.88496,62.14209],[23.90586,62.1541],[23.91514,62.18789],[23.92822,62.22139],[23.96787,62.2332],[23.99912,62.23193],[23.979,62.2083],[23.95293,62.17759],[23.9543,62.15981],[23.97988,62.15967],[24.03379,62.15405],[24.12178,62.15088],[24.18096,62.15708],[24.14551,62.14258],[24.12266,62.12349],[24.11719,62.09219],[24.12627,62.05742],[24.18115,62.04458],[24.22012,62.04507],[24.25742,62.08027],[24.28535,62.11704],[24.30078,62.12031],[24.3209,62.1148],[24.33535,62.10269],[24.31895,62.07285],[24.3044,62.04238],[24.32432,62.03003],[24.3752,62.029],[24.49756,62.02725],[24.56514,62.04531],[24.52412,62.08091],[24.45859,62.09941],[24.38398,62.11904],[24.34297,62.14556],[24.3626,62.15581],[24.43789,62.14077],[24.53272,62.10635],[24.59473,62.09023],[24.61133,62.10855],[24.59932,62.14565],[24.58242,62.18032],[24.58525,62.19683],[24.60078,62.20107],[24.61514,62.20479],[24.61328,62.2272],[24.61084,62.25107],[24.62988,62.26279],[24.66152,62.26563],[24.67354,62.2293],[24.68154,62.1936],[24.72227,62.19805],[24.72842,62.18071],[24.70889,62.13374],[24.68594,62.09531],[24.63047,62.04273],[24.63398,61.98589],[24.68389,61.94941],[24.70606,61.92148],[24.67764,61.92915],[24.59912,61.96475],[24.54912,61.99307],[24.48242,62.00127],[24.4168,61.99531],[24.41748,61.98735],[24.37705,61.9898],[24.29395,61.99639],[24.18076,62.0103],[24.09434,62.02022],[24.11934,61.98818],[24.10498,61.95107],[24.05283,61.92749],[24.0043,61.90693],[23.96201,61.8938],[23.95352,61.88018],[23.85176,61.83491],[23.7584,61.78569],[23.77578,61.75581],[23.78574,61.72881],[23.76699,61.70322],[23.74287,61.67251],[23.73945,61.65103],[23.81992,61.64595],[23.83369,61.63648],[23.77178,61.61812],[23.78438,61.61231],[23.79805,61.59922],[23.79082,61.56025],[23.77647,61.521],[23.73047,61.49536],[23.61074,61.46025],[23.51104,61.41904],[23.51104,61.41904],[23.51104,61.41904],[23.51104,61.41904]]]}},{"type":"Feature","id":"physical-eu-lake-1159115361","properties":{"id":"physical-eu-lake-1159115361","slug":"uddjaure","name":"Uddjaure","localName":"Uddjaure","aliases":[],"kind":"lake","sourceId":"natural-earth","territoryIds":[],"bbox":[17.34609,65.8523,18.00947,66.20083],"center":[17.67778,66.026565]},"geometry":{"type":"Polygon","coordinates":[[[17.96729,65.8523],[17.95547,65.86401],[17.92617,65.88008],[17.88223,65.8896],[17.81494,65.86592],[17.74043,65.85737],[17.69277,65.87524],[17.69072,65.90493],[17.70361,65.93101],[17.73623,65.94873],[17.72002,65.97881],[17.63672,66.01157],[17.59121,66.01387],[17.57685,66.00454],[17.54648,66.01152],[17.5168,66.04956],[17.45967,66.06616],[17.40078,66.05122],[17.35996,66.04658],[17.34609,66.08008],[17.39512,66.10044],[17.47129,66.11265],[17.54736,66.10825],[17.59531,66.08477],[17.67227,66.06729],[17.7331,66.0834],[17.72324,66.11523],[17.61494,66.16802],[17.6207,66.19341],[17.67598,66.20083],[17.77656,66.18745],[17.83525,66.15513],[17.96797,66.1062],[18.00947,66.05112],[17.96426,66.04829],[17.94522,65.99736],[17.94922,65.95874],[17.94815,65.93418],[17.96426,65.91226],[18.00088,65.88198],[17.96729,65.8523]]]}},{"type":"Feature","id":"physical-eu-lake-1159115335","properties":{"id":"physical-eu-lake-1159115335","slug":"lago-storavan","name":"Lago Storavan","localName":"Storavan","aliases":[],"kind":"lake","sourceId":"natural-earth","territoryIds":[],"bbox":[17.96729,65.61602,18.50859,65.88198],"center":[18.237940000000002,65.749]},"geometry":{"type":"Polygon","coordinates":[[[18.00088,65.88198],[18.03086,65.85723],[18.13965,65.77769],[18.28603,65.77622],[18.36992,65.75205],[18.38076,65.72998],[18.42422,65.70015],[18.50859,65.65952],[18.50859,65.65952],[18.50859,65.65952],[18.50859,65.65952],[18.50859,65.65952],[18.37813,65.64751],[18.25527,65.67676],[18.17315,65.66353],[18.15107,65.64404],[18.16094,65.62119],[18.13145,65.61602],[18.09326,65.62891],[18.08281,65.64858],[18.071,65.71479],[18.03574,65.77368],[17.96729,65.8523],[18.00088,65.88198]]]}},{"type":"Feature","id":"physical-eu-lake-1159123107","properties":{"id":"physical-eu-lake-1159123107","slug":"habbaniyah","name":"Habbaniyah","localName":"Lake Habbaniyah","aliases":[],"kind":"lake","sourceId":"natural-earth","territoryIds":[],"bbox":[43.3043,33.19038,43.59531,33.43511],"center":[43.449805,33.312745]},"geometry":{"type":"Polygon","coordinates":[[[43.59531,33.30615],[43.59531,33.30615],[43.59531,33.30615],[43.59531,33.30615],[43.56641,33.21851],[43.48281,33.19038],[43.43408,33.19946],[43.40244,33.25674],[43.3043,33.30942],[43.30859,33.34873],[43.38203,33.43511],[43.42803,33.3895],[43.47715,33.33838],[43.55391,33.34829],[43.59531,33.30615]]]}},{"type":"Feature","id":"physical-eu-lake-1159115429","properties":{"id":"physical-eu-lake-1159115429","slug":"skadar","name":"Skadar","localName":"Lake Skadar","aliases":[],"kind":"lake","sourceId":"natural-earth","territoryIds":[],"bbox":[19.09883,42.07881,19.48057,42.28965],"center":[19.2897,42.18423]},"geometry":{"type":"Polygon","coordinates":[[[19.29326,42.26455],[19.29326,42.26455],[19.29326,42.26455],[19.29326,42.26455],[19.36357,42.28965],[19.3917,42.22754],[19.45078,42.15664],[19.48057,42.10815],[19.46738,42.07881],[19.39443,42.08809],[19.21641,42.1585],[19.09883,42.27759],[19.17549,42.27725],[19.29326,42.26455]]]}},{"type":"Feature","id":"physical-eu-lake-1159123217","properties":{"id":"physical-eu-lake-1159123217","slug":"imandra","name":"Imandra","localName":"Imandra","aliases":[],"kind":"lake","sourceId":"natural-earth","territoryIds":[],"bbox":[31.89863,67.41475,32.40566,67.54419],"center":[32.152145,67.47946999999999]},"geometry":{"type":"Polygon","coordinates":[[[32.40566,67.45728],[32.34199,67.44248],[32.246,67.41475],[32.12461,67.43447],[31.89863,67.51226],[31.94434,67.54419],[32.07061,67.54346],[32.21592,67.53916],[32.3417,67.48716],[32.40566,67.45728],[32.40566,67.45728],[32.40566,67.45728]]]}},{"type":"Feature","id":"physical-eu-lake-1159115801","properties":{"id":"physical-eu-lake-1159115801","slug":"femund","name":"Femund","localName":"Femunden","aliases":[],"kind":"lake","sourceId":"natural-earth","territoryIds":[],"bbox":[11.74229,61.92881,11.79678,62.05244],"center":[11.769535000000001,61.990624999999994]},"geometry":{"type":"Polygon","coordinates":[[[11.79678,61.93931],[11.79678,61.93931],[11.79678,61.93931],[11.79678,61.93931],[11.75273,61.92881],[11.74229,62.00845],[11.77793,62.05244],[11.79678,61.93931]]]}},{"type":"Feature","id":"physical-eu-lake-1159115821","properties":{"id":"physical-eu-lake-1159115821","slug":"femund","name":"Femund","localName":"Femunden","aliases":[],"kind":"lake","sourceId":"natural-earth","territoryIds":[],"bbox":[11.72129,61.93091,11.9665,62.42129],"center":[11.843895,62.1761]},"geometry":{"type":"Polygon","coordinates":[[[11.84551,62.21187],[11.84551,62.21187],[11.84551,62.21187],[11.84551,62.21187],[11.89326,62.29985],[11.89219,62.39956],[11.92246,62.42129],[11.9665,62.40664],[11.95,62.30972],[11.92891,62.20513],[11.9001,62.1436],[11.88506,62.08862],[11.90215,62.02612],[11.92666,61.93091],[11.88272,61.93091],[11.84287,62.04614],[11.72129,62.10273],[11.73604,62.13838],[11.76611,62.15352],[11.84551,62.21187]]]}},{"type":"Feature","id":"physical-eu-range-f9bec0d49a63","properties":{"id":"physical-eu-range-f9bec0d49a63","slug":"alpes","name":"Alpes","localName":"Alpes","aliases":[],"kind":"range","sourceId":"natural-earth","territoryIds":[],"bbox":[5.15699,43.66578,16.18348,48.15485],"center":[10.670235,45.910315]},"geometry":{"type":"Polygon","coordinates":[[[15.31483,46.43159],[15.26673,46.40217],[15.20509,46.37983],[14.9922,46.32032],[14.90113,46.30592],[14.80848,46.30573],[14.39027,46.38154],[14.05287,46.41529],[13.71571,46.40717],[13.39967,46.34162],[12.02369,45.95258],[11.8086,45.9173],[11.60279,45.86396],[11.43336,45.76038],[11.28968,45.60004],[11.2129,45.56214],[11.08619,45.56141],[9.32191,45.91523],[8.76832,45.93],[8.3152,45.80744],[7.9485,45.61457],[7.65406,45.41859],[7.46827,45.19489],[7.41175,44.90485],[7.44715,44.59431],[7.53736,44.30891],[7.52875,44.23597],[7.51027,44.07941],[7.29664,43.90577],[7.01368,43.78773],[6.77797,43.7248],[6.40052,43.66578],[6.26078,43.66753],[6.05531,43.67011],[5.72413,43.76429],[5.38844,43.97498],[5.17274,44.30848],[5.15699,44.69819],[5.25709,45.06147],[5.38844,45.31556],[5.50257,45.47736],[5.6266,45.63087],[5.79029,45.79426],[6.51551,46.41773],[6.86976,46.68006],[7.43458,47.00892],[8.01112,47.26752],[8.5774,47.45637],[9.07765,47.58369],[11.11805,47.96796],[11.66798,48.01435],[15.11525,48.08979],[15.53089,48.13776],[15.82631,48.15485],[16.02918,48.08924],[16.14601,48.00379],[16.18348,47.96143],[16.16175,47.84949],[16.10194,47.70124],[16.01234,47.55952],[15.90126,47.46748],[15.7732,47.40931],[15.52247,47.27784],[15.40516,47.20026],[15.32643,47.12794],[15.29689,47.05939],[15.3014,46.98078],[15.35157,46.77051],[15.3733,46.64686],[15.3683,46.52723],[15.31483,46.43159]]]}},{"type":"Feature","id":"physical-eu-range-347b6e721ce6","properties":{"id":"physical-eu-range-347b6e721ce6","slug":"caucaso","name":"Cáucaso","localName":"Cáucaso","aliases":[],"kind":"range","sourceId":"natural-earth","territoryIds":[],"bbox":[37.20669,40.37073,49.46351,45.09864],"center":[43.3351,42.734685]},"geometry":{"type":"Polygon","coordinates":[[[37.98439,44.98792],[38.13075,44.99335],[38.44691,45.02424],[39.32608,45.05693],[39.50733,45.06367],[39.75175,45.04632],[40.00257,45.02851],[40.17313,45.02843],[40.37306,45.02833],[40.49086,45.01093],[40.6067,44.97285],[40.65562,44.94903],[40.93068,44.81513],[41.00721,44.78864],[41.16383,44.74396],[41.23695,44.70759],[41.29652,44.66218],[41.41261,44.56104],[41.47645,44.51752],[41.56276,44.47382],[42.32167,44.16962],[42.55909,44.09333],[42.60551,44.0839],[42.81153,44.04206],[43.42189,43.99073],[43.47047,43.98664],[43.89782,43.9016],[44.12867,43.85566],[44.24794,43.81892],[44.3628,43.76893],[44.39707,43.75061],[44.71131,43.58265],[44.78163,43.5315],[44.90797,43.4195],[44.94887,43.39023],[44.97877,43.36884],[45.06166,43.32502],[45.30397,43.27644],[45.51869,43.32099],[45.73109,43.39735],[45.96669,43.44404],[46.09989,43.42498],[46.16334,43.4159],[46.55067,43.28016],[46.69606,43.27037],[46.74281,43.26722],[46.91017,43.26838],[47.04432,43.21528],[47.06824,43.18935],[47.14442,43.10676],[47.20973,42.9416],[47.21873,42.8732],[47.21998,42.86372],[47.22287,42.80316],[47.22401,42.77912],[47.23402,42.69752],[47.2621,42.62867],[47.33265,42.56831],[47.43373,42.52106],[47.63136,42.4538],[47.73902,42.40693],[48.20997,42.15314],[48.27089,42.11164],[48.29146,42.09589],[48.30303,42.08023],[48.38379,41.95342],[48.42637,41.92398],[48.47676,41.90513],[48.55544,41.85547],[48.66578,41.67884],[48.75294,41.59553],[48.84791,41.51893],[48.93898,41.43537],[49.01393,41.34736],[49.17027,41.13045],[49.17471,41.11611],[49.22647,41.02622],[49.29144,40.96235],[49.3152,40.92939],[49.41761,40.74177],[49.46242,40.55813],[49.46343,40.55401],[49.46351,40.55366],[49.38978,40.41505],[49.2483,40.37073],[49.08265,40.37641],[48.91688,40.41096],[48.77479,40.45307],[48.5995,40.51697],[47.48536,41.03577],[47.28993,41.14869],[46.90992,41.4015],[46.70558,41.50458],[46.49452,41.56074],[46.38819,41.56714],[46.06349,41.56031],[45.94679,41.57062],[45.83876,41.59522],[45.73243,41.63148],[45.62062,41.67646],[45.42506,41.77515],[45.22792,41.88868],[45.02797,41.98585],[44.82411,42.03559],[44.67225,42.05244],[44.52699,42.08149],[44.38795,42.12525],[44.12281,42.2389],[43.98866,42.26118],[42.97096,42.26447],[42.86915,42.27631],[42.77113,42.29981],[42.47596,42.4126],[42.37611,42.43323],[41.7306,42.47102],[41.60499,42.50056],[41.55006,42.53193],[41.52227,42.56086],[41.48877,42.65933],[41.41943,42.73765],[41.39631,42.74484],[41.39454,42.7472],[41.36927,42.77436],[41.33998,42.79749],[40.57875,43.21223],[40.43995,43.27338],[40.03883,43.42243],[40.00672,43.43671],[39.9452,43.46894],[39.90663,43.48151],[39.85121,43.49299],[39.84177,43.49558],[39.61812,43.6554],[39.40651,43.84284],[39.18788,44.01105],[38.98878,44.14728],[38.78273,44.27155],[38.24781,44.54041],[38.16297,44.57069],[37.98536,44.607],[37.94662,44.61828],[37.85146,44.69883],[37.78962,44.68303],[37.49086,44.82111],[37.29835,44.88575],[37.29393,44.8882],[37.28408,44.90503],[37.20669,44.97036],[37.20722,45.01847],[37.20729,45.02454],[37.22111,45.0427],[37.24269,45.07105],[37.30616,45.09864],[37.39112,45.09785],[37.48951,45.07551],[37.67396,45.02265],[37.83741,44.99677],[37.98439,44.98792]]]}},{"type":"Feature","id":"physical-eu-range-8d5a1ab2cee5","properties":{"id":"physical-eu-range-8d5a1ab2cee5","slug":"peninsula-iberica","name":"península ibérica","localName":"península ibérica","aliases":[],"kind":"range","sourceId":"natural-earth","territoryIds":[],"bbox":[-9.47974,36.02593,3.24805,43.76455],"center":[-3.1158449999999998,39.89524]},"geometry":{"type":"MultiPolygon","coordinates":[[[[-7.69176,43.74036],[-7.68407,43.74189],[-7.67528,43.74476],[-7.67382,43.7475],[-7.67424,43.75239],[-7.6731,43.75556],[-7.62896,43.7397],[-7.61321,43.71741],[-7.61614,43.70167],[-7.60729,43.70429],[-7.59472,43.71686],[-7.58818,43.72823],[-7.5803,43.72932],[-7.57445,43.72767],[-7.56903,43.73088],[-7.50361,43.73994],[-7.39932,43.6958],[-7.33401,43.6477],[-7.30431,43.61768],[-7.28287,43.61003],[-7.26196,43.59463],[-7.26169,43.59458],[-7.26244,43.59339],[-7.26531,43.59064],[-7.27123,43.58771],[-7.27123,43.58027],[-7.2578,43.57581],[-7.24974,43.57856],[-7.24218,43.58393],[-7.23027,43.58771],[-7.22784,43.58772],[-7.06099,43.55396],[-7.03157,43.55977],[-7.03099,43.55231],[-7.03795,43.54139],[-7.04851,43.52955],[-7.05382,43.51563],[-7.04473,43.49836],[-7.0385,43.49836],[-7.03289,43.51466],[-7.02965,43.53132],[-7.02391,43.54499],[-7.01055,43.55231],[-7.00575,43.56487],[-6.90068,43.58565],[-6.84296,43.58702],[-6.83086,43.5843],[-6.77098,43.58771],[-6.72985,43.57893],[-6.70391,43.57673],[-6.66676,43.59121],[-6.61728,43.59238],[-6.57525,43.58838],[-6.5468,43.58094],[-6.51024,43.56666],[-6.49987,43.57221],[-6.48839,43.57429],[-6.46312,43.5741],[-6.46483,43.5788],[-6.4651,43.57996],[-6.43325,43.58312],[-6.432,43.58259],[-6.41784,43.58027],[-6.36626,43.58771],[-6.31481,43.58771],[-6.30022,43.58973],[-6.2741,43.5987],[-6.27181,43.59913],[-6.22412,43.60386],[-6.19963,43.60234],[-6.19115,43.59772],[-6.17821,43.59455],[-6.10051,43.58832],[-6.08513,43.59455],[-6.06932,43.58887],[-6.05431,43.5937],[-6.03942,43.60224],[-6.02764,43.6062],[-6.02134,43.60755],[-5.90758,43.60755],[-5.90233,43.61665],[-5.90905,43.62409],[-5.91268,43.63089],[-5.84668,43.64507],[-5.72137,43.6017],[-5.70897,43.58771],[-5.70214,43.58771],[-5.69977,43.59422],[-5.68314,43.58846],[-5.67766,43.58027],[-5.62578,43.5741],[-5.58189,43.57545],[-5.39165,43.55953],[-5.40374,43.5445],[-5.42101,43.53248],[-5.41411,43.52564],[-5.4038,43.53028],[-5.3828,43.53553],[-5.37255,43.53931],[-5.36522,43.54584],[-5.36242,43.55256],[-5.35797,43.55671],[-5.31572,43.55317],[-5.25489,43.53834],[-5.21203,43.51752],[-5.17803,43.50849],[-5.12474,43.5066],[-5.10527,43.50186],[-5.06388,43.49573],[-5.05724,43.4878],[-5.04599,43.49309],[-5.03838,43.49196],[-4.97533,43.47785],[-4.96727,43.47999],[-4.96542,43.48117],[-4.80229,43.45703],[-4.75518,43.44074],[-4.7351,43.43629],[-4.60502,43.42785],[-4.52305,43.41572],[-4.49991,43.41562],[-4.48186,43.40278],[-4.46419,43.41545],[-4.40369,43.41517],[-4.38573,43.40278],[-4.37944,43.40278],[-4.36912,43.41501],[-4.31279,43.41475],[-4.3106,43.4151],[-4.18871,43.42451],[-4.16336,43.43903],[-4.0503,43.4574],[-4.02941,43.4574],[-4.02361,43.46003],[-4.02327,43.4618],[-4.01533,43.46309],[-4.00069,43.46731],[-3.98156,43.4574],[-3.97661,43.46204],[-3.97216,43.46332],[-3.96727,43.46332],[-3.96111,43.46424],[-3.96557,43.46601],[-3.97478,43.47163],[-3.97478,43.47478],[-3.88935,43.49941],[-3.88657,43.49889],[-3.88598,43.49836],[-3.88531,43.49866],[-3.81054,43.4847],[-3.81279,43.48395],[-3.83117,43.47517],[-3.84447,43.46424],[-3.83397,43.45509],[-3.82933,43.45222],[-3.82396,43.44996],[-3.82738,43.44916],[-3.83019,43.44929],[-3.83171,43.44819],[-3.83141,43.44367],[-3.8203,43.44337],[-3.81139,43.44459],[-3.79662,43.44996],[-3.78966,43.45496],[-3.77636,43.46882],[-3.77239,43.47163],[-3.7636,43.46937],[-3.75432,43.4596],[-3.74511,43.4574],[-3.74089,43.46143],[-3.74315,43.47047],[-3.74907,43.4798],[-3.75334,43.48296],[-3.73498,43.48747],[-3.72899,43.48469],[-3.72802,43.48713],[-3.72704,43.48896],[-3.72594,43.48969],[-3.60464,43.51948],[-3.5269,43.51138],[-3.52575,43.51075],[-3.51488,43.50239],[-3.50554,43.49836],[-3.4997,43.49761],[-3.44185,43.46516],[-3.44719,43.46424],[-3.45134,43.4668],[-3.4608,43.47138],[-3.4702,43.47333],[-3.47448,43.46796],[-3.47796,43.46223],[-3.48601,43.45673],[-3.50182,43.44996],[-3.48198,43.44715],[-3.47063,43.43592],[-3.46117,43.43159],[-3.44719,43.44996],[-3.43633,43.43818],[-3.42241,43.43726],[-3.39257,43.44367],[-3.37822,43.44172],[-3.33043,43.42945],[-3.3002,43.42638],[-3.20128,43.40509],[-3.20012,43.40461],[-3.17711,43.38538],[-3.13164,43.37495],[-3.11248,43.37324],[-3.09611,43.38245],[-3.06941,43.37671],[-3.05803,43.37147],[-3.00829,43.34009],[-3.00829,43.34754],[-3.02019,43.37165],[-3.02361,43.3841],[-3.02507,43.38587],[-2.95984,43.43125],[-2.9561,43.43293],[-2.94011,43.43629],[-2.94011,43.44124],[-2.87505,43.45444],[-2.70443,43.42789],[-2.69518,43.40778],[-2.69121,43.38673],[-2.68712,43.39057],[-2.67937,43.409],[-2.67858,43.41376],[-2.67894,43.41968],[-2.67823,43.42382],[-2.60708,43.41274],[-2.46329,43.36762],[-2.43615,43.35108],[-2.39757,43.34174],[-2.36496,43.33677],[-2.33711,43.32803],[-2.31522,43.32708],[-2.28543,43.31538],[-2.25451,43.30323],[-2.1918,43.27012],[-2.1195,43.23194],[-2.04784,43.20808],[-1.96994,43.1982],[-1.87401,43.18604],[-1.34398,43.16865],[-0.99523,43.10755],[-0.32183,42.91535],[0.69947,42.69636],[1.05445,42.64533],[2.26722,42.33436],[2.91481,42.21577],[3.06434,42.17805],[3.14308,42.15278],[3.1695,42.14207],[3.1752,42.13599],[3.21889,42.11401],[3.22596,42.10823],[3.22983,42.09993],[3.23292,42.09254],[3.23207,42.07001],[3.22792,42.04963],[3.23085,42.03535],[3.23463,42.02839],[3.24,42.00764],[3.24086,42.00092],[3.24429,41.99635],[3.24805,41.94424],[3.14688,41.86104],[3.00488,41.76743],[2.89931,41.72165],[2.8816,41.71955],[2.87147,41.71632],[2.86415,41.71107],[2.85817,41.70423],[2.85704,41.70332],[2.56276,41.57571],[2.44935,41.53644],[2.42884,41.52015],[2.39827,41.50438],[2.35152,41.4841],[2.29664,41.4665],[2.2671,41.44984],[2.24024,41.42213],[2.19966,41.36841],[2.14561,41.32075],[2.08262,41.2874],[1.568,41.19585],[1.54506,41.19459],[1.29396,41.12342],[1.22352,41.11182],[1.21595,41.10706],[1.20973,41.09861],[1.20586,41.09756],[1.11168,41.07823],[1.10353,41.07807],[1.06153,41.07209],[1.02333,41.05891],[0.99025,41.04084],[0.87721,40.956],[0.82252,40.90076],[0.7377,40.83835],[0.71465,40.82285],[0.72319,40.82085],[0.71266,40.80512],[0.73951,40.7934],[0.76796,40.78467],[0.78028,40.78516],[0.78517,40.79011],[0.78138,40.79749],[0.76796,40.80512],[0.7848,40.80415],[0.79847,40.79865],[0.80983,40.79035],[0.83387,40.76752],[0.85086,40.75687],[0.89111,40.72236],[0.88085,40.71075],[0.88038,40.71052],[0.87932,40.70902],[0.86637,40.69437],[0.85426,40.68854],[0.78993,40.67414],[0.76222,40.65534],[0.74824,40.64159],[0.7322,40.63514],[0.74,40.64069],[0.71839,40.6493],[0.68812,40.64735],[0.60572,40.6269],[0.58595,40.61677],[0.56935,40.60322],[0.55445,40.5854],[0.51428,40.5105],[0.48816,40.4773],[0.47193,40.46381],[0.45851,40.44721],[0.45567,40.43599],[0.43219,40.40614],[0.42616,40.40144],[0.41221,40.38075],[0.36367,40.31904],[0.31355,40.26717],[0.3047,40.25996],[0.27052,40.22291],[0.22316,40.1847],[0.17684,40.12568],[0.1584,40.10659],[0.09617,40.05661],[0.06001,40.03913],[0.03431,40.01008],[0.02091,39.98809],[-0.07515,39.87593],[-0.07813,39.87171],[-0.0974,39.85511],[-0.20061,39.72266],[-0.20592,39.71217],[-0.20824,39.688],[-0.20846,39.68746],[-0.23336,39.65226],[-0.24981,39.63825],[-0.26354,39.62336],[-0.27575,39.60584],[-0.28106,39.58894],[-0.28759,39.57648],[-0.31884,39.54121],[-0.32946,39.52351],[-0.33629,39.48316],[-0.33458,39.43861],[-0.32689,39.39527],[-0.30144,39.32319],[-0.28204,39.28298],[-0.24349,39.17281],[-0.2506,39.16791],[-0.25377,39.15693],[-0.25023,39.13972],[-0.21959,39.09211],[-0.20498,39.06273],[-0.20493,39.0626],[-0.20488,39.06253],[-0.19542,39.04352],[-0.16684,39.01274],[-0.13379,38.96948],[-0.13287,38.96876],[-0.12084,38.95228],[-0.10613,38.93769],[-0.06884,38.91456],[-0.03112,38.88392],[-0.00994,38.87092],[0.01722,38.86555],[0.04483,38.86341],[0.15488,38.82466],[0.17338,38.79871],[0.17079,38.79719],[0.17568,38.79549],[0.20156,38.75918],[0.16712,38.72623],[0.16456,38.72516],[0.1504,38.71467],[0.1451,38.70517],[0.13633,38.69678],[0.11966,38.68698],[0.11354,38.68671],[0.10633,38.68397],[0.09309,38.67371],[0.08155,38.66877],[0.07087,38.66212],[0.06703,38.65606],[0.01987,38.62835],[0.00294,38.62598],[-0.02684,38.62562],[-0.04088,38.62189],[-0.0551,38.61286],[-0.06682,38.5965],[-0.06719,38.58192],[-0.06691,38.57922],[-0.17105,38.53165],[-0.18908,38.52839],[-0.21428,38.52082],[-0.24608,38.50281],[-0.34148,38.47126],[-0.35662,38.46284],[-0.36296,38.45118],[-0.37084,38.44715],[-0.40728,38.41498],[-0.40999,38.41127],[-0.46767,38.36235],[-0.47234,38.36127],[-0.48265,38.3531],[-0.48377,38.34869],[-0.49598,38.33834],[-0.5219,38.33955],[-0.53093,38.29981],[-0.5303,38.28099],[-0.55068,38.20313],[-0.55779,38.19933],[-0.59295,38.20136],[-0.61547,38.19685],[-0.63359,38.18525],[-0.64782,38.16956],[-0.65844,38.15296],[-0.66484,38.13886],[-0.66912,38.12324],[-0.67211,38.081],[-0.66924,38.05329],[-0.6832,37.99204],[-0.69644,37.96801],[-0.70897,37.95747],[-0.71862,37.94422],[-0.75872,37.86451],[-0.76085,37.84821],[-0.76002,37.84079],[-0.77949,37.81553],[-0.78814,37.82398],[-0.81114,37.77447],[-0.81461,37.76997],[-0.82567,37.76258],[-0.84801,37.75727],[-0.85631,37.74366],[-0.85271,37.72492],[-0.81994,37.67792],[-0.81011,37.6681],[-0.77782,37.65125],[-0.75487,37.64252],[-0.73504,37.64057],[-0.73452,37.64132],[-0.72158,37.63106],[-0.76619,37.60018],[-0.79174,37.59266],[-0.80809,37.58967],[-0.83068,37.58007],[-0.86128,37.57758],[-0.87407,37.57758],[-0.88689,37.57551],[-0.88691,37.5755],[-0.93809,37.57134],[-0.95623,37.57086],[-0.97374,37.57758],[-1.00652,37.58259],[-1.07012,37.58381],[-1.08788,37.5821],[-1.1035,37.57758],[-1.1148,37.56989],[-1.11656,37.56666],[-1.18695,37.56482],[-1.19243,37.56867],[-1.22911,37.57722],[-1.24059,37.57758],[-1.29595,37.56562],[-1.34148,37.56226],[-1.35942,37.55707],[-1.37536,37.54853],[-1.41991,37.51374],[-1.43651,37.50526],[-1.45629,37.50184],[-1.46166,37.49982],[-1.46965,37.49512],[-1.47698,37.48945],[-1.48021,37.48481],[-1.48284,37.47986],[-1.4848,37.47374],[-1.60795,37.40531],[-1.62487,37.39948],[-1.67699,37.37043],[-1.68627,37.36158],[-1.69188,37.34418],[-1.70463,37.32433],[-1.76316,37.26675],[-1.79338,37.24244],[-1.81896,37.21418],[-1.83648,37.17353],[-1.8438,37.13929],[-1.93931,36.94585],[-1.95146,36.93391],[-1.96001,36.92707],[-1.99498,36.90766],[-2.00902,36.89417],[-2.01452,36.87196],[-2.11152,36.77666],[-2.1877,36.74546],[-2.25813,36.7899],[-2.26232,36.79456],[-2.28899,36.81721],[-2.32445,36.83509],[-2.34533,36.84144],[-2.36785,36.84394],[-2.38646,36.84089],[-2.41606,36.82832],[-2.45283,36.83115],[-2.46085,36.82977],[-2.47557,36.83491],[-2.4876,36.8371],[-2.57287,36.826],[-2.58904,36.81849],[-2.6036,36.80028],[-2.6706,36.74756],[-2.78755,36.71475],[-2.89136,36.74056],[-2.89226,36.74152],[-2.91417,36.75153],[-2.9334,36.75288],[-2.97112,36.74836],[-3.07103,36.75365],[-3.14917,36.7585],[-3.15822,36.75827],[-3.22802,36.76197],[-3.32976,36.75208],[-3.34459,36.74409],[-3.35845,36.7331],[-3.3745,36.72369],[-3.43066,36.70807],[-3.43216,36.70811],[-3.57881,36.73984],[-3.59791,36.74109],[-3.60814,36.74348],[-3.61913,36.75178],[-3.62975,36.75605],[-3.67379,36.74603],[-3.79769,36.7541],[-3.81469,36.75843],[-3.85808,36.76197],[-3.91136,36.75017],[-4.00126,36.74385],[-4.05681,36.74915],[-4.08147,36.74738],[-4.12842,36.7349],[-4.33238,36.72054],[-4.40337,36.7251],[-4.4204,36.72108],[-4.43346,36.71186],[-4.46157,36.67206],[-4.47807,36.65466],[-4.48064,36.65241],[-4.48209,36.65041],[-4.50225,36.62915],[-4.57936,36.5741],[-4.62328,36.55183],[-4.63252,36.53615],[-4.67412,36.50645],[-4.82293,36.50394],[-4.88878,36.51386],[-4.91112,36.51465],[-4.9207,36.51221],[-4.932,36.50495],[-4.95037,36.49706],[-5.04455,36.46585],[-5.07091,36.46033],[-5.08996,36.4508],[-5.14668,36.432],[-5.16607,36.43012],[-5.18218,36.4256],[-5.195,36.41938],[-5.20818,36.40534],[-5.22995,36.37411],[-5.23052,36.37363],[-5.23654,36.36525],[-5.25438,36.35071],[-5.26735,36.32243],[-5.28984,36.29115],[-5.29235,36.28925],[-5.30053,36.28474],[-5.31701,36.27967],[-5.31597,36.27198],[-5.31176,36.26301],[-5.31159,36.26091],[-5.32969,36.23574],[-5.33128,36.23061],[-5.35582,36.20026],[-5.36052,36.19001],[-5.36605,36.13471],[-5.38159,36.13408],[-5.38257,36.13503],[-5.39306,36.15937],[-5.40892,36.16852],[-5.43248,36.17536],[-5.45189,36.17591],[-5.45507,36.16614],[-5.46434,36.15766],[-5.4688,36.14497],[-5.46795,36.13068],[-5.46129,36.11774],[-5.46636,36.11042],[-5.46355,36.1009],[-5.4582,36.09127],[-5.4625,36.07378],[-5.55127,36.03882],[-5.62549,36.02593],[-5.64856,36.0338],[-5.65618,36.03895],[-5.69811,36.05817],[-5.71581,36.06934],[-5.73528,36.06338],[-5.8084,36.08833],[-5.85034,36.11405],[-5.85918,36.12458],[-5.92431,36.17609],[-5.94365,36.18629],[-5.96532,36.18598],[-5.98171,36.1835],[-6.04031,36.1884],[-6.04077,36.18854],[-6.09368,36.2478],[-6.09667,36.25288],[-6.11925,36.28284],[-6.13176,36.29045],[-6.17046,36.33379],[-6.17824,36.34671],[-6.1837,36.3617],[-6.19274,36.37885],[-6.21495,36.41059],[-6.23401,36.446],[-6.25234,36.49226],[-6.23998,36.48084],[-6.22753,36.48316],[-6.22002,36.48865],[-6.20922,36.50196],[-6.18773,36.52167],[-6.195,36.52235],[-6.21532,36.51704],[-6.23284,36.51899],[-6.24096,36.53431],[-6.23449,36.56477],[-6.2434,36.58387],[-6.28338,36.61359],[-6.29393,36.61805],[-6.33658,36.62038],[-6.38413,36.63701],[-6.41226,36.72886],[-6.37447,36.78255],[-6.359,36.78699],[-6.34581,36.79615],[-6.33532,36.8194],[-6.33832,36.83394],[-6.32832,36.84815],[-6.25942,36.89898],[-6.24262,36.90473],[-6.22338,36.90357],[-6.195,36.93336],[-6.21416,36.92286],[-6.23986,36.91462],[-6.26525,36.91413],[-6.28374,36.92707],[-6.3261,36.91389],[-6.34484,36.90247],[-6.35259,36.88148],[-6.35213,36.87665],[-6.39619,36.83164],[-6.44047,36.88823],[-6.44884,36.9054],[-6.47124,36.93684],[-6.49974,36.96082],[-6.55144,36.99069],[-6.88462,37.19424],[-6.85937,37.24917],[-6.86377,37.27891],[-6.86533,37.27739],[-6.86425,37.27869],[-6.85289,37.29645],[-6.90361,37.2508],[-6.93126,37.23511],[-6.96276,37.23499],[-6.96276,37.22877],[-6.94649,37.20873],[-6.97466,37.19844],[-7.01367,37.20045],[-7.02965,37.20673],[-7.06188,37.21516],[-7.14092,37.22132],[-7.12755,37.21589],[-7.09911,37.21314],[-7.08568,37.20765],[-7.13403,37.20667],[-7.17495,37.20879],[-7.20248,37.2053],[-7.32805,37.20277],[-7.34325,37.19739],[-7.3598,37.18533],[-7.38467,37.18217],[-7.39867,37.18665],[-7.4146,37.19404],[-7.41161,37.18915],[-7.4096,37.18488],[-7.40661,37.18171],[-7.40134,37.18006],[-7.40615,37.17944],[-7.42705,37.17678],[-7.44585,37.18085],[-7.46886,37.18153],[-7.49035,37.17976],[-7.51189,37.17292],[-7.55242,37.15046],[-7.5692,37.14558],[-7.62749,37.11518],[-7.6353,37.10657],[-7.72158,37.05946],[-7.83413,37.00571],[-7.85007,37.00567],[-7.87084,37.00904],[-7.93255,37.00971],[-7.9497,37.01527],[-7.95336,37.01039],[-8.05409,37.047],[-8.10668,37.0705],[-8.14702,37.07947],[-8.17183,37.07937],[-8.34131,37.09059],[-8.3438,37.09095],[-8.34849,37.09106],[-8.48419,37.10004],[-8.53765,37.11896],[-8.58025,37.12513],[-8.62694,37.12238],[-8.64171,37.1189],[-8.65484,37.11146],[-8.67169,37.09688],[-8.71016,37.08417],[-8.74785,37.08417],[-8.75988,37.08149],[-8.77267,37.07494],[-8.84844,37.07568],[-8.93535,37.01602],[-8.99581,37.03176],[-8.99387,37.03963],[-8.94916,37.12325],[-8.94689,37.12702],[-8.92705,37.14728],[-8.91375,37.17109],[-8.91812,37.1853],[-8.90627,37.2133],[-8.90478,37.21442],[-8.89183,37.23463],[-8.8839,37.25855],[-8.88281,37.26869],[-8.8318,37.38916],[-8.81615,37.41913],[-8.81455,37.4299],[-8.81416,37.43081],[-8.8142,37.43223],[-8.80907,37.46662],[-8.81304,37.56049],[-8.81517,37.57032],[-8.81811,37.57605],[-8.81855,37.59243],[-8.79807,37.70009],[-8.78344,37.71345],[-8.7578,37.70795],[-8.75237,37.73194],[-8.75237,37.73579],[-8.76195,37.72895],[-8.78515,37.72102],[-8.79387,37.72216],[-8.79185,37.73281],[-8.81278,37.82729],[-8.81151,37.85224],[-8.81383,37.87891],[-8.8192,37.89973],[-8.83324,37.91822],[-8.85399,37.93342],[-8.86662,37.93968],[-8.87895,37.95869],[-8.87562,37.96848],[-8.87554,37.96851],[-8.86766,37.97486],[-8.83001,38.07099],[-8.82409,38.09992],[-8.80962,38.14283],[-8.80217,38.15668],[-8.79668,38.1728],[-8.8015,38.26362],[-8.83355,38.39661],[-8.84697,38.42121],[-8.87374,38.44591],[-8.80004,38.43816],[-8.79876,38.42731],[-8.75719,38.42853],[-8.65703,38.40717],[-8.60692,38.41987],[-8.63701,38.42139],[-8.66289,38.42573],[-8.67498,38.43022],[-8.73398,38.48242],[-8.75224,38.49248],[-8.75103,38.50178],[-8.74596,38.5113],[-8.73729,38.51612],[-8.73729,38.52351],[-8.75158,38.52766],[-8.7614,38.53925],[-8.76433,38.55329],[-8.7578,38.56446],[-8.77355,38.56647],[-8.79314,38.53474],[-8.81304,38.52973],[-8.81304,38.52351],[-8.79082,38.52113],[-8.78203,38.50888],[-8.79888,38.51816],[-8.86162,38.50996],[-8.89812,38.51144],[-8.906,38.51362],[-8.94213,38.50812],[-8.99775,38.48607],[-9.09071,38.45689],[-9.17614,38.4416],[-9.18072,38.43931],[-9.18672,38.43818],[-9.21328,38.4481],[-9.21102,38.46878],[-9.20031,38.49055],[-9.19603,38.503],[-9.20238,38.55524],[-9.22435,38.60157],[-9.23278,38.61263],[-9.25039,38.65674],[-9.17783,38.68779],[-9.15636,38.69005],[-9.12426,38.67219],[-9.114,38.6601],[-9.1079,38.6601],[-9.114,38.68055],[-9.09899,38.68684],[-9.06743,38.69349],[-9.0526,38.69483],[-9.0526,38.70106],[-9.06103,38.71503],[-9.05851,38.721],[-9.02148,38.74688],[-9.01046,38.76078],[-8.97313,38.77155],[-8.96325,38.77674],[-8.95702,38.76929],[-8.95299,38.77149],[-8.94725,38.7754],[-8.9428,38.77674],[-8.9428,38.78296],[-8.95275,38.79615],[-8.96447,38.81605],[-8.97045,38.83662],[-8.96325,38.85187],[-8.98644,38.85065],[-8.98921,38.85487],[-9.00049,38.90303],[-8.93809,38.9981],[-8.85514,39.04344],[-8.84569,39.04407],[-8.82665,39.05048],[-8.79052,39.07185],[-8.77477,39.08466],[-8.76525,39.09888],[-8.80512,39.076],[-8.86748,39.06597],[-8.88939,39.05337],[-8.9229,39.05048],[-8.93603,39.04194],[-8.95296,39.01684],[-8.9543,39.01606],[-8.96205,39.00578],[-9.00365,38.95893],[-9.0397,38.90275],[-9.06965,38.86301],[-9.08983,38.84479],[-9.10045,38.83137],[-9.10668,38.81501],[-9.11095,38.79792],[-9.11135,38.79293],[-9.13579,38.74277],[-9.25229,38.71279],[-9.35674,38.6979],[-9.4102,38.70752],[-9.47412,38.73086],[-9.47974,38.79878],[-9.47476,38.85293],[-9.46407,38.87946],[-9.43364,38.9499],[-9.43183,38.95949],[-9.43144,38.96045],[-9.43114,38.96314],[-9.42553,38.99287],[-9.42717,38.99837],[-9.41435,39.11211],[-9.39349,39.15825],[-9.38158,39.17402],[-9.36596,39.2049],[-9.35418,39.23896],[-9.35306,39.24765],[-9.35283,39.24815],[-9.35291,39.24879],[-9.34935,39.27637],[-9.35424,39.31739],[-9.36602,39.33717],[-9.37137,39.34153],[-9.31963,39.39111],[-9.25142,39.42603],[-9.24704,39.43097],[-9.24224,39.42976],[-9.23363,39.41926],[-9.22808,39.40961],[-9.21776,39.40742],[-9.20604,39.41669],[-9.21373,39.42976],[-9.23003,39.44196],[-9.23527,39.44427],[-9.17469,39.51274],[-9.17156,39.51356],[-9.15667,39.52271],[-9.14367,39.53413],[-9.13518,39.54456],[-9.114,39.57807],[-9.10869,39.59138],[-9.10704,39.60053],[-9.1079,39.61591],[-9.10716,39.62184],[-9.00405,39.82056],[-8.83784,40.11567],[-8.84237,40.12781],[-8.84179,40.12714],[-8.82518,40.12122],[-8.78515,40.11994],[-8.78515,40.12739],[-8.80126,40.13917],[-8.81633,40.14771],[-8.83373,40.1529],[-8.85545,40.15504],[-8.88662,40.17944],[-8.87266,40.25908],[-8.86921,40.27101],[-8.86553,40.27668],[-8.79876,40.47553],[-8.78964,40.54611],[-8.77241,40.60566],[-8.74438,40.63675],[-8.74407,40.62696],[-8.74474,40.62019],[-8.72484,40.64576],[-8.71038,40.65461],[-8.69634,40.64814],[-8.69011,40.64814],[-8.69011,40.65436],[-8.69249,40.65693],[-8.69652,40.66248],[-8.6989,40.66913],[-8.69634,40.67481],[-8.68657,40.67915],[-8.68096,40.67615],[-8.67699,40.6709],[-8.67217,40.66804],[-8.66222,40.67103],[-8.65374,40.67841],[-8.64171,40.69526],[-8.65764,40.70264],[-8.66649,40.71442],[-8.66381,40.72529],[-8.64513,40.73005],[-8.62194,40.73188],[-8.60405,40.73707],[-8.58855,40.74543],[-8.57286,40.75678],[-8.58971,40.75593],[-8.61486,40.74616],[-8.6361,40.7428],[-8.64,40.74122],[-8.64556,40.74091],[-8.66863,40.7486],[-8.67589,40.75678],[-8.68279,40.78067],[-8.68247,40.7857],[-8.64574,40.8249],[-8.65539,40.84614],[-8.65709,40.82978],[-8.66338,40.81611],[-8.6707,40.81232],[-8.67589,40.82569],[-8.68029,40.81929],[-8.67397,40.9165],[-8.66938,40.9447],[-8.65526,40.99494],[-8.65539,41.03168],[-8.65598,41.03504],[-8.65981,41.08628],[-8.66675,41.11824],[-8.66631,41.13398],[-8.64855,41.14777],[-8.64855,41.154],[-8.67686,41.15908],[-8.73838,41.28467],[-8.74469,41.31051],[-8.74462,41.32929],[-8.74926,41.339],[-8.75168,41.33909],[-8.79797,41.52853],[-8.7976,41.52839],[-8.79705,41.52814],[-8.79595,41.52759],[-8.7954,41.52735],[-8.79192,41.52454],[-8.78515,41.52454],[-8.78893,41.54041],[-8.80624,41.57017],[-8.81084,41.65195],[-8.75782,41.69638],[-8.7434,41.69819],[-8.72612,41.70429],[-8.71019,41.71308],[-8.69634,41.72321],[-8.79335,41.70122],[-8.84639,41.70518],[-8.8876,41.7646],[-8.87822,41.83208],[-8.83062,41.88341],[-8.79674,41.90449],[-8.76293,41.93317],[-8.75097,41.97022],[-8.76214,41.9538],[-8.77727,41.9383],[-8.78313,41.93462],[-8.77715,41.94106],[-8.85234,41.9269],[-8.87832,41.94688],[-8.88721,42.10527],[-8.86296,42.12753],[-8.84508,42.12775],[-8.82665,42.13166],[-8.8192,42.14088],[-8.82396,42.14881],[-8.83533,42.15289],[-8.77246,42.2106],[-8.71595,42.25465],[-8.70653,42.25758],[-8.70202,42.25971],[-8.67009,42.28205],[-8.65215,42.28748],[-8.63189,42.29798],[-8.62529,42.30311],[-8.62175,42.31135],[-8.62175,42.34199],[-8.62291,42.3487],[-8.62658,42.34949],[-8.63488,42.3476],[-8.65001,42.33674],[-8.66088,42.318],[-8.67492,42.30024],[-8.69976,42.29237],[-8.72002,42.28876],[-8.72714,42.28632],[-8.7292,42.28701],[-8.81582,42.28525],[-8.80996,42.33447],[-8.79332,42.34419],[-8.77709,42.34138],[-8.77208,42.34388],[-8.76482,42.35688],[-8.72704,42.38996],[-8.70995,42.40162],[-8.67699,42.41767],[-8.66271,42.42805],[-8.65539,42.44257],[-8.66454,42.43915],[-8.67266,42.43958],[-8.68273,42.44257],[-8.6914,42.44184],[-8.69457,42.4408],[-8.69695,42.43915],[-8.71898,42.42915],[-8.73999,42.41671],[-8.77617,42.43481],[-8.81211,42.47007],[-8.80991,42.56235],[-8.80255,42.58997],[-8.80169,42.59052],[-8.78856,42.59339],[-8.77562,42.60596],[-8.73888,42.6673],[-8.73113,42.68958],[-8.73729,42.68958],[-8.74425,42.67365],[-8.75408,42.65809],[-8.76744,42.64631],[-8.78515,42.64179],[-8.80394,42.6471],[-8.81615,42.65974],[-8.82634,42.67536],[-8.83971,42.68958],[-8.85485,42.66273],[-8.85717,42.65034],[-8.84716,42.64179],[-8.86387,42.62409],[-8.88725,42.61684],[-8.89501,42.62134],[-8.88964,42.63178],[-8.90361,42.62672],[-8.93657,42.60761],[-8.93154,42.6031],[-8.98779,42.58565],[-9.03311,42.59385],[-9.03506,42.66235],[-8.93721,42.7667],[-8.92984,42.79015],[-8.92241,42.79523],[-8.89843,42.79945],[-8.89147,42.80646],[-8.88506,42.82215],[-8.88787,42.83826],[-8.90862,42.84663],[-8.91277,42.8238],[-8.92827,42.8097],[-8.95116,42.80225],[-8.95297,42.80206],[-9.0416,42.81401],[-9.1272,42.86523],[-9.14616,42.88185],[-9.14769,42.88575],[-9.14879,42.89167],[-9.14678,42.89551],[-9.13768,42.90321],[-9.13518,42.90931],[-9.1339,42.91834],[-9.13463,42.92475],[-9.14159,42.92853],[-9.1588,42.92976],[-9.16802,42.93403],[-9.18364,42.9524],[-9.19603,42.95649],[-9.19603,42.95026],[-9.19017,42.93952],[-9.19591,42.93378],[-9.19832,42.9333],[-9.2352,42.9769],[-9.23564,43.03579],[-9.20367,43.11258],[-9.20305,43.11219],[-9.18993,43.1095],[-9.17699,43.11274],[-9.16246,43.12159],[-9.15715,43.1269],[-9.15441,43.13184],[-9.1505,43.13673],[-9.14135,43.14204],[-9.13329,43.14509],[-9.1259,43.1468],[-9.1079,43.14826],[-9.1079,43.15571],[-9.12487,43.14973],[-9.14727,43.14588],[-9.1635,43.14692],[-9.16246,43.15571],[-9.19,43.14539],[-9.17808,43.17402],[-9.1192,43.2027],[-9.10057,43.19672],[-9.08336,43.19691],[-9.06536,43.19953],[-9.0526,43.2035],[-9.03991,43.21174],[-9.02709,43.22333],[-9.01683,43.23707],[-9.0138,43.24574],[-9.00417,43.25184],[-8.98595,43.24006],[-8.9591,43.24067],[-8.93273,43.24848],[-8.91546,43.25812],[-8.93657,43.25721],[-8.94829,43.26313],[-8.95963,43.28003],[-8.87368,43.33442],[-8.78776,43.32706],[-8.78576,43.32557],[-8.76867,43.3202],[-8.7506,43.31806],[-8.7119,43.30866],[-8.69323,43.30659],[-8.66552,43.31428],[-8.65638,43.31807],[-8.57361,43.33124],[-8.55858,43.32642],[-8.50609,43.34467],[-8.49767,43.35096],[-8.49646,43.35421],[-8.42158,43.38584],[-8.38642,43.39168],[-8.38482,43.38581],[-8.37584,43.37617],[-8.35375,43.36176],[-8.34093,43.37305],[-8.33739,43.38215],[-8.33971,43.40312],[-8.30898,43.41541],[-8.28167,43.40278],[-8.26732,43.39912],[-8.26098,43.3902],[-8.25719,43.37885],[-8.25066,43.36799],[-8.22765,43.35126],[-8.2174,43.3415],[-8.21032,43.32642],[-8.20263,43.34235],[-8.20311,43.35786],[-8.21032,43.3885],[-8.20983,43.40388],[-8.20494,43.41285],[-8.19408,43.41999],[-8.17559,43.42945],[-8.19518,43.43635],[-8.21337,43.43806],[-8.2473,43.43629],[-8.2532,43.43769],[-8.24893,43.4394],[-8.25122,43.47851],[-8.18584,43.48469],[-8.17888,43.48646],[-8.17162,43.49116],[-8.16717,43.49769],[-8.16869,43.50513],[-8.17357,43.50587],[-8.19664,43.49836],[-8.25198,43.49159],[-8.2522,43.49531],[-8.25097,43.49604],[-8.24389,43.49836],[-8.24773,43.50092],[-8.2575,43.50513],[-8.25844,43.5041],[-8.28887,43.5396],[-8.25738,43.57907],[-8.23241,43.58869],[-8.22417,43.59328],[-8.13716,43.62905],[-8.08066,43.65692],[-8.07476,43.65278],[-8.06365,43.65205],[-8.05205,43.65601],[-8.06261,43.65546],[-8.06572,43.65601],[-8.06572,43.66218],[-8.06145,43.66413],[-8.05657,43.66737],[-8.05205,43.66968],[-8.05329,43.67041],[-8.00469,43.69439],[-7.87961,43.70475],[-7.87395,43.69758],[-7.88427,43.69172],[-7.8875,43.69282],[-7.89501,43.69758],[-7.90142,43.69288],[-7.90404,43.69141],[-7.90868,43.69013],[-7.90868,43.6833],[-7.85857,43.68134],[-7.84942,43.68879],[-7.86393,43.70605],[-7.85273,43.70698],[-7.83326,43.71423],[-7.81926,43.71064],[-7.82152,43.71387],[-7.82302,43.71805],[-7.69814,43.76455],[-7.69208,43.76237],[-7.69579,43.75904],[-7.69628,43.7447],[-7.69176,43.74036]]],[[[-6.25744,36.51288],[-6.2593,36.50982],[-6.26274,36.51849],[-6.25744,36.51288]]],[[[-6.34679,36.82105],[-6.35259,36.80982],[-6.35531,36.80978],[-6.34686,36.82179],[-6.34679,36.82105]]]]}},{"type":"Feature","id":"physical-eu-range-ed2fafb4f34e","properties":{"id":"physical-eu-range-ed2fafb4f34e","slug":"atlas","name":"Atlas","localName":"Atlas","aliases":[],"kind":"range","sourceId":"natural-earth","territoryIds":[],"bbox":[-10.98925,28.31165,10.46852,37.3075],"center":[-0.2603650000000002,32.809574999999995]},"geometry":{"type":"Polygon","coordinates":[[[10.44203,36.68574],[10.46852,36.32856],[9.96583,35.87873],[9.93934,35.40247],[9.95253,34.71455],[9.9922,34.15894],[9.59535,34.11927],[9.29103,34.06635],[8.8334,34.11404],[8.65614,34.13251],[8.16664,34.26478],[8.11407,34.28708],[7.72999,34.45002],[7.04213,34.84687],[6.52613,34.92622],[5.6399,34.82038],[5.25624,34.79395],[4.68739,34.64844],[3.90687,34.31769],[3.72176,34.26481],[3.16603,34.10602],[2.75587,33.85468],[2.74781,33.8524],[2.0547,33.65626],[1.12867,33.14033],[0.68517,32.99515],[0.40113,32.90217],[-0.39269,32.49207],[-0.48689,32.40268],[-0.90856,32.00257],[-1.71557,31.65864],[-2.25798,31.44697],[-2.93267,31.28821],[-3.52396,31.20986],[-3.7973,31.17364],[-4.03069,31.14271],[-4.54278,30.82849],[-4.61278,30.78553],[-4.81508,30.65546],[-5.16838,30.42829],[-5.32291,30.23942],[-5.39811,30.14751],[-5.40648,30.13727],[-5.42885,30.13336],[-5.7204,30.08235],[-6.46483,29.95209],[-7.23217,29.52875],[-7.62902,29.13184],[-8.50213,28.78791],[-9.2694,28.60273],[-10.06316,28.33814],[-10.53942,28.31165],[-10.98925,28.54975],[-10.89292,28.81468],[-10.89146,28.8187],[-10.67383,28.93921],[-10.48647,29.06494],[-10.27004,29.30374],[-10.18224,29.37],[-9.73247,29.75361],[-9.28264,30.12403],[-8.81963,30.48127],[-8.56829,30.69294],[-8.7932,30.75904],[-9.33556,30.57386],[-9.62664,30.53413],[-9.86294,30.7442],[-9.86473,30.7458],[-9.8645,30.75093],[-9.83242,30.84727],[-9.83335,31.06963],[-9.81343,31.35636],[-9.46789,31.93647],[-9.21654,32.16132],[-8.91222,32.34656],[-8.17138,32.70374],[-7.78777,32.90217],[-7.27184,33.10059],[-7.24535,33.37842],[-7.17919,33.60334],[-7.00725,33.76209],[-6.80883,34.03986],[-6.62359,34.10602],[-6.27965,34.09278],[-6.01506,34.21186],[-5.74826,34.34095],[-5.60497,34.41029],[-5.63508,34.45661],[-5.9489,34.93946],[-5.8695,35.33637],[-5.88152,35.76871],[-5.88165,35.77323],[-5.88219,35.79273],[-5.8822,35.79306],[-5.74795,35.81597],[-5.62285,35.82891],[-5.52227,35.86201],[-5.46919,35.89085],[-5.3933,35.90522],[-5.33765,35.80855],[-5.33765,35.74522],[-5.25269,35.61475],[-5.19016,35.55237],[-5.14196,35.46863],[-5.12874,35.46353],[-5.06253,35.43798],[-4.83721,35.2813],[-4.62832,35.2064],[-4.32998,35.16148],[-3.98242,35.24341],[-3.78799,35.24492],[-3.74408,35.26117],[-3.69994,35.25696],[-3.66325,35.26488],[-3.59062,35.22832],[-3.39473,35.21182],[-3.20601,35.23911],[-3.06309,35.31724],[-3.00395,35.37584],[-2.96565,35.32797],[-2.93766,35.29298],[-2.91475,35.26435],[-2.86953,35.17266],[-2.83994,35.12783],[-2.7314,35.13521],[-2.63682,35.1127],[-2.42373,35.12349],[-2.21963,35.1042],[-2.01777,35.08506],[-1.91328,35.09424],[-1.67363,35.1831],[-1.48374,35.30308],[-1.33584,35.36426],[-1.29976,35.40062],[-1.2658,35.41572],[-1.17089,35.5201],[-1.0877,35.57886],[-0.91748,35.66841],[-0.42612,35.86152],[-0.35078,35.86318],[-0.18916,35.81909],[-0.04824,35.83281],[0.04795,35.90054],[0.15166,36.06314],[0.30699,36.15913],[0.6128,36.28883],[0.68283,36.31946],[0.79082,36.35654],[0.97168,36.44395],[1.25723,36.51958],[1.97451,36.56758],[2.34287,36.6103],[2.59336,36.60068],[2.74699,36.68455],[2.75512,36.68626],[3.15294,36.77002],[3.19239,36.77833],[3.24003,36.78967],[3.52051,36.79512],[3.779,36.89619],[4.7581,36.89634],[4.86285,36.86665],[4.8743,36.86142],[4.8761,36.86059],[5.00553,36.80142],[5.1956,36.67681],[5.29541,36.64824],[5.42461,36.67544],[5.68653,36.78353],[5.9441,36.83124],[5.96574,36.84539],[6.06475,36.86426],[6.24912,36.93833],[6.32783,37.04605],[6.33802,37.04859],[6.43169,37.0344],[6.56359,37.0144],[6.57588,37.00303],[6.92754,36.91943],[7.14346,36.94336],[7.23848,36.96851],[7.21891,37.03943],[7.23821,37.04136],[7.2538,37.04291],[7.53165,37.02066],[7.55064,37.01914],[7.60772,36.99976],[7.7916,36.88027],[7.91045,36.85635],[7.99879,36.87836],[8.0071,36.87559],[8.02113,36.87092],[8.17493,36.91321],[8.57656,36.93721],[8.82354,36.99761],[8.95879,37.08855],[8.97982,37.09227],[9.00001,37.09583],[9.13129,37.13702],[9.67469,37.3075],[9.73448,37.29786],[9.82745,37.28286],[9.81553,37.25464],[9.78398,37.21143],[9.83027,37.13535],[9.89639,37.18164],[9.8794,37.21284],[9.87559,37.25415],[9.98387,37.25763],[10.01719,37.25225],[10.08485,37.24134],[10.09907,37.22377],[10.17993,37.12386],[10.19209,37.10883],[10.18877,37.03389],[10.33408,36.86538],[10.29326,36.78149],[10.41231,36.73184],[10.41843,36.73528],[10.44203,36.68574]]]}},{"type":"Feature","id":"physical-eu-range-234076b74248","properties":{"id":"physical-eu-range-234076b74248","slug":"atlas-sahariano","name":"Atlas sahariano","localName":"Atlas sahariano","aliases":[],"kind":"range","sourceId":"natural-earth","territoryIds":[],"bbox":[-2.35057,31.83723,4.85939,35.67371],"center":[1.2544100000000002,33.75547]},"geometry":{"type":"Polygon","coordinates":[[[3.15943,34.09943],[2.78236,33.86127],[2.74781,33.8524],[2.06129,33.67609],[1.13527,33.15351],[0.68517,32.99515],[0.42091,32.90217],[-0.39269,32.48548],[-0.48689,32.40268],[-0.61095,32.29365],[-0.90856,32.17457],[-1.4113,32.00257],[-1.95372,31.83723],[-2.20507,31.89674],[-2.35057,32.0423],[-2.12566,32.28706],[-1.96032,32.5185],[-1.59655,32.56483],[-1.07396,32.7699],[-0.67711,33.13367],[-0.49852,33.14692],[-0.0421,33.43793],[0.44081,33.47767],[0.87733,33.68269],[1.17506,34.06635],[1.43299,34.15235],[1.38673,33.93403],[1.61818,34.03327],[1.77687,34.29127],[2.32594,34.70136],[2.78236,34.8072],[3.2057,35.07178],[3.64881,35.30988],[3.97963,35.60755],[4.24415,35.67371],[4.54847,35.51496],[4.59474,35.31647],[4.78651,35.14454],[4.85939,34.89313],[4.54847,34.71455],[4.1913,34.49628],[3.9994,34.35737],[3.72176,34.26481],[3.62245,34.2317],[3.15943,34.09943]]]}},{"type":"Feature","id":"physical-eu-range-2fa1a11cdb29","properties":{"id":"physical-eu-range-2fa1a11cdb29","slug":"alto-atlas","name":"Alto Atlas","localName":"Alto Atlas","aliases":[],"kind":"range","sourceId":"natural-earth","territoryIds":[],"bbox":[-9.48772,30.64661,-2.37041,33.15351],"center":[-5.929065,31.900059999999996]},"geometry":{"type":"Polygon","coordinates":[[[-3.19725,32.71699],[-3.23034,32.5384],[-2.75408,32.56483],[-2.37041,32.4524],[-2.53576,32.2804],[-3.16417,32.20106],[-3.81902,32.08198],[-4.02404,32.1944],[-4.7517,31.93647],[-5.20147,31.71815],[-5.77691,31.45356],[-6.47142,31.37421],[-6.86168,31.30805],[-7.45043,31.17579],[-7.60918,31.03022],[-7.79436,30.96412],[-7.99279,30.93763],[-8.35662,30.89796],[-8.64104,30.83179],[-8.93212,30.78553],[-9.27605,30.64661],[-9.48772,30.75245],[-9.15038,30.9972],[-8.89904,31.22871],[-8.64104,31.2353],[-8.28386,31.28821],[-7.95311,31.29487],[-7.73485,31.44697],[-7.45702,31.62556],[-7.166,31.75788],[-6.98076,32.00257],[-6.66991,32.21424],[-6.19365,32.46564],[-5.94231,32.66407],[-5.69756,32.75007],[-5.17504,32.73017],[-5.01623,32.67066],[-4.24236,32.74342],[-3.99761,32.75007],[-3.69335,32.68391],[-3.42876,32.78315],[-3.08483,32.99476],[-2.83342,33.15351],[-2.75408,32.98817],[-2.96575,32.83601],[-3.19725,32.71699]]]}},{"type":"Feature","id":"physical-eu-range-ba48fbe9b1bb","properties":{"id":"physical-eu-range-ba48fbe9b1bb","slug":"montanas-hejaz","name":"MONTAÑAS HEJAZ","localName":"MONTAÑAS HEJAZ","aliases":[],"kind":"range","sourceId":"natural-earth","territoryIds":[],"bbox":[35.42286,22.60773,40.01991,28.87373],"center":[37.721385,25.74073]},"geometry":{"type":"Polygon","coordinates":[[[39.91737,22.75825],[39.76344,22.60773],[39.54982,22.61939],[39.32203,22.80952],[39.13368,23.08637],[38.96742,23.38593],[38.80543,23.64429],[38.5735,23.9217],[37.79359,24.71314],[37.56373,24.98463],[36.98475,25.86799],[36.77467,26.14905],[36.00294,27.04847],[35.9181,27.17109],[35.84535,27.30378],[35.56825,27.96845],[35.47938,28.23395],[35.42286,28.50495],[35.4933,28.76649],[35.72914,28.87134],[36.02992,28.87373],[36.29444,28.8277],[36.44215,28.7887],[36.58339,28.73664],[36.70875,28.66004],[36.80885,28.54743],[36.89393,28.39454],[37.04786,28.07557],[37.13551,27.92152],[37.26588,27.77009],[37.4236,27.64558],[37.58985,27.52808],[37.74598,27.39777],[37.9723,27.1493],[38.17274,26.88325],[38.35401,26.60047],[38.87965,25.63776],[39.26185,25.04157],[39.49415,24.63038],[39.57313,24.46583],[39.92579,23.5965],[39.98414,23.41273],[40.01991,23.22523],[40.00489,22.99079],[39.91737,22.75825]]]}},{"type":"Feature","id":"physical-eu-range-b907724c316d","properties":{"id":"physical-eu-range-b907724c316d","slug":"alpes-escandinavos","name":"Alpes escandinavos","localName":"Alpes escandinavos","aliases":[],"kind":"range","sourceId":"natural-earth","territoryIds":[],"bbox":[5.58766,58.51874,24.44569,70.06287],"center":[15.016675,64.290805]},"geometry":{"type":"Polygon","coordinates":[[[7.26698,58.51874],[6.36195,58.63477],[6.10821,58.87132],[6.13731,58.87466],[6.21416,58.94468],[6.36328,59.00093],[6.32109,59.01646],[6.09941,58.95195],[6.01699,58.9877],[5.93058,59.03691],[5.89991,59.0655],[5.89035,59.0987],[5.94873,59.13545],[5.96856,59.18613],[5.93731,59.23398],[5.95186,59.29907],[6.05068,59.36816],[6.19893,59.43809],[6.30566,59.50557],[6.41533,59.54712],[6.40391,59.56099],[6.27852,59.53452],[6.15859,59.48965],[6.01738,59.41445],[5.84522,59.35347],[5.81844,59.34849],[5.72675,59.66699],[5.77217,59.66094],[5.86729,59.73398],[5.99102,59.74468],[6.2166,59.81836],[6.21191,59.83179],[6.05928,59.81558],[5.9667,59.81318],[5.83398,59.79468],[5.76348,59.80791],[5.73047,59.86309],[5.78359,59.91279],[5.99648,60.03149],[6.06992,60.0835],[6.11182,60.13208],[6.10518,60.16514],[6.14053,60.2335],[6.34873,60.35298],[6.51807,60.40757],[6.57363,60.3606],[6.52637,60.21362],[6.52686,60.15293],[6.66094,60.36724],[6.71992,60.41816],[6.78711,60.4541],[6.94971,60.47822],[6.9957,60.51196],[6.80635,60.50078],[6.34697,60.41909],[6.15332,60.34624],[6.10176,60.29014],[5.96738,60.20557],[5.9044,60.15064],[5.87656,60.07002],[5.80088,60.02622],[5.69883,60.01001],[5.67141,59.99024],[5.65552,60.11419],[5.68857,60.12319],[5.65762,60.1541],[5.65036,60.15448],[5.58766,60.64368],[5.58803,60.65043],[5.64834,60.68799],[5.59041,60.69417],[5.61091,61.06962],[5.98398,61.11733],[6.29258,61.08096],[6.41797,61.08428],[6.60986,61.13701],[6.77783,61.14243],[6.90342,61.10215],[6.97207,61.05596],[6.98057,60.99414],[7.03867,60.95293],[7.07793,60.96631],[7.04668,61.01528],[7.04014,61.09116],[7.54502,61.17715],[7.60449,61.21055],[7.40391,61.22217],[7.34658,61.30059],[7.45254,61.41924],[7.44258,61.43462],[7.33115,61.37202],[7.27627,61.28394],[7.29805,61.21362],[7.27598,61.18096],[7.17354,61.16597],[6.94258,61.16055],[6.79434,61.19038],[6.65703,61.20659],[6.61025,61.2291],[6.62588,61.2793],[6.5999,61.28965],[6.54307,61.24453],[6.49258,61.15459],[6.3835,61.13389],[6.08252,61.16729],[5.64678,61.14761],[5.61477,61.1402],[5.62916,61.40388],[5.97521,61.79473],[6.01582,61.7875],[6.4667,61.80742],[6.73076,61.86978],[6.68232,61.88701],[6.3959,61.85098],[6.13115,61.85244],[6.03867,61.8664],[6.05152,61.88093],[7.58332,62.55071],[7.65313,62.56401],[7.69072,62.5856],[7.67021,62.5887],[7.98843,62.72785],[8.09551,62.73184],[8.06056,62.75938],[8.42881,62.9204],[8.62314,62.84624],[8.60918,62.88057],[8.49444,62.9491],[9.57179,63.42017],[9.79805,63.54952],[9.83223,63.52417],[9.8915,63.49204],[9.93604,63.47886],[9.9792,63.39526],[10.021,63.39082],[10.08057,63.43272],[10.18857,63.45479],[10.34004,63.46934],[10.59092,63.44722],[10.70449,63.46357],[10.76016,63.46128],[10.70674,63.53633],[10.67363,63.55801],[10.72529,63.625],[10.7792,63.65117],[10.95254,63.69819],[11.11787,63.71919],[11.22578,63.76382],[11.3707,63.80483],[11.34795,63.8377],[11.30762,63.87573],[11.21387,63.87813],[11.17559,63.89888],[11.29463,63.94819],[11.45762,64.00298],[11.4292,64.02451],[11.30664,64.04888],[11.21357,64.03052],[11.0752,63.98814],[10.91426,63.92109],[10.9667,63.90156],[11.04727,63.84522],[10.93486,63.77022],[10.33916,63.57105],[10.05508,63.5127],[9.92402,63.52178],[9.89277,63.57622],[9.87061,63.59099],[10.51576,63.95978],[12.08225,65.1555],[12.15967,65.17896],[12.22656,65.14536],[12.30654,65.08599],[12.5084,65.09941],[12.73838,65.2144],[12.91553,65.33926],[12.81982,65.31748],[12.71533,65.26636],[12.51172,65.19531],[12.41758,65.18408],[12.36387,65.19331],[12.33398,65.24072],[12.26338,65.2561],[12.20025,65.24557],[12.24757,65.28168],[13.00747,65.94875],[13.03311,65.95625],[13.02553,65.96461],[13.25323,66.1645],[13.38711,66.18276],[13.67441,66.17998],[13.75967,66.22105],[13.91582,66.24736],[14.03418,66.29756],[13.97315,66.31973],[13.68135,66.27358],[13.49893,66.2519],[13.41641,66.25259],[13.35205,66.23672],[13.335,66.23628],[14.10621,66.91328],[14.42429,67.14862],[14.47266,67.14268],[14.60068,67.17388],[14.77559,67.19448],[15.41572,67.20244],[15.43477,67.24668],[15.3001,67.25693],[14.82441,67.26831],[14.58488,67.26744],[14.99426,67.57034],[15.12051,67.55503],[15.28916,67.48315],[15.40938,67.47417],[15.46533,67.45093],[15.55293,67.35176],[15.59443,67.34854],[15.57568,67.44385],[15.6915,67.52139],[15.66133,67.54282],[15.48731,67.5148],[15.354,67.54394],[15.24873,67.60215],[15.21865,67.65537],[15.28408,67.70796],[15.3458,67.73442],[15.31534,67.75686],[16.08115,68.14898],[16.1208,68.02734],[16.26074,67.88657],[16.3123,67.88145],[16.25859,68.00122],[16.30869,68.03565],[16.37217,68.06182],[16.39199,68.0916],[16.31924,68.10176],[16.25977,68.14453],[16.21455,68.21729],[16.33912,68.28107],[16.64901,68.40004],[16.86494,68.35527],[16.95137,68.35469],[17.09404,68.36841],[17.33613,68.41035],[17.47852,68.42632],[17.55283,68.42627],[17.57119,68.44746],[17.50234,68.46108],[17.48018,68.47432],[17.42617,68.48193],[17.20234,68.45928],[16.81503,68.46378],[17.84596,68.85957],[19.64143,69.42753],[19.6415,69.42402],[19.64828,69.4297],[20.33543,69.64706],[20.33818,69.61665],[20.27715,69.53584],[20.04375,69.35566],[20.05449,69.33267],[20.10723,69.34121],[20.19766,69.37095],[20.48672,69.54209],[20.73945,69.52051],[20.74258,69.53452],[20.66152,69.58472],[20.5625,69.63281],[20.53272,69.69233],[20.53419,69.70994],[20.77894,69.78736],[21.56418,69.95048],[21.59023,69.93804],[21.77959,69.88745],[21.93174,69.8147],[21.97471,69.83457],[21.89258,70.00425],[21.87873,70.01378],[22.86134,70.06287],[23.1468,70.04588],[23.17695,70.02905],[23.25791,69.99331],[23.35391,69.9834],[23.4002,70.01978],[23.37441,70.03233],[23.84669,70.00422],[24.44569,69.87183],[24.28212,69.70039],[21.13282,68.74885],[21.03414,68.70847],[19.65296,68.14338],[18.15333,67.32069],[17.19602,66.63377],[16.8246,66.36726],[12.87526,62.99634],[11.71864,62.12672],[10.10585,61.0854],[9.42951,60.71476],[9.3849,60.69031],[8.79005,60.1858],[8.12682,59.31888],[7.7411,58.8147],[7.26698,58.51874]]]}},{"type":"Feature","id":"physical-eu-range-c4eb69a44d54","properties":{"id":"physical-eu-range-c4eb69a44d54","slug":"montes-carpatos","name":"montes Cárpatos","localName":"montes Cárpatos","aliases":[],"kind":"range","sourceId":"natural-earth","territoryIds":[],"bbox":[17.48341,44.60352,27.20204,50.06721],"center":[22.342725,47.335365]},"geometry":{"type":"Polygon","coordinates":[[[20.74589,49.9397],[20.98902,49.93738],[21.69642,49.98786],[22.17518,49.94099],[22.57313,49.83686],[22.95814,49.67866],[23.68934,49.2873],[24.4336,48.80677],[24.818,48.59748],[25.22706,48.47394],[25.39125,48.43769],[25.54078,48.38489],[25.83644,48.25031],[26.03395,48.14124],[26.21058,48.00788],[26.37269,47.85145],[26.52723,47.67329],[26.72926,47.40241],[26.90895,47.10963],[27.05494,46.80067],[27.15589,46.48121],[27.20204,46.10334],[27.15333,45.74555],[26.99122,45.43983],[26.69679,45.2179],[26.57585,45.17629],[26.36329,45.10316],[26.00904,45.04365],[25.6482,45.02509],[25.47006,45.02547],[25.04811,45.02637],[23.87721,44.86292],[23.66554,44.8213],[23.42786,44.7507],[23.08998,44.65034],[22.73891,44.6047],[22.72987,44.60352],[22.36866,44.61652],[22.27668,44.63521],[22.00428,44.69056],[21.92908,44.73232],[21.76978,44.82077],[21.72377,44.84632],[21.60365,45.08137],[21.58381,45.32088],[21.57923,45.37604],[21.58546,45.71058],[21.63514,46.04438],[21.75221,46.39973],[21.99574,46.99262],[22.12953,47.20539],[22.35463,47.40607],[22.63746,47.57313],[23.18507,47.76777],[23.31276,47.8675],[23.3589,47.99128],[23.3545,48.14631],[23.25111,48.32459],[23.00843,48.49567],[22.66944,48.63306],[22.27772,48.7104],[21.96559,48.70832],[21.78102,48.63666],[21.45729,48.35145],[21.25087,48.232],[21.0243,48.15388],[20.78785,48.10401],[20.56959,48.07195],[20.55226,48.0694],[20.53695,48.06607],[20.20045,47.99276],[20.11392,47.97391],[20.09083,47.96888],[20.07697,47.96762],[19.8545,47.94733],[19.6371,47.9997],[19.3921,48.15107],[19.27418,48.21284],[19.12562,48.25458],[18.60096,48.32691],[18.3495,48.39228],[18.11219,48.5138],[17.72975,48.76484],[17.55348,48.93323],[17.48341,49.12055],[17.59401,49.5456],[17.86793,49.79041],[18.27662,49.92457],[18.5161,49.96802],[18.7909,50.01789],[19.3097,50.06721],[19.76832,50.0467],[20.61122,49.94099],[20.74589,49.9397]]]}},{"type":"Feature","id":"physical-eu-range-9a57e97f7eae","properties":{"id":"physical-eu-range-9a57e97f7eae","slug":"apeninos-ligures","name":"Apeninos ligures","localName":"Apeninos ligures","aliases":[],"kind":"range","sourceId":"natural-earth","territoryIds":[],"bbox":[8.94032,39.90052,16.19715,45.06971],"center":[12.568735,42.485115]},"geometry":{"type":"Polygon","coordinates":[[[16.03492,39.91144],[15.98439,39.90052],[15.93885,39.90711],[15.8982,39.92304],[15.75665,40.0067],[15.73915,40.01704],[15.53224,40.18555],[15.40419,40.26862],[15.36695,40.30384],[15.04359,40.68775],[14.86439,40.86713],[14.66212,41.01166],[14.44825,41.11542],[14.19081,41.21674],[13.93104,41.29816],[13.5149,41.39118],[13.31276,41.49451],[13.11061,41.64747],[12.9159,41.8451],[12.83558,41.95356],[12.76869,42.07215],[12.71217,42.19648],[12.66322,42.32227],[12.62233,42.46003],[12.5569,42.74427],[12.50929,42.87727],[12.48793,42.91407],[12.23121,43.2104],[12.11708,43.36018],[12.0558,43.42768],[11.97877,43.4867],[11.41029,43.81818],[11.20216,43.91706],[10.98487,43.98762],[10.38575,44.05976],[9.9922,44.16682],[9.52044,44.33531],[9.344,44.39832],[9.14332,44.50837],[9.00502,44.65754],[8.99176,44.68932],[8.94032,44.81269],[8.96034,44.94074],[9.18531,45.06971],[9.50941,45.02009],[12.33375,44.0279],[12.85865,43.75031],[13.23829,43.42432],[13.49647,43.06611],[13.65675,42.69178],[13.83888,42.37177],[14.11146,42.14606],[14.42128,41.98481],[14.7151,41.85834],[15.03749,41.6551],[15.41944,41.33411],[15.78663,40.97095],[16.06446,40.64124],[16.11341,40.57429],[16.15602,40.50837],[16.18592,40.43806],[16.19715,40.35822],[16.19606,40.27381],[16.18934,40.18928],[16.17164,40.10712],[16.14761,40.05261],[16.13758,40.02985],[16.10829,39.98286],[16.07508,39.94117],[16.03492,39.91144]]]}},{"type":"Feature","id":"physical-eu-range-96990890b80f","properties":{"id":"physical-eu-range-96990890b80f","slug":"pirineos","name":"Pirineos","localName":"Pirineos","aliases":[],"kind":"range","sourceId":"natural-earth","territoryIds":[],"bbox":[-2.28618,41.95502,3.18031,43.47468],"center":[0.44706500000000005,42.71485]},"geometry":{"type":"Polygon","coordinates":[[[-0.00859,43.30793],[2.01393,42.95502],[2.33326,42.87208],[2.62403,42.85181],[2.84889,42.79371],[3.02052,42.67292],[3.12574,42.49696],[3.15162,42.27363],[3.15297,42.23469],[3.15866,42.21098],[3.15039,42.16245],[3.1752,42.13599],[3.18002,42.13356],[3.18031,42.13239],[3.17384,42.06293],[3.13575,42.00794],[3.0774,41.97083],[3.01014,41.95502],[2.86525,41.95527],[1.31263,42.14478],[1.08107,42.19288],[0.86171,42.26502],[0.44691,42.36945],[-1.16301,42.62751],[-1.35473,42.6905],[-1.54265,42.76777],[-1.72539,42.85688],[-1.90142,42.95557],[-1.94567,42.98409],[-2.06224,43.05921],[-2.13817,43.11793],[-2.23442,43.20924],[-2.26281,43.24165],[-2.27829,43.26838],[-2.28338,43.27717],[-2.28618,43.313],[-2.28543,43.31538],[-2.28411,43.31953],[-2.28154,43.32532],[-2.28138,43.32561],[-2.19668,43.32192],[-1.99131,43.34507],[-1.82852,43.40083],[-1.79404,43.40732],[-1.63144,43.43804],[-1.61337,43.45354],[-1.58831,43.4596],[-1.4815,43.47468],[-1.39122,43.47285],[-1.12767,43.41437],[-0.00859,43.30793]]]}},{"type":"Feature","id":"physical-eu-range-4140a7807245","properties":{"id":"physical-eu-range-4140a7807245","slug":"meseta-central-rusa","name":"Meseta central rusa","localName":"Meseta central rusa","aliases":[],"kind":"range","sourceId":"natural-earth","territoryIds":[],"bbox":[33.86305,49.78046,39.73243,54.97614],"center":[36.797740000000005,52.378299999999996]},"geometry":{"type":"Polygon","coordinates":[[[37.32106,49.79316],[37.1869,49.78046],[36.48524,49.81007],[35.66774,49.95588],[35.41319,50.04227],[35.1034,50.14741],[34.60682,50.4809],[34.20094,50.92219],[33.9087,51.43714],[33.86915,51.59223],[33.86305,51.75764],[33.8838,52.08491],[33.90577,52.26881],[33.95216,52.45026],[34.17396,53.13581],[34.55372,53.91431],[34.83668,54.29279],[35.20326,54.57075],[35.62403,54.76417],[36.06959,54.88898],[36.40504,54.9463],[36.76368,54.97614],[37.12184,54.96748],[37.45546,54.90943],[37.77223,54.80207],[38.0829,54.66218],[38.3827,54.49995],[38.81886,54.22968],[38.94728,54.13575],[39.05372,54.0207],[39.26673,53.61866],[39.57057,53.15498],[39.67189,52.89893],[39.72792,52.534],[39.73243,52.16578],[39.65211,51.43024],[39.61195,51.21406],[39.59927,51.16549],[39.44642,50.57978],[39.38624,50.41657],[39.30299,50.33118],[39.17994,50.28559],[37.32106,49.79316]]]}},{"type":"Feature","id":"physical-eu-range-fa8d71120a5d","properties":{"id":"physical-eu-range-fa8d71120a5d","slug":"anti-atlas","name":"Anti-Atlas","localName":"Anti-Atlas","aliases":[],"kind":"range","sourceId":"natural-earth","territoryIds":[],"bbox":[-10.83043,28.39979,-4.31292,31.69825],"center":[-7.571675,30.04902]},"geometry":{"type":"Polygon","coordinates":[[[-9.57811,28.56733],[-10.43358,28.39979],[-10.61004,28.40858],[-10.83043,28.59382],[-10.60119,28.96424],[-10.58894,28.97424],[-10.54304,29.01175],[-9.87798,29.55512],[-9.1989,30.14606],[-8.58153,30.52528],[-8.25524,30.71931],[-7.68193,30.93098],[-7.24981,31.08973],[-6.5266,31.19556],[-5.94451,31.31904],[-5.55651,31.44251],[-5.1596,31.60126],[-4.61278,31.69825],[-4.31292,31.53071],[-4.54223,31.30146],[-4.91265,30.86042],[-5.21251,30.42829],[-5.41533,30.1637],[-6.15618,30.01374],[-6.62359,30.01374],[-6.94994,29.91669],[-7.58495,29.76679],[-8.11412,29.51105],[-8.27282,29.16706],[-8.63445,29.0348],[-9.15478,28.7967],[-9.57811,28.56733]]]}},{"type":"Feature","id":"physical-eu-range-1559185c9e86","properties":{"id":"physical-eu-range-1559185c9e86","slug":"caucaso-menor","name":"Cáucaso Menor","localName":"Cáucaso Menor","aliases":[],"kind":"range","sourceId":"natural-earth","territoryIds":[],"bbox":[41.88368,39.02644,47.22255,42.24628],"center":[44.553115,40.636359999999996]},"geometry":{"type":"Polygon","coordinates":[[[45.28639,41.34821],[45.5923,41.20332],[46.44007,40.693],[46.54603,40.60767],[46.69886,40.4173],[46.7892,40.32502],[47.00477,40.14838],[47.11549,40.03815],[47.18275,39.93159],[47.1902,39.87507],[47.17494,39.67109],[47.18629,39.56367],[47.20814,39.44526],[47.22255,39.32941],[47.21156,39.22956],[47.14381,39.12763],[47.04274,39.07789],[46.92457,39.06007],[46.80494,39.05378],[46.57057,39.0268],[46.45582,39.02644],[46.33265,39.05378],[46.1587,39.13105],[45.99195,39.2295],[45.67335,39.44318],[45.32411,39.6413],[45.21608,39.71833],[45.13331,39.80524],[45.06678,39.90528],[44.87062,40.25068],[44.7787,40.36805],[44.66529,40.44837],[44.51539,40.47858],[44.4557,40.47443],[44.39308,40.46674],[44.32985,40.46345],[44.26796,40.47236],[44.22059,40.49519],[44.1443,40.53913],[44.0702,40.58717],[44.02967,40.62226],[43.99794,40.73615],[43.99427,40.85944],[43.97511,40.9762],[43.89711,41.07014],[43.83644,41.09315],[43.76661,41.09986],[43.62611,41.09894],[43.33033,41.12226],[43.23097,41.11933],[43.01966,41.141],[42.71591,41.2539],[42.61061,41.29304],[42.39479,41.32917],[42.23292,41.31702],[42.14576,41.31519],[42.07643,41.32783],[42.0267,41.36594],[41.99999,41.38641],[41.94654,41.42738],[41.88368,41.57148],[41.88368,41.73188],[41.88942,41.74633],[41.94276,41.88056],[42.02272,41.9737],[42.1288,42.04945],[42.25892,42.10572],[42.41114,42.14051],[42.48561,42.14637],[42.63673,42.14838],[42.71046,42.15693],[42.96424,42.23005],[43.04762,42.24628],[43.19838,42.24573],[43.34425,42.21668],[43.61061,42.12196],[43.76307,42.08063],[44.22584,42.04877],[44.36805,42.00074],[44.48658,41.90839],[44.58473,41.78889],[44.6659,41.65943],[44.78651,41.52039],[44.93129,41.45161],[45.09852,41.40882],[45.28639,41.34821]]]}},{"type":"Feature","id":"physical-eu-range-2a79fb6f4f9b","properties":{"id":"physical-eu-range-2a79fb6f4f9b","slug":"montes-ponticos","name":"Montes Pónticos","localName":"Montes Pónticos","aliases":[],"kind":"range","sourceId":"natural-earth","territoryIds":[],"bbox":[34.05128,40.14326,42.02674,41.91987],"center":[38.03901,41.031565]},"geometry":{"type":"Polygon","coordinates":[[[35.65297,41.62641],[35.71278,41.6399],[35.81361,41.6894],[35.85035,41.68708],[35.90821,41.65144],[35.94129,41.6211],[35.99464,41.55164],[36.02296,41.51874],[36.14906,41.40412],[36.27491,41.32233],[36.34084,41.29991],[36.38221,41.28583],[36.40537,41.27461],[36.50967,41.2625],[36.51333,41.26553],[36.51943,41.26501],[36.59449,41.25855],[36.85389,41.25367],[36.98219,41.2328],[37.0331,41.21346],[37.04674,41.20829],[37.06621,41.18442],[37.13464,41.17123],[37.16664,41.15565],[37.18662,41.14826],[37.22462,41.13422],[37.35365,41.10065],[37.41871,41.08759],[37.42207,41.08721],[37.61525,41.06538],[37.61755,41.06485],[37.68641,41.04914],[37.83729,40.99879],[37.89424,40.98522],[37.89834,40.98425],[37.91468,40.98035],[37.9911,40.97315],[38.0525,40.97346],[38.08224,40.97361],[38.38106,40.92451],[38.55693,40.93652],[38.6829,40.97115],[38.73266,40.96714],[38.88002,40.95527],[38.94679,40.96278],[39.07582,41.0152],[39.14698,41.03693],[39.23585,41.05122],[39.26449,41.05261],[39.27989,41.05336],[39.44166,41.06123],[39.54432,41.05769],[39.54483,41.05764],[39.58991,41.05333],[39.80791,40.98252],[39.91113,40.96646],[40.0002,40.97715],[40.12842,40.94302],[40.26523,40.96133],[40.32735,40.98282],[40.39845,40.97602],[40.4579,40.97639],[40.50477,40.98701],[40.54762,41.00629],[40.59535,41.03278],[40.70436,41.08131],[40.81874,41.11274],[41.17396,41.16547],[41.29066,41.19453],[41.39894,41.24213],[41.49086,41.31513],[41.50302,41.3315],[41.54017,41.38148],[41.62611,41.53614],[41.6714,41.60602],[41.71803,41.66718],[41.74391,41.69715],[41.77174,41.72346],[41.80543,41.74555],[41.84181,41.75599],[41.88087,41.75117],[41.88942,41.74633],[41.92298,41.72736],[41.9673,41.67329],[42.0038,41.59614],[42.02589,41.51435],[42.02674,41.44636],[41.99999,41.38641],[41.98977,41.36351],[41.90199,41.16682],[41.5785,40.80054],[41.00196,40.44868],[40.11818,40.21253],[39.08741,40.14326],[38.13588,40.19977],[37.30787,40.34455],[35.59291,40.89649],[35.05665,41.02058],[34.46241,41.10175],[34.26271,41.14466],[34.11195,41.23615],[34.05128,41.37763],[34.12184,41.57044],[34.30922,41.76685],[34.53492,41.8805],[34.78822,41.91987],[35.05824,41.8935],[35.12672,41.87226],[35.13318,41.86906],[35.14895,41.86127],[35.20918,41.79439],[35.29775,41.72852],[35.55801,41.63403],[35.57987,41.63885],[35.59678,41.63227],[35.59852,41.6316],[35.65297,41.62641]]]}},{"type":"Feature","id":"physical-eu-range-e1d721772d8e","properties":{"id":"physical-eu-range-e1d721772d8e","slug":"montes-balcanes","name":"Montes Balcanes","localName":"Montes Balcanes","aliases":[],"kind":"range","sourceId":"natural-earth","territoryIds":[],"bbox":[22.3274,42.50599,27.43092,43.81354],"center":[24.87916,43.159765]},"geometry":{"type":"Polygon","coordinates":[[[23.58522,43.50587],[25.22206,43.3725],[25.68751,43.40333],[26.05445,43.46583],[26.43104,43.49946],[26.76918,43.50428],[27.02076,43.48023],[27.19667,43.44898],[27.33168,43.40327],[27.41371,43.29993],[27.43092,43.09565],[27.30079,42.91059],[26.89076,42.69257],[26.14198,42.52869],[24.99537,42.50599],[23.83168,42.62641],[23.29713,42.73865],[22.91871,42.89057],[22.65431,43.13209],[22.438,43.43854],[22.3274,43.70173],[22.38026,43.81354],[22.59742,43.76905],[23.25282,43.56477],[23.58522,43.50587]]]}},{"type":"Feature","id":"physical-eu-range-0c4cf198c923","properties":{"id":"physical-eu-range-0c4cf198c923","slug":"alpes-dinaricos","name":"Alpes Dináricos","localName":"Alpes Dináricos","aliases":[],"kind":"range","sourceId":"natural-earth","territoryIds":[],"bbox":[13.59571,41.80291,21.64381,46.22004],"center":[17.61976,44.011475]},"geometry":{"type":"MultiPolygon","coordinates":[[[[16.56422,45.16395],[17.14369,45.04865],[19.50758,44.76319],[19.69508,44.71686],[19.92851,44.64258],[19.94993,44.63577],[20.06105,44.60041],[20.55409,44.48041],[20.71229,44.42145],[20.78236,44.383],[20.8401,44.33887],[20.891,44.2876],[20.99061,44.17219],[21.04396,44.12842],[21.16359,44.04621],[21.27223,43.94532],[21.37672,43.81129],[21.46827,43.66608],[21.5381,43.53144],[21.58924,43.40137],[21.6305,43.24537],[21.64381,43.08765],[21.6111,42.95258],[21.55384,42.87849],[21.47242,42.80555],[21.22328,42.61628],[21.1736,42.59058],[21.12782,42.58436],[21.04664,42.61896],[20.891,42.73426],[20.79957,42.76838],[20.65553,42.76728],[20.53968,42.72492],[19.98609,42.32178],[19.87965,42.22382],[19.81166,42.17091],[19.73085,42.12348],[19.65589,42.07099],[19.6056,42.003],[19.5973,41.95924],[19.60279,41.91981],[19.61231,41.88471],[19.61647,41.85419],[19.61244,41.83863],[19.60133,41.82471],[19.59198,41.81902],[19.58131,41.81251],[19.55301,41.80291],[19.46826,41.85615],[19.34238,41.86909],[19.18643,41.94863],[19.12227,42.0605],[19.03285,42.1346],[19.03036,42.14107],[18.99562,42.23127],[18.85402,42.32465],[18.62964,42.41667],[18.6334,42.42315],[18.6459,42.44273],[18.5916,42.44419],[18.5771,42.43822],[18.55592,42.44691],[18.54453,42.45278],[18.24989,42.6048],[18.22253,42.61665],[18.20918,42.62243],[18.04735,42.69249],[18.03536,42.69768],[17.98009,42.72161],[17.82383,42.79741],[17.79328,42.8025],[17.78528,42.80596],[17.77301,42.81127],[17.68092,42.85114],[17.58481,42.89896],[17.72363,42.85068],[17.66758,42.89712],[17.58516,42.93838],[17.53731,42.96226],[17.32988,43.11489],[17.12939,43.21113],[16.90313,43.39243],[16.60029,43.46406],[16.39394,43.54336],[16.26894,43.53125],[16.13106,43.5063],[16.07551,43.50579],[16.0254,43.52387],[15.94562,43.5866],[15.94912,43.60698],[15.9415,43.65664],[15.82061,43.73594],[15.67522,43.80235],[15.66211,43.81432],[15.63576,43.83836],[15.46839,43.9911],[15.41005,44.05152],[15.37806,44.11414],[15.36769,44.18677],[15.37403,44.27741],[15.37254,44.28816],[15.37246,44.28879],[15.471,44.27197],[15.38135,44.32827],[15.36593,44.33591],[15.36048,44.37519],[15.30043,44.43623],[15.11549,44.52497],[15.10398,44.53287],[15.01551,44.59357],[14.91993,44.68568],[14.89398,44.72042],[14.88525,44.81826],[14.90654,44.97139],[14.85459,45.08101],[14.63203,45.2229],[14.55049,45.29771],[14.38613,45.34214],[14.35876,45.34052],[14.32887,45.35078],[14.32214,45.35113],[14.2798,45.35334],[14.17897,45.34638],[14.12989,45.34949],[14.08583,45.36231],[14.04176,45.383],[13.95716,45.43171],[13.85402,45.51044],[13.78785,45.59687],[13.77835,45.61301],[13.77355,45.62116],[13.7833,45.62725],[13.75392,45.65449],[13.75365,45.65494],[13.7339,45.68848],[13.71816,45.71077],[13.66725,45.78284],[13.60187,45.97597],[13.59571,45.99415],[13.71937,46.14533],[13.9391,46.22004],[14.15565,46.20197],[14.45409,46.0983],[14.98866,45.9126],[15.20411,45.82185],[15.98707,45.40089],[16.56422,45.16395]]],[[[16.77391,43.3589],[16.83438,43.35083],[16.89131,43.31465],[16.87785,43.30194],[16.77391,43.3589]]],[[[14.77589,45.00056],[14.77094,45.02595],[14.81025,44.97705],[14.77886,44.97159],[14.77589,45.00056]]]]}},{"type":"Feature","id":"physical-eu-range-1eed7d6cbe5e","properties":{"id":"physical-eu-range-1eed7d6cbe5e","slug":"cordillera-cantabrica","name":"Cordillera Cantábrica","localName":"Cordillera Cantábrica","aliases":[],"kind":"range","sourceId":"natural-earth","territoryIds":[],"bbox":[-7.41155,42.68159,-1.90758,43.42799],"center":[-4.659565,43.05479]},"geometry":{"type":"Polygon","coordinates":[[[-3.07604,43.26282],[-2.88012,43.25629],[-2.27829,43.26838],[-2.1918,43.27012],[-2.15697,43.27082],[-2.00792,43.23676],[-1.96994,43.1982],[-1.90758,43.13489],[-1.94567,42.98409],[-1.97442,42.87031],[-2.359,42.77235],[-5.5139,42.79804],[-6.40136,42.68159],[-6.69152,42.68635],[-6.98815,42.7367],[-7.0681,42.75977],[-7.15685,42.79175],[-7.24498,42.83265],[-7.32286,42.88233],[-7.38305,42.94318],[-7.41155,43.01343],[-7.39788,43.09302],[-7.33135,43.18183],[-7.15264,43.29932],[-6.9478,43.3567],[-5.666,43.42799],[-3.47033,43.33411],[-3.26464,43.28583],[-3.07604,43.26282]]]}},{"type":"Feature","id":"physical-eu-range-246743586a68","properties":{"id":"physical-eu-range-246743586a68","slug":"sierra-nevada","name":"Sierra Nevada","localName":"Sierra Nevada","aliases":[],"kind":"range","sourceId":"natural-earth","territoryIds":[],"bbox":[-4.71367,36.83124,-1.97094,37.92023],"center":[-3.3423049999999996,37.375735]},"geometry":{"type":"Polygon","coordinates":[[[-2.94207,36.84077],[-3.18401,36.83124],[-3.78942,36.8642],[-4.37462,36.93708],[-4.45568,36.95191],[-4.54009,36.97663],[-4.61766,37.01258],[-4.67809,37.06135],[-4.7025,37.09901],[-4.71367,37.14265],[-4.7091,37.19263],[-4.68615,37.24934],[-4.53014,37.43452],[-4.32128,37.56757],[-3.8676,37.76423],[-3.66332,37.83137],[-3.40014,37.88392],[-3.13482,37.9156],[-2.92406,37.92023],[-2.75695,37.89759],[-2.25011,37.7743],[-2.11913,37.7309],[-2.02141,37.65778],[-1.97094,37.55122],[-1.98168,37.40717],[-2.03344,37.20173],[-2.07769,37.10425],[-2.15221,37.02247],[-2.27385,36.9632],[-2.41857,36.9314],[-2.70763,36.88416],[-2.8272,36.85682],[-2.94207,36.84077]]]}},{"type":"Feature","id":"physical-eu-range-012648a7f962","properties":{"id":"physical-eu-range-012648a7f962","slug":"sierra-morena","name":"Sierra Morena","localName":"Sierra Morena","aliases":[],"kind":"range","sourceId":"natural-earth","territoryIds":[],"bbox":[-7.21026,37.36024,-2.49309,38.83655],"center":[-4.851675,38.098395]},"geometry":{"type":"Polygon","coordinates":[[[-2.90776,38.73383],[-2.83745,38.73011],[-2.74572,38.73273],[-2.69921,38.73127],[-2.65569,38.72358],[-2.57824,38.69404],[-2.52752,38.65418],[-2.50023,38.59736],[-2.49309,38.51655],[-2.50304,38.43061],[-2.5313,38.36457],[-2.58074,38.31275],[-2.65422,38.26984],[-2.74938,38.22242],[-2.79747,38.20429],[-2.84978,38.19514],[-3.07134,38.1786],[-3.14531,38.16584],[-3.35375,38.102],[-3.46056,38.0835],[-3.56139,38.10047],[-3.6643,38.13141],[-4.096,38.16706],[-4.20855,38.16328],[-4.31987,38.14674],[-4.5346,38.09431],[-4.56652,38.08222],[-4.60436,38.05488],[-4.66887,37.98536],[-4.70653,37.95722],[-4.76928,37.93323],[-4.838,37.91993],[-4.97509,37.90577],[-5.0371,37.89326],[-5.76226,37.66755],[-6.12169,37.60175],[-6.2965,37.55878],[-6.60588,37.41712],[-6.75963,37.37501],[-6.91814,37.36024],[-7.0736,37.3755],[-7.13347,37.39155],[-7.17925,37.41663],[-7.20635,37.45667],[-7.21026,37.51752],[-7.19078,37.59241],[-7.15722,37.65241],[-7.06981,37.76643],[-7.01445,37.8628],[-6.98394,37.90619],[-6.94109,37.94251],[-6.78057,38.03504],[-6.61113,38.1186],[-6.43615,38.18885],[-6.21807,38.25544],[-6.14299,38.29426],[-6.1035,38.31196],[-5.84972,38.40046],[-5.77831,38.41474],[-5.70592,38.42127],[-5.63781,38.41804],[-5.49657,38.39356],[-5.42699,38.39228],[-5.35497,38.41108],[-5.2611,38.46906],[-5.0913,38.61555],[-4.99535,38.66773],[-4.87389,38.69929],[-4.14959,38.79517],[-4.03972,38.8205],[-3.9226,38.83655],[-3.8037,38.82966],[-3.56725,38.79645],[-3.22838,38.77778],[-2.90776,38.73383]]]}},{"type":"Feature","id":"physical-eu-coast-c717cea15304","properties":{"id":"physical-eu-coast-c717cea15304","slug":"dalmacia","name":"Dalmacia","localName":"Dalmacia","aliases":[],"kind":"coast","sourceId":"natural-earth","territoryIds":[],"bbox":[14.66035,42.70034,17.77565,44.84815],"center":[16.218,43.77424499999999]},"geometry":{"type":"MultiPolygon","coordinates":[[[[14.7569,44.83822],[14.76377,44.82139],[14.79859,44.78925],[14.84581,44.73381],[14.85664,44.71484],[14.7625,44.75464],[14.67822,44.76987],[14.66035,44.79981],[14.67246,44.82437],[14.69053,44.84815],[14.75114,44.84498],[14.7569,44.83822]]],[[[15.09596,44.53504],[15.10398,44.53287],[15.63514,44.38886],[15.89674,44.33454],[16.03712,44.28614],[16.18287,44.21863],[16.64161,43.93354],[16.89808,43.73676],[17.47731,43.19685],[17.64894,43.01423],[17.74183,42.88044],[17.77301,42.81127],[17.77565,42.80543],[17.58496,42.83716],[17.2582,42.96846],[17.04541,43.01489],[17.12647,43.02559],[17.21982,43.02588],[17.72363,42.85068],[17.66758,42.89712],[17.58516,42.93838],[17.53731,42.96226],[17.32988,43.11489],[17.12939,43.21113],[16.90313,43.39243],[16.60029,43.46406],[16.39394,43.54336],[16.26894,43.53125],[16.13106,43.5063],[16.046,43.50552],[15.98555,43.51978],[15.94258,43.56895],[15.94912,43.60698],[15.9415,43.65664],[15.82061,43.73594],[15.65566,43.81128],[15.49941,43.90879],[15.18584,44.17212],[15.12295,44.25679],[15.18467,44.2729],[15.23135,44.27144],[15.28428,44.28882],[15.36973,44.28926],[15.471,44.27197],[15.38135,44.32827],[15.26982,44.3835],[15.00911,44.58181],[15.09596,44.53504]]],[[[17.60781,42.76904],[17.74424,42.70034],[17.34414,42.79038],[17.38955,42.79863],[17.43193,42.80039],[17.60781,42.76904]]],[[[16.85068,42.89551],[16.73887,42.91274],[16.69639,42.93369],[16.66631,42.95991],[16.65068,42.99658],[16.83555,42.96865],[16.97109,42.98149],[17.09365,42.96436],[17.16982,42.93262],[17.18828,42.91704],[17.08936,42.91489],[16.97754,42.92778],[16.85068,42.89551]]],[[[16.65596,43.21377],[16.69727,43.17495],[17.06113,43.1439],[17.19404,43.12578],[17.12412,43.11543],[16.6792,43.12315],[16.54981,43.1439],[16.40586,43.19736],[16.37647,43.21377],[16.52139,43.22925],[16.65596,43.21377]]],[[[16.60156,43.38189],[16.83438,43.35083],[16.89131,43.31465],[16.87363,43.29795],[16.78525,43.27065],[16.62744,43.26807],[16.49033,43.28618],[16.42315,43.31724],[16.42813,43.34341],[16.44893,43.38706],[16.60156,43.38189]]],[[[15.20166,43.89775],[15.14981,43.91182],[15.13584,43.90728],[14.89131,44.12554],[14.86504,44.16797],[14.95254,44.11719],[15.18877,43.92236],[15.20303,43.90772],[15.20166,43.89775]]],[[[15.12188,44.09331],[15.07461,44.13784],[15.06582,44.15767],[15.23106,44.06231],[15.24668,44.02705],[15.12188,44.09331]]],[[[15.37422,43.9148],[15.30859,43.96079],[15.27002,44.01074],[15.37139,43.97383],[15.43721,43.89951],[15.37422,43.9148]]],[[[14.80381,44.64868],[14.85537,44.61826],[14.89805,44.61084],[15.00645,44.53423],[15.11299,44.43574],[15.23994,44.3502],[15.21357,44.34756],[15.18848,44.33574],[15.1626,44.30918],[15.09795,44.35815],[15.03857,44.39302],[14.99609,44.43433],[14.91279,44.48584],[14.88467,44.54473],[14.76045,44.66475],[14.7419,44.69736],[14.80381,44.64868]]]]}},{"type":"Feature","id":"physical-eu-peak-1159105953","properties":{"id":"physical-eu-peak-1159105953","slug":"monte-elbrus","name":"Monte Elbrus","localName":"Gora Elbrus","aliases":[],"kind":"peak","sourceId":"natural-earth","territoryIds":[],"elevationM":5642,"bbox":[42.4392,43.35517,42.4392,43.35517],"center":[42.4392,43.35517]},"geometry":{"type":"Point","coordinates":[42.4392,43.35517]}},{"type":"Feature","id":"physical-eu-peak-1159105949","properties":{"id":"physical-eu-peak-1159105949","slug":"mont-blanc","name":"Mont Blanc","localName":"Mont Blanc","aliases":[],"kind":"peak","sourceId":"natural-earth","territoryIds":[],"elevationM":4807,"bbox":[6.86504,45.83368,6.86504,45.83368],"center":[6.86504,45.83368]},"geometry":{"type":"Point","coordinates":[6.86504,45.83368]}},{"type":"Feature","id":"physical-eu-peak-1159105269","properties":{"id":"physical-eu-peak-1159105269","slug":"monte-tubqal","name":"Monte Tubqal","localName":"Jebel Toubkal","aliases":[],"kind":"peak","sourceId":"natural-earth","territoryIds":[],"elevationM":4165,"bbox":[-7.91613,31.06208,-7.91613,31.06208],"center":[-7.91613,31.06208]},"geometry":{"type":"Point","coordinates":[-7.91613,31.06208]}}]}
