{"type":"FeatureCollection","features":[{"type":"Feature","id":"physical-as-peak-names-030422-165","properties":{"id":"physical-as-peak-names-030422-165","slug":"torre","name":"Torre","localName":"Torre","aliases":[],"kind":"peak","sourceId":"sitpa-physical","territoryIds":["es-as"],"elevationM":2240.8,"bbox":[-4.96395,43.21512,-4.96395,43.21512],"center":[-4.96395,43.21512]},"geometry":{"type":"Point","coordinates":[-4.96395,43.21512]}},{"type":"Feature","id":"physical-as-peak-names-030422-7514","properties":{"id":"physical-as-peak-names-030422-7514","slug":"pico-la-mua","name":"Pico La Múa","localName":"Pico La Múa","aliases":[],"kind":"peak","sourceId":"sitpa-physical","territoryIds":["es-as"],"elevationM":1016.5,"bbox":[-5.26761,43.41831,-5.26761,43.41831],"center":[-5.26761,43.41831]},"geometry":{"type":"Point","coordinates":[-5.26761,43.41831]}},{"type":"Feature","id":"physical-as-peak-names-030422-7515","properties":{"id":"physical-as-peak-names-030422-7515","slug":"penalichar","name":"Peñalichar","localName":"Peñalichar","aliases":[],"kind":"peak","sourceId":"sitpa-physical","territoryIds":["es-as"],"elevationM":1054.1,"bbox":[-5.2632,43.43211,-5.2632,43.43211],"center":[-5.2632,43.43211]},"geometry":{"type":"Point","coordinates":[-5.2632,43.43211]}},{"type":"Feature","id":"physical-as-peak-names-030422-7516","properties":{"id":"physical-as-peak-names-030422-7516","slug":"pico-fontaniella","name":"Pico Fontaniella","localName":"Pico Fontaniella","aliases":[],"kind":"peak","sourceId":"sitpa-physical","territoryIds":["es-as"],"elevationM":1045,"bbox":[-5.26434,43.43012,-5.26434,43.43012],"center":[-5.26434,43.43012]},"geometry":{"type":"Point","coordinates":[-5.26434,43.43012]}},{"type":"Feature","id":"physical-as-peak-names-030422-7517","properties":{"id":"physical-as-peak-names-030422-7517","slug":"pico-les-mantegues","name":"Pico Les Mantegues","localName":"Pico Les Mantegues","aliases":[],"kind":"peak","sourceId":"sitpa-physical","territoryIds":["es-as"],"elevationM":1007.2,"bbox":[-5.2601,43.43045,-5.2601,43.43045],"center":[-5.2601,43.43045]},"geometry":{"type":"Point","coordinates":[-5.2601,43.43045]}},{"type":"Feature","id":"physical-as-peak-names-030422-7518","properties":{"id":"physical-as-peak-names-030422-7518","slug":"pico-miruenu","name":"Pico Miruenu","localName":"Pico Miruenu","aliases":[],"kind":"peak","sourceId":"sitpa-physical","territoryIds":["es-as"],"elevationM":1129.1,"bbox":[-5.25663,43.4272,-5.25663,43.4272],"center":[-5.25663,43.4272]},"geometry":{"type":"Point","coordinates":[-5.25663,43.4272]}},{"type":"Feature","id":"physical-as-peak-names-030422-7519","properties":{"id":"physical-as-peak-names-030422-7519","slug":"espina-barbu","name":"Espina Barbú","localName":"Espina Barbú","aliases":[],"kind":"peak","sourceId":"sitpa-physical","territoryIds":["es-as"],"elevationM":1006.4,"bbox":[-5.26883,43.42578,-5.26883,43.42578],"center":[-5.26883,43.42578]},"geometry":{"type":"Point","coordinates":[-5.26883,43.42578]}},{"type":"Feature","id":"physical-as-peak-names-030422-7521","properties":{"id":"physical-as-peak-names-030422-7521","slug":"pico-pienzu","name":"Pico Pienzu","localName":"Pico Pienzu","aliases":[],"kind":"peak","sourceId":"sitpa-physical","territoryIds":["es-as"],"elevationM":1153,"bbox":[-5.24264,43.43152,-5.24264,43.43152],"center":[-5.24264,43.43152]},"geometry":{"type":"Point","coordinates":[-5.24264,43.43152]}},{"type":"Feature","id":"physical-as-peak-names-030422-7522","properties":{"id":"physical-as-peak-names-030422-7522","slug":"cueto-les-duernes","name":"Cueto Les Duernes","localName":"Cueto Les Duernes","aliases":[],"kind":"peak","sourceId":"sitpa-physical","territoryIds":["es-as"],"elevationM":1058.7,"bbox":[-5.23217,43.43373,-5.23217,43.43373],"center":[-5.23217,43.43373]},"geometry":{"type":"Point","coordinates":[-5.23217,43.43373]}},{"type":"Feature","id":"physical-as-peak-names-030422-9848","properties":{"id":"physical-as-peak-names-030422-9848","slug":"pena-blanca","name":"Peña Blanca","localName":"Peña Blanca","aliases":[],"kind":"peak","sourceId":"sitpa-physical","territoryIds":["es-as"],"elevationM":1156.4,"bbox":[-4.84804,43.36351,-4.84804,43.36351],"center":[-4.84804,43.36351]},"geometry":{"type":"Point","coordinates":[-4.84804,43.36351]}},{"type":"Feature","id":"physical-as-peak-names-030422-10127","properties":{"id":"physical-as-peak-names-030422-10127","slug":"cerro-turbina","name":"Cerro Turbina","localName":"Cerro Turbina","aliases":[],"kind":"peak","sourceId":"sitpa-physical","territoryIds":["es-as"],"elevationM":1305,"bbox":[-4.77069,43.35451,-4.77069,43.35451],"center":[-4.77069,43.35451]},"geometry":{"type":"Point","coordinates":[-4.77069,43.35451]}},{"type":"Feature","id":"physical-as-peak-names-030422-10243","properties":{"id":"physical-as-peak-names-030422-10243","slug":"cerru-lino","name":"Cerru Liño","localName":"Cerru Liño","aliases":[],"kind":"peak","sourceId":"sitpa-physical","territoryIds":["es-as"],"elevationM":1166.9,"bbox":[-4.70931,43.35437,-4.70931,43.35437],"center":[-4.70931,43.35437]},"geometry":{"type":"Point","coordinates":[-4.70931,43.35437]}},{"type":"Feature","id":"physical-as-peak-names-030422-11127","properties":{"id":"physical-as-peak-names-030422-11127","slug":"pico-cascorbal","name":"Pico Cascorbal","localName":"Pico Cascorbal","aliases":[],"kind":"peak","sourceId":"sitpa-physical","territoryIds":["es-as"],"elevationM":1062.4,"bbox":[-6.00015,43.21971,-6.00015,43.21971],"center":[-6.00015,43.21971]},"geometry":{"type":"Point","coordinates":[-6.00015,43.21971]}},{"type":"Feature","id":"physical-as-peak-names-030422-11128","properties":{"id":"physical-as-peak-names-030422-11128","slug":"airua","name":"Airúa","localName":"Airúa","aliases":[],"kind":"peak","sourceId":"sitpa-physical","territoryIds":["es-as"],"elevationM":1420,"bbox":[-5.98752,43.22688,-5.98752,43.22688],"center":[-5.98752,43.22688]},"geometry":{"type":"Point","coordinates":[-5.98752,43.22688]}},{"type":"Feature","id":"physical-as-peak-names-030422-11129","properties":{"id":"physical-as-peak-names-030422-11129","slug":"tresdefumos","name":"Tresdefumos","localName":"Tresdefumos","aliases":[],"kind":"peak","sourceId":"sitpa-physical","territoryIds":["es-as"],"elevationM":1347.5,"bbox":[-5.98856,43.22139,-5.98856,43.22139],"center":[-5.98856,43.22139]},"geometry":{"type":"Point","coordinates":[-5.98856,43.22139]}},{"type":"Feature","id":"physical-as-peak-names-030422-11130","properties":{"id":"physical-as-peak-names-030422-11130","slug":"cueto-mar","name":"Cueto Mar","localName":"Cueto Mar","aliases":[],"kind":"peak","sourceId":"sitpa-physical","territoryIds":["es-as"],"elevationM":1184.4,"bbox":[-6.02092,43.21787,-6.02092,43.21787],"center":[-6.02092,43.21787]},"geometry":{"type":"Point","coordinates":[-6.02092,43.21787]}},{"type":"Feature","id":"physical-as-peak-names-030422-11210","properties":{"id":"physical-as-peak-names-030422-11210","slug":"pico-el-gurrion","name":"Pico El Gurrión","localName":"Pico El Gurrión","aliases":[],"kind":"peak","sourceId":"sitpa-physical","territoryIds":["es-as"],"elevationM":1155.1,"bbox":[-6.01465,43.18529,-6.01465,43.18529],"center":[-6.01465,43.18529]},"geometry":{"type":"Point","coordinates":[-6.01465,43.18529]}},{"type":"Feature","id":"physical-as-peak-names-030422-11358","properties":{"id":"physical-as-peak-names-030422-11358","slug":"cantu-vildeu","name":"Cantu Vildéu","localName":"Cantu Vildéu","aliases":[],"kind":"peak","sourceId":"sitpa-physical","territoryIds":["es-as"],"elevationM":1120.6,"bbox":[-5.95387,43.25385,-5.95387,43.25385],"center":[-5.95387,43.25385]},"geometry":{"type":"Point","coordinates":[-5.95387,43.25385]}},{"type":"Feature","id":"physical-as-peak-names-030422-11359","properties":{"id":"physical-as-peak-names-030422-11359","slug":"pandelaforca","name":"Pandelaforca","localName":"Pandelaforca","aliases":[],"kind":"peak","sourceId":"sitpa-physical","territoryIds":["es-as"],"elevationM":1079,"bbox":[-5.94971,43.25583,-5.94971,43.25583],"center":[-5.94971,43.25583]},"geometry":{"type":"Point","coordinates":[-5.94971,43.25583]}},{"type":"Feature","id":"physical-as-peak-names-030422-11360","properties":{"id":"physical-as-peak-names-030422-11360","slug":"mostayal","name":"Mostayal","localName":"Mostayal","aliases":[],"kind":"peak","sourceId":"sitpa-physical","territoryIds":["es-as"],"elevationM":1298,"bbox":[-5.94465,43.26314,-5.94465,43.26314],"center":[-5.94465,43.26314]},"geometry":{"type":"Point","coordinates":[-5.94465,43.26314]}},{"type":"Feature","id":"physical-as-peak-names-030422-11361","properties":{"id":"physical-as-peak-names-030422-11361","slug":"pena-la-vara","name":"Peña La Vara","localName":"Peña La Vara","aliases":[],"kind":"peak","sourceId":"sitpa-physical","territoryIds":["es-as"],"elevationM":1197,"bbox":[-5.94335,43.26579,-5.94335,43.26579],"center":[-5.94335,43.26579]},"geometry":{"type":"Point","coordinates":[-5.94335,43.26579]}},{"type":"Feature","id":"physical-as-peak-names-030422-11399","properties":{"id":"physical-as-peak-names-030422-11399","slug":"langanu","name":"Langanu","localName":"Langanu","aliases":[],"kind":"peak","sourceId":"sitpa-physical","territoryIds":["es-as"],"elevationM":1405.2,"bbox":[-5.94483,43.23906,-5.94483,43.23906],"center":[-5.94483,43.23906]},"geometry":{"type":"Point","coordinates":[-5.94483,43.23906]}},{"type":"Feature","id":"physical-as-peak-names-030422-11400","properties":{"id":"physical-as-peak-names-030422-11400","slug":"calza","name":"Calza","localName":"Calza","aliases":[],"kind":"peak","sourceId":"sitpa-physical","territoryIds":["es-as"],"elevationM":1659.1,"bbox":[-5.95133,43.23592,-5.95133,43.23592],"center":[-5.95133,43.23592]},"geometry":{"type":"Point","coordinates":[-5.95133,43.23592]}},{"type":"Feature","id":"physical-as-peak-names-030422-11401","properties":{"id":"physical-as-peak-names-030422-11401","slug":"pico-monrasiello","name":"Pico Monrasiello","localName":"Pico Monrasiello","aliases":[],"kind":"peak","sourceId":"sitpa-physical","territoryIds":["es-as"],"elevationM":1665.8,"bbox":[-5.95124,43.23281,-5.95124,43.23281],"center":[-5.95124,43.23281]},"geometry":{"type":"Point","coordinates":[-5.95124,43.23281]}},{"type":"Feature","id":"physical-as-peak-names-030422-11402","properties":{"id":"physical-as-peak-names-030422-11402","slug":"el-chincho","name":"El Chincho","localName":"El Chincho","aliases":[],"kind":"peak","sourceId":"sitpa-physical","territoryIds":["es-as"],"elevationM":1474.9,"bbox":[-5.96378,43.2314,-5.96378,43.2314],"center":[-5.96378,43.2314]},"geometry":{"type":"Point","coordinates":[-5.96378,43.2314]}},{"type":"Feature","id":"physical-as-peak-names-030422-11403","properties":{"id":"physical-as-peak-names-030422-11403","slug":"cazola","name":"Cazola","localName":"Cazola","aliases":[],"kind":"peak","sourceId":"sitpa-physical","territoryIds":["es-as"],"elevationM":1475.1,"bbox":[-5.96108,43.23714,-5.96108,43.23714],"center":[-5.96108,43.23714]},"geometry":{"type":"Point","coordinates":[-5.96108,43.23714]}},{"type":"Feature","id":"physical-as-peak-names-030422-11404","properties":{"id":"physical-as-peak-names-030422-11404","slug":"airuas","name":"Airúas","localName":"Airúas","aliases":[],"kind":"peak","sourceId":"sitpa-physical","territoryIds":["es-as"],"elevationM":1020,"bbox":[-5.97577,43.24693,-5.97577,43.24693],"center":[-5.97577,43.24693]},"geometry":{"type":"Point","coordinates":[-5.97577,43.24693]}},{"type":"Feature","id":"physical-as-peak-names-030422-11405","properties":{"id":"physical-as-peak-names-030422-11405","slug":"utiai","name":"Utiai","localName":"Utiai","aliases":[],"kind":"peak","sourceId":"sitpa-physical","territoryIds":["es-as"],"elevationM":1035.4,"bbox":[-5.9751,43.2404,-5.9751,43.2404],"center":[-5.9751,43.2404]},"geometry":{"type":"Point","coordinates":[-5.9751,43.2404]}},{"type":"Feature","id":"physical-as-peak-names-030422-11428","properties":{"id":"physical-as-peak-names-030422-11428","slug":"moncuevu","name":"Moncuevu","localName":"Moncuevu","aliases":[],"kind":"peak","sourceId":"sitpa-physical","territoryIds":["es-as"],"elevationM":1712.5,"bbox":[-5.94994,43.21345,-5.94994,43.21345],"center":[-5.94994,43.21345]},"geometry":{"type":"Point","coordinates":[-5.94994,43.21345]}},{"type":"Feature","id":"physical-as-peak-names-030422-11429","properties":{"id":"physical-as-peak-names-030422-11429","slug":"cagalluneiru","name":"Cagalluneiru","localName":"Cagalluneiru","aliases":[],"kind":"peak","sourceId":"sitpa-physical","territoryIds":["es-as"],"elevationM":1529.3,"bbox":[-5.95789,43.21014,-5.95789,43.21014],"center":[-5.95789,43.21014]},"geometry":{"type":"Point","coordinates":[-5.95789,43.21014]}},{"type":"Feature","id":"physical-as-peak-names-030422-11430","properties":{"id":"physical-as-peak-names-030422-11430","slug":"morteru","name":"Morteru","localName":"Morteru","aliases":[],"kind":"peak","sourceId":"sitpa-physical","territoryIds":["es-as"],"elevationM":1515.7,"bbox":[-5.95869,43.22105,-5.95869,43.22105],"center":[-5.95869,43.22105]},"geometry":{"type":"Point","coordinates":[-5.95869,43.22105]}},{"type":"Feature","id":"physical-as-peak-names-030422-11463","properties":{"id":"physical-as-peak-names-030422-11463","slug":"vallongo","name":"Vallongo","localName":"Vallongo","aliases":[],"kind":"peak","sourceId":"sitpa-physical","territoryIds":["es-as"],"elevationM":1621.8,"bbox":[-5.94843,43.20307,-5.94843,43.20307],"center":[-5.94843,43.20307]},"geometry":{"type":"Point","coordinates":[-5.94843,43.20307]}},{"type":"Feature","id":"physical-as-peak-names-030422-11464","properties":{"id":"physical-as-peak-names-030422-11464","slug":"llampaza","name":"Llampaza","localName":"Llampaza","aliases":[],"kind":"peak","sourceId":"sitpa-physical","territoryIds":["es-as"],"elevationM":1457.5,"bbox":[-5.96482,43.1974,-5.96482,43.1974],"center":[-5.96482,43.1974]},"geometry":{"type":"Point","coordinates":[-5.96482,43.1974]}},{"type":"Feature","id":"physical-as-peak-names-030422-11465","properties":{"id":"physical-as-peak-names-030422-11465","slug":"pelitron","name":"Pelitrón","localName":"Pelitrón","aliases":[],"kind":"peak","sourceId":"sitpa-physical","territoryIds":["es-as"],"elevationM":1562.6,"bbox":[-5.9619,43.20442,-5.9619,43.20442],"center":[-5.9619,43.20442]},"geometry":{"type":"Point","coordinates":[-5.9619,43.20442]}},{"type":"Feature","id":"physical-as-peak-names-030422-11499","properties":{"id":"physical-as-peak-names-030422-11499","slug":"pico-l-cuervo","name":"Pico'l Cuervo","localName":"Pico'l Cuervo","aliases":[],"kind":"peak","sourceId":"sitpa-physical","territoryIds":["es-as"],"elevationM":1232.6,"bbox":[-5.95188,43.18546,-5.95188,43.18546],"center":[-5.95188,43.18546]},"geometry":{"type":"Point","coordinates":[-5.95188,43.18546]}},{"type":"Feature","id":"physical-as-peak-names-030422-11500","properties":{"id":"physical-as-peak-names-030422-11500","slug":"pena-del-alba","name":"Peña Del Alba","localName":"Peña Del Alba","aliases":[],"kind":"peak","sourceId":"sitpa-physical","territoryIds":["es-as"],"elevationM":1310,"bbox":[-5.96472,43.18589,-5.96472,43.18589],"center":[-5.96472,43.18589]},"geometry":{"type":"Point","coordinates":[-5.96472,43.18589]}},{"type":"Feature","id":"physical-as-peak-names-030422-11666","properties":{"id":"physical-as-peak-names-030422-11666","slug":"cuitu-rumiru","name":"Cuitu Rumiru","localName":"Cuitu Rumiru","aliases":[],"kind":"peak","sourceId":"sitpa-physical","territoryIds":["es-as"],"elevationM":1041.1,"bbox":[-5.8975,43.25969,-5.8975,43.25969],"center":[-5.8975,43.25969]},"geometry":{"type":"Point","coordinates":[-5.8975,43.25969]}},{"type":"Feature","id":"physical-as-peak-names-030422-11727","properties":{"id":"physical-as-peak-names-030422-11727","slug":"pico-los-picones","name":"Pico Los Picones","localName":"Pico Los Picones","aliases":[],"kind":"peak","sourceId":"sitpa-physical","territoryIds":["es-as"],"elevationM":1099.3,"bbox":[-5.93444,43.23926,-5.93444,43.23926],"center":[-5.93444,43.23926]},"geometry":{"type":"Point","coordinates":[-5.93444,43.23926]}},{"type":"Feature","id":"physical-as-peak-names-030422-11728","properties":{"id":"physical-as-peak-names-030422-11728","slug":"penon-de-nava","name":"Peñón De Nava","localName":"Peñón De Nava","aliases":[],"kind":"peak","sourceId":"sitpa-physical","territoryIds":["es-as"],"elevationM":1072.5,"bbox":[-5.93294,43.23895,-5.93294,43.23895],"center":[-5.93294,43.23895]},"geometry":{"type":"Point","coordinates":[-5.93294,43.23895]}},{"type":"Feature","id":"physical-as-peak-names-030422-11760","properties":{"id":"physical-as-peak-names-030422-11760","slug":"carba","name":"Carba","localName":"Carba","aliases":[],"kind":"peak","sourceId":"sitpa-physical","territoryIds":["es-as"],"elevationM":1636.1,"bbox":[-5.92693,43.20931,-5.92693,43.20931],"center":[-5.92693,43.20931]},"geometry":{"type":"Point","coordinates":[-5.92693,43.20931]}},{"type":"Feature","id":"physical-as-peak-names-030422-11761","properties":{"id":"physical-as-peak-names-030422-11761","slug":"cobarrionda","name":"Cobarrionda","localName":"Cobarrionda","aliases":[],"kind":"peak","sourceId":"sitpa-physical","territoryIds":["es-as"],"elevationM":1643.4,"bbox":[-5.92205,43.20862,-5.92205,43.20862],"center":[-5.92205,43.20862]},"geometry":{"type":"Point","coordinates":[-5.92205,43.20862]}},{"type":"Feature","id":"physical-as-peak-names-030422-11803","properties":{"id":"physical-as-peak-names-030422-11803","slug":"barriscal","name":"Barriscal","localName":"Barriscal","aliases":[],"kind":"peak","sourceId":"sitpa-physical","territoryIds":["es-as"],"elevationM":1705.8,"bbox":[-5.93226,43.20676,-5.93226,43.20676],"center":[-5.93226,43.20676]},"geometry":{"type":"Point","coordinates":[-5.93226,43.20676]}},{"type":"Feature","id":"physical-as-peak-names-030422-11804","properties":{"id":"physical-as-peak-names-030422-11804","slug":"glarillu","name":"Glarillu","localName":"Glarillu","aliases":[],"kind":"peak","sourceId":"sitpa-physical","territoryIds":["es-as"],"elevationM":1636.8,"bbox":[-5.93678,43.20602,-5.93678,43.20602],"center":[-5.93678,43.20602]},"geometry":{"type":"Point","coordinates":[-5.93678,43.20602]}},{"type":"Feature","id":"physical-as-peak-names-030422-11805","properties":{"id":"physical-as-peak-names-030422-11805","slug":"pena-robles","name":"Peña Robles","localName":"Peña Robles","aliases":[],"kind":"peak","sourceId":"sitpa-physical","territoryIds":["es-as"],"elevationM":1679.8,"bbox":[-5.92932,43.20523,-5.92932,43.20523],"center":[-5.92932,43.20523]},"geometry":{"type":"Point","coordinates":[-5.92932,43.20523]}},{"type":"Feature","id":"physical-as-peak-names-030422-11806","properties":{"id":"physical-as-peak-names-030422-11806","slug":"gamoniteiro","name":"Gamoniteiro","localName":"Gamoniteiro","aliases":[],"kind":"peak","sourceId":"sitpa-physical","territoryIds":["es-as"],"elevationM":1753.5,"bbox":[-5.92376,43.1881,-5.92376,43.1881],"center":[-5.92376,43.1881]},"geometry":{"type":"Point","coordinates":[-5.92376,43.1881]}},{"type":"Feature","id":"physical-as-peak-names-030422-11807","properties":{"id":"physical-as-peak-names-030422-11807","slug":"les-xistres","name":"Les Xistres","localName":"Les Xistres","aliases":[],"kind":"peak","sourceId":"sitpa-physical","territoryIds":["es-as"],"elevationM":1759.5,"bbox":[-5.91635,43.18996,-5.91635,43.18996],"center":[-5.91635,43.18996]},"geometry":{"type":"Point","coordinates":[-5.91635,43.18996]}},{"type":"Feature","id":"physical-as-peak-names-030422-11808","properties":{"id":"physical-as-peak-names-030422-11808","slug":"rason","name":"Rasón","localName":"Rasón","aliases":[],"kind":"peak","sourceId":"sitpa-physical","territoryIds":["es-as"],"elevationM":1610,"bbox":[-5.91661,43.20577,-5.91661,43.20577],"center":[-5.91661,43.20577]},"geometry":{"type":"Point","coordinates":[-5.91661,43.20577]}},{"type":"Feature","id":"physical-as-peak-names-030422-11839","properties":{"id":"physical-as-peak-names-030422-11839","slug":"pena-podre","name":"Peña Podre","localName":"Peña Podre","aliases":[],"kind":"peak","sourceId":"sitpa-physical","territoryIds":["es-as"],"elevationM":1610.4,"bbox":[-5.9295,43.17789,-5.9295,43.17789],"center":[-5.9295,43.17789]},"geometry":{"type":"Point","coordinates":[-5.9295,43.17789]}},{"type":"Feature","id":"physical-as-peak-names-030422-12085","properties":{"id":"physical-as-peak-names-030422-12085","slug":"villoriz","name":"Villoriz","localName":"Villoriz","aliases":[],"kind":"peak","sourceId":"sitpa-physical","territoryIds":["es-as"],"elevationM":1296.1,"bbox":[-5.89182,43.18257,-5.89182,43.18257],"center":[-5.89182,43.18257]},"geometry":{"type":"Point","coordinates":[-5.89182,43.18257]}},{"type":"Feature","id":"physical-as-peak-names-030422-12088","properties":{"id":"physical-as-peak-names-030422-12088","slug":"el-cogollu","name":"El Cogollu","localName":"El Cogollu","aliases":[],"kind":"peak","sourceId":"sitpa-physical","territoryIds":["es-as"],"elevationM":1132.9,"bbox":[-5.88456,43.16697,-5.88456,43.16697],"center":[-5.88456,43.16697]},"geometry":{"type":"Point","coordinates":[-5.88456,43.16697]}},{"type":"Feature","id":"physical-as-peak-names-030422-13051","properties":{"id":"physical-as-peak-names-030422-13051","slug":"pico-polio","name":"Pico Polio","localName":"Pico Polio","aliases":[],"kind":"peak","sourceId":"sitpa-physical","territoryIds":["es-as"],"elevationM":1036.9,"bbox":[-5.719,43.23122,-5.719,43.23122],"center":[-5.719,43.23122]},"geometry":{"type":"Point","coordinates":[-5.719,43.23122]}},{"type":"Feature","id":"physical-as-peak-names-030422-13054","properties":{"id":"physical-as-peak-names-030422-13054","slug":"pico-cogollu-o-san-xusto","name":"Pico Cogollu O San Xusto","localName":"Pico Cogollu O San Xusto","aliases":[],"kind":"peak","sourceId":"sitpa-physical","territoryIds":["es-as"],"elevationM":1007.8,"bbox":[-5.69117,43.23097,-5.69117,43.23097],"center":[-5.69117,43.23097]},"geometry":{"type":"Point","coordinates":[-5.69117,43.23097]}},{"type":"Feature","id":"physical-as-peak-names-030422-13055","properties":{"id":"physical-as-peak-names-030422-13055","slug":"pico-cogollin","name":"Pico Cogollín","localName":"Pico Cogollín","aliases":[],"kind":"peak","sourceId":"sitpa-physical","territoryIds":["es-as"],"elevationM":1003.7,"bbox":[-5.69405,43.23145,-5.69405,43.23145],"center":[-5.69405,43.23145]},"geometry":{"type":"Point","coordinates":[-5.69405,43.23145]}},{"type":"Feature","id":"physical-as-peak-names-030422-13117","properties":{"id":"physical-as-peak-names-030422-13117","slug":"pico-cutrifera-o-pandoto","name":"Pico Cutrifera O Pandoto","localName":"Pico Cutrifera O Pandoto","aliases":[],"kind":"peak","sourceId":"sitpa-physical","territoryIds":["es-as"],"elevationM":1030,"bbox":[-5.7184,43.18961,-5.7184,43.18961],"center":[-5.7184,43.18961]},"geometry":{"type":"Point","coordinates":[-5.7184,43.18961]}},{"type":"Feature","id":"physical-as-peak-names-030422-13118","properties":{"id":"physical-as-peak-names-030422-13118","slug":"mediodia","name":"Mediodía","localName":"Mediodía","aliases":[],"kind":"peak","sourceId":"sitpa-physical","territoryIds":["es-as"],"elevationM":1029.1,"bbox":[-5.71626,43.19037,-5.71626,43.19037],"center":[-5.71626,43.19037]},"geometry":{"type":"Point","coordinates":[-5.71626,43.19037]}},{"type":"Feature","id":"physical-as-peak-names-030422-13119","properties":{"id":"physical-as-peak-names-030422-13119","slug":"cueto-orgosa","name":"Cueto Orgosa","localName":"Cueto Orgosa","aliases":[],"kind":"peak","sourceId":"sitpa-physical","territoryIds":["es-as"],"elevationM":1040,"bbox":[-5.70188,43.19092,-5.70188,43.19092],"center":[-5.70188,43.19092]},"geometry":{"type":"Point","coordinates":[-5.70188,43.19092]}},{"type":"Feature","id":"physical-as-peak-names-030422-13461","properties":{"id":"physical-as-peak-names-030422-13461","slug":"navaliego","name":"Navaliego","localName":"Navaliego","aliases":[],"kind":"peak","sourceId":"sitpa-physical","territoryIds":["es-as"],"elevationM":1085,"bbox":[-5.67562,43.19083,-5.67562,43.19083],"center":[-5.67562,43.19083]},"geometry":{"type":"Point","coordinates":[-5.67562,43.19083]}},{"type":"Feature","id":"physical-as-peak-names-030422-13462","properties":{"id":"physical-as-peak-names-030422-13462","slug":"pico-culladiella","name":"Pico Culladiella","localName":"Pico Culladiella","aliases":[],"kind":"peak","sourceId":"sitpa-physical","territoryIds":["es-as"],"elevationM":1080,"bbox":[-5.67787,43.19124,-5.67787,43.19124],"center":[-5.67787,43.19124]},"geometry":{"type":"Point","coordinates":[-5.67787,43.19124]}},{"type":"Feature","id":"physical-as-peak-names-030422-13709","properties":{"id":"physical-as-peak-names-030422-13709","slug":"pico-el-tretu","name":"Pico El Tretu","localName":"Pico El Tretu","aliases":[],"kind":"peak","sourceId":"sitpa-physical","territoryIds":["es-as"],"elevationM":1014.7,"bbox":[-5.6119,43.23479,-5.6119,43.23479],"center":[-5.6119,43.23479]},"geometry":{"type":"Point","coordinates":[-5.6119,43.23479]}},{"type":"Feature","id":"physical-as-peak-names-030422-13769","properties":{"id":"physical-as-peak-names-030422-13769","slug":"pico-fezauriu","name":"Pico Fezauríu","localName":"Pico Fezauríu","aliases":[],"kind":"peak","sourceId":"sitpa-physical","territoryIds":["es-as"],"elevationM":1054.1,"bbox":[-5.62837,43.21412,-5.62837,43.21412],"center":[-5.62837,43.21412]},"geometry":{"type":"Point","coordinates":[-5.62837,43.21412]}},{"type":"Feature","id":"physical-as-peak-names-030422-13770","properties":{"id":"physical-as-peak-names-030422-13770","slug":"pico-revoltona","name":"Pico Revoltona","localName":"Pico Revoltona","aliases":[],"kind":"peak","sourceId":"sitpa-physical","territoryIds":["es-as"],"elevationM":1065,"bbox":[-5.62759,43.20998,-5.62759,43.20998],"center":[-5.62759,43.20998]},"geometry":{"type":"Point","coordinates":[-5.62759,43.20998]}},{"type":"Feature","id":"physical-as-peak-names-030422-13771","properties":{"id":"physical-as-peak-names-030422-13771","slug":"pico-tres-concejos","name":"Pico Tres Concejos","localName":"Pico Tres Concejos","aliases":[],"kind":"peak","sourceId":"sitpa-physical","territoryIds":["es-as"],"elevationM":1074.8,"bbox":[-5.63014,43.22091,-5.63014,43.22091],"center":[-5.63014,43.22091]},"geometry":{"type":"Point","coordinates":[-5.63014,43.22091]}},{"type":"Feature","id":"physical-as-peak-names-030422-13842","properties":{"id":"physical-as-peak-names-030422-13842","slug":"pico-tres-conejos","name":"Pico Tres Conejos","localName":"Pico Tres Conejos","aliases":[],"kind":"peak","sourceId":"sitpa-physical","territoryIds":["es-as"],"elevationM":1110,"bbox":[-5.6315,43.19305,-5.6315,43.19305],"center":[-5.6315,43.19305]},"geometry":{"type":"Point","coordinates":[-5.6315,43.19305]}},{"type":"Feature","id":"physical-as-peak-names-030422-13843","properties":{"id":"physical-as-peak-names-030422-13843","slug":"pico-don-ramon","name":"Pico Don Ramón","localName":"Pico Don Ramón","aliases":[],"kind":"peak","sourceId":"sitpa-physical","territoryIds":["es-as"],"elevationM":1015,"bbox":[-5.62667,43.19059,-5.62667,43.19059],"center":[-5.62667,43.19059]},"geometry":{"type":"Point","coordinates":[-5.62667,43.19059]}},{"type":"Feature","id":"physical-as-peak-names-030422-13844","properties":{"id":"physical-as-peak-names-030422-13844","slug":"cueto-ventusu","name":"Cueto Ventusu","localName":"Cueto Ventusu","aliases":[],"kind":"peak","sourceId":"sitpa-physical","territoryIds":["es-as"],"elevationM":1112.2,"bbox":[-5.64583,43.19598,-5.64583,43.19598],"center":[-5.64583,43.19598]},"geometry":{"type":"Point","coordinates":[-5.64583,43.19598]}},{"type":"Feature","id":"physical-as-peak-names-030422-13845","properties":{"id":"physical-as-peak-names-030422-13845","slug":"o","name":"Ó","localName":"Ó","aliases":[],"kind":"peak","sourceId":"sitpa-physical","territoryIds":["es-as"],"elevationM":1120,"bbox":[-5.64533,43.19582,-5.64533,43.19582],"center":[-5.64533,43.19582]},"geometry":{"type":"Point","coordinates":[-5.64533,43.19582]}},{"type":"Feature","id":"physical-as-peak-names-030422-13846","properties":{"id":"physical-as-peak-names-030422-13846","slug":"pico-la-cabana","name":"Pico La Cabaña","localName":"Pico La Cabaña","aliases":[],"kind":"peak","sourceId":"sitpa-physical","territoryIds":["es-as"],"elevationM":1124.7,"bbox":[-5.64586,43.19564,-5.64586,43.19564],"center":[-5.64586,43.19564]},"geometry":{"type":"Point","coordinates":[-5.64586,43.19564]}},{"type":"Feature","id":"physical-as-peak-names-030422-13847","properties":{"id":"physical-as-peak-names-030422-13847","slug":"sierra-alta","name":"Sierra Alta","localName":"Sierra Alta","aliases":[],"kind":"peak","sourceId":"sitpa-physical","territoryIds":["es-as"],"elevationM":1060,"bbox":[-5.62607,43.20479,-5.62607,43.20479],"center":[-5.62607,43.20479]},"geometry":{"type":"Point","coordinates":[-5.62607,43.20479]}},{"type":"Feature","id":"physical-as-peak-names-030422-13922","properties":{"id":"physical-as-peak-names-030422-13922","slug":"monte-requixu","name":"Monte Requixu","localName":"Monte Requixu","aliases":[],"kind":"peak","sourceId":"sitpa-physical","territoryIds":["es-as"],"elevationM":1000.8,"bbox":[-5.62872,43.18722,-5.62872,43.18722],"center":[-5.62872,43.18722]},"geometry":{"type":"Point","coordinates":[-5.62872,43.18722]}},{"type":"Feature","id":"physical-as-peak-names-030422-14418","properties":{"id":"physical-as-peak-names-030422-14418","slug":"pico-fermosu","name":"Pico Fermosu","localName":"Pico Fermosu","aliases":[],"kind":"peak","sourceId":"sitpa-physical","territoryIds":["es-as"],"elevationM":1209.7,"bbox":[-5.58934,43.17437,-5.58934,43.17437],"center":[-5.58934,43.17437]},"geometry":{"type":"Point","coordinates":[-5.58934,43.17437]}},{"type":"Feature","id":"physical-as-peak-names-030422-14419","properties":{"id":"physical-as-peak-names-030422-14419","slug":"piquin-de-la-mota","name":"Piquín De La Mota","localName":"Piquín De La Mota","aliases":[],"kind":"peak","sourceId":"sitpa-physical","territoryIds":["es-as"],"elevationM":1150,"bbox":[-5.58031,43.16696,-5.58031,43.16696],"center":[-5.58031,43.16696]},"geometry":{"type":"Point","coordinates":[-5.58031,43.16696]}},{"type":"Feature","id":"physical-as-peak-names-030422-14420","properties":{"id":"physical-as-peak-names-030422-14420","slug":"la-mota-l-aciu","name":"La Mota'l Acíu","localName":"La Mota'l Acíu","aliases":[],"kind":"peak","sourceId":"sitpa-physical","territoryIds":["es-as"],"elevationM":1011.8,"bbox":[-5.58926,43.18079,-5.58926,43.18079],"center":[-5.58926,43.18079]},"geometry":{"type":"Point","coordinates":[-5.58926,43.18079]}},{"type":"Feature","id":"physical-as-peak-names-030422-14851","properties":{"id":"physical-as-peak-names-030422-14851","slug":"pico-prau-bra","name":"Pico Prau Brá","localName":"Pico Prau Brá","aliases":[],"kind":"peak","sourceId":"sitpa-physical","territoryIds":["es-as"],"elevationM":1158.6,"bbox":[-5.56231,43.18923,-5.56231,43.18923],"center":[-5.56231,43.18923]},"geometry":{"type":"Point","coordinates":[-5.56231,43.18923]}},{"type":"Feature","id":"physical-as-peak-names-030422-14923","properties":{"id":"physical-as-peak-names-030422-14923","slug":"pena-mea","name":"Peña Mea","localName":"Peña Mea","aliases":[],"kind":"peak","sourceId":"sitpa-physical","territoryIds":["es-as"],"elevationM":1520.1,"bbox":[-5.56201,43.17539,-5.56201,43.17539],"center":[-5.56201,43.17539]},"geometry":{"type":"Point","coordinates":[-5.56201,43.17539]}},{"type":"Feature","id":"physical-as-peak-names-030422-14924","properties":{"id":"physical-as-peak-names-030422-14924","slug":"pico-la-bollica","name":"Pico La Bollica","localName":"Pico La Bollica","aliases":[],"kind":"peak","sourceId":"sitpa-physical","territoryIds":["es-as"],"elevationM":1442.2,"bbox":[-5.56159,43.17868,-5.56159,43.17868],"center":[-5.56159,43.17868]},"geometry":{"type":"Point","coordinates":[-5.56159,43.17868]}},{"type":"Feature","id":"physical-as-peak-names-030422-14925","properties":{"id":"physical-as-peak-names-030422-14925","slug":"penes-negres","name":"Peñes Negres","localName":"Peñes Negres","aliases":[],"kind":"peak","sourceId":"sitpa-physical","territoryIds":["es-as"],"elevationM":1517.8,"bbox":[-5.55554,43.16816,-5.55554,43.16816],"center":[-5.55554,43.16816]},"geometry":{"type":"Point","coordinates":[-5.55554,43.16816]}},{"type":"Feature","id":"physical-as-peak-names-030422-14926","properties":{"id":"physical-as-peak-names-030422-14926","slug":"pico-raigosu","name":"Pico Raigosu","localName":"Pico Raigosu","aliases":[],"kind":"peak","sourceId":"sitpa-physical","territoryIds":["es-as"],"elevationM":1053,"bbox":[-5.54489,43.177,-5.54489,43.177],"center":[-5.54489,43.177]},"geometry":{"type":"Point","coordinates":[-5.54489,43.177]}},{"type":"Feature","id":"physical-as-peak-names-030422-14927","properties":{"id":"physical-as-peak-names-030422-14927","slug":"el-picu","name":"El Picu","localName":"El Picu","aliases":[],"kind":"peak","sourceId":"sitpa-physical","territoryIds":["es-as"],"elevationM":1304.5,"bbox":[-5.5382,43.16715,-5.5382,43.16715],"center":[-5.5382,43.16715]},"geometry":{"type":"Point","coordinates":[-5.5382,43.16715]}},{"type":"Feature","id":"physical-as-peak-names-030422-14928","properties":{"id":"physical-as-peak-names-030422-14928","slug":"pico-la-pedriquina","name":"Pico La Pedriquina","localName":"Pico La Pedriquina","aliases":[],"kind":"peak","sourceId":"sitpa-physical","territoryIds":["es-as"],"elevationM":1005,"bbox":[-5.53691,43.17625,-5.53691,43.17625],"center":[-5.53691,43.17625]},"geometry":{"type":"Point","coordinates":[-5.53691,43.17625]}},{"type":"Feature","id":"physical-as-peak-names-030422-14929","properties":{"id":"physical-as-peak-names-030422-14929","slug":"pico-corgallones","name":"Pico Corgallones","localName":"Pico Corgallones","aliases":[],"kind":"peak","sourceId":"sitpa-physical","territoryIds":["es-as"],"elevationM":1090.4,"bbox":[-5.52313,43.17568,-5.52313,43.17568],"center":[-5.52313,43.17568]},"geometry":{"type":"Point","coordinates":[-5.52313,43.17568]}},{"type":"Feature","id":"physical-as-peak-names-030422-15011","properties":{"id":"physical-as-peak-names-030422-15011","slug":"pico-xunclar","name":"Pico Xunclar","localName":"Pico Xunclar","aliases":[],"kind":"peak","sourceId":"sitpa-physical","territoryIds":["es-as"],"elevationM":1040.5,"bbox":[-5.50073,43.30043,-5.50073,43.30043],"center":[-5.50073,43.30043]},"geometry":{"type":"Point","coordinates":[-5.50073,43.30043]}},{"type":"Feature","id":"physical-as-peak-names-030422-15012","properties":{"id":"physical-as-peak-names-030422-15012","slug":"pico-la-camporra","name":"Pico La Camporra","localName":"Pico La Camporra","aliases":[],"kind":"peak","sourceId":"sitpa-physical","territoryIds":["es-as"],"elevationM":1083.4,"bbox":[-5.50945,43.29953,-5.50945,43.29953],"center":[-5.50945,43.29953]},"geometry":{"type":"Point","coordinates":[-5.50945,43.29953]}},{"type":"Feature","id":"physical-as-peak-names-030422-15013","properties":{"id":"physical-as-peak-names-030422-15013","slug":"pico-la-vallinona","name":"Pico La Vallinona","localName":"Pico La Vallinona","aliases":[],"kind":"peak","sourceId":"sitpa-physical","territoryIds":["es-as"],"elevationM":1093.5,"bbox":[-5.50759,43.30149,-5.50759,43.30149],"center":[-5.50759,43.30149]},"geometry":{"type":"Point","coordinates":[-5.50759,43.30149]}},{"type":"Feature","id":"physical-as-peak-names-030422-15014","properties":{"id":"physical-as-peak-names-030422-15014","slug":"xierron-de-neres","name":"Xierrón De Neres","localName":"Xierrón De Neres","aliases":[],"kind":"peak","sourceId":"sitpa-physical","territoryIds":["es-as"],"elevationM":1056.2,"bbox":[-5.50777,43.30348,-5.50777,43.30348],"center":[-5.50777,43.30348]},"geometry":{"type":"Point","coordinates":[-5.50777,43.30348]}},{"type":"Feature","id":"physical-as-peak-names-030422-15015","properties":{"id":"physical-as-peak-names-030422-15015","slug":"pico-los-ortigales","name":"Pico Los Ortigales","localName":"Pico Los Ortigales","aliases":[],"kind":"peak","sourceId":"sitpa-physical","territoryIds":["es-as"],"elevationM":1062.6,"bbox":[-5.5093,43.30357,-5.5093,43.30357],"center":[-5.5093,43.30357]},"geometry":{"type":"Point","coordinates":[-5.5093,43.30357]}},{"type":"Feature","id":"physical-as-peak-names-030422-15017","properties":{"id":"physical-as-peak-names-030422-15017","slug":"pico-los-fayacones","name":"Pico Los Fayacones","localName":"Pico Los Fayacones","aliases":[],"kind":"peak","sourceId":"sitpa-physical","territoryIds":["es-as"],"elevationM":1007,"bbox":[-5.50844,43.31212,-5.50844,43.31212],"center":[-5.50844,43.31212]},"geometry":{"type":"Point","coordinates":[-5.50844,43.31212]}},{"type":"Feature","id":"physical-as-peak-names-030422-15018","properties":{"id":"physical-as-peak-names-030422-15018","slug":"pico-penamayor","name":"Pico Peñamayor","localName":"Pico Peñamayor","aliases":[],"kind":"peak","sourceId":"sitpa-physical","territoryIds":["es-as"],"elevationM":1115.8,"bbox":[-5.51358,43.31045,-5.51358,43.31045],"center":[-5.51358,43.31045]},"geometry":{"type":"Point","coordinates":[-5.51358,43.31045]}},{"type":"Feature","id":"physical-as-peak-names-030422-15019","properties":{"id":"physical-as-peak-names-030422-15019","slug":"xierron-d-espines","name":"Xierrón D'espines","localName":"Xierrón D'espines","aliases":[],"kind":"peak","sourceId":"sitpa-physical","territoryIds":["es-as"],"elevationM":1091.7,"bbox":[-5.51192,43.3096,-5.51192,43.3096],"center":[-5.51192,43.3096]},"geometry":{"type":"Point","coordinates":[-5.51192,43.3096]}},{"type":"Feature","id":"physical-as-peak-names-030422-15020","properties":{"id":"physical-as-peak-names-030422-15020","slug":"xierron-de-coballo","name":"Xierrón De Coballo","localName":"Xierrón De Coballo","aliases":[],"kind":"peak","sourceId":"sitpa-physical","territoryIds":["es-as"],"elevationM":1046.3,"bbox":[-5.50917,43.30796,-5.50917,43.30796],"center":[-5.50917,43.30796]},"geometry":{"type":"Point","coordinates":[-5.50917,43.30796]}},{"type":"Feature","id":"physical-as-peak-names-030422-15022","properties":{"id":"physical-as-peak-names-030422-15022","slug":"xierru-gues","name":"Xierru Gües","localName":"Xierru Gües","aliases":[],"kind":"peak","sourceId":"sitpa-physical","territoryIds":["es-as"],"elevationM":1006,"bbox":[-5.51527,43.29516,-5.51527,43.29516],"center":[-5.51527,43.29516]},"geometry":{"type":"Point","coordinates":[-5.51527,43.29516]}},{"type":"Feature","id":"physical-as-peak-names-030422-15023","properties":{"id":"physical-as-peak-names-030422-15023","slug":"pena-de-raigau","name":"Peña De Raigau","localName":"Peña De Raigau","aliases":[],"kind":"peak","sourceId":"sitpa-physical","territoryIds":["es-as"],"elevationM":1199.5,"bbox":[-5.50785,43.29221,-5.50785,43.29221],"center":[-5.50785,43.29221]},"geometry":{"type":"Point","coordinates":[-5.50785,43.29221]}},{"type":"Feature","id":"physical-as-peak-names-030422-15057","properties":{"id":"physical-as-peak-names-030422-15057","slug":"triguera","name":"Triguera","localName":"Triguera","aliases":[],"kind":"peak","sourceId":"sitpa-physical","territoryIds":["es-as"],"elevationM":1280.9,"bbox":[-5.50011,43.27655,-5.50011,43.27655],"center":[-5.50011,43.27655]},"geometry":{"type":"Point","coordinates":[-5.50011,43.27655]}},{"type":"Feature","id":"physical-as-peak-names-030422-15058","properties":{"id":"physical-as-peak-names-030422-15058","slug":"la-casona","name":"La Casona","localName":"La Casona","aliases":[],"kind":"peak","sourceId":"sitpa-physical","territoryIds":["es-as"],"elevationM":1127.2,"bbox":[-5.50581,43.28114,-5.50581,43.28114],"center":[-5.50581,43.28114]},"geometry":{"type":"Point","coordinates":[-5.50581,43.28114]}},{"type":"Feature","id":"physical-as-peak-names-030422-15063","properties":{"id":"physical-as-peak-names-030422-15063","slug":"pico-reundu","name":"Pico Reundu","localName":"Pico Reundu","aliases":[],"kind":"peak","sourceId":"sitpa-physical","territoryIds":["es-as"],"elevationM":1048.5,"bbox":[-5.50813,43.28234,-5.50813,43.28234],"center":[-5.50813,43.28234]},"geometry":{"type":"Point","coordinates":[-5.50813,43.28234]}},{"type":"Feature","id":"physical-as-peak-names-030422-15064","properties":{"id":"physical-as-peak-names-030422-15064","slug":"pico-treme","name":"Pico Treme","localName":"Pico Treme","aliases":[],"kind":"peak","sourceId":"sitpa-physical","territoryIds":["es-as"],"elevationM":1189.2,"bbox":[-5.49239,43.27819,-5.49239,43.27819],"center":[-5.49239,43.27819]},"geometry":{"type":"Point","coordinates":[-5.49239,43.27819]}},{"type":"Feature","id":"physical-as-peak-names-030422-15065","properties":{"id":"physical-as-peak-names-030422-15065","slug":"el-corte","name":"El Corte","localName":"El Corte","aliases":[],"kind":"peak","sourceId":"sitpa-physical","territoryIds":["es-as"],"elevationM":1235.2,"bbox":[-5.50504,43.28778,-5.50504,43.28778],"center":[-5.50504,43.28778]},"geometry":{"type":"Point","coordinates":[-5.50504,43.28778]}},{"type":"Feature","id":"physical-as-peak-names-030422-15066","properties":{"id":"physical-as-peak-names-030422-15066","slug":"pico-rosellon","name":"Pico Rosellón","localName":"Pico Rosellón","aliases":[],"kind":"peak","sourceId":"sitpa-physical","territoryIds":["es-as"],"elevationM":1101.5,"bbox":[-5.48145,43.27623,-5.48145,43.27623],"center":[-5.48145,43.27623]},"geometry":{"type":"Point","coordinates":[-5.48145,43.27623]}},{"type":"Feature","id":"physical-as-peak-names-030422-15121","properties":{"id":"physical-as-peak-names-030422-15121","slug":"pico-el-coton","name":"Pico El Cotón","localName":"Pico El Cotón","aliases":[],"kind":"peak","sourceId":"sitpa-physical","territoryIds":["es-as"],"elevationM":1119.9,"bbox":[-5.50128,43.26778,-5.50128,43.26778],"center":[-5.50128,43.26778]},"geometry":{"type":"Point","coordinates":[-5.50128,43.26778]}},{"type":"Feature","id":"physical-as-peak-names-030422-15336","properties":{"id":"physical-as-peak-names-030422-15336","slug":"pico-fueyu","name":"Pico Fueyu","localName":"Pico Fueyu","aliases":[],"kind":"peak","sourceId":"sitpa-physical","territoryIds":["es-as"],"elevationM":1042,"bbox":[-5.48314,43.21935,-5.48314,43.21935],"center":[-5.48314,43.21935]},"geometry":{"type":"Point","coordinates":[-5.48314,43.21935]}},{"type":"Feature","id":"physical-as-peak-names-030422-15337","properties":{"id":"physical-as-peak-names-030422-15337","slug":"pico-faltinoso","name":"Pico Faltiñoso","localName":"Pico Faltiñoso","aliases":[],"kind":"peak","sourceId":"sitpa-physical","territoryIds":["es-as"],"elevationM":1093.8,"bbox":[-5.48547,43.20905,-5.48547,43.20905],"center":[-5.48547,43.20905]},"geometry":{"type":"Point","coordinates":[-5.48547,43.20905]}},{"type":"Feature","id":"physical-as-peak-names-030422-15338","properties":{"id":"physical-as-peak-names-030422-15338","slug":"pico-llampaces","name":"Pico Llampaces","localName":"Pico Llampaces","aliases":[],"kind":"peak","sourceId":"sitpa-physical","territoryIds":["es-as"],"elevationM":1116.1,"bbox":[-5.4877,43.21763,-5.4877,43.21763],"center":[-5.4877,43.21763]},"geometry":{"type":"Point","coordinates":[-5.4877,43.21763]}},{"type":"Feature","id":"physical-as-peak-names-030422-15339","properties":{"id":"physical-as-peak-names-030422-15339","slug":"cantu-la-fondura","name":"Cantu La Fondura","localName":"Cantu La Fondura","aliases":[],"kind":"peak","sourceId":"sitpa-physical","territoryIds":["es-as"],"elevationM":1064.7,"bbox":[-5.48774,43.21565,-5.48774,43.21565],"center":[-5.48774,43.21565]},"geometry":{"type":"Point","coordinates":[-5.48774,43.21565]}},{"type":"Feature","id":"physical-as-peak-names-030422-15340","properties":{"id":"physical-as-peak-names-030422-15340","slug":"pico-la-arganosa","name":"Pico La Arganosa","localName":"Pico La Arganosa","aliases":[],"kind":"peak","sourceId":"sitpa-physical","territoryIds":["es-as"],"elevationM":1071.6,"bbox":[-5.48756,43.21619,-5.48756,43.21619],"center":[-5.48756,43.21619]},"geometry":{"type":"Point","coordinates":[-5.48756,43.21619]}},{"type":"Feature","id":"physical-as-peak-names-030422-15342","properties":{"id":"physical-as-peak-names-030422-15342","slug":"pena-escrita","name":"Peña Escrita","localName":"Peña Escrita","aliases":[],"kind":"peak","sourceId":"sitpa-physical","territoryIds":["es-as"],"elevationM":1066.3,"bbox":[-5.48588,43.2131,-5.48588,43.2131],"center":[-5.48588,43.2131]},"geometry":{"type":"Point","coordinates":[-5.48588,43.2131]}},{"type":"Feature","id":"physical-as-peak-names-030422-15389","properties":{"id":"physical-as-peak-names-030422-15389","slug":"pico-la-crespina","name":"Pico La Crespina","localName":"Pico La Crespina","aliases":[],"kind":"peak","sourceId":"sitpa-physical","territoryIds":["es-as"],"elevationM":1115,"bbox":[-5.48777,43.2046,-5.48777,43.2046],"center":[-5.48777,43.2046]},"geometry":{"type":"Point","coordinates":[-5.48777,43.2046]}},{"type":"Feature","id":"physical-as-peak-names-030422-15391","properties":{"id":"physical-as-peak-names-030422-15391","slug":"pico-la-capillona","name":"Pico La Capillona","localName":"Pico La Capillona","aliases":[],"kind":"peak","sourceId":"sitpa-physical","territoryIds":["es-as"],"elevationM":1083.4,"bbox":[-5.50113,43.19525,-5.50113,43.19525],"center":[-5.50113,43.19525]},"geometry":{"type":"Point","coordinates":[-5.50113,43.19525]}},{"type":"Feature","id":"physical-as-peak-names-030422-15393","properties":{"id":"physical-as-peak-names-030422-15393","slug":"collalmonte","name":"Collalmonte","localName":"Collalmonte","aliases":[],"kind":"peak","sourceId":"sitpa-physical","territoryIds":["es-as"],"elevationM":1000,"bbox":[-5.50101,43.19006,-5.50101,43.19006],"center":[-5.50101,43.19006]},"geometry":{"type":"Point","coordinates":[-5.50101,43.19006]}},{"type":"Feature","id":"physical-as-peak-names-030422-15396","properties":{"id":"physical-as-peak-names-030422-15396","slug":"huella-del-guanalon","name":"Huella Del Guanalón","localName":"Huella Del Guanalón","aliases":[],"kind":"peak","sourceId":"sitpa-physical","territoryIds":["es-as"],"elevationM":1124,"bbox":[-5.49867,43.19836,-5.49867,43.19836],"center":[-5.49867,43.19836]},"geometry":{"type":"Point","coordinates":[-5.49867,43.19836]}},{"type":"Feature","id":"physical-as-peak-names-030422-15397","properties":{"id":"physical-as-peak-names-030422-15397","slug":"cantu-la-cerezal","name":"Cantu La Cerezal","localName":"Cantu La Cerezal","aliases":[],"kind":"peak","sourceId":"sitpa-physical","territoryIds":["es-as"],"elevationM":1145.2,"bbox":[-5.49202,43.20017,-5.49202,43.20017],"center":[-5.49202,43.20017]},"geometry":{"type":"Point","coordinates":[-5.49202,43.20017]}},{"type":"Feature","id":"physical-as-peak-names-030422-15398","properties":{"id":"physical-as-peak-names-030422-15398","slug":"el-focaron","name":"El Focarón","localName":"El Focarón","aliases":[],"kind":"peak","sourceId":"sitpa-physical","territoryIds":["es-as"],"elevationM":1132.6,"bbox":[-5.4895,43.20135,-5.4895,43.20135],"center":[-5.4895,43.20135]},"geometry":{"type":"Point","coordinates":[-5.4895,43.20135]}},{"type":"Feature","id":"physical-as-peak-names-030422-15399","properties":{"id":"physical-as-peak-names-030422-15399","slug":"la-felguerosa","name":"La Felguerosa","localName":"La Felguerosa","aliases":[],"kind":"peak","sourceId":"sitpa-physical","territoryIds":["es-as"],"elevationM":1179.4,"bbox":[-5.48955,43.20294,-5.48955,43.20294],"center":[-5.48955,43.20294]},"geometry":{"type":"Point","coordinates":[-5.48955,43.20294]}},{"type":"Feature","id":"physical-as-peak-names-030422-15400","properties":{"id":"physical-as-peak-names-030422-15400","slug":"pico-crespes","name":"Pico Crespes","localName":"Pico Crespes","aliases":[],"kind":"peak","sourceId":"sitpa-physical","territoryIds":["es-as"],"elevationM":1136.2,"bbox":[-5.48662,43.20342,-5.48662,43.20342],"center":[-5.48662,43.20342]},"geometry":{"type":"Point","coordinates":[-5.48662,43.20342]}},{"type":"Feature","id":"physical-as-peak-names-030422-15401","properties":{"id":"physical-as-peak-names-030422-15401","slug":"la-gueya-del-llobu","name":"La Gueya Del Llobu","localName":"La Gueya Del Llobu","aliases":[],"kind":"peak","sourceId":"sitpa-physical","territoryIds":["es-as"],"elevationM":1092.9,"bbox":[-5.48679,43.20609,-5.48679,43.20609],"center":[-5.48679,43.20609]},"geometry":{"type":"Point","coordinates":[-5.48679,43.20609]}},{"type":"Feature","id":"physical-as-peak-names-030422-15402","properties":{"id":"physical-as-peak-names-030422-15402","slug":"pico-reanco","name":"Pico Reanco","localName":"Pico Reanco","aliases":[],"kind":"peak","sourceId":"sitpa-physical","territoryIds":["es-as"],"elevationM":1120.2,"bbox":[-5.4852,43.20786,-5.4852,43.20786],"center":[-5.4852,43.20786]},"geometry":{"type":"Point","coordinates":[-5.4852,43.20786]}},{"type":"Feature","id":"physical-as-peak-names-030422-15426","properties":{"id":"physical-as-peak-names-030422-15426","slug":"los-collaos","name":"Los Collaos","localName":"Los Collaos","aliases":[],"kind":"peak","sourceId":"sitpa-physical","territoryIds":["es-as"],"elevationM":1301.8,"bbox":[-5.52034,43.167,-5.52034,43.167],"center":[-5.52034,43.167]},"geometry":{"type":"Point","coordinates":[-5.52034,43.167]}},{"type":"Feature","id":"physical-as-peak-names-030422-15427","properties":{"id":"physical-as-peak-names-030422-15427","slug":"pico-colladiella","name":"Pico Colladiella","localName":"Pico Colladiella","aliases":[],"kind":"peak","sourceId":"sitpa-physical","territoryIds":["es-as"],"elevationM":1340.2,"bbox":[-5.5064,43.16678,-5.5064,43.16678],"center":[-5.5064,43.16678]},"geometry":{"type":"Point","coordinates":[-5.5064,43.16678]}},{"type":"Feature","id":"physical-as-peak-names-030422-15428","properties":{"id":"physical-as-peak-names-030422-15428","slug":"pico-la-gobeta","name":"Pico La Gobeta","localName":"Pico La Gobeta","aliases":[],"kind":"peak","sourceId":"sitpa-physical","territoryIds":["es-as"],"elevationM":1114.7,"bbox":[-5.50394,43.17284,-5.50394,43.17284],"center":[-5.50394,43.17284]},"geometry":{"type":"Point","coordinates":[-5.50394,43.17284]}},{"type":"Feature","id":"physical-as-peak-names-030422-15429","properties":{"id":"physical-as-peak-names-030422-15429","slug":"pico-corbelloso","name":"Pico Corbelloso","localName":"Pico Corbelloso","aliases":[],"kind":"peak","sourceId":"sitpa-physical","territoryIds":["es-as"],"elevationM":1264.8,"bbox":[-5.50811,43.17579,-5.50811,43.17579],"center":[-5.50811,43.17579]},"geometry":{"type":"Point","coordinates":[-5.50811,43.17579]}},{"type":"Feature","id":"physical-as-peak-names-030422-15431","properties":{"id":"physical-as-peak-names-030422-15431","slug":"pico-cogoyu","name":"Pico Cogoyu","localName":"Pico Cogoyu","aliases":[],"kind":"peak","sourceId":"sitpa-physical","territoryIds":["es-as"],"elevationM":1201.3,"bbox":[-5.50473,43.18685,-5.50473,43.18685],"center":[-5.50473,43.18685]},"geometry":{"type":"Point","coordinates":[-5.50473,43.18685]}},{"type":"Feature","id":"physical-as-peak-names-030422-15432","properties":{"id":"physical-as-peak-names-030422-15432","slug":"pico-mezquita","name":"Pico Mezquita","localName":"Pico Mezquita","aliases":[],"kind":"peak","sourceId":"sitpa-physical","territoryIds":["es-as"],"elevationM":1144.4,"bbox":[-5.50505,43.18582,-5.50505,43.18582],"center":[-5.50505,43.18582]},"geometry":{"type":"Point","coordinates":[-5.50505,43.18582]}},{"type":"Feature","id":"physical-as-peak-names-030422-15433","properties":{"id":"physical-as-peak-names-030422-15433","slug":"pico-arroz","name":"Pico Arroz","localName":"Pico Arroz","aliases":[],"kind":"peak","sourceId":"sitpa-physical","territoryIds":["es-as"],"elevationM":1109.5,"bbox":[-5.50513,43.18169,-5.50513,43.18169],"center":[-5.50513,43.18169]},"geometry":{"type":"Point","coordinates":[-5.50513,43.18169]}},{"type":"Feature","id":"physical-as-peak-names-030422-15437","properties":{"id":"physical-as-peak-names-030422-15437","slug":"pico-resellon","name":"Pico Resellón","localName":"Pico Resellón","aliases":[],"kind":"peak","sourceId":"sitpa-physical","territoryIds":["es-as"],"elevationM":1120.8,"bbox":[-5.49522,43.17033,-5.49522,43.17033],"center":[-5.49522,43.17033]},"geometry":{"type":"Point","coordinates":[-5.49522,43.17033]}},{"type":"Feature","id":"physical-as-peak-names-030422-15438","properties":{"id":"physical-as-peak-names-030422-15438","slug":"cantu-texera","name":"Cantu Texera","localName":"Cantu Texera","aliases":[],"kind":"peak","sourceId":"sitpa-physical","territoryIds":["es-as"],"elevationM":1177.6,"bbox":[-5.49243,43.173,-5.49243,43.173],"center":[-5.49243,43.173]},"geometry":{"type":"Point","coordinates":[-5.49243,43.173]}},{"type":"Feature","id":"physical-as-peak-names-030422-15439","properties":{"id":"physical-as-peak-names-030422-15439","slug":"la-llampona","name":"La Llampona","localName":"La Llampona","aliases":[],"kind":"peak","sourceId":"sitpa-physical","territoryIds":["es-as"],"elevationM":1136,"bbox":[-5.51087,43.17607,-5.51087,43.17607],"center":[-5.51087,43.17607]},"geometry":{"type":"Point","coordinates":[-5.51087,43.17607]}},{"type":"Feature","id":"physical-as-peak-names-030422-15582","properties":{"id":"physical-as-peak-names-030422-15582","slug":"pico-los-negros","name":"Pico Los Negros","localName":"Pico Los Negros","aliases":[],"kind":"peak","sourceId":"sitpa-physical","territoryIds":["es-as"],"elevationM":1041.1,"bbox":[-5.47616,43.27185,-5.47616,43.27185],"center":[-5.47616,43.27185]},"geometry":{"type":"Point","coordinates":[-5.47616,43.27185]}},{"type":"Feature","id":"physical-as-peak-names-030422-15583","properties":{"id":"physical-as-peak-names-030422-15583","slug":"pico-la-fuente","name":"Pico La Fuente","localName":"Pico La Fuente","aliases":[],"kind":"peak","sourceId":"sitpa-physical","territoryIds":["es-as"],"elevationM":1064.5,"bbox":[-5.4641,43.27131,-5.4641,43.27131],"center":[-5.4641,43.27131]},"geometry":{"type":"Point","coordinates":[-5.4641,43.27131]}},{"type":"Feature","id":"physical-as-peak-names-030422-15584","properties":{"id":"physical-as-peak-names-030422-15584","slug":"pico-la-unquera","name":"Pico La Unquera","localName":"Pico La Unquera","aliases":[],"kind":"peak","sourceId":"sitpa-physical","territoryIds":["es-as"],"elevationM":1056.2,"bbox":[-5.46316,43.27263,-5.46316,43.27263],"center":[-5.46316,43.27263]},"geometry":{"type":"Point","coordinates":[-5.46316,43.27263]}},{"type":"Feature","id":"physical-as-peak-names-030422-15629","properties":{"id":"physical-as-peak-names-030422-15629","slug":"pico-saus","name":"Pico Saus","localName":"Pico Saus","aliases":[],"kind":"peak","sourceId":"sitpa-physical","territoryIds":["es-as"],"elevationM":1043.1,"bbox":[-5.47608,43.25685,-5.47608,43.25685],"center":[-5.47608,43.25685]},"geometry":{"type":"Point","coordinates":[-5.47608,43.25685]}},{"type":"Feature","id":"physical-as-peak-names-030422-15630","properties":{"id":"physical-as-peak-names-030422-15630","slug":"pico-arrudo","name":"Pico Arrudo","localName":"Pico Arrudo","aliases":[],"kind":"peak","sourceId":"sitpa-physical","territoryIds":["es-as"],"elevationM":1140.8,"bbox":[-5.46835,43.26141,-5.46835,43.26141],"center":[-5.46835,43.26141]},"geometry":{"type":"Point","coordinates":[-5.46835,43.26141]}},{"type":"Feature","id":"physical-as-peak-names-030422-15631","properties":{"id":"physical-as-peak-names-030422-15631","slug":"pico-los-mielatos","name":"Pico Los Mielatos","localName":"Pico Los Mielatos","aliases":[],"kind":"peak","sourceId":"sitpa-physical","territoryIds":["es-as"],"elevationM":1094,"bbox":[-5.46467,43.26524,-5.46467,43.26524],"center":[-5.46467,43.26524]},"geometry":{"type":"Point","coordinates":[-5.46467,43.26524]}},{"type":"Feature","id":"physical-as-peak-names-030422-15632","properties":{"id":"physical-as-peak-names-030422-15632","slug":"pico-la-chamoca","name":"Pico La Chamoca","localName":"Pico La Chamoca","aliases":[],"kind":"peak","sourceId":"sitpa-physical","territoryIds":["es-as"],"elevationM":1259.5,"bbox":[-5.46782,43.2562,-5.46782,43.2562],"center":[-5.46782,43.2562]},"geometry":{"type":"Point","coordinates":[-5.46782,43.2562]}},{"type":"Feature","id":"physical-as-peak-names-030422-15633","properties":{"id":"physical-as-peak-names-030422-15633","slug":"la-faya-la-vallinona","name":"La Faya La Vallinona","localName":"La Faya La Vallinona","aliases":[],"kind":"peak","sourceId":"sitpa-physical","territoryIds":["es-as"],"elevationM":1128.7,"bbox":[-5.46224,43.25273,-5.46224,43.25273],"center":[-5.46224,43.25273]},"geometry":{"type":"Point","coordinates":[-5.46224,43.25273]}},{"type":"Feature","id":"physical-as-peak-names-030422-15634","properties":{"id":"physical-as-peak-names-030422-15634","slug":"picos-de-la-carba","name":"Picos De La Carba","localName":"Picos De La Carba","aliases":[],"kind":"peak","sourceId":"sitpa-physical","territoryIds":["es-as"],"elevationM":1105.9,"bbox":[-5.45711,43.25507,-5.45711,43.25507],"center":[-5.45711,43.25507]},"geometry":{"type":"Point","coordinates":[-5.45711,43.25507]}},{"type":"Feature","id":"physical-as-peak-names-030422-15635","properties":{"id":"physical-as-peak-names-030422-15635","slug":"pico-pedruezo","name":"Pico Pedruezo","localName":"Pico Pedruezo","aliases":[],"kind":"peak","sourceId":"sitpa-physical","territoryIds":["es-as"],"elevationM":1093.9,"bbox":[-5.4455,43.25286,-5.4455,43.25286],"center":[-5.4455,43.25286]},"geometry":{"type":"Point","coordinates":[-5.4455,43.25286]}},{"type":"Feature","id":"physical-as-peak-names-030422-15638","properties":{"id":"physical-as-peak-names-030422-15638","slug":"maya-de-pedruezo","name":"Mayá De Pedruezo","localName":"Mayá De Pedruezo","aliases":[],"kind":"peak","sourceId":"sitpa-physical","territoryIds":["es-as"],"elevationM":1072.6,"bbox":[-5.44827,43.25324,-5.44827,43.25324],"center":[-5.44827,43.25324]},"geometry":{"type":"Point","coordinates":[-5.44827,43.25324]}},{"type":"Feature","id":"physical-as-peak-names-030422-15639","properties":{"id":"physical-as-peak-names-030422-15639","slug":"maya-de-faidiello","name":"Mayá De Faidiello","localName":"Mayá De Faidiello","aliases":[],"kind":"peak","sourceId":"sitpa-physical","territoryIds":["es-as"],"elevationM":1053.4,"bbox":[-5.44969,43.25428,-5.44969,43.25428],"center":[-5.44969,43.25428]},"geometry":{"type":"Point","coordinates":[-5.44969,43.25428]}},{"type":"Feature","id":"physical-as-peak-names-030422-15640","properties":{"id":"physical-as-peak-names-030422-15640","slug":"la-maya-del-lechugeru","name":"La Mayá Del Lechugeru","localName":"La Mayá Del Lechugeru","aliases":[],"kind":"peak","sourceId":"sitpa-physical","territoryIds":["es-as"],"elevationM":1107.3,"bbox":[-5.46127,43.25126,-5.46127,43.25126],"center":[-5.46127,43.25126]},"geometry":{"type":"Point","coordinates":[-5.46127,43.25126]}},{"type":"Feature","id":"physical-as-peak-names-030422-15666","properties":{"id":"physical-as-peak-names-030422-15666","slug":"la-coyaina-del-rosellon","name":"La Coyaína Del Rosellón","localName":"La Coyaína Del Rosellón","aliases":[],"kind":"peak","sourceId":"sitpa-physical","territoryIds":["es-as"],"elevationM":1114,"bbox":[-5.43974,43.24481,-5.43974,43.24481],"center":[-5.43974,43.24481]},"geometry":{"type":"Point","coordinates":[-5.43974,43.24481]}},{"type":"Feature","id":"physical-as-peak-names-030422-15676","properties":{"id":"physical-as-peak-names-030422-15676","slug":"pico-la-xenda","name":"Pico La Xenda","localName":"Pico La Xenda","aliases":[],"kind":"peak","sourceId":"sitpa-physical","territoryIds":["es-as"],"elevationM":1060.7,"bbox":[-5.45878,43.24888,-5.45878,43.24888],"center":[-5.45878,43.24888]},"geometry":{"type":"Point","coordinates":[-5.45878,43.24888]}},{"type":"Feature","id":"physical-as-peak-names-030422-15785","properties":{"id":"physical-as-peak-names-030422-15785","slug":"pico-les-crespes","name":"Pico Les Crespes","localName":"Pico Les Crespes","aliases":[],"kind":"peak","sourceId":"sitpa-physical","territoryIds":["es-as"],"elevationM":1018.1,"bbox":[-5.45993,43.18779,-5.45993,43.18779],"center":[-5.45993,43.18779]},"geometry":{"type":"Point","coordinates":[-5.45993,43.18779]}},{"type":"Feature","id":"physical-as-peak-names-030422-15788","properties":{"id":"physical-as-peak-names-030422-15788","slug":"cresta-de-emblenes","name":"Cresta De Emblenes","localName":"Cresta De Emblenes","aliases":[],"kind":"peak","sourceId":"sitpa-physical","territoryIds":["es-as"],"elevationM":1200.4,"bbox":[-5.43947,43.18818,-5.43947,43.18818],"center":[-5.43947,43.18818]},"geometry":{"type":"Point","coordinates":[-5.43947,43.18818]}},{"type":"Feature","id":"physical-as-peak-names-030422-15789","properties":{"id":"physical-as-peak-names-030422-15789","slug":"pico-collargayis","name":"Pico Collargayis","localName":"Pico Collargayis","aliases":[],"kind":"peak","sourceId":"sitpa-physical","territoryIds":["es-as"],"elevationM":1090.8,"bbox":[-5.44705,43.18806,-5.44705,43.18806],"center":[-5.44705,43.18806]},"geometry":{"type":"Point","coordinates":[-5.44705,43.18806]}},{"type":"Feature","id":"physical-as-peak-names-030422-15872","properties":{"id":"physical-as-peak-names-030422-15872","slug":"pico-fresno","name":"Pico Fresno","localName":"Pico Fresno","aliases":[],"kind":"peak","sourceId":"sitpa-physical","territoryIds":["es-as"],"elevationM":1062.1,"bbox":[-5.4596,43.18173,-5.4596,43.18173],"center":[-5.4596,43.18173]},"geometry":{"type":"Point","coordinates":[-5.4596,43.18173]}},{"type":"Feature","id":"physical-as-peak-names-030422-16364","properties":{"id":"physical-as-peak-names-030422-16364","slug":"pico-cabezu","name":"Pico Cabezu","localName":"Pico Cabezu","aliases":[],"kind":"peak","sourceId":"sitpa-physical","territoryIds":["es-as"],"elevationM":1123.4,"bbox":[-5.40423,43.22944,-5.40423,43.22944],"center":[-5.40423,43.22944]},"geometry":{"type":"Point","coordinates":[-5.40423,43.22944]}},{"type":"Feature","id":"physical-as-peak-names-030422-16411","properties":{"id":"physical-as-peak-names-030422-16411","slug":"el-cabezu","name":"El Cabezú","localName":"El Cabezú","aliases":[],"kind":"peak","sourceId":"sitpa-physical","territoryIds":["es-as"],"elevationM":1134.1,"bbox":[-5.40026,43.22855,-5.40026,43.22855],"center":[-5.40026,43.22855]},"geometry":{"type":"Point","coordinates":[-5.40026,43.22855]}},{"type":"Feature","id":"physical-as-peak-names-030422-16448","properties":{"id":"physical-as-peak-names-030422-16448","slug":"cantu-la-terralina","name":"Cantu La Terralina","localName":"Cantu La Terralina","aliases":[],"kind":"peak","sourceId":"sitpa-physical","territoryIds":["es-as"],"elevationM":1296.2,"bbox":[-5.4234,43.19037,-5.4234,43.19037],"center":[-5.4234,43.19037]},"geometry":{"type":"Point","coordinates":[-5.4234,43.19037]}},{"type":"Feature","id":"physical-as-peak-names-030422-16449","properties":{"id":"physical-as-peak-names-030422-16449","slug":"cantu-llabayu","name":"Cantu Llabayu","localName":"Cantu Llabayu","aliases":[],"kind":"peak","sourceId":"sitpa-physical","territoryIds":["es-as"],"elevationM":1121.7,"bbox":[-5.42074,43.19123,-5.42074,43.19123],"center":[-5.42074,43.19123]},"geometry":{"type":"Point","coordinates":[-5.42074,43.19123]}},{"type":"Feature","id":"physical-as-peak-names-030422-16450","properties":{"id":"physical-as-peak-names-030422-16450","slug":"los-rubios","name":"Los Rubios","localName":"Los Rubios","aliases":[],"kind":"peak","sourceId":"sitpa-physical","territoryIds":["es-as"],"elevationM":1124.5,"bbox":[-5.4195,43.19849,-5.4195,43.19849],"center":[-5.4195,43.19849]},"geometry":{"type":"Point","coordinates":[-5.4195,43.19849]}},{"type":"Feature","id":"physical-as-peak-names-030422-16451","properties":{"id":"physical-as-peak-names-030422-16451","slug":"pena-argayos","name":"Peña Argayos","localName":"Peña Argayos","aliases":[],"kind":"peak","sourceId":"sitpa-physical","territoryIds":["es-as"],"elevationM":1351.8,"bbox":[-5.43327,43.18766,-5.43327,43.18766],"center":[-5.43327,43.18766]},"geometry":{"type":"Point","coordinates":[-5.43327,43.18766]}},{"type":"Feature","id":"physical-as-peak-names-030422-16504","properties":{"id":"physical-as-peak-names-030422-16504","slug":"crespa-riegos","name":"Crespa Riegos","localName":"Crespa Riegos","aliases":[],"kind":"peak","sourceId":"sitpa-physical","territoryIds":["es-as"],"elevationM":1369.5,"bbox":[-5.43518,43.16735,-5.43518,43.16735],"center":[-5.43518,43.16735]},"geometry":{"type":"Point","coordinates":[-5.43518,43.16735]}},{"type":"Feature","id":"physical-as-peak-names-030422-16505","properties":{"id":"physical-as-peak-names-030422-16505","slug":"el-tozu-les-teyeres","name":"El Tozu Les Teyeres","localName":"El Tozu Les Teyeres","aliases":[],"kind":"peak","sourceId":"sitpa-physical","territoryIds":["es-as"],"elevationM":1246,"bbox":[-5.43316,43.17143,-5.43316,43.17143],"center":[-5.43316,43.17143]},"geometry":{"type":"Point","coordinates":[-5.43316,43.17143]}},{"type":"Feature","id":"physical-as-peak-names-030422-16506","properties":{"id":"physical-as-peak-names-030422-16506","slug":"pico-la-cruz","name":"Pico La Cruz","localName":"Pico La Cruz","aliases":[],"kind":"peak","sourceId":"sitpa-physical","territoryIds":["es-as"],"elevationM":1174.9,"bbox":[-5.43321,43.17544,-5.43321,43.17544],"center":[-5.43321,43.17544]},"geometry":{"type":"Point","coordinates":[-5.43321,43.17544]}},{"type":"Feature","id":"physical-as-peak-names-030422-16507","properties":{"id":"physical-as-peak-names-030422-16507","slug":"faya-redonda","name":"Faya Redonda","localName":"Faya Redonda","aliases":[],"kind":"peak","sourceId":"sitpa-physical","territoryIds":["es-as"],"elevationM":1199.8,"bbox":[-5.43268,43.17696,-5.43268,43.17696],"center":[-5.43268,43.17696]},"geometry":{"type":"Point","coordinates":[-5.43268,43.17696]}},{"type":"Feature","id":"physical-as-peak-names-030422-16508","properties":{"id":"physical-as-peak-names-030422-16508","slug":"pico-la-mozquita","name":"Pico La Mozquita","localName":"Pico La Mozquita","aliases":[],"kind":"peak","sourceId":"sitpa-physical","territoryIds":["es-as"],"elevationM":1199.8,"bbox":[-5.4343,43.1785,-5.4343,43.1785],"center":[-5.4343,43.1785]},"geometry":{"type":"Point","coordinates":[-5.4343,43.1785]}},{"type":"Feature","id":"physical-as-peak-names-030422-16509","properties":{"id":"physical-as-peak-names-030422-16509","slug":"pico-collargayos","name":"Pico Collargayos","localName":"Pico Collargayos","aliases":[],"kind":"peak","sourceId":"sitpa-physical","territoryIds":["es-as"],"elevationM":1193.1,"bbox":[-5.43498,43.18031,-5.43498,43.18031],"center":[-5.43498,43.18031]},"geometry":{"type":"Point","coordinates":[-5.43498,43.18031]}},{"type":"Feature","id":"physical-as-peak-names-030422-16510","properties":{"id":"physical-as-peak-names-030422-16510","slug":"pico-bimblenes","name":"Pico Bimblenes","localName":"Pico Bimblenes","aliases":[],"kind":"peak","sourceId":"sitpa-physical","territoryIds":["es-as"],"elevationM":1294.4,"bbox":[-5.43571,43.18268,-5.43571,43.18268],"center":[-5.43571,43.18268]},"geometry":{"type":"Point","coordinates":[-5.43571,43.18268]}},{"type":"Feature","id":"physical-as-peak-names-030422-16512","properties":{"id":"physical-as-peak-names-030422-16512","slug":"la-llomba-berruga","name":"La Llomba Berruga","localName":"La Llomba Berruga","aliases":[],"kind":"peak","sourceId":"sitpa-physical","territoryIds":["es-as"],"elevationM":1067.3,"bbox":[-5.41029,43.17539,-5.41029,43.17539],"center":[-5.41029,43.17539]},"geometry":{"type":"Point","coordinates":[-5.41029,43.17539]}},{"type":"Feature","id":"physical-as-peak-names-030422-16513","properties":{"id":"physical-as-peak-names-030422-16513","slug":"el-sellar","name":"El Sellar","localName":"El Sellar","aliases":[],"kind":"peak","sourceId":"sitpa-physical","territoryIds":["es-as"],"elevationM":1042.2,"bbox":[-5.40911,43.17401,-5.40911,43.17401],"center":[-5.40911,43.17401]},"geometry":{"type":"Point","coordinates":[-5.40911,43.17401]}},{"type":"Feature","id":"physical-as-peak-names-030422-16514","properties":{"id":"physical-as-peak-names-030422-16514","slug":"pico-la-palombeta","name":"Pico La Palombeta","localName":"Pico La Palombeta","aliases":[],"kind":"peak","sourceId":"sitpa-physical","territoryIds":["es-as"],"elevationM":1060.1,"bbox":[-5.41255,43.17051,-5.41255,43.17051],"center":[-5.41255,43.17051]},"geometry":{"type":"Point","coordinates":[-5.41255,43.17051]}},{"type":"Feature","id":"physical-as-peak-names-030422-16516","properties":{"id":"physical-as-peak-names-030422-16516","slug":"colladin-de-berruga","name":"Colladín De Berruga","localName":"Colladín De Berruga","aliases":[],"kind":"peak","sourceId":"sitpa-physical","territoryIds":["es-as"],"elevationM":1040.4,"bbox":[-5.40313,43.17769,-5.40313,43.17769],"center":[-5.40313,43.17769]},"geometry":{"type":"Point","coordinates":[-5.40313,43.17769]}},{"type":"Feature","id":"physical-as-peak-names-030422-16903","properties":{"id":"physical-as-peak-names-030422-16903","slug":"xerro-forcau","name":"Xerro Forcáu","localName":"Xerro Forcáu","aliases":[],"kind":"peak","sourceId":"sitpa-physical","territoryIds":["es-as"],"elevationM":1053.6,"bbox":[-5.38321,43.26442,-5.38321,43.26442],"center":[-5.38321,43.26442]},"geometry":{"type":"Point","coordinates":[-5.38321,43.26442]}},{"type":"Feature","id":"physical-as-peak-names-030422-16904","properties":{"id":"physical-as-peak-names-030422-16904","slug":"pico-faceu","name":"Pico Faceu","localName":"Pico Faceu","aliases":[],"kind":"peak","sourceId":"sitpa-physical","territoryIds":["es-as"],"elevationM":1192,"bbox":[-5.37831,43.26073,-5.37831,43.26073],"center":[-5.37831,43.26073]},"geometry":{"type":"Point","coordinates":[-5.37831,43.26073]}},{"type":"Feature","id":"physical-as-peak-names-030422-16905","properties":{"id":"physical-as-peak-names-030422-16905","slug":"pico-fonton","name":"Pico Fontón","localName":"Pico Fontón","aliases":[],"kind":"peak","sourceId":"sitpa-physical","territoryIds":["es-as"],"elevationM":1174.2,"bbox":[-5.37615,43.25763,-5.37615,43.25763],"center":[-5.37615,43.25763]},"geometry":{"type":"Point","coordinates":[-5.37615,43.25763]}},{"type":"Feature","id":"physical-as-peak-names-030422-16906","properties":{"id":"physical-as-peak-names-030422-16906","slug":"xierru-les-campes","name":"Xierru Les Campes","localName":"Xierru Les Campes","aliases":[],"kind":"peak","sourceId":"sitpa-physical","territoryIds":["es-as"],"elevationM":1118.2,"bbox":[-5.3691,43.25184,-5.3691,43.25184],"center":[-5.3691,43.25184]},"geometry":{"type":"Point","coordinates":[-5.3691,43.25184]}},{"type":"Feature","id":"physical-as-peak-names-030422-16907","properties":{"id":"physical-as-peak-names-030422-16907","slug":"pena-xiblaniella","name":"Peña Xiblaniella","localName":"Peña Xiblaniella","aliases":[],"kind":"peak","sourceId":"sitpa-physical","territoryIds":["es-as"],"elevationM":1098.6,"bbox":[-5.36528,43.26134,-5.36528,43.26134],"center":[-5.36528,43.26134]},"geometry":{"type":"Point","coordinates":[-5.36528,43.26134]}},{"type":"Feature","id":"physical-as-peak-names-030422-17031","properties":{"id":"physical-as-peak-names-030422-17031","slug":"pico-mozquetu","name":"Pico Mozquetu","localName":"Pico Mozquetu","aliases":[],"kind":"peak","sourceId":"sitpa-physical","territoryIds":["es-as"],"elevationM":1054.2,"bbox":[-5.3738,43.22875,-5.3738,43.22875],"center":[-5.3738,43.22875]},"geometry":{"type":"Point","coordinates":[-5.3738,43.22875]}},{"type":"Feature","id":"physical-as-peak-names-030422-17032","properties":{"id":"physical-as-peak-names-030422-17032","slug":"pico-les-llames","name":"Pico Les Llames","localName":"Pico Les Llames","aliases":[],"kind":"peak","sourceId":"sitpa-physical","territoryIds":["es-as"],"elevationM":1227.5,"bbox":[-5.37594,43.22499,-5.37594,43.22499],"center":[-5.37594,43.22499]},"geometry":{"type":"Point","coordinates":[-5.37594,43.22499]}},{"type":"Feature","id":"physical-as-peak-names-030422-17033","properties":{"id":"physical-as-peak-names-030422-17033","slug":"pico-caon","name":"Pico Caón","localName":"Pico Caón","aliases":[],"kind":"peak","sourceId":"sitpa-physical","territoryIds":["es-as"],"elevationM":1124.1,"bbox":[-5.37484,43.22214,-5.37484,43.22214],"center":[-5.37484,43.22214]},"geometry":{"type":"Point","coordinates":[-5.37484,43.22214]}},{"type":"Feature","id":"physical-as-peak-names-030422-17034","properties":{"id":"physical-as-peak-names-030422-17034","slug":"cuetu-negru","name":"Cuetu Negru","localName":"Cuetu Negru","aliases":[],"kind":"peak","sourceId":"sitpa-physical","territoryIds":["es-as"],"elevationM":1073.4,"bbox":[-5.38554,43.22302,-5.38554,43.22302],"center":[-5.38554,43.22302]},"geometry":{"type":"Point","coordinates":[-5.38554,43.22302]}},{"type":"Feature","id":"physical-as-peak-names-030422-17128","properties":{"id":"physical-as-peak-names-030422-17128","slug":"el-piqueru","name":"El Piqueru","localName":"El Piqueru","aliases":[],"kind":"peak","sourceId":"sitpa-physical","territoryIds":["es-as"],"elevationM":1141.2,"bbox":[-5.35916,43.19333,-5.35916,43.19333],"center":[-5.35916,43.19333]},"geometry":{"type":"Point","coordinates":[-5.35916,43.19333]}},{"type":"Feature","id":"physical-as-peak-names-030422-17417","properties":{"id":"physical-as-peak-names-030422-17417","slug":"pico-llana-arbosu","name":"Pico Llana Arbosu","localName":"Pico Llana Arbosu","aliases":[],"kind":"peak","sourceId":"sitpa-physical","territoryIds":["es-as"],"elevationM":1262.2,"bbox":[-5.31472,43.27292,-5.31472,43.27292],"center":[-5.31472,43.27292]},"geometry":{"type":"Point","coordinates":[-5.31472,43.27292]}},{"type":"Feature","id":"physical-as-peak-names-030422-17418","properties":{"id":"physical-as-peak-names-030422-17418","slug":"pico-collau","name":"Pico Colláu","localName":"Pico Colláu","aliases":[],"kind":"peak","sourceId":"sitpa-physical","territoryIds":["es-as"],"elevationM":1067,"bbox":[-5.32471,43.27764,-5.32471,43.27764],"center":[-5.32471,43.27764]},"geometry":{"type":"Point","coordinates":[-5.32471,43.27764]}},{"type":"Feature","id":"physical-as-peak-names-030422-17524","properties":{"id":"physical-as-peak-names-030422-17524","slug":"pico-la-muda","name":"Pico La Muda","localName":"Pico La Muda","aliases":[],"kind":"peak","sourceId":"sitpa-physical","territoryIds":["es-as"],"elevationM":1251,"bbox":[-5.34774,43.23472,-5.34774,43.23472],"center":[-5.34774,43.23472]},"geometry":{"type":"Point","coordinates":[-5.34774,43.23472]}},{"type":"Feature","id":"physical-as-peak-names-030422-17525","properties":{"id":"physical-as-peak-names-030422-17525","slug":"pico-cuetos-negros","name":"Pico Cuetos Negros","localName":"Pico Cuetos Negros","aliases":[],"kind":"peak","sourceId":"sitpa-physical","territoryIds":["es-as"],"elevationM":1273.3,"bbox":[-5.34209,43.23284,-5.34209,43.23284],"center":[-5.34209,43.23284]},"geometry":{"type":"Point","coordinates":[-5.34209,43.23284]}},{"type":"Feature","id":"physical-as-peak-names-030422-17526","properties":{"id":"physical-as-peak-names-030422-17526","slug":"pico-el-campellin","name":"Pico El Campellín","localName":"Pico El Campellín","aliases":[],"kind":"peak","sourceId":"sitpa-physical","territoryIds":["es-as"],"elevationM":1280,"bbox":[-5.3535,43.23653,-5.3535,43.23653],"center":[-5.3535,43.23653]},"geometry":{"type":"Point","coordinates":[-5.3535,43.23653]}},{"type":"Feature","id":"physical-as-peak-names-030422-17565","properties":{"id":"physical-as-peak-names-030422-17565","slug":"pico-la-xerra","name":"Pico La Xerra","localName":"Pico La Xerra","aliases":[],"kind":"peak","sourceId":"sitpa-physical","territoryIds":["es-as"],"elevationM":1178.7,"bbox":[-5.33739,43.22384,-5.33739,43.22384],"center":[-5.33739,43.22384]},"geometry":{"type":"Point","coordinates":[-5.33739,43.22384]}},{"type":"Feature","id":"physical-as-peak-names-030422-17566","properties":{"id":"physical-as-peak-names-030422-17566","slug":"pico-entrambosllagos","name":"Pico Entrambosllagos","localName":"Pico Entrambosllagos","aliases":[],"kind":"peak","sourceId":"sitpa-physical","territoryIds":["es-as"],"elevationM":1319.8,"bbox":[-5.33306,43.22616,-5.33306,43.22616],"center":[-5.33306,43.22616]},"geometry":{"type":"Point","coordinates":[-5.33306,43.22616]}},{"type":"Feature","id":"physical-as-peak-names-030422-17567","properties":{"id":"physical-as-peak-names-030422-17567","slug":"pico-la-llomba","name":"Pico La Llomba","localName":"Pico La Llomba","aliases":[],"kind":"peak","sourceId":"sitpa-physical","territoryIds":["es-as"],"elevationM":1395.1,"bbox":[-5.31894,43.22141,-5.31894,43.22141],"center":[-5.31894,43.22141]},"geometry":{"type":"Point","coordinates":[-5.31894,43.22141]}},{"type":"Feature","id":"physical-as-peak-names-030422-17568","properties":{"id":"physical-as-peak-names-030422-17568","slug":"pena-la-ordaliega","name":"Peña La Ordaliega","localName":"Peña La Ordaliega","aliases":[],"kind":"peak","sourceId":"sitpa-physical","territoryIds":["es-as"],"elevationM":1392.9,"bbox":[-5.3174,43.21983,-5.3174,43.21983],"center":[-5.3174,43.21983]},"geometry":{"type":"Point","coordinates":[-5.3174,43.21983]}},{"type":"Feature","id":"physical-as-peak-names-030422-17569","properties":{"id":"physical-as-peak-names-030422-17569","slug":"pena-el-cantu","name":"Peña El Cantu","localName":"Peña El Cantu","aliases":[],"kind":"peak","sourceId":"sitpa-physical","territoryIds":["es-as"],"elevationM":1280,"bbox":[-5.32383,43.21562,-5.32383,43.21562],"center":[-5.32383,43.21562]},"geometry":{"type":"Point","coordinates":[-5.32383,43.21562]}},{"type":"Feature","id":"physical-as-peak-names-030422-17680","properties":{"id":"physical-as-peak-names-030422-17680","slug":"pico-les-texerines","name":"Pico Les Texerines","localName":"Pico Les Texerines","aliases":[],"kind":"peak","sourceId":"sitpa-physical","territoryIds":["es-as"],"elevationM":1140,"bbox":[-5.31449,43.18057,-5.31449,43.18057],"center":[-5.31449,43.18057]},"geometry":{"type":"Point","coordinates":[-5.31449,43.18057]}},{"type":"Feature","id":"physical-as-peak-names-030422-17800","properties":{"id":"physical-as-peak-names-030422-17800","slug":"cerru-nianu","name":"Cerru Niañu","localName":"Cerru Niañu","aliases":[],"kind":"peak","sourceId":"sitpa-physical","territoryIds":["es-as"],"elevationM":1060.9,"bbox":[-5.30778,43.29716,-5.30778,43.29716],"center":[-5.30778,43.29716]},"geometry":{"type":"Point","coordinates":[-5.30778,43.29716]}},{"type":"Feature","id":"physical-as-peak-names-030422-17843","properties":{"id":"physical-as-peak-names-030422-17843","slug":"pico-erbosu","name":"Pico Erbosu","localName":"Pico Erbosu","aliases":[],"kind":"peak","sourceId":"sitpa-physical","territoryIds":["es-as"],"elevationM":1086.7,"bbox":[-5.30954,43.27958,-5.30954,43.27958],"center":[-5.30954,43.27958]},"geometry":{"type":"Point","coordinates":[-5.30954,43.27958]}},{"type":"Feature","id":"physical-as-peak-names-030422-17845","properties":{"id":"physical-as-peak-names-030422-17845","slug":"pico-los-mazos","name":"Pico Los Mazos","localName":"Pico Los Mazos","aliases":[],"kind":"peak","sourceId":"sitpa-physical","territoryIds":["es-as"],"elevationM":1169.7,"bbox":[-5.29184,43.27271,-5.29184,43.27271],"center":[-5.29184,43.27271]},"geometry":{"type":"Point","coordinates":[-5.29184,43.27271]}},{"type":"Feature","id":"physical-as-peak-names-030422-17869","properties":{"id":"physical-as-peak-names-030422-17869","slug":"pico-el-cabezu","name":"Pico El Cabezu","localName":"Pico El Cabezu","aliases":[],"kind":"peak","sourceId":"sitpa-physical","territoryIds":["es-as"],"elevationM":1362.1,"bbox":[-5.29469,43.26171,-5.29469,43.26171],"center":[-5.29469,43.26171]},"geometry":{"type":"Point","coordinates":[-5.29469,43.26171]}},{"type":"Feature","id":"physical-as-peak-names-030422-17870","properties":{"id":"physical-as-peak-names-030422-17870","slug":"pico-vizcares","name":"Pico Vizcares","localName":"Pico Vizcares","aliases":[],"kind":"peak","sourceId":"sitpa-physical","territoryIds":["es-as"],"elevationM":1405,"bbox":[-5.30034,43.26606,-5.30034,43.26606],"center":[-5.30034,43.26606]},"geometry":{"type":"Point","coordinates":[-5.30034,43.26606]}},{"type":"Feature","id":"physical-as-peak-names-030422-17871","properties":{"id":"physical-as-peak-names-030422-17871","slug":"pico-el-fayascal","name":"Pico El Fayascal","localName":"Pico El Fayascal","aliases":[],"kind":"peak","sourceId":"sitpa-physical","territoryIds":["es-as"],"elevationM":1330.1,"bbox":[-5.30464,43.2682,-5.30464,43.2682],"center":[-5.30464,43.2682]},"geometry":{"type":"Point","coordinates":[-5.30464,43.2682]}},{"type":"Feature","id":"physical-as-peak-names-030422-17872","properties":{"id":"physical-as-peak-names-030422-17872","slug":"cantu-praon","name":"Cantu Praón","localName":"Cantu Praón","aliases":[],"kind":"peak","sourceId":"sitpa-physical","territoryIds":["es-as"],"elevationM":1300.1,"bbox":[-5.3086,43.26998,-5.3086,43.26998],"center":[-5.3086,43.26998]},"geometry":{"type":"Point","coordinates":[-5.3086,43.26998]}},{"type":"Feature","id":"physical-as-peak-names-030422-17873","properties":{"id":"physical-as-peak-names-030422-17873","slug":"porron-de-los-llagos","name":"Porrón De Los Llagos","localName":"Porrón De Los Llagos","aliases":[],"kind":"peak","sourceId":"sitpa-physical","territoryIds":["es-as"],"elevationM":1094.8,"bbox":[-5.27347,43.26678,-5.27347,43.26678],"center":[-5.27347,43.26678]},"geometry":{"type":"Point","coordinates":[-5.27347,43.26678]}},{"type":"Feature","id":"physical-as-peak-names-030422-17874","properties":{"id":"physical-as-peak-names-030422-17874","slug":"altu-de-la-cuesta-la-morena","name":"Altu De La Cuesta La Morena","localName":"Altu De La Cuesta La Morena","aliases":[],"kind":"peak","sourceId":"sitpa-physical","territoryIds":["es-as"],"elevationM":1140.1,"bbox":[-5.27661,43.25986,-5.27661,43.25986],"center":[-5.27661,43.25986]},"geometry":{"type":"Point","coordinates":[-5.27661,43.25986]}},{"type":"Feature","id":"physical-as-peak-names-030422-17875","properties":{"id":"physical-as-peak-names-030422-17875","slug":"pico-l-aspron","name":"Pico L'asprón","localName":"Pico L'asprón","aliases":[],"kind":"peak","sourceId":"sitpa-physical","territoryIds":["es-as"],"elevationM":1249.2,"bbox":[-5.28189,43.25599,-5.28189,43.25599],"center":[-5.28189,43.25599]},"geometry":{"type":"Point","coordinates":[-5.28189,43.25599]}},{"type":"Feature","id":"physical-as-peak-names-030422-17876","properties":{"id":"physical-as-peak-names-030422-17876","slug":"pico-la-verdad","name":"Pico La Verdad","localName":"Pico La Verdad","aliases":[],"kind":"peak","sourceId":"sitpa-physical","territoryIds":["es-as"],"elevationM":1290.5,"bbox":[-5.28909,43.25774,-5.28909,43.25774],"center":[-5.28909,43.25774]},"geometry":{"type":"Point","coordinates":[-5.28909,43.25774]}},{"type":"Feature","id":"physical-as-peak-names-030422-17877","properties":{"id":"physical-as-peak-names-030422-17877","slug":"cantu-la-teya","name":"Cantu La Teya","localName":"Cantu La Teya","aliases":[],"kind":"peak","sourceId":"sitpa-physical","territoryIds":["es-as"],"elevationM":1222.8,"bbox":[-5.28247,43.25472,-5.28247,43.25472],"center":[-5.28247,43.25472]},"geometry":{"type":"Point","coordinates":[-5.28247,43.25472]}},{"type":"Feature","id":"physical-as-peak-names-030422-17906","properties":{"id":"physical-as-peak-names-030422-17906","slug":"pico-el-orrin","name":"Pico El Orrín","localName":"Pico El Orrín","aliases":[],"kind":"peak","sourceId":"sitpa-physical","territoryIds":["es-as"],"elevationM":1009,"bbox":[-5.31011,43.24932,-5.31011,43.24932],"center":[-5.31011,43.24932]},"geometry":{"type":"Point","coordinates":[-5.31011,43.24932]}},{"type":"Feature","id":"physical-as-peak-names-030422-17907","properties":{"id":"physical-as-peak-names-030422-17907","slug":"pico-el-tren","name":"Pico El Tren","localName":"Pico El Tren","aliases":[],"kind":"peak","sourceId":"sitpa-physical","territoryIds":["es-as"],"elevationM":1140,"bbox":[-5.2996,43.24476,-5.2996,43.24476],"center":[-5.2996,43.24476]},"geometry":{"type":"Point","coordinates":[-5.2996,43.24476]}},{"type":"Feature","id":"physical-as-peak-names-030422-17908","properties":{"id":"physical-as-peak-names-030422-17908","slug":"pico-maonu","name":"Pico Maoñu","localName":"Pico Maoñu","aliases":[],"kind":"peak","sourceId":"sitpa-physical","territoryIds":["es-as"],"elevationM":1419.5,"bbox":[-5.2859,43.24,-5.2859,43.24],"center":[-5.2859,43.24]},"geometry":{"type":"Point","coordinates":[-5.2859,43.24]}},{"type":"Feature","id":"physical-as-peak-names-030422-17909","properties":{"id":"physical-as-peak-names-030422-17909","slug":"porru-llagosciegos","name":"Porru Llagosciegos","localName":"Porru Llagosciegos","aliases":[],"kind":"peak","sourceId":"sitpa-physical","territoryIds":["es-as"],"elevationM":1214,"bbox":[-5.27245,43.237,-5.27245,43.237],"center":[-5.27245,43.237]},"geometry":{"type":"Point","coordinates":[-5.27245,43.237]}},{"type":"Feature","id":"physical-as-peak-names-030422-17944","properties":{"id":"physical-as-peak-names-030422-17944","slug":"pena-los-tornos","name":"Peña Los Tornos","localName":"Peña Los Tornos","aliases":[],"kind":"peak","sourceId":"sitpa-physical","territoryIds":["es-as"],"elevationM":1520,"bbox":[-5.29047,43.22658,-5.29047,43.22658],"center":[-5.29047,43.22658]},"geometry":{"type":"Point","coordinates":[-5.29047,43.22658]}},{"type":"Feature","id":"physical-as-peak-names-030422-17945","properties":{"id":"physical-as-peak-names-030422-17945","slug":"pico-la-frayada","name":"Pico La Frayada","localName":"Pico La Frayada","aliases":[],"kind":"peak","sourceId":"sitpa-physical","territoryIds":["es-as"],"elevationM":1435,"bbox":[-5.31244,43.22323,-5.31244,43.22323],"center":[-5.31244,43.22323]},"geometry":{"type":"Point","coordinates":[-5.31244,43.22323]}},{"type":"Feature","id":"physical-as-peak-names-030422-17946","properties":{"id":"physical-as-peak-names-030422-17946","slug":"pico-el-mayau","name":"Pico El Mayau","localName":"Pico El Mayau","aliases":[],"kind":"peak","sourceId":"sitpa-physical","territoryIds":["es-as"],"elevationM":1456.8,"bbox":[-5.30913,43.22265,-5.30913,43.22265],"center":[-5.30913,43.22265]},"geometry":{"type":"Point","coordinates":[-5.30913,43.22265]}},{"type":"Feature","id":"physical-as-peak-names-030422-17947","properties":{"id":"physical-as-peak-names-030422-17947","slug":"pico-entrepenes","name":"Pico Entrepeñes","localName":"Pico Entrepeñes","aliases":[],"kind":"peak","sourceId":"sitpa-physical","territoryIds":["es-as"],"elevationM":1430,"bbox":[-5.30174,43.22093,-5.30174,43.22093],"center":[-5.30174,43.22093]},"geometry":{"type":"Point","coordinates":[-5.30174,43.22093]}},{"type":"Feature","id":"physical-as-peak-names-030422-17948","properties":{"id":"physical-as-peak-names-030422-17948","slug":"cueton-de-les-travieses","name":"Cuetón De Les Travieses","localName":"Cuetón De Les Travieses","aliases":[],"kind":"peak","sourceId":"sitpa-physical","territoryIds":["es-as"],"elevationM":1443.2,"bbox":[-5.29868,43.2228,-5.29868,43.2228],"center":[-5.29868,43.2228]},"geometry":{"type":"Point","coordinates":[-5.29868,43.2228]}},{"type":"Feature","id":"physical-as-peak-names-030422-17949","properties":{"id":"physical-as-peak-names-030422-17949","slug":"porron-de-piedrafita","name":"Porrón De Piedrafita","localName":"Porrón De Piedrafita","aliases":[],"kind":"peak","sourceId":"sitpa-physical","territoryIds":["es-as"],"elevationM":1195,"bbox":[-5.27978,43.21793,-5.27978,43.21793],"center":[-5.27978,43.21793]},"geometry":{"type":"Point","coordinates":[-5.27978,43.21793]}},{"type":"Feature","id":"physical-as-peak-names-030422-17950","properties":{"id":"physical-as-peak-names-030422-17950","slug":"pena-la-toral","name":"Peña La Toral","localName":"Peña La Toral","aliases":[],"kind":"peak","sourceId":"sitpa-physical","territoryIds":["es-as"],"elevationM":1190,"bbox":[-5.27515,43.21949,-5.27515,43.21949],"center":[-5.27515,43.21949]},"geometry":{"type":"Point","coordinates":[-5.27515,43.21949]}},{"type":"Feature","id":"physical-as-peak-names-030422-17951","properties":{"id":"physical-as-peak-names-030422-17951","slug":"pena-torre","name":"Peña Torre","localName":"Peña Torre","aliases":[],"kind":"peak","sourceId":"sitpa-physical","territoryIds":["es-as"],"elevationM":1453.8,"bbox":[-5.30354,43.22219,-5.30354,43.22219],"center":[-5.30354,43.22219]},"geometry":{"type":"Point","coordinates":[-5.30354,43.22219]}},{"type":"Feature","id":"physical-as-peak-names-030422-17988","properties":{"id":"physical-as-peak-names-030422-17988","slug":"pico-el-mayain","name":"Pico El Mayaín","localName":"Pico El Mayaín","aliases":[],"kind":"peak","sourceId":"sitpa-physical","territoryIds":["es-as"],"elevationM":1422.5,"bbox":[-5.27857,43.19245,-5.27857,43.19245],"center":[-5.27857,43.19245]},"geometry":{"type":"Point","coordinates":[-5.27857,43.19245]}},{"type":"Feature","id":"physical-as-peak-names-030422-17989","properties":{"id":"physical-as-peak-names-030422-17989","slug":"foz-filispando","name":"Foz Filispando","localName":"Foz Filispando","aliases":[],"kind":"peak","sourceId":"sitpa-physical","territoryIds":["es-as"],"elevationM":1404.5,"bbox":[-5.27572,43.19058,-5.27572,43.19058],"center":[-5.27572,43.19058]},"geometry":{"type":"Point","coordinates":[-5.27572,43.19058]}},{"type":"Feature","id":"physical-as-peak-names-030422-17990","properties":{"id":"physical-as-peak-names-030422-17990","slug":"pena-bucenaos","name":"Peña Bucenaos","localName":"Peña Bucenaos","aliases":[],"kind":"peak","sourceId":"sitpa-physical","territoryIds":["es-as"],"elevationM":1065,"bbox":[-5.29554,43.19199,-5.29554,43.19199],"center":[-5.29554,43.19199]},"geometry":{"type":"Point","coordinates":[-5.29554,43.19199]}},{"type":"Feature","id":"physical-as-peak-names-030422-17992","properties":{"id":"physical-as-peak-names-030422-17992","slug":"pena-conforcos","name":"Peña Conforcos","localName":"Peña Conforcos","aliases":[],"kind":"peak","sourceId":"sitpa-physical","territoryIds":["es-as"],"elevationM":1385,"bbox":[-5.2854,43.19169,-5.2854,43.19169],"center":[-5.2854,43.19169]},"geometry":{"type":"Point","coordinates":[-5.2854,43.19169]}},{"type":"Feature","id":"physical-as-peak-names-030422-18035","properties":{"id":"physical-as-peak-names-030422-18035","slug":"el-xierron","name":"El Xierrón","localName":"El Xierrón","aliases":[],"kind":"peak","sourceId":"sitpa-physical","territoryIds":["es-as"],"elevationM":1105.7,"bbox":[-5.28164,43.18536,-5.28164,43.18536],"center":[-5.28164,43.18536]},"geometry":{"type":"Point","coordinates":[-5.28164,43.18536]}},{"type":"Feature","id":"physical-as-peak-names-030422-18036","properties":{"id":"physical-as-peak-names-030422-18036","slug":"pico-requexon","name":"Pico Requexón","localName":"Pico Requexón","aliases":[],"kind":"peak","sourceId":"sitpa-physical","territoryIds":["es-as"],"elevationM":1545.2,"bbox":[-5.29167,43.17917,-5.29167,43.17917],"center":[-5.29167,43.17917]},"geometry":{"type":"Point","coordinates":[-5.29167,43.17917]}},{"type":"Feature","id":"physical-as-peak-names-030422-18037","properties":{"id":"physical-as-peak-names-030422-18037","slug":"pico-valdunes","name":"Pico Valdunes","localName":"Pico Valdunes","aliases":[],"kind":"peak","sourceId":"sitpa-physical","territoryIds":["es-as"],"elevationM":1373.3,"bbox":[-5.27582,43.1782,-5.27582,43.1782],"center":[-5.27582,43.1782]},"geometry":{"type":"Point","coordinates":[-5.27582,43.1782]}},{"type":"Feature","id":"physical-as-peak-names-030422-18038","properties":{"id":"physical-as-peak-names-030422-18038","slug":"pena-les-pries","name":"Peña Les Pries","localName":"Peña Les Pries","aliases":[],"kind":"peak","sourceId":"sitpa-physical","territoryIds":["es-as"],"elevationM":1700,"bbox":[-5.27262,43.17007,-5.27262,43.17007],"center":[-5.27262,43.17007]},"geometry":{"type":"Point","coordinates":[-5.27262,43.17007]}},{"type":"Feature","id":"physical-as-peak-names-030422-18039","properties":{"id":"physical-as-peak-names-030422-18039","slug":"cantu-la-estrella","name":"Cantu La Estrella","localName":"Cantu La Estrella","aliases":[],"kind":"peak","sourceId":"sitpa-physical","territoryIds":["es-as"],"elevationM":1327.1,"bbox":[-5.29441,43.17057,-5.29441,43.17057],"center":[-5.29441,43.17057]},"geometry":{"type":"Point","coordinates":[-5.29441,43.17057]}},{"type":"Feature","id":"physical-as-peak-names-030422-18040","properties":{"id":"physical-as-peak-names-030422-18040","slug":"pena-los-fuegos","name":"Peña Los Fuegos","localName":"Peña Los Fuegos","aliases":[],"kind":"peak","sourceId":"sitpa-physical","territoryIds":["es-as"],"elevationM":1265.2,"bbox":[-5.30927,43.18216,-5.30927,43.18216],"center":[-5.30927,43.18216]},"geometry":{"type":"Point","coordinates":[-5.30927,43.18216]}},{"type":"Feature","id":"physical-as-peak-names-030422-18314","properties":{"id":"physical-as-peak-names-030422-18314","slug":"pico-lavandera","name":"Pico Lavandera","localName":"Pico Lavandera","aliases":[],"kind":"peak","sourceId":"sitpa-physical","territoryIds":["es-as"],"elevationM":1244.1,"bbox":[-5.25905,43.26886,-5.25905,43.26886],"center":[-5.25905,43.26886]},"geometry":{"type":"Point","coordinates":[-5.25905,43.26886]}},{"type":"Feature","id":"physical-as-peak-names-030422-18315","properties":{"id":"physical-as-peak-names-030422-18315","slug":"pico-cuniu","name":"Pico Cuniu","localName":"Pico Cuniu","aliases":[],"kind":"peak","sourceId":"sitpa-physical","territoryIds":["es-as"],"elevationM":1239.8,"bbox":[-5.26085,43.2669,-5.26085,43.2669],"center":[-5.26085,43.2669]},"geometry":{"type":"Point","coordinates":[-5.26085,43.2669]}},{"type":"Feature","id":"physical-as-peak-names-030422-18316","properties":{"id":"physical-as-peak-names-030422-18316","slug":"pico-la-morena","name":"Pico La Morena","localName":"Pico La Morena","aliases":[],"kind":"peak","sourceId":"sitpa-physical","territoryIds":["es-as"],"elevationM":1100,"bbox":[-5.27078,43.25434,-5.27078,43.25434],"center":[-5.27078,43.25434]},"geometry":{"type":"Point","coordinates":[-5.27078,43.25434]}},{"type":"Feature","id":"physical-as-peak-names-030422-18317","properties":{"id":"physical-as-peak-names-030422-18317","slug":"pico-el-foyu","name":"Pico El Foyu","localName":"Pico El Foyu","aliases":[],"kind":"peak","sourceId":"sitpa-physical","territoryIds":["es-as"],"elevationM":1221.4,"bbox":[-5.2504,43.26793,-5.2504,43.26793],"center":[-5.2504,43.26793]},"geometry":{"type":"Point","coordinates":[-5.2504,43.26793]}},{"type":"Feature","id":"physical-as-peak-names-030422-18318","properties":{"id":"physical-as-peak-names-030422-18318","slug":"porru-el-furacu","name":"Porru El Furacu","localName":"Porru El Furacu","aliases":[],"kind":"peak","sourceId":"sitpa-physical","territoryIds":["es-as"],"elevationM":1189,"bbox":[-5.24705,43.26642,-5.24705,43.26642],"center":[-5.24705,43.26642]},"geometry":{"type":"Point","coordinates":[-5.24705,43.26642]}},{"type":"Feature","id":"physical-as-peak-names-030422-18321","properties":{"id":"physical-as-peak-names-030422-18321","slug":"pico-dobros","name":"Pico Dobros","localName":"Pico Dobros","aliases":[],"kind":"peak","sourceId":"sitpa-physical","territoryIds":["es-as"],"elevationM":1027.5,"bbox":[-5.23731,43.26117,-5.23731,43.26117],"center":[-5.23731,43.26117]},"geometry":{"type":"Point","coordinates":[-5.23731,43.26117]}},{"type":"Feature","id":"physical-as-peak-names-030422-18322","properties":{"id":"physical-as-peak-names-030422-18322","slug":"pico-el-raposil","name":"Pico El Raposil","localName":"Pico El Raposil","aliases":[],"kind":"peak","sourceId":"sitpa-physical","territoryIds":["es-as"],"elevationM":1025,"bbox":[-5.23623,43.26052,-5.23623,43.26052],"center":[-5.23623,43.26052]},"geometry":{"type":"Point","coordinates":[-5.23623,43.26052]}},{"type":"Feature","id":"physical-as-peak-names-030422-18354","properties":{"id":"physical-as-peak-names-030422-18354","slug":"pico-el-regueru","name":"Pico El Regueru","localName":"Pico El Regueru","aliases":[],"kind":"peak","sourceId":"sitpa-physical","territoryIds":["es-as"],"elevationM":1026.1,"bbox":[-5.26907,43.24263,-5.26907,43.24263],"center":[-5.26907,43.24263]},"geometry":{"type":"Point","coordinates":[-5.26907,43.24263]}},{"type":"Feature","id":"physical-as-peak-names-030422-18355","properties":{"id":"physical-as-peak-names-030422-18355","slug":"pico-branatorpe","name":"Pico Brañatorpe","localName":"Pico Brañatorpe","aliases":[],"kind":"peak","sourceId":"sitpa-physical","territoryIds":["es-as"],"elevationM":1057.3,"bbox":[-5.26342,43.24014,-5.26342,43.24014],"center":[-5.26342,43.24014]},"geometry":{"type":"Point","coordinates":[-5.26342,43.24014]}},{"type":"Feature","id":"physical-as-peak-names-030422-18358","properties":{"id":"physical-as-peak-names-030422-18358","slug":"pico-porru","name":"Pico Porru","localName":"Pico Porru","aliases":[],"kind":"peak","sourceId":"sitpa-physical","territoryIds":["es-as"],"elevationM":1093.6,"bbox":[-5.23576,43.23595,-5.23576,43.23595],"center":[-5.23576,43.23595]},"geometry":{"type":"Point","coordinates":[-5.23576,43.23595]}},{"type":"Feature","id":"physical-as-peak-names-030422-18392","properties":{"id":"physical-as-peak-names-030422-18392","slug":"porru-gue","name":"Porru Güe","localName":"Porru Güe","aliases":[],"kind":"peak","sourceId":"sitpa-physical","territoryIds":["es-as"],"elevationM":1645,"bbox":[-5.24514,43.21355,-5.24514,43.21355],"center":[-5.24514,43.21355]},"geometry":{"type":"Point","coordinates":[-5.24514,43.21355]}},{"type":"Feature","id":"physical-as-peak-names-030422-18393","properties":{"id":"physical-as-peak-names-030422-18393","slug":"pico-les-valles","name":"Pico Les Valles","localName":"Pico Les Valles","aliases":[],"kind":"peak","sourceId":"sitpa-physical","territoryIds":["es-as"],"elevationM":1670,"bbox":[-5.23836,43.21209,-5.23836,43.21209],"center":[-5.23836,43.21209]},"geometry":{"type":"Point","coordinates":[-5.23836,43.21209]}},{"type":"Feature","id":"physical-as-peak-names-030422-18436","properties":{"id":"physical-as-peak-names-030422-18436","slug":"fitu-cardosu","name":"Fitu Cardosu","localName":"Fitu Cardosu","aliases":[],"kind":"peak","sourceId":"sitpa-physical","territoryIds":["es-as"],"elevationM":1612.7,"bbox":[-5.25043,43.20691,-5.25043,43.20691],"center":[-5.25043,43.20691]},"geometry":{"type":"Point","coordinates":[-5.25043,43.20691]}},{"type":"Feature","id":"physical-as-peak-names-030422-18437","properties":{"id":"physical-as-peak-names-030422-18437","slug":"pico-campigurnos","name":"Pico Campigurños","localName":"Pico Campigurños","aliases":[],"kind":"peak","sourceId":"sitpa-physical","territoryIds":["es-as"],"elevationM":1592.2,"bbox":[-5.25288,43.20355,-5.25288,43.20355],"center":[-5.25288,43.20355]},"geometry":{"type":"Point","coordinates":[-5.25288,43.20355]}},{"type":"Feature","id":"physical-as-peak-names-030422-18438","properties":{"id":"physical-as-peak-names-030422-18438","slug":"pico-fitu-momellu","name":"Pico Fitu Momellu","localName":"Pico Fitu Momellu","aliases":[],"kind":"peak","sourceId":"sitpa-physical","territoryIds":["es-as"],"elevationM":1655,"bbox":[-5.25738,43.19991,-5.25738,43.19991],"center":[-5.25738,43.19991]},"geometry":{"type":"Point","coordinates":[-5.25738,43.19991]}},{"type":"Feature","id":"physical-as-peak-names-030422-18439","properties":{"id":"physical-as-peak-names-030422-18439","slug":"pico-cadiella","name":"Pico Cadiella","localName":"Pico Cadiella","aliases":[],"kind":"peak","sourceId":"sitpa-physical","territoryIds":["es-as"],"elevationM":1585,"bbox":[-5.25481,43.19784,-5.25481,43.19784],"center":[-5.25481,43.19784]},"geometry":{"type":"Point","coordinates":[-5.25481,43.19784]}},{"type":"Feature","id":"physical-as-peak-names-030422-18440","properties":{"id":"physical-as-peak-names-030422-18440","slug":"pico-relucienti","name":"Pico Relucienti","localName":"Pico Relucienti","aliases":[],"kind":"peak","sourceId":"sitpa-physical","territoryIds":["es-as"],"elevationM":1585,"bbox":[-5.25352,43.19593,-5.25352,43.19593],"center":[-5.25352,43.19593]},"geometry":{"type":"Point","coordinates":[-5.25352,43.19593]}},{"type":"Feature","id":"physical-as-peak-names-030422-18441","properties":{"id":"physical-as-peak-names-030422-18441","slug":"penon-pequenu","name":"Peñón Pequenu","localName":"Peñón Pequenu","aliases":[],"kind":"peak","sourceId":"sitpa-physical","territoryIds":["es-as"],"elevationM":1574.4,"bbox":[-5.25262,43.19434,-5.25262,43.19434],"center":[-5.25262,43.19434]},"geometry":{"type":"Point","coordinates":[-5.25262,43.19434]}},{"type":"Feature","id":"physical-as-peak-names-030422-18442","properties":{"id":"physical-as-peak-names-030422-18442","slug":"penon-mostallera","name":"Peñón Mostallera","localName":"Peñón Mostallera","aliases":[],"kind":"peak","sourceId":"sitpa-physical","territoryIds":["es-as"],"elevationM":1565,"bbox":[-5.25243,43.19377,-5.25243,43.19377],"center":[-5.25243,43.19377]},"geometry":{"type":"Point","coordinates":[-5.25243,43.19377]}},{"type":"Feature","id":"physical-as-peak-names-030422-18443","properties":{"id":"physical-as-peak-names-030422-18443","slug":"penon-valle-queyera","name":"Peñón Valle Queyera","localName":"Peñón Valle Queyera","aliases":[],"kind":"peak","sourceId":"sitpa-physical","territoryIds":["es-as"],"elevationM":1535.3,"bbox":[-5.25028,43.19176,-5.25028,43.19176],"center":[-5.25028,43.19176]},"geometry":{"type":"Point","coordinates":[-5.25028,43.19176]}},{"type":"Feature","id":"physical-as-peak-names-030422-18444","properties":{"id":"physical-as-peak-names-030422-18444","slug":"penon-foyos","name":"Peñón Foyos","localName":"Peñón Foyos","aliases":[],"kind":"peak","sourceId":"sitpa-physical","territoryIds":["es-as"],"elevationM":1616.5,"bbox":[-5.24764,43.18941,-5.24764,43.18941],"center":[-5.24764,43.18941]},"geometry":{"type":"Point","coordinates":[-5.24764,43.18941]}},{"type":"Feature","id":"physical-as-peak-names-030422-18445","properties":{"id":"physical-as-peak-names-030422-18445","slug":"pico-penalba","name":"Pico Peñalba","localName":"Pico Peñalba","aliases":[],"kind":"peak","sourceId":"sitpa-physical","territoryIds":["es-as"],"elevationM":1555,"bbox":[-5.24602,43.19076,-5.24602,43.19076],"center":[-5.24602,43.19076]},"geometry":{"type":"Point","coordinates":[-5.24602,43.19076]}},{"type":"Feature","id":"physical-as-peak-names-030422-18446","properties":{"id":"physical-as-peak-names-030422-18446","slug":"otero-de-los-nayarizgos","name":"Otero De Los Nayarizgos","localName":"Otero De Los Nayarizgos","aliases":[],"kind":"peak","sourceId":"sitpa-physical","territoryIds":["es-as"],"elevationM":1445.5,"bbox":[-5.25026,43.19755,-5.25026,43.19755],"center":[-5.25026,43.19755]},"geometry":{"type":"Point","coordinates":[-5.25026,43.19755]}},{"type":"Feature","id":"physical-as-peak-names-030422-18447","properties":{"id":"physical-as-peak-names-030422-18447","slug":"otero-los-foyos","name":"Otero Los Foyos","localName":"Otero Los Foyos","aliases":[],"kind":"peak","sourceId":"sitpa-physical","territoryIds":["es-as"],"elevationM":1476.6,"bbox":[-5.25027,43.19539,-5.25027,43.19539],"center":[-5.25027,43.19539]},"geometry":{"type":"Point","coordinates":[-5.25027,43.19539]}},{"type":"Feature","id":"physical-as-peak-names-030422-18448","properties":{"id":"physical-as-peak-names-030422-18448","slug":"otero-miradiero-de-los-foyos","name":"Otero Miradiero De Los Foyos","localName":"Otero Miradiero De Los Foyos","aliases":[],"kind":"peak","sourceId":"sitpa-physical","territoryIds":["es-as"],"elevationM":1470.5,"bbox":[-5.24966,43.19403,-5.24966,43.19403],"center":[-5.24966,43.19403]},"geometry":{"type":"Point","coordinates":[-5.24966,43.19403]}},{"type":"Feature","id":"physical-as-peak-names-030422-18449","properties":{"id":"physical-as-peak-names-030422-18449","slug":"pico-la-barrasquerona","name":"Pico La Barrasquerona","localName":"Pico La Barrasquerona","aliases":[],"kind":"peak","sourceId":"sitpa-physical","territoryIds":["es-as"],"elevationM":1485,"bbox":[-5.24829,43.19334,-5.24829,43.19334],"center":[-5.24829,43.19334]},"geometry":{"type":"Point","coordinates":[-5.24829,43.19334]}},{"type":"Feature","id":"physical-as-peak-names-030422-18450","properties":{"id":"physical-as-peak-names-030422-18450","slug":"pico-socueva","name":"Pico Socueva","localName":"Pico Socueva","aliases":[],"kind":"peak","sourceId":"sitpa-physical","territoryIds":["es-as"],"elevationM":1252.7,"bbox":[-5.24271,43.1987,-5.24271,43.1987],"center":[-5.24271,43.1987]},"geometry":{"type":"Point","coordinates":[-5.24271,43.1987]}},{"type":"Feature","id":"physical-as-peak-names-030422-18451","properties":{"id":"physical-as-peak-names-030422-18451","slug":"pena-taranes","name":"Peña Taranes","localName":"Peña Taranes","aliases":[],"kind":"peak","sourceId":"sitpa-physical","territoryIds":["es-as"],"elevationM":1610.6,"bbox":[-5.23394,43.20691,-5.23394,43.20691],"center":[-5.23394,43.20691]},"geometry":{"type":"Point","coordinates":[-5.23394,43.20691]}},{"type":"Feature","id":"physical-as-peak-names-030422-18452","properties":{"id":"physical-as-peak-names-030422-18452","slug":"pico-la-mostayera","name":"Pico La Mostayera","localName":"Pico La Mostayera","aliases":[],"kind":"peak","sourceId":"sitpa-physical","territoryIds":["es-as"],"elevationM":1500,"bbox":[-5.26523,43.18852,-5.26523,43.18852],"center":[-5.26523,43.18852]},"geometry":{"type":"Point","coordinates":[-5.26523,43.18852]}},{"type":"Feature","id":"physical-as-peak-names-030422-18468","properties":{"id":"physical-as-peak-names-030422-18468","slug":"pico-la-magrera","name":"Pico La Magrera","localName":"Pico La Magrera","aliases":[],"kind":"peak","sourceId":"sitpa-physical","territoryIds":["es-as"],"elevationM":1554.5,"bbox":[-5.2457,43.18656,-5.2457,43.18656],"center":[-5.2457,43.18656]},"geometry":{"type":"Point","coordinates":[-5.2457,43.18656]}},{"type":"Feature","id":"physical-as-peak-names-030422-18469","properties":{"id":"physical-as-peak-names-030422-18469","slug":"xierro-loto-el-abezon","name":"Xierro Loto El Abezón","localName":"Xierro Loto El Abezón","aliases":[],"kind":"peak","sourceId":"sitpa-physical","territoryIds":["es-as"],"elevationM":1547.1,"bbox":[-5.26059,43.1743,-5.26059,43.1743],"center":[-5.26059,43.1743]},"geometry":{"type":"Point","coordinates":[-5.26059,43.1743]}},{"type":"Feature","id":"physical-as-peak-names-030422-18470","properties":{"id":"physical-as-peak-names-030422-18470","slug":"pico-cornielles","name":"Pico Cornielles","localName":"Pico Cornielles","aliases":[],"kind":"peak","sourceId":"sitpa-physical","territoryIds":["es-as"],"elevationM":1740,"bbox":[-5.26187,43.17906,-5.26187,43.17906],"center":[-5.26187,43.17906]},"geometry":{"type":"Point","coordinates":[-5.26187,43.17906]}},{"type":"Feature","id":"physical-as-peak-names-030422-18668","properties":{"id":"physical-as-peak-names-030422-18668","slug":"pico-los-corazales","name":"Pico Los Corazales","localName":"Pico Los Corazales","aliases":[],"kind":"peak","sourceId":"sitpa-physical","territoryIds":["es-as"],"elevationM":1014.9,"bbox":[-5.20673,43.27666,-5.20673,43.27666],"center":[-5.20673,43.27666]},"geometry":{"type":"Point","coordinates":[-5.20673,43.27666]}},{"type":"Feature","id":"physical-as-peak-names-030422-18669","properties":{"id":"physical-as-peak-names-030422-18669","slug":"pico-cetin","name":"Pico Cetín","localName":"Pico Cetín","aliases":[],"kind":"peak","sourceId":"sitpa-physical","territoryIds":["es-as"],"elevationM":1117.6,"bbox":[-5.20309,43.28007,-5.20309,43.28007],"center":[-5.20309,43.28007]},"geometry":{"type":"Point","coordinates":[-5.20309,43.28007]}},{"type":"Feature","id":"physical-as-peak-names-030422-18815","properties":{"id":"physical-as-peak-names-030422-18815","slug":"pico-la-crespa","name":"Pico La Crespa","localName":"Pico La Crespa","aliases":[],"kind":"peak","sourceId":"sitpa-physical","territoryIds":["es-as"],"elevationM":1156.9,"bbox":[-5.22052,43.22122,-5.22052,43.22122],"center":[-5.22052,43.22122]},"geometry":{"type":"Point","coordinates":[-5.22052,43.22122]}},{"type":"Feature","id":"physical-as-peak-names-030422-18816","properties":{"id":"physical-as-peak-names-030422-18816","slug":"pico-camora","name":"Pico Camora","localName":"Pico Camora","aliases":[],"kind":"peak","sourceId":"sitpa-physical","territoryIds":["es-as"],"elevationM":1140,"bbox":[-5.22051,43.2188,-5.22051,43.2188],"center":[-5.22051,43.2188]},"geometry":{"type":"Point","coordinates":[-5.22051,43.2188]}},{"type":"Feature","id":"physical-as-peak-names-030422-18817","properties":{"id":"physical-as-peak-names-030422-18817","slug":"pico-la-cuguruta","name":"Pico La Cuguruta","localName":"Pico La Cuguruta","aliases":[],"kind":"peak","sourceId":"sitpa-physical","territoryIds":["es-as"],"elevationM":1160,"bbox":[-5.22173,43.21721,-5.22173,43.21721],"center":[-5.22173,43.21721]},"geometry":{"type":"Point","coordinates":[-5.22173,43.21721]}},{"type":"Feature","id":"physical-as-peak-names-030422-18873","properties":{"id":"physical-as-peak-names-030422-18873","slug":"pena-la-encia","name":"Peña La Encía","localName":"Peña La Encía","aliases":[],"kind":"peak","sourceId":"sitpa-physical","territoryIds":["es-as"],"elevationM":1264.1,"bbox":[-5.21937,43.19224,-5.21937,43.19224],"center":[-5.21937,43.19224]},"geometry":{"type":"Point","coordinates":[-5.21937,43.19224]}},{"type":"Feature","id":"physical-as-peak-names-030422-18957","properties":{"id":"physical-as-peak-names-030422-18957","slug":"pena-suanciu","name":"Peña Suanciu","localName":"Peña Suanciu","aliases":[],"kind":"peak","sourceId":"sitpa-physical","territoryIds":["es-as"],"elevationM":1707.4,"bbox":[-5.2193,43.18567,-5.2193,43.18567],"center":[-5.2193,43.18567]},"geometry":{"type":"Point","coordinates":[-5.2193,43.18567]}},{"type":"Feature","id":"physical-as-peak-names-030422-19132","properties":{"id":"physical-as-peak-names-030422-19132","slug":"la-porra-l-toyu","name":"La Porra'l Toyu","localName":"La Porra'l Toyu","aliases":[],"kind":"peak","sourceId":"sitpa-physical","territoryIds":["es-as"],"elevationM":1055,"bbox":[-5.18686,43.23095,-5.18686,43.23095],"center":[-5.18686,43.23095]},"geometry":{"type":"Point","coordinates":[-5.18686,43.23095]}},{"type":"Feature","id":"physical-as-peak-names-030422-19138","properties":{"id":"physical-as-peak-names-030422-19138","slug":"pico-pierzu","name":"Pico Pierzu","localName":"Pico Pierzu","aliases":[],"kind":"peak","sourceId":"sitpa-physical","territoryIds":["es-as"],"elevationM":1525,"bbox":[-5.15552,43.23181,-5.15552,43.23181],"center":[-5.15552,43.23181]},"geometry":{"type":"Point","coordinates":[-5.15552,43.23181]}},{"type":"Feature","id":"physical-as-peak-names-030422-19140","properties":{"id":"physical-as-peak-names-030422-19140","slug":"porru-la-cuvillina","name":"Porru La Cuvillina","localName":"Porru La Cuvillina","aliases":[],"kind":"peak","sourceId":"sitpa-physical","territoryIds":["es-as"],"elevationM":1030.4,"bbox":[-5.18548,43.2299,-5.18548,43.2299],"center":[-5.18548,43.2299]},"geometry":{"type":"Point","coordinates":[-5.18548,43.2299]}},{"type":"Feature","id":"physical-as-peak-names-030422-19179","properties":{"id":"physical-as-peak-names-030422-19179","slug":"pico-la-guerfana","name":"Pico La Güerfana","localName":"Pico La Güerfana","aliases":[],"kind":"peak","sourceId":"sitpa-physical","territoryIds":["es-as"],"elevationM":1260,"bbox":[-5.17262,43.22689,-5.17262,43.22689],"center":[-5.17262,43.22689]},"geometry":{"type":"Point","coordinates":[-5.17262,43.22689]}},{"type":"Feature","id":"physical-as-peak-names-030422-19180","properties":{"id":"physical-as-peak-names-030422-19180","slug":"el-foyu","name":"El Foyu","localName":"El Foyu","aliases":[],"kind":"peak","sourceId":"sitpa-physical","territoryIds":["es-as"],"elevationM":1160,"bbox":[-5.17006,43.22641,-5.17006,43.22641],"center":[-5.17006,43.22641]},"geometry":{"type":"Point","coordinates":[-5.17006,43.22641]}},{"type":"Feature","id":"physical-as-peak-names-030422-19181","properties":{"id":"physical-as-peak-names-030422-19181","slug":"la-corona-l-cuetu","name":"La Corona'l Cuetu","localName":"La Corona'l Cuetu","aliases":[],"kind":"peak","sourceId":"sitpa-physical","territoryIds":["es-as"],"elevationM":1105.8,"bbox":[-5.18726,43.21688,-5.18726,43.21688],"center":[-5.18726,43.21688]},"geometry":{"type":"Point","coordinates":[-5.18726,43.21688]}},{"type":"Feature","id":"physical-as-peak-names-030422-19182","properties":{"id":"physical-as-peak-names-030422-19182","slug":"cruz-de-valdore","name":"Cruz De Valdoré","localName":"Cruz De Valdoré","aliases":[],"kind":"peak","sourceId":"sitpa-physical","territoryIds":["es-as"],"elevationM":1342.2,"bbox":[-5.17433,43.21699,-5.17433,43.21699],"center":[-5.17433,43.21699]},"geometry":{"type":"Point","coordinates":[-5.17433,43.21699]}},{"type":"Feature","id":"physical-as-peak-names-030422-19183","properties":{"id":"physical-as-peak-names-030422-19183","slug":"cueva-les-pallombines","name":"Cueva Les Pallombines","localName":"Cueva Les Pallombines","aliases":[],"kind":"peak","sourceId":"sitpa-physical","territoryIds":["es-as"],"elevationM":1049.4,"bbox":[-5.16667,43.22288,-5.16667,43.22288],"center":[-5.16667,43.22288]},"geometry":{"type":"Point","coordinates":[-5.16667,43.22288]}},{"type":"Feature","id":"physical-as-peak-names-030422-19585","properties":{"id":"physical-as-peak-names-030422-19585","slug":"pico-el-teyeu","name":"Pico El Teyéu","localName":"Pico El Teyéu","aliases":[],"kind":"peak","sourceId":"sitpa-physical","territoryIds":["es-as"],"elevationM":1030.4,"bbox":[-5.14064,43.24561,-5.14064,43.24561],"center":[-5.14064,43.24561]},"geometry":{"type":"Point","coordinates":[-5.14064,43.24561]}},{"type":"Feature","id":"physical-as-peak-names-030422-19618","properties":{"id":"physical-as-peak-names-030422-19618","slug":"les-segaes","name":"Les Segaes","localName":"Les Segaes","aliases":[],"kind":"peak","sourceId":"sitpa-physical","territoryIds":["es-as"],"elevationM":1282.8,"bbox":[-5.11297,43.22295,-5.11297,43.22295],"center":[-5.11297,43.22295]},"geometry":{"type":"Point","coordinates":[-5.11297,43.22295]}},{"type":"Feature","id":"physical-as-peak-names-030422-19619","properties":{"id":"physical-as-peak-names-030422-19619","slug":"collada-robre","name":"Collada Robre","localName":"Collada Robre","aliases":[],"kind":"peak","sourceId":"sitpa-physical","territoryIds":["es-as"],"elevationM":1256.6,"bbox":[-5.11126,43.22402,-5.11126,43.22402],"center":[-5.11126,43.22402]},"geometry":{"type":"Point","coordinates":[-5.11126,43.22402]}},{"type":"Feature","id":"physical-as-peak-names-030422-19620","properties":{"id":"physical-as-peak-names-030422-19620","slug":"cabeza-la-maeda","name":"Cabeza La Maeda","localName":"Cabeza La Maeda","aliases":[],"kind":"peak","sourceId":"sitpa-physical","territoryIds":["es-as"],"elevationM":1295,"bbox":[-5.10996,43.2245,-5.10996,43.2245],"center":[-5.10996,43.2245]},"geometry":{"type":"Point","coordinates":[-5.10996,43.2245]}},{"type":"Feature","id":"physical-as-peak-names-030422-19621","properties":{"id":"physical-as-peak-names-030422-19621","slug":"sielles-de-cabestreu","name":"Sielles De Cabestreu","localName":"Sielles De Cabestreu","aliases":[],"kind":"peak","sourceId":"sitpa-physical","territoryIds":["es-as"],"elevationM":1256.4,"bbox":[-5.1245,43.22059,-5.1245,43.22059],"center":[-5.1245,43.22059]},"geometry":{"type":"Point","coordinates":[-5.1245,43.22059]}},{"type":"Feature","id":"physical-as-peak-names-030422-19622","properties":{"id":"physical-as-peak-names-030422-19622","slug":"cabeza-boes","name":"Cabeza Boes","localName":"Cabeza Boes","aliases":[],"kind":"peak","sourceId":"sitpa-physical","territoryIds":["es-as"],"elevationM":1035,"bbox":[-5.13114,43.22708,-5.13114,43.22708],"center":[-5.13114,43.22708]},"geometry":{"type":"Point","coordinates":[-5.13114,43.22708]}},{"type":"Feature","id":"physical-as-peak-names-030422-19625","properties":{"id":"physical-as-peak-names-030422-19625","slug":"pico-veleru","name":"Pico Veleru","localName":"Pico Veleru","aliases":[],"kind":"peak","sourceId":"sitpa-physical","territoryIds":["es-as"],"elevationM":1214.6,"bbox":[-5.12577,43.21028,-5.12577,43.21028],"center":[-5.12577,43.21028]},"geometry":{"type":"Point","coordinates":[-5.12577,43.21028]}},{"type":"Feature","id":"physical-as-peak-names-030422-19626","properties":{"id":"physical-as-peak-names-030422-19626","slug":"pico-carria-robre","name":"Pico Carriá (robre)","localName":"Pico Carriá (robre)","aliases":[],"kind":"peak","sourceId":"sitpa-physical","territoryIds":["es-as"],"elevationM":1396.5,"bbox":[-5.11631,43.22201,-5.11631,43.22201],"center":[-5.11631,43.22201]},"geometry":{"type":"Point","coordinates":[-5.11631,43.22201]}},{"type":"Feature","id":"physical-as-peak-names-030422-19627","properties":{"id":"physical-as-peak-names-030422-19627","slug":"collau-boya","name":"Colláu Boya","localName":"Colláu Boya","aliases":[],"kind":"peak","sourceId":"sitpa-physical","territoryIds":["es-as"],"elevationM":1033.7,"bbox":[-5.13152,43.20967,-5.13152,43.20967],"center":[-5.13152,43.20967]},"geometry":{"type":"Point","coordinates":[-5.13152,43.20967]}},{"type":"Feature","id":"physical-as-peak-names-030422-19628","properties":{"id":"physical-as-peak-names-030422-19628","slug":"collada-arganada","name":"Collada Argañada","localName":"Collada Argañada","aliases":[],"kind":"peak","sourceId":"sitpa-physical","territoryIds":["es-as"],"elevationM":1022.9,"bbox":[-5.14181,43.21098,-5.14181,43.21098],"center":[-5.14181,43.21098]},"geometry":{"type":"Point","coordinates":[-5.14181,43.21098]}},{"type":"Feature","id":"physical-as-peak-names-030422-19629","properties":{"id":"physical-as-peak-names-030422-19629","slug":"c-o-l-l-a-u-v-e-n-t-o-s-a","name":"C O L L Á U V E N T O S A","localName":"C O L L Á U V E N T O S A","aliases":[],"kind":"peak","sourceId":"sitpa-physical","territoryIds":["es-as"],"elevationM":2202.2,"bbox":[-5.12838,43.21044,-5.12838,43.21044],"center":[-5.12838,43.21044]},"geometry":{"type":"Point","coordinates":[-5.12838,43.21044]}},{"type":"Feature","id":"physical-as-peak-names-030422-19659","properties":{"id":"physical-as-peak-names-030422-19659","slug":"pena-salon","name":"Peña Salón","localName":"Peña Salón","aliases":[],"kind":"peak","sourceId":"sitpa-physical","territoryIds":["es-as"],"elevationM":1239.8,"bbox":[-5.10837,43.19082,-5.10837,43.19082],"center":[-5.10837,43.19082]},"geometry":{"type":"Point","coordinates":[-5.10837,43.19082]}},{"type":"Feature","id":"physical-as-peak-names-030422-19689","properties":{"id":"physical-as-peak-names-030422-19689","slug":"la-mota","name":"La Mota","localName":"La Mota","aliases":[],"kind":"peak","sourceId":"sitpa-physical","territoryIds":["es-as"],"elevationM":1397.2,"bbox":[-5.13385,43.17333,-5.13385,43.17333],"center":[-5.13385,43.17333]},"geometry":{"type":"Point","coordinates":[-5.13385,43.17333]}},{"type":"Feature","id":"physical-as-peak-names-030422-19690","properties":{"id":"physical-as-peak-names-030422-19690","slug":"collau-la-mota","name":"Colláu La Mota","localName":"Colláu La Mota","aliases":[],"kind":"peak","sourceId":"sitpa-physical","territoryIds":["es-as"],"elevationM":1323,"bbox":[-5.1315,43.17494,-5.1315,43.17494],"center":[-5.1315,43.17494]},"geometry":{"type":"Point","coordinates":[-5.1315,43.17494]}},{"type":"Feature","id":"physical-as-peak-names-030422-19876","properties":{"id":"physical-as-peak-names-030422-19876","slug":"priniello","name":"Priniello","localName":"Priniello","aliases":[],"kind":"peak","sourceId":"sitpa-physical","territoryIds":["es-as"],"elevationM":1223.3,"bbox":[-5.0653,43.25566,-5.0653,43.25566],"center":[-5.0653,43.25566]},"geometry":{"type":"Point","coordinates":[-5.0653,43.25566]}},{"type":"Feature","id":"physical-as-peak-names-030422-19880","properties":{"id":"physical-as-peak-names-030422-19880","slug":"el-porron","name":"El Porrón","localName":"El Porrón","aliases":[],"kind":"peak","sourceId":"sitpa-physical","territoryIds":["es-as"],"elevationM":1094.8,"bbox":[-5.08081,43.26188,-5.08081,43.26188],"center":[-5.08081,43.26188]},"geometry":{"type":"Point","coordinates":[-5.08081,43.26188]}},{"type":"Feature","id":"physical-as-peak-names-030422-19886","properties":{"id":"physical-as-peak-names-030422-19886","slug":"porru-la-cueva","name":"Porru La Cueva","localName":"Porru La Cueva","aliases":[],"kind":"peak","sourceId":"sitpa-physical","territoryIds":["es-as"],"elevationM":1055,"bbox":[-5.0995,43.26833,-5.0995,43.26833],"center":[-5.0995,43.26833]},"geometry":{"type":"Point","coordinates":[-5.0995,43.26833]}},{"type":"Feature","id":"physical-as-peak-names-030422-20028","properties":{"id":"physical-as-peak-names-030422-20028","slug":"cueto-la-colladiella","name":"Cueto La Colladiella","localName":"Cueto La Colladiella","aliases":[],"kind":"peak","sourceId":"sitpa-physical","territoryIds":["es-as"],"elevationM":1150,"bbox":[-5.06795,43.21002,-5.06795,43.21002],"center":[-5.06795,43.21002]},"geometry":{"type":"Point","coordinates":[-5.06795,43.21002]}},{"type":"Feature","id":"physical-as-peak-names-030422-20031","properties":{"id":"physical-as-peak-names-030422-20031","slug":"pico-canellin","name":"Pico Canellín","localName":"Pico Canellín","aliases":[],"kind":"peak","sourceId":"sitpa-physical","territoryIds":["es-as"],"elevationM":1080,"bbox":[-5.08206,43.22486,-5.08206,43.22486],"center":[-5.08206,43.22486]},"geometry":{"type":"Point","coordinates":[-5.08206,43.22486]}},{"type":"Feature","id":"physical-as-peak-names-030422-20033","properties":{"id":"physical-as-peak-names-030422-20033","slug":"pico-los-cuchillones","name":"Pico Los Cuchillones","localName":"Pico Los Cuchillones","aliases":[],"kind":"peak","sourceId":"sitpa-physical","territoryIds":["es-as"],"elevationM":1140,"bbox":[-5.0783,43.22169,-5.0783,43.22169],"center":[-5.0783,43.22169]},"geometry":{"type":"Point","coordinates":[-5.0783,43.22169]}},{"type":"Feature","id":"physical-as-peak-names-030422-20034","properties":{"id":"physical-as-peak-names-030422-20034","slug":"el-monxe","name":"El Monxe","localName":"El Monxe","aliases":[],"kind":"peak","sourceId":"sitpa-physical","territoryIds":["es-as"],"elevationM":1290.2,"bbox":[-5.06333,43.21491,-5.06333,43.21491],"center":[-5.06333,43.21491]},"geometry":{"type":"Point","coordinates":[-5.06333,43.21491]}},{"type":"Feature","id":"physical-as-peak-names-030422-20037","properties":{"id":"physical-as-peak-names-030422-20037","slug":"pico-carga-del-valle","name":"Pico Carga Del Valle","localName":"Pico Carga Del Valle","aliases":[],"kind":"peak","sourceId":"sitpa-physical","territoryIds":["es-as"],"elevationM":1145,"bbox":[-5.07324,43.22254,-5.07324,43.22254],"center":[-5.07324,43.22254]},"geometry":{"type":"Point","coordinates":[-5.07324,43.22254]}},{"type":"Feature","id":"physical-as-peak-names-030422-20095","properties":{"id":"physical-as-peak-names-030422-20095","slug":"jucantu","name":"Jucantu","localName":"Jucantu","aliases":[],"kind":"peak","sourceId":"sitpa-physical","territoryIds":["es-as"],"elevationM":1371.6,"bbox":[-5.06993,43.19621,-5.06993,43.19621],"center":[-5.06993,43.19621]},"geometry":{"type":"Point","coordinates":[-5.06993,43.19621]}},{"type":"Feature","id":"physical-as-peak-names-030422-20097","properties":{"id":"physical-as-peak-names-030422-20097","slug":"m-o-n-t-e-l-a-c-a-s-e-r-a","name":"M O N T E L A C A S E R A","localName":"M O N T E L A C A S E R A","aliases":[],"kind":"peak","sourceId":"sitpa-physical","territoryIds":["es-as"],"elevationM":1150,"bbox":[-5.06812,43.19948,-5.06812,43.19948],"center":[-5.06812,43.19948]},"geometry":{"type":"Point","coordinates":[-5.06812,43.19948]}},{"type":"Feature","id":"physical-as-peak-names-030422-20099","properties":{"id":"physical-as-peak-names-030422-20099","slug":"m-o-n-t-e-s-o-l-p-i-c-u","name":"M O N T E S O L P I C U","localName":"M O N T E S O L P I C U","aliases":[],"kind":"peak","sourceId":"sitpa-physical","territoryIds":["es-as"],"elevationM":1090,"bbox":[-5.10092,43.19446,-5.10092,43.19446],"center":[-5.10092,43.19446]},"geometry":{"type":"Point","coordinates":[-5.10092,43.19446]}},{"type":"Feature","id":"physical-as-peak-names-030422-20103","properties":{"id":"physical-as-peak-names-030422-20103","slug":"collau-del-d-errabau","name":"Colláu Del D'errabáu","localName":"Colláu Del D'errabáu","aliases":[],"kind":"peak","sourceId":"sitpa-physical","territoryIds":["es-as"],"elevationM":1160,"bbox":[-5.07315,43.19472,-5.07315,43.19472],"center":[-5.07315,43.19472]},"geometry":{"type":"Point","coordinates":[-5.07315,43.19472]}},{"type":"Feature","id":"physical-as-peak-names-030422-20139","properties":{"id":"physical-as-peak-names-030422-20139","slug":"bodieyu","name":"Bodieyu","localName":"Bodieyu","aliases":[],"kind":"peak","sourceId":"sitpa-physical","territoryIds":["es-as"],"elevationM":1139.1,"bbox":[-5.09757,43.17616,-5.09757,43.17616],"center":[-5.09757,43.17616]},"geometry":{"type":"Point","coordinates":[-5.09757,43.17616]}},{"type":"Feature","id":"physical-as-peak-names-030422-20140","properties":{"id":"physical-as-peak-names-030422-20140","slug":"pico-pedrosu","name":"Pico Pedrosu","localName":"Pico Pedrosu","aliases":[],"kind":"peak","sourceId":"sitpa-physical","territoryIds":["es-as"],"elevationM":1371,"bbox":[-5.10048,43.16947,-5.10048,43.16947],"center":[-5.10048,43.16947]},"geometry":{"type":"Point","coordinates":[-5.10048,43.16947]}},{"type":"Feature","id":"physical-as-peak-names-030422-20141","properties":{"id":"physical-as-peak-names-030422-20141","slug":"la-pica-sues","name":"La Pica Sues","localName":"La Pica Sues","aliases":[],"kind":"peak","sourceId":"sitpa-physical","territoryIds":["es-as"],"elevationM":1462.2,"bbox":[-5.10029,43.16735,-5.10029,43.16735],"center":[-5.10029,43.16735]},"geometry":{"type":"Point","coordinates":[-5.10029,43.16735]}},{"type":"Feature","id":"physical-as-peak-names-030422-20142","properties":{"id":"physical-as-peak-names-030422-20142","slug":"pico-norin","name":"Pico Ñorín","localName":"Pico Ñorín","aliases":[],"kind":"peak","sourceId":"sitpa-physical","territoryIds":["es-as"],"elevationM":1172.2,"bbox":[-5.08621,43.16882,-5.08621,43.16882],"center":[-5.08621,43.16882]},"geometry":{"type":"Point","coordinates":[-5.08621,43.16882]}},{"type":"Feature","id":"physical-as-peak-names-030422-20145","properties":{"id":"physical-as-peak-names-030422-20145","slug":"cuetos-de-la-cuestona","name":"Cuetos De La Cuestona","localName":"Cuetos De La Cuestona","aliases":[],"kind":"peak","sourceId":"sitpa-physical","territoryIds":["es-as"],"elevationM":1290,"bbox":[-5.09448,43.16826,-5.09448,43.16826],"center":[-5.09448,43.16826]},"geometry":{"type":"Point","coordinates":[-5.09448,43.16826]}},{"type":"Feature","id":"physical-as-peak-names-030422-20146","properties":{"id":"physical-as-peak-names-030422-20146","slug":"pico-la-plana","name":"Pico La Plana","localName":"Pico La Plana","aliases":[],"kind":"peak","sourceId":"sitpa-physical","territoryIds":["es-as"],"elevationM":1185,"bbox":[-5.06651,43.17451,-5.06651,43.17451],"center":[-5.06651,43.17451]},"geometry":{"type":"Point","coordinates":[-5.06651,43.17451]}},{"type":"Feature","id":"physical-as-peak-names-030422-20263","properties":{"id":"physical-as-peak-names-030422-20263","slug":"porru-tresllue","name":"Porru Tresllué","localName":"Porru Tresllué","aliases":[],"kind":"peak","sourceId":"sitpa-physical","territoryIds":["es-as"],"elevationM":1009.4,"bbox":[-5.0425,43.28171,-5.0425,43.28171],"center":[-5.0425,43.28171]},"geometry":{"type":"Point","coordinates":[-5.0425,43.28171]}},{"type":"Feature","id":"physical-as-peak-names-030422-20267","properties":{"id":"physical-as-peak-names-030422-20267","slug":"porru-caballero","name":"Porru Caballero","localName":"Porru Caballero","aliases":[],"kind":"peak","sourceId":"sitpa-physical","territoryIds":["es-as"],"elevationM":1073.9,"bbox":[-5.04097,43.27197,-5.04097,43.27197],"center":[-5.04097,43.27197]},"geometry":{"type":"Point","coordinates":[-5.04097,43.27197]}},{"type":"Feature","id":"physical-as-peak-names-030422-20268","properties":{"id":"physical-as-peak-names-030422-20268","slug":"porru-la-jermosa","name":"Porru La Jermosa","localName":"Porru La Jermosa","aliases":[],"kind":"peak","sourceId":"sitpa-physical","territoryIds":["es-as"],"elevationM":1051.3,"bbox":[-5.03524,43.27624,-5.03524,43.27624],"center":[-5.03524,43.27624]},"geometry":{"type":"Point","coordinates":[-5.03524,43.27624]}},{"type":"Feature","id":"physical-as-peak-names-030422-20303","properties":{"id":"physical-as-peak-names-030422-20303","slug":"porru-l-pison","name":"Porru'l Pisón","localName":"Porru'l Pisón","aliases":[],"kind":"peak","sourceId":"sitpa-physical","territoryIds":["es-as"],"elevationM":1055.9,"bbox":[-5.05217,43.26862,-5.05217,43.26862],"center":[-5.05217,43.26862]},"geometry":{"type":"Point","coordinates":[-5.05217,43.26862]}},{"type":"Feature","id":"physical-as-peak-names-030422-20304","properties":{"id":"physical-as-peak-names-030422-20304","slug":"los-redondos","name":"Los Redondos","localName":"Los Redondos","aliases":[],"kind":"peak","sourceId":"sitpa-physical","territoryIds":["es-as"],"elevationM":1240,"bbox":[-5.05976,43.25129,-5.05976,43.25129],"center":[-5.05976,43.25129]},"geometry":{"type":"Point","coordinates":[-5.05976,43.25129]}},{"type":"Feature","id":"physical-as-peak-names-030422-20305","properties":{"id":"physical-as-peak-names-030422-20305","slug":"les-vidrioses","name":"Les Vidrioses","localName":"Les Vidrioses","aliases":[],"kind":"peak","sourceId":"sitpa-physical","territoryIds":["es-as"],"elevationM":1355,"bbox":[-5.02463,43.25265,-5.02463,43.25265],"center":[-5.02463,43.25265]},"geometry":{"type":"Point","coordinates":[-5.02463,43.25265]}},{"type":"Feature","id":"physical-as-peak-names-030422-20307","properties":{"id":"physical-as-peak-names-030422-20307","slug":"pare-merin","name":"Pare Merín","localName":"Pare Merín","aliases":[],"kind":"peak","sourceId":"sitpa-physical","territoryIds":["es-as"],"elevationM":1065,"bbox":[-5.03901,43.26924,-5.03901,43.26924],"center":[-5.03901,43.26924]},"geometry":{"type":"Point","coordinates":[-5.03901,43.26924]}},{"type":"Feature","id":"physical-as-peak-names-030422-20378","properties":{"id":"physical-as-peak-names-030422-20378","slug":"porru-l-armada","name":"Porru L'armada","localName":"Porru L'armada","aliases":[],"kind":"peak","sourceId":"sitpa-physical","territoryIds":["es-as"],"elevationM":1645,"bbox":[-5.02218,43.23421,-5.02218,43.23421],"center":[-5.02218,43.23421]},"geometry":{"type":"Point","coordinates":[-5.02218,43.23421]}},{"type":"Feature","id":"physical-as-peak-names-030422-20379","properties":{"id":"physical-as-peak-names-030422-20379","slug":"porru-les-palanques","name":"Porru Les Palanques","localName":"Porru Les Palanques","aliases":[],"kind":"peak","sourceId":"sitpa-physical","territoryIds":["es-as"],"elevationM":1535.7,"bbox":[-5.02742,43.23532,-5.02742,43.23532],"center":[-5.02742,43.23532]},"geometry":{"type":"Point","coordinates":[-5.02742,43.23532]}},{"type":"Feature","id":"physical-as-peak-names-030422-20380","properties":{"id":"physical-as-peak-names-030422-20380","slug":"porru-los-machanes","name":"Porru Los Machanes","localName":"Porru Los Machanes","aliases":[],"kind":"peak","sourceId":"sitpa-physical","territoryIds":["es-as"],"elevationM":1520,"bbox":[-5.02823,43.23937,-5.02823,43.23937],"center":[-5.02823,43.23937]},"geometry":{"type":"Point","coordinates":[-5.02823,43.23937]}},{"type":"Feature","id":"physical-as-peak-names-030422-20384","properties":{"id":"physical-as-peak-names-030422-20384","slug":"los-murllos","name":"Los Murllos","localName":"Los Murllos","aliases":[],"kind":"peak","sourceId":"sitpa-physical","territoryIds":["es-as"],"elevationM":1140,"bbox":[-5.05828,43.24844,-5.05828,43.24844],"center":[-5.05828,43.24844]},"geometry":{"type":"Point","coordinates":[-5.05828,43.24844]}},{"type":"Feature","id":"physical-as-peak-names-030422-20474","properties":{"id":"physical-as-peak-names-030422-20474","slug":"portiella-cuerries","name":"Portiella Cuerries","localName":"Portiella Cuerries","aliases":[],"kind":"peak","sourceId":"sitpa-physical","territoryIds":["es-as"],"elevationM":1100,"bbox":[-5.03859,43.21742,-5.03859,43.21742],"center":[-5.03859,43.21742]},"geometry":{"type":"Point","coordinates":[-5.03859,43.21742]}},{"type":"Feature","id":"physical-as-peak-names-030422-20479","properties":{"id":"physical-as-peak-names-030422-20479","slug":"cuenya-muyada","name":"Cuenya Muyada","localName":"Cuenya Muyada","aliases":[],"kind":"peak","sourceId":"sitpa-physical","territoryIds":["es-as"],"elevationM":1000,"bbox":[-5.04524,43.2242,-5.04524,43.2242],"center":[-5.04524,43.2242]},"geometry":{"type":"Point","coordinates":[-5.04524,43.2242]}},{"type":"Feature","id":"physical-as-peak-names-030422-20480","properties":{"id":"physical-as-peak-names-030422-20480","slug":"rasu-bustalcuendi","name":"Rasu Bustalcuendi","localName":"Rasu Bustalcuendi","aliases":[],"kind":"peak","sourceId":"sitpa-physical","territoryIds":["es-as"],"elevationM":1435,"bbox":[-5.05442,43.209,-5.05442,43.209],"center":[-5.05442,43.209]},"geometry":{"type":"Point","coordinates":[-5.05442,43.209]}},{"type":"Feature","id":"physical-as-peak-names-030422-20481","properties":{"id":"physical-as-peak-names-030422-20481","slug":"cuetu-quemau","name":"Cuetu Quemáu","localName":"Cuetu Quemáu","aliases":[],"kind":"peak","sourceId":"sitpa-physical","territoryIds":["es-as"],"elevationM":1268.6,"bbox":[-5.04691,43.22025,-5.04691,43.22025],"center":[-5.04691,43.22025]},"geometry":{"type":"Point","coordinates":[-5.04691,43.22025]}},{"type":"Feature","id":"physical-as-peak-names-030422-20482","properties":{"id":"physical-as-peak-names-030422-20482","slug":"porru-los-tazos","name":"Porru Los Tazos","localName":"Porru Los Tazos","aliases":[],"kind":"peak","sourceId":"sitpa-physical","territoryIds":["es-as"],"elevationM":1290.1,"bbox":[-5.04415,43.21768,-5.04415,43.21768],"center":[-5.04415,43.21768]},"geometry":{"type":"Point","coordinates":[-5.04415,43.21768]}},{"type":"Feature","id":"physical-as-peak-names-030422-20483","properties":{"id":"physical-as-peak-names-030422-20483","slug":"porru-la-garza","name":"Porru La Garza","localName":"Porru La Garza","aliases":[],"kind":"peak","sourceId":"sitpa-physical","territoryIds":["es-as"],"elevationM":1350,"bbox":[-5.0444,43.21473,-5.0444,43.21473],"center":[-5.0444,43.21473]},"geometry":{"type":"Point","coordinates":[-5.0444,43.21473]}},{"type":"Feature","id":"physical-as-peak-names-030422-20484","properties":{"id":"physical-as-peak-names-030422-20484","slug":"cueto-parraiellu","name":"Cueto Parraiellu","localName":"Cueto Parraiellu","aliases":[],"kind":"peak","sourceId":"sitpa-physical","territoryIds":["es-as"],"elevationM":1325,"bbox":[-5.04615,43.21307,-5.04615,43.21307],"center":[-5.04615,43.21307]},"geometry":{"type":"Point","coordinates":[-5.04615,43.21307]}},{"type":"Feature","id":"physical-as-peak-names-030422-20571","properties":{"id":"physical-as-peak-names-030422-20571","slug":"retortiellu","name":"Retortiellu","localName":"Retortiellu","aliases":[],"kind":"peak","sourceId":"sitpa-physical","territoryIds":["es-as"],"elevationM":1487.4,"bbox":[-5.06118,43.18892,-5.06118,43.18892],"center":[-5.06118,43.18892]},"geometry":{"type":"Point","coordinates":[-5.06118,43.18892]}},{"type":"Feature","id":"physical-as-peak-names-030422-20572","properties":{"id":"physical-as-peak-names-030422-20572","slug":"cabroneru","name":"Cabroneru","localName":"Cabroneru","aliases":[],"kind":"peak","sourceId":"sitpa-physical","territoryIds":["es-as"],"elevationM":1983.3,"bbox":[-5.02798,43.19026,-5.02798,43.19026],"center":[-5.02798,43.19026]},"geometry":{"type":"Point","coordinates":[-5.02798,43.19026]}},{"type":"Feature","id":"physical-as-peak-names-030422-20573","properties":{"id":"physical-as-peak-names-030422-20573","slug":"cueto-prau","name":"Cueto Prau","localName":"Cueto Prau","aliases":[],"kind":"peak","sourceId":"sitpa-physical","territoryIds":["es-as"],"elevationM":1192.6,"bbox":[-5.04127,43.20505,-5.04127,43.20505],"center":[-5.04127,43.20505]},"geometry":{"type":"Point","coordinates":[-5.04127,43.20505]}},{"type":"Feature","id":"physical-as-peak-names-030422-20574","properties":{"id":"physical-as-peak-names-030422-20574","slug":"cueva-cofrisa","name":"Cueva Cofrisa","localName":"Cueva Cofrisa","aliases":[],"kind":"peak","sourceId":"sitpa-physical","territoryIds":["es-as"],"elevationM":1120,"bbox":[-5.04024,43.2012,-5.04024,43.2012],"center":[-5.04024,43.2012]},"geometry":{"type":"Point","coordinates":[-5.04024,43.2012]}},{"type":"Feature","id":"physical-as-peak-names-030422-20575","properties":{"id":"physical-as-peak-names-030422-20575","slug":"el-cantu","name":"El Cantu","localName":"El Cantu","aliases":[],"kind":"peak","sourceId":"sitpa-physical","territoryIds":["es-as"],"elevationM":1558.5,"bbox":[-5.05422,43.20354,-5.05422,43.20354],"center":[-5.05422,43.20354]},"geometry":{"type":"Point","coordinates":[-5.05422,43.20354]}},{"type":"Feature","id":"physical-as-peak-names-030422-20576","properties":{"id":"physical-as-peak-names-030422-20576","slug":"pena-el-texedal","name":"Peña El Texedal","localName":"Peña El Texedal","aliases":[],"kind":"peak","sourceId":"sitpa-physical","territoryIds":["es-as"],"elevationM":1637.8,"bbox":[-5.0549,43.20032,-5.0549,43.20032],"center":[-5.0549,43.20032]},"geometry":{"type":"Point","coordinates":[-5.0549,43.20032]}},{"type":"Feature","id":"physical-as-peak-names-030422-20577","properties":{"id":"physical-as-peak-names-030422-20577","slug":"valdepinu","name":"Valdepinu","localName":"Valdepinu","aliases":[],"kind":"peak","sourceId":"sitpa-physical","territoryIds":["es-as"],"elevationM":1724.7,"bbox":[-5.05277,43.19668,-5.05277,43.19668],"center":[-5.05277,43.19668]},"geometry":{"type":"Point","coordinates":[-5.05277,43.19668]}},{"type":"Feature","id":"physical-as-peak-names-030422-20578","properties":{"id":"physical-as-peak-names-030422-20578","slug":"porru-jastia","name":"Porru Jastia","localName":"Porru Jastia","aliases":[],"kind":"peak","sourceId":"sitpa-physical","territoryIds":["es-as"],"elevationM":1520.3,"bbox":[-5.05658,43.19266,-5.05658,43.19266],"center":[-5.05658,43.19266]},"geometry":{"type":"Point","coordinates":[-5.05658,43.19266]}},{"type":"Feature","id":"physical-as-peak-names-030422-20632","properties":{"id":"physical-as-peak-names-030422-20632","slug":"jurcuetu","name":"Jurcuetu","localName":"Jurcuetu","aliases":[],"kind":"peak","sourceId":"sitpa-physical","territoryIds":["es-as"],"elevationM":1585,"bbox":[-5.0405,43.1789,-5.0405,43.1789],"center":[-5.0405,43.1789]},"geometry":{"type":"Point","coordinates":[-5.0405,43.1789]}},{"type":"Feature","id":"physical-as-peak-names-030422-20633","properties":{"id":"physical-as-peak-names-030422-20633","slug":"pena-beza","name":"Peña Beza","localName":"Peña Beza","aliases":[],"kind":"peak","sourceId":"sitpa-physical","territoryIds":["es-as"],"elevationM":1940,"bbox":[-5.02775,43.18347,-5.02775,43.18347],"center":[-5.02775,43.18347]},"geometry":{"type":"Point","coordinates":[-5.02775,43.18347]}},{"type":"Feature","id":"physical-as-peak-names-030422-20634","properties":{"id":"physical-as-peak-names-030422-20634","slug":"la-conia","name":"La Conia","localName":"La Conia","aliases":[],"kind":"peak","sourceId":"sitpa-physical","territoryIds":["es-as"],"elevationM":1635,"bbox":[-5.05358,43.1816,-5.05358,43.1816],"center":[-5.05358,43.1816]},"geometry":{"type":"Point","coordinates":[-5.05358,43.1816]}},{"type":"Feature","id":"physical-as-peak-names-030422-20635","properties":{"id":"physical-as-peak-names-030422-20635","slug":"canto-arrues","name":"Canto Arrues","localName":"Canto Arrues","aliases":[],"kind":"peak","sourceId":"sitpa-physical","territoryIds":["es-as"],"elevationM":1630,"bbox":[-5.05477,43.18383,-5.05477,43.18383],"center":[-5.05477,43.18383]},"geometry":{"type":"Point","coordinates":[-5.05477,43.18383]}},{"type":"Feature","id":"physical-as-peak-names-030422-20636","properties":{"id":"physical-as-peak-names-030422-20636","slug":"pico-la-dijusa","name":"Pico La Dijusa","localName":"Pico La Dijusa","aliases":[],"kind":"peak","sourceId":"sitpa-physical","territoryIds":["es-as"],"elevationM":1431.8,"bbox":[-5.03941,43.17252,-5.03941,43.17252],"center":[-5.03941,43.17252]},"geometry":{"type":"Point","coordinates":[-5.03941,43.17252]}},{"type":"Feature","id":"physical-as-peak-names-030422-20637","properties":{"id":"physical-as-peak-names-030422-20637","slug":"pena-parcia","name":"Peña Parcia","localName":"Peña Parcia","aliases":[],"kind":"peak","sourceId":"sitpa-physical","territoryIds":["es-as"],"elevationM":1497.8,"bbox":[-5.04841,43.17297,-5.04841,43.17297],"center":[-5.04841,43.17297]},"geometry":{"type":"Point","coordinates":[-5.04841,43.17297]}},{"type":"Feature","id":"physical-as-peak-names-030422-20719","properties":{"id":"physical-as-peak-names-030422-20719","slug":"canto-l-utre","name":"Canto L'utre","localName":"Canto L'utre","aliases":[],"kind":"peak","sourceId":"sitpa-physical","territoryIds":["es-as"],"elevationM":1032.3,"bbox":[-5.00005,43.29301,-5.00005,43.29301],"center":[-5.00005,43.29301]},"geometry":{"type":"Point","coordinates":[-5.00005,43.29301]}},{"type":"Feature","id":"physical-as-peak-names-030422-20774","properties":{"id":"physical-as-peak-names-030422-20774","slug":"cabeza-salgareu","name":"Cabeza Salgaréu","localName":"Cabeza Salgaréu","aliases":[],"kind":"peak","sourceId":"sitpa-physical","territoryIds":["es-as"],"elevationM":1038,"bbox":[-4.9806,43.28862,-4.9806,43.28862],"center":[-4.9806,43.28862]},"geometry":{"type":"Point","coordinates":[-4.9806,43.28862]}},{"type":"Feature","id":"physical-as-peak-names-030422-20775","properties":{"id":"physical-as-peak-names-030422-20775","slug":"cerru-sojornin","name":"Cerru Sojornín","localName":"Cerru Sojornín","aliases":[],"kind":"peak","sourceId":"sitpa-physical","territoryIds":["es-as"],"elevationM":1145,"bbox":[-4.99346,43.27619,-4.99346,43.27619],"center":[-4.99346,43.27619]},"geometry":{"type":"Point","coordinates":[-4.99346,43.27619]}},{"type":"Feature","id":"physical-as-peak-names-030422-20776","properties":{"id":"physical-as-peak-names-030422-20776","slug":"la-porra-enol","name":"La Porra Enol","localName":"La Porra Enol","aliases":[],"kind":"peak","sourceId":"sitpa-physical","territoryIds":["es-as"],"elevationM":1260,"bbox":[-4.99876,43.27321,-4.99876,43.27321],"center":[-4.99876,43.27321]},"geometry":{"type":"Point","coordinates":[-4.99876,43.27321]}},{"type":"Feature","id":"physical-as-peak-names-030422-20807","properties":{"id":"physical-as-peak-names-030422-20807","slug":"porru-les-llampes","name":"Porru Les Llampes","localName":"Porru Les Llampes","aliases":[],"kind":"peak","sourceId":"sitpa-physical","territoryIds":["es-as"],"elevationM":1155,"bbox":[-5.00742,43.26683,-5.00742,43.26683],"center":[-5.00742,43.26683]},"geometry":{"type":"Point","coordinates":[-5.00742,43.26683]}},{"type":"Feature","id":"physical-as-peak-names-030422-20808","properties":{"id":"physical-as-peak-names-030422-20808","slug":"cueto-espineres","name":"Cueto Espineres","localName":"Cueto Espineres","aliases":[],"kind":"peak","sourceId":"sitpa-physical","territoryIds":["es-as"],"elevationM":1225,"bbox":[-5.00451,43.26815,-5.00451,43.26815],"center":[-5.00451,43.26815]},"geometry":{"type":"Point","coordinates":[-5.00451,43.26815]}},{"type":"Feature","id":"physical-as-peak-names-030422-20809","properties":{"id":"physical-as-peak-names-030422-20809","slug":"el-charcon","name":"El Charcón","localName":"El Charcón","aliases":[],"kind":"peak","sourceId":"sitpa-physical","territoryIds":["es-as"],"elevationM":1390,"bbox":[-5.01494,43.25033,-5.01494,43.25033],"center":[-5.01494,43.25033]},"geometry":{"type":"Point","coordinates":[-5.01494,43.25033]}},{"type":"Feature","id":"physical-as-peak-names-030422-20810","properties":{"id":"physical-as-peak-names-030422-20810","slug":"porru-cuviellu","name":"Porru Cuviellu","localName":"Porru Cuviellu","aliases":[],"kind":"peak","sourceId":"sitpa-physical","territoryIds":["es-as"],"elevationM":1291.3,"bbox":[-4.99567,43.25728,-4.99567,43.25728],"center":[-4.99567,43.25728]},"geometry":{"type":"Point","coordinates":[-4.99567,43.25728]}},{"type":"Feature","id":"physical-as-peak-names-030422-20811","properties":{"id":"physical-as-peak-names-030422-20811","slug":"pico-mosquital","name":"Pico Mosquital","localName":"Pico Mosquital","aliases":[],"kind":"peak","sourceId":"sitpa-physical","territoryIds":["es-as"],"elevationM":1265,"bbox":[-4.98731,43.26804,-4.98731,43.26804],"center":[-4.98731,43.26804]},"geometry":{"type":"Point","coordinates":[-4.98731,43.26804]}},{"type":"Feature","id":"physical-as-peak-names-030422-20812","properties":{"id":"physical-as-peak-names-030422-20812","slug":"pico-bricial","name":"Pico Bricial","localName":"Pico Bricial","aliases":[],"kind":"peak","sourceId":"sitpa-physical","territoryIds":["es-as"],"elevationM":1235,"bbox":[-4.98596,43.26549,-4.98596,43.26549],"center":[-4.98596,43.26549]},"geometry":{"type":"Point","coordinates":[-4.98596,43.26549]}},{"type":"Feature","id":"physical-as-peak-names-030422-20853","properties":{"id":"physical-as-peak-names-030422-20853","slug":"porru-l-jayau","name":"Porru'l Jayáu","localName":"Porru'l Jayáu","aliases":[],"kind":"peak","sourceId":"sitpa-physical","territoryIds":["es-as"],"elevationM":1652.6,"bbox":[-5.01243,43.23448,-5.01243,43.23448],"center":[-5.01243,43.23448]},"geometry":{"type":"Point","coordinates":[-5.01243,43.23448]}},{"type":"Feature","id":"physical-as-peak-names-030422-20854","properties":{"id":"physical-as-peak-names-030422-20854","slug":"porru-la-canga","name":"Porru La Canga","localName":"Porru La Canga","aliases":[],"kind":"peak","sourceId":"sitpa-physical","territoryIds":["es-as"],"elevationM":1626.3,"bbox":[-5.00147,43.23273,-5.00147,43.23273],"center":[-5.00147,43.23273]},"geometry":{"type":"Point","coordinates":[-5.00147,43.23273]}},{"type":"Feature","id":"physical-as-peak-names-030422-20855","properties":{"id":"physical-as-peak-names-030422-20855","slug":"ju-l-pare","name":"Ju'l Paré","localName":"Ju'l Paré","aliases":[],"kind":"peak","sourceId":"sitpa-physical","territoryIds":["es-as"],"elevationM":1390,"bbox":[-5.00085,43.23728,-5.00085,43.23728],"center":[-5.00085,43.23728]},"geometry":{"type":"Point","coordinates":[-5.00085,43.23728]}},{"type":"Feature","id":"physical-as-peak-names-030422-20857","properties":{"id":"physical-as-peak-names-030422-20857","slug":"porru-les-cangues","name":"Porru Les Cangues","localName":"Porru Les Cangues","aliases":[],"kind":"peak","sourceId":"sitpa-physical","territoryIds":["es-as"],"elevationM":1517.8,"bbox":[-5.01919,43.24011,-5.01919,43.24011],"center":[-5.01919,43.24011]},"geometry":{"type":"Point","coordinates":[-5.01919,43.24011]}},{"type":"Feature","id":"physical-as-peak-names-030422-20858","properties":{"id":"physical-as-peak-names-030422-20858","slug":"el-seroyu","name":"El Seroyu","localName":"El Seroyu","aliases":[],"kind":"peak","sourceId":"sitpa-physical","territoryIds":["es-as"],"elevationM":1474.3,"bbox":[-5.02082,43.2417,-5.02082,43.2417],"center":[-5.02082,43.2417]},"geometry":{"type":"Point","coordinates":[-5.02082,43.2417]}},{"type":"Feature","id":"physical-as-peak-names-030422-20859","properties":{"id":"physical-as-peak-names-030422-20859","slug":"el-potral","name":"El Potral","localName":"El Potral","aliases":[],"kind":"peak","sourceId":"sitpa-physical","territoryIds":["es-as"],"elevationM":1400,"bbox":[-4.99846,43.24112,-4.99846,43.24112],"center":[-4.99846,43.24112]},"geometry":{"type":"Point","coordinates":[-4.99846,43.24112]}},{"type":"Feature","id":"physical-as-peak-names-030422-20860","properties":{"id":"physical-as-peak-names-030422-20860","slug":"los-potrales","name":"Los Potrales","localName":"Los Potrales","aliases":[],"kind":"peak","sourceId":"sitpa-physical","territoryIds":["es-as"],"elevationM":1454.5,"bbox":[-5.00245,43.24397,-5.00245,43.24397],"center":[-5.00245,43.24397]},"geometry":{"type":"Point","coordinates":[-5.00245,43.24397]}},{"type":"Feature","id":"physical-as-peak-names-030422-20861","properties":{"id":"physical-as-peak-names-030422-20861","slug":"cueto-les-lladredes","name":"Cueto Les Lladredes","localName":"Cueto Les Lladredes","aliases":[],"kind":"peak","sourceId":"sitpa-physical","territoryIds":["es-as"],"elevationM":1463.2,"bbox":[-5.00735,43.24606,-5.00735,43.24606],"center":[-5.00735,43.24606]},"geometry":{"type":"Point","coordinates":[-5.00735,43.24606]}},{"type":"Feature","id":"physical-as-peak-names-030422-20862","properties":{"id":"physical-as-peak-names-030422-20862","slug":"les-juentes","name":"Les Juentes","localName":"Les Juentes","aliases":[],"kind":"peak","sourceId":"sitpa-physical","territoryIds":["es-as"],"elevationM":1405,"bbox":[-5.00626,43.24659,-5.00626,43.24659],"center":[-5.00626,43.24659]},"geometry":{"type":"Point","coordinates":[-5.00626,43.24659]}},{"type":"Feature","id":"physical-as-peak-names-030422-20863","properties":{"id":"physical-as-peak-names-030422-20863","slug":"la-rasa","name":"La Rasa","localName":"La Rasa","aliases":[],"kind":"peak","sourceId":"sitpa-physical","territoryIds":["es-as"],"elevationM":1420,"bbox":[-4.99345,43.24457,-4.99345,43.24457],"center":[-4.99345,43.24457]},"geometry":{"type":"Point","coordinates":[-4.99345,43.24457]}},{"type":"Feature","id":"physical-as-peak-names-030422-20864","properties":{"id":"physical-as-peak-names-030422-20864","slug":"cabeza-l-pare","name":"Cabeza'l Paré","localName":"Cabeza'l Paré","aliases":[],"kind":"peak","sourceId":"sitpa-physical","territoryIds":["es-as"],"elevationM":1483.5,"bbox":[-4.99595,43.23896,-4.99595,43.23896],"center":[-4.99595,43.23896]},"geometry":{"type":"Point","coordinates":[-4.99595,43.23896]}},{"type":"Feature","id":"physical-as-peak-names-030422-20865","properties":{"id":"physical-as-peak-names-030422-20865","slug":"porru-la-juente","name":"Porru La Juente","localName":"Porru La Juente","aliases":[],"kind":"peak","sourceId":"sitpa-physical","territoryIds":["es-as"],"elevationM":1519.6,"bbox":[-4.99158,43.23804,-4.99158,43.23804],"center":[-4.99158,43.23804]},"geometry":{"type":"Point","coordinates":[-4.99158,43.23804]}},{"type":"Feature","id":"physical-as-peak-names-030422-20866","properties":{"id":"physical-as-peak-names-030422-20866","slug":"pena-orrial","name":"Peña Orrial","localName":"Peña Orrial","aliases":[],"kind":"peak","sourceId":"sitpa-physical","territoryIds":["es-as"],"elevationM":1363.7,"bbox":[-4.98784,43.24967,-4.98784,43.24967],"center":[-4.98784,43.24967]},"geometry":{"type":"Point","coordinates":[-4.98784,43.24967]}},{"type":"Feature","id":"physical-as-peak-names-030422-20867","properties":{"id":"physical-as-peak-names-030422-20867","slug":"cantu-l-abedul","name":"Cantu L'abedul","localName":"Cantu L'abedul","aliases":[],"kind":"peak","sourceId":"sitpa-physical","territoryIds":["es-as"],"elevationM":1505.7,"bbox":[-4.98454,43.24034,-4.98454,43.24034],"center":[-4.98454,43.24034]},"geometry":{"type":"Point","coordinates":[-4.98454,43.24034]}},{"type":"Feature","id":"physical-as-peak-names-030422-20912","properties":{"id":"physical-as-peak-names-030422-20912","slug":"cresta-teyeres","name":"Cresta Teyeres","localName":"Cresta Teyeres","aliases":[],"kind":"peak","sourceId":"sitpa-physical","territoryIds":["es-as"],"elevationM":1735,"bbox":[-5.01437,43.22763,-5.01437,43.22763],"center":[-5.01437,43.22763]},"geometry":{"type":"Point","coordinates":[-5.01437,43.22763]}},{"type":"Feature","id":"physical-as-peak-names-030422-20913","properties":{"id":"physical-as-peak-names-030422-20913","slug":"porru-covellon","name":"Porru Covellón","localName":"Porru Covellón","aliases":[],"kind":"peak","sourceId":"sitpa-physical","territoryIds":["es-as"],"elevationM":1808.8,"bbox":[-5.00831,43.22786,-5.00831,43.22786],"center":[-5.00831,43.22786]},"geometry":{"type":"Point","coordinates":[-5.00831,43.22786]}},{"type":"Feature","id":"physical-as-peak-names-030422-20914","properties":{"id":"physical-as-peak-names-030422-20914","slug":"pico-cotalba","name":"Pico Cotalba","localName":"Pico Cotalba","aliases":[],"kind":"peak","sourceId":"sitpa-physical","territoryIds":["es-as"],"elevationM":2000,"bbox":[-5.00525,43.22301,-5.00525,43.22301],"center":[-5.00525,43.22301]},"geometry":{"type":"Point","coordinates":[-5.00525,43.22301]}},{"type":"Feature","id":"physical-as-peak-names-030422-20915","properties":{"id":"physical-as-peak-names-030422-20915","slug":"porru-d-ozania","name":"Porru D'ozania","localName":"Porru D'ozania","aliases":[],"kind":"peak","sourceId":"sitpa-physical","territoryIds":["es-as"],"elevationM":1370,"bbox":[-5.02058,43.22151,-5.02058,43.22151],"center":[-5.02058,43.22151]},"geometry":{"type":"Point","coordinates":[-5.02058,43.22151]}},{"type":"Feature","id":"physical-as-peak-names-030422-20916","properties":{"id":"physical-as-peak-names-030422-20916","slug":"porru-de-les-abarques","name":"Porru De Les Abarques","localName":"Porru De Les Abarques","aliases":[],"kind":"peak","sourceId":"sitpa-physical","territoryIds":["es-as"],"elevationM":1550,"bbox":[-5.01406,43.21991,-5.01406,43.21991],"center":[-5.01406,43.21991]},"geometry":{"type":"Point","coordinates":[-5.01406,43.21991]}},{"type":"Feature","id":"physical-as-peak-names-030422-20917","properties":{"id":"physical-as-peak-names-030422-20917","slug":"cueva-de-ozania","name":"Cueva De Ozania","localName":"Cueva De Ozania","aliases":[],"kind":"peak","sourceId":"sitpa-physical","territoryIds":["es-as"],"elevationM":1345,"bbox":[-5.0141,43.21542,-5.0141,43.21542],"center":[-5.0141,43.21542]},"geometry":{"type":"Point","coordinates":[-5.0141,43.21542]}},{"type":"Feature","id":"physical-as-peak-names-030422-20918","properties":{"id":"physical-as-peak-names-030422-20918","slug":"canto-janon","name":"Canto Jañón","localName":"Canto Jañón","aliases":[],"kind":"peak","sourceId":"sitpa-physical","territoryIds":["es-as"],"elevationM":1571.4,"bbox":[-5.01498,43.21063,-5.01498,43.21063],"center":[-5.01498,43.21063]},"geometry":{"type":"Point","coordinates":[-5.01498,43.21063]}},{"type":"Feature","id":"physical-as-peak-names-030422-20919","properties":{"id":"physical-as-peak-names-030422-20919","slug":"porru-la-muda","name":"Porru La Muda","localName":"Porru La Muda","aliases":[],"kind":"peak","sourceId":"sitpa-physical","territoryIds":["es-as"],"elevationM":1915,"bbox":[-5.0008,43.20895,-5.0008,43.20895],"center":[-5.0008,43.20895]},"geometry":{"type":"Point","coordinates":[-5.0008,43.20895]}},{"type":"Feature","id":"physical-as-peak-names-030422-20920","properties":{"id":"physical-as-peak-names-030422-20920","slug":"altu-del-junazu","name":"Altu Del Juñazu","localName":"Altu Del Juñazu","aliases":[],"kind":"peak","sourceId":"sitpa-physical","territoryIds":["es-as"],"elevationM":1721.6,"bbox":[-4.99827,43.22899,-4.99827,43.22899],"center":[-4.99827,43.22899]},"geometry":{"type":"Point","coordinates":[-4.99827,43.22899]}},{"type":"Feature","id":"physical-as-peak-names-030422-20921","properties":{"id":"physical-as-peak-names-030422-20921","slug":"cueva-l-osu","name":"Cueva L'osu","localName":"Cueva L'osu","aliases":[],"kind":"peak","sourceId":"sitpa-physical","territoryIds":["es-as"],"elevationM":1745,"bbox":[-4.99341,43.22638,-4.99341,43.22638],"center":[-4.99341,43.22638]},"geometry":{"type":"Point","coordinates":[-4.99341,43.22638]}},{"type":"Feature","id":"physical-as-peak-names-030422-20922","properties":{"id":"physical-as-peak-names-030422-20922","slug":"cueto-llagu","name":"Cueto Llagu","localName":"Cueto Llagu","aliases":[],"kind":"peak","sourceId":"sitpa-physical","territoryIds":["es-as"],"elevationM":1865,"bbox":[-4.99122,43.2238,-4.99122,43.2238],"center":[-4.99122,43.2238]},"geometry":{"type":"Point","coordinates":[-4.99122,43.2238]}},{"type":"Feature","id":"physical-as-peak-names-030422-20923","properties":{"id":"physical-as-peak-names-030422-20923","slug":"el-requexon","name":"El Requexón","localName":"El Requexón","aliases":[],"kind":"peak","sourceId":"sitpa-physical","territoryIds":["es-as"],"elevationM":2089.3,"bbox":[-4.9935,43.21768,-4.9935,43.21768],"center":[-4.9935,43.21768]},"geometry":{"type":"Point","coordinates":[-4.9935,43.21768]}},{"type":"Feature","id":"physical-as-peak-names-030422-20924","properties":{"id":"physical-as-peak-names-030422-20924","slug":"juente-prieta","name":"Juente Prieta","localName":"Juente Prieta","aliases":[],"kind":"peak","sourceId":"sitpa-physical","territoryIds":["es-as"],"elevationM":2125,"bbox":[-4.98396,43.21256,-4.98396,43.21256],"center":[-4.98396,43.21256]},"geometry":{"type":"Point","coordinates":[-4.98396,43.21256]}},{"type":"Feature","id":"physical-as-peak-names-030422-20925","properties":{"id":"physical-as-peak-names-030422-20925","slug":"cumbre-cebolleda","name":"Cumbre Cebolleda","localName":"Cumbre Cebolleda","aliases":[],"kind":"peak","sourceId":"sitpa-physical","territoryIds":["es-as"],"elevationM":2226.2,"bbox":[-4.98324,43.2166,-4.98324,43.2166],"center":[-4.98324,43.2166]},"geometry":{"type":"Point","coordinates":[-4.98324,43.2166]}},{"type":"Feature","id":"physical-as-peak-names-030422-20926","properties":{"id":"physical-as-peak-names-030422-20926","slug":"porru-la-mayada","name":"Porru La Mayada","localName":"Porru La Mayada","aliases":[],"kind":"peak","sourceId":"sitpa-physical","territoryIds":["es-as"],"elevationM":1990,"bbox":[-4.98728,43.22044,-4.98728,43.22044],"center":[-4.98728,43.22044]},"geometry":{"type":"Point","coordinates":[-4.98728,43.22044]}},{"type":"Feature","id":"physical-as-peak-names-030422-20927","properties":{"id":"physical-as-peak-names-030422-20927","slug":"porru-llobu","name":"Porru Llobu","localName":"Porru Llobu","aliases":[],"kind":"peak","sourceId":"sitpa-physical","territoryIds":["es-as"],"elevationM":2017.4,"bbox":[-4.98653,43.22095,-4.98653,43.22095],"center":[-4.98653,43.22095]},"geometry":{"type":"Point","coordinates":[-4.98653,43.22095]}},{"type":"Feature","id":"physical-as-peak-names-030422-20928","properties":{"id":"physical-as-peak-names-030422-20928","slug":"los-argaos","name":"Los Argáos","localName":"Los Argáos","aliases":[],"kind":"peak","sourceId":"sitpa-physical","territoryIds":["es-as"],"elevationM":2055.9,"bbox":[-4.9821,43.22027,-4.9821,43.22027],"center":[-4.9821,43.22027]},"geometry":{"type":"Point","coordinates":[-4.9821,43.22027]}},{"type":"Feature","id":"physical-as-peak-names-030422-20929","properties":{"id":"physical-as-peak-names-030422-20929","slug":"porru-cueturedondu","name":"Porru Cueturedondu","localName":"Porru Cueturedondu","aliases":[],"kind":"peak","sourceId":"sitpa-physical","territoryIds":["es-as"],"elevationM":1835,"bbox":[-4.98494,43.22491,-4.98494,43.22491],"center":[-4.98494,43.22491]},"geometry":{"type":"Point","coordinates":[-4.98494,43.22491]}},{"type":"Feature","id":"physical-as-peak-names-030422-20930","properties":{"id":"physical-as-peak-names-030422-20930","slug":"porru-altiquera","name":"Porru Altiquera","localName":"Porru Altiquera","aliases":[],"kind":"peak","sourceId":"sitpa-physical","territoryIds":["es-as"],"elevationM":1905,"bbox":[-4.98163,43.22552,-4.98163,43.22552],"center":[-4.98163,43.22552]},"geometry":{"type":"Point","coordinates":[-4.98163,43.22552]}},{"type":"Feature","id":"physical-as-peak-names-030422-20931","properties":{"id":"physical-as-peak-names-030422-20931","slug":"torre-canal-vaquera","name":"Torre Canal Vaquera","localName":"Torre Canal Vaquera","aliases":[],"kind":"peak","sourceId":"sitpa-physical","territoryIds":["es-as"],"elevationM":2014.7,"bbox":[-5.00107,43.22036,-5.00107,43.22036],"center":[-5.00107,43.22036]},"geometry":{"type":"Point","coordinates":[-5.00107,43.22036]}},{"type":"Feature","id":"physical-as-peak-names-030422-20974","properties":{"id":"physical-as-peak-names-030422-20974","slug":"el-camperon","name":"El Camperón","localName":"El Camperón","aliases":[],"kind":"peak","sourceId":"sitpa-physical","territoryIds":["es-as"],"elevationM":1980.7,"bbox":[-4.99678,43.20458,-4.99678,43.20458],"center":[-4.99678,43.20458]},"geometry":{"type":"Point","coordinates":[-4.99678,43.20458]}},{"type":"Feature","id":"physical-as-peak-names-030422-20975","properties":{"id":"physical-as-peak-names-030422-20975","slug":"garita-baxera","name":"Garita Baxera","localName":"Garita Baxera","aliases":[],"kind":"peak","sourceId":"sitpa-physical","territoryIds":["es-as"],"elevationM":1980,"bbox":[-4.99467,43.20167,-4.99467,43.20167],"center":[-4.99467,43.20167]},"geometry":{"type":"Point","coordinates":[-4.99467,43.20167]}},{"type":"Feature","id":"physical-as-peak-names-030422-20976","properties":{"id":"physical-as-peak-names-030422-20976","slug":"la-torrezuela","name":"La Torrezuela","localName":"La Torrezuela","aliases":[],"kind":"peak","sourceId":"sitpa-physical","territoryIds":["es-as"],"elevationM":2274.8,"bbox":[-4.98183,43.2079,-4.98183,43.2079],"center":[-4.98183,43.2079]},"geometry":{"type":"Point","coordinates":[-4.98183,43.2079]}},{"type":"Feature","id":"physical-as-peak-names-030422-20977","properties":{"id":"physical-as-peak-names-030422-20977","slug":"torre-de-la-cabra-blanca","name":"Torre De La Cabra Blanca","localName":"Torre De La Cabra Blanca","aliases":[],"kind":"peak","sourceId":"sitpa-physical","territoryIds":["es-as"],"elevationM":2292.5,"bbox":[-4.98145,43.20061,-4.98145,43.20061],"center":[-4.98145,43.20061]},"geometry":{"type":"Point","coordinates":[-4.98145,43.20061]}},{"type":"Feature","id":"physical-as-peak-names-030422-20978","properties":{"id":"physical-as-peak-names-030422-20978","slug":"el-diente","name":"El Diente","localName":"El Diente","aliases":[],"kind":"peak","sourceId":"sitpa-physical","territoryIds":["es-as"],"elevationM":2227.3,"bbox":[-4.98051,43.19936,-4.98051,43.19936],"center":[-4.98051,43.19936]},"geometry":{"type":"Point","coordinates":[-4.98051,43.19936]}},{"type":"Feature","id":"physical-as-peak-names-030422-20979","properties":{"id":"physical-as-peak-names-030422-20979","slug":"garita-cimera","name":"Garita Cimera","localName":"Garita Cimera","aliases":[],"kind":"peak","sourceId":"sitpa-physical","territoryIds":["es-as"],"elevationM":2235.4,"bbox":[-4.98218,43.19857,-4.98218,43.19857],"center":[-4.98218,43.19857]},"geometry":{"type":"Point","coordinates":[-4.98218,43.19857]}},{"type":"Feature","id":"physical-as-peak-names-030422-21030","properties":{"id":"physical-as-peak-names-030422-21030","slug":"la-cotorra","name":"La Cotorra","localName":"La Cotorra","aliases":[],"kind":"peak","sourceId":"sitpa-physical","territoryIds":["es-as"],"elevationM":1503.7,"bbox":[-5.00211,43.17535,-5.00211,43.17535],"center":[-5.00211,43.17535]},"geometry":{"type":"Point","coordinates":[-5.00211,43.17535]}},{"type":"Feature","id":"physical-as-peak-names-030422-21152","properties":{"id":"physical-as-peak-names-030422-21152","slug":"cuetu-jayau","name":"Cuetu Jayáu","localName":"Cuetu Jayáu","aliases":[],"kind":"peak","sourceId":"sitpa-physical","territoryIds":["es-as"],"elevationM":1040,"bbox":[-4.9639,43.28158,-4.9639,43.28158],"center":[-4.9639,43.28158]},"geometry":{"type":"Point","coordinates":[-4.9639,43.28158]}},{"type":"Feature","id":"physical-as-peak-names-030422-21153","properties":{"id":"physical-as-peak-names-030422-21153","slug":"la-cabeza-camba","name":"La Cabeza Camba","localName":"La Cabeza Camba","aliases":[],"kind":"peak","sourceId":"sitpa-physical","territoryIds":["es-as"],"elevationM":1095,"bbox":[-4.96015,43.28494,-4.96015,43.28494],"center":[-4.96015,43.28494]},"geometry":{"type":"Point","coordinates":[-4.96015,43.28494]}},{"type":"Feature","id":"physical-as-peak-names-030422-21154","properties":{"id":"physical-as-peak-names-030422-21154","slug":"canton-de-texeu","name":"Cantón De Texéu","localName":"Cantón De Texéu","aliases":[],"kind":"peak","sourceId":"sitpa-physical","territoryIds":["es-as"],"elevationM":1075.2,"bbox":[-4.9626,43.27916,-4.9626,43.27916],"center":[-4.9626,43.27916]},"geometry":{"type":"Point","coordinates":[-4.9626,43.27916]}},{"type":"Feature","id":"physical-as-peak-names-030422-21155","properties":{"id":"physical-as-peak-names-030422-21155","slug":"cabeza-redonda","name":"Cabeza Redonda","localName":"Cabeza Redonda","aliases":[],"kind":"peak","sourceId":"sitpa-physical","territoryIds":["es-as"],"elevationM":1054.3,"bbox":[-4.95167,43.27108,-4.95167,43.27108],"center":[-4.95167,43.27108]},"geometry":{"type":"Point","coordinates":[-4.95167,43.27108]}},{"type":"Feature","id":"physical-as-peak-names-030422-21157","properties":{"id":"physical-as-peak-names-030422-21157","slug":"pico-guerta-los-cantrones","name":"Pico Güerta Los Cantrones","localName":"Pico Güerta Los Cantrones","aliases":[],"kind":"peak","sourceId":"sitpa-physical","territoryIds":["es-as"],"elevationM":1037.2,"bbox":[-4.94315,43.27846,-4.94315,43.27846],"center":[-4.94315,43.27846]},"geometry":{"type":"Point","coordinates":[-4.94315,43.27846]}},{"type":"Feature","id":"physical-as-peak-names-030422-21159","properties":{"id":"physical-as-peak-names-030422-21159","slug":"cueto-redondu","name":"Cueto Redondu","localName":"Cueto Redondu","aliases":[],"kind":"peak","sourceId":"sitpa-physical","territoryIds":["es-as"],"elevationM":1060.5,"bbox":[-4.94007,43.28522,-4.94007,43.28522],"center":[-4.94007,43.28522]},"geometry":{"type":"Point","coordinates":[-4.94007,43.28522]}},{"type":"Feature","id":"physical-as-peak-names-030422-21233","properties":{"id":"physical-as-peak-names-030422-21233","slug":"cabeza-combeu","name":"Cabeza Combéu","localName":"Cabeza Combéu","aliases":[],"kind":"peak","sourceId":"sitpa-physical","territoryIds":["es-as"],"elevationM":1424,"bbox":[-4.94437,43.25174,-4.94437,43.25174],"center":[-4.94437,43.25174]},"geometry":{"type":"Point","coordinates":[-4.94437,43.25174]}},{"type":"Feature","id":"physical-as-peak-names-030422-21234","properties":{"id":"physical-as-peak-names-030422-21234","slug":"piedra-llana","name":"Piedra Llana","localName":"Piedra Llana","aliases":[],"kind":"peak","sourceId":"sitpa-physical","territoryIds":["es-as"],"elevationM":1430,"bbox":[-4.95383,43.25199,-4.95383,43.25199],"center":[-4.95383,43.25199]},"geometry":{"type":"Point","coordinates":[-4.95383,43.25199]}},{"type":"Feature","id":"physical-as-peak-names-030422-21235","properties":{"id":"physical-as-peak-names-030422-21235","slug":"cueto-llobu","name":"Cueto Llobu","localName":"Cueto Llobu","aliases":[],"kind":"peak","sourceId":"sitpa-physical","territoryIds":["es-as"],"elevationM":1365.5,"bbox":[-4.94362,43.2572,-4.94362,43.2572],"center":[-4.94362,43.2572]},"geometry":{"type":"Point","coordinates":[-4.94362,43.2572]}},{"type":"Feature","id":"physical-as-peak-names-030422-21236","properties":{"id":"physical-as-peak-names-030422-21236","slug":"pico-lladieyu","name":"Pico Lladieyu","localName":"Pico Lladieyu","aliases":[],"kind":"peak","sourceId":"sitpa-physical","territoryIds":["es-as"],"elevationM":1290,"bbox":[-4.94093,43.26085,-4.94093,43.26085],"center":[-4.94093,43.26085]},"geometry":{"type":"Point","coordinates":[-4.94093,43.26085]}},{"type":"Feature","id":"physical-as-peak-names-030422-21237","properties":{"id":"physical-as-peak-names-030422-21237","slug":"pico-parres","name":"Pico Parres","localName":"Pico Parres","aliases":[],"kind":"peak","sourceId":"sitpa-physical","territoryIds":["es-as"],"elevationM":1170,"bbox":[-4.94573,43.26888,-4.94573,43.26888],"center":[-4.94573,43.26888]},"geometry":{"type":"Point","coordinates":[-4.94573,43.26888]}},{"type":"Feature","id":"physical-as-peak-names-030422-21238","properties":{"id":"physical-as-peak-names-030422-21238","slug":"cabeza-l-espinu","name":"Cabeza L'espinu","localName":"Cabeza L'espinu","aliases":[],"kind":"peak","sourceId":"sitpa-physical","territoryIds":["es-as"],"elevationM":1045,"bbox":[-4.95096,43.26765,-4.95096,43.26765],"center":[-4.95096,43.26765]},"geometry":{"type":"Point","coordinates":[-4.95096,43.26765]}},{"type":"Feature","id":"physical-as-peak-names-030422-21239","properties":{"id":"physical-as-peak-names-030422-21239","slug":"pico-llucia","name":"Pico Llúcia","localName":"Pico Llúcia","aliases":[],"kind":"peak","sourceId":"sitpa-physical","territoryIds":["es-as"],"elevationM":1330,"bbox":[-4.97292,43.26727,-4.97292,43.26727],"center":[-4.97292,43.26727]},"geometry":{"type":"Point","coordinates":[-4.97292,43.26727]}},{"type":"Feature","id":"physical-as-peak-names-030422-21240","properties":{"id":"physical-as-peak-names-030422-21240","slug":"pico-branes-de-sotres","name":"Pico Brañes De Sotres","localName":"Pico Brañes De Sotres","aliases":[],"kind":"peak","sourceId":"sitpa-physical","territoryIds":["es-as"],"elevationM":1325,"bbox":[-4.96701,43.26181,-4.96701,43.26181],"center":[-4.96701,43.26181]},"geometry":{"type":"Point","coordinates":[-4.96701,43.26181]}},{"type":"Feature","id":"physical-as-peak-names-030422-21241","properties":{"id":"physical-as-peak-names-030422-21241","slug":"cueto-cenal","name":"Cueto Ceñal","localName":"Cueto Ceñal","aliases":[],"kind":"peak","sourceId":"sitpa-physical","territoryIds":["es-as"],"elevationM":1347.5,"bbox":[-4.96746,43.25714,-4.96746,43.25714],"center":[-4.96746,43.25714]},"geometry":{"type":"Point","coordinates":[-4.96746,43.25714]}},{"type":"Feature","id":"physical-as-peak-names-030422-21242","properties":{"id":"physical-as-peak-names-030422-21242","slug":"canto-cenal","name":"Canto Ceñal","localName":"Canto Ceñal","aliases":[],"kind":"peak","sourceId":"sitpa-physical","territoryIds":["es-as"],"elevationM":1440,"bbox":[-4.96837,43.2546,-4.96837,43.2546],"center":[-4.96837,43.2546]},"geometry":{"type":"Point","coordinates":[-4.96837,43.2546]}},{"type":"Feature","id":"physical-as-peak-names-030422-21285","properties":{"id":"physical-as-peak-names-030422-21285","slug":"cantu-limpou","name":"Cantu Limpóu","localName":"Cantu Limpóu","aliases":[],"kind":"peak","sourceId":"sitpa-physical","territoryIds":["es-as"],"elevationM":1752.1,"bbox":[-4.97917,43.23337,-4.97917,43.23337],"center":[-4.97917,43.23337]},"geometry":{"type":"Point","coordinates":[-4.97917,43.23337]}},{"type":"Feature","id":"physical-as-peak-names-030422-21286","properties":{"id":"physical-as-peak-names-030422-21286","slug":"l-empou","name":"L'empóu","localName":"L'empóu","aliases":[],"kind":"peak","sourceId":"sitpa-physical","territoryIds":["es-as"],"elevationM":1545,"bbox":[-4.96533,43.24913,-4.96533,43.24913],"center":[-4.96533,43.24913]},"geometry":{"type":"Point","coordinates":[-4.96533,43.24913]}},{"type":"Feature","id":"physical-as-peak-names-030422-21287","properties":{"id":"physical-as-peak-names-030422-21287","slug":"el-coton","name":"El Cotón","localName":"El Cotón","aliases":[],"kind":"peak","sourceId":"sitpa-physical","territoryIds":["es-as"],"elevationM":1537.1,"bbox":[-4.96184,43.24867,-4.96184,43.24867],"center":[-4.96184,43.24867]},"geometry":{"type":"Point","coordinates":[-4.96184,43.24867]}},{"type":"Feature","id":"physical-as-peak-names-030422-21288","properties":{"id":"physical-as-peak-names-030422-21288","slug":"porru-la-covellona","name":"Porru La Covellona","localName":"Porru La Covellona","aliases":[],"kind":"peak","sourceId":"sitpa-physical","territoryIds":["es-as"],"elevationM":1665,"bbox":[-4.96813,43.23834,-4.96813,43.23834],"center":[-4.96813,43.23834]},"geometry":{"type":"Point","coordinates":[-4.96813,43.23834]}},{"type":"Feature","id":"physical-as-peak-names-030422-21289","properties":{"id":"physical-as-peak-names-030422-21289","slug":"porru-curelles","name":"Porru Curelles","localName":"Porru Curelles","aliases":[],"kind":"peak","sourceId":"sitpa-physical","territoryIds":["es-as"],"elevationM":1755,"bbox":[-4.96405,43.23529,-4.96405,43.23529],"center":[-4.96405,43.23529]},"geometry":{"type":"Point","coordinates":[-4.96405,43.23529]}},{"type":"Feature","id":"physical-as-peak-names-030422-21291","properties":{"id":"physical-as-peak-names-030422-21291","slug":"pica-d-aliseda","name":"Pica D'aliseda","localName":"Pica D'aliseda","aliases":[],"kind":"peak","sourceId":"sitpa-physical","territoryIds":["es-as"],"elevationM":1855,"bbox":[-4.95308,43.22998,-4.95308,43.22998],"center":[-4.95308,43.22998]},"geometry":{"type":"Point","coordinates":[-4.95308,43.22998]}},{"type":"Feature","id":"physical-as-peak-names-030422-21292","properties":{"id":"physical-as-peak-names-030422-21292","slug":"cabeza-l-burru","name":"Cabeza'l Burru","localName":"Cabeza'l Burru","aliases":[],"kind":"peak","sourceId":"sitpa-physical","territoryIds":["es-as"],"elevationM":1820,"bbox":[-4.94698,43.23429,-4.94698,43.23429],"center":[-4.94698,43.23429]},"geometry":{"type":"Point","coordinates":[-4.94698,43.23429]}},{"type":"Feature","id":"physical-as-peak-names-030422-21293","properties":{"id":"physical-as-peak-names-030422-21293","slug":"pico-la-rasa","name":"Pico La Rasa","localName":"Pico La Rasa","aliases":[],"kind":"peak","sourceId":"sitpa-physical","territoryIds":["es-as"],"elevationM":1840,"bbox":[-4.94463,43.23633,-4.94463,43.23633],"center":[-4.94463,43.23633]},"geometry":{"type":"Point","coordinates":[-4.94463,43.23633]}},{"type":"Feature","id":"physical-as-peak-names-030422-21294","properties":{"id":"physical-as-peak-names-030422-21294","slug":"joulagua-d-onis","name":"Joulagua D'onís","localName":"Joulagua D'onís","aliases":[],"kind":"peak","sourceId":"sitpa-physical","territoryIds":["es-as"],"elevationM":1755,"bbox":[-4.95104,43.2405,-4.95104,43.2405],"center":[-4.95104,43.2405]},"geometry":{"type":"Point","coordinates":[-4.95104,43.2405]}},{"type":"Feature","id":"physical-as-peak-names-030422-21295","properties":{"id":"physical-as-peak-names-030422-21295","slug":"cabeza-las-juentes","name":"Cabeza Las Juentes","localName":"Cabeza Las Juentes","aliases":[],"kind":"peak","sourceId":"sitpa-physical","territoryIds":["es-as"],"elevationM":1480,"bbox":[-4.94432,43.24816,-4.94432,43.24816],"center":[-4.94432,43.24816]},"geometry":{"type":"Point","coordinates":[-4.94432,43.24816]}},{"type":"Feature","id":"physical-as-peak-names-030422-21296","properties":{"id":"physical-as-peak-names-030422-21296","slug":"pico-conjurtau","name":"Pico Conjurtáu","localName":"Pico Conjurtáu","aliases":[],"kind":"peak","sourceId":"sitpa-physical","territoryIds":["es-as"],"elevationM":1915,"bbox":[-4.95922,43.23049,-4.95922,43.23049],"center":[-4.95922,43.23049]},"geometry":{"type":"Point","coordinates":[-4.95922,43.23049]}},{"type":"Feature","id":"physical-as-peak-names-030422-21297","properties":{"id":"physical-as-peak-names-030422-21297","slug":"xerra-les-robeques","name":"Xerra Les Robeques","localName":"Xerra Les Robeques","aliases":[],"kind":"peak","sourceId":"sitpa-physical","territoryIds":["es-as"],"elevationM":1590.6,"bbox":[-4.97816,43.23772,-4.97816,43.23772],"center":[-4.97816,43.23772]},"geometry":{"type":"Point","coordinates":[-4.97816,43.23772]}},{"type":"Feature","id":"physical-as-peak-names-030422-21299","properties":{"id":"physical-as-peak-names-030422-21299","slug":"joulagua-de-cangues","name":"Joulagua De Cangues","localName":"Joulagua De Cangues","aliases":[],"kind":"peak","sourceId":"sitpa-physical","territoryIds":["es-as"],"elevationM":1780,"bbox":[-4.95723,43.24135,-4.95723,43.24135],"center":[-4.95723,43.24135]},"geometry":{"type":"Point","coordinates":[-4.95723,43.24135]}},{"type":"Feature","id":"physical-as-peak-names-030422-21300","properties":{"id":"physical-as-peak-names-030422-21300","slug":"alto-llampazas","name":"Alto Llampazas","localName":"Alto Llampazas","aliases":[],"kind":"peak","sourceId":"sitpa-physical","territoryIds":["es-as"],"elevationM":1815,"bbox":[-4.94748,43.23709,-4.94748,43.23709],"center":[-4.94748,43.23709]},"geometry":{"type":"Point","coordinates":[-4.94748,43.23709]}},{"type":"Feature","id":"physical-as-peak-names-030422-21337","properties":{"id":"physical-as-peak-names-030422-21337","slug":"torre-de-la-jorcada","name":"Torre De La Jorcada","localName":"Torre De La Jorcada","aliases":[],"kind":"peak","sourceId":"sitpa-physical","territoryIds":["es-as"],"elevationM":2395,"bbox":[-4.97604,43.21012,-4.97604,43.21012],"center":[-4.97604,43.21012]},"geometry":{"type":"Point","coordinates":[-4.97604,43.21012]}},{"type":"Feature","id":"physical-as-peak-names-030422-21338","properties":{"id":"physical-as-peak-names-030422-21338","slug":"torre-cebolleda","name":"Torre Cebolleda","localName":"Torre Cebolleda","aliases":[],"kind":"peak","sourceId":"sitpa-physical","territoryIds":["es-as"],"elevationM":2425,"bbox":[-4.97717,43.21255,-4.97717,43.21255],"center":[-4.97717,43.21255]},"geometry":{"type":"Point","coordinates":[-4.97717,43.21255]}},{"type":"Feature","id":"physical-as-peak-names-030422-21339","properties":{"id":"physical-as-peak-names-030422-21339","slug":"aguja-d-enol","name":"Aguja D'enol","localName":"Aguja D'enol","aliases":[],"kind":"peak","sourceId":"sitpa-physical","territoryIds":["es-as"],"elevationM":2330.9,"bbox":[-4.97392,43.21452,-4.97392,43.21452],"center":[-4.97392,43.21452]},"geometry":{"type":"Point","coordinates":[-4.97392,43.21452]}},{"type":"Feature","id":"physical-as-peak-names-030422-21340","properties":{"id":"physical-as-peak-names-030422-21340","slug":"torre-canal-parda","name":"Torre Canal Parda","localName":"Torre Canal Parda","aliases":[],"kind":"peak","sourceId":"sitpa-physical","territoryIds":["es-as"],"elevationM":2325,"bbox":[-4.96372,43.21283,-4.96372,43.21283],"center":[-4.96372,43.21283]},"geometry":{"type":"Point","coordinates":[-4.96372,43.21283]}},{"type":"Feature","id":"physical-as-peak-names-030422-21341","properties":{"id":"physical-as-peak-names-030422-21341","slug":"porru-de-los-garapozales","name":"Porru De Los Garapozales","localName":"Porru De Los Garapozales","aliases":[],"kind":"peak","sourceId":"sitpa-physical","territoryIds":["es-as"],"elevationM":2152.8,"bbox":[-4.96266,43.21949,-4.96266,43.21949],"center":[-4.96266,43.21949]},"geometry":{"type":"Point","coordinates":[-4.96266,43.21949]}},{"type":"Feature","id":"physical-as-peak-names-030422-21342","properties":{"id":"physical-as-peak-names-030422-21342","slug":"porru-peruyu","name":"Porru Peruyu","localName":"Porru Peruyu","aliases":[],"kind":"peak","sourceId":"sitpa-physical","territoryIds":["es-as"],"elevationM":1816.8,"bbox":[-4.97438,43.228,-4.97438,43.228],"center":[-4.97438,43.228]},"geometry":{"type":"Point","coordinates":[-4.97438,43.228]}},{"type":"Feature","id":"physical-as-peak-names-030422-21343","properties":{"id":"physical-as-peak-names-030422-21343","slug":"los-garapozales","name":"Los Garapozales","localName":"Los Garapozales","aliases":[],"kind":"peak","sourceId":"sitpa-physical","territoryIds":["es-as"],"elevationM":1985,"bbox":[-4.96757,43.22209,-4.96757,43.22209],"center":[-4.96757,43.22209]},"geometry":{"type":"Point","coordinates":[-4.96757,43.22209]}},{"type":"Feature","id":"physical-as-peak-names-030422-21344","properties":{"id":"physical-as-peak-names-030422-21344","slug":"l-asunciana","name":"L'asunciana","localName":"L'asunciana","aliases":[],"kind":"peak","sourceId":"sitpa-physical","territoryIds":["es-as"],"elevationM":2010,"bbox":[-4.97638,43.22082,-4.97638,43.22082],"center":[-4.97638,43.22082]},"geometry":{"type":"Point","coordinates":[-4.97638,43.22082]}},{"type":"Feature","id":"physical-as-peak-names-030422-21345","properties":{"id":"physical-as-peak-names-030422-21345","slug":"redondu-del-conjurtau","name":"Redondu Del Conjurtáu","localName":"Redondu Del Conjurtáu","aliases":[],"kind":"peak","sourceId":"sitpa-physical","territoryIds":["es-as"],"elevationM":1967.5,"bbox":[-4.95766,43.22651,-4.95766,43.22651],"center":[-4.95766,43.22651]},"geometry":{"type":"Point","coordinates":[-4.95766,43.22651]}},{"type":"Feature","id":"physical-as-peak-names-030422-21346","properties":{"id":"physical-as-peak-names-030422-21346","slug":"la-verdelluenga","name":"La Verdelluenga","localName":"La Verdelluenga","aliases":[],"kind":"peak","sourceId":"sitpa-physical","territoryIds":["es-as"],"elevationM":2073.5,"bbox":[-4.94411,43.22492,-4.94411,43.22492],"center":[-4.94411,43.22492]},"geometry":{"type":"Point","coordinates":[-4.94411,43.22492]}},{"type":"Feature","id":"physical-as-peak-names-030422-21347","properties":{"id":"physical-as-peak-names-030422-21347","slug":"pica-la-torcada","name":"Pica La Torcada","localName":"Pica La Torcada","aliases":[],"kind":"peak","sourceId":"sitpa-physical","territoryIds":["es-as"],"elevationM":2089.1,"bbox":[-4.95539,43.22239,-4.95539,43.22239],"center":[-4.95539,43.22239]},"geometry":{"type":"Point","coordinates":[-4.95539,43.22239]}},{"type":"Feature","id":"physical-as-peak-names-030422-21348","properties":{"id":"physical-as-peak-names-030422-21348","slug":"punta-gregoriana","name":"Punta Gregoriana","localName":"Punta Gregoriana","aliases":[],"kind":"peak","sourceId":"sitpa-physical","territoryIds":["es-as"],"elevationM":2233.2,"bbox":[-4.95257,43.22006,-4.95257,43.22006],"center":[-4.95257,43.22006]},"geometry":{"type":"Point","coordinates":[-4.95257,43.22006]}},{"type":"Feature","id":"physical-as-peak-names-030422-21349","properties":{"id":"physical-as-peak-names-030422-21349","slug":"porru-la-capilla","name":"Porru La Capilla","localName":"Porru La Capilla","aliases":[],"kind":"peak","sourceId":"sitpa-physical","territoryIds":["es-as"],"elevationM":2212.7,"bbox":[-4.95203,43.21589,-4.95203,43.21589],"center":[-4.95203,43.21589]},"geometry":{"type":"Point","coordinates":[-4.95203,43.21589]}},{"type":"Feature","id":"physical-as-peak-names-030422-21350","properties":{"id":"physical-as-peak-names-030422-21350","slug":"torre-les-travieses","name":"Torre Les Travieses","localName":"Torre Les Travieses","aliases":[],"kind":"peak","sourceId":"sitpa-physical","territoryIds":["es-as"],"elevationM":2345,"bbox":[-4.95851,43.21371,-4.95851,43.21371],"center":[-4.95851,43.21371]},"geometry":{"type":"Point","coordinates":[-4.95851,43.21371]}},{"type":"Feature","id":"physical-as-peak-names-030422-21351","properties":{"id":"physical-as-peak-names-030422-21351","slug":"torre-d-enmediu","name":"Torre D'enmediu","localName":"Torre D'enmediu","aliases":[],"kind":"peak","sourceId":"sitpa-physical","territoryIds":["es-as"],"elevationM":2420.1,"bbox":[-4.97613,43.20866,-4.97613,43.20866],"center":[-4.97613,43.20866]},"geometry":{"type":"Point","coordinates":[-4.97613,43.20866]}},{"type":"Feature","id":"physical-as-peak-names-030422-21352","properties":{"id":"physical-as-peak-names-030422-21352","slug":"torre-santa-maria","name":"Torre Santa María","localName":"Torre Santa María","aliases":[],"kind":"peak","sourceId":"sitpa-physical","territoryIds":["es-as"],"elevationM":2455,"bbox":[-4.97457,43.21253,-4.97457,43.21253],"center":[-4.97457,43.21253]},"geometry":{"type":"Point","coordinates":[-4.97457,43.21253]}},{"type":"Feature","id":"physical-as-peak-names-030422-21353","properties":{"id":"physical-as-peak-names-030422-21353","slug":"de-los-asturianos","name":"De Los Asturianos","localName":"De Los Asturianos","aliases":[],"kind":"peak","sourceId":"sitpa-physical","territoryIds":["es-as"],"elevationM":2250,"bbox":[-4.96441,43.21495,-4.96441,43.21495],"center":[-4.96441,43.21495]},"geometry":{"type":"Point","coordinates":[-4.96441,43.21495]}},{"type":"Feature","id":"physical-as-peak-names-030422-21380","properties":{"id":"physical-as-peak-names-030422-21380","slug":"los-estribos","name":"Los Estribos","localName":"Los Estribos","aliases":[],"kind":"peak","sourceId":"sitpa-physical","territoryIds":["es-as"],"elevationM":2237,"bbox":[-4.97914,43.20076,-4.97914,43.20076],"center":[-4.97914,43.20076]},"geometry":{"type":"Point","coordinates":[-4.97914,43.20076]}},{"type":"Feature","id":"physical-as-peak-names-030422-21381","properties":{"id":"physical-as-peak-names-030422-21381","slug":"torre-de-las-tres-marias","name":"Torre De Las Tres Marías","localName":"Torre De Las Tres Marías","aliases":[],"kind":"peak","sourceId":"sitpa-physical","territoryIds":["es-as"],"elevationM":2256,"bbox":[-4.97513,43.20553,-4.97513,43.20553],"center":[-4.97513,43.20553]},"geometry":{"type":"Point","coordinates":[-4.97513,43.20553]}},{"type":"Feature","id":"physical-as-peak-names-030422-21382","properties":{"id":"physical-as-peak-names-030422-21382","slug":"torre-del-torcu","name":"Torre Del Torcu","localName":"Torre Del Torcu","aliases":[],"kind":"peak","sourceId":"sitpa-physical","territoryIds":["es-as"],"elevationM":2352.3,"bbox":[-4.97051,43.20282,-4.97051,43.20282],"center":[-4.97051,43.20282]},"geometry":{"type":"Point","coordinates":[-4.97051,43.20282]}},{"type":"Feature","id":"physical-as-peak-names-030422-21471","properties":{"id":"physical-as-peak-names-030422-21471","slug":"cabeza-tiesara","name":"Cabeza Tiésara","localName":"Cabeza Tiésara","aliases":[],"kind":"peak","sourceId":"sitpa-physical","territoryIds":["es-as"],"elevationM":1380,"bbox":[-4.90118,43.28387,-4.90118,43.28387],"center":[-4.90118,43.28387]},"geometry":{"type":"Point","coordinates":[-4.90118,43.28387]}},{"type":"Feature","id":"physical-as-peak-names-030422-21472","properties":{"id":"physical-as-peak-names-030422-21472","slug":"porru-estela","name":"Porru Estela","localName":"Porru Estela","aliases":[],"kind":"peak","sourceId":"sitpa-physical","territoryIds":["es-as"],"elevationM":1229.9,"bbox":[-4.9344,43.27124,-4.9344,43.27124],"center":[-4.9344,43.27124]},"geometry":{"type":"Point","coordinates":[-4.9344,43.27124]}},{"type":"Feature","id":"physical-as-peak-names-030422-21473","properties":{"id":"physical-as-peak-names-030422-21473","slug":"cabeza-pellicu","name":"Cabeza Pellicu","localName":"Cabeza Pellicu","aliases":[],"kind":"peak","sourceId":"sitpa-physical","territoryIds":["es-as"],"elevationM":1489.8,"bbox":[-4.92873,43.27748,-4.92873,43.27748],"center":[-4.92873,43.27748]},"geometry":{"type":"Point","coordinates":[-4.92873,43.27748]}},{"type":"Feature","id":"physical-as-peak-names-030422-21474","properties":{"id":"physical-as-peak-names-030422-21474","slug":"cuetu-veyuga","name":"Cuetu Veyuga","localName":"Cuetu Veyuga","aliases":[],"kind":"peak","sourceId":"sitpa-physical","territoryIds":["es-as"],"elevationM":1455,"bbox":[-4.92876,43.28065,-4.92876,43.28065],"center":[-4.92876,43.28065]},"geometry":{"type":"Point","coordinates":[-4.92876,43.28065]}},{"type":"Feature","id":"physical-as-peak-names-030422-21475","properties":{"id":"physical-as-peak-names-030422-21475","slug":"cabeza-prada","name":"Cabeza Prada","localName":"Cabeza Prada","aliases":[],"kind":"peak","sourceId":"sitpa-physical","territoryIds":["es-as"],"elevationM":1290,"bbox":[-4.92589,43.28503,-4.92589,43.28503],"center":[-4.92589,43.28503]},"geometry":{"type":"Point","coordinates":[-4.92589,43.28503]}},{"type":"Feature","id":"physical-as-peak-names-030422-21476","properties":{"id":"physical-as-peak-names-030422-21476","slug":"cueto-grayeru","name":"Cueto Grayeru","localName":"Cueto Grayeru","aliases":[],"kind":"peak","sourceId":"sitpa-physical","territoryIds":["es-as"],"elevationM":1096.3,"bbox":[-4.93432,43.28859,-4.93432,43.28859],"center":[-4.93432,43.28859]},"geometry":{"type":"Point","coordinates":[-4.93432,43.28859]}},{"type":"Feature","id":"physical-as-peak-names-030422-21477","properties":{"id":"physical-as-peak-names-030422-21477","slug":"pene-jascal","name":"Peñe Jascal","localName":"Peñe Jascal","aliases":[],"kind":"peak","sourceId":"sitpa-physical","territoryIds":["es-as"],"elevationM":1720,"bbox":[-4.91648,43.27245,-4.91648,43.27245],"center":[-4.91648,43.27245]},"geometry":{"type":"Point","coordinates":[-4.91648,43.27245]}},{"type":"Feature","id":"physical-as-peak-names-030422-21478","properties":{"id":"physical-as-peak-names-030422-21478","slug":"las-bimbres","name":"Las Bimbres","localName":"Las Bimbres","aliases":[],"kind":"peak","sourceId":"sitpa-physical","territoryIds":["es-as"],"elevationM":1143.3,"bbox":[-4.92608,43.28922,-4.92608,43.28922],"center":[-4.92608,43.28922]},"geometry":{"type":"Point","coordinates":[-4.92608,43.28922]}},{"type":"Feature","id":"physical-as-peak-names-030422-21544","properties":{"id":"physical-as-peak-names-030422-21544","slug":"pico-buciau","name":"Pico Buciau","localName":"Pico Buciau","aliases":[],"kind":"peak","sourceId":"sitpa-physical","territoryIds":["es-as"],"elevationM":1255,"bbox":[-4.90499,43.25601,-4.90499,43.25601],"center":[-4.90499,43.25601]},"geometry":{"type":"Point","coordinates":[-4.90499,43.25601]}},{"type":"Feature","id":"physical-as-peak-names-030422-21545","properties":{"id":"physical-as-peak-names-030422-21545","slug":"cabeza-les-juentes","name":"Cabeza Les Juentes","localName":"Cabeza Les Juentes","aliases":[],"kind":"peak","sourceId":"sitpa-physical","territoryIds":["es-as"],"elevationM":1475.8,"bbox":[-4.8983,43.25909,-4.8983,43.25909],"center":[-4.8983,43.25909]},"geometry":{"type":"Point","coordinates":[-4.8983,43.25909]}},{"type":"Feature","id":"physical-as-peak-names-030422-21546","properties":{"id":"physical-as-peak-names-030422-21546","slug":"l-asomu","name":"L'asomu","localName":"L'asomu","aliases":[],"kind":"peak","sourceId":"sitpa-physical","territoryIds":["es-as"],"elevationM":1410,"bbox":[-4.90643,43.25921,-4.90643,43.25921],"center":[-4.90643,43.25921]},"geometry":{"type":"Point","coordinates":[-4.90643,43.25921]}},{"type":"Feature","id":"physical-as-peak-names-030422-21547","properties":{"id":"physical-as-peak-names-030422-21547","slug":"cueto-bermeyu","name":"Cueto Bermeyu","localName":"Cueto Bermeyu","aliases":[],"kind":"peak","sourceId":"sitpa-physical","territoryIds":["es-as"],"elevationM":1392,"bbox":[-4.91322,43.25984,-4.91322,43.25984],"center":[-4.91322,43.25984]},"geometry":{"type":"Point","coordinates":[-4.91322,43.25984]}},{"type":"Feature","id":"physical-as-peak-names-030422-21548","properties":{"id":"physical-as-peak-names-030422-21548","slug":"porron-de-moandi","name":"Porrón De Moandi","localName":"Porrón De Moandi","aliases":[],"kind":"peak","sourceId":"sitpa-physical","territoryIds":["es-as"],"elevationM":1572.1,"bbox":[-4.92826,43.25084,-4.92826,43.25084],"center":[-4.92826,43.25084]},"geometry":{"type":"Point","coordinates":[-4.92826,43.25084]}},{"type":"Feature","id":"physical-as-peak-names-030422-21549","properties":{"id":"physical-as-peak-names-030422-21549","slug":"pico-jocavau","name":"Pico Jocaváu","localName":"Pico Jocaváu","aliases":[],"kind":"peak","sourceId":"sitpa-physical","territoryIds":["es-as"],"elevationM":1478.4,"bbox":[-4.92743,43.25456,-4.92743,43.25456],"center":[-4.92743,43.25456]},"geometry":{"type":"Point","coordinates":[-4.92743,43.25456]}},{"type":"Feature","id":"physical-as-peak-names-030422-21550","properties":{"id":"physical-as-peak-names-030422-21550","slug":"cabeza-cayarga","name":"Cabeza Cayarga","localName":"Cabeza Cayarga","aliases":[],"kind":"peak","sourceId":"sitpa-physical","territoryIds":["es-as"],"elevationM":1511.9,"bbox":[-4.92913,43.25616,-4.92913,43.25616],"center":[-4.92913,43.25616]},"geometry":{"type":"Point","coordinates":[-4.92913,43.25616]}},{"type":"Feature","id":"physical-as-peak-names-030422-21551","properties":{"id":"physical-as-peak-names-030422-21551","slug":"les-grayeres","name":"Les Grayeres","localName":"Les Grayeres","aliases":[],"kind":"peak","sourceId":"sitpa-physical","territoryIds":["es-as"],"elevationM":1430,"bbox":[-4.93536,43.25693,-4.93536,43.25693],"center":[-4.93536,43.25693]},"geometry":{"type":"Point","coordinates":[-4.93536,43.25693]}},{"type":"Feature","id":"physical-as-peak-names-030422-21552","properties":{"id":"physical-as-peak-names-030422-21552","slug":"pico-mortayales","name":"Pico Mortayales","localName":"Pico Mortayales","aliases":[],"kind":"peak","sourceId":"sitpa-physical","territoryIds":["es-as"],"elevationM":1450.2,"bbox":[-4.93339,43.26358,-4.93339,43.26358],"center":[-4.93339,43.26358]},"geometry":{"type":"Point","coordinates":[-4.93339,43.26358]}},{"type":"Feature","id":"physical-as-peak-names-030422-21553","properties":{"id":"physical-as-peak-names-030422-21553","slug":"cabeza-la-xatera","name":"Cabeza La Xatera","localName":"Cabeza La Xatera","aliases":[],"kind":"peak","sourceId":"sitpa-physical","territoryIds":["es-as"],"elevationM":1485,"bbox":[-4.931,43.26141,-4.931,43.26141],"center":[-4.931,43.26141]},"geometry":{"type":"Point","coordinates":[-4.931,43.26141]}},{"type":"Feature","id":"physical-as-peak-names-030422-21554","properties":{"id":"physical-as-peak-names-030422-21554","slug":"canto-moscadoiru","name":"Canto Moscadoiru","localName":"Canto Moscadoiru","aliases":[],"kind":"peak","sourceId":"sitpa-physical","territoryIds":["es-as"],"elevationM":1525,"bbox":[-4.92289,43.26425,-4.92289,43.26425],"center":[-4.92289,43.26425]},"geometry":{"type":"Point","coordinates":[-4.92289,43.26425]}},{"type":"Feature","id":"physical-as-peak-names-030422-21555","properties":{"id":"physical-as-peak-names-030422-21555","slug":"becerrera-del-cantu","name":"Becerrera Del Cantu","localName":"Becerrera Del Cantu","aliases":[],"kind":"peak","sourceId":"sitpa-physical","territoryIds":["es-as"],"elevationM":1692.8,"bbox":[-4.90001,43.26799,-4.90001,43.26799],"center":[-4.90001,43.26799]},"geometry":{"type":"Point","coordinates":[-4.90001,43.26799]}},{"type":"Feature","id":"physical-as-peak-names-030422-21556","properties":{"id":"physical-as-peak-names-030422-21556","slug":"becerrera-del-jou","name":"Becerrera Del Jou","localName":"Becerrera Del Jou","aliases":[],"kind":"peak","sourceId":"sitpa-physical","territoryIds":["es-as"],"elevationM":1663.8,"bbox":[-4.89799,43.26688,-4.89799,43.26688],"center":[-4.89799,43.26688]},"geometry":{"type":"Point","coordinates":[-4.89799,43.26688]}},{"type":"Feature","id":"physical-as-peak-names-030422-21557","properties":{"id":"physical-as-peak-names-030422-21557","slug":"cueto-la-cistra","name":"Cueto La Cistra","localName":"Cueto La Cistra","aliases":[],"kind":"peak","sourceId":"sitpa-physical","territoryIds":["es-as"],"elevationM":1580,"bbox":[-4.90334,43.26342,-4.90334,43.26342],"center":[-4.90334,43.26342]},"geometry":{"type":"Point","coordinates":[-4.90334,43.26342]}},{"type":"Feature","id":"physical-as-peak-names-030422-21558","properties":{"id":"physical-as-peak-names-030422-21558","slug":"los-cabecinos","name":"Los Cabecinos","localName":"Los Cabecinos","aliases":[],"kind":"peak","sourceId":"sitpa-physical","territoryIds":["es-as"],"elevationM":1490,"bbox":[-4.9093,43.26246,-4.9093,43.26246],"center":[-4.9093,43.26246]},"geometry":{"type":"Point","coordinates":[-4.9093,43.26246]}},{"type":"Feature","id":"physical-as-peak-names-030422-21592","properties":{"id":"physical-as-peak-names-030422-21592","slug":"cabeza-julagua","name":"Cabeza Julagua","localName":"Cabeza Julagua","aliases":[],"kind":"peak","sourceId":"sitpa-physical","territoryIds":["es-as"],"elevationM":1710,"bbox":[-4.92068,43.24455,-4.92068,43.24455],"center":[-4.92068,43.24455]},"geometry":{"type":"Point","coordinates":[-4.92068,43.24455]}},{"type":"Feature","id":"physical-as-peak-names-030422-21593","properties":{"id":"physical-as-peak-names-030422-21593","slug":"cabeza-muxa","name":"Cabeza Muxa","localName":"Cabeza Muxa","aliases":[],"kind":"peak","sourceId":"sitpa-physical","territoryIds":["es-as"],"elevationM":1550,"bbox":[-4.91762,43.24973,-4.91762,43.24973],"center":[-4.91762,43.24973]},"geometry":{"type":"Point","coordinates":[-4.91762,43.24973]}},{"type":"Feature","id":"physical-as-peak-names-030422-21594","properties":{"id":"physical-as-peak-names-030422-21594","slug":"cabeza-chica","name":"Cabeza Chica","localName":"Cabeza Chica","aliases":[],"kind":"peak","sourceId":"sitpa-physical","territoryIds":["es-as"],"elevationM":1520,"bbox":[-4.9163,43.24936,-4.9163,43.24936],"center":[-4.9163,43.24936]},"geometry":{"type":"Point","coordinates":[-4.9163,43.24936]}},{"type":"Feature","id":"physical-as-peak-names-030422-21595","properties":{"id":"physical-as-peak-names-030422-21595","slug":"cabeza-del-covu","name":"Cabeza Del Covu","localName":"Cabeza Del Covu","aliases":[],"kind":"peak","sourceId":"sitpa-physical","territoryIds":["es-as"],"elevationM":1690,"bbox":[-4.91824,43.24078,-4.91824,43.24078],"center":[-4.91824,43.24078]},"geometry":{"type":"Point","coordinates":[-4.91824,43.24078]}},{"type":"Feature","id":"physical-as-peak-names-030422-21596","properties":{"id":"physical-as-peak-names-030422-21596","slug":"l-home","name":"L'home","localName":"L'home","aliases":[],"kind":"peak","sourceId":"sitpa-physical","territoryIds":["es-as"],"elevationM":1605,"bbox":[-4.91705,43.23928,-4.91705,43.23928],"center":[-4.91705,43.23928]},"geometry":{"type":"Point","coordinates":[-4.91705,43.23928]}},{"type":"Feature","id":"physical-as-peak-names-030422-21597","properties":{"id":"physical-as-peak-names-030422-21597","slug":"cabeza-corroble","name":"Cabeza Corroble","localName":"Cabeza Corroble","aliases":[],"kind":"peak","sourceId":"sitpa-physical","territoryIds":["es-as"],"elevationM":1615,"bbox":[-4.92114,43.23813,-4.92114,43.23813],"center":[-4.92114,43.23813]},"geometry":{"type":"Point","coordinates":[-4.92114,43.23813]}},{"type":"Feature","id":"physical-as-peak-names-030422-21598","properties":{"id":"physical-as-peak-names-030422-21598","slug":"pico-gustuteru","name":"Pico Gustuteru","localName":"Pico Gustuteru","aliases":[],"kind":"peak","sourceId":"sitpa-physical","territoryIds":["es-as"],"elevationM":1790,"bbox":[-4.93726,43.23287,-4.93726,43.23287],"center":[-4.93726,43.23287]},"geometry":{"type":"Point","coordinates":[-4.93726,43.23287]}},{"type":"Feature","id":"physical-as-peak-names-030422-21599","properties":{"id":"physical-as-peak-names-030422-21599","slug":"cabeza-llambria","name":"Cabeza Llambria","localName":"Cabeza Llambria","aliases":[],"kind":"peak","sourceId":"sitpa-physical","territoryIds":["es-as"],"elevationM":1651.6,"bbox":[-4.90884,43.23773,-4.90884,43.23773],"center":[-4.90884,43.23773]},"geometry":{"type":"Point","coordinates":[-4.90884,43.23773]}},{"type":"Feature","id":"physical-as-peak-names-030422-21600","properties":{"id":"physical-as-peak-names-030422-21600","slug":"cabeza-del-verde","name":"Cabeza Del Verde","localName":"Cabeza Del Verde","aliases":[],"kind":"peak","sourceId":"sitpa-physical","territoryIds":["es-as"],"elevationM":1705,"bbox":[-4.91468,43.23978,-4.91468,43.23978],"center":[-4.91468,43.23978]},"geometry":{"type":"Point","coordinates":[-4.91468,43.23978]}},{"type":"Feature","id":"physical-as-peak-names-030422-21601","properties":{"id":"physical-as-peak-names-030422-21601","slug":"cabeza-la-forma","name":"Cabeza La Forma","localName":"Cabeza La Forma","aliases":[],"kind":"peak","sourceId":"sitpa-physical","territoryIds":["es-as"],"elevationM":1700,"bbox":[-4.92693,43.24194,-4.92693,43.24194],"center":[-4.92693,43.24194]},"geometry":{"type":"Point","coordinates":[-4.92693,43.24194]}},{"type":"Feature","id":"physical-as-peak-names-030422-21602","properties":{"id":"physical-as-peak-names-030422-21602","slug":"cabeza-las-campanas","name":"Cabeza Las Campanas","localName":"Cabeza Las Campanas","aliases":[],"kind":"peak","sourceId":"sitpa-physical","territoryIds":["es-as"],"elevationM":1630,"bbox":[-4.92783,43.24728,-4.92783,43.24728],"center":[-4.92783,43.24728]},"geometry":{"type":"Point","coordinates":[-4.92783,43.24728]}},{"type":"Feature","id":"physical-as-peak-names-030422-21632","properties":{"id":"physical-as-peak-names-030422-21632","slug":"jultayu","name":"Jultayu","localName":"Jultayu","aliases":[],"kind":"peak","sourceId":"sitpa-physical","territoryIds":["es-as"],"elevationM":1930,"bbox":[-4.91954,43.22709,-4.91954,43.22709],"center":[-4.91954,43.22709]},"geometry":{"type":"Point","coordinates":[-4.91954,43.22709]}},{"type":"Feature","id":"physical-as-peak-names-030422-21633","properties":{"id":"physical-as-peak-names-030422-21633","slug":"pico-cuvicente","name":"Pico Cuvicente","localName":"Pico Cuvicente","aliases":[],"kind":"peak","sourceId":"sitpa-physical","territoryIds":["es-as"],"elevationM":1965.9,"bbox":[-4.93079,43.22572,-4.93079,43.22572],"center":[-4.93079,43.22572]},"geometry":{"type":"Point","coordinates":[-4.93079,43.22572]}},{"type":"Feature","id":"physical-as-peak-names-030422-21634","properties":{"id":"physical-as-peak-names-030422-21634","slug":"torre-la-celada","name":"Torre La Celada","localName":"Torre La Celada","aliases":[],"kind":"peak","sourceId":"sitpa-physical","territoryIds":["es-as"],"elevationM":1915,"bbox":[-4.93215,43.22445,-4.93215,43.22445],"center":[-4.93215,43.22445]},"geometry":{"type":"Point","coordinates":[-4.93215,43.22445]}},{"type":"Feature","id":"physical-as-peak-names-030422-21749","properties":{"id":"physical-as-peak-names-030422-21749","slug":"pico-les-salgueres","name":"Pico Les Salgueres","localName":"Pico Les Salgueres","aliases":[],"kind":"peak","sourceId":"sitpa-physical","territoryIds":["es-as"],"elevationM":1515,"bbox":[-4.86873,43.27458,-4.86873,43.27458],"center":[-4.86873,43.27458]},"geometry":{"type":"Point","coordinates":[-4.86873,43.27458]}},{"type":"Feature","id":"physical-as-peak-names-030422-21750","properties":{"id":"physical-as-peak-names-030422-21750","slug":"las-coronas","name":"Las Coronas","localName":"Las Coronas","aliases":[],"kind":"peak","sourceId":"sitpa-physical","territoryIds":["es-as"],"elevationM":1211.6,"bbox":[-4.86732,43.28548,-4.86732,43.28548],"center":[-4.86732,43.28548]},"geometry":{"type":"Point","coordinates":[-4.86732,43.28548]}},{"type":"Feature","id":"physical-as-peak-names-030422-21752","properties":{"id":"physical-as-peak-names-030422-21752","slug":"cabeza-las-teyeras","name":"Cabeza Las Teyeras","localName":"Cabeza Las Teyeras","aliases":[],"kind":"peak","sourceId":"sitpa-physical","territoryIds":["es-as"],"elevationM":1298.5,"bbox":[-4.88571,43.2808,-4.88571,43.2808],"center":[-4.88571,43.2808]},"geometry":{"type":"Point","coordinates":[-4.88571,43.2808]}},{"type":"Feature","id":"physical-as-peak-names-030422-21753","properties":{"id":"physical-as-peak-names-030422-21753","slug":"canto-la-portiella","name":"Canto La Portiella","localName":"Canto La Portiella","aliases":[],"kind":"peak","sourceId":"sitpa-physical","territoryIds":["es-as"],"elevationM":1495,"bbox":[-4.88999,43.27875,-4.88999,43.27875],"center":[-4.88999,43.27875]},"geometry":{"type":"Point","coordinates":[-4.88999,43.27875]}},{"type":"Feature","id":"physical-as-peak-names-030422-21754","properties":{"id":"physical-as-peak-names-030422-21754","slug":"cabeza-las-vacas","name":"Cabeza Las Vacas","localName":"Cabeza Las Vacas","aliases":[],"kind":"peak","sourceId":"sitpa-physical","territoryIds":["es-as"],"elevationM":1620,"bbox":[-4.8941,43.27541,-4.8941,43.27541],"center":[-4.8941,43.27541]},"geometry":{"type":"Point","coordinates":[-4.8941,43.27541]}},{"type":"Feature","id":"physical-as-peak-names-030422-21755","properties":{"id":"physical-as-peak-names-030422-21755","slug":"el-campillon","name":"El Campillón","localName":"El Campillón","aliases":[],"kind":"peak","sourceId":"sitpa-physical","territoryIds":["es-as"],"elevationM":1300.3,"bbox":[-4.87843,43.28073,-4.87843,43.28073],"center":[-4.87843,43.28073]},"geometry":{"type":"Point","coordinates":[-4.87843,43.28073]}},{"type":"Feature","id":"physical-as-peak-names-030422-21756","properties":{"id":"physical-as-peak-names-030422-21756","slug":"cabeza-el-valle","name":"Cabeza El Valle","localName":"Cabeza El Valle","aliases":[],"kind":"peak","sourceId":"sitpa-physical","territoryIds":["es-as"],"elevationM":1495,"bbox":[-4.88053,43.27284,-4.88053,43.27284],"center":[-4.88053,43.27284]},"geometry":{"type":"Point","coordinates":[-4.88053,43.27284]}},{"type":"Feature","id":"physical-as-peak-names-030422-21757","properties":{"id":"physical-as-peak-names-030422-21757","slug":"pena-el-valle","name":"Peña El Valle","localName":"Peña El Valle","aliases":[],"kind":"peak","sourceId":"sitpa-physical","territoryIds":["es-as"],"elevationM":1416.9,"bbox":[-4.88129,43.27517,-4.88129,43.27517],"center":[-4.88129,43.27517]},"geometry":{"type":"Point","coordinates":[-4.88129,43.27517]}},{"type":"Feature","id":"physical-as-peak-names-030422-21817","properties":{"id":"physical-as-peak-names-030422-21817","slug":"cabezo-llerosu","name":"Cabezo Llerosu","localName":"Cabezo Llerosu","aliases":[],"kind":"peak","sourceId":"sitpa-physical","territoryIds":["es-as"],"elevationM":1768.6,"bbox":[-4.89445,43.26871,-4.89445,43.26871],"center":[-4.89445,43.26871]},"geometry":{"type":"Point","coordinates":[-4.89445,43.26871]}},{"type":"Feature","id":"physical-as-peak-names-030422-21818","properties":{"id":"physical-as-peak-names-030422-21818","slug":"jorcau-de-beresna","name":"Jorcáu De Beresna","localName":"Jorcáu De Beresna","aliases":[],"kind":"peak","sourceId":"sitpa-physical","territoryIds":["es-as"],"elevationM":1710.5,"bbox":[-4.89346,43.26506,-4.89346,43.26506],"center":[-4.89346,43.26506]},"geometry":{"type":"Point","coordinates":[-4.89346,43.26506]}},{"type":"Feature","id":"physical-as-peak-names-030422-21819","properties":{"id":"physical-as-peak-names-030422-21819","slug":"cabeza-gorgurina","name":"Cabeza Gorgurina","localName":"Cabeza Gorgurina","aliases":[],"kind":"peak","sourceId":"sitpa-physical","territoryIds":["es-as"],"elevationM":1615,"bbox":[-4.87799,43.26386,-4.87799,43.26386],"center":[-4.87799,43.26386]},"geometry":{"type":"Point","coordinates":[-4.87799,43.26386]}},{"type":"Feature","id":"physical-as-peak-names-030422-21820","properties":{"id":"physical-as-peak-names-030422-21820","slug":"cueto-argumosu","name":"Cueto Argumosu","localName":"Cueto Argumosu","aliases":[],"kind":"peak","sourceId":"sitpa-physical","territoryIds":["es-as"],"elevationM":1515,"bbox":[-4.89404,43.26091,-4.89404,43.26091],"center":[-4.89404,43.26091]},"geometry":{"type":"Point","coordinates":[-4.89404,43.26091]}},{"type":"Feature","id":"physical-as-peak-names-030422-21821","properties":{"id":"physical-as-peak-names-030422-21821","slug":"cueto-los-pielvoras","name":"Cueto Los Pielvoras","localName":"Cueto Los Pielvoras","aliases":[],"kind":"peak","sourceId":"sitpa-physical","territoryIds":["es-as"],"elevationM":1199.2,"bbox":[-4.88434,43.25672,-4.88434,43.25672],"center":[-4.88434,43.25672]},"geometry":{"type":"Point","coordinates":[-4.88434,43.25672]}},{"type":"Feature","id":"physical-as-peak-names-030422-21822","properties":{"id":"physical-as-peak-names-030422-21822","slug":"ardinal-de-los-picos","name":"Ardinal De Los Picos","localName":"Ardinal De Los Picos","aliases":[],"kind":"peak","sourceId":"sitpa-physical","territoryIds":["es-as"],"elevationM":1175.6,"bbox":[-4.88272,43.25578,-4.88272,43.25578],"center":[-4.88272,43.25578]},"geometry":{"type":"Point","coordinates":[-4.88272,43.25578]}},{"type":"Feature","id":"physical-as-peak-names-030422-21823","properties":{"id":"physical-as-peak-names-030422-21823","slug":"cabeza-montotu","name":"Cabeza Montotu","localName":"Cabeza Montotu","aliases":[],"kind":"peak","sourceId":"sitpa-physical","territoryIds":["es-as"],"elevationM":1366.5,"bbox":[-4.8629,43.26455,-4.8629,43.26455],"center":[-4.8629,43.26455]},"geometry":{"type":"Point","coordinates":[-4.8629,43.26455]}},{"type":"Feature","id":"physical-as-peak-names-030422-21824","properties":{"id":"physical-as-peak-names-030422-21824","slug":"el-cueton","name":"El Cuetón","localName":"El Cuetón","aliases":[],"kind":"peak","sourceId":"sitpa-physical","territoryIds":["es-as"],"elevationM":1637.3,"bbox":[-4.86292,43.26968,-4.86292,43.26968],"center":[-4.86292,43.26968]},"geometry":{"type":"Point","coordinates":[-4.86292,43.26968]}},{"type":"Feature","id":"physical-as-peak-names-030422-21825","properties":{"id":"physical-as-peak-names-030422-21825","slug":"la-estaca","name":"La Estaca","localName":"La Estaca","aliases":[],"kind":"peak","sourceId":"sitpa-physical","territoryIds":["es-as"],"elevationM":1399.5,"bbox":[-4.87543,43.25852,-4.87543,43.25852],"center":[-4.87543,43.25852]},"geometry":{"type":"Point","coordinates":[-4.87543,43.25852]}},{"type":"Feature","id":"physical-as-peak-names-030422-21855","properties":{"id":"physical-as-peak-names-030422-21855","slug":"pica-llansecu","name":"Pica Llansecu","localName":"Pica Llansecu","aliases":[],"kind":"peak","sourceId":"sitpa-physical","territoryIds":["es-as"],"elevationM":1575,"bbox":[-4.85612,43.23132,-4.85612,43.23132],"center":[-4.85612,43.23132]},"geometry":{"type":"Point","coordinates":[-4.85612,43.23132]}},{"type":"Feature","id":"physical-as-peak-names-030422-21856","properties":{"id":"physical-as-peak-names-030422-21856","slug":"cabezo-salines","name":"Cabezo Salines","localName":"Cabezo Salines","aliases":[],"kind":"peak","sourceId":"sitpa-physical","territoryIds":["es-as"],"elevationM":1445,"bbox":[-4.86701,43.23741,-4.86701,43.23741],"center":[-4.86701,43.23741]},"geometry":{"type":"Point","coordinates":[-4.86701,43.23741]}},{"type":"Feature","id":"physical-as-peak-names-030422-21858","properties":{"id":"physical-as-peak-names-030422-21858","slug":"la-pena","name":"La Peña","localName":"La Peña","aliases":[],"kind":"peak","sourceId":"sitpa-physical","territoryIds":["es-as"],"elevationM":1035.5,"bbox":[-4.89564,43.2468,-4.89564,43.2468],"center":[-4.89564,43.2468]},"geometry":{"type":"Point","coordinates":[-4.89564,43.2468]}},{"type":"Feature","id":"physical-as-peak-names-030422-21882","properties":{"id":"physical-as-peak-names-030422-21882","slug":"pico-dobresengros","name":"Pico Dobresengros","localName":"Pico Dobresengros","aliases":[],"kind":"peak","sourceId":"sitpa-physical","territoryIds":["es-as"],"elevationM":2265.3,"bbox":[-4.85917,43.20848,-4.85917,43.20848],"center":[-4.85917,43.20848]},"geometry":{"type":"Point","coordinates":[-4.85917,43.20848]}},{"type":"Feature","id":"physical-as-peak-names-030422-21891","properties":{"id":"physical-as-peak-names-030422-21891","slug":"pico-los-cabrones","name":"Pico Los Cabrones","localName":"Pico Los Cabrones","aliases":[],"kind":"peak","sourceId":"sitpa-physical","territoryIds":["es-as"],"elevationM":2474.6,"bbox":[-4.85627,43.20288,-4.85627,43.20288],"center":[-4.85627,43.20288]},"geometry":{"type":"Point","coordinates":[-4.85627,43.20288]}},{"type":"Feature","id":"physical-as-peak-names-030422-22036","properties":{"id":"physical-as-peak-names-030422-22036","slug":"pico-l-aliga","name":"Pico L'aliga","localName":"Pico L'aliga","aliases":[],"kind":"peak","sourceId":"sitpa-physical","territoryIds":["es-as"],"elevationM":1225.9,"bbox":[-4.81656,43.27874,-4.81656,43.27874],"center":[-4.81656,43.27874]},"geometry":{"type":"Point","coordinates":[-4.81656,43.27874]}},{"type":"Feature","id":"physical-as-peak-names-030422-22037","properties":{"id":"physical-as-peak-names-030422-22037","slug":"cabeza-la-senta","name":"Cabeza La Senta","localName":"Cabeza La Senta","aliases":[],"kind":"peak","sourceId":"sitpa-physical","territoryIds":["es-as"],"elevationM":1185.2,"bbox":[-4.81478,43.27862,-4.81478,43.27862],"center":[-4.81478,43.27862]},"geometry":{"type":"Point","coordinates":[-4.81478,43.27862]}},{"type":"Feature","id":"physical-as-peak-names-030422-22038","properties":{"id":"physical-as-peak-names-030422-22038","slug":"pico-somas","name":"Pico Somas","localName":"Pico Somas","aliases":[],"kind":"peak","sourceId":"sitpa-physical","territoryIds":["es-as"],"elevationM":1037.6,"bbox":[-4.81546,43.28135,-4.81546,43.28135],"center":[-4.81546,43.28135]},"geometry":{"type":"Point","coordinates":[-4.81546,43.28135]}},{"type":"Feature","id":"physical-as-peak-names-030422-22130","properties":{"id":"physical-as-peak-names-030422-22130","slug":"cabeza-matadoriu","name":"Cabeza Matadoriu","localName":"Cabeza Matadoriu","aliases":[],"kind":"peak","sourceId":"sitpa-physical","territoryIds":["es-as"],"elevationM":1239.4,"bbox":[-4.81875,43.26528,-4.81875,43.26528],"center":[-4.81875,43.26528]},"geometry":{"type":"Point","coordinates":[-4.81875,43.26528]}},{"type":"Feature","id":"physical-as-peak-names-030422-22134","properties":{"id":"physical-as-peak-names-030422-22134","slug":"cabeza-l-reboyin","name":"Cabeza'l Reboyín","localName":"Cabeza'l Reboyín","aliases":[],"kind":"peak","sourceId":"sitpa-physical","territoryIds":["es-as"],"elevationM":1420,"bbox":[-4.85045,43.26428,-4.85045,43.26428],"center":[-4.85045,43.26428]},"geometry":{"type":"Point","coordinates":[-4.85045,43.26428]}},{"type":"Feature","id":"physical-as-peak-names-030422-22137","properties":{"id":"physical-as-peak-names-030422-22137","slug":"l-ariscu-sonllanu","name":"L'ariscu Sonllanu","localName":"L'ariscu Sonllanu","aliases":[],"kind":"peak","sourceId":"sitpa-physical","territoryIds":["es-as"],"elevationM":1289.9,"bbox":[-4.81433,43.26672,-4.81433,43.26672],"center":[-4.81433,43.26672]},"geometry":{"type":"Point","coordinates":[-4.81433,43.26672]}},{"type":"Feature","id":"physical-as-peak-names-030422-22235","properties":{"id":"physical-as-peak-names-030422-22235","slug":"cabeza-la-carralina","name":"Cabeza La Carralina","localName":"Cabeza La Carralina","aliases":[],"kind":"peak","sourceId":"sitpa-physical","territoryIds":["es-as"],"elevationM":1516.2,"bbox":[-4.81676,43.24479,-4.81676,43.24479],"center":[-4.81676,43.24479]},"geometry":{"type":"Point","coordinates":[-4.81676,43.24479]}},{"type":"Feature","id":"physical-as-peak-names-030422-22236","properties":{"id":"physical-as-peak-names-030422-22236","slug":"pena-l-tornu","name":"Peña'l Tornu","localName":"Peña'l Tornu","aliases":[],"kind":"peak","sourceId":"sitpa-physical","territoryIds":["es-as"],"elevationM":1260.5,"bbox":[-4.83635,43.23893,-4.83635,43.23893],"center":[-4.83635,43.23893]},"geometry":{"type":"Point","coordinates":[-4.83635,43.23893]}},{"type":"Feature","id":"physical-as-peak-names-030422-22287","properties":{"id":"physical-as-peak-names-030422-22287","slug":"cueto-albo","name":"Cueto Albo","localName":"Cueto Albo","aliases":[],"kind":"peak","sourceId":"sitpa-physical","territoryIds":["es-as"],"elevationM":2300,"bbox":[-4.83883,43.21579,-4.83883,43.21579],"center":[-4.83883,43.21579]},"geometry":{"type":"Point","coordinates":[-4.83883,43.21579]}},{"type":"Feature","id":"physical-as-peak-names-030422-22288","properties":{"id":"physical-as-peak-names-030422-22288","slug":"pico-del-albo","name":"Pico Del Albo","localName":"Pico Del Albo","aliases":[],"kind":"peak","sourceId":"sitpa-physical","territoryIds":["es-as"],"elevationM":2400.1,"bbox":[-4.83913,43.21501,-4.83913,43.21501],"center":[-4.83913,43.21501]},"geometry":{"type":"Point","coordinates":[-4.83913,43.21501]}},{"type":"Feature","id":"physical-as-peak-names-030422-22289","properties":{"id":"physical-as-peak-names-030422-22289","slug":"torre-las-areneras","name":"Torre Las Areneras","localName":"Torre Las Areneras","aliases":[],"kind":"peak","sourceId":"sitpa-physical","territoryIds":["es-as"],"elevationM":2389.7,"bbox":[-4.83971,43.21016,-4.83971,43.21016],"center":[-4.83971,43.21016]},"geometry":{"type":"Point","coordinates":[-4.83971,43.21016]}},{"type":"Feature","id":"physical-as-peak-names-030422-22318","properties":{"id":"physical-as-peak-names-030422-22318","slug":"aguja-de-los-cabrones","name":"Aguja De Los Cabrones","localName":"Aguja De Los Cabrones","aliases":[],"kind":"peak","sourceId":"sitpa-physical","territoryIds":["es-as"],"elevationM":2375.6,"bbox":[-4.85402,43.20416,-4.85402,43.20416],"center":[-4.85402,43.20416]},"geometry":{"type":"Point","coordinates":[-4.85402,43.20416]}},{"type":"Feature","id":"physical-as-peak-names-030422-22319","properties":{"id":"physical-as-peak-names-030422-22319","slug":"torre-la-brouche","name":"Torre La Brouche","localName":"Torre La Brouche","aliases":[],"kind":"peak","sourceId":"sitpa-physical","territoryIds":["es-as"],"elevationM":2454.1,"bbox":[-4.85048,43.20029,-4.85048,43.20029],"center":[-4.85048,43.20029]},"geometry":{"type":"Point","coordinates":[-4.85048,43.20029]}},{"type":"Feature","id":"physical-as-peak-names-030422-22320","properties":{"id":"physical-as-peak-names-030422-22320","slug":"risco-saint-saud","name":"Risco Saint Saud","localName":"Risco Saint Saud","aliases":[],"kind":"peak","sourceId":"sitpa-physical","territoryIds":["es-as"],"elevationM":2509.4,"bbox":[-4.85166,43.19883,-4.85166,43.19883],"center":[-4.85166,43.19883]},"geometry":{"type":"Point","coordinates":[-4.85166,43.19883]}},{"type":"Feature","id":"physical-as-peak-names-030422-22321","properties":{"id":"physical-as-peak-names-030422-22321","slug":"torre-cerredo","name":"Torre Cerredo","localName":"Torre Cerredo","aliases":[],"kind":"peak","sourceId":"sitpa-physical","territoryIds":["es-as"],"elevationM":2620.8,"bbox":[-4.85298,43.19794,-4.85298,43.19794],"center":[-4.85298,43.19794]},"geometry":{"type":"Point","coordinates":[-4.85298,43.19794]}},{"type":"Feature","id":"physical-as-peak-names-030422-22322","properties":{"id":"physical-as-peak-names-030422-22322","slug":"torre-de-la-pardida","name":"Torre De La Párdida","localName":"Torre De La Párdida","aliases":[],"kind":"peak","sourceId":"sitpa-physical","territoryIds":["es-as"],"elevationM":2525.9,"bbox":[-4.84139,43.19935,-4.84139,43.19935],"center":[-4.84139,43.19935]},"geometry":{"type":"Point","coordinates":[-4.84139,43.19935]}},{"type":"Feature","id":"physical-as-peak-names-030422-22323","properties":{"id":"physical-as-peak-names-030422-22323","slug":"pico-boada","name":"Pico Boada","localName":"Pico Boada","aliases":[],"kind":"peak","sourceId":"sitpa-physical","territoryIds":["es-as"],"elevationM":2479.4,"bbox":[-4.84134,43.19613,-4.84134,43.19613],"center":[-4.84134,43.19613]},"geometry":{"type":"Point","coordinates":[-4.84134,43.19613]}},{"type":"Feature","id":"physical-as-peak-names-030422-22324","properties":{"id":"physical-as-peak-names-030422-22324","slug":"morra-del-carnizosu","name":"Morra Del Carnizosu","localName":"Morra Del Carnizosu","aliases":[],"kind":"peak","sourceId":"sitpa-physical","territoryIds":["es-as"],"elevationM":2066,"bbox":[-4.81506,43.20525,-4.81506,43.20525],"center":[-4.81506,43.20525]},"geometry":{"type":"Point","coordinates":[-4.81506,43.20525]}},{"type":"Feature","id":"physical-as-peak-names-030422-22325","properties":{"id":"physical-as-peak-names-030422-22325","slug":"pico-urriellu","name":"Pico Urriellu","localName":"Pico Urriellu","aliases":[],"kind":"peak","sourceId":"sitpa-physical","territoryIds":["es-as"],"elevationM":2510,"bbox":[-4.81827,43.20099,-4.81827,43.20099],"center":[-4.81827,43.20099]},"geometry":{"type":"Point","coordinates":[-4.81827,43.20099]}},{"type":"Feature","id":"physical-as-peak-names-030422-22326","properties":{"id":"physical-as-peak-names-030422-22326","slug":"tiros-de-la-torca","name":"Tiros De La Torca","localName":"Tiros De La Torca","aliases":[],"kind":"peak","sourceId":"sitpa-physical","territoryIds":["es-as"],"elevationM":2339.6,"bbox":[-4.81833,43.19946,-4.81833,43.19946],"center":[-4.81833,43.19946]},"geometry":{"type":"Point","coordinates":[-4.81833,43.19946]}},{"type":"Feature","id":"physical-as-peak-names-030422-22327","properties":{"id":"physical-as-peak-names-030422-22327","slug":"torre-de-las-colladetas","name":"Torre De Las Colladetas","localName":"Torre De Las Colladetas","aliases":[],"kind":"peak","sourceId":"sitpa-physical","territoryIds":["es-as"],"elevationM":2390,"bbox":[-4.81488,43.19413,-4.81488,43.19413],"center":[-4.81488,43.19413]},"geometry":{"type":"Point","coordinates":[-4.81488,43.19413]}},{"type":"Feature","id":"physical-as-peak-names-030422-22328","properties":{"id":"physical-as-peak-names-030422-22328","slug":"la-morra","name":"La Morra","localName":"La Morra","aliases":[],"kind":"peak","sourceId":"sitpa-physical","territoryIds":["es-as"],"elevationM":2535,"bbox":[-4.81808,43.19261,-4.81808,43.19261],"center":[-4.81808,43.19261]},"geometry":{"type":"Point","coordinates":[-4.81808,43.19261]}},{"type":"Feature","id":"physical-as-peak-names-030422-22329","properties":{"id":"physical-as-peak-names-030422-22329","slug":"los-campanarios","name":"Los Campanarios","localName":"Los Campanarios","aliases":[],"kind":"peak","sourceId":"sitpa-physical","territoryIds":["es-as"],"elevationM":2556.3,"bbox":[-4.82216,43.18803,-4.82216,43.18803],"center":[-4.82216,43.18803]},"geometry":{"type":"Point","coordinates":[-4.82216,43.18803]}},{"type":"Feature","id":"physical-as-peak-names-030422-22330","properties":{"id":"physical-as-peak-names-030422-22330","slug":"torre-del-pomelo","name":"Torre Del Pomelo","localName":"Torre Del Pomelo","aliases":[],"kind":"peak","sourceId":"sitpa-physical","territoryIds":["es-as"],"elevationM":2239.4,"bbox":[-4.83323,43.19793,-4.83323,43.19793],"center":[-4.83323,43.19793]},"geometry":{"type":"Point","coordinates":[-4.83323,43.19793]}},{"type":"Feature","id":"physical-as-peak-names-030422-22331","properties":{"id":"physical-as-peak-names-030422-22331","slug":"tiro-del-oso","name":"Tiro Del Oso","localName":"Tiro Del Oso","aliases":[],"kind":"peak","sourceId":"sitpa-physical","territoryIds":["es-as"],"elevationM":2528.2,"bbox":[-4.84632,43.19316,-4.84632,43.19316],"center":[-4.84632,43.19316]},"geometry":{"type":"Point","coordinates":[-4.84632,43.19316]}},{"type":"Feature","id":"physical-as-peak-names-030422-22355","properties":{"id":"physical-as-peak-names-030422-22355","slug":"pico-tesoreru","name":"Pico Tesoreru","localName":"Pico Tesoreru","aliases":[],"kind":"peak","sourceId":"sitpa-physical","territoryIds":["es-as"],"elevationM":2554.7,"bbox":[-4.84124,43.18046,-4.84124,43.18046],"center":[-4.84124,43.18046]},"geometry":{"type":"Point","coordinates":[-4.84124,43.18046]}},{"type":"Feature","id":"physical-as-peak-names-030422-22356","properties":{"id":"physical-as-peak-names-030422-22356","slug":"torre-de-los-jorcaos-rojos","name":"Torre De Los Jorcáos Rojos","localName":"Torre De Los Jorcáos Rojos","aliases":[],"kind":"peak","sourceId":"sitpa-physical","territoryIds":["es-as"],"elevationM":2443.7,"bbox":[-4.82922,43.17894,-4.82922,43.17894],"center":[-4.82922,43.17894]},"geometry":{"type":"Point","coordinates":[-4.82922,43.17894]}},{"type":"Feature","id":"physical-as-peak-names-030422-22357","properties":{"id":"physical-as-peak-names-030422-22357","slug":"pico-santana","name":"Pico Santana","localName":"Pico Santana","aliases":[],"kind":"peak","sourceId":"sitpa-physical","territoryIds":["es-as"],"elevationM":2560,"bbox":[-4.82168,43.17949,-4.82168,43.17949],"center":[-4.82168,43.17949]},"geometry":{"type":"Point","coordinates":[-4.82168,43.17949]}},{"type":"Feature","id":"physical-as-peak-names-030422-22358","properties":{"id":"physical-as-peak-names-030422-22358","slug":"morra-navarro","name":"Morra Navarro","localName":"Morra Navarro","aliases":[],"kind":"peak","sourceId":"sitpa-physical","territoryIds":["es-as"],"elevationM":2481.2,"bbox":[-4.81835,43.18266,-4.81835,43.18266],"center":[-4.81835,43.18266]},"geometry":{"type":"Point","coordinates":[-4.81835,43.18266]}},{"type":"Feature","id":"physical-as-peak-names-030422-22465","properties":{"id":"physical-as-peak-names-030422-22465","slug":"cabeza-la-polvorosa","name":"Cabeza La Polvorosa","localName":"Cabeza La Polvorosa","aliases":[],"kind":"peak","sourceId":"sitpa-physical","territoryIds":["es-as"],"elevationM":1281.6,"bbox":[-4.80479,43.2744,-4.80479,43.2744],"center":[-4.80479,43.2744]},"geometry":{"type":"Point","coordinates":[-4.80479,43.2744]}},{"type":"Feature","id":"physical-as-peak-names-030422-22466","properties":{"id":"physical-as-peak-names-030422-22466","slug":"cabeza-las-becerreras","name":"Cabeza Las Becerreras","localName":"Cabeza Las Becerreras","aliases":[],"kind":"peak","sourceId":"sitpa-physical","territoryIds":["es-as"],"elevationM":1155,"bbox":[-4.79604,43.27841,-4.79604,43.27841],"center":[-4.79604,43.27841]},"geometry":{"type":"Point","coordinates":[-4.79604,43.27841]}},{"type":"Feature","id":"physical-as-peak-names-030422-22467","properties":{"id":"physical-as-peak-names-030422-22467","slug":"cabeza-nuncalera","name":"Cabeza Nuncalera","localName":"Cabeza Nuncalera","aliases":[],"kind":"peak","sourceId":"sitpa-physical","territoryIds":["es-as"],"elevationM":1122.9,"bbox":[-4.79096,43.27923,-4.79096,43.27923],"center":[-4.79096,43.27923]},"geometry":{"type":"Point","coordinates":[-4.79096,43.27923]}},{"type":"Feature","id":"physical-as-peak-names-030422-22468","properties":{"id":"physical-as-peak-names-030422-22468","slug":"cabeza-umardu","name":"Cabeza Umardu","localName":"Cabeza Umardu","aliases":[],"kind":"peak","sourceId":"sitpa-physical","territoryIds":["es-as"],"elevationM":1146.8,"bbox":[-4.78539,43.27723,-4.78539,43.27723],"center":[-4.78539,43.27723]},"geometry":{"type":"Point","coordinates":[-4.78539,43.27723]}},{"type":"Feature","id":"physical-as-peak-names-030422-22469","properties":{"id":"physical-as-peak-names-030422-22469","slug":"cabeza-las-baturrias","name":"Cabeza Las Baturrias","localName":"Cabeza Las Baturrias","aliases":[],"kind":"peak","sourceId":"sitpa-physical","territoryIds":["es-as"],"elevationM":1127.2,"bbox":[-4.78045,43.27603,-4.78045,43.27603],"center":[-4.78045,43.27603]},"geometry":{"type":"Point","coordinates":[-4.78045,43.27603]}},{"type":"Feature","id":"physical-as-peak-names-030422-22470","properties":{"id":"physical-as-peak-names-030422-22470","slug":"cabeza-de-rocin","name":"Cabeza De Rocín","localName":"Cabeza De Rocín","aliases":[],"kind":"peak","sourceId":"sitpa-physical","territoryIds":["es-as"],"elevationM":1219.4,"bbox":[-4.77637,43.27153,-4.77637,43.27153],"center":[-4.77637,43.27153]},"geometry":{"type":"Point","coordinates":[-4.77637,43.27153]}},{"type":"Feature","id":"physical-as-peak-names-030422-22471","properties":{"id":"physical-as-peak-names-030422-22471","slug":"pena-canal-de-somas","name":"Peña Canal De Somas","localName":"Peña Canal De Somas","aliases":[],"kind":"peak","sourceId":"sitpa-physical","territoryIds":["es-as"],"elevationM":1050,"bbox":[-4.81213,43.2827,-4.81213,43.2827],"center":[-4.81213,43.2827]},"geometry":{"type":"Point","coordinates":[-4.81213,43.2827]}},{"type":"Feature","id":"physical-as-peak-names-030422-22523","properties":{"id":"physical-as-peak-names-030422-22523","slug":"cabeza-parda","name":"Cabeza Parda","localName":"Cabeza Parda","aliases":[],"kind":"peak","sourceId":"sitpa-physical","territoryIds":["es-as"],"elevationM":1224.6,"bbox":[-4.78411,43.27008,-4.78411,43.27008],"center":[-4.78411,43.27008]},"geometry":{"type":"Point","coordinates":[-4.78411,43.27008]}},{"type":"Feature","id":"physical-as-peak-names-030422-22524","properties":{"id":"physical-as-peak-names-030422-22524","slug":"pico-crimienda","name":"Pico Crimienda","localName":"Pico Crimienda","aliases":[],"kind":"peak","sourceId":"sitpa-physical","territoryIds":["es-as"],"elevationM":1260.4,"bbox":[-4.79113,43.27024,-4.79113,43.27024],"center":[-4.79113,43.27024]},"geometry":{"type":"Point","coordinates":[-4.79113,43.27024]}},{"type":"Feature","id":"physical-as-peak-names-030422-22525","properties":{"id":"physical-as-peak-names-030422-22525","slug":"cuetu-moxendi","name":"Cuetu Moxendi","localName":"Cuetu Moxendi","aliases":[],"kind":"peak","sourceId":"sitpa-physical","territoryIds":["es-as"],"elevationM":1186.8,"bbox":[-4.77404,43.25098,-4.77404,43.25098],"center":[-4.77404,43.25098]},"geometry":{"type":"Point","coordinates":[-4.77404,43.25098]}},{"type":"Feature","id":"physical-as-peak-names-030422-22526","properties":{"id":"physical-as-peak-names-030422-22526","slug":"el-coteron","name":"El Coterón","localName":"El Coterón","aliases":[],"kind":"peak","sourceId":"sitpa-physical","territoryIds":["es-as"],"elevationM":1336.1,"bbox":[-4.78009,43.25194,-4.78009,43.25194],"center":[-4.78009,43.25194]},"geometry":{"type":"Point","coordinates":[-4.78009,43.25194]}},{"type":"Feature","id":"physical-as-peak-names-030422-22527","properties":{"id":"physical-as-peak-names-030422-22527","slug":"cabeza-la-rasa","name":"Cabeza La Rasa","localName":"Cabeza La Rasa","aliases":[],"kind":"peak","sourceId":"sitpa-physical","territoryIds":["es-as"],"elevationM":1280,"bbox":[-4.78205,43.25399,-4.78205,43.25399],"center":[-4.78205,43.25399]},"geometry":{"type":"Point","coordinates":[-4.78205,43.25399]}},{"type":"Feature","id":"physical-as-peak-names-030422-22528","properties":{"id":"physical-as-peak-names-030422-22528","slug":"cabeza-sonllanu","name":"Cabeza Sonllanu","localName":"Cabeza Sonllanu","aliases":[],"kind":"peak","sourceId":"sitpa-physical","territoryIds":["es-as"],"elevationM":1275,"bbox":[-4.81106,43.26758,-4.81106,43.26758],"center":[-4.81106,43.26758]},"geometry":{"type":"Point","coordinates":[-4.81106,43.26758]}},{"type":"Feature","id":"physical-as-peak-names-030422-22529","properties":{"id":"physical-as-peak-names-030422-22529","slug":"cabeza-l-robecu","name":"Cabeza'l Robecu","localName":"Cabeza'l Robecu","aliases":[],"kind":"peak","sourceId":"sitpa-physical","territoryIds":["es-as"],"elevationM":1291.1,"bbox":[-4.80452,43.27023,-4.80452,43.27023],"center":[-4.80452,43.27023]},"geometry":{"type":"Point","coordinates":[-4.80452,43.27023]}},{"type":"Feature","id":"physical-as-peak-names-030422-22531","properties":{"id":"physical-as-peak-names-030422-22531","slug":"cabeza-llamedu","name":"Cabeza Llamedu","localName":"Cabeza Llamedu","aliases":[],"kind":"peak","sourceId":"sitpa-physical","territoryIds":["es-as"],"elevationM":1315,"bbox":[-4.80091,43.27051,-4.80091,43.27051],"center":[-4.80091,43.27051]},"geometry":{"type":"Point","coordinates":[-4.80091,43.27051]}},{"type":"Feature","id":"physical-as-peak-names-030422-22532","properties":{"id":"physical-as-peak-names-030422-22532","slug":"cueto-bierru","name":"Cueto Bierru","localName":"Cueto Bierru","aliases":[],"kind":"peak","sourceId":"sitpa-physical","territoryIds":["es-as"],"elevationM":1087.5,"bbox":[-4.79147,43.25621,-4.79147,43.25621],"center":[-4.79147,43.25621]},"geometry":{"type":"Point","coordinates":[-4.79147,43.25621]}},{"type":"Feature","id":"physical-as-peak-names-030422-22533","properties":{"id":"physical-as-peak-names-030422-22533","slug":"cueto-bernil","name":"Cueto Bernil","localName":"Cueto Bernil","aliases":[],"kind":"peak","sourceId":"sitpa-physical","territoryIds":["es-as"],"elevationM":1164.9,"bbox":[-4.79207,43.25212,-4.79207,43.25212],"center":[-4.79207,43.25212]},"geometry":{"type":"Point","coordinates":[-4.79207,43.25212]}},{"type":"Feature","id":"physical-as-peak-names-030422-22643","properties":{"id":"physical-as-peak-names-030422-22643","slug":"cueto-jabariega","name":"Cueto Jabariega","localName":"Cueto Jabariega","aliases":[],"kind":"peak","sourceId":"sitpa-physical","territoryIds":["es-as"],"elevationM":1165,"bbox":[-4.80314,43.23457,-4.80314,43.23457],"center":[-4.80314,43.23457]},"geometry":{"type":"Point","coordinates":[-4.80314,43.23457]}},{"type":"Feature","id":"physical-as-peak-names-030422-22644","properties":{"id":"physical-as-peak-names-030422-22644","slug":"cuetu-la-morzal","name":"Cuetu La Morzal","localName":"Cuetu La Morzal","aliases":[],"kind":"peak","sourceId":"sitpa-physical","territoryIds":["es-as"],"elevationM":1269.9,"bbox":[-4.77928,43.23483,-4.77928,43.23483],"center":[-4.77928,43.23483]},"geometry":{"type":"Point","coordinates":[-4.77928,43.23483]}},{"type":"Feature","id":"physical-as-peak-names-030422-22645","properties":{"id":"physical-as-peak-names-030422-22645","slug":"cabecin-de-la-taya","name":"Cabecín De La Taya","localName":"Cabecín De La Taya","aliases":[],"kind":"peak","sourceId":"sitpa-physical","territoryIds":["es-as"],"elevationM":1277.5,"bbox":[-4.77672,43.23692,-4.77672,43.23692],"center":[-4.77672,43.23692]},"geometry":{"type":"Point","coordinates":[-4.77672,43.23692]}},{"type":"Feature","id":"physical-as-peak-names-030422-22646","properties":{"id":"physical-as-peak-names-030422-22646","slug":"cabeza-l-alveda","name":"Cabeza L'alveda","localName":"Cabeza L'alveda","aliases":[],"kind":"peak","sourceId":"sitpa-physical","territoryIds":["es-as"],"elevationM":1400,"bbox":[-4.77851,43.24049,-4.77851,43.24049],"center":[-4.77851,43.24049]},"geometry":{"type":"Point","coordinates":[-4.77851,43.24049]}},{"type":"Feature","id":"physical-as-peak-names-030422-22647","properties":{"id":"physical-as-peak-names-030422-22647","slug":"cueto-l-aceu","name":"Cueto L'acéu","localName":"Cueto L'acéu","aliases":[],"kind":"peak","sourceId":"sitpa-physical","territoryIds":["es-as"],"elevationM":1375,"bbox":[-4.78406,43.23633,-4.78406,43.23633],"center":[-4.78406,43.23633]},"geometry":{"type":"Point","coordinates":[-4.78406,43.23633]}},{"type":"Feature","id":"physical-as-peak-names-030422-22648","properties":{"id":"physical-as-peak-names-030422-22648","slug":"cabeza-la-tinta","name":"Cabeza La Tinta","localName":"Cabeza La Tinta","aliases":[],"kind":"peak","sourceId":"sitpa-physical","territoryIds":["es-as"],"elevationM":1560,"bbox":[-4.79256,43.24058,-4.79256,43.24058],"center":[-4.79256,43.24058]},"geometry":{"type":"Point","coordinates":[-4.79256,43.24058]}},{"type":"Feature","id":"physical-as-peak-names-030422-22649","properties":{"id":"physical-as-peak-names-030422-22649","slug":"cabecina-la-xistra","name":"Cabecina La Xistra","localName":"Cabecina La Xistra","aliases":[],"kind":"peak","sourceId":"sitpa-physical","territoryIds":["es-as"],"elevationM":1581.5,"bbox":[-4.79079,43.24209,-4.79079,43.24209],"center":[-4.79079,43.24209]},"geometry":{"type":"Point","coordinates":[-4.79079,43.24209]}},{"type":"Feature","id":"physical-as-peak-names-030422-22650","properties":{"id":"physical-as-peak-names-030422-22650","slug":"cabecina-quemada","name":"Cabecina Quemada","localName":"Cabecina Quemada","aliases":[],"kind":"peak","sourceId":"sitpa-physical","territoryIds":["es-as"],"elevationM":1591.8,"bbox":[-4.79192,43.24306,-4.79192,43.24306],"center":[-4.79192,43.24306]},"geometry":{"type":"Point","coordinates":[-4.79192,43.24306]}},{"type":"Feature","id":"physical-as-peak-names-030422-22651","properties":{"id":"physical-as-peak-names-030422-22651","slug":"cabezu-la-mesa","name":"Cabezu La Mesa","localName":"Cabezu La Mesa","aliases":[],"kind":"peak","sourceId":"sitpa-physical","territoryIds":["es-as"],"elevationM":1572.4,"bbox":[-4.78709,43.24337,-4.78709,43.24337],"center":[-4.78709,43.24337]},"geometry":{"type":"Point","coordinates":[-4.78709,43.24337]}},{"type":"Feature","id":"physical-as-peak-names-030422-22652","properties":{"id":"physical-as-peak-names-030422-22652","slug":"cueto-las-cuerres","name":"Cueto Las Cuerres","localName":"Cueto Las Cuerres","aliases":[],"kind":"peak","sourceId":"sitpa-physical","territoryIds":["es-as"],"elevationM":1371.4,"bbox":[-4.78373,43.24915,-4.78373,43.24915],"center":[-4.78373,43.24915]},"geometry":{"type":"Point","coordinates":[-4.78373,43.24915]}},{"type":"Feature","id":"physical-as-peak-names-030422-22653","properties":{"id":"physical-as-peak-names-030422-22653","slug":"peyu-las-cuerres","name":"Peyu Las Cuerres","localName":"Peyu Las Cuerres","aliases":[],"kind":"peak","sourceId":"sitpa-physical","territoryIds":["es-as"],"elevationM":1397.9,"bbox":[-4.78482,43.24785,-4.78482,43.24785],"center":[-4.78482,43.24785]},"geometry":{"type":"Point","coordinates":[-4.78482,43.24785]}},{"type":"Feature","id":"physical-as-peak-names-030422-22654","properties":{"id":"physical-as-peak-names-030422-22654","slug":"cabeza-jucarrera","name":"Cabeza Jucarrera","localName":"Cabeza Jucarrera","aliases":[],"kind":"peak","sourceId":"sitpa-physical","territoryIds":["es-as"],"elevationM":1560,"bbox":[-4.80322,43.24415,-4.80322,43.24415],"center":[-4.80322,43.24415]},"geometry":{"type":"Point","coordinates":[-4.80322,43.24415]}},{"type":"Feature","id":"physical-as-peak-names-030422-22655","properties":{"id":"physical-as-peak-names-030422-22655","slug":"cueto-mediu","name":"Cueto Mediu","localName":"Cueto Mediu","aliases":[],"kind":"peak","sourceId":"sitpa-physical","territoryIds":["es-as"],"elevationM":1485,"bbox":[-4.80277,43.24117,-4.80277,43.24117],"center":[-4.80277,43.24117]},"geometry":{"type":"Point","coordinates":[-4.80277,43.24117]}},{"type":"Feature","id":"physical-as-peak-names-030422-22656","properties":{"id":"physical-as-peak-names-030422-22656","slug":"cabeza-del-grayeron","name":"Cabeza Del Grayerón","localName":"Cabeza Del Grayerón","aliases":[],"kind":"peak","sourceId":"sitpa-physical","territoryIds":["es-as"],"elevationM":1542.4,"bbox":[-4.79602,43.2421,-4.79602,43.2421],"center":[-4.79602,43.2421]},"geometry":{"type":"Point","coordinates":[-4.79602,43.2421]}},{"type":"Feature","id":"physical-as-peak-names-030422-22713","properties":{"id":"physical-as-peak-names-030422-22713","slug":"pena-parda","name":"Peña Parda","localName":"Peña Parda","aliases":[],"kind":"peak","sourceId":"sitpa-physical","territoryIds":["es-as"],"elevationM":1785.3,"bbox":[-4.77642,43.21902,-4.77642,43.21902],"center":[-4.77642,43.21902]},"geometry":{"type":"Point","coordinates":[-4.77642,43.21902]}},{"type":"Feature","id":"physical-as-peak-names-030422-22714","properties":{"id":"physical-as-peak-names-030422-22714","slug":"cabezo-los-tortorios","name":"Cabezo Los Tortorios","localName":"Cabezo Los Tortorios","aliases":[],"kind":"peak","sourceId":"sitpa-physical","territoryIds":["es-as"],"elevationM":2130,"bbox":[-4.79736,43.20968,-4.79736,43.20968],"center":[-4.79736,43.20968]},"geometry":{"type":"Point","coordinates":[-4.79736,43.20968]}},{"type":"Feature","id":"physical-as-peak-names-030422-22715","properties":{"id":"physical-as-peak-names-030422-22715","slug":"pena-juanfria","name":"Peña Juanfría","localName":"Peña Juanfría","aliases":[],"kind":"peak","sourceId":"sitpa-physical","territoryIds":["es-as"],"elevationM":1561.2,"bbox":[-4.77603,43.21135,-4.77603,43.21135],"center":[-4.77603,43.21135]},"geometry":{"type":"Point","coordinates":[-4.77603,43.21135]}},{"type":"Feature","id":"physical-as-peak-names-030422-22717","properties":{"id":"physical-as-peak-names-030422-22717","slug":"cabeza-las-monas","name":"Cabeza Las Moñas","localName":"Cabeza Las Moñas","aliases":[],"kind":"peak","sourceId":"sitpa-physical","territoryIds":["es-as"],"elevationM":2027.3,"bbox":[-4.78561,43.2143,-4.78561,43.2143],"center":[-4.78561,43.2143]},"geometry":{"type":"Point","coordinates":[-4.78561,43.2143]}},{"type":"Feature","id":"physical-as-peak-names-030422-22792","properties":{"id":"physical-as-peak-names-030422-22792","slug":"morra-carnizosu","name":"Morra Carnizosu","localName":"Morra Carnizosu","aliases":[],"kind":"peak","sourceId":"sitpa-physical","territoryIds":["es-as"],"elevationM":2331.2,"bbox":[-4.81106,43.19885,-4.81106,43.19885],"center":[-4.81106,43.19885]},"geometry":{"type":"Point","coordinates":[-4.81106,43.19885]}},{"type":"Feature","id":"physical-as-peak-names-030422-22793","properties":{"id":"physical-as-peak-names-030422-22793","slug":"pena-castil","name":"Peña Castíl","localName":"Peña Castíl","aliases":[],"kind":"peak","sourceId":"sitpa-physical","territoryIds":["es-as"],"elevationM":2410,"bbox":[-4.80286,43.20241,-4.80286,43.20241],"center":[-4.80286,43.20241]},"geometry":{"type":"Point","coordinates":[-4.80286,43.20241]}},{"type":"Feature","id":"physical-as-peak-names-030422-22794","properties":{"id":"physical-as-peak-names-030422-22794","slug":"pico-agudu","name":"Pico Agudu","localName":"Pico Agudu","aliases":[],"kind":"peak","sourceId":"sitpa-physical","territoryIds":["es-as"],"elevationM":1900,"bbox":[-4.79432,43.20116,-4.79432,43.20116],"center":[-4.79432,43.20116]},"geometry":{"type":"Point","coordinates":[-4.79432,43.20116]}},{"type":"Feature","id":"physical-as-peak-names-030422-22795","properties":{"id":"physical-as-peak-names-030422-22795","slug":"cuchallon-de-villasobrada","name":"Cuchallón De Villasobrada","localName":"Cuchallón De Villasobrada","aliases":[],"kind":"peak","sourceId":"sitpa-physical","territoryIds":["es-as"],"elevationM":2301.6,"bbox":[-4.8107,43.19251,-4.8107,43.19251],"center":[-4.8107,43.19251]},"geometry":{"type":"Point","coordinates":[-4.8107,43.19251]}},{"type":"Feature","id":"physical-as-peak-names-030422-22796","properties":{"id":"physical-as-peak-names-030422-22796","slug":"paredon-del-albo","name":"Paredón Del Albo","localName":"Paredón Del Albo","aliases":[],"kind":"peak","sourceId":"sitpa-physical","territoryIds":["es-as"],"elevationM":2099.3,"bbox":[-4.78297,43.1892,-4.78297,43.1892],"center":[-4.78297,43.1892]},"geometry":{"type":"Point","coordinates":[-4.78297,43.1892]}},{"type":"Feature","id":"physical-as-peak-names-030422-22797","properties":{"id":"physical-as-peak-names-030422-22797","slug":"l-escamellau","name":"L'escamelláu","localName":"L'escamelláu","aliases":[],"kind":"peak","sourceId":"sitpa-physical","territoryIds":["es-as"],"elevationM":2055,"bbox":[-4.77824,43.19173,-4.77824,43.19173],"center":[-4.77824,43.19173]},"geometry":{"type":"Point","coordinates":[-4.77824,43.19173]}},{"type":"Feature","id":"physical-as-peak-names-030422-22844","properties":{"id":"physical-as-peak-names-030422-22844","slug":"las-coteras-rojas","name":"Las Coteras Rojas","localName":"Las Coteras Rojas","aliases":[],"kind":"peak","sourceId":"sitpa-physical","territoryIds":["es-as"],"elevationM":2350,"bbox":[-4.81058,43.18094,-4.81058,43.18094],"center":[-4.81058,43.18094]},"geometry":{"type":"Point","coordinates":[-4.81058,43.18094]}},{"type":"Feature","id":"physical-as-peak-names-030422-22845","properties":{"id":"physical-as-peak-names-030422-22845","slug":"la-garmona","name":"La Garmona","localName":"La Garmona","aliases":[],"kind":"peak","sourceId":"sitpa-physical","territoryIds":["es-as"],"elevationM":2247.7,"bbox":[-4.79836,43.18351,-4.79836,43.18351],"center":[-4.79836,43.18351]},"geometry":{"type":"Point","coordinates":[-4.79836,43.18351]}},{"type":"Feature","id":"physical-as-peak-names-030422-22846","properties":{"id":"physical-as-peak-names-030422-22846","slug":"cueto-la-cuadra","name":"Cueto La Cuadra","localName":"Cueto La Cuadra","aliases":[],"kind":"peak","sourceId":"sitpa-physical","territoryIds":["es-as"],"elevationM":2215,"bbox":[-4.78954,43.18505,-4.78954,43.18505],"center":[-4.78954,43.18505]},"geometry":{"type":"Point","coordinates":[-4.78954,43.18505]}},{"type":"Feature","id":"physical-as-peak-names-030422-23055","properties":{"id":"physical-as-peak-names-030422-23055","slug":"cueto-cericiegu","name":"Cueto Cericiegu","localName":"Cueto Cericiegu","aliases":[],"kind":"peak","sourceId":"sitpa-physical","territoryIds":["es-as"],"elevationM":1155,"bbox":[-4.73929,43.25177,-4.73929,43.25177],"center":[-4.73929,43.25177]},"geometry":{"type":"Point","coordinates":[-4.73929,43.25177]}},{"type":"Feature","id":"physical-as-peak-names-030422-23056","properties":{"id":"physical-as-peak-names-030422-23056","slug":"cuetu-los-jorcaos","name":"Cuetu Los Jorcáos","localName":"Cuetu Los Jorcáos","aliases":[],"kind":"peak","sourceId":"sitpa-physical","territoryIds":["es-as"],"elevationM":1214.5,"bbox":[-4.74786,43.25877,-4.74786,43.25877],"center":[-4.74786,43.25877]},"geometry":{"type":"Point","coordinates":[-4.74786,43.25877]}},{"type":"Feature","id":"physical-as-peak-names-030422-23057","properties":{"id":"physical-as-peak-names-030422-23057","slug":"cabeza-obeson","name":"Cabeza Obesón","localName":"Cabeza Obesón","aliases":[],"kind":"peak","sourceId":"sitpa-physical","territoryIds":["es-as"],"elevationM":1395,"bbox":[-4.73935,43.25793,-4.73935,43.25793],"center":[-4.73935,43.25793]},"geometry":{"type":"Point","coordinates":[-4.73935,43.25793]}},{"type":"Feature","id":"physical-as-peak-names-030422-23058","properties":{"id":"physical-as-peak-names-030422-23058","slug":"cabeza-las-caretas","name":"Cabeza Las Caretas","localName":"Cabeza Las Caretas","aliases":[],"kind":"peak","sourceId":"sitpa-physical","territoryIds":["es-as"],"elevationM":1410,"bbox":[-4.7335,43.25704,-4.7335,43.25704],"center":[-4.7335,43.25704]},"geometry":{"type":"Point","coordinates":[-4.7335,43.25704]}},{"type":"Feature","id":"physical-as-peak-names-030422-23059","properties":{"id":"physical-as-peak-names-030422-23059","slug":"cabecinon-del-agua","name":"Cabecinón Del Agua","localName":"Cabecinón Del Agua","aliases":[],"kind":"peak","sourceId":"sitpa-physical","territoryIds":["es-as"],"elevationM":1434.4,"bbox":[-4.73081,43.25703,-4.73081,43.25703],"center":[-4.73081,43.25703]},"geometry":{"type":"Point","coordinates":[-4.73081,43.25703]}},{"type":"Feature","id":"physical-as-peak-names-030422-23063","properties":{"id":"physical-as-peak-names-030422-23063","slug":"cabeza-corvera","name":"Cabeza Corvera","localName":"Cabeza Corvera","aliases":[],"kind":"peak","sourceId":"sitpa-physical","territoryIds":["es-as"],"elevationM":1310,"bbox":[-4.76393,43.26675,-4.76393,43.26675],"center":[-4.76393,43.26675]},"geometry":{"type":"Point","coordinates":[-4.76393,43.26675]}},{"type":"Feature","id":"physical-as-peak-names-030422-23064","properties":{"id":"physical-as-peak-names-030422-23064","slug":"cabeza-redondu","name":"Cabeza Redondu","localName":"Cabeza Redondu","aliases":[],"kind":"peak","sourceId":"sitpa-physical","territoryIds":["es-as"],"elevationM":1306.7,"bbox":[-4.76398,43.26641,-4.76398,43.26641],"center":[-4.76398,43.26641]},"geometry":{"type":"Point","coordinates":[-4.76398,43.26641]}},{"type":"Feature","id":"physical-as-peak-names-030422-23066","properties":{"id":"physical-as-peak-names-030422-23066","slug":"cabezu-la-grayera","name":"Cabezu La Grayera","localName":"Cabezu La Grayera","aliases":[],"kind":"peak","sourceId":"sitpa-physical","territoryIds":["es-as"],"elevationM":1230,"bbox":[-4.76384,43.26984,-4.76384,43.26984],"center":[-4.76384,43.26984]},"geometry":{"type":"Point","coordinates":[-4.76384,43.26984]}},{"type":"Feature","id":"physical-as-peak-names-030422-23068","properties":{"id":"physical-as-peak-names-030422-23068","slug":"cabeza-blanca","name":"Cabeza Blanca","localName":"Cabeza Blanca","aliases":[],"kind":"peak","sourceId":"sitpa-physical","territoryIds":["es-as"],"elevationM":1370,"bbox":[-4.75339,43.26566,-4.75339,43.26566],"center":[-4.75339,43.26566]},"geometry":{"type":"Point","coordinates":[-4.75339,43.26566]}},{"type":"Feature","id":"physical-as-peak-names-030422-23142","properties":{"id":"physical-as-peak-names-030422-23142","slug":"el-cuetin-d-abajo","name":"El Cuetín D'abajo","localName":"El Cuetín D'abajo","aliases":[],"kind":"peak","sourceId":"sitpa-physical","territoryIds":["es-as"],"elevationM":1245,"bbox":[-4.73239,43.24394,-4.73239,43.24394],"center":[-4.73239,43.24394]},"geometry":{"type":"Point","coordinates":[-4.73239,43.24394]}},{"type":"Feature","id":"physical-as-peak-names-030422-23143","properties":{"id":"physical-as-peak-names-030422-23143","slug":"cueto-negru","name":"Cueto Negru","localName":"Cueto Negru","aliases":[],"kind":"peak","sourceId":"sitpa-physical","territoryIds":["es-as"],"elevationM":1368.1,"bbox":[-4.74567,43.24251,-4.74567,43.24251],"center":[-4.74567,43.24251]},"geometry":{"type":"Point","coordinates":[-4.74567,43.24251]}},{"type":"Feature","id":"physical-as-peak-names-030422-23144","properties":{"id":"physical-as-peak-names-030422-23144","slug":"cuetin-d-arriba","name":"Cuetín D'arriba","localName":"Cuetín D'arriba","aliases":[],"kind":"peak","sourceId":"sitpa-physical","territoryIds":["es-as"],"elevationM":1190,"bbox":[-4.73531,43.23979,-4.73531,43.23979],"center":[-4.73531,43.23979]},"geometry":{"type":"Point","coordinates":[-4.73531,43.23979]}},{"type":"Feature","id":"physical-as-peak-names-030422-23145","properties":{"id":"physical-as-peak-names-030422-23145","slug":"cueto-qintaniella","name":"Cueto Qintaniella","localName":"Cueto Qintaniella","aliases":[],"kind":"peak","sourceId":"sitpa-physical","territoryIds":["es-as"],"elevationM":1110,"bbox":[-4.76623,43.23053,-4.76623,43.23053],"center":[-4.76623,43.23053]},"geometry":{"type":"Point","coordinates":[-4.76623,43.23053]}},{"type":"Feature","id":"physical-as-peak-names-030422-23146","properties":{"id":"physical-as-peak-names-030422-23146","slug":"cuetu-cuaceya","name":"Cuetu Cuaceya","localName":"Cuetu Cuaceya","aliases":[],"kind":"peak","sourceId":"sitpa-physical","territoryIds":["es-as"],"elevationM":1065,"bbox":[-4.7638,43.2328,-4.7638,43.2328],"center":[-4.7638,43.2328]},"geometry":{"type":"Point","coordinates":[-4.7638,43.2328]}},{"type":"Feature","id":"physical-as-peak-names-030422-23147","properties":{"id":"physical-as-peak-names-030422-23147","slug":"cabecin-pelau","name":"Cabecín Peláu","localName":"Cabecín Peláu","aliases":[],"kind":"peak","sourceId":"sitpa-physical","territoryIds":["es-as"],"elevationM":1190,"bbox":[-4.76885,43.23873,-4.76885,43.23873],"center":[-4.76885,43.23873]},"geometry":{"type":"Point","coordinates":[-4.76885,43.23873]}},{"type":"Feature","id":"physical-as-peak-names-030422-23148","properties":{"id":"physical-as-peak-names-030422-23148","slug":"cabezu-pelau","name":"Cabezu Pelau","localName":"Cabezu Pelau","aliases":[],"kind":"peak","sourceId":"sitpa-physical","territoryIds":["es-as"],"elevationM":1275,"bbox":[-4.75271,43.24651,-4.75271,43.24651],"center":[-4.75271,43.24651]},"geometry":{"type":"Point","coordinates":[-4.75271,43.24651]}},{"type":"Feature","id":"physical-as-peak-names-030422-23149","properties":{"id":"physical-as-peak-names-030422-23149","slug":"pena-el-teyedu","name":"Peña El Teyedu","localName":"Peña El Teyedu","aliases":[],"kind":"peak","sourceId":"sitpa-physical","territoryIds":["es-as"],"elevationM":1085,"bbox":[-4.75644,43.23888,-4.75644,43.23888],"center":[-4.75644,43.23888]},"geometry":{"type":"Point","coordinates":[-4.75644,43.23888]}},{"type":"Feature","id":"physical-as-peak-names-030422-23287","properties":{"id":"physical-as-peak-names-030422-23287","slug":"cueto-tejau","name":"Cueto Tejáu","localName":"Cueto Tejáu","aliases":[],"kind":"peak","sourceId":"sitpa-physical","territoryIds":["es-as"],"elevationM":2135,"bbox":[-4.73666,43.20903,-4.73666,43.20903],"center":[-4.73666,43.20903]},"geometry":{"type":"Point","coordinates":[-4.73666,43.20903]}},{"type":"Feature","id":"physical-as-peak-names-030422-23288","properties":{"id":"physical-as-peak-names-030422-23288","slug":"pico-eboru","name":"Pico Eboru","localName":"Pico Eboru","aliases":[],"kind":"peak","sourceId":"sitpa-physical","territoryIds":["es-as"],"elevationM":2110,"bbox":[-4.73722,43.21225,-4.73722,43.21225],"center":[-4.73722,43.21225]},"geometry":{"type":"Point","coordinates":[-4.73722,43.21225]}},{"type":"Feature","id":"physical-as-peak-names-030422-23289","properties":{"id":"physical-as-peak-names-030422-23289","slug":"pena-l-robre","name":"Peña'l Robre","localName":"Peña'l Robre","aliases":[],"kind":"peak","sourceId":"sitpa-physical","territoryIds":["es-as"],"elevationM":1523.6,"bbox":[-4.7502,43.21531,-4.7502,43.21531],"center":[-4.7502,43.21531]},"geometry":{"type":"Point","coordinates":[-4.7502,43.21531]}},{"type":"Feature","id":"physical-as-peak-names-030422-23290","properties":{"id":"physical-as-peak-names-030422-23290","slug":"cueto-las-cabras","name":"Cueto Las Cabras","localName":"Cueto Las Cabras","aliases":[],"kind":"peak","sourceId":"sitpa-physical","territoryIds":["es-as"],"elevationM":1158.2,"bbox":[-4.7451,43.22319,-4.7451,43.22319],"center":[-4.7451,43.22319]},"geometry":{"type":"Point","coordinates":[-4.7451,43.22319]}},{"type":"Feature","id":"physical-as-peak-names-030422-23291","properties":{"id":"physical-as-peak-names-030422-23291","slug":"pena-fresnidiellu","name":"Peña Fresnidiellu","localName":"Peña Fresnidiellu","aliases":[],"kind":"peak","sourceId":"sitpa-physical","territoryIds":["es-as"],"elevationM":1452.1,"bbox":[-4.76818,43.2217,-4.76818,43.2217],"center":[-4.76818,43.2217]},"geometry":{"type":"Point","coordinates":[-4.76818,43.2217]}},{"type":"Feature","id":"physical-as-peak-names-030422-23292","properties":{"id":"physical-as-peak-names-030422-23292","slug":"cueto-l-ubre","name":"Cueto L'ubre","localName":"Cueto L'ubre","aliases":[],"kind":"peak","sourceId":"sitpa-physical","territoryIds":["es-as"],"elevationM":1415,"bbox":[-4.76965,43.21893,-4.76965,43.21893],"center":[-4.76965,43.21893]},"geometry":{"type":"Point","coordinates":[-4.76965,43.21893]}},{"type":"Feature","id":"physical-as-peak-names-030422-23420","properties":{"id":"physical-as-peak-names-030422-23420","slug":"morra-la-vezada","name":"Morra La Vezada","localName":"Morra La Vezada","aliases":[],"kind":"peak","sourceId":"sitpa-physical","territoryIds":["es-as"],"elevationM":1612.5,"bbox":[-4.75502,43.20296,-4.75502,43.20296],"center":[-4.75502,43.20296]},"geometry":{"type":"Point","coordinates":[-4.75502,43.20296]}},{"type":"Feature","id":"physical-as-peak-names-030422-23421","properties":{"id":"physical-as-peak-names-030422-23421","slug":"la-rusca","name":"La Rusca","localName":"La Rusca","aliases":[],"kind":"peak","sourceId":"sitpa-physical","territoryIds":["es-as"],"elevationM":2135.9,"bbox":[-4.73763,43.20102,-4.73763,43.20102],"center":[-4.73763,43.20102]},"geometry":{"type":"Point","coordinates":[-4.73763,43.20102]}},{"type":"Feature","id":"physical-as-peak-names-030422-23423","properties":{"id":"physical-as-peak-names-030422-23423","slug":"pena-los-malatos","name":"Peña Los Malatos","localName":"Peña Los Malatos","aliases":[],"kind":"peak","sourceId":"sitpa-physical","territoryIds":["es-as"],"elevationM":2413.1,"bbox":[-4.7337,43.19439,-4.7337,43.19439],"center":[-4.7337,43.19439]},"geometry":{"type":"Point","coordinates":[-4.7337,43.19439]}},{"type":"Feature","id":"physical-as-peak-names-030422-23424","properties":{"id":"physical-as-peak-names-030422-23424","slug":"morra-de-lechugales","name":"Morra De Lechugales","localName":"Morra De Lechugales","aliases":[],"kind":"peak","sourceId":"sitpa-physical","territoryIds":["es-as"],"elevationM":2393.9,"bbox":[-4.73543,43.19017,-4.73543,43.19017],"center":[-4.73543,43.19017]},"geometry":{"type":"Point","coordinates":[-4.73543,43.19017]}},{"type":"Feature","id":"physical-as-peak-names-030422-23425","properties":{"id":"physical-as-peak-names-030422-23425","slug":"cueto-mostaxu","name":"Cueto Mostaxu","localName":"Cueto Mostaxu","aliases":[],"kind":"peak","sourceId":"sitpa-physical","territoryIds":["es-as"],"elevationM":1666.6,"bbox":[-4.75126,43.19075,-4.75126,43.19075],"center":[-4.75126,43.19075]},"geometry":{"type":"Point","coordinates":[-4.75126,43.19075]}},{"type":"Feature","id":"physical-as-peak-names-030422-23426","properties":{"id":"physical-as-peak-names-030422-23426","slug":"pico-de-valdemingueru","name":"Pico De Valdemingueru","localName":"Pico De Valdemingueru","aliases":[],"kind":"peak","sourceId":"sitpa-physical","territoryIds":["es-as"],"elevationM":2144.6,"bbox":[-4.73552,43.2018,-4.73552,43.2018],"center":[-4.73552,43.2018]},"geometry":{"type":"Point","coordinates":[-4.73552,43.2018]}},{"type":"Feature","id":"physical-as-peak-names-030422-23427","properties":{"id":"physical-as-peak-names-030422-23427","slug":"pica-l-jerru","name":"Pica'l Jerru","localName":"Pica'l Jerru","aliases":[],"kind":"peak","sourceId":"sitpa-physical","territoryIds":["es-as"],"elevationM":2378.1,"bbox":[-4.73223,43.19158,-4.73223,43.19158],"center":[-4.73223,43.19158]},"geometry":{"type":"Point","coordinates":[-4.73223,43.19158]}},{"type":"Feature","id":"physical-as-peak-names-030422-23491","properties":{"id":"physical-as-peak-names-030422-23491","slug":"pico-cortes","name":"Pico Cortés","localName":"Pico Cortés","aliases":[],"kind":"peak","sourceId":"sitpa-physical","territoryIds":["es-as"],"elevationM":2353.1,"bbox":[-4.74445,43.1844,-4.74445,43.1844],"center":[-4.74445,43.1844]},"geometry":{"type":"Point","coordinates":[-4.74445,43.1844]}},{"type":"Feature","id":"physical-as-peak-names-030422-23555","properties":{"id":"physical-as-peak-names-030422-23555","slug":"cueto-el-torneru","name":"Cueto El Torneru","localName":"Cueto El Torneru","aliases":[],"kind":"peak","sourceId":"sitpa-physical","territoryIds":["es-as"],"elevationM":1040,"bbox":[-4.69909,43.2942,-4.69909,43.2942],"center":[-4.69909,43.2942]},"geometry":{"type":"Point","coordinates":[-4.69909,43.2942]}},{"type":"Feature","id":"physical-as-peak-names-030422-23600","properties":{"id":"physical-as-peak-names-030422-23600","slug":"cabezu-legua","name":"Cabezu Legua","localName":"Cabezu Legua","aliases":[],"kind":"peak","sourceId":"sitpa-physical","territoryIds":["es-as"],"elevationM":1159.9,"bbox":[-4.72056,43.28857,-4.72056,43.28857],"center":[-4.72056,43.28857]},"geometry":{"type":"Point","coordinates":[-4.72056,43.28857]}},{"type":"Feature","id":"physical-as-peak-names-030422-23601","properties":{"id":"physical-as-peak-names-030422-23601","slug":"cueto-las-vacas","name":"Cueto Las Vacas","localName":"Cueto Las Vacas","aliases":[],"kind":"peak","sourceId":"sitpa-physical","territoryIds":["es-as"],"elevationM":1146.7,"bbox":[-4.71739,43.28886,-4.71739,43.28886],"center":[-4.71739,43.28886]},"geometry":{"type":"Point","coordinates":[-4.71739,43.28886]}},{"type":"Feature","id":"physical-as-peak-names-030422-23602","properties":{"id":"physical-as-peak-names-030422-23602","slug":"la-quebra-l-cantu","name":"La Quebrá'l Cantu","localName":"La Quebrá'l Cantu","aliases":[],"kind":"peak","sourceId":"sitpa-physical","territoryIds":["es-as"],"elevationM":1116.2,"bbox":[-4.7264,43.28875,-4.7264,43.28875],"center":[-4.7264,43.28875]},"geometry":{"type":"Point","coordinates":[-4.7264,43.28875]}},{"type":"Feature","id":"physical-as-peak-names-030422-23603","properties":{"id":"physical-as-peak-names-030422-23603","slug":"cuesta-la-llechi","name":"Cuesta La Llechi","localName":"Cuesta La Llechi","aliases":[],"kind":"peak","sourceId":"sitpa-physical","territoryIds":["es-as"],"elevationM":1050,"bbox":[-4.71342,43.28617,-4.71342,43.28617],"center":[-4.71342,43.28617]},"geometry":{"type":"Point","coordinates":[-4.71342,43.28617]}},{"type":"Feature","id":"physical-as-peak-names-030422-23606","properties":{"id":"physical-as-peak-names-030422-23606","slug":"cueto-carraspion","name":"Cueto Carraspión","localName":"Cueto Carraspión","aliases":[],"kind":"peak","sourceId":"sitpa-physical","territoryIds":["es-as"],"elevationM":1028.2,"bbox":[-4.71055,43.28938,-4.71055,43.28938],"center":[-4.71055,43.28938]},"geometry":{"type":"Point","coordinates":[-4.71055,43.28938]}},{"type":"Feature","id":"physical-as-peak-names-030422-23607","properties":{"id":"physical-as-peak-names-030422-23607","slug":"morra-los-pardos","name":"Morra Los Pardos","localName":"Morra Los Pardos","aliases":[],"kind":"peak","sourceId":"sitpa-physical","territoryIds":["es-as"],"elevationM":1014,"bbox":[-4.70897,43.28208,-4.70897,43.28208],"center":[-4.70897,43.28208]},"geometry":{"type":"Point","coordinates":[-4.70897,43.28208]}},{"type":"Feature","id":"physical-as-peak-names-030422-23608","properties":{"id":"physical-as-peak-names-030422-23608","slug":"cabeza-viguera","name":"Cabeza Viguera","localName":"Cabeza Viguera","aliases":[],"kind":"peak","sourceId":"sitpa-physical","territoryIds":["es-as"],"elevationM":1294.6,"bbox":[-4.69388,43.28271,-4.69388,43.28271],"center":[-4.69388,43.28271]},"geometry":{"type":"Point","coordinates":[-4.69388,43.28271]}},{"type":"Feature","id":"physical-as-peak-names-030422-23609","properties":{"id":"physical-as-peak-names-030422-23609","slug":"cabezu-murios","name":"Cabezu Murios","localName":"Cabezu Murios","aliases":[],"kind":"peak","sourceId":"sitpa-physical","territoryIds":["es-as"],"elevationM":1270,"bbox":[-4.6954,43.28112,-4.6954,43.28112],"center":[-4.6954,43.28112]},"geometry":{"type":"Point","coordinates":[-4.6954,43.28112]}},{"type":"Feature","id":"physical-as-peak-names-030422-23621","properties":{"id":"physical-as-peak-names-030422-23621","slug":"cueto-los-torcos","name":"Cueto Los Torcos","localName":"Cueto Los Torcos","aliases":[],"kind":"peak","sourceId":"sitpa-physical","territoryIds":["es-as"],"elevationM":1089.3,"bbox":[-4.70874,43.27738,-4.70874,43.27738],"center":[-4.70874,43.27738]},"geometry":{"type":"Point","coordinates":[-4.70874,43.27738]}},{"type":"Feature","id":"physical-as-peak-names-030422-23622","properties":{"id":"physical-as-peak-names-030422-23622","slug":"cueto-sulvieju","name":"Cueto Sulvieju","localName":"Cueto Sulvieju","aliases":[],"kind":"peak","sourceId":"sitpa-physical","territoryIds":["es-as"],"elevationM":1222.2,"bbox":[-4.70808,43.27394,-4.70808,43.27394],"center":[-4.70808,43.27394]},"geometry":{"type":"Point","coordinates":[-4.70808,43.27394]}},{"type":"Feature","id":"physical-as-peak-names-030422-23623","properties":{"id":"physical-as-peak-names-030422-23623","slug":"cueto-las-retuertas","name":"Cueto Las Retuertas","localName":"Cueto Las Retuertas","aliases":[],"kind":"peak","sourceId":"sitpa-physical","territoryIds":["es-as"],"elevationM":1166.1,"bbox":[-4.70434,43.27572,-4.70434,43.27572],"center":[-4.70434,43.27572]},"geometry":{"type":"Point","coordinates":[-4.70434,43.27572]}},{"type":"Feature","id":"physical-as-peak-names-030422-23624","properties":{"id":"physical-as-peak-names-030422-23624","slug":"cueto-el-pardon","name":"Cueto El Pardón","localName":"Cueto El Pardón","aliases":[],"kind":"peak","sourceId":"sitpa-physical","territoryIds":["es-as"],"elevationM":1024.2,"bbox":[-4.71482,43.28587,-4.71482,43.28587],"center":[-4.71482,43.28587]},"geometry":{"type":"Point","coordinates":[-4.71482,43.28587]}},{"type":"Feature","id":"physical-as-peak-names-030422-23625","properties":{"id":"physical-as-peak-names-030422-23625","slug":"cabezu-los-novillos","name":"Cabezu Los Novillos","localName":"Cabezu Los Novillos","aliases":[],"kind":"peak","sourceId":"sitpa-physical","territoryIds":["es-as"],"elevationM":1218.7,"bbox":[-4.69597,43.28833,-4.69597,43.28833],"center":[-4.69597,43.28833]},"geometry":{"type":"Point","coordinates":[-4.69597,43.28833]}},{"type":"Feature","id":"physical-as-peak-names-030422-23683","properties":{"id":"physical-as-peak-names-030422-23683","slug":"la-gamonosa","name":"La Gamonosa","localName":"La Gamonosa","aliases":[],"kind":"peak","sourceId":"sitpa-physical","territoryIds":["es-as"],"elevationM":1255,"bbox":[-4.71468,43.26021,-4.71468,43.26021],"center":[-4.71468,43.26021]},"geometry":{"type":"Point","coordinates":[-4.71468,43.26021]}},{"type":"Feature","id":"physical-as-peak-names-030422-23684","properties":{"id":"physical-as-peak-names-030422-23684","slug":"cueto-ramaceu","name":"Cueto Ramacéu","localName":"Cueto Ramacéu","aliases":[],"kind":"peak","sourceId":"sitpa-physical","territoryIds":["es-as"],"elevationM":1263.4,"bbox":[-4.71211,43.26084,-4.71211,43.26084],"center":[-4.71211,43.26084]},"geometry":{"type":"Point","coordinates":[-4.71211,43.26084]}},{"type":"Feature","id":"physical-as-peak-names-030422-23685","properties":{"id":"physical-as-peak-names-030422-23685","slug":"picon-de-las-gatunas","name":"Picón De Las Gatunas","localName":"Picón De Las Gatunas","aliases":[],"kind":"peak","sourceId":"sitpa-physical","territoryIds":["es-as"],"elevationM":1136.7,"bbox":[-4.71897,43.26887,-4.71897,43.26887],"center":[-4.71897,43.26887]},"geometry":{"type":"Point","coordinates":[-4.71897,43.26887]}},{"type":"Feature","id":"physical-as-peak-names-030422-23686","properties":{"id":"physical-as-peak-names-030422-23686","slug":"picon-de-las-gatunas-d-arriba","name":"Picón De Las Gatunas D'arriba","localName":"Picón De Las Gatunas D'arriba","aliases":[],"kind":"peak","sourceId":"sitpa-physical","territoryIds":["es-as"],"elevationM":1240,"bbox":[-4.71579,43.26806,-4.71579,43.26806],"center":[-4.71579,43.26806]},"geometry":{"type":"Point","coordinates":[-4.71579,43.26806]}},{"type":"Feature","id":"physical-as-peak-names-030422-23687","properties":{"id":"physical-as-peak-names-030422-23687","slug":"cueto-jajau","name":"Cueto Jajáu","localName":"Cueto Jajáu","aliases":[],"kind":"peak","sourceId":"sitpa-physical","territoryIds":["es-as"],"elevationM":1370,"bbox":[-4.70787,43.26849,-4.70787,43.26849],"center":[-4.70787,43.26849]},"geometry":{"type":"Point","coordinates":[-4.70787,43.26849]}},{"type":"Feature","id":"physical-as-peak-names-030422-23688","properties":{"id":"physical-as-peak-names-030422-23688","slug":"cueto-virotones","name":"Cueto Virotones","localName":"Cueto Virotones","aliases":[],"kind":"peak","sourceId":"sitpa-physical","territoryIds":["es-as"],"elevationM":1430,"bbox":[-4.70529,43.26502,-4.70529,43.26502],"center":[-4.70529,43.26502]},"geometry":{"type":"Point","coordinates":[-4.70529,43.26502]}},{"type":"Feature","id":"physical-as-peak-names-030422-23689","properties":{"id":"physical-as-peak-names-030422-23689","slug":"cueto-los-tombos","name":"Cueto Los Tombos","localName":"Cueto Los Tombos","aliases":[],"kind":"peak","sourceId":"sitpa-physical","territoryIds":["es-as"],"elevationM":1400.4,"bbox":[-4.70651,43.2646,-4.70651,43.2646],"center":[-4.70651,43.2646]},"geometry":{"type":"Point","coordinates":[-4.70651,43.2646]}},{"type":"Feature","id":"physical-as-peak-names-030422-23690","properties":{"id":"physical-as-peak-names-030422-23690","slug":"canto-las-juentes","name":"Canto Las Juentes","localName":"Canto Las Juentes","aliases":[],"kind":"peak","sourceId":"sitpa-physical","territoryIds":["es-as"],"elevationM":1477,"bbox":[-4.6973,43.26568,-4.6973,43.26568],"center":[-4.6973,43.26568]},"geometry":{"type":"Point","coordinates":[-4.6973,43.26568]}},{"type":"Feature","id":"physical-as-peak-names-030422-23713","properties":{"id":"physical-as-peak-names-030422-23713","slug":"el-casin-de-los-altos-de-vies","name":"El Casín De Los Altos De Viés","localName":"El Casín De Los Altos De Viés","aliases":[],"kind":"peak","sourceId":"sitpa-physical","territoryIds":["es-as"],"elevationM":1330,"bbox":[-4.72469,43.24504,-4.72469,43.24504],"center":[-4.72469,43.24504]},"geometry":{"type":"Point","coordinates":[-4.72469,43.24504]}},{"type":"Feature","id":"physical-as-peak-names-030422-23714","properties":{"id":"physical-as-peak-names-030422-23714","slug":"la-cotorra-l-jitu","name":"La Cotorra'l Jitu","localName":"La Cotorra'l Jitu","aliases":[],"kind":"peak","sourceId":"sitpa-physical","territoryIds":["es-as"],"elevationM":1323.8,"bbox":[-4.72278,43.24169,-4.72278,43.24169],"center":[-4.72278,43.24169]},"geometry":{"type":"Point","coordinates":[-4.72278,43.24169]}},{"type":"Feature","id":"physical-as-peak-names-030422-23817","properties":{"id":"physical-as-peak-names-030422-23817","slug":"canto-los-majes","name":"Canto Los Majes","localName":"Canto Los Majes","aliases":[],"kind":"peak","sourceId":"sitpa-physical","territoryIds":["es-as"],"elevationM":1001.6,"bbox":[-4.67787,43.28282,-4.67787,43.28282],"center":[-4.67787,43.28282]},"geometry":{"type":"Point","coordinates":[-4.67787,43.28282]}},{"type":"Feature","id":"physical-as-peak-names-030422-23818","properties":{"id":"physical-as-peak-names-030422-23818","slug":"pena-la-llabia","name":"Peña La Llabia","localName":"Peña La Llabia","aliases":[],"kind":"peak","sourceId":"sitpa-physical","territoryIds":["es-as"],"elevationM":1105,"bbox":[-4.68333,43.28271,-4.68333,43.28271],"center":[-4.68333,43.28271]},"geometry":{"type":"Point","coordinates":[-4.68333,43.28271]}},{"type":"Feature","id":"physical-as-peak-names-030422-23897","properties":{"id":"physical-as-peak-names-030422-23897","slug":"cueto-las-rubias","name":"Cueto Las Rubias","localName":"Cueto Las Rubias","aliases":[],"kind":"peak","sourceId":"sitpa-physical","territoryIds":["es-as"],"elevationM":1125.5,"bbox":[-4.66537,43.26673,-4.66537,43.26673],"center":[-4.66537,43.26673]},"geometry":{"type":"Point","coordinates":[-4.66537,43.26673]}},{"type":"Feature","id":"physical-as-peak-names-030422-23898","properties":{"id":"physical-as-peak-names-030422-23898","slug":"torre-d-arguma","name":"Torre D'arguma","localName":"Torre D'arguma","aliases":[],"kind":"peak","sourceId":"sitpa-physical","territoryIds":["es-as"],"elevationM":1052.2,"bbox":[-4.65044,43.26866,-4.65044,43.26866],"center":[-4.65044,43.26866]},"geometry":{"type":"Point","coordinates":[-4.65044,43.26866]}},{"type":"Feature","id":"physical-as-peak-names-030422-23899","properties":{"id":"physical-as-peak-names-030422-23899","slug":"cueto-la-cerralosa","name":"Cueto La Cerralosa","localName":"Cueto La Cerralosa","aliases":[],"kind":"peak","sourceId":"sitpa-physical","territoryIds":["es-as"],"elevationM":1535,"bbox":[-4.68385,43.26558,-4.68385,43.26558],"center":[-4.68385,43.26558]},"geometry":{"type":"Point","coordinates":[-4.68385,43.26558]}},{"type":"Feature","id":"physical-as-peak-names-030422-23900","properties":{"id":"physical-as-peak-names-030422-23900","slug":"cueto-el-valledal","name":"Cueto El Valledal","localName":"Cueto El Valledal","aliases":[],"kind":"peak","sourceId":"sitpa-physical","territoryIds":["es-as"],"elevationM":1250.5,"bbox":[-4.66038,43.26462,-4.66038,43.26462],"center":[-4.66038,43.26462]},"geometry":{"type":"Point","coordinates":[-4.66038,43.26462]}},{"type":"Feature","id":"physical-as-peak-names-030422-23901","properties":{"id":"physical-as-peak-names-030422-23901","slug":"cueto-el-pare","name":"Cueto El Paré","localName":"Cueto El Paré","aliases":[],"kind":"peak","sourceId":"sitpa-physical","territoryIds":["es-as"],"elevationM":1185.9,"bbox":[-4.65558,43.2655,-4.65558,43.2655],"center":[-4.65558,43.2655]},"geometry":{"type":"Point","coordinates":[-4.65558,43.2655]}},{"type":"Feature","id":"physical-as-peak-names-030422-24175","properties":{"id":"physical-as-peak-names-030422-24175","slug":"gamonal","name":"Gamonal","localName":"Gamonal","aliases":[],"kind":"peak","sourceId":"sitpa-physical","territoryIds":["es-as"],"elevationM":1215,"bbox":[-4.55628,43.26868,-4.55628,43.26868],"center":[-4.55628,43.26868]},"geometry":{"type":"Point","coordinates":[-4.55628,43.26868]}},{"type":"Feature","id":"physical-as-peak-names-030422-24176","properties":{"id":"physical-as-peak-names-030422-24176","slug":"cueto-cogoyos","name":"Cueto Cogoyos","localName":"Cueto Cogoyos","aliases":[],"kind":"peak","sourceId":"sitpa-physical","territoryIds":["es-as"],"elevationM":1026.4,"bbox":[-4.54722,43.26857,-4.54722,43.26857],"center":[-4.54722,43.26857]},"geometry":{"type":"Point","coordinates":[-4.54722,43.26857]}},{"type":"Feature","id":"physical-as-peak-names-030422-24177","properties":{"id":"physical-as-peak-names-030422-24177","slug":"cueto-el-tiru","name":"Cueto El Tiru","localName":"Cueto El Tiru","aliases":[],"kind":"peak","sourceId":"sitpa-physical","territoryIds":["es-as"],"elevationM":1161.6,"bbox":[-4.55373,43.27058,-4.55373,43.27058],"center":[-4.55373,43.27058]},"geometry":{"type":"Point","coordinates":[-4.55373,43.27058]}},{"type":"Feature","id":"physical-as-peak-names-030422-24187","properties":{"id":"physical-as-peak-names-030422-24187","slug":"la-cerra","name":"La Cerra","localName":"La Cerra","aliases":[],"kind":"peak","sourceId":"sitpa-physical","territoryIds":["es-as"],"elevationM":1185.3,"bbox":[-6.00148,43.15368,-6.00148,43.15368],"center":[-6.00148,43.15368]},"geometry":{"type":"Point","coordinates":[-6.00148,43.15368]}},{"type":"Feature","id":"physical-as-peak-names-030422-24227","properties":{"id":"physical-as-peak-names-030422-24227","slug":"michaoru","name":"Michaoru","localName":"Michaoru","aliases":[],"kind":"peak","sourceId":"sitpa-physical","territoryIds":["es-as"],"elevationM":1035.3,"bbox":[-5.98505,43.14557,-5.98505,43.14557],"center":[-5.98505,43.14557]},"geometry":{"type":"Point","coordinates":[-5.98505,43.14557]}},{"type":"Feature","id":"physical-as-peak-names-030422-24228","properties":{"id":"physical-as-peak-names-030422-24228","slug":"ronderos","name":"Ronderos","localName":"Ronderos","aliases":[],"kind":"peak","sourceId":"sitpa-physical","territoryIds":["es-as"],"elevationM":1045,"bbox":[-5.98145,43.12936,-5.98145,43.12936],"center":[-5.98145,43.12936]},"geometry":{"type":"Point","coordinates":[-5.98145,43.12936]}},{"type":"Feature","id":"physical-as-peak-names-030422-24243","properties":{"id":"physical-as-peak-names-030422-24243","slug":"la-garva","name":"La Garva","localName":"La Garva","aliases":[],"kind":"peak","sourceId":"sitpa-physical","territoryIds":["es-as"],"elevationM":1487.6,"bbox":[-6.00687,43.10668,-6.00687,43.10668],"center":[-6.00687,43.10668]},"geometry":{"type":"Point","coordinates":[-6.00687,43.10668]}},{"type":"Feature","id":"physical-as-peak-names-030422-24265","properties":{"id":"physical-as-peak-names-030422-24265","slug":"penon-de-san-justo","name":"Peñón De San Justo","localName":"Peñón De San Justo","aliases":[],"kind":"peak","sourceId":"sitpa-physical","territoryIds":["es-as"],"elevationM":1526.4,"bbox":[-6.01045,43.08704,-6.01045,43.08704],"center":[-6.01045,43.08704]},"geometry":{"type":"Point","coordinates":[-6.01045,43.08704]}},{"type":"Feature","id":"physical-as-peak-names-030422-24266","properties":{"id":"physical-as-peak-names-030422-24266","slug":"pena-para","name":"Peña Pará","localName":"Peña Pará","aliases":[],"kind":"peak","sourceId":"sitpa-physical","territoryIds":["es-as"],"elevationM":1312.8,"bbox":[-5.99577,43.09038,-5.99577,43.09038],"center":[-5.99577,43.09038]},"geometry":{"type":"Point","coordinates":[-5.99577,43.09038]}},{"type":"Feature","id":"physical-as-peak-names-030422-24267","properties":{"id":"physical-as-peak-names-030422-24267","slug":"la-oxa","name":"La Oxa","localName":"La Oxa","aliases":[],"kind":"peak","sourceId":"sitpa-physical","territoryIds":["es-as"],"elevationM":1502.6,"bbox":[-6.00481,43.08544,-6.00481,43.08544],"center":[-6.00481,43.08544]},"geometry":{"type":"Point","coordinates":[-6.00481,43.08544]}},{"type":"Feature","id":"physical-as-peak-names-030422-24297","properties":{"id":"physical-as-peak-names-030422-24297","slug":"beiforcu","name":"Beiforcu","localName":"Beiforcu","aliases":[],"kind":"peak","sourceId":"sitpa-physical","territoryIds":["es-as"],"elevationM":1832.5,"bbox":[-5.99337,43.07507,-5.99337,43.07507],"center":[-5.99337,43.07507]},"geometry":{"type":"Point","coordinates":[-5.99337,43.07507]}},{"type":"Feature","id":"physical-as-peak-names-030422-24298","properties":{"id":"physical-as-peak-names-030422-24298","slug":"pico-cueva-mechuque","name":"Pico Cueva Mechuque","localName":"Pico Cueva Mechuque","aliases":[],"kind":"peak","sourceId":"sitpa-physical","territoryIds":["es-as"],"elevationM":2025,"bbox":[-5.98139,43.06441,-5.98139,43.06441],"center":[-5.98139,43.06441]},"geometry":{"type":"Point","coordinates":[-5.98139,43.06441]}},{"type":"Feature","id":"physical-as-peak-names-030422-24299","properties":{"id":"physical-as-peak-names-030422-24299","slug":"rebochosas","name":"Rebochosas","localName":"Rebochosas","aliases":[],"kind":"peak","sourceId":"sitpa-physical","territoryIds":["es-as"],"elevationM":1926.3,"bbox":[-5.98958,43.06745,-5.98958,43.06745],"center":[-5.98958,43.06745]},"geometry":{"type":"Point","coordinates":[-5.98958,43.06745]}},{"type":"Feature","id":"physical-as-peak-names-030422-24300","properties":{"id":"physical-as-peak-names-030422-24300","slug":"pico-sobre-l-tambaron","name":"Pico Sobre'l Tambarón","localName":"Pico Sobre'l Tambarón","aliases":[],"kind":"peak","sourceId":"sitpa-physical","territoryIds":["es-as"],"elevationM":1959.5,"bbox":[-5.98106,43.07473,-5.98106,43.07473],"center":[-5.98106,43.07473]},"geometry":{"type":"Point","coordinates":[-5.98106,43.07473]}},{"type":"Feature","id":"physical-as-peak-names-030422-24301","properties":{"id":"physical-as-peak-names-030422-24301","slug":"campu-faya","name":"Campu Faya","localName":"Campu Faya","aliases":[],"kind":"peak","sourceId":"sitpa-physical","territoryIds":["es-as"],"elevationM":1939.8,"bbox":[-5.98129,43.0781,-5.98129,43.0781],"center":[-5.98129,43.0781]},"geometry":{"type":"Point","coordinates":[-5.98129,43.0781]}},{"type":"Feature","id":"physical-as-peak-names-030422-24302","properties":{"id":"physical-as-peak-names-030422-24302","slug":"comal","name":"Comal","localName":"Comal","aliases":[],"kind":"peak","sourceId":"sitpa-physical","territoryIds":["es-as"],"elevationM":1665,"bbox":[-6.00805,43.07856,-6.00805,43.07856],"center":[-6.00805,43.07856]},"geometry":{"type":"Point","coordinates":[-6.00805,43.07856]}},{"type":"Feature","id":"physical-as-peak-names-030422-24327","properties":{"id":"physical-as-peak-names-030422-24327","slug":"el-cuervu","name":"El Cuervu","localName":"El Cuervu","aliases":[],"kind":"peak","sourceId":"sitpa-physical","territoryIds":["es-as"],"elevationM":1740,"bbox":[-6.01572,43.05449,-6.01572,43.05449],"center":[-6.01572,43.05449]},"geometry":{"type":"Point","coordinates":[-6.01572,43.05449]}},{"type":"Feature","id":"physical-as-peak-names-030422-24328","properties":{"id":"physical-as-peak-names-030422-24328","slug":"penon-ventana","name":"Peñón Ventana","localName":"Peñón Ventana","aliases":[],"kind":"peak","sourceId":"sitpa-physical","territoryIds":["es-as"],"elevationM":1688.4,"bbox":[-6.00207,43.05804,-6.00207,43.05804],"center":[-6.00207,43.05804]},"geometry":{"type":"Point","coordinates":[-6.00207,43.05804]}},{"type":"Feature","id":"physical-as-peak-names-030422-24458","properties":{"id":"physical-as-peak-names-030422-24458","slug":"la-siete","name":"La Siete","localName":"La Siete","aliases":[],"kind":"peak","sourceId":"sitpa-physical","territoryIds":["es-as"],"elevationM":1540.3,"bbox":[-5.94344,43.08474,-5.94344,43.08474],"center":[-5.94344,43.08474]},"geometry":{"type":"Point","coordinates":[-5.94344,43.08474]}},{"type":"Feature","id":"physical-as-peak-names-030422-24459","properties":{"id":"physical-as-peak-names-030422-24459","slug":"cogochu","name":"Cogochu","localName":"Cogochu","aliases":[],"kind":"peak","sourceId":"sitpa-physical","territoryIds":["es-as"],"elevationM":1465,"bbox":[-5.95373,43.09352,-5.95373,43.09352],"center":[-5.95373,43.09352]},"geometry":{"type":"Point","coordinates":[-5.95373,43.09352]}},{"type":"Feature","id":"physical-as-peak-names-030422-24460","properties":{"id":"physical-as-peak-names-030422-24460","slug":"el-toral","name":"El Toral","localName":"El Toral","aliases":[],"kind":"peak","sourceId":"sitpa-physical","territoryIds":["es-as"],"elevationM":1065,"bbox":[-5.96777,43.09471,-5.96777,43.09471],"center":[-5.96777,43.09471]},"geometry":{"type":"Point","coordinates":[-5.96777,43.09471]}},{"type":"Feature","id":"physical-as-peak-names-030422-24461","properties":{"id":"physical-as-peak-names-030422-24461","slug":"cuetu-l-aguila","name":"Cuetu L'aguila","localName":"Cuetu L'aguila","aliases":[],"kind":"peak","sourceId":"sitpa-physical","territoryIds":["es-as"],"elevationM":1288.6,"bbox":[-5.97538,43.08466,-5.97538,43.08466],"center":[-5.97538,43.08466]},"geometry":{"type":"Point","coordinates":[-5.97538,43.08466]}},{"type":"Feature","id":"physical-as-peak-names-030422-24486","properties":{"id":"physical-as-peak-names-030422-24486","slug":"penon-amenu","name":"Peñón Amenu","localName":"Peñón Amenu","aliases":[],"kind":"peak","sourceId":"sitpa-physical","territoryIds":["es-as"],"elevationM":1970.5,"bbox":[-5.97897,43.07106,-5.97897,43.07106],"center":[-5.97897,43.07106]},"geometry":{"type":"Point","coordinates":[-5.97897,43.07106]}},{"type":"Feature","id":"physical-as-peak-names-030422-24487","properties":{"id":"physical-as-peak-names-030422-24487","slug":"pico-sobre-l-prau-la-sicha","name":"Pico Sobre'l Prau La Sicha","localName":"Pico Sobre'l Prau La Sicha","aliases":[],"kind":"peak","sourceId":"sitpa-physical","territoryIds":["es-as"],"elevationM":1968.5,"bbox":[-5.97824,43.07283,-5.97824,43.07283],"center":[-5.97824,43.07283]},"geometry":{"type":"Point","coordinates":[-5.97824,43.07283]}},{"type":"Feature","id":"physical-as-peak-names-030422-24488","properties":{"id":"physical-as-peak-names-030422-24488","slug":"vaso-de-rueda","name":"Vaso De Rueda","localName":"Vaso De Rueda","aliases":[],"kind":"peak","sourceId":"sitpa-physical","territoryIds":["es-as"],"elevationM":2091,"bbox":[-5.93981,43.06708,-5.93981,43.06708],"center":[-5.93981,43.06708]},"geometry":{"type":"Point","coordinates":[-5.93981,43.06708]}},{"type":"Feature","id":"physical-as-peak-names-030422-24489","properties":{"id":"physical-as-peak-names-030422-24489","slug":"pena-rueda","name":"Peña Rueda","localName":"Peña Rueda","aliases":[],"kind":"peak","sourceId":"sitpa-physical","territoryIds":["es-as"],"elevationM":2126.6,"bbox":[-5.94096,43.07019,-5.94096,43.07019],"center":[-5.94096,43.07019]},"geometry":{"type":"Point","coordinates":[-5.94096,43.07019]}},{"type":"Feature","id":"physical-as-peak-names-030422-24491","properties":{"id":"physical-as-peak-names-030422-24491","slug":"m-o-n-t-e-l-o-s-t-i-e-n-z-o-s","name":"M O N T E L O S T I E N Z O S","localName":"M O N T E L O S T I E N Z O S","aliases":[],"kind":"peak","sourceId":"sitpa-physical","territoryIds":["es-as"],"elevationM":1520.1,"bbox":[-5.9517,43.07887,-5.9517,43.07887],"center":[-5.9517,43.07887]},"geometry":{"type":"Point","coordinates":[-5.9517,43.07887]}},{"type":"Feature","id":"physical-as-peak-names-030422-24492","properties":{"id":"physical-as-peak-names-030422-24492","slug":"guertu-diablu-norte","name":"Güertu Diablu Norte","localName":"Güertu Diablu Norte","aliases":[],"kind":"peak","sourceId":"sitpa-physical","territoryIds":["es-as"],"elevationM":2095,"bbox":[-5.9743,43.06534,-5.9743,43.06534],"center":[-5.9743,43.06534]},"geometry":{"type":"Point","coordinates":[-5.9743,43.06534]}},{"type":"Feature","id":"physical-as-peak-names-030422-24515","properties":{"id":"physical-as-peak-names-030422-24515","slug":"guertu-del-diablu-sur","name":"Güertu Del Diablu Sur","localName":"Güertu Del Diablu Sur","aliases":[],"kind":"peak","sourceId":"sitpa-physical","territoryIds":["es-as"],"elevationM":2110.7,"bbox":[-5.97432,43.06124,-5.97432,43.06124],"center":[-5.97432,43.06124]},"geometry":{"type":"Point","coordinates":[-5.97432,43.06124]}},{"type":"Feature","id":"physical-as-peak-names-030422-24516","properties":{"id":"physical-as-peak-names-030422-24516","slug":"pena-l-arca","name":"Peña L'arca","localName":"Peña L'arca","aliases":[],"kind":"peak","sourceId":"sitpa-physical","territoryIds":["es-as"],"elevationM":2065.4,"bbox":[-5.97065,43.05775,-5.97065,43.05775],"center":[-5.97065,43.05775]},"geometry":{"type":"Point","coordinates":[-5.97065,43.05775]}},{"type":"Feature","id":"physical-as-peak-names-030422-24517","properties":{"id":"physical-as-peak-names-030422-24517","slug":"pico-la-moxonera","name":"Pico La Moxonera","localName":"Pico La Moxonera","aliases":[],"kind":"peak","sourceId":"sitpa-physical","territoryIds":["es-as"],"elevationM":2074.8,"bbox":[-5.96786,43.05468,-5.96786,43.05468],"center":[-5.96786,43.05468]},"geometry":{"type":"Point","coordinates":[-5.96786,43.05468]}},{"type":"Feature","id":"physical-as-peak-names-030422-24518","properties":{"id":"physical-as-peak-names-030422-24518","slug":"pico-el-pachon","name":"Pico El Pachón","localName":"Pico El Pachón","aliases":[],"kind":"peak","sourceId":"sitpa-physical","territoryIds":["es-as"],"elevationM":2060.2,"bbox":[-5.96555,43.0555,-5.96555,43.0555],"center":[-5.96555,43.0555]},"geometry":{"type":"Point","coordinates":[-5.96555,43.0555]}},{"type":"Feature","id":"physical-as-peak-names-030422-24519","properties":{"id":"physical-as-peak-names-030422-24519","slug":"pena-cigacha","name":"Peña Cigacha","localName":"Peña Cigacha","aliases":[],"kind":"peak","sourceId":"sitpa-physical","territoryIds":["es-as"],"elevationM":1995.7,"bbox":[-5.96207,43.05154,-5.96207,43.05154],"center":[-5.96207,43.05154]},"geometry":{"type":"Point","coordinates":[-5.96207,43.05154]}},{"type":"Feature","id":"physical-as-peak-names-030422-24520","properties":{"id":"physical-as-peak-names-030422-24520","slug":"pena-reonda","name":"Peña Reonda","localName":"Peña Reonda","aliases":[],"kind":"peak","sourceId":"sitpa-physical","territoryIds":["es-as"],"elevationM":1875.3,"bbox":[-5.95502,43.04235,-5.95502,43.04235],"center":[-5.95502,43.04235]},"geometry":{"type":"Point","coordinates":[-5.95502,43.04235]}},{"type":"Feature","id":"physical-as-peak-names-030422-24521","properties":{"id":"physical-as-peak-names-030422-24521","slug":"pena-el-robezu","name":"Peña El Robezu","localName":"Peña El Robezu","aliases":[],"kind":"peak","sourceId":"sitpa-physical","territoryIds":["es-as"],"elevationM":2108.2,"bbox":[-5.97036,43.04266,-5.97036,43.04266],"center":[-5.97036,43.04266]},"geometry":{"type":"Point","coordinates":[-5.97036,43.04266]}},{"type":"Feature","id":"physical-as-peak-names-030422-24522","properties":{"id":"physical-as-peak-names-030422-24522","slug":"pena-del-ranchon","name":"Peña Del Ranchón","localName":"Peña Del Ranchón","aliases":[],"kind":"peak","sourceId":"sitpa-physical","territoryIds":["es-as"],"elevationM":2137,"bbox":[-5.96757,43.05882,-5.96757,43.05882],"center":[-5.96757,43.05882]},"geometry":{"type":"Point","coordinates":[-5.96757,43.05882]}},{"type":"Feature","id":"physical-as-peak-names-030422-24523","properties":{"id":"physical-as-peak-names-030422-24523","slug":"cuetu-panchon","name":"Cuetu Panchón","localName":"Cuetu Panchón","aliases":[],"kind":"peak","sourceId":"sitpa-physical","territoryIds":["es-as"],"elevationM":1670,"bbox":[-5.95957,43.05986,-5.95957,43.05986],"center":[-5.95957,43.05986]},"geometry":{"type":"Point","coordinates":[-5.95957,43.05986]}},{"type":"Feature","id":"physical-as-peak-names-030422-24524","properties":{"id":"physical-as-peak-names-030422-24524","slug":"pico-las-cheras","name":"Pico Las Cheras","localName":"Pico Las Cheras","aliases":[],"kind":"peak","sourceId":"sitpa-physical","territoryIds":["es-as"],"elevationM":1540,"bbox":[-5.95456,43.05193,-5.95456,43.05193],"center":[-5.95456,43.05193]},"geometry":{"type":"Point","coordinates":[-5.95456,43.05193]}},{"type":"Feature","id":"physical-as-peak-names-030422-24548","properties":{"id":"physical-as-peak-names-030422-24548","slug":"pico-colines","name":"Pico Colines","localName":"Pico Colines","aliases":[],"kind":"peak","sourceId":"sitpa-physical","territoryIds":["es-as"],"elevationM":2164.1,"bbox":[-5.97059,43.04117,-5.97059,43.04117],"center":[-5.97059,43.04117]},"geometry":{"type":"Point","coordinates":[-5.97059,43.04117]}},{"type":"Feature","id":"physical-as-peak-names-030422-24549","properties":{"id":"physical-as-peak-names-030422-24549","slug":"el-prau","name":"El Prau","localName":"El Prau","aliases":[],"kind":"peak","sourceId":"sitpa-physical","territoryIds":["es-as"],"elevationM":2350,"bbox":[-5.96566,43.036,-5.96566,43.036],"center":[-5.96566,43.036]},"geometry":{"type":"Point","coordinates":[-5.96566,43.036]}},{"type":"Feature","id":"physical-as-peak-names-030422-24550","properties":{"id":"physical-as-peak-names-030422-24550","slug":"creston-el-paso-malu","name":"Crestón El Paso Malu","localName":"Crestón El Paso Malu","aliases":[],"kind":"peak","sourceId":"sitpa-physical","territoryIds":["es-as"],"elevationM":2247.7,"bbox":[-5.9635,43.03056,-5.9635,43.03056],"center":[-5.9635,43.03056]},"geometry":{"type":"Point","coordinates":[-5.9635,43.03056]}},{"type":"Feature","id":"physical-as-peak-names-030422-24551","properties":{"id":"physical-as-peak-names-030422-24551","slug":"el-siete","name":"El Siete","localName":"El Siete","aliases":[],"kind":"peak","sourceId":"sitpa-physical","territoryIds":["es-as"],"elevationM":2337.2,"bbox":[-5.96046,43.02868,-5.96046,43.02868],"center":[-5.96046,43.02868]},"geometry":{"type":"Point","coordinates":[-5.96046,43.02868]}},{"type":"Feature","id":"physical-as-peak-names-030422-24552","properties":{"id":"physical-as-peak-names-030422-24552","slug":"les-castichines","name":"Les Castichines","localName":"Les Castichines","aliases":[],"kind":"peak","sourceId":"sitpa-physical","territoryIds":["es-as"],"elevationM":2190.8,"bbox":[-5.95896,43.02702,-5.95896,43.02702],"center":[-5.95896,43.02702]},"geometry":{"type":"Point","coordinates":[-5.95896,43.02702]}},{"type":"Feature","id":"physical-as-peak-names-030422-24553","properties":{"id":"physical-as-peak-names-030422-24553","slug":"prau-capon","name":"Prau Capón","localName":"Prau Capón","aliases":[],"kind":"peak","sourceId":"sitpa-physical","territoryIds":["es-as"],"elevationM":2129.3,"bbox":[-5.95795,43.02246,-5.95795,43.02246],"center":[-5.95795,43.02246]},"geometry":{"type":"Point","coordinates":[-5.95795,43.02246]}},{"type":"Feature","id":"physical-as-peak-names-030422-24554","properties":{"id":"physical-as-peak-names-030422-24554","slug":"cuetu-les-cabres","name":"Cuetu Les Cabres","localName":"Cuetu Les Cabres","aliases":[],"kind":"peak","sourceId":"sitpa-physical","territoryIds":["es-as"],"elevationM":2042.6,"bbox":[-5.95263,43.02237,-5.95263,43.02237],"center":[-5.95263,43.02237]},"geometry":{"type":"Point","coordinates":[-5.95263,43.02237]}},{"type":"Feature","id":"physical-as-peak-names-030422-24555","properties":{"id":"physical-as-peak-names-030422-24555","slug":"pico-l-canalon-oscuro","name":"Pico'l Canalón Oscuro","localName":"Pico'l Canalón Oscuro","aliases":[],"kind":"peak","sourceId":"sitpa-physical","territoryIds":["es-as"],"elevationM":2073.5,"bbox":[-5.94804,43.03133,-5.94804,43.03133],"center":[-5.94804,43.03133]},"geometry":{"type":"Point","coordinates":[-5.94804,43.03133]}},{"type":"Feature","id":"physical-as-peak-names-030422-24556","properties":{"id":"physical-as-peak-names-030422-24556","slug":"la-palazana","name":"La Palazana","localName":"La Palazana","aliases":[],"kind":"peak","sourceId":"sitpa-physical","territoryIds":["es-as"],"elevationM":2082.2,"bbox":[-5.94849,43.03239,-5.94849,43.03239],"center":[-5.94849,43.03239]},"geometry":{"type":"Point","coordinates":[-5.94849,43.03239]}},{"type":"Feature","id":"physical-as-peak-names-030422-24557","properties":{"id":"physical-as-peak-names-030422-24557","slug":"alto-los-camisos","name":"Alto Los Camisos","localName":"Alto Los Camisos","aliases":[],"kind":"peak","sourceId":"sitpa-physical","territoryIds":["es-as"],"elevationM":2044.7,"bbox":[-5.94179,43.03287,-5.94179,43.03287],"center":[-5.94179,43.03287]},"geometry":{"type":"Point","coordinates":[-5.94179,43.03287]}},{"type":"Feature","id":"physical-as-peak-names-030422-24558","properties":{"id":"physical-as-peak-names-030422-24558","slug":"alto-la-chera","name":"Alto La Chera","localName":"Alto La Chera","aliases":[],"kind":"peak","sourceId":"sitpa-physical","territoryIds":["es-as"],"elevationM":1975.1,"bbox":[-5.94605,43.0341,-5.94605,43.0341],"center":[-5.94605,43.0341]},"geometry":{"type":"Point","coordinates":[-5.94605,43.0341]}},{"type":"Feature","id":"physical-as-peak-names-030422-24559","properties":{"id":"physical-as-peak-names-030422-24559","slug":"prau-l-albo","name":"Prau L'albo","localName":"Prau L'albo","aliases":[],"kind":"peak","sourceId":"sitpa-physical","territoryIds":["es-as"],"elevationM":4105.9,"bbox":[-5.93902,43.03482,-5.93902,43.03482],"center":[-5.93902,43.03482]},"geometry":{"type":"Point","coordinates":[-5.93902,43.03482]}},{"type":"Feature","id":"physical-as-peak-names-030422-24560","properties":{"id":"physical-as-peak-names-030422-24560","slug":"los-xoyus","name":"Los Xoyus","localName":"Los Xoyus","aliases":[],"kind":"peak","sourceId":"sitpa-physical","territoryIds":["es-as"],"elevationM":1974,"bbox":[-5.95099,43.03814,-5.95099,43.03814],"center":[-5.95099,43.03814]},"geometry":{"type":"Point","coordinates":[-5.95099,43.03814]}},{"type":"Feature","id":"physical-as-peak-names-030422-24561","properties":{"id":"physical-as-peak-names-030422-24561","slug":"les-torres","name":"Les Torres","localName":"Les Torres","aliases":[],"kind":"peak","sourceId":"sitpa-physical","territoryIds":["es-as"],"elevationM":2049.6,"bbox":[-5.96121,43.04025,-5.96121,43.04025],"center":[-5.96121,43.04025]},"geometry":{"type":"Point","coordinates":[-5.96121,43.04025]}},{"type":"Feature","id":"physical-as-peak-names-030422-24562","properties":{"id":"physical-as-peak-names-030422-24562","slug":"agujas-rojas","name":"Agujas Rojas","localName":"Agujas Rojas","aliases":[],"kind":"peak","sourceId":"sitpa-physical","territoryIds":["es-as"],"elevationM":2304.6,"bbox":[-5.96148,43.03189,-5.96148,43.03189],"center":[-5.96148,43.03189]},"geometry":{"type":"Point","coordinates":[-5.96148,43.03189]}},{"type":"Feature","id":"physical-as-peak-names-030422-24563","properties":{"id":"physical-as-peak-names-030422-24563","slug":"picos-del-fontan","name":"Picos Del Fontán","localName":"Picos Del Fontán","aliases":[],"kind":"peak","sourceId":"sitpa-physical","territoryIds":["es-as"],"elevationM":2410,"bbox":[-5.96077,43.03381,-5.96077,43.03381],"center":[-5.96077,43.03381]},"geometry":{"type":"Point","coordinates":[-5.96077,43.03381]}},{"type":"Feature","id":"physical-as-peak-names-030422-24564","properties":{"id":"physical-as-peak-names-030422-24564","slug":"el-portichin","name":"El Portichín","localName":"El Portichín","aliases":[],"kind":"peak","sourceId":"sitpa-physical","territoryIds":["es-as"],"elevationM":2189.5,"bbox":[-5.95759,43.02895,-5.95759,43.02895],"center":[-5.95759,43.02895]},"geometry":{"type":"Point","coordinates":[-5.95759,43.02895]}},{"type":"Feature","id":"physical-as-peak-names-030422-24590","properties":{"id":"physical-as-peak-names-030422-24590","slug":"pena-ubina","name":"Peña Ubiña","localName":"Peña Ubiña","aliases":[],"kind":"peak","sourceId":"sitpa-physical","territoryIds":["es-as"],"elevationM":2404.6,"bbox":[-5.95675,43.01853,-5.95675,43.01853],"center":[-5.95675,43.01853]},"geometry":{"type":"Point","coordinates":[-5.95675,43.01853]}},{"type":"Feature","id":"physical-as-peak-names-030422-24591","properties":{"id":"physical-as-peak-names-030422-24591","slug":"pena-cerreos","name":"Peña Cerreos","localName":"Peña Cerreos","aliases":[],"kind":"peak","sourceId":"sitpa-physical","territoryIds":["es-as"],"elevationM":2083.2,"bbox":[-5.94079,43.01261,-5.94079,43.01261],"center":[-5.94079,43.01261]},"geometry":{"type":"Point","coordinates":[-5.94079,43.01261]}},{"type":"Feature","id":"physical-as-peak-names-030422-24744","properties":{"id":"physical-as-peak-names-030422-24744","slug":"cueto-la-peruyera","name":"Cueto La Peruyera","localName":"Cueto La Peruyera","aliases":[],"kind":"peak","sourceId":"sitpa-physical","territoryIds":["es-as"],"elevationM":1123.6,"bbox":[-5.9109,43.08529,-5.9109,43.08529],"center":[-5.9109,43.08529]},"geometry":{"type":"Point","coordinates":[-5.9109,43.08529]}},{"type":"Feature","id":"physical-as-peak-names-030422-24745","properties":{"id":"physical-as-peak-names-030422-24745","slug":"cangon","name":"Cangón","localName":"Cangón","aliases":[],"kind":"peak","sourceId":"sitpa-physical","territoryIds":["es-as"],"elevationM":1205.7,"bbox":[-5.92125,43.09644,-5.92125,43.09644],"center":[-5.92125,43.09644]},"geometry":{"type":"Point","coordinates":[-5.92125,43.09644]}},{"type":"Feature","id":"physical-as-peak-names-030422-24746","properties":{"id":"physical-as-peak-names-030422-24746","slug":"el-picon","name":"El Picón","localName":"El Picón","aliases":[],"kind":"peak","sourceId":"sitpa-physical","territoryIds":["es-as"],"elevationM":1330,"bbox":[-5.92739,43.09073,-5.92739,43.09073],"center":[-5.92739,43.09073]},"geometry":{"type":"Point","coordinates":[-5.92739,43.09073]}},{"type":"Feature","id":"physical-as-peak-names-030422-24785","properties":{"id":"physical-as-peak-names-030422-24785","slug":"los-antiojos","name":"Los Antiojos","localName":"Los Antiojos","aliases":[],"kind":"peak","sourceId":"sitpa-physical","territoryIds":["es-as"],"elevationM":1814.5,"bbox":[-5.92788,43.06626,-5.92788,43.06626],"center":[-5.92788,43.06626]},"geometry":{"type":"Point","coordinates":[-5.92788,43.06626]}},{"type":"Feature","id":"physical-as-peak-names-030422-24786","properties":{"id":"physical-as-peak-names-030422-24786","slug":"l-arganal","name":"L'argañal","localName":"L'argañal","aliases":[],"kind":"peak","sourceId":"sitpa-physical","territoryIds":["es-as"],"elevationM":1259,"bbox":[-5.90765,43.07133,-5.90765,43.07133],"center":[-5.90765,43.07133]},"geometry":{"type":"Point","coordinates":[-5.90765,43.07133]}},{"type":"Feature","id":"physical-as-peak-names-030422-24815","properties":{"id":"physical-as-peak-names-030422-24815","slug":"pena-arpin","name":"Pena Arpín","localName":"Pena Arpín","aliases":[],"kind":"peak","sourceId":"sitpa-physical","territoryIds":["es-as"],"elevationM":1668.7,"bbox":[-5.91764,43.06034,-5.91764,43.06034],"center":[-5.91764,43.06034]},"geometry":{"type":"Point","coordinates":[-5.91764,43.06034]}},{"type":"Feature","id":"physical-as-peak-names-030422-24816","properties":{"id":"physical-as-peak-names-030422-24816","slug":"el-abedulon","name":"El Abedulón","localName":"El Abedulón","aliases":[],"kind":"peak","sourceId":"sitpa-physical","territoryIds":["es-as"],"elevationM":1662.5,"bbox":[-5.91037,43.05665,-5.91037,43.05665],"center":[-5.91037,43.05665]},"geometry":{"type":"Point","coordinates":[-5.91037,43.05665]}},{"type":"Feature","id":"physical-as-peak-names-030422-24817","properties":{"id":"physical-as-peak-names-030422-24817","slug":"picon-de-fondos","name":"Picón De Fondós","localName":"Picón De Fondós","aliases":[],"kind":"peak","sourceId":"sitpa-physical","territoryIds":["es-as"],"elevationM":1380.5,"bbox":[-5.90509,43.06215,-5.90509,43.06215],"center":[-5.90509,43.06215]},"geometry":{"type":"Point","coordinates":[-5.90509,43.06215]}},{"type":"Feature","id":"physical-as-peak-names-030422-24818","properties":{"id":"physical-as-peak-names-030422-24818","slug":"pico-la-fana","name":"Pico La Fana","localName":"Pico La Fana","aliases":[],"kind":"peak","sourceId":"sitpa-physical","territoryIds":["es-as"],"elevationM":2020.7,"bbox":[-5.93281,43.04398,-5.93281,43.04398],"center":[-5.93281,43.04398]},"geometry":{"type":"Point","coordinates":[-5.93281,43.04398]}},{"type":"Feature","id":"physical-as-peak-names-030422-24819","properties":{"id":"physical-as-peak-names-030422-24819","slug":"cruces-de-fondos","name":"Cruces De Fondós","localName":"Cruces De Fondós","aliases":[],"kind":"peak","sourceId":"sitpa-physical","territoryIds":["es-as"],"elevationM":1862.2,"bbox":[-5.90494,43.04762,-5.90494,43.04762],"center":[-5.90494,43.04762]},"geometry":{"type":"Point","coordinates":[-5.90494,43.04762]}},{"type":"Feature","id":"physical-as-peak-names-030422-24820","properties":{"id":"physical-as-peak-names-030422-24820","slug":"la-carba-de-valsecu","name":"La Carba De Valsecu","localName":"La Carba De Valsecu","aliases":[],"kind":"peak","sourceId":"sitpa-physical","territoryIds":["es-as"],"elevationM":1853.3,"bbox":[-5.89773,43.05228,-5.89773,43.05228],"center":[-5.89773,43.05228]},"geometry":{"type":"Point","coordinates":[-5.89773,43.05228]}},{"type":"Feature","id":"physical-as-peak-names-030422-24821","properties":{"id":"physical-as-peak-names-030422-24821","slug":"cantu-l-fasturian","name":"Cantu'l Fasturian","localName":"Cantu'l Fasturian","aliases":[],"kind":"peak","sourceId":"sitpa-physical","territoryIds":["es-as"],"elevationM":1747.8,"bbox":[-5.91248,43.04414,-5.91248,43.04414],"center":[-5.91248,43.04414]},"geometry":{"type":"Point","coordinates":[-5.91248,43.04414]}},{"type":"Feature","id":"physical-as-peak-names-030422-24855","properties":{"id":"physical-as-peak-names-030422-24855","slug":"el-farinetu","name":"El Fariñetu","localName":"El Fariñetu","aliases":[],"kind":"peak","sourceId":"sitpa-physical","territoryIds":["es-as"],"elevationM":2157.6,"bbox":[-5.93554,43.04055,-5.93554,43.04055],"center":[-5.93554,43.04055]},"geometry":{"type":"Point","coordinates":[-5.93554,43.04055]}},{"type":"Feature","id":"physical-as-peak-names-030422-24856","properties":{"id":"physical-as-peak-names-030422-24856","slug":"pena-bermeya","name":"Peña Bermeya","localName":"Peña Bermeya","aliases":[],"kind":"peak","sourceId":"sitpa-physical","territoryIds":["es-as"],"elevationM":1960.7,"bbox":[-5.93059,43.03783,-5.93059,43.03783],"center":[-5.93059,43.03783]},"geometry":{"type":"Point","coordinates":[-5.93059,43.03783]}},{"type":"Feature","id":"physical-as-peak-names-030422-24857","properties":{"id":"physical-as-peak-names-030422-24857","slug":"pena-de-diego","name":"Peña De Diego","localName":"Peña De Diego","aliases":[],"kind":"peak","sourceId":"sitpa-physical","territoryIds":["es-as"],"elevationM":1918.3,"bbox":[-5.92842,43.03835,-5.92842,43.03835],"center":[-5.92842,43.03835]},"geometry":{"type":"Point","coordinates":[-5.92842,43.03835]}},{"type":"Feature","id":"physical-as-peak-names-030422-24858","properties":{"id":"physical-as-peak-names-030422-24858","slug":"pie-ferreru","name":"Pie Ferreru","localName":"Pie Ferreru","aliases":[],"kind":"peak","sourceId":"sitpa-physical","territoryIds":["es-as"],"elevationM":2060.1,"bbox":[-5.937,43.03726,-5.937,43.03726],"center":[-5.937,43.03726]},"geometry":{"type":"Point","coordinates":[-5.937,43.03726]}},{"type":"Feature","id":"physical-as-peak-names-030422-24859","properties":{"id":"physical-as-peak-names-030422-24859","slug":"pena-brita","name":"Peña Brita","localName":"Peña Brita","aliases":[],"kind":"peak","sourceId":"sitpa-physical","territoryIds":["es-as"],"elevationM":1654,"bbox":[-5.90315,43.03611,-5.90315,43.03611],"center":[-5.90315,43.03611]},"geometry":{"type":"Point","coordinates":[-5.90315,43.03611]}},{"type":"Feature","id":"physical-as-peak-names-030422-24860","properties":{"id":"physical-as-peak-names-030422-24860","slug":"tapinon","name":"Tapinón","localName":"Tapinón","aliases":[],"kind":"peak","sourceId":"sitpa-physical","territoryIds":["es-as"],"elevationM":2093.8,"bbox":[-5.90829,43.04116,-5.90829,43.04116],"center":[-5.90829,43.04116]},"geometry":{"type":"Point","coordinates":[-5.90829,43.04116]}},{"type":"Feature","id":"physical-as-peak-names-030422-24861","properties":{"id":"physical-as-peak-names-030422-24861","slug":"siegalava","name":"Siegalavá","localName":"Siegalavá","aliases":[],"kind":"peak","sourceId":"sitpa-physical","territoryIds":["es-as"],"elevationM":2120.3,"bbox":[-5.91338,43.03928,-5.91338,43.03928],"center":[-5.91338,43.03928]},"geometry":{"type":"Point","coordinates":[-5.91338,43.03928]}},{"type":"Feature","id":"physical-as-peak-names-030422-24862","properties":{"id":"physical-as-peak-names-030422-24862","slug":"m-o-n-t-e-v-a-c-h-i-n-a-n-e-g-r-a","name":"M O N T E V A C H I N A N E G R A","localName":"M O N T E V A C H I N A N E G R A","aliases":[],"kind":"peak","sourceId":"sitpa-physical","territoryIds":["es-as"],"elevationM":1382.5,"bbox":[-5.91803,43.02362,-5.91803,43.02362],"center":[-5.91803,43.02362]},"geometry":{"type":"Point","coordinates":[-5.91803,43.02362]}},{"type":"Feature","id":"physical-as-peak-names-030422-24863","properties":{"id":"physical-as-peak-names-030422-24863","slug":"c-o-l-l-a-u-d-i-n","name":"C O L L A U D Í N","localName":"C O L L A U D Í N","aliases":[],"kind":"peak","sourceId":"sitpa-physical","territoryIds":["es-as"],"elevationM":1311.2,"bbox":[-5.89725,43.0239,-5.89725,43.0239],"center":[-5.89725,43.0239]},"geometry":{"type":"Point","coordinates":[-5.89725,43.0239]}},{"type":"Feature","id":"physical-as-peak-names-030422-24904","properties":{"id":"physical-as-peak-names-030422-24904","slug":"las-escoronas","name":"Las Escoronas","localName":"Las Escoronas","aliases":[],"kind":"peak","sourceId":"sitpa-physical","territoryIds":["es-as"],"elevationM":1715.8,"bbox":[-5.92298,43.01804,-5.92298,43.01804],"center":[-5.92298,43.01804]},"geometry":{"type":"Point","coordinates":[-5.92298,43.01804]}},{"type":"Feature","id":"physical-as-peak-names-030422-24905","properties":{"id":"physical-as-peak-names-030422-24905","slug":"los-abedules","name":"Los Abedules","localName":"Los Abedules","aliases":[],"kind":"peak","sourceId":"sitpa-physical","territoryIds":["es-as"],"elevationM":1634.1,"bbox":[-5.91893,43.01845,-5.91893,43.01845],"center":[-5.91893,43.01845]},"geometry":{"type":"Point","coordinates":[-5.91893,43.01845]}},{"type":"Feature","id":"physical-as-peak-names-030422-24906","properties":{"id":"physical-as-peak-names-030422-24906","slug":"pena-medio-cabecho","name":"Peña Medio Cabecho","localName":"Peña Medio Cabecho","aliases":[],"kind":"peak","sourceId":"sitpa-physical","territoryIds":["es-as"],"elevationM":1947.6,"bbox":[-5.93408,43.01494,-5.93408,43.01494],"center":[-5.93408,43.01494]},"geometry":{"type":"Point","coordinates":[-5.93408,43.01494]}},{"type":"Feature","id":"physical-as-peak-names-030422-24907","properties":{"id":"physical-as-peak-names-030422-24907","slug":"miriu-reondu","name":"Miriu Reondu","localName":"Miriu Reondu","aliases":[],"kind":"peak","sourceId":"sitpa-physical","territoryIds":["es-as"],"elevationM":1718,"bbox":[-5.91702,43.00107,-5.91702,43.00107],"center":[-5.91702,43.00107]},"geometry":{"type":"Point","coordinates":[-5.91702,43.00107]}},{"type":"Feature","id":"physical-as-peak-names-030422-24908","properties":{"id":"physical-as-peak-names-030422-24908","slug":"piedra-nidia","name":"Piedra Ñidia","localName":"Piedra Ñidia","aliases":[],"kind":"peak","sourceId":"sitpa-physical","territoryIds":["es-as"],"elevationM":1835.8,"bbox":[-5.92559,43.00587,-5.92559,43.00587],"center":[-5.92559,43.00587]},"geometry":{"type":"Point","coordinates":[-5.92559,43.00587]}},{"type":"Feature","id":"physical-as-peak-names-030422-24909","properties":{"id":"physical-as-peak-names-030422-24909","slug":"pena-l-miriu","name":"Peña'l Miriu","localName":"Peña'l Miriu","aliases":[],"kind":"peak","sourceId":"sitpa-physical","territoryIds":["es-as"],"elevationM":1387.3,"bbox":[-5.90578,43.01013,-5.90578,43.01013],"center":[-5.90578,43.01013]},"geometry":{"type":"Point","coordinates":[-5.90578,43.01013]}},{"type":"Feature","id":"physical-as-peak-names-030422-24910","properties":{"id":"physical-as-peak-names-030422-24910","slug":"m-o-n-t-e-e-l-a-c-i-b-a-l-i-n","name":"M O N T E E L A C I B A L Í N","localName":"M O N T E E L A C I B A L Í N","aliases":[],"kind":"peak","sourceId":"sitpa-physical","territoryIds":["es-as"],"elevationM":1037.1,"bbox":[-5.89832,43.01436,-5.89832,43.01436],"center":[-5.89832,43.01436]},"geometry":{"type":"Point","coordinates":[-5.89832,43.01436]}},{"type":"Feature","id":"physical-as-peak-names-030422-24911","properties":{"id":"physical-as-peak-names-030422-24911","slug":"cantu-l-cuquiechu","name":"Cantu'l Cuquiechu","localName":"Cantu'l Cuquiechu","aliases":[],"kind":"peak","sourceId":"sitpa-physical","territoryIds":["es-as"],"elevationM":1410,"bbox":[-5.91623,43.01103,-5.91623,43.01103],"center":[-5.91623,43.01103]},"geometry":{"type":"Point","coordinates":[-5.91623,43.01103]}},{"type":"Feature","id":"physical-as-peak-names-030422-24951","properties":{"id":"physical-as-peak-names-030422-24951","slug":"el-coguchu","name":"El Coguchu","localName":"El Coguchu","aliases":[],"kind":"peak","sourceId":"sitpa-physical","territoryIds":["es-as"],"elevationM":1129.2,"bbox":[-5.88368,43.16636,-5.88368,43.16636],"center":[-5.88368,43.16636]},"geometry":{"type":"Point","coordinates":[-5.88368,43.16636]}},{"type":"Feature","id":"physical-as-peak-names-030422-24953","properties":{"id":"physical-as-peak-names-030422-24953","slug":"el-troncal","name":"El Troncal","localName":"El Troncal","aliases":[],"kind":"peak","sourceId":"sitpa-physical","territoryIds":["es-as"],"elevationM":1019.8,"bbox":[-5.89081,43.15129,-5.89081,43.15129],"center":[-5.89081,43.15129]},"geometry":{"type":"Point","coordinates":[-5.89081,43.15129]}},{"type":"Feature","id":"physical-as-peak-names-030422-25028","properties":{"id":"physical-as-peak-names-030422-25028","slug":"la-balsa","name":"La Balsa","localName":"La Balsa","aliases":[],"kind":"peak","sourceId":"sitpa-physical","territoryIds":["es-as"],"elevationM":1441.4,"bbox":[-5.88457,43.11092,-5.88457,43.11092],"center":[-5.88457,43.11092]},"geometry":{"type":"Point","coordinates":[-5.88457,43.11092]}},{"type":"Feature","id":"physical-as-peak-names-030422-25029","properties":{"id":"physical-as-peak-names-030422-25029","slug":"branavalera","name":"Brañavalera","localName":"Brañavalera","aliases":[],"kind":"peak","sourceId":"sitpa-physical","territoryIds":["es-as"],"elevationM":1475,"bbox":[-5.86104,43.11462,-5.86104,43.11462],"center":[-5.86104,43.11462]},"geometry":{"type":"Point","coordinates":[-5.86104,43.11462]}},{"type":"Feature","id":"physical-as-peak-names-030422-25056","properties":{"id":"physical-as-peak-names-030422-25056","slug":"el-fitu","name":"El Fitu","localName":"El Fitu","aliases":[],"kind":"peak","sourceId":"sitpa-physical","territoryIds":["es-as"],"elevationM":1313.5,"bbox":[-5.88316,43.10322,-5.88316,43.10322],"center":[-5.88316,43.10322]},"geometry":{"type":"Point","coordinates":[-5.88316,43.10322]}},{"type":"Feature","id":"physical-as-peak-names-030422-25057","properties":{"id":"physical-as-peak-names-030422-25057","slug":"la-gallina","name":"La Gallina","localName":"La Gallina","aliases":[],"kind":"peak","sourceId":"sitpa-physical","territoryIds":["es-as"],"elevationM":1315.3,"bbox":[-5.88817,43.095,-5.88817,43.095],"center":[-5.88817,43.095]},"geometry":{"type":"Point","coordinates":[-5.88817,43.095]}},{"type":"Feature","id":"physical-as-peak-names-030422-25082","properties":{"id":"physical-as-peak-names-030422-25082","slug":"pico-la-maya-vieya","name":"Pico La Mayá Vieya","localName":"Pico La Mayá Vieya","aliases":[],"kind":"peak","sourceId":"sitpa-physical","territoryIds":["es-as"],"elevationM":1351.8,"bbox":[-5.88634,43.07849,-5.88634,43.07849],"center":[-5.88634,43.07849]},"geometry":{"type":"Point","coordinates":[-5.88634,43.07849]}},{"type":"Feature","id":"physical-as-peak-names-030422-25083","properties":{"id":"physical-as-peak-names-030422-25083","slug":"el-barradalin","name":"El Barradalín","localName":"El Barradalín","aliases":[],"kind":"peak","sourceId":"sitpa-physical","territoryIds":["es-as"],"elevationM":1364.8,"bbox":[-5.88364,43.06805,-5.88364,43.06805],"center":[-5.88364,43.06805]},"geometry":{"type":"Point","coordinates":[-5.88364,43.06805]}},{"type":"Feature","id":"physical-as-peak-names-030422-25084","properties":{"id":"physical-as-peak-names-030422-25084","slug":"el-barraal","name":"El Barraal","localName":"El Barraal","aliases":[],"kind":"peak","sourceId":"sitpa-physical","territoryIds":["es-as"],"elevationM":1379.1,"bbox":[-5.88421,43.06599,-5.88421,43.06599],"center":[-5.88421,43.06599]},"geometry":{"type":"Point","coordinates":[-5.88421,43.06599]}},{"type":"Feature","id":"physical-as-peak-names-030422-25085","properties":{"id":"physical-as-peak-names-030422-25085","slug":"pena-el-cabacho","name":"Peña El Cabacho","localName":"Peña El Cabacho","aliases":[],"kind":"peak","sourceId":"sitpa-physical","territoryIds":["es-as"],"elevationM":1287.6,"bbox":[-5.86889,43.06293,-5.86889,43.06293],"center":[-5.86889,43.06293]},"geometry":{"type":"Point","coordinates":[-5.86889,43.06293]}},{"type":"Feature","id":"physical-as-peak-names-030422-25102","properties":{"id":"physical-as-peak-names-030422-25102","slug":"bosbigre","name":"Bosbigre","localName":"Bosbigre","aliases":[],"kind":"peak","sourceId":"sitpa-physical","territoryIds":["es-as"],"elevationM":1573.3,"bbox":[-5.88489,43.05387,-5.88489,43.05387],"center":[-5.88489,43.05387]},"geometry":{"type":"Point","coordinates":[-5.88489,43.05387]}},{"type":"Feature","id":"physical-as-peak-names-030422-25103","properties":{"id":"physical-as-peak-names-030422-25103","slug":"montes-del-espiricu","name":"Montes Del Espiricu","localName":"Montes Del Espiricu","aliases":[],"kind":"peak","sourceId":"sitpa-physical","territoryIds":["es-as"],"elevationM":1240.4,"bbox":[-5.87599,43.05541,-5.87599,43.05541],"center":[-5.87599,43.05541]},"geometry":{"type":"Point","coordinates":[-5.87599,43.05541]}},{"type":"Feature","id":"physical-as-peak-names-030422-25104","properties":{"id":"physical-as-peak-names-030422-25104","slug":"cueto-los-chobos","name":"Cueto Los Chobos","localName":"Cueto Los Chobos","aliases":[],"kind":"peak","sourceId":"sitpa-physical","territoryIds":["es-as"],"elevationM":1466.1,"bbox":[-5.88021,43.05992,-5.88021,43.05992],"center":[-5.88021,43.05992]},"geometry":{"type":"Point","coordinates":[-5.88021,43.05992]}},{"type":"Feature","id":"physical-as-peak-names-030422-25105","properties":{"id":"physical-as-peak-names-030422-25105","slug":"monte-l-caleyu","name":"Monte'l Caleyu","localName":"Monte'l Caleyu","aliases":[],"kind":"peak","sourceId":"sitpa-physical","territoryIds":["es-as"],"elevationM":1368.7,"bbox":[-5.86077,43.04348,-5.86077,43.04348],"center":[-5.86077,43.04348]},"geometry":{"type":"Point","coordinates":[-5.86077,43.04348]}},{"type":"Feature","id":"physical-as-peak-names-030422-25129","properties":{"id":"physical-as-peak-names-030422-25129","slug":"pena-foxon","name":"Peña Foxón","localName":"Peña Foxón","aliases":[],"kind":"peak","sourceId":"sitpa-physical","territoryIds":["es-as"],"elevationM":1783.1,"bbox":[-5.89396,43.03854,-5.89396,43.03854],"center":[-5.89396,43.03854]},"geometry":{"type":"Point","coordinates":[-5.89396,43.03854]}},{"type":"Feature","id":"physical-as-peak-names-030422-25130","properties":{"id":"physical-as-peak-names-030422-25130","slug":"pena-l-fraile","name":"Peña'l Fraile","localName":"Peña'l Fraile","aliases":[],"kind":"peak","sourceId":"sitpa-physical","territoryIds":["es-as"],"elevationM":1746.6,"bbox":[-5.89548,43.03725,-5.89548,43.03725],"center":[-5.89548,43.03725]},"geometry":{"type":"Point","coordinates":[-5.89548,43.03725]}},{"type":"Feature","id":"physical-as-peak-names-030422-25131","properties":{"id":"physical-as-peak-names-030422-25131","slug":"pena-la-cocina","name":"Peña La Cocina","localName":"Peña La Cocina","aliases":[],"kind":"peak","sourceId":"sitpa-physical","territoryIds":["es-as"],"elevationM":1567,"bbox":[-5.88976,43.03824,-5.88976,43.03824],"center":[-5.88976,43.03824]},"geometry":{"type":"Point","coordinates":[-5.88976,43.03824]}},{"type":"Feature","id":"physical-as-peak-names-030422-25132","properties":{"id":"physical-as-peak-names-030422-25132","slug":"la-carva-l-fusneu","name":"La Carva'l Fusnéu","localName":"La Carva'l Fusnéu","aliases":[],"kind":"peak","sourceId":"sitpa-physical","territoryIds":["es-as"],"elevationM":1593.1,"bbox":[-5.88182,43.03829,-5.88182,43.03829],"center":[-5.88182,43.03829]},"geometry":{"type":"Point","coordinates":[-5.88182,43.03829]}},{"type":"Feature","id":"physical-as-peak-names-030422-25133","properties":{"id":"physical-as-peak-names-030422-25133","slug":"penon-de-cotalbo","name":"Peñón De Cotalbo","localName":"Peñón De Cotalbo","aliases":[],"kind":"peak","sourceId":"sitpa-physical","territoryIds":["es-as"],"elevationM":1303.8,"bbox":[-5.88679,43.02573,-5.88679,43.02573],"center":[-5.88679,43.02573]},"geometry":{"type":"Point","coordinates":[-5.88679,43.02573]}},{"type":"Feature","id":"physical-as-peak-names-030422-25134","properties":{"id":"physical-as-peak-names-030422-25134","slug":"pena-la-faya","name":"Peña La Faya","localName":"Peña La Faya","aliases":[],"kind":"peak","sourceId":"sitpa-physical","territoryIds":["es-as"],"elevationM":1461.7,"bbox":[-5.89124,43.02812,-5.89124,43.02812],"center":[-5.89124,43.02812]},"geometry":{"type":"Point","coordinates":[-5.89124,43.02812]}},{"type":"Feature","id":"physical-as-peak-names-030422-25135","properties":{"id":"physical-as-peak-names-030422-25135","slug":"pena-el-castiechu","name":"Peña El Castiechu","localName":"Peña El Castiechu","aliases":[],"kind":"peak","sourceId":"sitpa-physical","territoryIds":["es-as"],"elevationM":1630.5,"bbox":[-5.89508,43.03053,-5.89508,43.03053],"center":[-5.89508,43.03053]},"geometry":{"type":"Point","coordinates":[-5.89508,43.03053]}},{"type":"Feature","id":"physical-as-peak-names-030422-25137","properties":{"id":"physical-as-peak-names-030422-25137","slug":"el-cabezo","name":"El Cabezo","localName":"El Cabezo","aliases":[],"kind":"peak","sourceId":"sitpa-physical","territoryIds":["es-as"],"elevationM":1337.4,"bbox":[-5.88329,43.02841,-5.88329,43.02841],"center":[-5.88329,43.02841]},"geometry":{"type":"Point","coordinates":[-5.88329,43.02841]}},{"type":"Feature","id":"physical-as-peak-names-030422-25138","properties":{"id":"physical-as-peak-names-030422-25138","slug":"picos-del-fraile","name":"Picos Del Fraile","localName":"Picos Del Fraile","aliases":[],"kind":"peak","sourceId":"sitpa-physical","territoryIds":["es-as"],"elevationM":1385.2,"bbox":[-5.88879,43.02626,-5.88879,43.02626],"center":[-5.88879,43.02626]},"geometry":{"type":"Point","coordinates":[-5.88879,43.02626]}},{"type":"Feature","id":"physical-as-peak-names-030422-25139","properties":{"id":"physical-as-peak-names-030422-25139","slug":"el-cabezon","name":"El Cabezón","localName":"El Cabezón","aliases":[],"kind":"peak","sourceId":"sitpa-physical","territoryIds":["es-as"],"elevationM":1287.8,"bbox":[-5.87951,43.03049,-5.87951,43.03049],"center":[-5.87951,43.03049]},"geometry":{"type":"Point","coordinates":[-5.87951,43.03049]}},{"type":"Feature","id":"physical-as-peak-names-030422-25181","properties":{"id":"physical-as-peak-names-030422-25181","slug":"la-mesa","name":"La Mesa","localName":"La Mesa","aliases":[],"kind":"peak","sourceId":"sitpa-physical","territoryIds":["es-as"],"elevationM":1908.8,"bbox":[-5.87811,43.00054,-5.87811,43.00054],"center":[-5.87811,43.00054]},"geometry":{"type":"Point","coordinates":[-5.87811,43.00054]}},{"type":"Feature","id":"physical-as-peak-names-030422-25182","properties":{"id":"physical-as-peak-names-030422-25182","slug":"c-o-l-l-e-u-c-i-m-e-r-u","name":"C O L L É U C I M E R U","localName":"C O L L É U C I M E R U","aliases":[],"kind":"peak","sourceId":"sitpa-physical","territoryIds":["es-as"],"elevationM":1077.2,"bbox":[-5.89209,43.01994,-5.89209,43.01994],"center":[-5.89209,43.01994]},"geometry":{"type":"Point","coordinates":[-5.89209,43.01994]}},{"type":"Feature","id":"physical-as-peak-names-030422-25183","properties":{"id":"physical-as-peak-names-030422-25183","slug":"m-o-n-t-e-t-i-x-i-r-u-a","name":"M O N T E T I X I R Ú A","localName":"M O N T E T I X I R Ú A","aliases":[],"kind":"peak","sourceId":"sitpa-physical","territoryIds":["es-as"],"elevationM":1410.7,"bbox":[-5.86038,43.0074,-5.86038,43.0074],"center":[-5.86038,43.0074]},"geometry":{"type":"Point","coordinates":[-5.86038,43.0074]}},{"type":"Feature","id":"physical-as-peak-names-030422-25184","properties":{"id":"physical-as-peak-names-030422-25184","slug":"m-o-n-t-e-l-a-v-i-u-l-a-r","name":"M O N T E L A V I U L A R","localName":"M O N T E L A V I U L A R","aliases":[],"kind":"peak","sourceId":"sitpa-physical","territoryIds":["es-as"],"elevationM":1100,"bbox":[-5.8882,43.01269,-5.8882,43.01269],"center":[-5.8882,43.01269]},"geometry":{"type":"Point","coordinates":[-5.8882,43.01269]}},{"type":"Feature","id":"physical-as-peak-names-030422-25243","properties":{"id":"physical-as-peak-names-030422-25243","slug":"pico-brana-valero","name":"Pico Braña Valero","localName":"Pico Braña Valero","aliases":[],"kind":"peak","sourceId":"sitpa-physical","territoryIds":["es-as"],"elevationM":1021.7,"bbox":[-5.85103,43.1302,-5.85103,43.1302],"center":[-5.85103,43.1302]},"geometry":{"type":"Point","coordinates":[-5.85103,43.1302]}},{"type":"Feature","id":"physical-as-peak-names-030422-25244","properties":{"id":"physical-as-peak-names-030422-25244","slug":"pico-fabarin","name":"Pico Fabarín","localName":"Pico Fabarín","aliases":[],"kind":"peak","sourceId":"sitpa-physical","territoryIds":["es-as"],"elevationM":1015.1,"bbox":[-5.84986,43.13094,-5.84986,43.13094],"center":[-5.84986,43.13094]},"geometry":{"type":"Point","coordinates":[-5.84986,43.13094]}},{"type":"Feature","id":"physical-as-peak-names-030422-25245","properties":{"id":"physical-as-peak-names-030422-25245","slug":"pico-cardeo","name":"Pico Cardeo","localName":"Pico Cardeo","aliases":[],"kind":"peak","sourceId":"sitpa-physical","territoryIds":["es-as"],"elevationM":1007.7,"bbox":[-5.84866,43.13088,-5.84866,43.13088],"center":[-5.84866,43.13088]},"geometry":{"type":"Point","coordinates":[-5.84866,43.13088]}},{"type":"Feature","id":"physical-as-peak-names-030422-25559","properties":{"id":"physical-as-peak-names-030422-25559","slug":"el-travesal","name":"El Travesal","localName":"El Travesal","aliases":[],"kind":"peak","sourceId":"sitpa-physical","territoryIds":["es-as"],"elevationM":1070.9,"bbox":[-5.85168,43.01448,-5.85168,43.01448],"center":[-5.85168,43.01448]},"geometry":{"type":"Point","coordinates":[-5.85168,43.01448]}},{"type":"Feature","id":"physical-as-peak-names-030422-25619","properties":{"id":"physical-as-peak-names-030422-25619","slug":"pena-fora","name":"Pena Forá","localName":"Pena Forá","aliases":[],"kind":"peak","sourceId":"sitpa-physical","territoryIds":["es-as"],"elevationM":1065,"bbox":[-5.7962,43.1535,-5.7962,43.1535],"center":[-5.7962,43.1535]},"geometry":{"type":"Point","coordinates":[-5.7962,43.1535]}},{"type":"Feature","id":"physical-as-peak-names-030422-25620","properties":{"id":"physical-as-peak-names-030422-25620","slug":"alto-espines","name":"Alto Espines","localName":"Alto Espines","aliases":[],"kind":"peak","sourceId":"sitpa-physical","territoryIds":["es-as"],"elevationM":1175,"bbox":[-5.78913,43.15494,-5.78913,43.15494],"center":[-5.78913,43.15494]},"geometry":{"type":"Point","coordinates":[-5.78913,43.15494]}},{"type":"Feature","id":"physical-as-peak-names-030422-25621","properties":{"id":"physical-as-peak-names-030422-25621","slug":"pico-ranero","name":"Pico Ranero","localName":"Pico Ranero","aliases":[],"kind":"peak","sourceId":"sitpa-physical","territoryIds":["es-as"],"elevationM":1080,"bbox":[-5.79259,43.16264,-5.79259,43.16264],"center":[-5.79259,43.16264]},"geometry":{"type":"Point","coordinates":[-5.79259,43.16264]}},{"type":"Feature","id":"physical-as-peak-names-030422-25650","properties":{"id":"physical-as-peak-names-030422-25650","slug":"xerra-alta","name":"Xerra Alta","localName":"Xerra Alta","aliases":[],"kind":"peak","sourceId":"sitpa-physical","territoryIds":["es-as"],"elevationM":1285,"bbox":[-5.77796,43.14223,-5.77796,43.14223],"center":[-5.77796,43.14223]},"geometry":{"type":"Point","coordinates":[-5.77796,43.14223]}},{"type":"Feature","id":"physical-as-peak-names-030422-25651","properties":{"id":"physical-as-peak-names-030422-25651","slug":"quentu-les-cruces","name":"Quentu Les Cruces","localName":"Quentu Les Cruces","aliases":[],"kind":"peak","sourceId":"sitpa-physical","territoryIds":["es-as"],"elevationM":1200,"bbox":[-5.78057,43.14537,-5.78057,43.14537],"center":[-5.78057,43.14537]},"geometry":{"type":"Point","coordinates":[-5.78057,43.14537]}},{"type":"Feature","id":"physical-as-peak-names-030422-25683","properties":{"id":"physical-as-peak-names-030422-25683","slug":"pico-de-corros","name":"Pico De Corros","localName":"Pico De Corros","aliases":[],"kind":"peak","sourceId":"sitpa-physical","territoryIds":["es-as"],"elevationM":1015,"bbox":[-5.78303,43.11313,-5.78303,43.11313],"center":[-5.78303,43.11313]},"geometry":{"type":"Point","coordinates":[-5.78303,43.11313]}},{"type":"Feature","id":"physical-as-peak-names-030422-25816","properties":{"id":"physical-as-peak-names-030422-25816","slug":"coruyo","name":"Coruyo","localName":"Coruyo","aliases":[],"kind":"peak","sourceId":"sitpa-physical","territoryIds":["es-as"],"elevationM":1309.4,"bbox":[-5.79725,43.06573,-5.79725,43.06573],"center":[-5.79725,43.06573]},"geometry":{"type":"Point","coordinates":[-5.79725,43.06573]}},{"type":"Feature","id":"physical-as-peak-names-030422-25904","properties":{"id":"physical-as-peak-names-030422-25904","slug":"pico-carril","name":"Pico Carril","localName":"Pico Carril","aliases":[],"kind":"peak","sourceId":"sitpa-physical","territoryIds":["es-as"],"elevationM":1340,"bbox":[-5.80207,43.04032,-5.80207,43.04032],"center":[-5.80207,43.04032]},"geometry":{"type":"Point","coordinates":[-5.80207,43.04032]}},{"type":"Feature","id":"physical-as-peak-names-030422-25905","properties":{"id":"physical-as-peak-names-030422-25905","slug":"pico-las-estacas","name":"Pico Las Estacas","localName":"Pico Las Estacas","aliases":[],"kind":"peak","sourceId":"sitpa-physical","territoryIds":["es-as"],"elevationM":1341.8,"bbox":[-5.8035,43.02858,-5.8035,43.02858],"center":[-5.8035,43.02858]},"geometry":{"type":"Point","coordinates":[-5.8035,43.02858]}},{"type":"Feature","id":"physical-as-peak-names-030422-25947","properties":{"id":"physical-as-peak-names-030422-25947","slug":"pico-quetun-guzan","name":"Pico Quetun Guzan","localName":"Pico Quetun Guzan","aliases":[],"kind":"peak","sourceId":"sitpa-physical","territoryIds":["es-as"],"elevationM":1255.2,"bbox":[-5.80793,43.01269,-5.80793,43.01269],"center":[-5.80793,43.01269]},"geometry":{"type":"Point","coordinates":[-5.80793,43.01269]}},{"type":"Feature","id":"physical-as-peak-names-030422-26008","properties":{"id":"physical-as-peak-names-030422-26008","slug":"pico-bustariz","name":"Pico Bustariz","localName":"Pico Bustariz","aliases":[],"kind":"peak","sourceId":"sitpa-physical","territoryIds":["es-as"],"elevationM":1110,"bbox":[-5.76228,43.14618,-5.76228,43.14618],"center":[-5.76228,43.14618]},"geometry":{"type":"Point","coordinates":[-5.76228,43.14618]}},{"type":"Feature","id":"physical-as-peak-names-030422-26028","properties":{"id":"physical-as-peak-names-030422-26028","slug":"pico-la-robliga","name":"Pico La Robliga","localName":"Pico La Robliga","aliases":[],"kind":"peak","sourceId":"sitpa-physical","territoryIds":["es-as"],"elevationM":1295.2,"bbox":[-5.76635,43.13791,-5.76635,43.13791],"center":[-5.76635,43.13791]},"geometry":{"type":"Point","coordinates":[-5.76635,43.13791]}},{"type":"Feature","id":"physical-as-peak-names-030422-26069","properties":{"id":"physical-as-peak-names-030422-26069","slug":"chisincos","name":"Chisincos","localName":"Chisincos","aliases":[],"kind":"peak","sourceId":"sitpa-physical","territoryIds":["es-as"],"elevationM":1280.3,"bbox":[-5.76039,43.11692,-5.76039,43.11692],"center":[-5.76039,43.11692]},"geometry":{"type":"Point","coordinates":[-5.76039,43.11692]}},{"type":"Feature","id":"physical-as-peak-names-030422-26070","properties":{"id":"physical-as-peak-names-030422-26070","slug":"pico-de-pedro-garcia","name":"Pico De Pedro García","localName":"Pico De Pedro García","aliases":[],"kind":"peak","sourceId":"sitpa-physical","territoryIds":["es-as"],"elevationM":1532.3,"bbox":[-5.74399,43.11298,-5.74399,43.11298],"center":[-5.74399,43.11298]},"geometry":{"type":"Point","coordinates":[-5.74399,43.11298]}},{"type":"Feature","id":"physical-as-peak-names-030422-26071","properties":{"id":"physical-as-peak-names-030422-26071","slug":"pico-l-aciu","name":"Pico L'aciu","localName":"Pico L'aciu","aliases":[],"kind":"peak","sourceId":"sitpa-physical","territoryIds":["es-as"],"elevationM":1539,"bbox":[-5.73422,43.10729,-5.73422,43.10729],"center":[-5.73422,43.10729]},"geometry":{"type":"Point","coordinates":[-5.73422,43.10729]}},{"type":"Feature","id":"physical-as-peak-names-030422-26099","properties":{"id":"physical-as-peak-names-030422-26099","slug":"el-sirru-de-la-gurrafa","name":"El Sirru De La Gurrafa","localName":"El Sirru De La Gurrafa","aliases":[],"kind":"peak","sourceId":"sitpa-physical","territoryIds":["es-as"],"elevationM":1205,"bbox":[-5.73966,43.08585,-5.73966,43.08585],"center":[-5.73966,43.08585]},"geometry":{"type":"Point","coordinates":[-5.73966,43.08585]}},{"type":"Feature","id":"physical-as-peak-names-030422-26100","properties":{"id":"physical-as-peak-names-030422-26100","slug":"picoces","name":"Picoces","localName":"Picoces","aliases":[],"kind":"peak","sourceId":"sitpa-physical","territoryIds":["es-as"],"elevationM":1400,"bbox":[-5.73498,43.09541,-5.73498,43.09541],"center":[-5.73498,43.09541]},"geometry":{"type":"Point","coordinates":[-5.73498,43.09541]}},{"type":"Feature","id":"physical-as-peak-names-030422-26101","properties":{"id":"physical-as-peak-names-030422-26101","slug":"penon-de-linares","name":"Peñon De Linares","localName":"Peñon De Linares","aliases":[],"kind":"peak","sourceId":"sitpa-physical","territoryIds":["es-as"],"elevationM":1120,"bbox":[-5.75579,43.0915,-5.75579,43.0915],"center":[-5.75579,43.0915]},"geometry":{"type":"Point","coordinates":[-5.75579,43.0915]}},{"type":"Feature","id":"physical-as-peak-names-030422-26194","properties":{"id":"physical-as-peak-names-030422-26194","slug":"pico-la-carva","name":"Pico La Carva","localName":"Pico La Carva","aliases":[],"kind":"peak","sourceId":"sitpa-physical","territoryIds":["es-as"],"elevationM":1104.5,"bbox":[-5.75154,43.05991,-5.75154,43.05991],"center":[-5.75154,43.05991]},"geometry":{"type":"Point","coordinates":[-5.75154,43.05991]}},{"type":"Feature","id":"physical-as-peak-names-030422-26195","properties":{"id":"physical-as-peak-names-030422-26195","slug":"pico-de-terones","name":"Pico De Terones","localName":"Pico De Terones","aliases":[],"kind":"peak","sourceId":"sitpa-physical","territoryIds":["es-as"],"elevationM":1028.5,"bbox":[-5.7591,43.05929,-5.7591,43.05929],"center":[-5.7591,43.05929]},"geometry":{"type":"Point","coordinates":[-5.7591,43.05929]}},{"type":"Feature","id":"physical-as-peak-names-030422-26231","properties":{"id":"physical-as-peak-names-030422-26231","slug":"pico-el-catiechu","name":"Pico El Catiechu","localName":"Pico El Catiechu","aliases":[],"kind":"peak","sourceId":"sitpa-physical","territoryIds":["es-as"],"elevationM":1750,"bbox":[-5.75826,43.02711,-5.75826,43.02711],"center":[-5.75826,43.02711]},"geometry":{"type":"Point","coordinates":[-5.75826,43.02711]}},{"type":"Feature","id":"physical-as-peak-names-030422-26232","properties":{"id":"physical-as-peak-names-030422-26232","slug":"pico-el-minu","name":"Pico El Miñu","localName":"Pico El Miñu","aliases":[],"kind":"peak","sourceId":"sitpa-physical","territoryIds":["es-as"],"elevationM":1695.9,"bbox":[-5.7473,43.02851,-5.7473,43.02851],"center":[-5.7473,43.02851]},"geometry":{"type":"Point","coordinates":[-5.7473,43.02851]}},{"type":"Feature","id":"physical-as-peak-names-030422-26233","properties":{"id":"physical-as-peak-names-030422-26233","slug":"pico-la-solana","name":"Pico La Solana","localName":"Pico La Solana","aliases":[],"kind":"peak","sourceId":"sitpa-physical","territoryIds":["es-as"],"elevationM":1880,"bbox":[-5.73535,43.02981,-5.73535,43.02981],"center":[-5.73535,43.02981]},"geometry":{"type":"Point","coordinates":[-5.73535,43.02981]}},{"type":"Feature","id":"physical-as-peak-names-030422-26234","properties":{"id":"physical-as-peak-names-030422-26234","slug":"cechon","name":"Cechón","localName":"Cechón","aliases":[],"kind":"peak","sourceId":"sitpa-physical","territoryIds":["es-as"],"elevationM":2021,"bbox":[-5.73723,43.02198,-5.73723,43.02198],"center":[-5.73723,43.02198]},"geometry":{"type":"Point","coordinates":[-5.73723,43.02198]}},{"type":"Feature","id":"physical-as-peak-names-030422-26264","properties":{"id":"physical-as-peak-names-030422-26264","slug":"pico-el-poertezuelo","name":"Pico El Poertezuelo","localName":"Pico El Poertezuelo","aliases":[],"kind":"peak","sourceId":"sitpa-physical","territoryIds":["es-as"],"elevationM":1845,"bbox":[-5.74884,43.01603,-5.74884,43.01603],"center":[-5.74884,43.01603]},"geometry":{"type":"Point","coordinates":[-5.74884,43.01603]}},{"type":"Feature","id":"physical-as-peak-names-030422-26265","properties":{"id":"physical-as-peak-names-030422-26265","slug":"pico-pedrera","name":"Pico Pedrera","localName":"Pico Pedrera","aliases":[],"kind":"peak","sourceId":"sitpa-physical","territoryIds":["es-as"],"elevationM":1849.3,"bbox":[-5.75098,43.01301,-5.75098,43.01301],"center":[-5.75098,43.01301]},"geometry":{"type":"Point","coordinates":[-5.75098,43.01301]}},{"type":"Feature","id":"physical-as-peak-names-030422-26320","properties":{"id":"physical-as-peak-names-030422-26320","slug":"cueto-resechal","name":"Cueto Resechal","localName":"Cueto Resechal","aliases":[],"kind":"peak","sourceId":"sitpa-physical","territoryIds":["es-as"],"elevationM":1277.5,"bbox":[-5.72126,43.1257,-5.72126,43.1257],"center":[-5.72126,43.1257]},"geometry":{"type":"Point","coordinates":[-5.72126,43.1257]}},{"type":"Feature","id":"physical-as-peak-names-030422-26383","properties":{"id":"physical-as-peak-names-030422-26383","slug":"pico-los-prindales","name":"Pico Los Prindales","localName":"Pico Los Prindales","aliases":[],"kind":"peak","sourceId":"sitpa-physical","territoryIds":["es-as"],"elevationM":1380,"bbox":[-5.72927,43.11554,-5.72927,43.11554],"center":[-5.72927,43.11554]},"geometry":{"type":"Point","coordinates":[-5.72927,43.11554]}},{"type":"Feature","id":"physical-as-peak-names-030422-26438","properties":{"id":"physical-as-peak-names-030422-26438","slug":"pico-cerron-u-omon-de-faro","name":"Pico Cerrón U Omón De Faro","localName":"Pico Cerrón U Omón De Faro","aliases":[],"kind":"peak","sourceId":"sitpa-physical","territoryIds":["es-as"],"elevationM":1625.2,"bbox":[-5.71684,43.09774,-5.71684,43.09774],"center":[-5.71684,43.09774]},"geometry":{"type":"Point","coordinates":[-5.71684,43.09774]}},{"type":"Feature","id":"physical-as-peak-names-030422-26439","properties":{"id":"physical-as-peak-names-030422-26439","slug":"pico-boya","name":"Pico Boya","localName":"Pico Boya","aliases":[],"kind":"peak","sourceId":"sitpa-physical","territoryIds":["es-as"],"elevationM":1724.8,"bbox":[-5.70235,43.09156,-5.70235,43.09156],"center":[-5.70235,43.09156]},"geometry":{"type":"Point","coordinates":[-5.70235,43.09156]}},{"type":"Feature","id":"physical-as-peak-names-030422-26461","properties":{"id":"physical-as-peak-names-030422-26461","slug":"pico-navidiecho","name":"Pico Navidiecho","localName":"Pico Navidiecho","aliases":[],"kind":"peak","sourceId":"sitpa-physical","territoryIds":["es-as"],"elevationM":1665.4,"bbox":[-5.6981,43.07799,-5.6981,43.07799],"center":[-5.6981,43.07799]},"geometry":{"type":"Point","coordinates":[-5.6981,43.07799]}},{"type":"Feature","id":"physical-as-peak-names-030422-26462","properties":{"id":"physical-as-peak-names-030422-26462","slug":"pico-de-fuentes","name":"Pico De Fuentes","localName":"Pico De Fuentes","aliases":[],"kind":"peak","sourceId":"sitpa-physical","territoryIds":["es-as"],"elevationM":1753.5,"bbox":[-5.69344,43.07213,-5.69344,43.07213],"center":[-5.69344,43.07213]},"geometry":{"type":"Point","coordinates":[-5.69344,43.07213]}},{"type":"Feature","id":"physical-as-peak-names-030422-26501","properties":{"id":"physical-as-peak-names-030422-26501","slug":"m-o-n-t-e-d-e-l-a-p-i-s-o-n-a","name":"M O N T E D E L A P I S O N A","localName":"M O N T E D E L A P I S O N A","aliases":[],"kind":"peak","sourceId":"sitpa-physical","territoryIds":["es-as"],"elevationM":1633.4,"bbox":[-5.72615,43.0453,-5.72615,43.0453],"center":[-5.72615,43.0453]},"geometry":{"type":"Point","coordinates":[-5.72615,43.0453]}},{"type":"Feature","id":"physical-as-peak-names-030422-26502","properties":{"id":"physical-as-peak-names-030422-26502","slug":"pico-llana-cavada","name":"Pico Llana Cavada","localName":"Pico Llana Cavada","aliases":[],"kind":"peak","sourceId":"sitpa-physical","territoryIds":["es-as"],"elevationM":1777.7,"bbox":[-5.72781,43.04229,-5.72781,43.04229],"center":[-5.72781,43.04229]},"geometry":{"type":"Point","coordinates":[-5.72781,43.04229]}},{"type":"Feature","id":"physical-as-peak-names-030422-26503","properties":{"id":"physical-as-peak-names-030422-26503","slug":"m-o-n-t-e-l-a-c-e-r-e-z-a-l","name":"M O N T E L A C E R E Z A L","localName":"M O N T E L A C E R E Z A L","aliases":[],"kind":"peak","sourceId":"sitpa-physical","territoryIds":["es-as"],"elevationM":1165.4,"bbox":[-5.721,43.05823,-5.721,43.05823],"center":[-5.721,43.05823]},"geometry":{"type":"Point","coordinates":[-5.721,43.05823]}},{"type":"Feature","id":"physical-as-peak-names-030422-26504","properties":{"id":"physical-as-peak-names-030422-26504","slug":"m-o-n-t-e-d-e-m-u-d-r-i-e-l-o-s","name":"M O N T E D E M U D R I E L O S","localName":"M O N T E D E M U D R I E L O S","aliases":[],"kind":"peak","sourceId":"sitpa-physical","territoryIds":["es-as"],"elevationM":1405.8,"bbox":[-5.71257,43.05328,-5.71257,43.05328],"center":[-5.71257,43.05328]},"geometry":{"type":"Point","coordinates":[-5.71257,43.05328]}},{"type":"Feature","id":"physical-as-peak-names-030422-26505","properties":{"id":"physical-as-peak-names-030422-26505","slug":"xirru-miriu","name":"Xirru Miriu","localName":"Xirru Miriu","aliases":[],"kind":"peak","sourceId":"sitpa-physical","territoryIds":["es-as"],"elevationM":1766,"bbox":[-5.71654,43.04631,-5.71654,43.04631],"center":[-5.71654,43.04631]},"geometry":{"type":"Point","coordinates":[-5.71654,43.04631]}},{"type":"Feature","id":"physical-as-peak-names-030422-26506","properties":{"id":"physical-as-peak-names-030422-26506","slug":"pico-chaguezo","name":"Pico Chagüezo","localName":"Pico Chagüezo","aliases":[],"kind":"peak","sourceId":"sitpa-physical","territoryIds":["es-as"],"elevationM":1667.6,"bbox":[-5.71004,43.04882,-5.71004,43.04882],"center":[-5.71004,43.04882]},"geometry":{"type":"Point","coordinates":[-5.71004,43.04882]}},{"type":"Feature","id":"physical-as-peak-names-030422-26507","properties":{"id":"physical-as-peak-names-030422-26507","slug":"m-o-n-t-e-d-e-c-u-a-n-a","name":"M O N T E D E C U A Ñ A","localName":"M O N T E D E C U A Ñ A","aliases":[],"kind":"peak","sourceId":"sitpa-physical","territoryIds":["es-as"],"elevationM":1320,"bbox":[-5.70878,43.06159,-5.70878,43.06159],"center":[-5.70878,43.06159]},"geometry":{"type":"Point","coordinates":[-5.70878,43.06159]}},{"type":"Feature","id":"physical-as-peak-names-030422-26508","properties":{"id":"physical-as-peak-names-030422-26508","slug":"m-o-n-t-e-c-h-a-d-r-o-n-e-s","name":"M O N T E C H A D R O N E S","localName":"M O N T E C H A D R O N E S","aliases":[],"kind":"peak","sourceId":"sitpa-physical","territoryIds":["es-as"],"elevationM":1527.8,"bbox":[-5.70622,43.05931,-5.70622,43.05931],"center":[-5.70622,43.05931]},"geometry":{"type":"Point","coordinates":[-5.70622,43.05931]}},{"type":"Feature","id":"physical-as-peak-names-030422-26509","properties":{"id":"physical-as-peak-names-030422-26509","slug":"pico-tres-conceyos","name":"Pico Tres Conceyos","localName":"Pico Tres Conceyos","aliases":[],"kind":"peak","sourceId":"sitpa-physical","territoryIds":["es-as"],"elevationM":2005,"bbox":[-5.68932,43.05701,-5.68932,43.05701],"center":[-5.68932,43.05701]},"geometry":{"type":"Point","coordinates":[-5.68932,43.05701]}},{"type":"Feature","id":"physical-as-peak-names-030422-26565","properties":{"id":"physical-as-peak-names-030422-26565","slug":"pico-curriechos","name":"Pico Curriechos","localName":"Pico Curriechos","aliases":[],"kind":"peak","sourceId":"sitpa-physical","territoryIds":["es-as"],"elevationM":1065,"bbox":[-5.6743,43.14196,-5.6743,43.14196],"center":[-5.6743,43.14196]},"geometry":{"type":"Point","coordinates":[-5.6743,43.14196]}},{"type":"Feature","id":"physical-as-peak-names-030422-26666","properties":{"id":"physical-as-peak-names-030422-26666","slug":"pico-arroyo","name":"Pico Arroyo","localName":"Pico Arroyo","aliases":[],"kind":"peak","sourceId":"sitpa-physical","territoryIds":["es-as"],"elevationM":1102.3,"bbox":[-5.65589,43.09186,-5.65589,43.09186],"center":[-5.65589,43.09186]},"geometry":{"type":"Point","coordinates":[-5.65589,43.09186]}},{"type":"Feature","id":"physical-as-peak-names-030422-26720","properties":{"id":"physical-as-peak-names-030422-26720","slug":"canto-la-quemaona","name":"Canto La Quemaona","localName":"Canto La Quemaona","aliases":[],"kind":"peak","sourceId":"sitpa-physical","territoryIds":["es-as"],"elevationM":1830,"bbox":[-5.64817,43.06872,-5.64817,43.06872],"center":[-5.64817,43.06872]},"geometry":{"type":"Point","coordinates":[-5.64817,43.06872]}},{"type":"Feature","id":"physical-as-peak-names-030422-26746","properties":{"id":"physical-as-peak-names-030422-26746","slug":"pico-de-pisones-o-camparon","name":"Pico De Pisones Ó Camparón","localName":"Pico De Pisones Ó Camparón","aliases":[],"kind":"peak","sourceId":"sitpa-physical","territoryIds":["es-as"],"elevationM":2012.2,"bbox":[-5.67414,43.05203,-5.67414,43.05203],"center":[-5.67414,43.05203]},"geometry":{"type":"Point","coordinates":[-5.67414,43.05203]}},{"type":"Feature","id":"physical-as-peak-names-030422-26747","properties":{"id":"physical-as-peak-names-030422-26747","slug":"pico-l-esturbin","name":"Pico L'esturbín","localName":"Pico L'esturbín","aliases":[],"kind":"peak","sourceId":"sitpa-physical","territoryIds":["es-as"],"elevationM":2102.5,"bbox":[-5.65022,43.04451,-5.65022,43.04451],"center":[-5.65022,43.04451]},"geometry":{"type":"Point","coordinates":[-5.65022,43.04451]}},{"type":"Feature","id":"physical-as-peak-names-030422-26748","properties":{"id":"physical-as-peak-names-030422-26748","slug":"m-o-n-t-e-s-d-e-m-u-r-i-a-s","name":"M O N T E S D E M U R I A S","localName":"M O N T E S D E M U R I A S","aliases":[],"kind":"peak","sourceId":"sitpa-physical","territoryIds":["es-as"],"elevationM":1511.9,"bbox":[-5.67333,43.06153,-5.67333,43.06153],"center":[-5.67333,43.06153]},"geometry":{"type":"Point","coordinates":[-5.67333,43.06153]}},{"type":"Feature","id":"physical-as-peak-names-030422-26749","properties":{"id":"physical-as-peak-names-030422-26749","slug":"reboqueras","name":"Reboqueras","localName":"Reboqueras","aliases":[],"kind":"peak","sourceId":"sitpa-physical","territoryIds":["es-as"],"elevationM":2078.1,"bbox":[-5.66136,43.04691,-5.66136,43.04691],"center":[-5.66136,43.04691]},"geometry":{"type":"Point","coordinates":[-5.66136,43.04691]}},{"type":"Feature","id":"physical-as-peak-names-030422-26750","properties":{"id":"physical-as-peak-names-030422-26750","slug":"cueto-los-barriales","name":"Cueto Los Barriales","localName":"Cueto Los Barriales","aliases":[],"kind":"peak","sourceId":"sitpa-physical","territoryIds":["es-as"],"elevationM":2091.8,"bbox":[-5.66077,43.04498,-5.66077,43.04498],"center":[-5.66077,43.04498]},"geometry":{"type":"Point","coordinates":[-5.66077,43.04498]}},{"type":"Feature","id":"physical-as-peak-names-030422-26809","properties":{"id":"physical-as-peak-names-030422-26809","slug":"cuitu-piquinu","name":"Cuitu Piquinu","localName":"Cuitu Piquinu","aliases":[],"kind":"peak","sourceId":"sitpa-physical","territoryIds":["es-as"],"elevationM":1194.4,"bbox":[-5.63523,43.13414,-5.63523,43.13414],"center":[-5.63523,43.13414]},"geometry":{"type":"Point","coordinates":[-5.63523,43.13414]}},{"type":"Feature","id":"physical-as-peak-names-030422-26836","properties":{"id":"physical-as-peak-names-030422-26836","slug":"queto-la-xugosa","name":"Queto La Xugosa","localName":"Queto La Xugosa","aliases":[],"kind":"peak","sourceId":"sitpa-physical","territoryIds":["es-as"],"elevationM":1219.7,"bbox":[-5.63945,43.1051,-5.63945,43.1051],"center":[-5.63945,43.1051]},"geometry":{"type":"Point","coordinates":[-5.63945,43.1051]}},{"type":"Feature","id":"physical-as-peak-names-030422-26871","properties":{"id":"physical-as-peak-names-030422-26871","slug":"pico-los-pozos","name":"Pico Los Pozos","localName":"Pico Los Pozos","aliases":[],"kind":"peak","sourceId":"sitpa-physical","territoryIds":["es-as"],"elevationM":1548.6,"bbox":[-5.61603,43.0916,-5.61603,43.0916],"center":[-5.61603,43.0916]},"geometry":{"type":"Point","coordinates":[-5.61603,43.0916]}},{"type":"Feature","id":"physical-as-peak-names-030422-26872","properties":{"id":"physical-as-peak-names-030422-26872","slug":"pico-xurviu","name":"Pico Xurviu","localName":"Pico Xurviu","aliases":[],"kind":"peak","sourceId":"sitpa-physical","territoryIds":["es-as"],"elevationM":1523.3,"bbox":[-5.61973,43.08567,-5.61973,43.08567],"center":[-5.61973,43.08567]},"geometry":{"type":"Point","coordinates":[-5.61973,43.08567]}},{"type":"Feature","id":"physical-as-peak-names-030422-26873","properties":{"id":"physical-as-peak-names-030422-26873","slug":"pico-alto-la-teyera","name":"Pico Alto La Teyera","localName":"Pico Alto La Teyera","aliases":[],"kind":"peak","sourceId":"sitpa-physical","territoryIds":["es-as"],"elevationM":1523,"bbox":[-5.62023,43.10231,-5.62023,43.10231],"center":[-5.62023,43.10231]},"geometry":{"type":"Point","coordinates":[-5.62023,43.10231]}},{"type":"Feature","id":"physical-as-peak-names-030422-26891","properties":{"id":"physical-as-peak-names-030422-26891","slug":"pico-la-boya","name":"Pico La Boyá","localName":"Pico La Boyá","aliases":[],"kind":"peak","sourceId":"sitpa-physical","territoryIds":["es-as"],"elevationM":1639.2,"bbox":[-5.61486,43.06468,-5.61486,43.06468],"center":[-5.61486,43.06468]},"geometry":{"type":"Point","coordinates":[-5.61486,43.06468]}},{"type":"Feature","id":"physical-as-peak-names-030422-26892","properties":{"id":"physical-as-peak-names-030422-26892","slug":"cueto-la-boya","name":"Cueto La Boyá","localName":"Cueto La Boyá","aliases":[],"kind":"peak","sourceId":"sitpa-physical","territoryIds":["es-as"],"elevationM":1744,"bbox":[-5.6223,43.06442,-5.6223,43.06442],"center":[-5.6223,43.06442]},"geometry":{"type":"Point","coordinates":[-5.6223,43.06442]}},{"type":"Feature","id":"physical-as-peak-names-030422-26909","properties":{"id":"physical-as-peak-names-030422-26909","slug":"pico-la-boya-de-casomera","name":"Pico La Boya De Casomera","localName":"Pico La Boya De Casomera","aliases":[],"kind":"peak","sourceId":"sitpa-physical","territoryIds":["es-as"],"elevationM":1764.9,"bbox":[-5.63194,43.05916,-5.63194,43.05916],"center":[-5.63194,43.05916]},"geometry":{"type":"Point","coordinates":[-5.63194,43.05916]}},{"type":"Feature","id":"physical-as-peak-names-030422-26910","properties":{"id":"physical-as-peak-names-030422-26910","slug":"pico-coton","name":"Pico Cotón","localName":"Pico Cotón","aliases":[],"kind":"peak","sourceId":"sitpa-physical","territoryIds":["es-as"],"elevationM":1949.8,"bbox":[-5.64291,43.05978,-5.64291,43.05978],"center":[-5.64291,43.05978]},"geometry":{"type":"Point","coordinates":[-5.64291,43.05978]}},{"type":"Feature","id":"physical-as-peak-names-030422-26911","properties":{"id":"physical-as-peak-names-030422-26911","slug":"pico-pena-cuana","name":"Pico Peña Cuaña","localName":"Pico Peña Cuaña","aliases":[],"kind":"peak","sourceId":"sitpa-physical","territoryIds":["es-as"],"elevationM":2020.2,"bbox":[-5.64319,43.05614,-5.64319,43.05614],"center":[-5.64319,43.05614]},"geometry":{"type":"Point","coordinates":[-5.64319,43.05614]}},{"type":"Feature","id":"physical-as-peak-names-030422-26934","properties":{"id":"physical-as-peak-names-030422-26934","slug":"el-boleru","name":"El Boleru","localName":"El Boleru","aliases":[],"kind":"peak","sourceId":"sitpa-physical","territoryIds":["es-as"],"elevationM":2035,"bbox":[-5.64389,43.03751,-5.64389,43.03751],"center":[-5.64389,43.03751]},"geometry":{"type":"Point","coordinates":[-5.64389,43.03751]}},{"type":"Feature","id":"physical-as-peak-names-030422-26935","properties":{"id":"physical-as-peak-names-030422-26935","slug":"cueto-vea","name":"Cueto Vea","localName":"Cueto Vea","aliases":[],"kind":"peak","sourceId":"sitpa-physical","territoryIds":["es-as"],"elevationM":1764.5,"bbox":[-5.62193,43.03386,-5.62193,43.03386],"center":[-5.62193,43.03386]},"geometry":{"type":"Point","coordinates":[-5.62193,43.03386]}},{"type":"Feature","id":"physical-as-peak-names-030422-26936","properties":{"id":"physical-as-peak-names-030422-26936","slug":"cueto-pandu","name":"Cueto Pandu","localName":"Cueto Pandu","aliases":[],"kind":"peak","sourceId":"sitpa-physical","territoryIds":["es-as"],"elevationM":1734.9,"bbox":[-5.61235,43.0347,-5.61235,43.0347],"center":[-5.61235,43.0347]},"geometry":{"type":"Point","coordinates":[-5.61235,43.0347]}},{"type":"Feature","id":"physical-as-peak-names-030422-27004","properties":{"id":"physical-as-peak-names-030422-27004","slug":"pico-entrigua","name":"Pico Entrigua","localName":"Pico Entrigua","aliases":[],"kind":"peak","sourceId":"sitpa-physical","territoryIds":["es-as"],"elevationM":1011.4,"bbox":[-5.58525,43.131,-5.58525,43.131],"center":[-5.58525,43.131]},"geometry":{"type":"Point","coordinates":[-5.58525,43.131]}},{"type":"Feature","id":"physical-as-peak-names-030422-27091","properties":{"id":"physical-as-peak-names-030422-27091","slug":"pico-chamargon","name":"Pico Chamargón","localName":"Pico Chamargón","aliases":[],"kind":"peak","sourceId":"sitpa-physical","territoryIds":["es-as"],"elevationM":1155,"bbox":[-5.5967,43.12196,-5.5967,43.12196],"center":[-5.5967,43.12196]},"geometry":{"type":"Point","coordinates":[-5.5967,43.12196]}},{"type":"Feature","id":"physical-as-peak-names-030422-27092","properties":{"id":"physical-as-peak-names-030422-27092","slug":"pico-cueto","name":"Pico Cueto","localName":"Pico Cueto","aliases":[],"kind":"peak","sourceId":"sitpa-physical","territoryIds":["es-as"],"elevationM":1215,"bbox":[-5.59932,43.11952,-5.59932,43.11952],"center":[-5.59932,43.11952]},"geometry":{"type":"Point","coordinates":[-5.59932,43.11952]}},{"type":"Feature","id":"physical-as-peak-names-030422-27135","properties":{"id":"physical-as-peak-names-030422-27135","slug":"pico-prociles","name":"Pico Prociles","localName":"Pico Prociles","aliases":[],"kind":"peak","sourceId":"sitpa-physical","territoryIds":["es-as"],"elevationM":1105,"bbox":[-5.59753,43.10065,-5.59753,43.10065],"center":[-5.59753,43.10065]},"geometry":{"type":"Point","coordinates":[-5.59753,43.10065]}},{"type":"Feature","id":"physical-as-peak-names-030422-27181","properties":{"id":"physical-as-peak-names-030422-27181","slug":"pico-de-pubillon","name":"Pico De Pubillón","localName":"Pico De Pubillón","aliases":[],"kind":"peak","sourceId":"sitpa-physical","territoryIds":["es-as"],"elevationM":1279.2,"bbox":[-5.59661,43.06652,-5.59661,43.06652],"center":[-5.59661,43.06652]},"geometry":{"type":"Point","coordinates":[-5.59661,43.06652]}},{"type":"Feature","id":"physical-as-peak-names-030422-27281","properties":{"id":"physical-as-peak-names-030422-27281","slug":"cueto-pando","name":"Cueto Pando","localName":"Cueto Pando","aliases":[],"kind":"peak","sourceId":"sitpa-physical","territoryIds":["es-as"],"elevationM":1865,"bbox":[-5.59658,43.03299,-5.59658,43.03299],"center":[-5.59658,43.03299]},"geometry":{"type":"Point","coordinates":[-5.59658,43.03299]}},{"type":"Feature","id":"physical-as-peak-names-030422-27282","properties":{"id":"physical-as-peak-names-030422-27282","slug":"cuetu-muxicu","name":"Cuetu Muxicu","localName":"Cuetu Muxicu","aliases":[],"kind":"peak","sourceId":"sitpa-physical","territoryIds":["es-as"],"elevationM":1917.8,"bbox":[-5.58396,43.03362,-5.58396,43.03362],"center":[-5.58396,43.03362]},"geometry":{"type":"Point","coordinates":[-5.58396,43.03362]}},{"type":"Feature","id":"physical-as-peak-names-030422-27283","properties":{"id":"physical-as-peak-names-030422-27283","slug":"pena-la-chaguna","name":"Peña La Chaguna","localName":"Peña La Chaguna","aliases":[],"kind":"peak","sourceId":"sitpa-physical","territoryIds":["es-as"],"elevationM":1929.9,"bbox":[-5.58086,43.03251,-5.58086,43.03251],"center":[-5.58086,43.03251]},"geometry":{"type":"Point","coordinates":[-5.58086,43.03251]}},{"type":"Feature","id":"physical-as-peak-names-030422-27284","properties":{"id":"physical-as-peak-names-030422-27284","slug":"pico-las-llanosas","name":"Pico Las Llanosas","localName":"Pico Las Llanosas","aliases":[],"kind":"peak","sourceId":"sitpa-physical","territoryIds":["es-as"],"elevationM":1895.4,"bbox":[-5.56895,43.02186,-5.56895,43.02186],"center":[-5.56895,43.02186]},"geometry":{"type":"Point","coordinates":[-5.56895,43.02186]}},{"type":"Feature","id":"physical-as-peak-names-030422-27285","properties":{"id":"physical-as-peak-names-030422-27285","slug":"pico-raibona","name":"Pico Raibona","localName":"Pico Raibona","aliases":[],"kind":"peak","sourceId":"sitpa-physical","territoryIds":["es-as"],"elevationM":1840,"bbox":[-5.57363,43.03722,-5.57363,43.03722],"center":[-5.57363,43.03722]},"geometry":{"type":"Point","coordinates":[-5.57363,43.03722]}},{"type":"Feature","id":"physical-as-peak-names-030422-27301","properties":{"id":"physical-as-peak-names-030422-27301","slug":"pico-penota","name":"Pico Penota","localName":"Pico Penota","aliases":[],"kind":"peak","sourceId":"sitpa-physical","territoryIds":["es-as"],"elevationM":1067.2,"bbox":[-5.54583,43.14919,-5.54583,43.14919],"center":[-5.54583,43.14919]},"geometry":{"type":"Point","coordinates":[-5.54583,43.14919]}},{"type":"Feature","id":"physical-as-peak-names-030422-27331","properties":{"id":"physical-as-peak-names-030422-27331","slug":"pico-el-caidero","name":"Pico El Caidero","localName":"Pico El Caidero","aliases":[],"kind":"peak","sourceId":"sitpa-physical","territoryIds":["es-as"],"elevationM":1224.9,"bbox":[-5.52312,43.14431,-5.52312,43.14431],"center":[-5.52312,43.14431]},"geometry":{"type":"Point","coordinates":[-5.52312,43.14431]}},{"type":"Feature","id":"physical-as-peak-names-030422-27385","properties":{"id":"physical-as-peak-names-030422-27385","slug":"pico-las-porqueras","name":"Pico Las Porqueras","localName":"Pico Las Porqueras","aliases":[],"kind":"peak","sourceId":"sitpa-physical","territoryIds":["es-as"],"elevationM":1041.6,"bbox":[-5.55508,43.11128,-5.55508,43.11128],"center":[-5.55508,43.11128]},"geometry":{"type":"Point","coordinates":[-5.55508,43.11128]}},{"type":"Feature","id":"physical-as-peak-names-030422-27422","properties":{"id":"physical-as-peak-names-030422-27422","slug":"pico-la-estrecha","name":"Pico La Estrecha","localName":"Pico La Estrecha","aliases":[],"kind":"peak","sourceId":"sitpa-physical","territoryIds":["es-as"],"elevationM":1190,"bbox":[-5.55462,43.09988,-5.55462,43.09988],"center":[-5.55462,43.09988]},"geometry":{"type":"Point","coordinates":[-5.55462,43.09988]}},{"type":"Feature","id":"physical-as-peak-names-030422-27423","properties":{"id":"physical-as-peak-names-030422-27423","slug":"llamas","name":"Llamas","localName":"Llamas","aliases":[],"kind":"peak","sourceId":"sitpa-physical","territoryIds":["es-as"],"elevationM":1417.9,"bbox":[-5.55106,43.09476,-5.55106,43.09476],"center":[-5.55106,43.09476]},"geometry":{"type":"Point","coordinates":[-5.55106,43.09476]}},{"type":"Feature","id":"physical-as-peak-names-030422-27454","properties":{"id":"physical-as-peak-names-030422-27454","slug":"pico-la-fragua","name":"Pico La Fragua","localName":"Pico La Fragua","aliases":[],"kind":"peak","sourceId":"sitpa-physical","territoryIds":["es-as"],"elevationM":1430,"bbox":[-5.54817,43.08254,-5.54817,43.08254],"center":[-5.54817,43.08254]},"geometry":{"type":"Point","coordinates":[-5.54817,43.08254]}},{"type":"Feature","id":"physical-as-peak-names-030422-27455","properties":{"id":"physical-as-peak-names-030422-27455","slug":"la-caniecha","name":"La Caniecha","localName":"La Caniecha","aliases":[],"kind":"peak","sourceId":"sitpa-physical","territoryIds":["es-as"],"elevationM":1393.7,"bbox":[-5.54431,43.07793,-5.54431,43.07793],"center":[-5.54431,43.07793]},"geometry":{"type":"Point","coordinates":[-5.54431,43.07793]}},{"type":"Feature","id":"physical-as-peak-names-030422-27456","properties":{"id":"physical-as-peak-names-030422-27456","slug":"pena-redonda","name":"Peña Redonda","localName":"Peña Redonda","aliases":[],"kind":"peak","sourceId":"sitpa-physical","territoryIds":["es-as"],"elevationM":1824.5,"bbox":[-5.52847,43.06729,-5.52847,43.06729],"center":[-5.52847,43.06729]},"geometry":{"type":"Point","coordinates":[-5.52847,43.06729]}},{"type":"Feature","id":"physical-as-peak-names-030422-27497","properties":{"id":"physical-as-peak-names-030422-27497","slug":"pico-caorna","name":"Pico Caorna","localName":"Pico Caorna","aliases":[],"kind":"peak","sourceId":"sitpa-physical","territoryIds":["es-as"],"elevationM":1490,"bbox":[-5.53767,43.04355,-5.53767,43.04355],"center":[-5.53767,43.04355]},"geometry":{"type":"Point","coordinates":[-5.53767,43.04355]}},{"type":"Feature","id":"physical-as-peak-names-030422-27498","properties":{"id":"physical-as-peak-names-030422-27498","slug":"pico-cicueta","name":"Pico Cicueta","localName":"Pico Cicueta","aliases":[],"kind":"peak","sourceId":"sitpa-physical","territoryIds":["es-as"],"elevationM":1560,"bbox":[-5.52538,43.04306,-5.52538,43.04306],"center":[-5.52538,43.04306]},"geometry":{"type":"Point","coordinates":[-5.52538,43.04306]}},{"type":"Feature","id":"physical-as-peak-names-030422-27556","properties":{"id":"physical-as-peak-names-030422-27556","slug":"pico-cuayos","name":"Pico Cuayos","localName":"Pico Cuayos","aliases":[],"kind":"peak","sourceId":"sitpa-physical","territoryIds":["es-as"],"elevationM":1523.5,"bbox":[-5.55831,43.03211,-5.55831,43.03211],"center":[-5.55831,43.03211]},"geometry":{"type":"Point","coordinates":[-5.55831,43.03211]}},{"type":"Feature","id":"physical-as-peak-names-030422-27557","properties":{"id":"physical-as-peak-names-030422-27557","slug":"pico-la-campana","name":"Pico La Campana","localName":"Pico La Campana","aliases":[],"kind":"peak","sourceId":"sitpa-physical","territoryIds":["es-as"],"elevationM":1535.2,"bbox":[-5.56151,43.03147,-5.56151,43.03147],"center":[-5.56151,43.03147]},"geometry":{"type":"Point","coordinates":[-5.56151,43.03147]}},{"type":"Feature","id":"physical-as-peak-names-030422-27558","properties":{"id":"physical-as-peak-names-030422-27558","slug":"pico-el-castiechu","name":"Pico El Castiechu","localName":"Pico El Castiechu","aliases":[],"kind":"peak","sourceId":"sitpa-physical","territoryIds":["es-as"],"elevationM":1510.1,"bbox":[-5.54543,43.02907,-5.54543,43.02907],"center":[-5.54543,43.02907]},"geometry":{"type":"Point","coordinates":[-5.54543,43.02907]}},{"type":"Feature","id":"physical-as-peak-names-030422-27581","properties":{"id":"physical-as-peak-names-030422-27581","slug":"pena-del-reonon","name":"Peña Del Reonón","localName":"Peña Del Reonón","aliases":[],"kind":"peak","sourceId":"sitpa-physical","territoryIds":["es-as"],"elevationM":1247.8,"bbox":[-5.49709,43.1472,-5.49709,43.1472],"center":[-5.49709,43.1472]},"geometry":{"type":"Point","coordinates":[-5.49709,43.1472]}},{"type":"Feature","id":"physical-as-peak-names-030422-27582","properties":{"id":"physical-as-peak-names-030422-27582","slug":"pico-lagobeta","name":"Pico Lagobeta","localName":"Pico Lagobeta","aliases":[],"kind":"peak","sourceId":"sitpa-physical","territoryIds":["es-as"],"elevationM":1454.5,"bbox":[-5.50921,43.16527,-5.50921,43.16527],"center":[-5.50921,43.16527]},"geometry":{"type":"Point","coordinates":[-5.50921,43.16527]}},{"type":"Feature","id":"physical-as-peak-names-030422-27583","properties":{"id":"physical-as-peak-names-030422-27583","slug":"pico-la-colladina","name":"Pico La Colladina","localName":"Pico La Colladina","aliases":[],"kind":"peak","sourceId":"sitpa-physical","territoryIds":["es-as"],"elevationM":1462.1,"bbox":[-5.50842,43.16351,-5.50842,43.16351],"center":[-5.50842,43.16351]},"geometry":{"type":"Point","coordinates":[-5.50842,43.16351]}},{"type":"Feature","id":"physical-as-peak-names-030422-27584","properties":{"id":"physical-as-peak-names-030422-27584","slug":"pico-la-forca","name":"Pico La Forcá","localName":"Pico La Forcá","aliases":[],"kind":"peak","sourceId":"sitpa-physical","territoryIds":["es-as"],"elevationM":1485,"bbox":[-5.51901,43.16138,-5.51901,43.16138],"center":[-5.51901,43.16138]},"geometry":{"type":"Point","coordinates":[-5.51901,43.16138]}},{"type":"Feature","id":"physical-as-peak-names-030422-27585","properties":{"id":"physical-as-peak-names-030422-27585","slug":"pico-cuchu","name":"Pico Cuchu","localName":"Pico Cuchu","aliases":[],"kind":"peak","sourceId":"sitpa-physical","territoryIds":["es-as"],"elevationM":1637.9,"bbox":[-5.51316,43.14792,-5.51316,43.14792],"center":[-5.51316,43.14792]},"geometry":{"type":"Point","coordinates":[-5.51316,43.14792]}},{"type":"Feature","id":"physical-as-peak-names-030422-27586","properties":{"id":"physical-as-peak-names-030422-27586","slug":"pena-el-cabritu","name":"Peña El Cabritu","localName":"Peña El Cabritu","aliases":[],"kind":"peak","sourceId":"sitpa-physical","territoryIds":["es-as"],"elevationM":1103.5,"bbox":[-5.50169,43.15266,-5.50169,43.15266],"center":[-5.50169,43.15266]},"geometry":{"type":"Point","coordinates":[-5.50169,43.15266]}},{"type":"Feature","id":"physical-as-peak-names-030422-27612","properties":{"id":"physical-as-peak-names-030422-27612","slug":"pico-bermiyu","name":"Pico Bermiyu","localName":"Pico Bermiyu","aliases":[],"kind":"peak","sourceId":"sitpa-physical","territoryIds":["es-as"],"elevationM":1366.1,"bbox":[-5.51769,43.14222,-5.51769,43.14222],"center":[-5.51769,43.14222]},"geometry":{"type":"Point","coordinates":[-5.51769,43.14222]}},{"type":"Feature","id":"physical-as-peak-names-030422-27613","properties":{"id":"physical-as-peak-names-030422-27613","slug":"pico-toro","name":"Pico Toro","localName":"Pico Toro","aliases":[],"kind":"peak","sourceId":"sitpa-physical","territoryIds":["es-as"],"elevationM":1245.4,"bbox":[-5.51825,43.1332,-5.51825,43.1332],"center":[-5.51825,43.1332]},"geometry":{"type":"Point","coordinates":[-5.51825,43.1332]}},{"type":"Feature","id":"physical-as-peak-names-030422-27614","properties":{"id":"physical-as-peak-names-030422-27614","slug":"pico-les-aberrugues","name":"Pico Les Aberrugues","localName":"Pico Les Aberrugues","aliases":[],"kind":"peak","sourceId":"sitpa-physical","territoryIds":["es-as"],"elevationM":1555.3,"bbox":[-5.50142,43.13574,-5.50142,43.13574],"center":[-5.50142,43.13574]},"geometry":{"type":"Point","coordinates":[-5.50142,43.13574]}},{"type":"Feature","id":"physical-as-peak-names-030422-27615","properties":{"id":"physical-as-peak-names-030422-27615","slug":"pico-la-fora","name":"Pico La Forá","localName":"Pico La Forá","aliases":[],"kind":"peak","sourceId":"sitpa-physical","territoryIds":["es-as"],"elevationM":1635,"bbox":[-5.49388,43.13323,-5.49388,43.13323],"center":[-5.49388,43.13323]},"geometry":{"type":"Point","coordinates":[-5.49388,43.13323]}},{"type":"Feature","id":"physical-as-peak-names-030422-27616","properties":{"id":"physical-as-peak-names-030422-27616","slug":"la-furaca","name":"La Furacá","localName":"La Furacá","aliases":[],"kind":"peak","sourceId":"sitpa-physical","territoryIds":["es-as"],"elevationM":1458.7,"bbox":[-5.48715,43.13308,-5.48715,43.13308],"center":[-5.48715,43.13308]},"geometry":{"type":"Point","coordinates":[-5.48715,43.13308]}},{"type":"Feature","id":"physical-as-peak-names-030422-27647","properties":{"id":"physical-as-peak-names-030422-27647","slug":"pico-coalnegro","name":"Pico Coalnegro","localName":"Pico Coalnegro","aliases":[],"kind":"peak","sourceId":"sitpa-physical","territoryIds":["es-as"],"elevationM":1216.3,"bbox":[-5.51164,43.12033,-5.51164,43.12033],"center":[-5.51164,43.12033]},"geometry":{"type":"Point","coordinates":[-5.51164,43.12033]}},{"type":"Feature","id":"physical-as-peak-names-030422-27705","properties":{"id":"physical-as-peak-names-030422-27705","slug":"sierra-podre","name":"Sierra Podre","localName":"Sierra Podre","aliases":[],"kind":"peak","sourceId":"sitpa-physical","territoryIds":["es-as"],"elevationM":1285,"bbox":[-5.50514,43.08681,-5.50514,43.08681],"center":[-5.50514,43.08681]},"geometry":{"type":"Point","coordinates":[-5.50514,43.08681]}},{"type":"Feature","id":"physical-as-peak-names-030422-27706","properties":{"id":"physical-as-peak-names-030422-27706","slug":"la-cervaliza","name":"La Cervaliza","localName":"La Cervaliza","aliases":[],"kind":"peak","sourceId":"sitpa-physical","territoryIds":["es-as"],"elevationM":1210.7,"bbox":[-5.4897,43.0911,-5.4897,43.0911],"center":[-5.4897,43.0911]},"geometry":{"type":"Point","coordinates":[-5.4897,43.0911]}},{"type":"Feature","id":"physical-as-peak-names-030422-27750","properties":{"id":"physical-as-peak-names-030422-27750","slug":"pico-pandos","name":"Pico Pandos","localName":"Pico Pandos","aliases":[],"kind":"peak","sourceId":"sitpa-physical","territoryIds":["es-as"],"elevationM":1544,"bbox":[-5.50171,43.08293,-5.50171,43.08293],"center":[-5.50171,43.08293]},"geometry":{"type":"Point","coordinates":[-5.50171,43.08293]}},{"type":"Feature","id":"physical-as-peak-names-030422-27751","properties":{"id":"physical-as-peak-names-030422-27751","slug":"pena-melera","name":"Pena Melera","localName":"Pena Melera","aliases":[],"kind":"peak","sourceId":"sitpa-physical","territoryIds":["es-as"],"elevationM":1812.6,"bbox":[-5.5034,43.06429,-5.5034,43.06429],"center":[-5.5034,43.06429]},"geometry":{"type":"Point","coordinates":[-5.5034,43.06429]}},{"type":"Feature","id":"physical-as-peak-names-030422-27752","properties":{"id":"physical-as-peak-names-030422-27752","slug":"pico-de-las-rubias","name":"Pico De Las Rubias","localName":"Pico De Las Rubias","aliases":[],"kind":"peak","sourceId":"sitpa-physical","territoryIds":["es-as"],"elevationM":1959.9,"bbox":[-5.48081,43.06529,-5.48081,43.06529],"center":[-5.48081,43.06529]},"geometry":{"type":"Point","coordinates":[-5.48081,43.06529]}},{"type":"Feature","id":"physical-as-peak-names-030422-27773","properties":{"id":"physical-as-peak-names-030422-27773","slug":"pico-texon","name":"Pico Texón","localName":"Pico Texón","aliases":[],"kind":"peak","sourceId":"sitpa-physical","territoryIds":["es-as"],"elevationM":1602,"bbox":[-5.50802,43.0559,-5.50802,43.0559],"center":[-5.50802,43.0559]},"geometry":{"type":"Point","coordinates":[-5.50802,43.0559]}},{"type":"Feature","id":"physical-as-peak-names-030422-27774","properties":{"id":"physical-as-peak-names-030422-27774","slug":"el-sotaron","name":"El Sotarón","localName":"El Sotarón","aliases":[],"kind":"peak","sourceId":"sitpa-physical","territoryIds":["es-as"],"elevationM":1720,"bbox":[-5.49139,43.04613,-5.49139,43.04613],"center":[-5.49139,43.04613]},"geometry":{"type":"Point","coordinates":[-5.49139,43.04613]}},{"type":"Feature","id":"physical-as-peak-names-030422-27775","properties":{"id":"physical-as-peak-names-030422-27775","slug":"xexa","name":"Xexa","localName":"Xexa","aliases":[],"kind":"peak","sourceId":"sitpa-physical","territoryIds":["es-as"],"elevationM":2058.9,"bbox":[-5.48165,43.05359,-5.48165,43.05359],"center":[-5.48165,43.05359]},"geometry":{"type":"Point","coordinates":[-5.48165,43.05359]}},{"type":"Feature","id":"physical-as-peak-names-030422-27776","properties":{"id":"physical-as-peak-names-030422-27776","slug":"pena-caniecha-la-fragua","name":"Pena Caniecha (la Fragua)","localName":"Pena Caniecha (la Fragua)","aliases":[],"kind":"peak","sourceId":"sitpa-physical","territoryIds":["es-as"],"elevationM":1620.6,"bbox":[-5.51604,43.06146,-5.51604,43.06146],"center":[-5.51604,43.06146]},"geometry":{"type":"Point","coordinates":[-5.51604,43.06146]}},{"type":"Feature","id":"physical-as-peak-names-030422-27777","properties":{"id":"physical-as-peak-names-030422-27777","slug":"la-cabritera","name":"La Cabritera","localName":"La Cabritera","aliases":[],"kind":"peak","sourceId":"sitpa-physical","territoryIds":["es-as"],"elevationM":1901.2,"bbox":[-5.49465,43.05399,-5.49465,43.05399],"center":[-5.49465,43.05399]},"geometry":{"type":"Point","coordinates":[-5.49465,43.05399]}},{"type":"Feature","id":"physical-as-peak-names-030422-27803","properties":{"id":"physical-as-peak-names-030422-27803","slug":"pico-llastres","name":"Pico Llastres","localName":"Pico Llastres","aliases":[],"kind":"peak","sourceId":"sitpa-physical","territoryIds":["es-as"],"elevationM":2008.3,"bbox":[-5.50692,43.02865,-5.50692,43.02865],"center":[-5.50692,43.02865]},"geometry":{"type":"Point","coordinates":[-5.50692,43.02865]}},{"type":"Feature","id":"physical-as-peak-names-030422-27804","properties":{"id":"physical-as-peak-names-030422-27804","slug":"la-fitona","name":"La Fitona","localName":"La Fitona","aliases":[],"kind":"peak","sourceId":"sitpa-physical","territoryIds":["es-as"],"elevationM":2035.2,"bbox":[-5.51374,43.02784,-5.51374,43.02784],"center":[-5.51374,43.02784]},"geometry":{"type":"Point","coordinates":[-5.51374,43.02784]}},{"type":"Feature","id":"physical-as-peak-names-030422-27805","properties":{"id":"physical-as-peak-names-030422-27805","slug":"los-colleores","name":"Los Colleores","localName":"Los Colleores","aliases":[],"kind":"peak","sourceId":"sitpa-physical","territoryIds":["es-as"],"elevationM":1762.4,"bbox":[-5.49073,43.03052,-5.49073,43.03052],"center":[-5.49073,43.03052]},"geometry":{"type":"Point","coordinates":[-5.49073,43.03052]}},{"type":"Feature","id":"physical-as-peak-names-030422-27806","properties":{"id":"physical-as-peak-names-030422-27806","slug":"cueto-cabanielles","name":"Cueto Cabanielles","localName":"Cueto Cabanielles","aliases":[],"kind":"peak","sourceId":"sitpa-physical","territoryIds":["es-as"],"elevationM":1685.2,"bbox":[-5.48988,43.03369,-5.48988,43.03369],"center":[-5.48988,43.03369]},"geometry":{"type":"Point","coordinates":[-5.48988,43.03369]}},{"type":"Feature","id":"physical-as-peak-names-030422-27807","properties":{"id":"physical-as-peak-names-030422-27807","slug":"pico-murias-y-morteras","name":"Pico Murías Y Morteras","localName":"Pico Murías Y Morteras","aliases":[],"kind":"peak","sourceId":"sitpa-physical","territoryIds":["es-as"],"elevationM":2097,"bbox":[-5.49535,43.02111,-5.49535,43.02111],"center":[-5.49535,43.02111]},"geometry":{"type":"Point","coordinates":[-5.49535,43.02111]}},{"type":"Feature","id":"physical-as-peak-names-030422-27808","properties":{"id":"physical-as-peak-names-030422-27808","slug":"portillo-de-faro","name":"Portillo De Faro","localName":"Portillo De Faro","aliases":[],"kind":"peak","sourceId":"sitpa-physical","territoryIds":["es-as"],"elevationM":1755,"bbox":[-5.49576,43.0316,-5.49576,43.0316],"center":[-5.49576,43.0316]},"geometry":{"type":"Point","coordinates":[-5.49576,43.0316]}},{"type":"Feature","id":"physical-as-peak-names-030422-27834","properties":{"id":"physical-as-peak-names-030422-27834","slug":"pena-el-sabogal","name":"Peña El Sabogal","localName":"Peña El Sabogal","aliases":[],"kind":"peak","sourceId":"sitpa-physical","territoryIds":["es-as"],"elevationM":1220,"bbox":[-5.44487,43.14907,-5.44487,43.14907],"center":[-5.44487,43.14907]},"geometry":{"type":"Point","coordinates":[-5.44487,43.14907]}},{"type":"Feature","id":"physical-as-peak-names-030422-27835","properties":{"id":"physical-as-peak-names-030422-27835","slug":"pico-riegos","name":"Pico Riegos","localName":"Pico Riegos","aliases":[],"kind":"peak","sourceId":"sitpa-physical","territoryIds":["es-as"],"elevationM":1300,"bbox":[-5.43877,43.16645,-5.43877,43.16645],"center":[-5.43877,43.16645]},"geometry":{"type":"Point","coordinates":[-5.43877,43.16645]}},{"type":"Feature","id":"physical-as-peak-names-030422-27862","properties":{"id":"physical-as-peak-names-030422-27862","slug":"pico-moroma","name":"Pico Moroma","localName":"Pico Moroma","aliases":[],"kind":"peak","sourceId":"sitpa-physical","territoryIds":["es-as"],"elevationM":1645,"bbox":[-5.46085,43.14515,-5.46085,43.14515],"center":[-5.46085,43.14515]},"geometry":{"type":"Point","coordinates":[-5.46085,43.14515]}},{"type":"Feature","id":"physical-as-peak-names-030422-27863","properties":{"id":"physical-as-peak-names-030422-27863","slug":"el-retrinon","name":"El Retriñón","localName":"El Retriñón","aliases":[],"kind":"peak","sourceId":"sitpa-physical","territoryIds":["es-as"],"elevationM":1845,"bbox":[-5.46444,43.13435,-5.46444,43.13435],"center":[-5.46444,43.13435]},"geometry":{"type":"Point","coordinates":[-5.46444,43.13435]}},{"type":"Feature","id":"physical-as-peak-names-030422-27864","properties":{"id":"physical-as-peak-names-030422-27864","slug":"xenda-valle-la-pana","name":"Xenda Valle La Pana","localName":"Xenda Valle La Pana","aliases":[],"kind":"peak","sourceId":"sitpa-physical","territoryIds":["es-as"],"elevationM":1503,"bbox":[-5.4427,43.13925,-5.4427,43.13925],"center":[-5.4427,43.13925]},"geometry":{"type":"Point","coordinates":[-5.4427,43.13925]}},{"type":"Feature","id":"physical-as-peak-names-030422-27865","properties":{"id":"physical-as-peak-names-030422-27865","slug":"pico-la-muezca","name":"Pico La Muezca","localName":"Pico La Muezca","aliases":[],"kind":"peak","sourceId":"sitpa-physical","territoryIds":["es-as"],"elevationM":1767.9,"bbox":[-5.45373,43.12617,-5.45373,43.12617],"center":[-5.45373,43.12617]},"geometry":{"type":"Point","coordinates":[-5.45373,43.12617]}},{"type":"Feature","id":"physical-as-peak-names-030422-27867","properties":{"id":"physical-as-peak-names-030422-27867","slug":"pico-l-arcu","name":"Pico L'arcu","localName":"Pico L'arcu","aliases":[],"kind":"peak","sourceId":"sitpa-physical","territoryIds":["es-as"],"elevationM":1590,"bbox":[-5.43896,43.13723,-5.43896,43.13723],"center":[-5.43896,43.13723]},"geometry":{"type":"Point","coordinates":[-5.43896,43.13723]}},{"type":"Feature","id":"physical-as-peak-names-030422-27890","properties":{"id":"physical-as-peak-names-030422-27890","slug":"pico-llaciu","name":"Pico Llacíu","localName":"Pico Llacíu","aliases":[],"kind":"peak","sourceId":"sitpa-physical","territoryIds":["es-as"],"elevationM":1460,"bbox":[-5.47895,43.12212,-5.47895,43.12212],"center":[-5.47895,43.12212]},"geometry":{"type":"Point","coordinates":[-5.47895,43.12212]}},{"type":"Feature","id":"physical-as-peak-names-030422-27891","properties":{"id":"physical-as-peak-names-030422-27891","slug":"pena-la-tabierna","name":"Peña La Tabierna","localName":"Peña La Tabierna","aliases":[],"kind":"peak","sourceId":"sitpa-physical","territoryIds":["es-as"],"elevationM":1735,"bbox":[-5.44848,43.12268,-5.44848,43.12268],"center":[-5.44848,43.12268]},"geometry":{"type":"Point","coordinates":[-5.44848,43.12268]}},{"type":"Feature","id":"physical-as-peak-names-030422-27908","properties":{"id":"physical-as-peak-names-030422-27908","slug":"pico-la-mota","name":"Pico La Mota","localName":"Pico La Mota","aliases":[],"kind":"peak","sourceId":"sitpa-physical","territoryIds":["es-as"],"elevationM":1205,"bbox":[-5.46725,43.09764,-5.46725,43.09764],"center":[-5.46725,43.09764]},"geometry":{"type":"Point","coordinates":[-5.46725,43.09764]}},{"type":"Feature","id":"physical-as-peak-names-030422-27909","properties":{"id":"physical-as-peak-names-030422-27909","slug":"pico-aguas","name":"Pico Agúas","localName":"Pico Agúas","aliases":[],"kind":"peak","sourceId":"sitpa-physical","territoryIds":["es-as"],"elevationM":1633.7,"bbox":[-5.44252,43.09172,-5.44252,43.09172],"center":[-5.44252,43.09172]},"geometry":{"type":"Point","coordinates":[-5.44252,43.09172]}},{"type":"Feature","id":"physical-as-peak-names-030422-27938","properties":{"id":"physical-as-peak-names-030422-27938","slug":"pico-vaqueros","name":"Pico Vaqueros","localName":"Pico Vaqueros","aliases":[],"kind":"peak","sourceId":"sitpa-physical","territoryIds":["es-as"],"elevationM":1811.2,"bbox":[-5.47849,43.06837,-5.47849,43.06837],"center":[-5.47849,43.06837]},"geometry":{"type":"Point","coordinates":[-5.47849,43.06837]}},{"type":"Feature","id":"physical-as-peak-names-030422-27939","properties":{"id":"physical-as-peak-names-030422-27939","slug":"pena-l-alba","name":"Pena L'alba","localName":"Pena L'alba","aliases":[],"kind":"peak","sourceId":"sitpa-physical","territoryIds":["es-as"],"elevationM":1596.1,"bbox":[-5.45355,43.07037,-5.45355,43.07037],"center":[-5.45355,43.07037]},"geometry":{"type":"Point","coordinates":[-5.45355,43.07037]}},{"type":"Feature","id":"physical-as-peak-names-030422-27940","properties":{"id":"physical-as-peak-names-030422-27940","slug":"pena-cotelbu","name":"Pena Cotelbu","localName":"Pena Cotelbu","aliases":[],"kind":"peak","sourceId":"sitpa-physical","territoryIds":["es-as"],"elevationM":1571.8,"bbox":[-5.45304,43.07264,-5.45304,43.07264],"center":[-5.45304,43.07264]},"geometry":{"type":"Point","coordinates":[-5.45304,43.07264]}},{"type":"Feature","id":"physical-as-peak-names-030422-27941","properties":{"id":"physical-as-peak-names-030422-27941","slug":"pico-llagareyu","name":"Pico Llagareyu","localName":"Pico Llagareyu","aliases":[],"kind":"peak","sourceId":"sitpa-physical","territoryIds":["es-as"],"elevationM":1644.7,"bbox":[-5.44088,43.07133,-5.44088,43.07133],"center":[-5.44088,43.07133]},"geometry":{"type":"Point","coordinates":[-5.44088,43.07133]}},{"type":"Feature","id":"physical-as-peak-names-030422-27957","properties":{"id":"physical-as-peak-names-030422-27957","slug":"pico-alba","name":"Pico Alba","localName":"Pico Alba","aliases":[],"kind":"peak","sourceId":"sitpa-physical","territoryIds":["es-as"],"elevationM":1863.2,"bbox":[-5.47372,43.0605,-5.47372,43.0605],"center":[-5.47372,43.0605]},"geometry":{"type":"Point","coordinates":[-5.47372,43.0605]}},{"type":"Feature","id":"physical-as-peak-names-030422-27958","properties":{"id":"physical-as-peak-names-030422-27958","slug":"el-castiello","name":"El Castiello","localName":"El Castiello","aliases":[],"kind":"peak","sourceId":"sitpa-physical","territoryIds":["es-as"],"elevationM":1839.1,"bbox":[-5.46497,43.05718,-5.46497,43.05718],"center":[-5.46497,43.05718]},"geometry":{"type":"Point","coordinates":[-5.46497,43.05718]}},{"type":"Feature","id":"physical-as-peak-names-030422-27959","properties":{"id":"physical-as-peak-names-030422-27959","slug":"pico-fuentes","name":"Pico Fuentes","localName":"Pico Fuentes","aliases":[],"kind":"peak","sourceId":"sitpa-physical","territoryIds":["es-as"],"elevationM":2011.4,"bbox":[-5.44816,43.05541,-5.44816,43.05541],"center":[-5.44816,43.05541]},"geometry":{"type":"Point","coordinates":[-5.44816,43.05541]}},{"type":"Feature","id":"physical-as-peak-names-030422-27960","properties":{"id":"physical-as-peak-names-030422-27960","slug":"nogales","name":"Nogales","localName":"Nogales","aliases":[],"kind":"peak","sourceId":"sitpa-physical","territoryIds":["es-as"],"elevationM":2058.4,"bbox":[-5.47574,43.05553,-5.47574,43.05553],"center":[-5.47574,43.05553]},"geometry":{"type":"Point","coordinates":[-5.47574,43.05553]}},{"type":"Feature","id":"physical-as-peak-names-030422-27961","properties":{"id":"physical-as-peak-names-030422-27961","slug":"pico-el-osu","name":"Pico El Osu","localName":"Pico El Osu","aliases":[],"kind":"peak","sourceId":"sitpa-physical","territoryIds":["es-as"],"elevationM":2015.3,"bbox":[-5.46654,43.05004,-5.46654,43.05004],"center":[-5.46654,43.05004]},"geometry":{"type":"Point","coordinates":[-5.46654,43.05004]}},{"type":"Feature","id":"physical-as-peak-names-030422-27977","properties":{"id":"physical-as-peak-names-030422-27977","slug":"picu-mea","name":"Picu Mea","localName":"Picu Mea","aliases":[],"kind":"peak","sourceId":"sitpa-physical","territoryIds":["es-as"],"elevationM":1165,"bbox":[-5.43102,43.15613,-5.43102,43.15613],"center":[-5.43102,43.15613]},"geometry":{"type":"Point","coordinates":[-5.43102,43.15613]}},{"type":"Feature","id":"physical-as-peak-names-030422-27978","properties":{"id":"physical-as-peak-names-030422-27978","slug":"cobayos","name":"Cobayos","localName":"Cobayos","aliases":[],"kind":"peak","sourceId":"sitpa-physical","territoryIds":["es-as"],"elevationM":1020.7,"bbox":[-5.42585,43.16312,-5.42585,43.16312],"center":[-5.42585,43.16312]},"geometry":{"type":"Point","coordinates":[-5.42585,43.16312]}},{"type":"Feature","id":"physical-as-peak-names-030422-28009","properties":{"id":"physical-as-peak-names-030422-28009","slug":"la-cabriterina","name":"La Cabriterina","localName":"La Cabriterina","aliases":[],"kind":"peak","sourceId":"sitpa-physical","territoryIds":["es-as"],"elevationM":1171.6,"bbox":[-5.43135,43.1405,-5.43135,43.1405],"center":[-5.43135,43.1405]},"geometry":{"type":"Point","coordinates":[-5.43135,43.1405]}},{"type":"Feature","id":"physical-as-peak-names-030422-28010","properties":{"id":"physical-as-peak-names-030422-28010","slug":"pico-la-corona","name":"Pico La Corona","localName":"Pico La Corona","aliases":[],"kind":"peak","sourceId":"sitpa-physical","territoryIds":["es-as"],"elevationM":1087.2,"bbox":[-5.40557,43.14169,-5.40557,43.14169],"center":[-5.40557,43.14169]},"geometry":{"type":"Point","coordinates":[-5.40557,43.14169]}},{"type":"Feature","id":"physical-as-peak-names-030422-28012","properties":{"id":"physical-as-peak-names-030422-28012","slug":"cabeza-la-cerveriza","name":"Cabeza La Cerveriza","localName":"Cabeza La Cerveriza","aliases":[],"kind":"peak","sourceId":"sitpa-physical","territoryIds":["es-as"],"elevationM":1211.6,"bbox":[-5.41016,43.12871,-5.41016,43.12871],"center":[-5.41016,43.12871]},"geometry":{"type":"Point","coordinates":[-5.41016,43.12871]}},{"type":"Feature","id":"physical-as-peak-names-030422-28013","properties":{"id":"physical-as-peak-names-030422-28013","slug":"pico-l-coiru","name":"Pico'l Coiru","localName":"Pico'l Coiru","aliases":[],"kind":"peak","sourceId":"sitpa-physical","territoryIds":["es-as"],"elevationM":1210,"bbox":[-5.40327,43.12525,-5.40327,43.12525],"center":[-5.40327,43.12525]},"geometry":{"type":"Point","coordinates":[-5.40327,43.12525]}},{"type":"Feature","id":"physical-as-peak-names-030422-28043","properties":{"id":"physical-as-peak-names-030422-28043","slug":"l-o-s","name":"L O S","localName":"L O S","aliases":[],"kind":"peak","sourceId":"sitpa-physical","territoryIds":["es-as"],"elevationM":1100.6,"bbox":[-5.41891,43.11869,-5.41891,43.11869],"center":[-5.41891,43.11869]},"geometry":{"type":"Point","coordinates":[-5.41891,43.11869]}},{"type":"Feature","id":"physical-as-peak-names-030422-28044","properties":{"id":"physical-as-peak-names-030422-28044","slug":"a-r-r-u-d-o-s","name":"A R R U D O S","localName":"A R R U D O S","aliases":[],"kind":"peak","sourceId":"sitpa-physical","territoryIds":["es-as"],"elevationM":1071.9,"bbox":[-5.41777,43.11718,-5.41777,43.11718],"center":[-5.41777,43.11718]},"geometry":{"type":"Point","coordinates":[-5.41777,43.11718]}},{"type":"Feature","id":"physical-as-peak-names-030422-28045","properties":{"id":"physical-as-peak-names-030422-28045","slug":"pico-coriscau","name":"Pico Coriscáu","localName":"Pico Coriscáu","aliases":[],"kind":"peak","sourceId":"sitpa-physical","territoryIds":["es-as"],"elevationM":1652.6,"bbox":[-5.43505,43.12275,-5.43505,43.12275],"center":[-5.43505,43.12275]},"geometry":{"type":"Point","coordinates":[-5.43505,43.12275]}},{"type":"Feature","id":"physical-as-peak-names-030422-28046","properties":{"id":"physical-as-peak-names-030422-28046","slug":"pico-los-canticiellos","name":"Pico Los Canticiellos","localName":"Pico Los Canticiellos","aliases":[],"kind":"peak","sourceId":"sitpa-physical","territoryIds":["es-as"],"elevationM":1310,"bbox":[-5.42194,43.11641,-5.42194,43.11641],"center":[-5.42194,43.11641]},"geometry":{"type":"Point","coordinates":[-5.42194,43.11641]}},{"type":"Feature","id":"physical-as-peak-names-030422-28047","properties":{"id":"physical-as-peak-names-030422-28047","slug":"pico-maria-santinos","name":"Pico María Santinos","localName":"Pico María Santinos","aliases":[],"kind":"peak","sourceId":"sitpa-physical","territoryIds":["es-as"],"elevationM":1502.8,"bbox":[-5.4097,43.11989,-5.4097,43.11989],"center":[-5.4097,43.11989]},"geometry":{"type":"Point","coordinates":[-5.4097,43.11989]}},{"type":"Feature","id":"physical-as-peak-names-030422-28048","properties":{"id":"physical-as-peak-names-030422-28048","slug":"pico-les-grandes","name":"Pico Les Grandes","localName":"Pico Les Grandes","aliases":[],"kind":"peak","sourceId":"sitpa-physical","territoryIds":["es-as"],"elevationM":1589,"bbox":[-5.40418,43.1167,-5.40418,43.1167],"center":[-5.40418,43.1167]},"geometry":{"type":"Point","coordinates":[-5.40418,43.1167]}},{"type":"Feature","id":"physical-as-peak-names-030422-28049","properties":{"id":"physical-as-peak-names-030422-28049","slug":"pico-la-verde","name":"Pico La Verde","localName":"Pico La Verde","aliases":[],"kind":"peak","sourceId":"sitpa-physical","territoryIds":["es-as"],"elevationM":1250.3,"bbox":[-5.41435,43.11197,-5.41435,43.11197],"center":[-5.41435,43.11197]},"geometry":{"type":"Point","coordinates":[-5.41435,43.11197]}},{"type":"Feature","id":"physical-as-peak-names-030422-28080","properties":{"id":"physical-as-peak-names-030422-28080","slug":"pico-furacada","name":"Pico Furacada","localName":"Pico Furacada","aliases":[],"kind":"peak","sourceId":"sitpa-physical","territoryIds":["es-as"],"elevationM":1750,"bbox":[-5.41489,43.09153,-5.41489,43.09153],"center":[-5.41489,43.09153]},"geometry":{"type":"Point","coordinates":[-5.41489,43.09153]}},{"type":"Feature","id":"physical-as-peak-names-030422-28081","properties":{"id":"physical-as-peak-names-030422-28081","slug":"pico-los-fueyos","name":"Pico Los Fueyos","localName":"Pico Los Fueyos","aliases":[],"kind":"peak","sourceId":"sitpa-physical","territoryIds":["es-as"],"elevationM":1830,"bbox":[-5.40713,43.08478,-5.40713,43.08478],"center":[-5.40713,43.08478]},"geometry":{"type":"Point","coordinates":[-5.40713,43.08478]}},{"type":"Feature","id":"physical-as-peak-names-030422-28082","properties":{"id":"physical-as-peak-names-030422-28082","slug":"pena-negra","name":"Peña Negra","localName":"Peña Negra","aliases":[],"kind":"peak","sourceId":"sitpa-physical","territoryIds":["es-as"],"elevationM":1799.4,"bbox":[-5.41769,43.09385,-5.41769,43.09385],"center":[-5.41769,43.09385]},"geometry":{"type":"Point","coordinates":[-5.41769,43.09385]}},{"type":"Feature","id":"physical-as-peak-names-030422-28099","properties":{"id":"physical-as-peak-names-030422-28099","slug":"pico-valverde","name":"Pico Valverde","localName":"Pico Valverde","aliases":[],"kind":"peak","sourceId":"sitpa-physical","territoryIds":["es-as"],"elevationM":1911.5,"bbox":[-5.41259,43.07491,-5.41259,43.07491],"center":[-5.41259,43.07491]},"geometry":{"type":"Point","coordinates":[-5.41259,43.07491]}},{"type":"Feature","id":"physical-as-peak-names-030422-28100","properties":{"id":"physical-as-peak-names-030422-28100","slug":"pena-la-capilla","name":"Pena La Capilla","localName":"Pena La Capilla","aliases":[],"kind":"peak","sourceId":"sitpa-physical","territoryIds":["es-as"],"elevationM":1866.4,"bbox":[-5.40595,43.07483,-5.40595,43.07483],"center":[-5.40595,43.07483]},"geometry":{"type":"Point","coordinates":[-5.40595,43.07483]}},{"type":"Feature","id":"physical-as-peak-names-030422-28101","properties":{"id":"physical-as-peak-names-030422-28101","slug":"pico-torres","name":"Pico Torres","localName":"Pico Torres","aliases":[],"kind":"peak","sourceId":"sitpa-physical","territoryIds":["es-as"],"elevationM":2047.4,"bbox":[-5.40935,43.07841,-5.40935,43.07841],"center":[-5.40935,43.07841]},"geometry":{"type":"Point","coordinates":[-5.40935,43.07841]}},{"type":"Feature","id":"physical-as-peak-names-030422-28102","properties":{"id":"physical-as-peak-names-030422-28102","slug":"la-ventanona","name":"La Ventanona","localName":"La Ventanona","aliases":[],"kind":"peak","sourceId":"sitpa-physical","territoryIds":["es-as"],"elevationM":1894.2,"bbox":[-5.40073,43.08044,-5.40073,43.08044],"center":[-5.40073,43.08044]},"geometry":{"type":"Point","coordinates":[-5.40073,43.08044]}},{"type":"Feature","id":"physical-as-peak-names-030422-28103","properties":{"id":"physical-as-peak-names-030422-28103","slug":"pico-fielato","name":"Pico Fielato","localName":"Pico Fielato","aliases":[],"kind":"peak","sourceId":"sitpa-physical","territoryIds":["es-as"],"elevationM":1292.6,"bbox":[-5.43248,43.06837,-5.43248,43.06837],"center":[-5.43248,43.06837]},"geometry":{"type":"Point","coordinates":[-5.43248,43.06837]}},{"type":"Feature","id":"physical-as-peak-names-030422-28128","properties":{"id":"physical-as-peak-names-030422-28128","slug":"pico-de-la-llomba","name":"Pico De La Llomba","localName":"Pico De La Llomba","aliases":[],"kind":"peak","sourceId":"sitpa-physical","territoryIds":["es-as"],"elevationM":1969.8,"bbox":[-5.40518,43.05005,-5.40518,43.05005],"center":[-5.40518,43.05005]},"geometry":{"type":"Point","coordinates":[-5.40518,43.05005]}},{"type":"Feature","id":"physical-as-peak-names-030422-28140","properties":{"id":"physical-as-peak-names-030422-28140","slug":"carba-l-tendeyon","name":"Carba 'l Tendeyón","localName":"Carba 'l Tendeyón","aliases":[],"kind":"peak","sourceId":"sitpa-physical","territoryIds":["es-as"],"elevationM":1220.5,"bbox":[-5.37402,43.16458,-5.37402,43.16458],"center":[-5.37402,43.16458]},"geometry":{"type":"Point","coordinates":[-5.37402,43.16458]}},{"type":"Feature","id":"physical-as-peak-names-030422-28141","properties":{"id":"physical-as-peak-names-030422-28141","slug":"carba-bustiellu","name":"Carba Bustiellu","localName":"Carba Bustiellu","aliases":[],"kind":"peak","sourceId":"sitpa-physical","territoryIds":["es-as"],"elevationM":1243.1,"bbox":[-5.36917,43.16566,-5.36917,43.16566],"center":[-5.36917,43.16566]},"geometry":{"type":"Point","coordinates":[-5.36917,43.16566]}},{"type":"Feature","id":"physical-as-peak-names-030422-28170","properties":{"id":"physical-as-peak-names-030422-28170","slug":"pena-valloria","name":"Peña Valloria","localName":"Peña Valloria","aliases":[],"kind":"peak","sourceId":"sitpa-physical","territoryIds":["es-as"],"elevationM":1212.5,"bbox":[-5.38655,43.12968,-5.38655,43.12968],"center":[-5.38655,43.12968]},"geometry":{"type":"Point","coordinates":[-5.38655,43.12968]}},{"type":"Feature","id":"physical-as-peak-names-030422-28171","properties":{"id":"physical-as-peak-names-030422-28171","slug":"pico-los-argayos","name":"Pico Los Argayos","localName":"Pico Los Argayos","aliases":[],"kind":"peak","sourceId":"sitpa-physical","territoryIds":["es-as"],"elevationM":1521.7,"bbox":[-5.37354,43.12605,-5.37354,43.12605],"center":[-5.37354,43.12605]},"geometry":{"type":"Point","coordinates":[-5.37354,43.12605]}},{"type":"Feature","id":"physical-as-peak-names-030422-28172","properties":{"id":"physical-as-peak-names-030422-28172","slug":"pico-l-aguila","name":"Pico L'aguila","localName":"Pico L'aguila","aliases":[],"kind":"peak","sourceId":"sitpa-physical","territoryIds":["es-as"],"elevationM":1235,"bbox":[-5.37268,43.13122,-5.37268,43.13122],"center":[-5.37268,43.13122]},"geometry":{"type":"Point","coordinates":[-5.37268,43.13122]}},{"type":"Feature","id":"physical-as-peak-names-030422-28199","properties":{"id":"physical-as-peak-names-030422-28199","slug":"pico-castiellu","name":"Pico Castiellu","localName":"Pico Castiellu","aliases":[],"kind":"peak","sourceId":"sitpa-physical","territoryIds":["es-as"],"elevationM":1380,"bbox":[-5.38537,43.12389,-5.38537,43.12389],"center":[-5.38537,43.12389]},"geometry":{"type":"Point","coordinates":[-5.38537,43.12389]}},{"type":"Feature","id":"physical-as-peak-names-030422-28200","properties":{"id":"physical-as-peak-names-030422-28200","slug":"pico-brana-sapera","name":"Pico Braña Sapera","localName":"Pico Braña Sapera","aliases":[],"kind":"peak","sourceId":"sitpa-physical","territoryIds":["es-as"],"elevationM":1740,"bbox":[-5.38785,43.11231,-5.38785,43.11231],"center":[-5.38785,43.11231]},"geometry":{"type":"Point","coordinates":[-5.38785,43.11231]}},{"type":"Feature","id":"physical-as-peak-names-030422-28201","properties":{"id":"physical-as-peak-names-030422-28201","slug":"les-mugues","name":"Les Mugues","localName":"Les Mugues","aliases":[],"kind":"peak","sourceId":"sitpa-physical","territoryIds":["es-as"],"elevationM":1855,"bbox":[-5.36757,43.1121,-5.36757,43.1121],"center":[-5.36757,43.1121]},"geometry":{"type":"Point","coordinates":[-5.36757,43.1121]}},{"type":"Feature","id":"physical-as-peak-names-030422-28202","properties":{"id":"physical-as-peak-names-030422-28202","slug":"cotergueron","name":"Coterguerón","localName":"Coterguerón","aliases":[],"kind":"peak","sourceId":"sitpa-physical","territoryIds":["es-as"],"elevationM":1866,"bbox":[-5.37121,43.11297,-5.37121,43.11297],"center":[-5.37121,43.11297]},"geometry":{"type":"Point","coordinates":[-5.37121,43.11297]}},{"type":"Feature","id":"physical-as-peak-names-030422-28203","properties":{"id":"physical-as-peak-names-030422-28203","slug":"la-quemaona","name":"La Quemaona","localName":"La Quemaona","aliases":[],"kind":"peak","sourceId":"sitpa-physical","territoryIds":["es-as"],"elevationM":1796,"bbox":[-5.3777,43.11307,-5.3777,43.11307],"center":[-5.3777,43.11307]},"geometry":{"type":"Point","coordinates":[-5.3777,43.11307]}},{"type":"Feature","id":"physical-as-peak-names-030422-28204","properties":{"id":"physical-as-peak-names-030422-28204","slug":"pena-el-texu","name":"Peña El Texu","localName":"Peña El Texu","aliases":[],"kind":"peak","sourceId":"sitpa-physical","territoryIds":["es-as"],"elevationM":1685,"bbox":[-5.38697,43.10997,-5.38697,43.10997],"center":[-5.38697,43.10997]},"geometry":{"type":"Point","coordinates":[-5.38697,43.10997]}},{"type":"Feature","id":"physical-as-peak-names-030422-28205","properties":{"id":"physical-as-peak-names-030422-28205","slug":"la-llombeta","name":"La Llombeta","localName":"La Llombeta","aliases":[],"kind":"peak","sourceId":"sitpa-physical","territoryIds":["es-as"],"elevationM":1791.5,"bbox":[-5.35973,43.10879,-5.35973,43.10879],"center":[-5.35973,43.10879]},"geometry":{"type":"Point","coordinates":[-5.35973,43.10879]}},{"type":"Feature","id":"physical-as-peak-names-030422-28206","properties":{"id":"physical-as-peak-names-030422-28206","slug":"pico-el-cobu","name":"Pico El Cobu","localName":"Pico El Cobu","aliases":[],"kind":"peak","sourceId":"sitpa-physical","territoryIds":["es-as"],"elevationM":1345,"bbox":[-5.39442,43.12239,-5.39442,43.12239],"center":[-5.39442,43.12239]},"geometry":{"type":"Point","coordinates":[-5.39442,43.12239]}},{"type":"Feature","id":"physical-as-peak-names-030422-28224","properties":{"id":"physical-as-peak-names-030422-28224","slug":"pico-valmartin","name":"Pico Valmartín","localName":"Pico Valmartín","aliases":[],"kind":"peak","sourceId":"sitpa-physical","territoryIds":["es-as"],"elevationM":1905.2,"bbox":[-5.38397,43.08733,-5.38397,43.08733],"center":[-5.38397,43.08733]},"geometry":{"type":"Point","coordinates":[-5.38397,43.08733]}},{"type":"Feature","id":"physical-as-peak-names-030422-28225","properties":{"id":"physical-as-peak-names-030422-28225","slug":"porru-blancu","name":"Porru Blancu","localName":"Porru Blancu","aliases":[],"kind":"peak","sourceId":"sitpa-physical","territoryIds":["es-as"],"elevationM":1839,"bbox":[-5.37597,43.08936,-5.37597,43.08936],"center":[-5.37597,43.08936]},"geometry":{"type":"Point","coordinates":[-5.37597,43.08936]}},{"type":"Feature","id":"physical-as-peak-names-030422-28226","properties":{"id":"physical-as-peak-names-030422-28226","slug":"pico-l-arenal","name":"Pico L'arenal","localName":"Pico L'arenal","aliases":[],"kind":"peak","sourceId":"sitpa-physical","territoryIds":["es-as"],"elevationM":1854.7,"bbox":[-5.37458,43.09134,-5.37458,43.09134],"center":[-5.37458,43.09134]},"geometry":{"type":"Point","coordinates":[-5.37458,43.09134]}},{"type":"Feature","id":"physical-as-peak-names-030422-28227","properties":{"id":"physical-as-peak-names-030422-28227","slug":"entrepicos","name":"Entrepicos","localName":"Entrepicos","aliases":[],"kind":"peak","sourceId":"sitpa-physical","territoryIds":["es-as"],"elevationM":1825.7,"bbox":[-5.36938,43.09493,-5.36938,43.09493],"center":[-5.36938,43.09493]},"geometry":{"type":"Point","coordinates":[-5.36938,43.09493]}},{"type":"Feature","id":"physical-as-peak-names-030422-28228","properties":{"id":"physical-as-peak-names-030422-28228","slug":"los-negros","name":"Los Negros","localName":"Los Negros","aliases":[],"kind":"peak","sourceId":"sitpa-physical","territoryIds":["es-as"],"elevationM":1780.1,"bbox":[-5.36087,43.09519,-5.36087,43.09519],"center":[-5.36087,43.09519]},"geometry":{"type":"Point","coordinates":[-5.36087,43.09519]}},{"type":"Feature","id":"physical-as-peak-names-030422-28229","properties":{"id":"physical-as-peak-names-030422-28229","slug":"el-cascayon","name":"El Cascayón","localName":"El Cascayón","aliases":[],"kind":"peak","sourceId":"sitpa-physical","territoryIds":["es-as"],"elevationM":1925.2,"bbox":[-5.35693,43.0995,-5.35693,43.0995],"center":[-5.35693,43.0995]},"geometry":{"type":"Point","coordinates":[-5.35693,43.0995]}},{"type":"Feature","id":"physical-as-peak-names-030422-28230","properties":{"id":"physical-as-peak-names-030422-28230","slug":"cueto-rubio","name":"Cueto Rubio","localName":"Cueto Rubio","aliases":[],"kind":"peak","sourceId":"sitpa-physical","territoryIds":["es-as"],"elevationM":1634.8,"bbox":[-5.37397,43.09908,-5.37397,43.09908],"center":[-5.37397,43.09908]},"geometry":{"type":"Point","coordinates":[-5.37397,43.09908]}},{"type":"Feature","id":"physical-as-peak-names-030422-28231","properties":{"id":"physical-as-peak-names-030422-28231","slug":"cuetu-lladron","name":"Cuetu Lladrón","localName":"Cuetu Lladrón","aliases":[],"kind":"peak","sourceId":"sitpa-physical","territoryIds":["es-as"],"elevationM":1544.1,"bbox":[-5.38195,43.09749,-5.38195,43.09749],"center":[-5.38195,43.09749]},"geometry":{"type":"Point","coordinates":[-5.38195,43.09749]}},{"type":"Feature","id":"physical-as-peak-names-030422-28232","properties":{"id":"physical-as-peak-names-030422-28232","slug":"los-dientes","name":"Los Dientes","localName":"Los Dientes","aliases":[],"kind":"peak","sourceId":"sitpa-physical","territoryIds":["es-as"],"elevationM":1767.4,"bbox":[-5.36401,43.09416,-5.36401,43.09416],"center":[-5.36401,43.09416]},"geometry":{"type":"Point","coordinates":[-5.36401,43.09416]}},{"type":"Feature","id":"physical-as-peak-names-030422-28250","properties":{"id":"physical-as-peak-names-030422-28250","slug":"pico-toneo","name":"Pico Tonéo","localName":"Pico Tonéo","aliases":[],"kind":"peak","sourceId":"sitpa-physical","territoryIds":["es-as"],"elevationM":2065.5,"bbox":[-5.38986,43.04898,-5.38986,43.04898],"center":[-5.38986,43.04898]},"geometry":{"type":"Point","coordinates":[-5.38986,43.04898]}},{"type":"Feature","id":"physical-as-peak-names-030422-28254","properties":{"id":"physical-as-peak-names-030422-28254","slug":"pena-llagos","name":"Peña Llagos","localName":"Peña Llagos","aliases":[],"kind":"peak","sourceId":"sitpa-physical","territoryIds":["es-as"],"elevationM":1310.1,"bbox":[-5.34891,43.16236,-5.34891,43.16236],"center":[-5.34891,43.16236]},"geometry":{"type":"Point","coordinates":[-5.34891,43.16236]}},{"type":"Feature","id":"physical-as-peak-names-030422-28255","properties":{"id":"physical-as-peak-names-030422-28255","slug":"el-foxancon","name":"El Foxancón","localName":"El Foxancón","aliases":[],"kind":"peak","sourceId":"sitpa-physical","territoryIds":["es-as"],"elevationM":1330,"bbox":[-5.34257,43.16584,-5.34257,43.16584],"center":[-5.34257,43.16584]},"geometry":{"type":"Point","coordinates":[-5.34257,43.16584]}},{"type":"Feature","id":"physical-as-peak-names-030422-28256","properties":{"id":"physical-as-peak-names-030422-28256","slug":"el-guerton","name":"El Guertón","localName":"El Guertón","aliases":[],"kind":"peak","sourceId":"sitpa-physical","territoryIds":["es-as"],"elevationM":1383.5,"bbox":[-5.33938,43.1632,-5.33938,43.1632],"center":[-5.33938,43.1632]},"geometry":{"type":"Point","coordinates":[-5.33938,43.1632]}},{"type":"Feature","id":"physical-as-peak-names-030422-28257","properties":{"id":"physical-as-peak-names-030422-28257","slug":"la-conyonada","name":"La Conyonada","localName":"La Conyonada","aliases":[],"kind":"peak","sourceId":"sitpa-physical","territoryIds":["es-as"],"elevationM":1395,"bbox":[-5.34358,43.16209,-5.34358,43.16209],"center":[-5.34358,43.16209]},"geometry":{"type":"Point","coordinates":[-5.34358,43.16209]}},{"type":"Feature","id":"physical-as-peak-names-030422-28258","properties":{"id":"physical-as-peak-names-030422-28258","slug":"la-sala","name":"La Sala","localName":"La Sala","aliases":[],"kind":"peak","sourceId":"sitpa-physical","territoryIds":["es-as"],"elevationM":1010,"bbox":[-5.31897,43.15372,-5.31897,43.15372],"center":[-5.31897,43.15372]},"geometry":{"type":"Point","coordinates":[-5.31897,43.15372]}},{"type":"Feature","id":"physical-as-peak-names-030422-28259","properties":{"id":"physical-as-peak-names-030422-28259","slug":"cantu-valmayor","name":"Cantu Valmayor","localName":"Cantu Valmayor","aliases":[],"kind":"peak","sourceId":"sitpa-physical","territoryIds":["es-as"],"elevationM":1282.9,"bbox":[-5.32485,43.14842,-5.32485,43.14842],"center":[-5.32485,43.14842]},"geometry":{"type":"Point","coordinates":[-5.32485,43.14842]}},{"type":"Feature","id":"physical-as-peak-names-030422-28260","properties":{"id":"physical-as-peak-names-030422-28260","slug":"pico-cuerno","name":"Pico Cuerno","localName":"Pico Cuerno","aliases":[],"kind":"peak","sourceId":"sitpa-physical","territoryIds":["es-as"],"elevationM":1293.8,"bbox":[-5.34786,43.16107,-5.34786,43.16107],"center":[-5.34786,43.16107]},"geometry":{"type":"Point","coordinates":[-5.34786,43.16107]}},{"type":"Feature","id":"physical-as-peak-names-030422-28286","properties":{"id":"physical-as-peak-names-030422-28286","slug":"pico-cuervu","name":"Pico Cuervu","localName":"Pico Cuervu","aliases":[],"kind":"peak","sourceId":"sitpa-physical","territoryIds":["es-as"],"elevationM":1563.4,"bbox":[-5.34495,43.14489,-5.34495,43.14489],"center":[-5.34495,43.14489]},"geometry":{"type":"Point","coordinates":[-5.34495,43.14489]}},{"type":"Feature","id":"physical-as-peak-names-030422-28287","properties":{"id":"physical-as-peak-names-030422-28287","slug":"atambos","name":"Atambos","localName":"Atambos","aliases":[],"kind":"peak","sourceId":"sitpa-physical","territoryIds":["es-as"],"elevationM":1688.9,"bbox":[-5.35313,43.12981,-5.35313,43.12981],"center":[-5.35313,43.12981]},"geometry":{"type":"Point","coordinates":[-5.35313,43.12981]}},{"type":"Feature","id":"physical-as-peak-names-030422-28288","properties":{"id":"physical-as-peak-names-030422-28288","slug":"pena-pelacera","name":"Peña Pelacera","localName":"Peña Pelacera","aliases":[],"kind":"peak","sourceId":"sitpa-physical","territoryIds":["es-as"],"elevationM":1647.3,"bbox":[-5.35391,43.12625,-5.35391,43.12625],"center":[-5.35391,43.12625]},"geometry":{"type":"Point","coordinates":[-5.35391,43.12625]}},{"type":"Feature","id":"physical-as-peak-names-030422-28289","properties":{"id":"physical-as-peak-names-030422-28289","slug":"visu-la-grande","name":"Visu La Grande","localName":"Visu La Grande","aliases":[],"kind":"peak","sourceId":"sitpa-physical","territoryIds":["es-as"],"elevationM":1690,"bbox":[-5.35182,43.13643,-5.35182,43.13643],"center":[-5.35182,43.13643]},"geometry":{"type":"Point","coordinates":[-5.35182,43.13643]}},{"type":"Feature","id":"physical-as-peak-names-030422-28290","properties":{"id":"physical-as-peak-names-030422-28290","slug":"la-horcadina","name":"La Horcadina","localName":"La Horcadina","aliases":[],"kind":"peak","sourceId":"sitpa-physical","territoryIds":["es-as"],"elevationM":1487.3,"bbox":[-5.34411,43.12597,-5.34411,43.12597],"center":[-5.34411,43.12597]},"geometry":{"type":"Point","coordinates":[-5.34411,43.12597]}},{"type":"Feature","id":"physical-as-peak-names-030422-28291","properties":{"id":"physical-as-peak-names-030422-28291","slug":"pico-el-gavilan","name":"Pico El Gavilán","localName":"Pico El Gavilán","aliases":[],"kind":"peak","sourceId":"sitpa-physical","territoryIds":["es-as"],"elevationM":1355.5,"bbox":[-5.32888,43.13015,-5.32888,43.13015],"center":[-5.32888,43.13015]},"geometry":{"type":"Point","coordinates":[-5.32888,43.13015]}},{"type":"Feature","id":"physical-as-peak-names-030422-28341","properties":{"id":"physical-as-peak-names-030422-28341","slug":"pena-los-fornos","name":"Peña Los Fornos","localName":"Peña Los Fornos","aliases":[],"kind":"peak","sourceId":"sitpa-physical","territoryIds":["es-as"],"elevationM":1892.3,"bbox":[-5.3453,43.09394,-5.3453,43.09394],"center":[-5.3453,43.09394]},"geometry":{"type":"Point","coordinates":[-5.3453,43.09394]}},{"type":"Feature","id":"physical-as-peak-names-030422-28342","properties":{"id":"physical-as-peak-names-030422-28342","slug":"pena-el-viento","name":"Peña El Viento","localName":"Peña El Viento","aliases":[],"kind":"peak","sourceId":"sitpa-physical","territoryIds":["es-as"],"elevationM":1950.3,"bbox":[-5.34107,43.09122,-5.34107,43.09122],"center":[-5.34107,43.09122]},"geometry":{"type":"Point","coordinates":[-5.34107,43.09122]}},{"type":"Feature","id":"physical-as-peak-names-030422-28343","properties":{"id":"physical-as-peak-names-030422-28343","slug":"les-rapaines","name":"Les Rapaínes","localName":"Les Rapaínes","aliases":[],"kind":"peak","sourceId":"sitpa-physical","territoryIds":["es-as"],"elevationM":2002.7,"bbox":[-5.34192,43.08377,-5.34192,43.08377],"center":[-5.34192,43.08377]},"geometry":{"type":"Point","coordinates":[-5.34192,43.08377]}},{"type":"Feature","id":"physical-as-peak-names-030422-28344","properties":{"id":"physical-as-peak-names-030422-28344","slug":"el-mosquilon","name":"El Mosquilón","localName":"El Mosquilón","aliases":[],"kind":"peak","sourceId":"sitpa-physical","territoryIds":["es-as"],"elevationM":1514.6,"bbox":[-5.31486,43.09584,-5.31486,43.09584],"center":[-5.31486,43.09584]},"geometry":{"type":"Point","coordinates":[-5.31486,43.09584]}},{"type":"Feature","id":"physical-as-peak-names-030422-28363","properties":{"id":"physical-as-peak-names-030422-28363","slug":"pico-la-rialcada","name":"Pico La Rialcada","localName":"Pico La Rialcada","aliases":[],"kind":"peak","sourceId":"sitpa-physical","territoryIds":["es-as"],"elevationM":1834,"bbox":[-5.31852,43.08231,-5.31852,43.08231],"center":[-5.31852,43.08231]},"geometry":{"type":"Point","coordinates":[-5.31852,43.08231]}},{"type":"Feature","id":"physical-as-peak-names-030422-28364","properties":{"id":"physical-as-peak-names-030422-28364","slug":"pena-la-rapaona","name":"Peña La Rapaona","localName":"Peña La Rapaona","aliases":[],"kind":"peak","sourceId":"sitpa-physical","territoryIds":["es-as"],"elevationM":1956.2,"bbox":[-5.33354,43.08073,-5.33354,43.08073],"center":[-5.33354,43.08073]},"geometry":{"type":"Point","coordinates":[-5.33354,43.08073]}},{"type":"Feature","id":"physical-as-peak-names-030422-28373","properties":{"id":"physical-as-peak-names-030422-28373","slug":"pico-les-llaceries","name":"Pico Les Llaceries","localName":"Pico Les Llaceries","aliases":[],"kind":"peak","sourceId":"sitpa-physical","territoryIds":["es-as"],"elevationM":1230,"bbox":[-5.28156,43.16158,-5.28156,43.16158],"center":[-5.28156,43.16158]},"geometry":{"type":"Point","coordinates":[-5.28156,43.16158]}},{"type":"Feature","id":"physical-as-peak-names-030422-28419","properties":{"id":"physical-as-peak-names-030422-28419","slug":"la-ronada","name":"La Roñada","localName":"La Roñada","aliases":[],"kind":"peak","sourceId":"sitpa-physical","territoryIds":["es-as"],"elevationM":1064.7,"bbox":[-5.29941,43.14283,-5.29941,43.14283],"center":[-5.29941,43.14283]},"geometry":{"type":"Point","coordinates":[-5.29941,43.14283]}},{"type":"Feature","id":"physical-as-peak-names-030422-28421","properties":{"id":"physical-as-peak-names-030422-28421","slug":"el-pingaratu","name":"El Pingaratu","localName":"El Pingaratu","aliases":[],"kind":"peak","sourceId":"sitpa-physical","territoryIds":["es-as"],"elevationM":1368.8,"bbox":[-5.29324,43.1261,-5.29324,43.1261],"center":[-5.29324,43.1261]},"geometry":{"type":"Point","coordinates":[-5.29324,43.1261]}},{"type":"Feature","id":"physical-as-peak-names-030422-28422","properties":{"id":"physical-as-peak-names-030422-28422","slug":"pico-les-pares","name":"Pico Les Parés","localName":"Pico Les Parés","aliases":[],"kind":"peak","sourceId":"sitpa-physical","territoryIds":["es-as"],"elevationM":1186.4,"bbox":[-5.2817,43.13937,-5.2817,43.13937],"center":[-5.2817,43.13937]},"geometry":{"type":"Point","coordinates":[-5.2817,43.13937]}},{"type":"Feature","id":"physical-as-peak-names-030422-28441","properties":{"id":"physical-as-peak-names-030422-28441","slug":"pico-los-forcaos","name":"Pico Los Forcáos","localName":"Pico Los Forcáos","aliases":[],"kind":"peak","sourceId":"sitpa-physical","territoryIds":["es-as"],"elevationM":1651.2,"bbox":[-5.30224,43.11542,-5.30224,43.11542],"center":[-5.30224,43.11542]},"geometry":{"type":"Point","coordinates":[-5.30224,43.11542]}},{"type":"Feature","id":"physical-as-peak-names-030422-28442","properties":{"id":"physical-as-peak-names-030422-28442","slug":"canto-l-osu","name":"Canto L'osu","localName":"Canto L'osu","aliases":[],"kind":"peak","sourceId":"sitpa-physical","territoryIds":["es-as"],"elevationM":1767.4,"bbox":[-5.29132,43.11204,-5.29132,43.11204],"center":[-5.29132,43.11204]},"geometry":{"type":"Point","coordinates":[-5.29132,43.11204]}},{"type":"Feature","id":"physical-as-peak-names-030422-28443","properties":{"id":"physical-as-peak-names-030422-28443","slug":"xerru-fuentes","name":"Xerru Fuentes","localName":"Xerru Fuentes","aliases":[],"kind":"peak","sourceId":"sitpa-physical","territoryIds":["es-as"],"elevationM":1612.8,"bbox":[-5.28793,43.11645,-5.28793,43.11645],"center":[-5.28793,43.11645]},"geometry":{"type":"Point","coordinates":[-5.28793,43.11645]}},{"type":"Feature","id":"physical-as-peak-names-030422-28481","properties":{"id":"physical-as-peak-names-030422-28481","slug":"porron-de-cerrosa","name":"Porrón De Cerrosa","localName":"Porrón De Cerrosa","aliases":[],"kind":"peak","sourceId":"sitpa-physical","territoryIds":["es-as"],"elevationM":1784.5,"bbox":[-5.2998,43.09666,-5.2998,43.09666],"center":[-5.2998,43.09666]},"geometry":{"type":"Point","coordinates":[-5.2998,43.09666]}},{"type":"Feature","id":"physical-as-peak-names-030422-28482","properties":{"id":"physical-as-peak-names-030422-28482","slug":"la-bardera","name":"La Bardera","localName":"La Bardera","aliases":[],"kind":"peak","sourceId":"sitpa-physical","territoryIds":["es-as"],"elevationM":1852.7,"bbox":[-5.27313,43.08601,-5.27313,43.08601],"center":[-5.27313,43.08601]},"geometry":{"type":"Point","coordinates":[-5.27313,43.08601]}},{"type":"Feature","id":"physical-as-peak-names-030422-28483","properties":{"id":"physical-as-peak-names-030422-28483","slug":"les-planes","name":"Les Planes","localName":"Les Planes","aliases":[],"kind":"peak","sourceId":"sitpa-physical","territoryIds":["es-as"],"elevationM":1785.2,"bbox":[-5.30385,43.09579,-5.30385,43.09579],"center":[-5.30385,43.09579]},"geometry":{"type":"Point","coordinates":[-5.30385,43.09579]}},{"type":"Feature","id":"physical-as-peak-names-030422-28484","properties":{"id":"physical-as-peak-names-030422-28484","slug":"pico-el-paramu","name":"Pico El Páramu","localName":"Pico El Páramu","aliases":[],"kind":"peak","sourceId":"sitpa-physical","territoryIds":["es-as"],"elevationM":1880,"bbox":[-5.31259,43.08436,-5.31259,43.08436],"center":[-5.31259,43.08436]},"geometry":{"type":"Point","coordinates":[-5.31259,43.08436]}},{"type":"Feature","id":"physical-as-peak-names-030422-28502","properties":{"id":"physical-as-peak-names-030422-28502","slug":"los-abedulosos","name":"Los Abedulosos","localName":"Los Abedulosos","aliases":[],"kind":"peak","sourceId":"sitpa-physical","territoryIds":["es-as"],"elevationM":1837.9,"bbox":[-5.30093,43.07955,-5.30093,43.07955],"center":[-5.30093,43.07955]},"geometry":{"type":"Point","coordinates":[-5.30093,43.07955]}},{"type":"Feature","id":"physical-as-peak-names-030422-28503","properties":{"id":"physical-as-peak-names-030422-28503","slug":"las-lagunillas","name":"Las Lagunillas","localName":"Las Lagunillas","aliases":[],"kind":"peak","sourceId":"sitpa-physical","territoryIds":["es-as"],"elevationM":1779.3,"bbox":[-5.29084,43.07772,-5.29084,43.07772],"center":[-5.29084,43.07772]},"geometry":{"type":"Point","coordinates":[-5.29084,43.07772]}},{"type":"Feature","id":"physical-as-peak-names-030422-28504","properties":{"id":"physical-as-peak-names-030422-28504","slug":"les-cuerdes","name":"Les Cuerdes","localName":"Les Cuerdes","aliases":[],"kind":"peak","sourceId":"sitpa-physical","territoryIds":["es-as"],"elevationM":1814.4,"bbox":[-5.28205,43.07721,-5.28205,43.07721],"center":[-5.28205,43.07721]},"geometry":{"type":"Point","coordinates":[-5.28205,43.07721]}},{"type":"Feature","id":"physical-as-peak-names-030422-28508","properties":{"id":"physical-as-peak-names-030422-28508","slug":"la-fabariega","name":"La Fabariega","localName":"La Fabariega","aliases":[],"kind":"peak","sourceId":"sitpa-physical","territoryIds":["es-as"],"elevationM":1239,"bbox":[-5.25768,43.16103,-5.25768,43.16103],"center":[-5.25768,43.16103]},"geometry":{"type":"Point","coordinates":[-5.25768,43.16103]}},{"type":"Feature","id":"physical-as-peak-names-030422-28509","properties":{"id":"physical-as-peak-names-030422-28509","slug":"pena-la-quemada","name":"Peña La Quemada","localName":"Peña La Quemada","aliases":[],"kind":"peak","sourceId":"sitpa-physical","territoryIds":["es-as"],"elevationM":1239.7,"bbox":[-5.25706,43.1571,-5.25706,43.1571],"center":[-5.25706,43.1571]},"geometry":{"type":"Point","coordinates":[-5.25706,43.1571]}},{"type":"Feature","id":"physical-as-peak-names-030422-28510","properties":{"id":"physical-as-peak-names-030422-28510","slug":"pico-palombar","name":"Pico Palombar","localName":"Pico Palombar","aliases":[],"kind":"peak","sourceId":"sitpa-physical","territoryIds":["es-as"],"elevationM":1364.2,"bbox":[-5.23471,43.1654,-5.23471,43.1654],"center":[-5.23471,43.1654]},"geometry":{"type":"Point","coordinates":[-5.23471,43.1654]}},{"type":"Feature","id":"physical-as-peak-names-030422-28539","properties":{"id":"physical-as-peak-names-030422-28539","slug":"abariu","name":"Abariu","localName":"Abariu","aliases":[],"kind":"peak","sourceId":"sitpa-physical","territoryIds":["es-as"],"elevationM":1166.1,"bbox":[-5.26719,43.14326,-5.26719,43.14326],"center":[-5.26719,43.14326]},"geometry":{"type":"Point","coordinates":[-5.26719,43.14326]}},{"type":"Feature","id":"physical-as-peak-names-030422-28540","properties":{"id":"physical-as-peak-names-030422-28540","slug":"fitu-muries","name":"Fitu Muries","localName":"Fitu Muries","aliases":[],"kind":"peak","sourceId":"sitpa-physical","territoryIds":["es-as"],"elevationM":1242.8,"bbox":[-5.26441,43.13706,-5.26441,43.13706],"center":[-5.26441,43.13706]},"geometry":{"type":"Point","coordinates":[-5.26441,43.13706]}},{"type":"Feature","id":"physical-as-peak-names-030422-28541","properties":{"id":"physical-as-peak-names-030422-28541","slug":"pico-les-corones","name":"Pico Les Corones","localName":"Pico Les Corones","aliases":[],"kind":"peak","sourceId":"sitpa-physical","territoryIds":["es-as"],"elevationM":1491.7,"bbox":[-5.23405,43.14344,-5.23405,43.14344],"center":[-5.23405,43.14344]},"geometry":{"type":"Point","coordinates":[-5.23405,43.14344]}},{"type":"Feature","id":"physical-as-peak-names-030422-28572","properties":{"id":"physical-as-peak-names-030422-28572","slug":"pico-mosquito","name":"Pico Mosquito","localName":"Pico Mosquito","aliases":[],"kind":"peak","sourceId":"sitpa-physical","territoryIds":["es-as"],"elevationM":1380,"bbox":[-5.2395,43.12293,-5.2395,43.12293],"center":[-5.2395,43.12293]},"geometry":{"type":"Point","coordinates":[-5.2395,43.12293]}},{"type":"Feature","id":"physical-as-peak-names-030422-28594","properties":{"id":"physical-as-peak-names-030422-28594","slug":"la-requexada","name":"La Requexada","localName":"La Requexada","aliases":[],"kind":"peak","sourceId":"sitpa-physical","territoryIds":["es-as"],"elevationM":1736.8,"bbox":[-5.25091,43.09475,-5.25091,43.09475],"center":[-5.25091,43.09475]},"geometry":{"type":"Point","coordinates":[-5.25091,43.09475]}},{"type":"Feature","id":"physical-as-peak-names-030422-28595","properties":{"id":"physical-as-peak-names-030422-28595","slug":"moneu","name":"Moneu","localName":"Moneu","aliases":[],"kind":"peak","sourceId":"sitpa-physical","territoryIds":["es-as"],"elevationM":1824.7,"bbox":[-5.24966,43.08961,-5.24966,43.08961],"center":[-5.24966,43.08961]},"geometry":{"type":"Point","coordinates":[-5.24966,43.08961]}},{"type":"Feature","id":"physical-as-peak-names-030422-28596","properties":{"id":"physical-as-peak-names-030422-28596","slug":"cerrosa","name":"Cerrosa","localName":"Cerrosa","aliases":[],"kind":"peak","sourceId":"sitpa-physical","territoryIds":["es-as"],"elevationM":1763.4,"bbox":[-5.23838,43.09192,-5.23838,43.09192],"center":[-5.23838,43.09192]},"geometry":{"type":"Point","coordinates":[-5.23838,43.09192]}},{"type":"Feature","id":"physical-as-peak-names-030422-28597","properties":{"id":"physical-as-peak-names-030422-28597","slug":"el-mosquil","name":"El Mosquil","localName":"El Mosquil","aliases":[],"kind":"peak","sourceId":"sitpa-physical","territoryIds":["es-as"],"elevationM":1519.3,"bbox":[-5.2324,43.09716,-5.2324,43.09716],"center":[-5.2324,43.09716]},"geometry":{"type":"Point","coordinates":[-5.2324,43.09716]}},{"type":"Feature","id":"physical-as-peak-names-030422-28598","properties":{"id":"physical-as-peak-names-030422-28598","slug":"cuetu-negro","name":"Cuetu Negro","localName":"Cuetu Negro","aliases":[],"kind":"peak","sourceId":"sitpa-physical","territoryIds":["es-as"],"elevationM":1530.4,"bbox":[-5.26743,43.10231,-5.26743,43.10231],"center":[-5.26743,43.10231]},"geometry":{"type":"Point","coordinates":[-5.26743,43.10231]}},{"type":"Feature","id":"physical-as-peak-names-030422-28599","properties":{"id":"physical-as-peak-names-030422-28599","slug":"remelende","name":"Remelende","localName":"Remelende","aliases":[],"kind":"peak","sourceId":"sitpa-physical","territoryIds":["es-as"],"elevationM":1875.7,"bbox":[-5.23362,43.08454,-5.23362,43.08454],"center":[-5.23362,43.08454]},"geometry":{"type":"Point","coordinates":[-5.23362,43.08454]}},{"type":"Feature","id":"physical-as-peak-names-030422-28600","properties":{"id":"physical-as-peak-names-030422-28600","slug":"pico-el-bayo","name":"Pico El Bayo","localName":"Pico El Bayo","aliases":[],"kind":"peak","sourceId":"sitpa-physical","territoryIds":["es-as"],"elevationM":1614.4,"bbox":[-5.23353,43.09515,-5.23353,43.09515],"center":[-5.23353,43.09515]},"geometry":{"type":"Point","coordinates":[-5.23353,43.09515]}},{"type":"Feature","id":"physical-as-peak-names-030422-28601","properties":{"id":"physical-as-peak-names-030422-28601","slug":"pico-terreros","name":"Pico Terreros","localName":"Pico Terreros","aliases":[],"kind":"peak","sourceId":"sitpa-physical","territoryIds":["es-as"],"elevationM":1598.8,"bbox":[-5.23924,43.09887,-5.23924,43.09887],"center":[-5.23924,43.09887]},"geometry":{"type":"Point","coordinates":[-5.23924,43.09887]}},{"type":"Feature","id":"physical-as-peak-names-030422-28602","properties":{"id":"physical-as-peak-names-030422-28602","slug":"pico-mongayu","name":"Pico Mongayu","localName":"Pico Mongayu","aliases":[],"kind":"peak","sourceId":"sitpa-physical","territoryIds":["es-as"],"elevationM":1835.6,"bbox":[-5.24108,43.08922,-5.24108,43.08922],"center":[-5.24108,43.08922]},"geometry":{"type":"Point","coordinates":[-5.24108,43.08922]}},{"type":"Feature","id":"physical-as-peak-names-030422-28629","properties":{"id":"physical-as-peak-names-030422-28629","slug":"la-cuchiella","name":"La Cuchiella","localName":"La Cuchiella","aliases":[],"kind":"peak","sourceId":"sitpa-physical","territoryIds":["es-as"],"elevationM":1314.8,"bbox":[-5.22025,43.15079,-5.22025,43.15079],"center":[-5.22025,43.15079]},"geometry":{"type":"Point","coordinates":[-5.22025,43.15079]}},{"type":"Feature","id":"physical-as-peak-names-030422-28630","properties":{"id":"physical-as-peak-names-030422-28630","slug":"pena-el-congostin","name":"Peña El Congostín","localName":"Peña El Congostín","aliases":[],"kind":"peak","sourceId":"sitpa-physical","territoryIds":["es-as"],"elevationM":1415.2,"bbox":[-5.22157,43.15445,-5.22157,43.15445],"center":[-5.22157,43.15445]},"geometry":{"type":"Point","coordinates":[-5.22157,43.15445]}},{"type":"Feature","id":"physical-as-peak-names-030422-28651","properties":{"id":"physical-as-peak-names-030422-28651","slug":"pena-l-quemau","name":"Peña'l Quemáu","localName":"Peña'l Quemáu","aliases":[],"kind":"peak","sourceId":"sitpa-physical","territoryIds":["es-as"],"elevationM":1627.6,"bbox":[-5.21691,43.1438,-5.21691,43.1438],"center":[-5.21691,43.1438]},"geometry":{"type":"Point","coordinates":[-5.21691,43.1438]}},{"type":"Feature","id":"physical-as-peak-names-030422-28652","properties":{"id":"physical-as-peak-names-030422-28652","slug":"cerro-la-roza","name":"Cerro La Roza","localName":"Cerro La Roza","aliases":[],"kind":"peak","sourceId":"sitpa-physical","territoryIds":["es-as"],"elevationM":1375.4,"bbox":[-5.22577,43.13522,-5.22577,43.13522],"center":[-5.22577,43.13522]},"geometry":{"type":"Point","coordinates":[-5.22577,43.13522]}},{"type":"Feature","id":"physical-as-range-names-030424-2676","properties":{"id":"physical-as-range-names-030424-2676","slug":"sierra-tabornedo","name":"Sierra Tabornedo","localName":"Sierra Tabornedo","aliases":[],"kind":"range","sourceId":"sitpa-physical","territoryIds":["es-as"],"bbox":[-5.94208,43.49361,-5.94208,43.49361],"center":[-5.94208,43.49361]},"geometry":{"type":"Point","coordinates":[-5.94208,43.49361]}},{"type":"Feature","id":"physical-as-range-names-030424-3225","properties":{"id":"physical-as-range-names-030424-3225","slug":"sierra-zanzabornin","name":"Sierra Zanzabornín","localName":"Sierra Zanzabornín","aliases":[],"kind":"range","sourceId":"sitpa-physical","territoryIds":["es-as"],"bbox":[-5.93521,43.49695,-5.93521,43.49695],"center":[-5.93521,43.49695]},"geometry":{"type":"Point","coordinates":[-5.93521,43.49695]}},{"type":"Feature","id":"physical-as-range-names-030424-3226","properties":{"id":"physical-as-range-names-030424-3226","slug":"sierra-d-otura","name":"Sierra D'otura","localName":"Sierra D'otura","aliases":[],"kind":"range","sourceId":"sitpa-physical","territoryIds":["es-as"],"bbox":[-5.90698,43.49037,-5.90698,43.49037],"center":[-5.90698,43.49037]},"geometry":{"type":"Point","coordinates":[-5.90698,43.49037]}},{"type":"Feature","id":"physical-as-range-names-030424-5163","properties":{"id":"physical-as-range-names-030424-5163","slug":"sierra-de-fariu","name":"Sierra De Fariu","localName":"Sierra De Fariu","aliases":[],"kind":"range","sourceId":"sitpa-physical","territoryIds":["es-as"],"bbox":[-5.60025,43.43228,-5.60025,43.43228],"center":[-5.60025,43.43228]},"geometry":{"type":"Point","coordinates":[-5.60025,43.43228]}},{"type":"Feature","id":"physical-as-range-names-030424-6509","properties":{"id":"physical-as-range-names-030424-6509","slug":"ques","name":"Ques","localName":"Ques","aliases":[],"kind":"range","sourceId":"sitpa-physical","territoryIds":["es-as"],"bbox":[-5.40643,43.3474,-5.40643,43.3474],"center":[-5.40643,43.3474]},"geometry":{"type":"Point","coordinates":[-5.40643,43.3474]}},{"type":"Feature","id":"physical-as-range-names-030424-6687","properties":{"id":"physical-as-range-names-030424-6687","slug":"soma","name":"Soma","localName":"Soma","aliases":[],"kind":"range","sourceId":"sitpa-physical","territoryIds":["es-as"],"bbox":[-5.38655,43.4223,-5.38655,43.4223],"center":[-5.38655,43.4223]},"geometry":{"type":"Point","coordinates":[-5.38655,43.4223]}},{"type":"Feature","id":"physical-as-range-names-030424-6836","properties":{"id":"physical-as-range-names-030424-6836","slug":"cayon","name":"Cayón","localName":"Cayón","aliases":[],"kind":"range","sourceId":"sitpa-physical","territoryIds":["es-as"],"bbox":[-5.36368,43.36363,-5.36368,43.36363],"center":[-5.36368,43.36363]},"geometry":{"type":"Point","coordinates":[-5.36368,43.36363]}},{"type":"Feature","id":"physical-as-range-names-030424-7126","properties":{"id":"physical-as-range-names-030424-7126","slug":"monte-cayon","name":"Monte Cayón","localName":"Monte Cayón","aliases":[],"kind":"range","sourceId":"sitpa-physical","territoryIds":["es-as"],"bbox":[-5.34816,43.36657,-5.34816,43.36657],"center":[-5.34816,43.36657]},"geometry":{"type":"Point","coordinates":[-5.34816,43.36657]}},{"type":"Feature","id":"physical-as-range-names-030424-8407","properties":{"id":"physical-as-range-names-030424-8407","slug":"cuana","name":"Cuana","localName":"Cuana","aliases":[],"kind":"range","sourceId":"sitpa-physical","territoryIds":["es-as"],"bbox":[-5.0668,43.40881,-5.0668,43.40881],"center":[-5.0668,43.40881]},"geometry":{"type":"Point","coordinates":[-5.0668,43.40881]}},{"type":"Feature","id":"physical-as-range-names-030424-8428","properties":{"id":"physical-as-range-names-030424-8428","slug":"escapa","name":"Escapa","localName":"Escapa","aliases":[],"kind":"range","sourceId":"sitpa-physical","territoryIds":["es-as"],"bbox":[-5.06892,43.39887,-5.06892,43.39887],"center":[-5.06892,43.39887]},"geometry":{"type":"Point","coordinates":[-5.06892,43.39887]}},{"type":"Feature","id":"physical-as-range-names-030424-8485","properties":{"id":"physical-as-range-names-030424-8485","slug":"sierra-de-nanielles","name":"Sierra De Nanielles","localName":"Sierra De Nanielles","aliases":[],"kind":"range","sourceId":"sitpa-physical","territoryIds":["es-as"],"bbox":[-5.07089,43.37414,-5.07089,43.37414],"center":[-5.07089,43.37414]},"geometry":{"type":"Point","coordinates":[-5.07089,43.37414]}},{"type":"Feature","id":"physical-as-range-names-030424-8619","properties":{"id":"physical-as-range-names-030424-8619","slug":"ordiales","name":"Ordiales","localName":"Ordiales","aliases":[],"kind":"range","sourceId":"sitpa-physical","territoryIds":["es-as"],"bbox":[-5.03543,43.40318,-5.03543,43.40318],"center":[-5.03543,43.40318]},"geometry":{"type":"Point","coordinates":[-5.03543,43.40318]}},{"type":"Feature","id":"physical-as-range-names-030424-8831","properties":{"id":"physical-as-range-names-030424-8831","slug":"sierra-cueva-negra","name":"Sierra Cueva Negra","localName":"Sierra Cueva Negra","aliases":[],"kind":"range","sourceId":"sitpa-physical","territoryIds":["es-as"],"bbox":[-4.99717,43.42171,-4.99717,43.42171],"center":[-4.99717,43.42171]},"geometry":{"type":"Point","coordinates":[-4.99717,43.42171]}},{"type":"Feature","id":"physical-as-range-names-030424-8899","properties":{"id":"physical-as-range-names-030424-8899","slug":"sierra-de-la-cubeta","name":"Sierra De La Cubeta","localName":"Sierra De La Cubeta","aliases":[],"kind":"range","sourceId":"sitpa-physical","territoryIds":["es-as"],"bbox":[-4.9975,43.39234,-4.9975,43.39234],"center":[-4.9975,43.39234]},"geometry":{"type":"Point","coordinates":[-4.9975,43.39234]}},{"type":"Feature","id":"physical-as-range-names-030424-8931","properties":{"id":"physical-as-range-names-030424-8931","slug":"sierra-la-cruz","name":"Sierra La Cruz","localName":"Sierra La Cruz","aliases":[],"kind":"range","sourceId":"sitpa-physical","territoryIds":["es-as"],"bbox":[-4.98539,43.37574,-4.98539,43.37574],"center":[-4.98539,43.37574]},"geometry":{"type":"Point","coordinates":[-4.98539,43.37574]}},{"type":"Feature","id":"physical-as-range-names-030424-9541","properties":{"id":"physical-as-range-names-030424-9541","slug":"pene","name":"Peñe","localName":"Peñe","aliases":[],"kind":"range","sourceId":"sitpa-physical","territoryIds":["es-as"],"bbox":[-4.8799,43.38562,-4.8799,43.38562],"center":[-4.8799,43.38562]},"geometry":{"type":"Point","coordinates":[-4.8799,43.38562]}},{"type":"Feature","id":"physical-as-range-names-030424-9542","properties":{"id":"physical-as-range-names-030424-9542","slug":"villa","name":"Villa","localName":"Villa","aliases":[],"kind":"range","sourceId":"sitpa-physical","territoryIds":["es-as"],"bbox":[-4.87219,43.38615,-4.87219,43.38615],"center":[-4.87219,43.38615]},"geometry":{"type":"Point","coordinates":[-4.87219,43.38615]}},{"type":"Feature","id":"physical-as-range-names-030424-9591","properties":{"id":"physical-as-range-names-030424-9591","slug":"cuera","name":"Cuera","localName":"Cuera","aliases":[],"kind":"range","sourceId":"sitpa-physical","territoryIds":["es-as"],"bbox":[-4.88244,43.35837,-4.88244,43.35837],"center":[-4.88244,43.35837]},"geometry":{"type":"Point","coordinates":[-4.88244,43.35837]}},{"type":"Feature","id":"physical-as-range-names-030424-10460","properties":{"id":"physical-as-range-names-030424-10460","slug":"plana","name":"Plana","localName":"Plana","aliases":[],"kind":"range","sourceId":"sitpa-physical","territoryIds":["es-as"],"bbox":[-4.62798,43.38687,-4.62798,43.38687],"center":[-4.62798,43.38687]},"geometry":{"type":"Point","coordinates":[-4.62798,43.38687]}},{"type":"Feature","id":"physical-as-range-names-030424-10462","properties":{"id":"physical-as-range-names-030424-10462","slug":"borbolla","name":"Borbolla","localName":"Borbolla","aliases":[],"kind":"range","sourceId":"sitpa-physical","territoryIds":["es-as"],"bbox":[-4.61485,43.38651,-4.61485,43.38651],"center":[-4.61485,43.38651]},"geometry":{"type":"Point","coordinates":[-4.61485,43.38651]}},{"type":"Feature","id":"physical-as-range-names-030424-10997","properties":{"id":"physical-as-range-names-030424-10997","slug":"guanga","name":"Guanga","localName":"Guanga","aliases":[],"kind":"range","sourceId":"sitpa-physical","territoryIds":["es-as"],"bbox":[-6.00304,43.30034,-6.00304,43.30034],"center":[-6.00304,43.30034]},"geometry":{"type":"Point","coordinates":[-6.00304,43.30034]}},{"type":"Feature","id":"physical-as-range-names-030424-11030","properties":{"id":"physical-as-range-names-030424-11030","slug":"pedrisca","name":"Pedrisca","localName":"Pedrisca","aliases":[],"kind":"range","sourceId":"sitpa-physical","territoryIds":["es-as"],"bbox":[-6.00142,43.28484,-6.00142,43.28484],"center":[-6.00142,43.28484]},"geometry":{"type":"Point","coordinates":[-6.00142,43.28484]}},{"type":"Feature","id":"physical-as-range-names-030424-11078","properties":{"id":"physical-as-range-names-030424-11078","slug":"sierra-del-alceo","name":"Sierra Del Alceo","localName":"Sierra Del Alceo","aliases":[],"kind":"range","sourceId":"sitpa-physical","territoryIds":["es-as"],"bbox":[-6.00687,43.25197,-6.00687,43.25197],"center":[-6.00687,43.25197]},"geometry":{"type":"Point","coordinates":[-6.00687,43.25197]}},{"type":"Feature","id":"physical-as-range-names-030424-11387","properties":{"id":"physical-as-range-names-030424-11387","slug":"l-aramu","name":"L'aramu","localName":"L'aramu","aliases":[],"kind":"range","sourceId":"sitpa-physical","territoryIds":["es-as"],"bbox":[-5.94452,43.26471,-5.94452,43.26471],"center":[-5.94452,43.26471]},"geometry":{"type":"Point","coordinates":[-5.94452,43.26471]}},{"type":"Feature","id":"physical-as-range-names-030424-11797","properties":{"id":"physical-as-range-names-030424-11797","slug":"muriellos","name":"Muriellos","localName":"Muriellos","aliases":[],"kind":"range","sourceId":"sitpa-physical","territoryIds":["es-as"],"bbox":[-5.91647,43.21625,-5.91647,43.21625],"center":[-5.91647,43.21625]},"geometry":{"type":"Point","coordinates":[-5.91647,43.21625]}},{"type":"Feature","id":"physical-as-range-names-030424-11799","properties":{"id":"physical-as-range-names-030424-11799","slug":"cuesta","name":"Cuesta","localName":"Cuesta","aliases":[],"kind":"range","sourceId":"sitpa-physical","territoryIds":["es-as"],"bbox":[-5.93284,43.22314,-5.93284,43.22314],"center":[-5.93284,43.22314]},"geometry":{"type":"Point","coordinates":[-5.93284,43.22314]}},{"type":"Feature","id":"physical-as-range-names-030424-11800","properties":{"id":"physical-as-range-names-030424-11800","slug":"riosa","name":"Riosa","localName":"Riosa","aliases":[],"kind":"range","sourceId":"sitpa-physical","territoryIds":["es-as"],"bbox":[-5.9174,43.21174,-5.9174,43.21174],"center":[-5.9174,43.21174]},"geometry":{"type":"Point","coordinates":[-5.9174,43.21174]}},{"type":"Feature","id":"physical-as-range-names-030424-11959","properties":{"id":"physical-as-range-names-030424-11959","slug":"monsacro","name":"Monsacro","localName":"Monsacro","aliases":[],"kind":"range","sourceId":"sitpa-physical","territoryIds":["es-as"],"bbox":[-5.88916,43.26193,-5.88916,43.26193],"center":[-5.88916,43.26193]},"geometry":{"type":"Point","coordinates":[-5.88916,43.26193]}},{"type":"Feature","id":"physical-as-range-names-030424-12039","properties":{"id":"physical-as-range-names-030424-12039","slug":"segaes","name":"Segaes","localName":"Segaes","aliases":[],"kind":"range","sourceId":"sitpa-physical","territoryIds":["es-as"],"bbox":[-5.86528,43.19234,-5.86528,43.19234],"center":[-5.86528,43.19234]},"geometry":{"type":"Point","coordinates":[-5.86528,43.19234]}},{"type":"Feature","id":"physical-as-range-names-030424-12081","properties":{"id":"physical-as-range-names-030424-12081","slug":"les","name":"Les","localName":"Les","aliases":[],"kind":"range","sourceId":"sitpa-physical","territoryIds":["es-as"],"bbox":[-5.86751,43.19088,-5.86751,43.19088],"center":[-5.86751,43.19088]},"geometry":{"type":"Point","coordinates":[-5.86751,43.19088]}},{"type":"Feature","id":"physical-as-range-names-030424-12126","properties":{"id":"physical-as-range-names-030424-12126","slug":"golpeya","name":"Golpeya","localName":"Golpeya","aliases":[],"kind":"range","sourceId":"sitpa-physical","territoryIds":["es-as"],"bbox":[-5.88369,43.18041,-5.88369,43.18041],"center":[-5.88369,43.18041]},"geometry":{"type":"Point","coordinates":[-5.88369,43.18041]}},{"type":"Feature","id":"physical-as-range-names-030424-13591","properties":{"id":"physical-as-range-names-030424-13591","slug":"alto-de-la-corca","name":"Alto De La Corca","localName":"Alto De La Corca","aliases":[],"kind":"range","sourceId":"sitpa-physical","territoryIds":["es-as"],"bbox":[-5.63129,43.3058,-5.63129,43.3058],"center":[-5.63129,43.3058]},"geometry":{"type":"Point","coordinates":[-5.63129,43.3058]}},{"type":"Feature","id":"physical-as-range-names-030424-13609","properties":{"id":"physical-as-range-names-030424-13609","slug":"llorinte","name":"Llorinte","localName":"Llorinte","aliases":[],"kind":"range","sourceId":"sitpa-physical","territoryIds":["es-as"],"bbox":[-5.62275,43.30931,-5.62275,43.30931],"center":[-5.62275,43.30931]},"geometry":{"type":"Point","coordinates":[-5.62275,43.30931]}},{"type":"Feature","id":"physical-as-range-names-030424-15024","properties":{"id":"physical-as-range-names-030424-15024","slug":"sierra-de-pena-mayor","name":"Sierra De Peña Mayor","localName":"Sierra De Peña Mayor","aliases":[],"kind":"range","sourceId":"sitpa-physical","territoryIds":["es-as"],"bbox":[-5.51243,43.30571,-5.51243,43.30571],"center":[-5.51243,43.30571]},"geometry":{"type":"Point","coordinates":[-5.51243,43.30571]}},{"type":"Feature","id":"physical-as-range-names-030424-15581","properties":{"id":"physical-as-range-names-030424-15581","slug":"grandesllanes","name":"Grandesllanes","localName":"Grandesllanes","aliases":[],"kind":"range","sourceId":"sitpa-physical","territoryIds":["es-as"],"bbox":[-5.44189,43.30399,-5.44189,43.30399],"center":[-5.44189,43.30399]},"geometry":{"type":"Point","coordinates":[-5.44189,43.30399]}},{"type":"Feature","id":"physical-as-range-names-030424-15791","properties":{"id":"physical-as-range-names-030424-15791","slug":"sierra-carderu","name":"Sierra Carderu","localName":"Sierra Carderu","aliases":[],"kind":"range","sourceId":"sitpa-physical","territoryIds":["es-as"],"bbox":[-5.44554,43.18929,-5.44554,43.18929],"center":[-5.44554,43.18929]},"geometry":{"type":"Point","coordinates":[-5.44554,43.18929]}},{"type":"Feature","id":"physical-as-range-names-030424-16444","properties":{"id":"physical-as-range-names-030424-16444","slug":"sierra-de-les-grandesllanes","name":"Sierra De Les Grandesllanes","localName":"Sierra De Les Grandesllanes","aliases":[],"kind":"range","sourceId":"sitpa-physical","territoryIds":["es-as"],"bbox":[-5.40984,43.21665,-5.40984,43.21665],"center":[-5.40984,43.21665]},"geometry":{"type":"Point","coordinates":[-5.40984,43.21665]}},{"type":"Feature","id":"physical-as-range-names-030424-17563","properties":{"id":"physical-as-range-names-030424-17563","slug":"pena-fasquedal","name":"Peña Fasquedal","localName":"Peña Fasquedal","aliases":[],"kind":"range","sourceId":"sitpa-physical","territoryIds":["es-as"],"bbox":[-5.33351,43.24162,-5.33351,43.24162],"center":[-5.33351,43.24162]},"geometry":{"type":"Point","coordinates":[-5.33351,43.24162]}},{"type":"Feature","id":"physical-as-range-names-030424-18201","properties":{"id":"physical-as-range-names-030424-18201","slug":"llavaes","name":"Llavaes","localName":"Llavaes","aliases":[],"kind":"range","sourceId":"sitpa-physical","territoryIds":["es-as"],"bbox":[-5.25905,43.30012,-5.25905,43.30012],"center":[-5.25905,43.30012]},"geometry":{"type":"Point","coordinates":[-5.25905,43.30012]}},{"type":"Feature","id":"physical-as-range-names-030424-18203","properties":{"id":"physical-as-range-names-030424-18203","slug":"rosellon","name":"Rosellón","localName":"Rosellón","aliases":[],"kind":"range","sourceId":"sitpa-physical","territoryIds":["es-as"],"bbox":[-5.26341,43.29512,-5.26341,43.29512],"center":[-5.26341,43.29512]},"geometry":{"type":"Point","coordinates":[-5.26341,43.29512]}},{"type":"Feature","id":"physical-as-range-names-030424-18783","properties":{"id":"physical-as-range-names-030424-18783","slug":"sierra-barbarona","name":"Sierra Barbaroña","localName":"Sierra Barbaroña","aliases":[],"kind":"range","sourceId":"sitpa-physical","territoryIds":["es-as"],"bbox":[-5.19226,43.25884,-5.19226,43.25884],"center":[-5.19226,43.25884]},"geometry":{"type":"Point","coordinates":[-5.19226,43.25884]}},{"type":"Feature","id":"physical-as-range-names-030424-18866","properties":{"id":"physical-as-range-names-030424-18866","slug":"sierra-de-camora","name":"Sierra De Camora","localName":"Sierra De Camora","aliases":[],"kind":"range","sourceId":"sitpa-physical","territoryIds":["es-as"],"bbox":[-5.21929,43.22615,-5.21929,43.22615],"center":[-5.21929,43.22615]},"geometry":{"type":"Point","coordinates":[-5.21929,43.22615]}},{"type":"Feature","id":"physical-as-range-names-030424-18868","properties":{"id":"physical-as-range-names-030424-18868","slug":"cosios","name":"Cosíos","localName":"Cosíos","aliases":[],"kind":"range","sourceId":"sitpa-physical","territoryIds":["es-as"],"bbox":[-5.21278,43.21017,-5.21278,43.21017],"center":[-5.21278,43.21017]},"geometry":{"type":"Point","coordinates":[-5.21278,43.21017]}},{"type":"Feature","id":"physical-as-range-names-030424-18955","properties":{"id":"physical-as-range-names-030424-18955","slug":"sierra-de-cosios","name":"Sierra De Cosíos","localName":"Sierra De Cosíos","aliases":[],"kind":"range","sourceId":"sitpa-physical","territoryIds":["es-as"],"bbox":[-5.21037,43.20789,-5.21037,43.20789],"center":[-5.21037,43.20789]},"geometry":{"type":"Point","coordinates":[-5.21037,43.20789]}},{"type":"Feature","id":"physical-as-range-names-030424-18956","properties":{"id":"physical-as-range-names-030424-18956","slug":"sierra-castiellos","name":"Sierra Castiellos","localName":"Sierra Castiellos","aliases":[],"kind":"range","sourceId":"sitpa-physical","territoryIds":["es-as"],"bbox":[-5.20303,43.20736,-5.20303,43.20736],"center":[-5.20303,43.20736]},"geometry":{"type":"Point","coordinates":[-5.20303,43.20736]}},{"type":"Feature","id":"physical-as-range-names-030424-20240","properties":{"id":"physical-as-range-names-030424-20240","slug":"matona","name":"Matona","localName":"Matona","aliases":[],"kind":"range","sourceId":"sitpa-physical","territoryIds":["es-as"],"bbox":[-5.0547,43.30395,-5.0547,43.30395],"center":[-5.0547,43.30395]},"geometry":{"type":"Point","coordinates":[-5.0547,43.30395]}},{"type":"Feature","id":"physical-as-range-names-030424-25050","properties":{"id":"physical-as-range-names-030424-25050","slug":"mayeu","name":"Mayéu","localName":"Mayéu","aliases":[],"kind":"range","sourceId":"sitpa-physical","territoryIds":["es-as"],"bbox":[-5.8753,43.11063,-5.8753,43.11063],"center":[-5.8753,43.11063]},"geometry":{"type":"Point","coordinates":[-5.8753,43.11063]}},{"type":"Feature","id":"physical-as-range-names-030424-25052","properties":{"id":"physical-as-range-names-030424-25052","slug":"branavalera","name":"Brañavalera","localName":"Brañavalera","aliases":[],"kind":"range","sourceId":"sitpa-physical","territoryIds":["es-as"],"bbox":[-5.86326,43.11397,-5.86326,43.11397],"center":[-5.86326,43.11397]},"geometry":{"type":"Point","coordinates":[-5.86326,43.11397]}},{"type":"Feature","id":"physical-as-range-names-030424-27954","properties":{"id":"physical-as-range-names-030424-27954","slug":"yana","name":"Yana","localName":"Yana","aliases":[],"kind":"range","sourceId":"sitpa-physical","territoryIds":["es-as"],"bbox":[-5.44368,43.07791,-5.44368,43.07791],"center":[-5.44368,43.07791]},"geometry":{"type":"Point","coordinates":[-5.44368,43.07791]}},{"type":"Feature","id":"physical-as-range-names-030424-27976","properties":{"id":"physical-as-range-names-030424-27976","slug":"llana","name":"Llana","localName":"Llana","aliases":[],"kind":"range","sourceId":"sitpa-physical","territoryIds":["es-as"],"bbox":[-5.45857,43.05986,-5.45857,43.05986],"center":[-5.45857,43.05986]},"geometry":{"type":"Point","coordinates":[-5.45857,43.05986]}},{"type":"Feature","id":"physical-as-range-names-030424-28210","properties":{"id":"physical-as-range-names-030424-28210","slug":"cortegueru","name":"Cortegueru","localName":"Cortegueru","aliases":[],"kind":"range","sourceId":"sitpa-physical","territoryIds":["es-as"],"bbox":[-5.37563,43.11439,-5.37563,43.11439],"center":[-5.37563,43.11439]},"geometry":{"type":"Point","coordinates":[-5.37563,43.11439]}},{"type":"Feature","id":"physical-as-range-names-030424-28294","properties":{"id":"physical-as-range-names-030424-28294","slug":"canalina","name":"Canalina","localName":"Canalina","aliases":[],"kind":"range","sourceId":"sitpa-physical","territoryIds":["es-as"],"bbox":[-5.34697,43.14239,-5.34697,43.14239],"center":[-5.34697,43.14239]},"geometry":{"type":"Point","coordinates":[-5.34697,43.14239]}},{"type":"Feature","id":"physical-as-range-names-030424-28302","properties":{"id":"physical-as-range-names-030424-28302","slug":"forcada","name":"Forcada","localName":"Forcada","aliases":[],"kind":"range","sourceId":"sitpa-physical","territoryIds":["es-as"],"bbox":[-5.31777,43.13393,-5.31777,43.13393],"center":[-5.31777,43.13393]},"geometry":{"type":"Point","coordinates":[-5.31777,43.13393]}},{"type":"Feature","id":"physical-as-range-names-030424-28543","properties":{"id":"physical-as-range-names-030424-28543","slug":"pendones","name":"Pendones","localName":"Pendones","aliases":[],"kind":"range","sourceId":"sitpa-physical","territoryIds":["es-as"],"bbox":[-5.2347,43.14068,-5.2347,43.14068],"center":[-5.2347,43.14068]},"geometry":{"type":"Point","coordinates":[-5.2347,43.14068]}},{"type":"Feature","id":"physical-as-range-names-030424-28659","properties":{"id":"physical-as-range-names-030424-28659","slug":"ponga","name":"Ponga","localName":"Ponga","aliases":[],"kind":"range","sourceId":"sitpa-physical","territoryIds":["es-as"],"bbox":[-5.20134,43.1356,-5.20134,43.1356],"center":[-5.20134,43.1356]},"geometry":{"type":"Point","coordinates":[-5.20134,43.1356]}},{"type":"Feature","id":"physical-as-range-names-030424-28660","properties":{"id":"physical-as-range-names-030424-28660","slug":"valloseru","name":"Valloseru","localName":"Valloseru","aliases":[],"kind":"range","sourceId":"sitpa-physical","territoryIds":["es-as"],"bbox":[-5.19506,43.12643,-5.19506,43.12643],"center":[-5.19506,43.12643]},"geometry":{"type":"Point","coordinates":[-5.19506,43.12643]}},{"type":"Feature","id":"physical-as-range-names-030424-30283","properties":{"id":"physical-as-range-names-030424-30283","slug":"chamas","name":"Chamas","localName":"Chamas","aliases":[],"kind":"range","sourceId":"sitpa-physical","territoryIds":["es-as"],"bbox":[-6.41456,43.53346,-6.41456,43.53346],"center":[-6.41456,43.53346]},"geometry":{"type":"Point","coordinates":[-6.41456,43.53346]}},{"type":"Feature","id":"physical-as-range-names-030424-30328","properties":{"id":"physical-as-range-names-030424-30328","slug":"cadaveu","name":"Cadavéu","localName":"Cadavéu","aliases":[],"kind":"range","sourceId":"sitpa-physical","territoryIds":["es-as"],"bbox":[-6.367,43.53685,-6.367,43.53685],"center":[-6.367,43.53685]},"geometry":{"type":"Point","coordinates":[-6.367,43.53685]}},{"type":"Feature","id":"physical-as-range-names-030424-30376","properties":{"id":"physical-as-range-names-030424-30376","slug":"palanca","name":"Palanca","localName":"Palanca","aliases":[],"kind":"range","sourceId":"sitpa-physical","territoryIds":["es-as"],"bbox":[-6.32422,43.53359,-6.32422,43.53359],"center":[-6.32422,43.53359]},"geometry":{"type":"Point","coordinates":[-6.32422,43.53359]}},{"type":"Feature","id":"physical-as-range-names-030424-30780","properties":{"id":"physical-as-range-names-030424-30780","slug":"monte-santana","name":"Monte Santana","localName":"Monte Santana","aliases":[],"kind":"range","sourceId":"sitpa-physical","territoryIds":["es-as"],"bbox":[-6.18266,43.55611,-6.18266,43.55611],"center":[-6.18266,43.55611]},"geometry":{"type":"Point","coordinates":[-6.18266,43.55611]}},{"type":"Feature","id":"physical-as-range-names-030424-33134","properties":{"id":"physical-as-range-names-030424-33134","slug":"penouta","name":"Penouta","localName":"Penouta","aliases":[],"kind":"range","sourceId":"sitpa-physical","territoryIds":["es-as"],"bbox":[-6.83081,43.44647,-6.83081,43.44647],"center":[-6.83081,43.44647]},"geometry":{"type":"Point","coordinates":[-6.83081,43.44647]}},{"type":"Feature","id":"physical-as-range-names-030424-34412","properties":{"id":"physical-as-range-names-030424-34412","slug":"mucheiroso","name":"Mucheiroso","localName":"Mucheiroso","aliases":[],"kind":"range","sourceId":"sitpa-physical","territoryIds":["es-as"],"bbox":[-6.52761,43.38742,-6.52761,43.38742],"center":[-6.52761,43.38742]},"geometry":{"type":"Point","coordinates":[-6.52761,43.38742]}},{"type":"Feature","id":"physical-as-range-names-030424-34414","properties":{"id":"physical-as-range-names-030424-34414","slug":"fanfaraon","name":"Fanfaraón","localName":"Fanfaraón","aliases":[],"kind":"range","sourceId":"sitpa-physical","territoryIds":["es-as"],"bbox":[-6.52368,43.38576,-6.52368,43.38576],"center":[-6.52368,43.38576]},"geometry":{"type":"Point","coordinates":[-6.52368,43.38576]}},{"type":"Feature","id":"physical-as-range-names-030424-34417","properties":{"id":"physical-as-range-names-030424-34417","slug":"mino","name":"Miño","localName":"Miño","aliases":[],"kind":"range","sourceId":"sitpa-physical","territoryIds":["es-as"],"bbox":[-6.52569,43.38383,-6.52569,43.38383],"center":[-6.52569,43.38383]},"geometry":{"type":"Point","coordinates":[-6.52569,43.38383]}},{"type":"Feature","id":"physical-as-range-names-030424-34419","properties":{"id":"physical-as-range-names-030424-34419","slug":"tremao","name":"Tremao","localName":"Tremao","aliases":[],"kind":"range","sourceId":"sitpa-physical","territoryIds":["es-as"],"bbox":[-6.53477,43.37634,-6.53477,43.37634],"center":[-6.53477,43.37634]},"geometry":{"type":"Point","coordinates":[-6.53477,43.37634]}},{"type":"Feature","id":"physical-as-range-names-030424-34464","properties":{"id":"physical-as-range-names-030424-34464","slug":"sierra-de-forcachao","name":"Sierra De Forcachao","localName":"Sierra De Forcachao","aliases":[],"kind":"range","sourceId":"sitpa-physical","territoryIds":["es-as"],"bbox":[-6.54792,43.37232,-6.54792,43.37232],"center":[-6.54792,43.37232]},"geometry":{"type":"Point","coordinates":[-6.54792,43.37232]}},{"type":"Feature","id":"physical-as-range-names-030424-34719","properties":{"id":"physical-as-range-names-030424-34719","slug":"forcachao","name":"Forcachao","localName":"Forcachao","aliases":[],"kind":"range","sourceId":"sitpa-physical","territoryIds":["es-as"],"bbox":[-6.51261,43.38177,-6.51261,43.38177],"center":[-6.51261,43.38177]},"geometry":{"type":"Point","coordinates":[-6.51261,43.38177]}},{"type":"Feature","id":"physical-as-range-names-030424-35150","properties":{"id":"physical-as-range-names-030424-35150","slug":"sierra-oubona","name":"Sierra Oubona","localName":"Sierra Oubona","aliases":[],"kind":"range","sourceId":"sitpa-physical","territoryIds":["es-as"],"bbox":[-6.47144,43.35615,-6.47144,43.35615],"center":[-6.47144,43.35615]},"geometry":{"type":"Point","coordinates":[-6.47144,43.35615]}},{"type":"Feature","id":"physical-as-range-names-030424-37566","properties":{"id":"physical-as-range-names-030424-37566","slug":"sierra-faxas","name":"Sierra Faxas","localName":"Sierra Faxas","aliases":[],"kind":"range","sourceId":"sitpa-physical","territoryIds":["es-as"],"bbox":[-6.17001,43.42473,-6.17001,43.42473],"center":[-6.17001,43.42473]},"geometry":{"type":"Point","coordinates":[-6.17001,43.42473]}},{"type":"Feature","id":"physical-as-range-names-030424-37567","properties":{"id":"physical-as-range-names-030424-37567","slug":"sierra-folgueirinas","name":"Sierra Folgueirinas","localName":"Sierra Folgueirinas","aliases":[],"kind":"range","sourceId":"sitpa-physical","territoryIds":["es-as"],"bbox":[-6.17557,43.42027,-6.17557,43.42027],"center":[-6.17557,43.42027]},"geometry":{"type":"Point","coordinates":[-6.17557,43.42027]}},{"type":"Feature","id":"physical-as-range-names-030424-38193","properties":{"id":"physical-as-range-names-030424-38193","slug":"sollera","name":"Sollera","localName":"Sollera","aliases":[],"kind":"range","sourceId":"sitpa-physical","territoryIds":["es-as"],"bbox":[-6.11184,43.42475,-6.11184,43.42475],"center":[-6.11184,43.42475]},"geometry":{"type":"Point","coordinates":[-6.11184,43.42475]}},{"type":"Feature","id":"physical-as-range-names-030424-38282","properties":{"id":"physical-as-range-names-030424-38282","slug":"la-sierra-sollera","name":"La Sierra Sollera","localName":"La Sierra Sollera","aliases":[],"kind":"range","sourceId":"sitpa-physical","territoryIds":["es-as"],"bbox":[-6.11621,43.4156,-6.11621,43.4156],"center":[-6.11621,43.4156]},"geometry":{"type":"Point","coordinates":[-6.11621,43.4156]}},{"type":"Feature","id":"physical-as-range-names-030424-43251","properties":{"id":"physical-as-range-names-030424-43251","slug":"muria","name":"Muria","localName":"Muria","aliases":[],"kind":"range","sourceId":"sitpa-physical","territoryIds":["es-as"],"bbox":[-6.64912,43.31693,-6.64912,43.31693],"center":[-6.64912,43.31693]},"geometry":{"type":"Point","coordinates":[-6.64912,43.31693]}},{"type":"Feature","id":"physical-as-range-names-030424-44602","properties":{"id":"physical-as-range-names-030424-44602","slug":"isabel","name":"Isabel","localName":"Isabel","aliases":[],"kind":"range","sourceId":"sitpa-physical","territoryIds":["es-as"],"bbox":[-6.56573,43.19579,-6.56573,43.19579],"center":[-6.56573,43.19579]},"geometry":{"type":"Point","coordinates":[-6.56573,43.19579]}},{"type":"Feature","id":"physical-as-range-names-030424-44603","properties":{"id":"physical-as-range-names-030424-44603","slug":"santa","name":"Santa","localName":"Santa","aliases":[],"kind":"range","sourceId":"sitpa-physical","territoryIds":["es-as"],"bbox":[-6.56725,43.19321,-6.56725,43.19321],"center":[-6.56725,43.19321]},"geometry":{"type":"Point","coordinates":[-6.56725,43.19321]}},{"type":"Feature","id":"physical-as-range-names-030424-47679","properties":{"id":"physical-as-range-names-030424-47679","slug":"sierra-vallamonte","name":"Sierra Vallamonte","localName":"Sierra Vallamonte","aliases":[],"kind":"range","sourceId":"sitpa-physical","territoryIds":["es-as"],"bbox":[-6.36823,43.31288,-6.36823,43.31288],"center":[-6.36823,43.31288]},"geometry":{"type":"Point","coordinates":[-6.36823,43.31288]}},{"type":"Feature","id":"physical-as-range-names-030424-48782","properties":{"id":"physical-as-range-names-030424-48782","slug":"quintanal","name":"Quintanal","localName":"Quintanal","aliases":[],"kind":"range","sourceId":"sitpa-physical","territoryIds":["es-as"],"bbox":[-6.29669,43.22212,-6.29669,43.22212],"center":[-6.29669,43.22212]},"geometry":{"type":"Point","coordinates":[-6.29669,43.22212]}},{"type":"Feature","id":"physical-as-range-names-030424-49690","properties":{"id":"physical-as-range-names-030424-49690","slug":"sierra-la-matiecha","name":"Sierra La Matiecha","localName":"Sierra La Matiecha","aliases":[],"kind":"range","sourceId":"sitpa-physical","territoryIds":["es-as"],"bbox":[-6.19243,43.25328,-6.19243,43.25328],"center":[-6.19243,43.25328]},"geometry":{"type":"Point","coordinates":[-6.19243,43.25328]}},{"type":"Feature","id":"physical-as-range-names-030424-49764","properties":{"id":"physical-as-range-names-030424-49764","slug":"montovo","name":"Montovo","localName":"Montovo","aliases":[],"kind":"range","sourceId":"sitpa-physical","territoryIds":["es-as"],"bbox":[-6.22556,43.22182,-6.22556,43.22182],"center":[-6.22556,43.22182]},"geometry":{"type":"Point","coordinates":[-6.22556,43.22182]}},{"type":"Feature","id":"physical-as-range-names-030424-50136","properties":{"id":"physical-as-range-names-030424-50136","slug":"llomba","name":"Llomba","localName":"Llomba","aliases":[],"kind":"range","sourceId":"sitpa-physical","territoryIds":["es-as"],"bbox":[-6.14706,43.22408,-6.14706,43.22408],"center":[-6.14706,43.22408]},"geometry":{"type":"Point","coordinates":[-6.14706,43.22408]}},{"type":"Feature","id":"physical-as-range-names-030424-50944","properties":{"id":"physical-as-range-names-030424-50944","slug":"sierra-pena","name":"Sierra Peña","localName":"Sierra Peña","aliases":[],"kind":"range","sourceId":"sitpa-physical","territoryIds":["es-as"],"bbox":[-6.09865,43.19891,-6.09865,43.19891],"center":[-6.09865,43.19891]},"geometry":{"type":"Point","coordinates":[-6.09865,43.19891]}},{"type":"Feature","id":"physical-as-range-names-030424-50945","properties":{"id":"physical-as-range-names-030424-50945","slug":"gradura","name":"Gradura","localName":"Gradura","aliases":[],"kind":"range","sourceId":"sitpa-physical","territoryIds":["es-as"],"bbox":[-6.09788,43.19687,-6.09788,43.19687],"center":[-6.09788,43.19687]},"geometry":{"type":"Point","coordinates":[-6.09788,43.19687]}},{"type":"Feature","id":"physical-as-range-names-030424-50996","properties":{"id":"physical-as-range-names-030424-50996","slug":"sierra-pena-gradura","name":"Sierra Peña Gradura","localName":"Sierra Peña Gradura","aliases":[],"kind":"range","sourceId":"sitpa-physical","territoryIds":["es-as"],"bbox":[-6.09122,43.18536,-6.09122,43.18536],"center":[-6.09122,43.18536]},"geometry":{"type":"Point","coordinates":[-6.09122,43.18536]}},{"type":"Feature","id":"physical-as-range-names-030424-50998","properties":{"id":"physical-as-range-names-030424-50998","slug":"sobia","name":"Sobia","localName":"Sobia","aliases":[],"kind":"range","sourceId":"sitpa-physical","territoryIds":["es-as"],"bbox":[-6.07363,43.17322,-6.07363,43.17322],"center":[-6.07363,43.17322]},"geometry":{"type":"Point","coordinates":[-6.07363,43.17322]}},{"type":"Feature","id":"physical-as-range-names-030424-51045","properties":{"id":"physical-as-range-names-030424-51045","slug":"cuota","name":"Cuota","localName":"Cuota","aliases":[],"kind":"range","sourceId":"sitpa-physical","territoryIds":["es-as"],"bbox":[-6.04138,43.30752,-6.04138,43.30752],"center":[-6.04138,43.30752]},"geometry":{"type":"Point","coordinates":[-6.04138,43.30752]}},{"type":"Feature","id":"physical-as-reservoir-hydro-1-1","properties":{"id":"physical-as-reservoir-hydro-1-1","slug":"embalse-de-salime","name":"Embalse De Salime","localName":"Embalse De Salime","aliases":[],"kind":"reservoir","sourceId":"sitpa-physical","territoryIds":["es-as"],"bbox":[-6.96911,43.0569,-6.81968,43.23754],"center":[-6.894394999999999,43.147220000000004]},"geometry":{"type":"Point","coordinates":[-6.894394999999999,43.147220000000004]}},{"type":"Feature","id":"physical-as-reservoir-hydro-1-2","properties":{"id":"physical-as-reservoir-hydro-1-2","slug":"embalse-de-doiras","name":"Embalse De Doiras","localName":"Embalse De Doiras","aliases":[],"kind":"reservoir","sourceId":"sitpa-physical","territoryIds":["es-as"],"bbox":[-6.8589,43.24794,-6.82123,43.38696],"center":[-6.840065,43.31745]},"geometry":{"type":"Point","coordinates":[-6.840065,43.31745]}},{"type":"Feature","id":"physical-as-reservoir-hydro-1-3","properties":{"id":"physical-as-reservoir-hydro-1-3","slug":"embalse-de-arbon","name":"Embalse De Arbon","localName":"Embalse De Arbon","aliases":[],"kind":"reservoir","sourceId":"sitpa-physical","territoryIds":["es-as"],"bbox":[-6.82473,43.38248,-6.69977,43.47986],"center":[-6.76225,43.43117]},"geometry":{"type":"Point","coordinates":[-6.76225,43.43117]}},{"type":"Feature","id":"physical-as-reservoir-hydro-1-4","properties":{"id":"physical-as-reservoir-hydro-1-4","slug":"embalse-de-la-florida","name":"Embalse De La Florida","localName":"Embalse De La Florida","aliases":[],"kind":"reservoir","sourceId":"sitpa-physical","territoryIds":["es-as"],"bbox":[-6.441,43.27802,-6.42697,43.29166],"center":[-6.433985,43.28484]},"geometry":{"type":"Point","coordinates":[-6.433985,43.28484]}},{"type":"Feature","id":"physical-as-reservoir-hydro-1-5","properties":{"id":"physical-as-reservoir-hydro-1-5","slug":"embalse-de-la-barca","name":"Embalse De La Barca","localName":"Embalse De La Barca","aliases":[],"kind":"reservoir","sourceId":"sitpa-physical","territoryIds":["es-as"],"bbox":[-6.41361,43.28483,-6.30336,43.32112],"center":[-6.358485,43.302975]},"geometry":{"type":"Point","coordinates":[-6.358485,43.302975]}},{"type":"Feature","id":"physical-as-reservoir-hydro-1-6","properties":{"id":"physical-as-reservoir-hydro-1-6","slug":"embalse-de-valle","name":"Embalse De Valle","localName":"Embalse De Valle","aliases":[],"kind":"reservoir","sourceId":"sitpa-physical","territoryIds":["es-as"],"bbox":[-6.208,43.07413,-6.20611,43.07553],"center":[-6.207055,43.07483]},"geometry":{"type":"Point","coordinates":[-6.207055,43.07483]}},{"type":"Feature","id":"physical-as-reservoir-hydro-1-7","properties":{"id":"physical-as-reservoir-hydro-1-7","slug":"embalse-de-somiedo","name":"Embalse De Somiedo","localName":"Embalse De Somiedo","aliases":[],"kind":"reservoir","sourceId":"sitpa-physical","territoryIds":["es-as"],"bbox":[-6.25188,43.1176,-6.25126,43.11804],"center":[-6.25157,43.11782]},"geometry":{"type":"Point","coordinates":[-6.25157,43.11782]}},{"type":"Feature","id":"physical-as-reservoir-hydro-1-8","properties":{"id":"physical-as-reservoir-hydro-1-8","slug":"embalse-de-saliencia","name":"Embalse De Saliencia","localName":"Embalse De Saliencia","aliases":[],"kind":"reservoir","sourceId":"sitpa-physical","territoryIds":["es-as"],"bbox":[-6.25104,43.11747,-6.24997,43.11838],"center":[-6.250505,43.117925]},"geometry":{"type":"Point","coordinates":[-6.250505,43.117925]}},{"type":"Feature","id":"physical-as-reservoir-hydro-1-9","properties":{"id":"physical-as-reservoir-hydro-1-9","slug":"embalse-de-valdemurio","name":"Embalse De Valdemurio","localName":"Embalse De Valdemurio","aliases":[],"kind":"reservoir","sourceId":"sitpa-physical","territoryIds":["es-as"],"bbox":[-6.01963,43.19647,-6.00376,43.20062],"center":[-6.011695,43.198544999999996]},"geometry":{"type":"Point","coordinates":[-6.011695,43.198544999999996]}},{"type":"Feature","id":"physical-as-reservoir-hydro-1-10","properties":{"id":"physical-as-reservoir-hydro-1-10","slug":"embalse-de-alfilorios","name":"Embalse De Alfilorios","localName":"Embalse De Alfilorios","aliases":[],"kind":"reservoir","sourceId":"sitpa-physical","territoryIds":["es-as"],"bbox":[-5.92459,43.28371,-5.90954,43.29414],"center":[-5.917065,43.288925]},"geometry":{"type":"Point","coordinates":[-5.917065,43.288925]}},{"type":"Feature","id":"physical-as-reservoir-hydro-1-11","properties":{"id":"physical-as-reservoir-hydro-1-11","slug":"embalse-de-el-furacon","name":"Embalse De El Furacon","localName":"Embalse De El Furacon","aliases":[],"kind":"reservoir","sourceId":"sitpa-physical","territoryIds":["es-as"],"bbox":[-5.96617,43.35361,-5.95954,43.36766],"center":[-5.962854999999999,43.360635]},"geometry":{"type":"Point","coordinates":[-5.962854999999999,43.360635]}},{"type":"Feature","id":"physical-as-reservoir-hydro-1-12","properties":{"id":"physical-as-reservoir-hydro-1-12","slug":"embalse-de-prianes","name":"Embalse De Priañes","localName":"Embalse De Priañes","aliases":[],"kind":"reservoir","sourceId":"sitpa-physical","territoryIds":["es-as"],"bbox":[-5.97544,43.36826,-5.95656,43.38501],"center":[-5.965999999999999,43.376635]},"geometry":{"type":"Point","coordinates":[-5.965999999999999,43.376635]}},{"type":"Feature","id":"physical-as-reservoir-hydro-1-15","properties":{"id":"physical-as-reservoir-hydro-1-15","slug":"embalse-de-la-granda","name":"Embalse De La Granda","localName":"Embalse De La Granda","aliases":[],"kind":"reservoir","sourceId":"sitpa-physical","territoryIds":["es-as"],"bbox":[-5.86055,43.5575,-5.84867,43.56828],"center":[-5.85461,43.562889999999996]},"geometry":{"type":"Point","coordinates":[-5.85461,43.562889999999996]}},{"type":"Feature","id":"physical-as-reservoir-hydro-1-13","properties":{"id":"physical-as-reservoir-hydro-1-13","slug":"embalse-de-valduno","name":"Embalse De Valduno","localName":"Embalse De Valduno","aliases":[],"kind":"reservoir","sourceId":"sitpa-physical","territoryIds":["es-as"],"bbox":[-6.02525,43.38667,-5.9755,43.39704],"center":[-6.000375,43.391855]},"geometry":{"type":"Point","coordinates":[-6.000375,43.391855]}},{"type":"Feature","id":"physical-as-reservoir-hydro-1-14","properties":{"id":"physical-as-reservoir-hydro-1-14","slug":"embalse-de-trasona","name":"Embalse De Trasona","localName":"Embalse De Trasona","aliases":[],"kind":"reservoir","sourceId":"sitpa-physical","territoryIds":["es-as"],"bbox":[-5.8813,43.53192,-5.87051,43.54606],"center":[-5.875905,43.53899]},"geometry":{"type":"Point","coordinates":[-5.875905,43.53899]}},{"type":"Feature","id":"physical-as-reservoir-hydro-1-19","properties":{"id":"physical-as-reservoir-hydro-1-19","slug":"embalse-de-la-jocica","name":"Embalse De La Jocica","localName":"Embalse De La Jocica","aliases":[],"kind":"reservoir","sourceId":"sitpa-physical","territoryIds":["es-as"],"bbox":[-5.02705,43.20409,-5.02093,43.20656],"center":[-5.0239899999999995,43.205325]},"geometry":{"type":"Point","coordinates":[-5.0239899999999995,43.205325]}},{"type":"Feature","id":"physical-as-reservoir-hydro-1-16","properties":{"id":"physical-as-reservoir-hydro-1-16","slug":"embalse-de-san-andres-de-los-tacones","name":"Embalse De San Andrés De Los Tacones","localName":"Embalse De San Andrés De Los Tacones","aliases":[],"kind":"reservoir","sourceId":"sitpa-physical","territoryIds":["es-as"],"bbox":[-5.77731,43.49838,-5.75324,43.5038],"center":[-5.765275,43.50109]},"geometry":{"type":"Point","coordinates":[-5.765275,43.50109]}},{"type":"Feature","id":"physical-as-reservoir-hydro-1-17","properties":{"id":"physical-as-reservoir-hydro-1-17","slug":"embalse-de-tanes","name":"Embalse De Tanes","localName":"Embalse De Tanes","aliases":[],"kind":"reservoir","sourceId":"sitpa-physical","territoryIds":["es-as"],"bbox":[-5.42842,43.18958,-5.37534,43.22137],"center":[-5.40188,43.205475]},"geometry":{"type":"Point","coordinates":[-5.40188,43.205475]}},{"type":"Feature","id":"physical-as-reservoir-hydro-1-18","properties":{"id":"physical-as-reservoir-hydro-1-18","slug":"embalse-de-rioseco","name":"Embalse De Rioseco","localName":"Embalse De Rioseco","aliases":[],"kind":"reservoir","sourceId":"sitpa-physical","territoryIds":["es-as"],"bbox":[-5.47325,43.22001,-5.45864,43.22867],"center":[-5.465945,43.22434]},"geometry":{"type":"Point","coordinates":[-5.465945,43.22434]}},{"type":"Feature","id":"physical-as-lake-hydro-2-2","properties":{"id":"physical-as-lake-hydro-2-2","slug":"charca-de-zeluan","name":"Charca De Zeluán","localName":"Charca De Zeluán","aliases":[],"kind":"lake","sourceId":"sitpa-physical","territoryIds":["es-as"],"bbox":[-5.91492,43.58815,-5.91384,43.58875],"center":[-5.91438,43.588449999999995]},"geometry":{"type":"Point","coordinates":[-5.91438,43.588449999999995]}},{"type":"Feature","id":"physical-as-lake-hydro-2-3","properties":{"id":"physical-as-lake-hydro-2-3","slug":"lagua-de-busnovo","name":"Lagúa De Busnovo","localName":"Lagúa De Busnovo","aliases":[],"kind":"lake","sourceId":"sitpa-physical","territoryIds":["es-as"],"bbox":[-7.06956,43.34783,-7.06935,43.34795],"center":[-7.069455,43.34789]},"geometry":{"type":"Point","coordinates":[-7.069455,43.34789]}},{"type":"Feature","id":"physical-as-lake-hydro-2-4","properties":{"id":"physical-as-lake-hydro-2-4","slug":"estanque-del-pueblo-de-asturias","name":"Estanque Del Pueblo De Asturias","localName":"Estanque Del Pueblo De Asturias","aliases":[],"kind":"lake","sourceId":"sitpa-physical","territoryIds":["es-as"],"bbox":[-5.63474,43.53782,-5.63337,43.53848],"center":[-5.634055,43.53815]},"geometry":{"type":"Point","coordinates":[-5.634055,43.53815]}},{"type":"Feature","id":"physical-as-lake-hydro-2-5","properties":{"id":"physical-as-lake-hydro-2-5","slug":"laguna-la-furta","name":"Laguna La Furta","localName":"Laguna La Furta","aliases":[],"kind":"lake","sourceId":"sitpa-physical","territoryIds":["es-as"],"bbox":[-5.87464,43.5272,-5.87033,43.52931],"center":[-5.872485,43.528255]},"geometry":{"type":"Point","coordinates":[-5.872485,43.528255]}},{"type":"Feature","id":"physical-as-lake-hydro-2-8","properties":{"id":"physical-as-lake-hydro-2-8","slug":"balsa","name":"Balsa","localName":"Balsa","aliases":[],"kind":"lake","sourceId":"sitpa-physical","territoryIds":["es-as"],"bbox":[-5.74534,43.56913,-5.74458,43.56949],"center":[-5.74496,43.56931]},"geometry":{"type":"Point","coordinates":[-5.74496,43.56931]}},{"type":"Feature","id":"physical-as-lake-hydro-2-14","properties":{"id":"physical-as-lake-hydro-2-14","slug":"laguna-del-toroyo","name":"Laguna Del Toroyo","localName":"Laguna Del Toroyo","aliases":[],"kind":"lake","sourceId":"sitpa-physical","territoryIds":["es-as"],"bbox":[-5.9192,43.36458,-5.91844,43.365],"center":[-5.91882,43.36479]},"geometry":{"type":"Point","coordinates":[-5.91882,43.36479]}},{"type":"Feature","id":"physical-as-lake-hydro-2-19","properties":{"id":"physical-as-lake-hydro-2-19","slug":"estanque","name":"Estanque","localName":"Estanque","aliases":[],"kind":"lake","sourceId":"sitpa-physical","territoryIds":["es-as"],"bbox":[-5.65695,43.49925,-5.65647,43.49962],"center":[-5.65671,43.499435000000005]},"geometry":{"type":"Point","coordinates":[-5.65671,43.499435000000005]}},{"type":"Feature","id":"physical-as-lake-hydro-2-22","properties":{"id":"physical-as-lake-hydro-2-22","slug":"los-llaguinillos-d-ordial","name":"Los Llaguinillos D'ordial","localName":"Los Llaguinillos D'ordial","aliases":[],"kind":"lake","sourceId":"sitpa-physical","territoryIds":["es-as"],"bbox":[-4.98185,43.24544,-4.98113,43.24601],"center":[-4.98149,43.245725]},"geometry":{"type":"Point","coordinates":[-4.98149,43.245725]}},{"type":"Feature","id":"physical-as-lake-hydro-2-26","properties":{"id":"physical-as-lake-hydro-2-26","slug":"laguna-el-carbonero","name":"Laguna El Carbonero","localName":"Laguna El Carbonero","aliases":[],"kind":"lake","sourceId":"sitpa-physical","territoryIds":["es-as"],"bbox":[-5.76682,43.23221,-5.76637,43.23269],"center":[-5.766595000000001,43.23245]},"geometry":{"type":"Point","coordinates":[-5.766595000000001,43.23245]}},{"type":"Feature","id":"physical-as-lake-hydro-2-31","properties":{"id":"physical-as-lake-hydro-2-31","slug":"laguna-colines","name":"Laguna Colines","localName":"Laguna Colines","aliases":[],"kind":"lake","sourceId":"sitpa-physical","territoryIds":["es-as"],"bbox":[-5.51487,43.39265,-5.51306,43.39313],"center":[-5.513965000000001,43.39289]},"geometry":{"type":"Point","coordinates":[-5.513965000000001,43.39289]}},{"type":"Feature","id":"physical-as-lake-hydro-2-40","properties":{"id":"physical-as-lake-hydro-2-40","slug":"el-xulgal-o-llaguna-de-la-llosa","name":"El Xulgal O Llaguna De La Llosa","localName":"El Xulgal O Llaguna De La Llosa","aliases":[],"kind":"lake","sourceId":"sitpa-physical","territoryIds":["es-as"],"bbox":[-4.78394,43.37074,-4.78238,43.37169],"center":[-4.7831600000000005,43.371215]},"geometry":{"type":"Point","coordinates":[-4.7831600000000005,43.371215]}},{"type":"Feature","id":"physical-as-lake-hydro-2-41","properties":{"id":"physical-as-lake-hydro-2-41","slug":"laguna-de-la-bufarrera","name":"Laguna De La Bufarrera","localName":"Laguna De La Bufarrera","aliases":[],"kind":"lake","sourceId":"sitpa-physical","territoryIds":["es-as"],"bbox":[-4.98045,43.2714,-4.97974,43.27227],"center":[-4.980095,43.271834999999996]},"geometry":{"type":"Point","coordinates":[-4.980095,43.271834999999996]}},{"type":"Feature","id":"physical-as-lake-hydro-2-42","properties":{"id":"physical-as-lake-hydro-2-42","slug":"laguna-la-llomba","name":"Laguna La Llomba","localName":"Laguna La Llomba","aliases":[],"kind":"lake","sourceId":"sitpa-physical","territoryIds":["es-as"],"bbox":[-4.9724,43.27278,-4.97222,43.27319],"center":[-4.97231,43.272985]},"geometry":{"type":"Point","coordinates":[-4.97231,43.272985]}},{"type":"Feature","id":"physical-as-lake-hydro-2-45","properties":{"id":"physical-as-lake-hydro-2-45","slug":"la-becerrera","name":"La Becerrera","localName":"La Becerrera","aliases":[],"kind":"lake","sourceId":"sitpa-physical","territoryIds":["es-as"],"bbox":[-5.93512,43.04954,-5.93472,43.04985],"center":[-5.93492,43.049695]},"geometry":{"type":"Point","coordinates":[-5.93492,43.049695]}},{"type":"Feature","id":"physical-as-lake-hydro-2-46","properties":{"id":"physical-as-lake-hydro-2-46","slug":"llagu-aranga-2","name":"Llagu Aranga (2)","localName":"Llagu Aranga (2)","aliases":[],"kind":"lake","sourceId":"sitpa-physical","territoryIds":["es-as"],"bbox":[-5.15892,43.21204,-5.15863,43.21233],"center":[-5.158775,43.212185000000005]},"geometry":{"type":"Point","coordinates":[-5.158775,43.212185000000005]}},{"type":"Feature","id":"physical-as-lake-hydro-2-49","properties":{"id":"physical-as-lake-hydro-2-49","slug":"laguna-aranga","name":"Laguna Aranga","localName":"Laguna Aranga","aliases":[],"kind":"lake","sourceId":"sitpa-physical","territoryIds":["es-as"],"bbox":[-5.15653,43.21853,-5.15626,43.21877],"center":[-5.156395,43.21865]},"geometry":{"type":"Point","coordinates":[-5.156395,43.21865]}},{"type":"Feature","id":"physical-as-lake-hydro-2-50","properties":{"id":"physical-as-lake-hydro-2-50","slug":"lago-enol","name":"Lago Enol","localName":"Lago Enol","aliases":[],"kind":"lake","sourceId":"sitpa-physical","territoryIds":["es-as"],"bbox":[-4.99462,43.27028,-4.98827,43.2738],"center":[-4.991445000000001,43.272040000000004]},"geometry":{"type":"Point","coordinates":[-4.991445000000001,43.272040000000004]}},{"type":"Feature","id":"physical-as-lake-hydro-2-53","properties":{"id":"physical-as-lake-hydro-2-53","slug":"las-gorbenas","name":"Las Gorbeñas","localName":"Las Gorbeñas","aliases":[],"kind":"lake","sourceId":"sitpa-physical","territoryIds":["es-as"],"bbox":[-5.92078,43.05802,-5.92015,43.05846],"center":[-5.920465,43.05824]},"geometry":{"type":"Point","coordinates":[-5.920465,43.05824]}},{"type":"Feature","id":"physical-as-lake-hydro-2-60","properties":{"id":"physical-as-lake-hydro-2-60","slug":"llagu-secu-de-cebolleda","name":"Llagu Secu De Cebolleda","localName":"Llagu Secu De Cebolleda","aliases":[],"kind":"lake","sourceId":"sitpa-physical","territoryIds":["es-as"],"bbox":[-4.9922,43.2225,-4.99185,43.22277],"center":[-4.992025,43.222635]},"geometry":{"type":"Point","coordinates":[-4.992025,43.222635]}},{"type":"Feature","id":"physical-as-lake-hydro-2-61","properties":{"id":"physical-as-lake-hydro-2-61","slug":"lago-el-chagu","name":"Lago El Chagu","localName":"Lago El Chagu","aliases":[],"kind":"lake","sourceId":"sitpa-physical","territoryIds":["es-as"],"bbox":[-5.87085,43.11289,-5.87067,43.1131],"center":[-5.87076,43.112995]},"geometry":{"type":"Point","coordinates":[-5.87076,43.112995]}},{"type":"Feature","id":"physical-as-lake-hydro-2-64","properties":{"id":"physical-as-lake-hydro-2-64","slug":"el-embalse","name":"El Embalse","localName":"El Embalse","aliases":[],"kind":"lake","sourceId":"sitpa-physical","territoryIds":["es-as"],"bbox":[-4.99187,43.28218,-4.99115,43.28257],"center":[-4.99151,43.282375]},"geometry":{"type":"Point","coordinates":[-4.99151,43.282375]}},{"type":"Feature","id":"physical-as-lake-hydro-2-75","properties":{"id":"physical-as-lake-hydro-2-75","slug":"laguna-de-brananova","name":"Laguna De Brañanova","localName":"Laguna De Brañanova","aliases":[],"kind":"lake","sourceId":"sitpa-physical","territoryIds":["es-as"],"bbox":[-6.93147,43.36715,-6.93126,43.36732],"center":[-6.9313649999999996,43.367235]},"geometry":{"type":"Point","coordinates":[-6.9313649999999996,43.367235]}},{"type":"Feature","id":"physical-as-lake-hydro-2-76","properties":{"id":"physical-as-lake-hydro-2-76","slug":"laguna-de-campolago","name":"Laguna De Campolago","localName":"Laguna De Campolago","aliases":[],"kind":"lake","sourceId":"sitpa-physical","territoryIds":["es-as"],"bbox":[-6.91108,43.37252,-6.91094,43.37269],"center":[-6.91101,43.372605]},"geometry":{"type":"Point","coordinates":[-6.91101,43.372605]}},{"type":"Feature","id":"physical-as-lake-hydro-2-77","properties":{"id":"physical-as-lake-hydro-2-77","slug":"laguna-del-rouno","name":"Laguna Del Rouño","localName":"Laguna Del Rouño","aliases":[],"kind":"lake","sourceId":"sitpa-physical","territoryIds":["es-as"],"bbox":[-6.91346,43.36104,-6.91335,43.36115],"center":[-6.913405,43.361095000000006]},"geometry":{"type":"Point","coordinates":[-6.913405,43.361095000000006]}},{"type":"Feature","id":"physical-as-lake-hydro-2-81","properties":{"id":"physical-as-lake-hydro-2-81","slug":"laguna-da-sella-bidur","name":"Laguna Da Sella Bidur","localName":"Laguna Da Sella Bidur","aliases":[],"kind":"lake","sourceId":"sitpa-physical","territoryIds":["es-as"],"bbox":[-6.90131,43.41421,-6.90093,43.4143],"center":[-6.90112,43.414255]},"geometry":{"type":"Point","coordinates":[-6.90112,43.414255]}},{"type":"Feature","id":"physical-as-lake-hydro-2-82","properties":{"id":"physical-as-lake-hydro-2-82","slug":"laguna-de-monferroso","name":"Laguna De Monferroso","localName":"Laguna De Monferroso","aliases":[],"kind":"lake","sourceId":"sitpa-physical","territoryIds":["es-as"],"bbox":[-6.90177,43.41082,-6.90171,43.41087],"center":[-6.90174,43.410845]},"geometry":{"type":"Point","coordinates":[-6.90174,43.410845]}},{"type":"Feature","id":"physical-as-lake-hydro-2-83","properties":{"id":"physical-as-lake-hydro-2-83","slug":"laguna-del-pozo","name":"Laguna Del Pozo","localName":"Laguna Del Pozo","aliases":[],"kind":"lake","sourceId":"sitpa-physical","territoryIds":["es-as"],"bbox":[-6.92198,43.41245,-6.92175,43.41255],"center":[-6.921865,43.4125]},"geometry":{"type":"Point","coordinates":[-6.921865,43.4125]}},{"type":"Feature","id":"physical-as-lake-hydro-2-85","properties":{"id":"physical-as-lake-hydro-2-85","slug":"pozo-da-lagua","name":"Pozo Da Lagúa","localName":"Pozo Da Lagúa","aliases":[],"kind":"lake","sourceId":"sitpa-physical","territoryIds":["es-as"],"bbox":[-6.90769,43.40195,-6.90755,43.40211],"center":[-6.90762,43.402029999999996]},"geometry":{"type":"Point","coordinates":[-6.90762,43.402029999999996]}},{"type":"Feature","id":"physical-as-lake-hydro-2-88","properties":{"id":"physical-as-lake-hydro-2-88","slug":"laguna-del-acebal","name":"Laguna Del Acebal","localName":"Laguna Del Acebal","aliases":[],"kind":"lake","sourceId":"sitpa-physical","territoryIds":["es-as"],"bbox":[-6.91518,43.36127,-6.915,43.36151],"center":[-6.91509,43.36139]},"geometry":{"type":"Point","coordinates":[-6.91509,43.36139]}},{"type":"Feature","id":"physical-as-lake-hydro-2-89","properties":{"id":"physical-as-lake-hydro-2-89","slug":"laguna-del-palacio-de-los-selgas","name":"Laguna Del Palacio De Los Selgas","localName":"Laguna Del Palacio De Los Selgas","aliases":[],"kind":"lake","sourceId":"sitpa-physical","territoryIds":["es-as"],"bbox":[-6.13695,43.55206,-6.13667,43.55239],"center":[-6.13681,43.552225]},"geometry":{"type":"Point","coordinates":[-6.13681,43.552225]}},{"type":"Feature","id":"physical-as-lake-hydro-2-91","properties":{"id":"physical-as-lake-hydro-2-91","slug":"carbazosa","name":"Carbazosa","localName":"Carbazosa","aliases":[],"kind":"lake","sourceId":"sitpa-physical","territoryIds":["es-as"],"bbox":[-5.36034,43.10607,-5.36013,43.10617],"center":[-5.360234999999999,43.106120000000004]},"geometry":{"type":"Point","coordinates":[-5.360234999999999,43.106120000000004]}},{"type":"Feature","id":"physical-as-lake-hydro-2-92","properties":{"id":"physical-as-lake-hydro-2-92","slug":"lago-caballuna","name":"Lago Caballuna","localName":"Lago Caballuna","aliases":[],"kind":"lake","sourceId":"sitpa-physical","territoryIds":["es-as"],"bbox":[-5.40446,43.08917,-5.40132,43.09001],"center":[-5.40289,43.08959]},"geometry":{"type":"Point","coordinates":[-5.40289,43.08959]}},{"type":"Feature","id":"physical-as-lake-hydro-2-93","properties":{"id":"physical-as-lake-hydro-2-93","slug":"lago-torres","name":"Lago Torres","localName":"Lago Torres","aliases":[],"kind":"lake","sourceId":"sitpa-physical","territoryIds":["es-as"],"bbox":[-5.39783,43.08109,-5.39752,43.0813],"center":[-5.397675,43.081195]},"geometry":{"type":"Point","coordinates":[-5.397675,43.081195]}},{"type":"Feature","id":"physical-as-lake-hydro-2-111","properties":{"id":"physical-as-lake-hydro-2-111","slug":"pozo-del-chao-da-lagua","name":"Pozo Del Chao Da Lagúa","localName":"Pozo Del Chao Da Lagúa","aliases":[],"kind":"lake","sourceId":"sitpa-physical","territoryIds":["es-as"],"bbox":[-6.91261,43.40246,-6.91248,43.40261],"center":[-6.912545,43.402535]},"geometry":{"type":"Point","coordinates":[-6.912545,43.402535]}},{"type":"Feature","id":"physical-as-lake-hydro-2-122","properties":{"id":"physical-as-lake-hydro-2-122","slug":"laguna-del-xeixo","name":"Laguna Del Xeixo","localName":"Laguna Del Xeixo","aliases":[],"kind":"lake","sourceId":"sitpa-physical","territoryIds":["es-as"],"bbox":[-6.9252,43.40132,-6.92508,43.4014],"center":[-6.925140000000001,43.40136]},"geometry":{"type":"Point","coordinates":[-6.925140000000001,43.40136]}},{"type":"Feature","id":"physical-as-lake-hydro-2-134","properties":{"id":"physical-as-lake-hydro-2-134","slug":"lago","name":"Lago","localName":"Lago","aliases":[],"kind":"lake","sourceId":"sitpa-physical","territoryIds":["es-as"],"bbox":[-5.73932,43.03065,-5.73888,43.03105],"center":[-5.7391000000000005,43.03085]},"geometry":{"type":"Point","coordinates":[-5.7391000000000005,43.03085]}},{"type":"Feature","id":"physical-as-lake-hydro-2-136","properties":{"id":"physical-as-lake-hydro-2-136","slug":"laguna-de-villadun","name":"Laguna De Villadun","localName":"Laguna De Villadun","aliases":[],"kind":"lake","sourceId":"sitpa-physical","territoryIds":["es-as"],"bbox":[-7.01201,43.54679,-7.01141,43.54708],"center":[-7.01171,43.546935000000005]},"geometry":{"type":"Point","coordinates":[-7.01171,43.546935000000005]}},{"type":"Feature","id":"physical-as-lake-hydro-2-140","properties":{"id":"physical-as-lake-hydro-2-140","slug":"lago-la-treida","name":"Lago La Treida","localName":"Lago La Treida","aliases":[],"kind":"lake","sourceId":"sitpa-physical","territoryIds":["es-as"],"bbox":[-5.96824,43.0659,-5.96534,43.06931],"center":[-5.96679,43.067605]},"geometry":{"type":"Point","coordinates":[-5.96679,43.067605]}},{"type":"Feature","id":"physical-as-lake-hydro-2-142","properties":{"id":"physical-as-lake-hydro-2-142","slug":"llagu-complengu-la-cueva","name":"Llagu Complengu La Cueva","localName":"Llagu Complengu La Cueva","aliases":[],"kind":"lake","sourceId":"sitpa-physical","territoryIds":["es-as"],"bbox":[-4.93048,43.26658,-4.93028,43.26692],"center":[-4.9303799999999995,43.26675]},"geometry":{"type":"Point","coordinates":[-4.9303799999999995,43.26675]}},{"type":"Feature","id":"physical-as-lake-hydro-2-145","properties":{"id":"physical-as-lake-hydro-2-145","slug":"pozu-los-texos","name":"Pozu Los Texos","localName":"Pozu Los Texos","aliases":[],"kind":"lake","sourceId":"sitpa-physical","territoryIds":["es-as"],"bbox":[-4.92263,43.25746,-4.92233,43.25763],"center":[-4.92248,43.257545]},"geometry":{"type":"Point","coordinates":[-4.92248,43.257545]}},{"type":"Feature","id":"physical-as-lake-hydro-2-146","properties":{"id":"physical-as-lake-hydro-2-146","slug":"sanllagu","name":"Sanllagu","localName":"Sanllagu","aliases":[],"kind":"lake","sourceId":"sitpa-physical","territoryIds":["es-as"],"bbox":[-4.86881,43.26891,-4.86854,43.26903],"center":[-4.868675,43.268969999999996]},"geometry":{"type":"Point","coordinates":[-4.868675,43.268969999999996]}},{"type":"Feature","id":"physical-as-lake-hydro-2-147","properties":{"id":"physical-as-lake-hydro-2-147","slug":"el-lladiellu-o-llaguiellu","name":"El Lladiellu O Llaguiellu","localName":"El Lladiellu O Llaguiellu","aliases":[],"kind":"lake","sourceId":"sitpa-physical","territoryIds":["es-as"],"bbox":[-4.95297,43.2497,-4.95191,43.25011],"center":[-4.952439999999999,43.249905]},"geometry":{"type":"Point","coordinates":[-4.952439999999999,43.249905]}},{"type":"Feature","id":"physical-as-lake-hydro-2-149","properties":{"id":"physical-as-lake-hydro-2-149","slug":"lago-joulagua","name":"Lago Joulagua","localName":"Lago Joulagua","aliases":[],"kind":"lake","sourceId":"sitpa-physical","territoryIds":["es-as"],"bbox":[-4.95445,43.24229,-4.95416,43.24254],"center":[-4.954305,43.242414999999994]},"geometry":{"type":"Point","coordinates":[-4.954305,43.242414999999994]}},{"type":"Feature","id":"physical-as-lake-hydro-2-153","properties":{"id":"physical-as-lake-hydro-2-153","slug":"llagu-de-amuesa","name":"Llagu De Amuesa","localName":"Llagu De Amuesa","aliases":[],"kind":"lake","sourceId":"sitpa-physical","territoryIds":["es-as"],"bbox":[-4.85893,43.23363,-4.85857,43.23394],"center":[-4.858750000000001,43.233785]},"geometry":{"type":"Point","coordinates":[-4.858750000000001,43.233785]}},{"type":"Feature","id":"physical-as-lake-hydro-2-156","properties":{"id":"physical-as-lake-hydro-2-156","slug":"charca-las-velongas","name":"Charca Las Velongas","localName":"Charca Las Velongas","aliases":[],"kind":"lake","sourceId":"sitpa-physical","territoryIds":["es-as"],"bbox":[-5.74593,43.02467,-5.74555,43.02497],"center":[-5.74574,43.024820000000005]},"geometry":{"type":"Point","coordinates":[-5.74574,43.024820000000005]}},{"type":"Feature","id":"physical-as-lake-hydro-2-161","properties":{"id":"physical-as-lake-hydro-2-161","slug":"pozo-del-chao","name":"Pozo Del Chao","localName":"Pozo Del Chao","aliases":[],"kind":"lake","sourceId":"sitpa-physical","territoryIds":["es-as"],"bbox":[-6.6627,43.25697,-6.66211,43.2575],"center":[-6.662405,43.257235]},"geometry":{"type":"Point","coordinates":[-6.662405,43.257235]}},{"type":"Feature","id":"physical-as-lake-hydro-2-166","properties":{"id":"physical-as-lake-hydro-2-166","slug":"pozo-del-ruxidor","name":"Pozo Del Ruxidor","localName":"Pozo Del Ruxidor","aliases":[],"kind":"lake","sourceId":"sitpa-physical","territoryIds":["es-as"],"bbox":[-6.45697,43.34079,-6.45685,43.34094],"center":[-6.456910000000001,43.340865]},"geometry":{"type":"Point","coordinates":[-6.456910000000001,43.340865]}},{"type":"Feature","id":"physical-as-lake-hydro-2-169","properties":{"id":"physical-as-lake-hydro-2-169","slug":"lagunas-de-vallaures","name":"Lagunas De Vallaurés","localName":"Lagunas De Vallaurés","aliases":[],"kind":"lake","sourceId":"sitpa-physical","territoryIds":["es-as"],"bbox":[-6.72086,43.34225,-6.7205,43.34254],"center":[-6.72068,43.342394999999996]},"geometry":{"type":"Point","coordinates":[-6.72068,43.342394999999996]}},{"type":"Feature","id":"physical-as-lake-hydro-2-175","properties":{"id":"physical-as-lake-hydro-2-175","slug":"laguna-dos-chaos","name":"Laguna Dos Chaos","localName":"Laguna Dos Chaos","aliases":[],"kind":"lake","sourceId":"sitpa-physical","territoryIds":["es-as"],"bbox":[-6.92131,43.35238,-6.92105,43.35264],"center":[-6.92118,43.352509999999995]},"geometry":{"type":"Point","coordinates":[-6.92118,43.352509999999995]}},{"type":"Feature","id":"physical-as-lake-hydro-2-176","properties":{"id":"physical-as-lake-hydro-2-176","slug":"laguna-longa","name":"Laguna Longa","localName":"Laguna Longa","aliases":[],"kind":"lake","sourceId":"sitpa-physical","territoryIds":["es-as"],"bbox":[-6.92253,43.35193,-6.92208,43.35207],"center":[-6.922305,43.352000000000004]},"geometry":{"type":"Point","coordinates":[-6.922305,43.352000000000004]}},{"type":"Feature","id":"physical-as-lake-hydro-2-178","properties":{"id":"physical-as-lake-hydro-2-178","slug":"laguna-de-covaleye","name":"Laguna De Covaleye","localName":"Laguna De Covaleye","aliases":[],"kind":"lake","sourceId":"sitpa-physical","territoryIds":["es-as"],"bbox":[-6.92188,43.34746,-6.92163,43.34767],"center":[-6.921755,43.347565]},"geometry":{"type":"Point","coordinates":[-6.921755,43.347565]}},{"type":"Feature","id":"physical-as-lake-hydro-2-179","properties":{"id":"physical-as-lake-hydro-2-179","slug":"laguna-dos-prados","name":"Laguna Dos Prados","localName":"Laguna Dos Prados","aliases":[],"kind":"lake","sourceId":"sitpa-physical","territoryIds":["es-as"],"bbox":[-6.90934,43.34733,-6.90884,43.34764],"center":[-6.90909,43.347485]},"geometry":{"type":"Point","coordinates":[-6.90909,43.347485]}},{"type":"Feature","id":"physical-as-lake-hydro-2-182","properties":{"id":"physical-as-lake-hydro-2-182","slug":"lagua-el-teijo","name":"Lagúa El Teijo","localName":"Lagúa El Teijo","aliases":[],"kind":"lake","sourceId":"sitpa-physical","territoryIds":["es-as"],"bbox":[-7.04975,43.34021,-7.04946,43.34044],"center":[-7.049605,43.340325]},"geometry":{"type":"Point","coordinates":[-7.049605,43.340325]}},{"type":"Feature","id":"physical-as-lake-hydro-2-185","properties":{"id":"physical-as-lake-hydro-2-185","slug":"laguna-del-gouno","name":"Laguna Del Gouño","localName":"Laguna Del Gouño","aliases":[],"kind":"lake","sourceId":"sitpa-physical","territoryIds":["es-as"],"bbox":[-6.89301,43.33434,-6.89281,43.33454],"center":[-6.8929100000000005,43.33444]},"geometry":{"type":"Point","coordinates":[-6.8929100000000005,43.33444]}},{"type":"Feature","id":"physical-as-lake-hydro-2-187","properties":{"id":"physical-as-lake-hydro-2-187","slug":"lagua-verde","name":"Lagúa Verde","localName":"Lagúa Verde","aliases":[],"kind":"lake","sourceId":"sitpa-physical","territoryIds":["es-as"],"bbox":[-6.96548,43.36728,-6.96507,43.36741],"center":[-6.965275,43.367345]},"geometry":{"type":"Point","coordinates":[-6.965275,43.367345]}},{"type":"Feature","id":"physical-as-lake-hydro-2-188","properties":{"id":"physical-as-lake-hydro-2-188","slug":"lagua-de-piedrafita","name":"Lagúa De Piedrafita","localName":"Lagúa De Piedrafita","aliases":[],"kind":"lake","sourceId":"sitpa-physical","territoryIds":["es-as"],"bbox":[-6.9656,43.36902,-6.96521,43.36913],"center":[-6.9654050000000005,43.369074999999995]},"geometry":{"type":"Point","coordinates":[-6.9654050000000005,43.369074999999995]}},{"type":"Feature","id":"physical-as-lake-hydro-2-189","properties":{"id":"physical-as-lake-hydro-2-189","slug":"lagua-das-rounas","name":"Lagúa Das Rouñas","localName":"Lagúa Das Rouñas","aliases":[],"kind":"lake","sourceId":"sitpa-physical","territoryIds":["es-as"],"bbox":[-6.9629,43.37355,-6.9627,43.37377],"center":[-6.9628,43.37366]},"geometry":{"type":"Point","coordinates":[-6.9628,43.37366]}},{"type":"Feature","id":"physical-as-lake-hydro-2-193","properties":{"id":"physical-as-lake-hydro-2-193","slug":"laguna-de-leices","name":"Laguna De Leices","localName":"Laguna De Leices","aliases":[],"kind":"lake","sourceId":"sitpa-physical","territoryIds":["es-as"],"bbox":[-6.88422,43.33633,-6.88395,43.3365],"center":[-6.884085,43.336415]},"geometry":{"type":"Point","coordinates":[-6.884085,43.336415]}},{"type":"Feature","id":"physical-as-lake-hydro-2-195","properties":{"id":"physical-as-lake-hydro-2-195","slug":"a-lagua","name":"A Lagúa","localName":"A Lagúa","aliases":[],"kind":"lake","sourceId":"sitpa-physical","territoryIds":["es-as"],"bbox":[-7.03437,43.3564,-7.03419,43.35661],"center":[-7.03428,43.356505]},"geometry":{"type":"Point","coordinates":[-7.03428,43.356505]}},{"type":"Feature","id":"physical-as-lake-hydro-2-196","properties":{"id":"physical-as-lake-hydro-2-196","slug":"laguna-del-ouroso","name":"Laguna Del Ouroso","localName":"Laguna Del Ouroso","aliases":[],"kind":"lake","sourceId":"sitpa-physical","territoryIds":["es-as"],"bbox":[-7.02482,43.35695,-7.02456,43.35721],"center":[-7.02469,43.357079999999996]},"geometry":{"type":"Point","coordinates":[-7.02469,43.357079999999996]}},{"type":"Feature","id":"physical-as-lake-hydro-2-198","properties":{"id":"physical-as-lake-hydro-2-198","slug":"laguna-grallas","name":"Laguna Grallas","localName":"Laguna Grallas","aliases":[],"kind":"lake","sourceId":"sitpa-physical","territoryIds":["es-as"],"bbox":[-6.99061,43.3549,-6.99027,43.35512],"center":[-6.9904399999999995,43.35501]},"geometry":{"type":"Point","coordinates":[-6.9904399999999995,43.35501]}},{"type":"Feature","id":"physical-as-lake-hydro-2-202","properties":{"id":"physical-as-lake-hydro-2-202","slug":"laguna-de-freixe","name":"Laguna De Freixe","localName":"Laguna De Freixe","aliases":[],"kind":"lake","sourceId":"sitpa-physical","territoryIds":["es-as"],"bbox":[-7.03649,43.37177,-7.03638,43.37186],"center":[-7.036435,43.371815]},"geometry":{"type":"Point","coordinates":[-7.036435,43.371815]}},{"type":"Feature","id":"physical-as-lake-hydro-2-203","properties":{"id":"physical-as-lake-hydro-2-203","slug":"laguna-da-brana-del-pao","name":"Laguna Da Braña Del Pao","localName":"Laguna Da Braña Del Pao","aliases":[],"kind":"lake","sourceId":"sitpa-physical","territoryIds":["es-as"],"bbox":[-6.91657,43.35687,-6.9164,43.35709],"center":[-6.916485,43.35698]},"geometry":{"type":"Point","coordinates":[-6.916485,43.35698]}},{"type":"Feature","id":"physical-as-lake-hydro-2-207","properties":{"id":"physical-as-lake-hydro-2-207","slug":"laguna-el-texedal","name":"Laguna El Texedal","localName":"Laguna El Texedal","aliases":[],"kind":"lake","sourceId":"sitpa-physical","territoryIds":["es-as"],"bbox":[-6.40182,43.10534,-6.4013,43.10588],"center":[-6.40156,43.10561]},"geometry":{"type":"Point","coordinates":[-6.40156,43.10561]}},{"type":"Feature","id":"physical-as-lake-hydro-2-211","properties":{"id":"physical-as-lake-hydro-2-211","slug":"laguna-valdecuelebre","name":"Laguna Valdecuelebre","localName":"Laguna Valdecuelebre","aliases":[],"kind":"lake","sourceId":"sitpa-physical","territoryIds":["es-as"],"bbox":[-6.4619,42.99162,-6.46154,42.99194],"center":[-6.46172,42.99178]},"geometry":{"type":"Point","coordinates":[-6.46172,42.99178]}},{"type":"Feature","id":"physical-as-lake-hydro-2-215","properties":{"id":"physical-as-lake-hydro-2-215","slug":"lago-del-chao","name":"Lago Del Chao","localName":"Lago Del Chao","aliases":[],"kind":"lake","sourceId":"sitpa-physical","territoryIds":["es-as"],"bbox":[-6.10714,43.07606,-6.1058,43.07698],"center":[-6.10647,43.07652]},"geometry":{"type":"Point","coordinates":[-6.10647,43.07652]}},{"type":"Feature","id":"physical-as-lake-hydro-2-218","properties":{"id":"physical-as-lake-hydro-2-218","slug":"chaguna-d-inviernu","name":"Chaguna ( D'ìnviernu)","localName":"Chaguna ( D'ìnviernu)","aliases":[],"kind":"lake","sourceId":"sitpa-physical","territoryIds":["es-as"],"bbox":[-6.17075,43.13848,-6.17033,43.13883],"center":[-6.17054,43.138655]},"geometry":{"type":"Point","coordinates":[-6.17054,43.138655]}},{"type":"Feature","id":"physical-as-lake-hydro-2-222","properties":{"id":"physical-as-lake-hydro-2-222","slug":"laguna-del-picu-el-rio","name":"Laguna Del Picu El Río","localName":"Laguna Del Picu El Río","aliases":[],"kind":"lake","sourceId":"sitpa-physical","territoryIds":["es-as"],"bbox":[-6.36608,43.05252,-6.36571,43.05268],"center":[-6.365895,43.0526]},"geometry":{"type":"Point","coordinates":[-6.365895,43.0526]}},{"type":"Feature","id":"physical-as-lake-hydro-2-223","properties":{"id":"physical-as-lake-hydro-2-223","slug":"el-chagu-laguna-de-viveiro-o-laguna-seca","name":"El Chagu ( Laguna De Viveiro O Laguna Seca )","localName":"El Chagu ( Laguna De Viveiro O Laguna Seca )","aliases":[],"kind":"lake","sourceId":"sitpa-physical","territoryIds":["es-as"],"bbox":[-6.39596,43.01697,-6.39518,43.01739],"center":[-6.395569999999999,43.017179999999996]},"geometry":{"type":"Point","coordinates":[-6.395569999999999,43.017179999999996]}},{"type":"Feature","id":"physical-as-lake-hydro-2-224","properties":{"id":"physical-as-lake-hydro-2-224","slug":"laguna-de-changueiru","name":"Laguna De Changueiru","localName":"Laguna De Changueiru","aliases":[],"kind":"lake","sourceId":"sitpa-physical","territoryIds":["es-as"],"bbox":[-6.52323,42.9551,-6.52222,42.95569],"center":[-6.522724999999999,42.955394999999996]},"geometry":{"type":"Point","coordinates":[-6.522724999999999,42.955394999999996]}},{"type":"Feature","id":"physical-as-lake-hydro-2-225","properties":{"id":"physical-as-lake-hydro-2-225","slug":"tchau-pequenu","name":"Tchau Pequenu","localName":"Tchau Pequenu","aliases":[],"kind":"lake","sourceId":"sitpa-physical","territoryIds":["es-as"],"bbox":[-6.33915,43.05937,-6.33889,43.05959],"center":[-6.33902,43.05948]},"geometry":{"type":"Point","coordinates":[-6.33902,43.05948]}},{"type":"Feature","id":"physical-as-lake-hydro-2-229","properties":{"id":"physical-as-lake-hydro-2-229","slug":"laguna-de-invierno","name":"Laguna De Invierno","localName":"Laguna De Invierno","aliases":[],"kind":"lake","sourceId":"sitpa-physical","territoryIds":["es-as"],"bbox":[-6.1842,43.07473,-6.18291,43.07572],"center":[-6.183555,43.075225]},"geometry":{"type":"Point","coordinates":[-6.183555,43.075225]}},{"type":"Feature","id":"physical-as-lake-hydro-2-243","properties":{"id":"physical-as-lake-hydro-2-243","slug":"lago-marta","name":"Lago Marta","localName":"Lago Marta","aliases":[],"kind":"lake","sourceId":"sitpa-physical","territoryIds":["es-as"],"bbox":[-6.6649,43.30128,-6.66439,43.30176],"center":[-6.664645,43.30152]},"geometry":{"type":"Point","coordinates":[-6.664645,43.30152]}},{"type":"Feature","id":"physical-as-lake-hydro-2-244","properties":{"id":"physical-as-lake-hydro-2-244","slug":"los-pozos-de-la-mayada","name":"Los Pozos De La Mayada","localName":"Los Pozos De La Mayada","aliases":[],"kind":"lake","sourceId":"sitpa-physical","territoryIds":["es-as"],"bbox":[-6.77023,42.885,-6.76906,42.88567],"center":[-6.769645,42.885335]},"geometry":{"type":"Point","coordinates":[-6.769645,42.885335]}},{"type":"Feature","id":"physical-as-lake-hydro-2-245","properties":{"id":"physical-as-lake-hydro-2-245","slug":"laguna-de-chagozos","name":"Laguna De Chagozos","localName":"Laguna De Chagozos","aliases":[],"kind":"lake","sourceId":"sitpa-physical","territoryIds":["es-as"],"bbox":[-6.76852,42.8839,-6.76783,42.88412],"center":[-6.768174999999999,42.88401]},"geometry":{"type":"Point","coordinates":[-6.768174999999999,42.88401]}},{"type":"Feature","id":"physical-as-lake-hydro-2-246","properties":{"id":"physical-as-lake-hydro-2-246","slug":"aveizuna","name":"Aveizuna","localName":"Aveizuna","aliases":[],"kind":"lake","sourceId":"sitpa-physical","territoryIds":["es-as"],"bbox":[-6.69791,42.99236,-6.69756,42.99261],"center":[-6.697735,42.992485]},"geometry":{"type":"Point","coordinates":[-6.697735,42.992485]}},{"type":"Feature","id":"physical-as-lake-hydro-2-247","properties":{"id":"physical-as-lake-hydro-2-247","slug":"laguna-chao-morteirin","name":"Laguna Chao Morteirín","localName":"Laguna Chao Morteirín","aliases":[],"kind":"lake","sourceId":"sitpa-physical","territoryIds":["es-as"],"bbox":[-6.69336,42.92444,-6.69298,42.92502],"center":[-6.69317,42.92473]},"geometry":{"type":"Point","coordinates":[-6.69317,42.92473]}},{"type":"Feature","id":"physical-as-lake-hydro-2-248","properties":{"id":"physical-as-lake-hydro-2-248","slug":"laguna-fondeira","name":"Laguna Fondeira","localName":"Laguna Fondeira","aliases":[],"kind":"lake","sourceId":"sitpa-physical","territoryIds":["es-as"],"bbox":[-6.6913,42.92601,-6.69114,42.92616],"center":[-6.6912199999999995,42.926085]},"geometry":{"type":"Point","coordinates":[-6.6912199999999995,42.926085]}},{"type":"Feature","id":"physical-as-lake-hydro-2-249","properties":{"id":"physical-as-lake-hydro-2-249","slug":"laguna-veiga-morteiro","name":"Laguna Veiga Morteiro","localName":"Laguna Veiga Morteiro","aliases":[],"kind":"lake","sourceId":"sitpa-physical","territoryIds":["es-as"],"bbox":[-6.69287,42.92566,-6.69275,42.92574],"center":[-6.69281,42.9257]},"geometry":{"type":"Point","coordinates":[-6.69281,42.9257]}},{"type":"Feature","id":"physical-as-lake-hydro-2-333","properties":{"id":"physical-as-lake-hydro-2-333","slug":"lago-de-penarrei","name":"Lago De Penarrei","localName":"Lago De Penarrei","aliases":[],"kind":"lake","sourceId":"sitpa-physical","territoryIds":["es-as"],"bbox":[-5.9785,43.27549,-5.97832,43.27566],"center":[-5.97841,43.275575]},"geometry":{"type":"Point","coordinates":[-5.97841,43.275575]}},{"type":"Feature","id":"physical-as-lake-hydro-2-250","properties":{"id":"physical-as-lake-hydro-2-250","slug":"lagunas-de-branas-de-tablao-laguna-d-abaxo","name":"Lagunas De Brañas De Tablao ( Laguna D'abaxo )","localName":"Lagunas De Brañas De Tablao ( Laguna D'abaxo )","aliases":[],"kind":"lake","sourceId":"sitpa-physical","territoryIds":["es-as"],"bbox":[-6.66134,42.92527,-6.6604,42.92574],"center":[-6.66087,42.925505]},"geometry":{"type":"Point","coordinates":[-6.66087,42.925505]}},{"type":"Feature","id":"physical-as-lake-hydro-2-251","properties":{"id":"physical-as-lake-hydro-2-251","slug":"laguna-seca","name":"Laguna Seca","localName":"Laguna Seca","aliases":[],"kind":"lake","sourceId":"sitpa-physical","territoryIds":["es-as"],"bbox":[-6.47131,42.99416,-6.47016,42.99455],"center":[-6.4707349999999995,42.994355]},"geometry":{"type":"Point","coordinates":[-6.4707349999999995,42.994355]}},{"type":"Feature","id":"physical-as-lake-hydro-2-253","properties":{"id":"physical-as-lake-hydro-2-253","slug":"laguna-de-sequeras","name":"Laguna De Sequeras","localName":"Laguna De Sequeras","aliases":[],"kind":"lake","sourceId":"sitpa-physical","territoryIds":["es-as"],"bbox":[-6.58537,42.973,-6.5851,42.97325],"center":[-6.585235,42.973124999999996]},"geometry":{"type":"Point","coordinates":[-6.585235,42.973124999999996]}},{"type":"Feature","id":"physical-as-lake-hydro-2-254","properties":{"id":"physical-as-lake-hydro-2-254","slug":"laguna-del-puerto-o-laguna-de-arbas","name":"Laguna Del Puerto O Laguna De Arbás","localName":"Laguna Del Puerto O Laguna De Arbás","aliases":[],"kind":"lake","sourceId":"sitpa-physical","territoryIds":["es-as"],"bbox":[-6.4266,42.99167,-6.42383,42.99351],"center":[-6.425215,42.99259]},"geometry":{"type":"Point","coordinates":[-6.425215,42.99259]}},{"type":"Feature","id":"physical-as-lake-hydro-2-256","properties":{"id":"physical-as-lake-hydro-2-256","slug":"laguna-de-almagrera-o-de-la-mina","name":"Laguna De Almagrera O De La Mina","localName":"Laguna De Almagrera O De La Mina","aliases":[],"kind":"lake","sourceId":"sitpa-physical","territoryIds":["es-as"],"bbox":[-6.10946,43.05174,-6.10776,43.05278],"center":[-6.1086100000000005,43.052260000000004]},"geometry":{"type":"Point","coordinates":[-6.1086100000000005,43.052260000000004]}},{"type":"Feature","id":"physical-as-lake-hydro-2-257","properties":{"id":"physical-as-lake-hydro-2-257","slug":"lago-cerveriz","name":"Lago Cerveriz","localName":"Lago Cerveriz","aliases":[],"kind":"lake","sourceId":"sitpa-physical","territoryIds":["es-as"],"bbox":[-6.11652,43.04847,-6.11167,43.05074],"center":[-6.114095000000001,43.049605]},"geometry":{"type":"Point","coordinates":[-6.114095000000001,43.049605]}},{"type":"Feature","id":"physical-as-lake-hydro-2-258","properties":{"id":"physical-as-lake-hydro-2-258","slug":"lago-de-calabazosa-o-negro","name":"Lago De Calabazosa O Negro","localName":"Lago De Calabazosa O Negro","aliases":[],"kind":"lake","sourceId":"sitpa-physical","territoryIds":["es-as"],"bbox":[-6.10771,43.04545,-6.10179,43.04894],"center":[-6.10475,43.047195]},"geometry":{"type":"Point","coordinates":[-6.10475,43.047195]}},{"type":"Feature","id":"physical-as-lake-hydro-2-269","properties":{"id":"physical-as-lake-hydro-2-269","slug":"laguna-de-fontarente","name":"Laguna De Fontarente","localName":"Laguna De Fontarente","aliases":[],"kind":"lake","sourceId":"sitpa-physical","territoryIds":["es-as"],"bbox":[-6.30102,43.0416,-6.30056,43.04198],"center":[-6.30079,43.041790000000006]},"geometry":{"type":"Point","coordinates":[-6.30079,43.041790000000006]}},{"type":"Feature","id":"physical-as-lake-hydro-2-259","properties":{"id":"physical-as-lake-hydro-2-259","slug":"lago-del-valle","name":"Lago Del Valle","localName":"Lago Del Valle","aliases":[],"kind":"lake","sourceId":"sitpa-physical","territoryIds":["es-as"],"bbox":[-6.14149,43.03847,-6.136,43.04485],"center":[-6.138745,43.04165999999999]},"geometry":{"type":"Point","coordinates":[-6.138745,43.04165999999999]}},{"type":"Feature","id":"physical-as-lake-hydro-2-260","properties":{"id":"physical-as-lake-hydro-2-260","slug":"lago-de-cebolleu","name":"Lago De Cebolléu","localName":"Lago De Cebolléu","aliases":[],"kind":"lake","sourceId":"sitpa-physical","territoryIds":["es-as"],"bbox":[-6.12316,43.0484,-6.1216,43.04982],"center":[-6.12238,43.04911]},"geometry":{"type":"Point","coordinates":[-6.12238,43.04911]}},{"type":"Feature","id":"physical-as-lake-hydro-2-261","properties":{"id":"physical-as-lake-hydro-2-261","slug":"lago-de-la-cueva","name":"Lago De La Cueva","localName":"Lago De La Cueva","aliases":[],"kind":"lake","sourceId":"sitpa-physical","territoryIds":["es-as"],"bbox":[-6.10492,43.05213,-6.10166,43.05535],"center":[-6.103289999999999,43.05374]},"geometry":{"type":"Point","coordinates":[-6.103289999999999,43.05374]}},{"type":"Feature","id":"physical-as-lake-hydro-2-265","properties":{"id":"physical-as-lake-hydro-2-265","slug":"laguna-del-barroso","name":"Laguna Del Barroso","localName":"Laguna Del Barroso","aliases":[],"kind":"lake","sourceId":"sitpa-physical","territoryIds":["es-as"],"bbox":[-6.2955,43.02708,-6.29527,43.02742],"center":[-6.295385,43.027249999999995]},"geometry":{"type":"Point","coordinates":[-6.295385,43.027249999999995]}},{"type":"Feature","id":"physical-as-lake-hydro-2-267","properties":{"id":"physical-as-lake-hydro-2-267","slug":"laguna-del-cornon","name":"Laguna Del Cornón","localName":"Laguna Del Cornón","aliases":[],"kind":"lake","sourceId":"sitpa-physical","territoryIds":["es-as"],"bbox":[-6.30353,43.03118,-6.30342,43.03139],"center":[-6.303475000000001,43.031285]},"geometry":{"type":"Point","coordinates":[-6.303475000000001,43.031285]}},{"type":"Feature","id":"physical-as-lake-hydro-2-268","properties":{"id":"physical-as-lake-hydro-2-268","slug":"laguna-los-mosqueiros","name":"Laguna Los Mosqueiros","localName":"Laguna Los Mosqueiros","aliases":[],"kind":"lake","sourceId":"sitpa-physical","territoryIds":["es-as"],"bbox":[-6.30189,43.03665,-6.30145,43.03717],"center":[-6.30167,43.036910000000006]},"geometry":{"type":"Point","coordinates":[-6.30167,43.036910000000006]}},{"type":"Feature","id":"physical-as-lake-hydro-2-270","properties":{"id":"physical-as-lake-hydro-2-270","slug":"lago-bono","name":"Lago Bono","localName":"Lago Bono","aliases":[],"kind":"lake","sourceId":"sitpa-physical","territoryIds":["es-as"],"bbox":[-6.3445,43.05712,-6.34306,43.05832],"center":[-6.343780000000001,43.05772]},"geometry":{"type":"Point","coordinates":[-6.343780000000001,43.05772]}},{"type":"Feature","id":"physical-as-lake-hydro-2-272","properties":{"id":"physical-as-lake-hydro-2-272","slug":"laguna-negra","name":"Laguna Negra","localName":"Laguna Negra","aliases":[],"kind":"lake","sourceId":"sitpa-physical","territoryIds":["es-as"],"bbox":[-6.39615,43.09851,-6.39577,43.09881],"center":[-6.39596,43.098659999999995]},"geometry":{"type":"Point","coordinates":[-6.39596,43.098659999999995]}},{"type":"Feature","id":"physical-as-lake-hydro-2-273","properties":{"id":"physical-as-lake-hydro-2-273","slug":"laguna-changreira-o-de-los-cobradores","name":"Laguna Changreira O De Los Cobradores","localName":"Laguna Changreira O De Los Cobradores","aliases":[],"kind":"lake","sourceId":"sitpa-physical","territoryIds":["es-as"],"bbox":[-6.49871,42.99703,-6.49638,43.00066],"center":[-6.497545000000001,42.998845]},"geometry":{"type":"Point","coordinates":[-6.497545000000001,42.998845]}},{"type":"Feature","id":"physical-as-lake-hydro-2-274","properties":{"id":"physical-as-lake-hydro-2-274","slug":"laguna-reconco","name":"Laguna Reconco","localName":"Laguna Reconco","aliases":[],"kind":"lake","sourceId":"sitpa-physical","territoryIds":["es-as"],"bbox":[-6.51094,42.99985,-6.50896,43.00071],"center":[-6.50995,43.000280000000004]},"geometry":{"type":"Point","coordinates":[-6.50995,43.000280000000004]}},{"type":"Feature","id":"physical-as-lake-hydro-2-275","properties":{"id":"physical-as-lake-hydro-2-275","slug":"chagonacho","name":"Chagonacho","localName":"Chagonacho","aliases":[],"kind":"lake","sourceId":"sitpa-physical","territoryIds":["es-as"],"bbox":[-6.63,42.92586,-6.62953,42.92607],"center":[-6.629765,42.925965000000005]},"geometry":{"type":"Point","coordinates":[-6.629765,42.925965000000005]}},{"type":"Feature","id":"physical-as-lake-hydro-2-276","properties":{"id":"physical-as-lake-hydro-2-276","slug":"lago-bromecha","name":"Lago Bromecha","localName":"Lago Bromecha","aliases":[],"kind":"lake","sourceId":"sitpa-physical","territoryIds":["es-as"],"bbox":[-6.63729,42.92921,-6.63697,42.92941],"center":[-6.63713,42.92931]},"geometry":{"type":"Point","coordinates":[-6.63713,42.92931]}},{"type":"Feature","id":"physical-as-lake-hydro-2-277","properties":{"id":"physical-as-lake-hydro-2-277","slug":"lagunas-de-branas-de-tablao-laguna-d-arriba","name":"Lagunas De Brañas De Tablao ( Laguna D' Arriba )","localName":"Lagunas De Brañas De Tablao ( Laguna D' Arriba )","aliases":[],"kind":"lake","sourceId":"sitpa-physical","territoryIds":["es-as"],"bbox":[-6.65978,42.92714,-6.65865,42.92749],"center":[-6.659215,42.927315]},"geometry":{"type":"Point","coordinates":[-6.659215,42.927315]}},{"type":"Feature","id":"physical-as-lake-hydro-2-278","properties":{"id":"physical-as-lake-hydro-2-278","slug":"laguna-del-area-recreativa-el-arenero","name":"Laguna Del Área Recreativa ' El Arenero'","localName":"Laguna Del Área Recreativa ' El Arenero'","aliases":[],"kind":"lake","sourceId":"sitpa-physical","territoryIds":["es-as"],"bbox":[-6.37814,43.34644,-6.37602,43.34785],"center":[-6.377079999999999,43.347145]},"geometry":{"type":"Point","coordinates":[-6.377079999999999,43.347145]}},{"type":"Feature","id":"physical-as-lake-hydro-2-280","properties":{"id":"physical-as-lake-hydro-2-280","slug":"laguna-a-barreira","name":"Laguna A Barreira","localName":"Laguna A Barreira","aliases":[],"kind":"lake","sourceId":"sitpa-physical","territoryIds":["es-as"],"bbox":[-7.03084,43.49738,-7.02884,43.49822],"center":[-7.02984,43.4978]},"geometry":{"type":"Point","coordinates":[-7.02984,43.4978]}},{"type":"Feature","id":"physical-as-lake-hydro-2-281","properties":{"id":"physical-as-lake-hydro-2-281","slug":"la-pinilla","name":"La Pinilla","localName":"La Pinilla","aliases":[],"kind":"lake","sourceId":"sitpa-physical","territoryIds":["es-as"],"bbox":[-6.08677,43.25697,-6.08656,43.25704],"center":[-6.086665,43.25700500000001]},"geometry":{"type":"Point","coordinates":[-6.086665,43.25700500000001]}},{"type":"Feature","id":"physical-as-lake-hydro-2-283","properties":{"id":"physical-as-lake-hydro-2-283","slug":"lago-foslayegua","name":"Lago Foslayegua","localName":"Lago Foslayegua","aliases":[],"kind":"lake","sourceId":"sitpa-physical","territoryIds":["es-as"],"bbox":[-6.10001,43.22917,-6.09946,43.22956],"center":[-6.099735,43.229365]},"geometry":{"type":"Point","coordinates":[-6.099735,43.229365]}},{"type":"Feature","id":"physical-as-lake-hydro-2-284","properties":{"id":"physical-as-lake-hydro-2-284","slug":"el-chegu","name":"El Chegu","localName":"El Chegu","aliases":[],"kind":"lake","sourceId":"sitpa-physical","territoryIds":["es-as"],"bbox":[-5.92198,43.05123,-5.91878,43.05277],"center":[-5.92038,43.052]},"geometry":{"type":"Point","coordinates":[-5.92038,43.052]}},{"type":"Feature","id":"physical-as-lake-hydro-2-285","properties":{"id":"physical-as-lake-hydro-2-285","slug":"tcheturbio","name":"Tcheturbio","localName":"Tcheturbio","aliases":[],"kind":"lake","sourceId":"sitpa-physical","territoryIds":["es-as"],"bbox":[-5.92569,43.04084,-5.92426,43.04182],"center":[-5.924975,43.04133]},"geometry":{"type":"Point","coordinates":[-5.924975,43.04133]}},{"type":"Feature","id":"physical-as-lake-hydro-2-286","properties":{"id":"physical-as-lake-hydro-2-286","slug":"el-chegu-del-meicin","name":"El Chegu Del Meicín","localName":"El Chegu Del Meicín","aliases":[],"kind":"lake","sourceId":"sitpa-physical","territoryIds":["es-as"],"bbox":[-5.9436,43.02324,-5.94103,43.0241],"center":[-5.942315,43.023669999999996]},"geometry":{"type":"Point","coordinates":[-5.942315,43.023669999999996]}},{"type":"Feature","id":"physical-as-lake-hydro-2-296","properties":{"id":"physical-as-lake-hydro-2-296","slug":"lago-ubales","name":"Lago Ubales","localName":"Lago Ubales","aliases":[],"kind":"lake","sourceId":"sitpa-physical","territoryIds":["es-as"],"bbox":[-5.35427,43.10224,-5.35232,43.10313],"center":[-5.353294999999999,43.102685]},"geometry":{"type":"Point","coordinates":[-5.353294999999999,43.102685]}},{"type":"Feature","id":"physical-as-lake-hydro-2-297","properties":{"id":"physical-as-lake-hydro-2-297","slug":"lago-la-ercina","name":"Lago La Ercina","localName":"Lago La Ercina","aliases":[],"kind":"lake","sourceId":"sitpa-physical","territoryIds":["es-as"],"bbox":[-4.98263,43.26441,-4.9797,43.27032],"center":[-4.981165000000001,43.267365]},"geometry":{"type":"Point","coordinates":[-4.981165000000001,43.267365]}},{"type":"Feature","id":"physical-as-lake-hydro-2-298","properties":{"id":"physical-as-lake-hydro-2-298","slug":"estanques-parque-isabel-la-catolica","name":"Estanques Parque Isabel La Católica","localName":"Estanques Parque Isabel La Católica","aliases":[],"kind":"lake","sourceId":"sitpa-physical","territoryIds":["es-as"],"bbox":[-5.64126,43.53622,-5.64004,43.5376],"center":[-5.64065,43.53691]},"geometry":{"type":"Point","coordinates":[-5.64065,43.53691]}},{"type":"Feature","id":"physical-as-lake-hydro-2-300","properties":{"id":"physical-as-lake-hydro-2-300","slug":"lagunas-de-calabazosa","name":"Lagunas De Calabazosa","localName":"Lagunas De Calabazosa","aliases":[],"kind":"lake","sourceId":"sitpa-physical","territoryIds":["es-as"],"bbox":[-6.0988,43.04187,-6.09667,43.04344],"center":[-6.097735,43.042654999999996]},"geometry":{"type":"Point","coordinates":[-6.097735,43.042654999999996]}},{"type":"Feature","id":"physical-as-lake-hydro-2-301","properties":{"id":"physical-as-lake-hydro-2-301","slug":"laguna-fuentes","name":"Laguna Fuentes","localName":"Laguna Fuentes","aliases":[],"kind":"lake","sourceId":"sitpa-physical","territoryIds":["es-as"],"bbox":[-6.16572,43.06704,-6.16365,43.06844],"center":[-6.164685,43.06774]},"geometry":{"type":"Point","coordinates":[-6.164685,43.06774]}},{"type":"Feature","id":"physical-as-lake-hydro-2-302","properties":{"id":"physical-as-lake-hydro-2-302","slug":"lagos-de-fuentes","name":"Lagos De Fuentes","localName":"Lagos De Fuentes","aliases":[],"kind":"lake","sourceId":"sitpa-physical","territoryIds":["es-as"],"bbox":[-6.17071,43.06814,-6.16731,43.0699],"center":[-6.16901,43.069019999999995]},"geometry":{"type":"Point","coordinates":[-6.16901,43.069019999999995]}},{"type":"Feature","id":"physical-as-lake-hydro-2-304","properties":{"id":"physical-as-lake-hydro-2-304","slug":"laguna-cintas","name":"Laguna Cintas","localName":"Laguna Cintas","aliases":[],"kind":"lake","sourceId":"sitpa-physical","territoryIds":["es-as"],"bbox":[-6.29624,43.06314,-6.29583,43.06339],"center":[-6.296035,43.063265]},"geometry":{"type":"Point","coordinates":[-6.296035,43.063265]}},{"type":"Feature","id":"physical-as-lake-hydro-2-305","properties":{"id":"physical-as-lake-hydro-2-305","slug":"la-zreizalina","name":"La Zreizalina","localName":"La Zreizalina","aliases":[],"kind":"lake","sourceId":"sitpa-physical","territoryIds":["es-as"],"bbox":[-6.26606,43.03579,-6.2656,43.03609],"center":[-6.26583,43.03594]},"geometry":{"type":"Point","coordinates":[-6.26583,43.03594]}},{"type":"Feature","id":"physical-as-lake-hydro-2-307","properties":{"id":"physical-as-lake-hydro-2-307","slug":"laguna-cabreiro","name":"Laguna Cabreiro","localName":"Laguna Cabreiro","aliases":[],"kind":"lake","sourceId":"sitpa-physical","territoryIds":["es-as"],"bbox":[-6.3126,43.07438,-6.31012,43.07604],"center":[-6.3113600000000005,43.07521]},"geometry":{"type":"Point","coordinates":[-6.3113600000000005,43.07521]}},{"type":"Feature","id":"physical-as-lake-hydro-2-310","properties":{"id":"physical-as-lake-hydro-2-310","slug":"laguna-redonda","name":"Laguna Redonda","localName":"Laguna Redonda","aliases":[],"kind":"lake","sourceId":"sitpa-physical","territoryIds":["es-as"],"bbox":[-6.30616,43.07044,-6.30474,43.07129],"center":[-6.30545,43.070865]},"geometry":{"type":"Point","coordinates":[-6.30545,43.070865]}},{"type":"Feature","id":"physical-as-lake-hydro-2-311","properties":{"id":"physical-as-lake-hydro-2-311","slug":"laguna-chamazo","name":"Laguna Chamazo","localName":"Laguna Chamazo","aliases":[],"kind":"lake","sourceId":"sitpa-physical","territoryIds":["es-as"],"bbox":[-6.30155,43.06588,-6.30033,43.0669],"center":[-6.30094,43.06639]},"geometry":{"type":"Point","coordinates":[-6.30094,43.06639]}},{"type":"Feature","id":"physical-as-lake-hydro-2-318","properties":{"id":"physical-as-lake-hydro-2-318","slug":"lago-barrones","name":"Lago Barrones","localName":"Lago Barrones","aliases":[],"kind":"lake","sourceId":"sitpa-physical","territoryIds":["es-as"],"bbox":[-6.28996,43.05369,-6.28957,43.05406],"center":[-6.289765,43.053875000000005]},"geometry":{"type":"Point","coordinates":[-6.289765,43.053875000000005]}},{"type":"Feature","id":"physical-as-lake-hydro-2-321","properties":{"id":"physical-as-lake-hydro-2-321","slug":"lagos-el-garzu","name":"Lagos El Garzu","localName":"Lagos El Garzu","aliases":[],"kind":"lake","sourceId":"sitpa-physical","territoryIds":["es-as"],"bbox":[-6.20418,43.12448,-6.20348,43.12507],"center":[-6.20383,43.124775]},"geometry":{"type":"Point","coordinates":[-6.20383,43.124775]}},{"type":"Feature","id":"physical-as-lake-hydro-2-322","properties":{"id":"physical-as-lake-hydro-2-322","slug":"laguna-de-la-focella","name":"Laguna De La Focella","localName":"Laguna De La Focella","aliases":[],"kind":"lake","sourceId":"sitpa-physical","territoryIds":["es-as"],"bbox":[-6.0618,43.09933,-6.06,43.10024],"center":[-6.0609,43.099785]},"geometry":{"type":"Point","coordinates":[-6.0609,43.099785]}},{"type":"Feature","id":"physical-as-lake-hydro-2-323","properties":{"id":"physical-as-lake-hydro-2-323","slug":"laguna-de-sobia","name":"Laguna De Sobia","localName":"Laguna De Sobia","aliases":[],"kind":"lake","sourceId":"sitpa-physical","territoryIds":["es-as"],"bbox":[-6.05538,43.15742,-6.05484,43.15786],"center":[-6.055110000000001,43.15764]},"geometry":{"type":"Point","coordinates":[-6.055110000000001,43.15764]}},{"type":"Feature","id":"physical-as-lake-hydro-2-324","properties":{"id":"physical-as-lake-hydro-2-324","slug":"lagunas-de-canchongo","name":"Lagunas De Canchongo","localName":"Lagunas De Canchongo","aliases":[],"kind":"lake","sourceId":"sitpa-physical","territoryIds":["es-as"],"bbox":[-6.01126,43.1344,-6.01024,43.13542],"center":[-6.01075,43.134910000000005]},"geometry":{"type":"Point","coordinates":[-6.01075,43.134910000000005]}},{"type":"Feature","id":"physical-as-lake-hydro-2-325","properties":{"id":"physical-as-lake-hydro-2-325","slug":"lago-de-vega-castro","name":"Lago De Vega Castro","localName":"Lago De Vega Castro","aliases":[],"kind":"lake","sourceId":"sitpa-physical","territoryIds":["es-as"],"bbox":[-6.09517,43.19003,-6.09496,43.19024],"center":[-6.095065,43.190135]},"geometry":{"type":"Point","coordinates":[-6.095065,43.190135]}},{"type":"Feature","id":"physical-as-lake-hydro-2-327","properties":{"id":"physical-as-lake-hydro-2-327","slug":"laguna-tambaisna","name":"Laguna Tambaisna","localName":"Laguna Tambaisna","aliases":[],"kind":"lake","sourceId":"sitpa-physical","territoryIds":["es-as"],"bbox":[-6.10979,43.23304,-6.10928,43.23337],"center":[-6.109535,43.233205]},"geometry":{"type":"Point","coordinates":[-6.109535,43.233205]}},{"type":"Feature","id":"physical-as-lake-hydro-2-328","properties":{"id":"physical-as-lake-hydro-2-328","slug":"lagunas-de-capudo","name":"Lagunas De Capudo","localName":"Lagunas De Capudo","aliases":[],"kind":"lake","sourceId":"sitpa-physical","territoryIds":["es-as"],"bbox":[-6.11336,43.23842,-6.11231,43.23874],"center":[-6.1128350000000005,43.23858]},"geometry":{"type":"Point","coordinates":[-6.1128350000000005,43.23858]}},{"type":"Feature","id":"physical-as-lake-hydro-2-329","properties":{"id":"physical-as-lake-hydro-2-329","slug":"lagos-de-la-barrera","name":"Lagos De La Barrera","localName":"Lagos De La Barrera","aliases":[],"kind":"lake","sourceId":"sitpa-physical","territoryIds":["es-as"],"bbox":[-6.09672,43.23987,-6.09354,43.24083],"center":[-6.09513,43.24035000000001]},"geometry":{"type":"Point","coordinates":[-6.09513,43.24035000000001]}},{"type":"Feature","id":"physical-as-lake-hydro-2-330","properties":{"id":"physical-as-lake-hydro-2-330","slug":"cairotal","name":"Cairotal","localName":"Cairotal","aliases":[],"kind":"lake","sourceId":"sitpa-physical","territoryIds":["es-as"],"bbox":[-6.09344,43.24345,-6.0933,43.24355],"center":[-6.09337,43.2435]},"geometry":{"type":"Point","coordinates":[-6.09337,43.2435]}},{"type":"Feature","id":"physical-as-lake-hydro-2-331","properties":{"id":"physical-as-lake-hydro-2-331","slug":"fuancuaya","name":"Fuancuaya","localName":"Fuancuaya","aliases":[],"kind":"lake","sourceId":"sitpa-physical","territoryIds":["es-as"],"bbox":[-6.09508,43.2692,-6.09481,43.26942],"center":[-6.094945,43.26931]},"geometry":{"type":"Point","coordinates":[-6.094945,43.26931]}},{"type":"Feature","id":"physical-as-lake-hydro-2-332","properties":{"id":"physical-as-lake-hydro-2-332","slug":"los-llagus","name":"Los Llagus","localName":"Los Llagus","aliases":[],"kind":"lake","sourceId":"sitpa-physical","territoryIds":["es-as"],"bbox":[-6.08083,43.25971,-6.07804,43.26206],"center":[-6.079435,43.260885]},"geometry":{"type":"Point","coordinates":[-6.079435,43.260885]}},{"type":"Feature","id":"physical-as-lake-hydro-2-334","properties":{"id":"physical-as-lake-hydro-2-334","slug":"lago-socellares","name":"Lago Socellares","localName":"Lago Socellares","aliases":[],"kind":"lake","sourceId":"sitpa-physical","territoryIds":["es-as"],"bbox":[-5.98979,43.07436,-5.98882,43.07569],"center":[-5.989305,43.075025]},"geometry":{"type":"Point","coordinates":[-5.989305,43.075025]}},{"type":"Feature","id":"physical-as-lake-hydro-2-335","properties":{"id":"physical-as-lake-hydro-2-335","slug":"lagunas-de-la-vega-de-socellares","name":"Lagunas De La Vega De Socellares","localName":"Lagunas De La Vega De Socellares","aliases":[],"kind":"lake","sourceId":"sitpa-physical","territoryIds":["es-as"],"bbox":[-5.98845,43.0724,-5.98795,43.07302],"center":[-5.9882,43.07271]},"geometry":{"type":"Point","coordinates":[-5.9882,43.07271]}},{"type":"Feature","id":"physical-as-lake-hydro-2-337","properties":{"id":"physical-as-lake-hydro-2-337","slug":"el-chaguete","name":"El Chaguete","localName":"El Chaguete","aliases":[],"kind":"lake","sourceId":"sitpa-physical","territoryIds":["es-as"],"bbox":[-5.94638,43.07415,-5.94623,43.07423],"center":[-5.946305000000001,43.07419]},"geometry":{"type":"Point","coordinates":[-5.946305000000001,43.07419]}},{"type":"Feature","id":"physical-as-lake-hydro-2-339","properties":{"id":"physical-as-lake-hydro-2-339","slug":"lago-valseco","name":"Lago Valseco","localName":"Lago Valseco","aliases":[],"kind":"lake","sourceId":"sitpa-physical","territoryIds":["es-as"],"bbox":[-5.89993,43.04802,-5.89931,43.04845],"center":[-5.8996200000000005,43.048235000000005]},"geometry":{"type":"Point","coordinates":[-5.8996200000000005,43.048235000000005]}},{"type":"Feature","id":"physical-as-lake-hydro-2-340","properties":{"id":"physical-as-lake-hydro-2-340","slug":"lagunas-las-rubias","name":"Lagunas Las Rubias","localName":"Lagunas Las Rubias","aliases":[],"kind":"lake","sourceId":"sitpa-physical","territoryIds":["es-as"],"bbox":[-5.83534,42.967,-5.83392,42.96765],"center":[-5.834630000000001,42.967325]},"geometry":{"type":"Point","coordinates":[-5.834630000000001,42.967325]}},{"type":"Feature","id":"physical-as-lake-hydro-2-342","properties":{"id":"physical-as-lake-hydro-2-342","slug":"llagu-la-cueva","name":"Llagu La Cueva","localName":"Llagu La Cueva","aliases":[],"kind":"lake","sourceId":"sitpa-physical","territoryIds":["es-as"],"bbox":[-5.92339,43.1909,-5.92259,43.19261],"center":[-5.92299,43.191755]},"geometry":{"type":"Point","coordinates":[-5.92299,43.191755]}},{"type":"Feature","id":"physical-as-lake-hydro-2-343","properties":{"id":"physical-as-lake-hydro-2-343","slug":"llagu-de-llazarandin","name":"Llagu De Llazarandín","localName":"Llagu De Llazarandín","aliases":[],"kind":"lake","sourceId":"sitpa-physical","territoryIds":["es-as"],"bbox":[-5.91089,43.1955,-5.91032,43.19596],"center":[-5.910605,43.19573]},"geometry":{"type":"Point","coordinates":[-5.910605,43.19573]}},{"type":"Feature","id":"physical-as-lake-hydro-2-344","properties":{"id":"physical-as-lake-hydro-2-344","slug":"llagu-de-robles","name":"Llagu De Robles","localName":"Llagu De Robles","aliases":[],"kind":"lake","sourceId":"sitpa-physical","territoryIds":["es-as"],"bbox":[-5.92386,43.20371,-5.9235,43.20402],"center":[-5.92368,43.203865]},"geometry":{"type":"Point","coordinates":[-5.92368,43.203865]}},{"type":"Feature","id":"physical-as-lake-hydro-2-345","properties":{"id":"physical-as-lake-hydro-2-345","slug":"llagu-fondo-la-vega","name":"Llagu Fondo La Vega","localName":"Llagu Fondo La Vega","aliases":[],"kind":"lake","sourceId":"sitpa-physical","territoryIds":["es-as"],"bbox":[-5.9127,43.20001,-5.91248,43.20015],"center":[-5.91259,43.20008]},"geometry":{"type":"Point","coordinates":[-5.91259,43.20008]}},{"type":"Feature","id":"physical-as-lake-hydro-2-346","properties":{"id":"physical-as-lake-hydro-2-346","slug":"lago-teicieyu","name":"Lago Teicieyu","localName":"Lago Teicieyu","aliases":[],"kind":"lake","sourceId":"sitpa-physical","territoryIds":["es-as"],"bbox":[-5.94264,43.20405,-5.94232,43.20439],"center":[-5.94248,43.20422]},"geometry":{"type":"Point","coordinates":[-5.94248,43.20422]}},{"type":"Feature","id":"physical-as-lake-hydro-2-348","properties":{"id":"physical-as-lake-hydro-2-348","slug":"lago-los-veneros","name":"Lago Los Veneros","localName":"Lago Los Veneros","aliases":[],"kind":"lake","sourceId":"sitpa-physical","territoryIds":["es-as"],"bbox":[-5.89926,43.16884,-5.8986,43.16936],"center":[-5.89893,43.1691]},"geometry":{"type":"Point","coordinates":[-5.89893,43.1691]}},{"type":"Feature","id":"physical-as-lake-hydro-2-349","properties":{"id":"physical-as-lake-hydro-2-349","slug":"lago-de-fonpedrin","name":"Lago De Fonpedrín","localName":"Lago De Fonpedrín","aliases":[],"kind":"lake","sourceId":"sitpa-physical","territoryIds":["es-as"],"bbox":[-5.95289,43.21593,-5.95267,43.21622],"center":[-5.952780000000001,43.216075000000004]},"geometry":{"type":"Point","coordinates":[-5.952780000000001,43.216075000000004]}},{"type":"Feature","id":"physical-as-lake-hydro-2-350","properties":{"id":"physical-as-lake-hydro-2-350","slug":"lago-de-nanliru","name":"Lago De Nanliru","localName":"Lago De Nanliru","aliases":[],"kind":"lake","sourceId":"sitpa-physical","territoryIds":["es-as"],"bbox":[-5.94207,43.21923,-5.94177,43.21959],"center":[-5.94192,43.219409999999996]},"geometry":{"type":"Point","coordinates":[-5.94192,43.219409999999996]}},{"type":"Feature","id":"physical-as-lake-hydro-2-351","properties":{"id":"physical-as-lake-hydro-2-351","slug":"lago-cantalaovia","name":"Lago Cantalaovía","localName":"Lago Cantalaovía","aliases":[],"kind":"lake","sourceId":"sitpa-physical","territoryIds":["es-as"],"bbox":[-5.93972,43.22555,-5.93922,43.22591],"center":[-5.93947,43.22573]},"geometry":{"type":"Point","coordinates":[-5.93947,43.22573]}},{"type":"Feature","id":"physical-as-lake-hydro-2-352","properties":{"id":"physical-as-lake-hydro-2-352","slug":"fondon-del-mayau","name":"Fondón Del Mayau","localName":"Fondón Del Mayau","aliases":[],"kind":"lake","sourceId":"sitpa-physical","territoryIds":["es-as"],"bbox":[-5.88955,43.26379,-5.88917,43.26416],"center":[-5.88936,43.263975]},"geometry":{"type":"Point","coordinates":[-5.88936,43.263975]}},{"type":"Feature","id":"physical-as-lake-hydro-2-353","properties":{"id":"physical-as-lake-hydro-2-353","slug":"tres-lagunas","name":"Tres Lagunas","localName":"Tres Lagunas","aliases":[],"kind":"lake","sourceId":"sitpa-physical","territoryIds":["es-as"],"bbox":[-6.36393,43.05219,-6.36322,43.05285],"center":[-6.363575,43.05252]},"geometry":{"type":"Point","coordinates":[-6.363575,43.05252]}},{"type":"Feature","id":"physical-as-lake-hydro-2-354","properties":{"id":"physical-as-lake-hydro-2-354","slug":"lago-de-chao-de-los-bueyes","name":"Lago De Chao De Los Bueyes","localName":"Lago De Chao De Los Bueyes","aliases":[],"kind":"lake","sourceId":"sitpa-physical","territoryIds":["es-as"],"bbox":[-6.3738,43.04904,-6.37366,43.04911],"center":[-6.37373,43.049075]},"geometry":{"type":"Point","coordinates":[-6.37373,43.049075]}},{"type":"Feature","id":"physical-as-lake-hydro-2-355","properties":{"id":"physical-as-lake-hydro-2-355","slug":"laguna-goda-o-del-faro","name":"Laguna Goda O Del Faro","localName":"Laguna Goda O Del Faro","aliases":[],"kind":"lake","sourceId":"sitpa-physical","territoryIds":["es-as"],"bbox":[-6.40017,43.04009,-6.39928,43.04079],"center":[-6.399725,43.040440000000004]},"geometry":{"type":"Point","coordinates":[-6.399725,43.040440000000004]}},{"type":"Feature","id":"physical-as-lake-hydro-2-357","properties":{"id":"physical-as-lake-hydro-2-357","slug":"laguna-de-branas","name":"Laguna De Brañas","localName":"Laguna De Brañas","aliases":[],"kind":"lake","sourceId":"sitpa-physical","territoryIds":["es-as"],"bbox":[-6.43468,43.01339,-6.43376,43.01378],"center":[-6.43422,43.013585]},"geometry":{"type":"Point","coordinates":[-6.43422,43.013585]}},{"type":"Feature","id":"physical-as-lake-hydro-2-360","properties":{"id":"physical-as-lake-hydro-2-360","slug":"la-granda","name":"La Granda","localName":"La Granda","aliases":[],"kind":"lake","sourceId":"sitpa-physical","territoryIds":["es-as"],"bbox":[-6.49217,42.99152,-6.48989,42.99294],"center":[-6.49103,42.99223]},"geometry":{"type":"Point","coordinates":[-6.49103,42.99223]}},{"type":"Feature","id":"physical-as-lake-hydro-2-361","properties":{"id":"physical-as-lake-hydro-2-361","slug":"laguna-chauchina","name":"Laguna Chauchina","localName":"Laguna Chauchina","aliases":[],"kind":"lake","sourceId":"sitpa-physical","territoryIds":["es-as"],"bbox":[-6.49781,43.00062,-6.49733,43.00104],"center":[-6.49757,43.00083]},"geometry":{"type":"Point","coordinates":[-6.49757,43.00083]}},{"type":"Feature","id":"physical-as-lake-hydro-2-362","properties":{"id":"physical-as-lake-hydro-2-362","slug":"vega-cimera","name":"Vega Cimera","localName":"Vega Cimera","aliases":[],"kind":"lake","sourceId":"sitpa-physical","territoryIds":["es-as"],"bbox":[-6.48376,42.97214,-6.48279,42.9724],"center":[-6.483275,42.97227]},"geometry":{"type":"Point","coordinates":[-6.483275,42.97227]}},{"type":"Feature","id":"physical-as-lake-hydro-2-363","properties":{"id":"physical-as-lake-hydro-2-363","slug":"laguna-de-bachongo","name":"Laguna De Bachongo","localName":"Laguna De Bachongo","aliases":[],"kind":"lake","sourceId":"sitpa-physical","territoryIds":["es-as"],"bbox":[-6.55301,42.96024,-6.55263,42.9605],"center":[-6.55282,42.96037]},"geometry":{"type":"Point","coordinates":[-6.55282,42.96037]}},{"type":"Feature","id":"physical-as-lake-hydro-2-364","properties":{"id":"physical-as-lake-hydro-2-364","slug":"branolina","name":"Brañolina","localName":"Brañolina","aliases":[],"kind":"lake","sourceId":"sitpa-physical","territoryIds":["es-as"],"bbox":[-6.58242,42.96256,-6.58015,42.96298],"center":[-6.581284999999999,42.962770000000006]},"geometry":{"type":"Point","coordinates":[-6.581284999999999,42.962770000000006]}},{"type":"Feature","id":"physical-as-lake-hydro-2-378","properties":{"id":"physical-as-lake-hydro-2-378","slug":"laguna-campo-de-la-brana-inferior","name":"Laguna Campo De La Braña Inferior","localName":"Laguna Campo De La Braña Inferior","aliases":[],"kind":"lake","sourceId":"sitpa-physical","territoryIds":["es-as"],"bbox":[-6.46966,42.93711,-6.46913,42.9376],"center":[-6.4693950000000005,42.937355]},"geometry":{"type":"Point","coordinates":[-6.4693950000000005,42.937355]}},{"type":"Feature","id":"physical-as-lake-hydro-2-365","properties":{"id":"physical-as-lake-hydro-2-365","slug":"laguna-la-isla","name":"Laguna La Isla","localName":"Laguna La Isla","aliases":[],"kind":"lake","sourceId":"sitpa-physical","territoryIds":["es-as"],"bbox":[-6.73386,43.00999,-6.73273,43.01079],"center":[-6.733295,43.01039]},"geometry":{"type":"Point","coordinates":[-6.733295,43.01039]}},{"type":"Feature","id":"physical-as-lake-hydro-2-366","properties":{"id":"physical-as-lake-hydro-2-366","slug":"laguna-fonda","name":"Laguna Fonda","localName":"Laguna Fonda","aliases":[],"kind":"lake","sourceId":"sitpa-physical","territoryIds":["es-as"],"bbox":[-6.73615,43.00914,-6.73533,43.00964],"center":[-6.73574,43.009389999999996]},"geometry":{"type":"Point","coordinates":[-6.73574,43.009389999999996]}},{"type":"Feature","id":"physical-as-lake-hydro-2-367","properties":{"id":"physical-as-lake-hydro-2-367","slug":"laguna-grande","name":"Laguna Grande","localName":"Laguna Grande","aliases":[],"kind":"lake","sourceId":"sitpa-physical","territoryIds":["es-as"],"bbox":[-6.73498,43.00736,-6.73305,43.00827],"center":[-6.734015,43.007815]},"geometry":{"type":"Point","coordinates":[-6.734015,43.007815]}},{"type":"Feature","id":"physical-as-lake-hydro-2-368","properties":{"id":"physical-as-lake-hydro-2-368","slug":"laguna-la-pena","name":"Laguna La Pena","localName":"Laguna La Pena","aliases":[],"kind":"lake","sourceId":"sitpa-physical","territoryIds":["es-as"],"bbox":[-6.7322,43.00729,-6.732,43.00757],"center":[-6.7321,43.00743]},"geometry":{"type":"Point","coordinates":[-6.7321,43.00743]}},{"type":"Feature","id":"physical-as-lake-hydro-2-369","properties":{"id":"physical-as-lake-hydro-2-369","slug":"belosa","name":"Belosa","localName":"Belosa","aliases":[],"kind":"lake","sourceId":"sitpa-physical","territoryIds":["es-as"],"bbox":[-6.7492,43.0199,-6.74863,43.02018],"center":[-6.748915,43.02004]},"geometry":{"type":"Point","coordinates":[-6.748915,43.02004]}},{"type":"Feature","id":"physical-as-lake-hydro-2-370","properties":{"id":"physical-as-lake-hydro-2-370","slug":"pena-belosa","name":"Peña Belosa","localName":"Peña Belosa","aliases":[],"kind":"lake","sourceId":"sitpa-physical","territoryIds":["es-as"],"bbox":[-6.74554,43.0123,-6.74523,43.01253],"center":[-6.745385000000001,43.012415000000004]},"geometry":{"type":"Point","coordinates":[-6.745385000000001,43.012415000000004]}},{"type":"Feature","id":"physical-as-lake-hydro-2-371","properties":{"id":"physical-as-lake-hydro-2-371","slug":"laguna-noceda","name":"Laguna Noceda","localName":"Laguna Noceda","aliases":[],"kind":"lake","sourceId":"sitpa-physical","territoryIds":["es-as"],"bbox":[-6.57326,43.06128,-6.57272,43.06159],"center":[-6.572990000000001,43.061435]},"geometry":{"type":"Point","coordinates":[-6.572990000000001,43.061435]}},{"type":"Feature","id":"physical-as-lake-hydro-2-372","properties":{"id":"physical-as-lake-hydro-2-372","slug":"la-laguna-laguna-caldevilla","name":"La Laguna/ Laguna Caldevilla","localName":"La Laguna/ Laguna Caldevilla","aliases":[],"kind":"lake","sourceId":"sitpa-physical","territoryIds":["es-as"],"bbox":[-6.57756,43.06719,-6.57689,43.06771],"center":[-6.577225,43.067449999999994]},"geometry":{"type":"Point","coordinates":[-6.577225,43.067449999999994]}},{"type":"Feature","id":"physical-as-lake-hydro-2-373","properties":{"id":"physical-as-lake-hydro-2-373","slug":"laguna-barraca","name":"Laguna Barraca","localName":"Laguna Barraca","aliases":[],"kind":"lake","sourceId":"sitpa-physical","territoryIds":["es-as"],"bbox":[-6.57695,43.08483,-6.57604,43.08537],"center":[-6.5764949999999995,43.0851]},"geometry":{"type":"Point","coordinates":[-6.5764949999999995,43.0851]}},{"type":"Feature","id":"physical-as-lake-hydro-2-375","properties":{"id":"physical-as-lake-hydro-2-375","slug":"lagunas-del-texedal","name":"Lagunas Del Texedal","localName":"Lagunas Del Texedal","aliases":[],"kind":"lake","sourceId":"sitpa-physical","territoryIds":["es-as"],"bbox":[-6.39679,43.10056,-6.39571,43.10124],"center":[-6.39625,43.100899999999996]},"geometry":{"type":"Point","coordinates":[-6.39625,43.100899999999996]}},{"type":"Feature","id":"physical-as-lake-hydro-2-376","properties":{"id":"physical-as-lake-hydro-2-376","slug":"tchangueno-de-arriba","name":"Tchangüeño De Arriba","localName":"Tchangüeño De Arriba","aliases":[],"kind":"lake","sourceId":"sitpa-physical","territoryIds":["es-as"],"bbox":[-6.45976,42.93655,-6.45893,42.93733],"center":[-6.459345,42.93694]},"geometry":{"type":"Point","coordinates":[-6.459345,42.93694]}},{"type":"Feature","id":"physical-as-lake-hydro-2-377","properties":{"id":"physical-as-lake-hydro-2-377","slug":"tchangueno-bajo","name":"Tchangüeño Bajo","localName":"Tchangüeño Bajo","aliases":[],"kind":"lake","sourceId":"sitpa-physical","territoryIds":["es-as"],"bbox":[-6.45566,42.93742,-6.4549,42.93812],"center":[-6.45528,42.93777]},"geometry":{"type":"Point","coordinates":[-6.45528,42.93777]}},{"type":"Feature","id":"physical-as-lake-hydro-2-379","properties":{"id":"physical-as-lake-hydro-2-379","slug":"laguna-campo-de-la-brana-superior","name":"Laguna Campo De La Braña Superior","localName":"Laguna Campo De La Braña Superior","aliases":[],"kind":"lake","sourceId":"sitpa-physical","territoryIds":["es-as"],"bbox":[-6.46975,42.93608,-6.46921,42.93641],"center":[-6.469480000000001,42.936245]},"geometry":{"type":"Point","coordinates":[-6.469480000000001,42.936245]}},{"type":"Feature","id":"physical-as-lake-hydro-2-382","properties":{"id":"physical-as-lake-hydro-2-382","slug":"laguna-chaunachos","name":"Laguna Chaunachos","localName":"Laguna Chaunachos","aliases":[],"kind":"lake","sourceId":"sitpa-physical","territoryIds":["es-as"],"bbox":[-6.52436,42.92419,-6.52258,42.9254],"center":[-6.52347,42.924795]},"geometry":{"type":"Point","coordinates":[-6.52347,42.924795]}},{"type":"Feature","id":"physical-as-lake-hydro-2-383","properties":{"id":"physical-as-lake-hydro-2-383","slug":"laguna-mesmechas","name":"Laguna Mesmechas","localName":"Laguna Mesmechas","aliases":[],"kind":"lake","sourceId":"sitpa-physical","territoryIds":["es-as"],"bbox":[-6.55353,42.91698,-6.55323,42.91724],"center":[-6.553380000000001,42.91711]},"geometry":{"type":"Point","coordinates":[-6.553380000000001,42.91711]}},{"type":"Feature","id":"physical-as-lake-hydro-2-385","properties":{"id":"physical-as-lake-hydro-2-385","slug":"lago-entresierras","name":"Lago Entresierras","localName":"Lago Entresierras","aliases":[],"kind":"lake","sourceId":"sitpa-physical","territoryIds":["es-as"],"bbox":[-5.41285,43.05346,-5.41228,43.05379],"center":[-5.412565,43.053625]},"geometry":{"type":"Point","coordinates":[-5.412565,43.053625]}},{"type":"Feature","id":"physical-as-lake-hydro-2-387","properties":{"id":"physical-as-lake-hydro-2-387","slug":"lago-el-piornal","name":"Lago El Piornal","localName":"Lago El Piornal","aliases":[],"kind":"lake","sourceId":"sitpa-physical","territoryIds":["es-as"],"bbox":[-5.40348,43.09126,-5.40309,43.09154],"center":[-5.403285,43.0914]},"geometry":{"type":"Point","coordinates":[-5.403285,43.0914]}},{"type":"Feature","id":"physical-as-lake-hydro-2-388","properties":{"id":"physical-as-lake-hydro-2-388","slug":"laguna-llaguniella","name":"Laguna Llaguniella","localName":"Laguna Llaguniella","aliases":[],"kind":"lake","sourceId":"sitpa-physical","territoryIds":["es-as"],"bbox":[-5.41397,43.10009,-5.4134,43.10052],"center":[-5.413685,43.100305000000006]},"geometry":{"type":"Point","coordinates":[-5.413685,43.100305000000006]}},{"type":"Feature","id":"physical-as-lake-hydro-2-483","properties":{"id":"physical-as-lake-hydro-2-483","slug":"pozu-l-afuega","name":"Pozu L'afuega","localName":"Pozu L'afuega","aliases":[],"kind":"lake","sourceId":"sitpa-physical","territoryIds":["es-as"],"bbox":[-5.51087,43.51216,-5.51067,43.51231],"center":[-5.51077,43.512235000000004]},"geometry":{"type":"Point","coordinates":[-5.51077,43.512235000000004]}},{"type":"Feature","id":"physical-as-lake-hydro-2-398","properties":{"id":"physical-as-lake-hydro-2-398","slug":"lago-de-cuetu-ladron","name":"Lago De Cuetu Ladrón","localName":"Lago De Cuetu Ladrón","aliases":[],"kind":"lake","sourceId":"sitpa-physical","territoryIds":["es-as"],"bbox":[-5.38202,43.09625,-5.3814,43.09654],"center":[-5.38171,43.096395]},"geometry":{"type":"Point","coordinates":[-5.38171,43.096395]}},{"type":"Feature","id":"physical-as-lake-hydro-2-404","properties":{"id":"physical-as-lake-hydro-2-404","slug":"lagos-del-texu","name":"Lagos Del Texu","localName":"Lagos Del Texu","aliases":[],"kind":"lake","sourceId":"sitpa-physical","territoryIds":["es-as"],"bbox":[-5.38688,43.10743,-5.38444,43.10866],"center":[-5.38566,43.108045000000004]},"geometry":{"type":"Point","coordinates":[-5.38566,43.108045000000004]}},{"type":"Feature","id":"physical-as-lake-hydro-2-405","properties":{"id":"physical-as-lake-hydro-2-405","slug":"lago-aranga-1","name":"Lago Aranga (1)","localName":"Lago Aranga (1)","aliases":[],"kind":"lake","sourceId":"sitpa-physical","territoryIds":["es-as"],"bbox":[-5.15885,43.21313,-5.15869,43.2133],"center":[-5.1587700000000005,43.213215]},"geometry":{"type":"Point","coordinates":[-5.1587700000000005,43.213215]}},{"type":"Feature","id":"physical-as-lake-hydro-2-406","properties":{"id":"physical-as-lake-hydro-2-406","slug":"lago-del-collao-los-lagos","name":"Lago Del Collao Los Lagos","localName":"Lago Del Collao Los Lagos","aliases":[],"kind":"lake","sourceId":"sitpa-physical","territoryIds":["es-as"],"bbox":[-5.15602,43.2165,-5.15587,43.21665],"center":[-5.155945,43.216575000000006]},"geometry":{"type":"Point","coordinates":[-5.155945,43.216575000000006]}},{"type":"Feature","id":"physical-as-lake-hydro-2-407","properties":{"id":"physical-as-lake-hydro-2-407","slug":"lago-de-vegamaor","name":"Lago De Vegamaor","localName":"Lago De Vegamaor","aliases":[],"kind":"lake","sourceId":"sitpa-physical","territoryIds":["es-as"],"bbox":[-5.03543,43.4043,-5.03496,43.40479],"center":[-5.035195,43.404545]},"geometry":{"type":"Point","coordinates":[-5.035195,43.404545]}},{"type":"Feature","id":"physical-as-lake-hydro-2-408","properties":{"id":"physical-as-lake-hydro-2-408","slug":"pozo-de-villanueva","name":"Pozo De Villanueva","localName":"Pozo De Villanueva","aliases":[],"kind":"lake","sourceId":"sitpa-physical","territoryIds":["es-as"],"bbox":[-5.03776,43.40384,-5.03742,43.40408],"center":[-5.03759,43.40396]},"geometry":{"type":"Point","coordinates":[-5.03759,43.40396]}},{"type":"Feature","id":"physical-as-lake-hydro-2-409","properties":{"id":"physical-as-lake-hydro-2-409","slug":"laguna-la-selgar","name":"Laguna La Selgar","localName":"Laguna La Selgar","aliases":[],"kind":"lake","sourceId":"sitpa-physical","territoryIds":["es-as"],"bbox":[-4.85467,43.3567,-4.85448,43.3568],"center":[-4.854575,43.35675]},"geometry":{"type":"Point","coordinates":[-4.854575,43.35675]}},{"type":"Feature","id":"physical-as-lake-hydro-2-410","properties":{"id":"physical-as-lake-hydro-2-410","slug":"laguna-artificial-en-brana-de-asiego","name":"Laguna Artificial En Braña De Asiego","localName":"Laguna Artificial En Braña De Asiego","aliases":[],"kind":"lake","sourceId":"sitpa-physical","territoryIds":["es-as"],"bbox":[-4.85122,43.35506,-4.85075,43.35546],"center":[-4.850985,43.35526]},"geometry":{"type":"Point","coordinates":[-4.850985,43.35526]}},{"type":"Feature","id":"physical-as-lake-hydro-2-411","properties":{"id":"physical-as-lake-hydro-2-411","slug":"lago-de-tornallas","name":"Lago De Tornallas","localName":"Lago De Tornallas","aliases":[],"kind":"lake","sourceId":"sitpa-physical","territoryIds":["es-as"],"bbox":[-4.82042,43.34981,-4.82004,43.35016],"center":[-4.8202300000000005,43.349985000000004]},"geometry":{"type":"Point","coordinates":[-4.8202300000000005,43.349985000000004]}},{"type":"Feature","id":"physical-as-lake-hydro-2-412","properties":{"id":"physical-as-lake-hydro-2-412","slug":"lagos-de-haba","name":"Lagos De Haba","localName":"Lagos De Haba","aliases":[],"kind":"lake","sourceId":"sitpa-physical","territoryIds":["es-as"],"bbox":[-4.8014,43.35127,-4.80086,43.35156],"center":[-4.801130000000001,43.351415]},"geometry":{"type":"Point","coordinates":[-4.801130000000001,43.351415]}},{"type":"Feature","id":"physical-as-lake-hydro-2-418","properties":{"id":"physical-as-lake-hydro-2-418","slug":"laguna-de-la-marea","name":"Laguna De La Marea","localName":"Laguna De La Marea","aliases":[],"kind":"lake","sourceId":"sitpa-physical","territoryIds":["es-as"],"bbox":[-4.83837,43.40592,-4.83647,43.40687],"center":[-4.83742,43.406395]},"geometry":{"type":"Point","coordinates":[-4.83742,43.406395]}},{"type":"Feature","id":"physical-as-lake-hydro-2-424","properties":{"id":"physical-as-lake-hydro-2-424","slug":"lago-artificial","name":"Lago Artificial","localName":"Lago Artificial","aliases":[],"kind":"lake","sourceId":"sitpa-physical","territoryIds":["es-as"],"bbox":[-4.65717,43.34928,-4.65685,43.34963],"center":[-4.65701,43.349455]},"geometry":{"type":"Point","coordinates":[-4.65701,43.349455]}},{"type":"Feature","id":"physical-as-lake-hydro-2-425","properties":{"id":"physical-as-lake-hydro-2-425","slug":"laguna-lino","name":"Laguna Liño","localName":"Laguna Liño","aliases":[],"kind":"lake","sourceId":"sitpa-physical","territoryIds":["es-as"],"bbox":[-4.70524,43.35514,-4.70504,43.35526],"center":[-4.70514,43.355199999999996]},"geometry":{"type":"Point","coordinates":[-4.70514,43.355199999999996]}},{"type":"Feature","id":"physical-as-lake-hydro-2-426","properties":{"id":"physical-as-lake-hydro-2-426","slug":"llagu-de-las-monetas","name":"Llagu De Las Moñetas","localName":"Llagu De Las Moñetas","aliases":[],"kind":"lake","sourceId":"sitpa-physical","territoryIds":["es-as"],"bbox":[-4.78981,43.19152,-4.78897,43.192],"center":[-4.78939,43.19176]},"geometry":{"type":"Point","coordinates":[-4.78939,43.19176]}},{"type":"Feature","id":"physical-as-lake-hydro-2-427","properties":{"id":"physical-as-lake-hydro-2-427","slug":"llagu-vieyu","name":"Llagu Vieyu","localName":"Llagu Vieyu","aliases":[],"kind":"lake","sourceId":"sitpa-physical","territoryIds":["es-as"],"bbox":[-4.7884,43.19384,-4.78773,43.19432],"center":[-4.788065,43.19408]},"geometry":{"type":"Point","coordinates":[-4.788065,43.19408]}},{"type":"Feature","id":"physical-as-lake-hydro-2-428","properties":{"id":"physical-as-lake-hydro-2-428","slug":"lago-el-rasu","name":"Lago El Rasu","localName":"Lago El Rasu","aliases":[],"kind":"lake","sourceId":"sitpa-physical","territoryIds":["es-as"],"bbox":[-4.83021,43.21497,-4.82996,43.21528],"center":[-4.830085,43.215125]},"geometry":{"type":"Point","coordinates":[-4.830085,43.215125]}},{"type":"Feature","id":"physical-as-lake-hydro-2-430","properties":{"id":"physical-as-lake-hydro-2-430","slug":"lago-de-justiguerruda","name":"Lago De Justiguerruda","localName":"Lago De Justiguerruda","aliases":[],"kind":"lake","sourceId":"sitpa-physical","territoryIds":["es-as"],"bbox":[-4.90249,43.27937,-4.90187,43.27988],"center":[-4.9021799999999995,43.279624999999996]},"geometry":{"type":"Point","coordinates":[-4.9021799999999995,43.279624999999996]}},{"type":"Feature","id":"physical-as-lake-hydro-2-431","properties":{"id":"physical-as-lake-hydro-2-431","slug":"laguna-de-las-tremonas-o-tremas-de-comeya","name":"Laguna De Las Tremonas O Tremas De Comeya","localName":"Laguna De Las Tremonas O Tremas De Comeya","aliases":[],"kind":"lake","sourceId":"sitpa-physical","territoryIds":["es-as"],"bbox":[-4.99599,43.28466,-4.99144,43.28804],"center":[-4.993715,43.28635]},"geometry":{"type":"Point","coordinates":[-4.993715,43.28635]}},{"type":"Feature","id":"physical-as-lake-hydro-2-432","properties":{"id":"physical-as-lake-hydro-2-432","slug":"laguna-del-monte-de-meisnedo","name":"Laguna Del Monte De Meisnedo","localName":"Laguna Del Monte De Meisnedo","aliases":[],"kind":"lake","sourceId":"sitpa-physical","territoryIds":["es-as"],"bbox":[-6.9368,43.37098,-6.93661,43.37116],"center":[-6.936705,43.37107]},"geometry":{"type":"Point","coordinates":[-6.936705,43.37107]}},{"type":"Feature","id":"physical-as-lake-hydro-2-433","properties":{"id":"physical-as-lake-hydro-2-433","slug":"a-lagua-del-campo","name":"A Lagúa Del Campo","localName":"A Lagúa Del Campo","aliases":[],"kind":"lake","sourceId":"sitpa-physical","territoryIds":["es-as"],"bbox":[-6.95716,43.37328,-6.95699,43.37345],"center":[-6.957075,43.373365]},"geometry":{"type":"Point","coordinates":[-6.957075,43.373365]}},{"type":"Feature","id":"physical-as-lake-hydro-2-435","properties":{"id":"physical-as-lake-hydro-2-435","slug":"laguna-de-piqueiro","name":"Laguna De Piqueiro","localName":"Laguna De Piqueiro","aliases":[],"kind":"lake","sourceId":"sitpa-physical","territoryIds":["es-as"],"bbox":[-6.96785,43.35052,-6.96768,43.35064],"center":[-6.967765,43.35058]},"geometry":{"type":"Point","coordinates":[-6.967765,43.35058]}},{"type":"Feature","id":"physical-as-lake-hydro-2-438","properties":{"id":"physical-as-lake-hydro-2-438","slug":"laguna-de-morlongo","name":"Laguna De Morlongo","localName":"Laguna De Morlongo","aliases":[],"kind":"lake","sourceId":"sitpa-physical","territoryIds":["es-as"],"bbox":[-6.97121,43.34382,-6.97061,43.34407],"center":[-6.97091,43.343945000000005]},"geometry":{"type":"Point","coordinates":[-6.97091,43.343945000000005]}},{"type":"Feature","id":"physical-as-lake-hydro-2-439","properties":{"id":"physical-as-lake-hydro-2-439","slug":"lago-bricial","name":"Lago Bricial","localName":"Lago Bricial","aliases":[],"kind":"lake","sourceId":"sitpa-physical","territoryIds":["es-as"],"bbox":[-4.9884,43.26109,-4.98516,43.26328],"center":[-4.9867799999999995,43.262185]},"geometry":{"type":"Point","coordinates":[-4.9867799999999995,43.262185]}},{"type":"Feature","id":"physical-as-lake-hydro-2-443","properties":{"id":"physical-as-lake-hydro-2-443","slug":"llagu-becena","name":"Llagu Beceña","localName":"Llagu Beceña","aliases":[],"kind":"lake","sourceId":"sitpa-physical","territoryIds":["es-as"],"bbox":[-4.87692,43.26885,-4.87676,43.26894],"center":[-4.87684,43.268895]},"geometry":{"type":"Point","coordinates":[-4.87684,43.268895]}},{"type":"Feature","id":"physical-as-lake-hydro-2-445","properties":{"id":"physical-as-lake-hydro-2-445","slug":"llaguna-fana","name":"Llaguna Fana","localName":"Llaguna Fana","aliases":[],"kind":"lake","sourceId":"sitpa-physical","territoryIds":["es-as"],"bbox":[-5.01331,43.27974,-5.0132,43.27982],"center":[-5.013255,43.27978]},"geometry":{"type":"Point","coordinates":[-5.013255,43.27978]}},{"type":"Feature","id":"physical-as-lake-hydro-2-447","properties":{"id":"physical-as-lake-hydro-2-447","slug":"llamazuga-de-la-vega-de-huso","name":"Llamazuga De La Vega De Huso","localName":"Llamazuga De La Vega De Huso","aliases":[],"kind":"lake","sourceId":"sitpa-physical","territoryIds":["es-as"],"bbox":[-4.85953,43.26409,-4.8594,43.26424],"center":[-4.859465,43.264165000000006]},"geometry":{"type":"Point","coordinates":[-4.859465,43.264165000000006]}},{"type":"Feature","id":"physical-as-lake-hydro-2-448","properties":{"id":"physical-as-lake-hydro-2-448","slug":"llagu-muniegru","name":"Llagu Muñiegru","localName":"Llagu Muñiegru","aliases":[],"kind":"lake","sourceId":"sitpa-physical","territoryIds":["es-as"],"bbox":[-4.91988,43.31855,-4.91971,43.3187],"center":[-4.919795000000001,43.318625]},"geometry":{"type":"Point","coordinates":[-4.919795000000001,43.318625]}},{"type":"Feature","id":"physical-as-lake-hydro-2-449","properties":{"id":"physical-as-lake-hydro-2-449","slug":"llagu-la-forcada","name":"Llagu La Forcada","localName":"Llagu La Forcada","aliases":[],"kind":"lake","sourceId":"sitpa-physical","territoryIds":["es-as"],"bbox":[-4.93969,43.31622,-4.93946,43.31648],"center":[-4.939575,43.31635]},"geometry":{"type":"Point","coordinates":[-4.939575,43.31635]}},{"type":"Feature","id":"physical-as-lake-hydro-2-450","properties":{"id":"physical-as-lake-hydro-2-450","slug":"freiron-de-odon","name":"Freirón De Odón","localName":"Freirón De Odón","aliases":[],"kind":"lake","sourceId":"sitpa-physical","territoryIds":["es-as"],"bbox":[-4.86001,43.26531,-4.85981,43.26546],"center":[-4.85991,43.265384999999995]},"geometry":{"type":"Point","coordinates":[-4.85991,43.265384999999995]}},{"type":"Feature","id":"physical-as-lake-hydro-2-452","properties":{"id":"physical-as-lake-hydro-2-452","slug":"fuenfria","name":"Fuenfría","localName":"Fuenfría","aliases":[],"kind":"lake","sourceId":"sitpa-physical","territoryIds":["es-as"],"bbox":[-4.99417,43.28423,-4.99268,43.28522],"center":[-4.993425,43.284725]},"geometry":{"type":"Point","coordinates":[-4.993425,43.284725]}},{"type":"Feature","id":"physical-as-lake-hydro-2-454","properties":{"id":"physical-as-lake-hydro-2-454","slug":"el-requexu","name":"El Requexu","localName":"El Requexu","aliases":[],"kind":"lake","sourceId":"sitpa-physical","territoryIds":["es-as"],"bbox":[-5.27224,43.41885,-5.27196,43.41914],"center":[-5.2721,43.418994999999995]},"geometry":{"type":"Point","coordinates":[-5.2721,43.418994999999995]}},{"type":"Feature","id":"physical-as-lake-hydro-2-455","properties":{"id":"physical-as-lake-hydro-2-455","slug":"espinerres","name":"Espinerres","localName":"Espinerres","aliases":[],"kind":"lake","sourceId":"sitpa-physical","territoryIds":["es-as"],"bbox":[-5.27577,43.4133,-5.27554,43.41349],"center":[-5.275655,43.413395]},"geometry":{"type":"Point","coordinates":[-5.275655,43.413395]}},{"type":"Feature","id":"physical-as-lake-hydro-2-456","properties":{"id":"physical-as-lake-hydro-2-456","slug":"lagunas-del-potril","name":"Lagunas Del Potril","localName":"Lagunas Del Potril","aliases":[],"kind":"lake","sourceId":"sitpa-physical","territoryIds":["es-as"],"bbox":[-5.26135,43.42525,-5.26102,43.42544],"center":[-5.261185,43.425345]},"geometry":{"type":"Point","coordinates":[-5.261185,43.425345]}},{"type":"Feature","id":"physical-as-lake-hydro-2-457","properties":{"id":"physical-as-lake-hydro-2-457","slug":"les-corripies","name":"Les Corripies","localName":"Les Corripies","aliases":[],"kind":"lake","sourceId":"sitpa-physical","territoryIds":["es-as"],"bbox":[-5.24856,43.43112,-5.24843,43.43123],"center":[-5.248495,43.431174999999996]},"geometry":{"type":"Point","coordinates":[-5.248495,43.431174999999996]}},{"type":"Feature","id":"physical-as-lake-hydro-2-458","properties":{"id":"physical-as-lake-hydro-2-458","slug":"los-navales","name":"Los Navales","localName":"Los Navales","aliases":[],"kind":"lake","sourceId":"sitpa-physical","territoryIds":["es-as"],"bbox":[-5.25442,43.43639,-5.25414,43.43667],"center":[-5.25428,43.436530000000005]},"geometry":{"type":"Point","coordinates":[-5.25428,43.436530000000005]}},{"type":"Feature","id":"physical-as-lake-hydro-2-466","properties":{"id":"physical-as-lake-hydro-2-466","slug":"laguna-el-querabu","name":"Laguna El Quérabu","localName":"Laguna El Quérabu","aliases":[],"kind":"lake","sourceId":"sitpa-physical","territoryIds":["es-as"],"bbox":[-5.03797,43.45162,-5.03531,43.4534],"center":[-5.03664,43.452510000000004]},"geometry":{"type":"Point","coordinates":[-5.03664,43.452510000000004]}},{"type":"Feature","id":"physical-as-lake-hydro-2-467","properties":{"id":"physical-as-lake-hydro-2-467","slug":"lagunilla-de-gatones","name":"Lagunilla De Gatones","localName":"Lagunilla De Gatones","aliases":[],"kind":"lake","sourceId":"sitpa-physical","territoryIds":["es-as"],"bbox":[-4.8001,43.42545,-4.79859,43.42605],"center":[-4.799345,43.425749999999994]},"geometry":{"type":"Point","coordinates":[-4.799345,43.425749999999994]}},{"type":"Feature","id":"physical-as-lake-hydro-2-470","properties":{"id":"physical-as-lake-hydro-2-470","slug":"laguna-de-nievares","name":"Laguna De Nievares","localName":"Laguna De Nievares","aliases":[],"kind":"lake","sourceId":"sitpa-physical","territoryIds":["es-as"],"bbox":[-5.51399,43.48435,-5.51361,43.48458],"center":[-5.5138,43.484465]},"geometry":{"type":"Point","coordinates":[-5.5138,43.484465]}},{"type":"Feature","id":"physical-as-lake-hydro-2-472","properties":{"id":"physical-as-lake-hydro-2-472","slug":"estanques-campo-de-golf-los-balagares","name":"Estanques Campo De Golf Los Balagares","localName":"Estanques Campo De Golf Los Balagares","aliases":[],"kind":"lake","sourceId":"sitpa-physical","territoryIds":["es-as"],"bbox":[-5.88909,43.5432,-5.88507,43.54563],"center":[-5.88708,43.544415]},"geometry":{"type":"Point","coordinates":[-5.88708,43.544415]}},{"type":"Feature","id":"physical-as-lake-hydro-2-479","properties":{"id":"physical-as-lake-hydro-2-479","slug":"laguna-del-bao","name":"Laguna Del Bao","localName":"Laguna Del Bao","aliases":[],"kind":"lake","sourceId":"sitpa-physical","territoryIds":["es-as"],"bbox":[-4.55758,43.38081,-4.55732,43.3811],"center":[-4.557449999999999,43.380955]},"geometry":{"type":"Point","coordinates":[-4.557449999999999,43.380955]}},{"type":"Feature","id":"physical-as-lake-hydro-2-481","properties":{"id":"physical-as-lake-hydro-2-481","slug":"charca","name":"Charca","localName":"Charca","aliases":[],"kind":"lake","sourceId":"sitpa-physical","territoryIds":["es-as"],"bbox":[-5.85497,43.65512,-5.85434,43.65568],"center":[-5.854654999999999,43.6554]},"geometry":{"type":"Point","coordinates":[-5.854654999999999,43.6554]}},{"type":"Feature","id":"physical-as-lake-hydro-2-482","properties":{"id":"physical-as-lake-hydro-2-482","slug":"llagu-entrepuertes","name":"Llagu Entrepuertes","localName":"Llagu Entrepuertes","aliases":[],"kind":"lake","sourceId":"sitpa-physical","territoryIds":["es-as"],"bbox":[-5.88343,43.26133,-5.88331,43.26139],"center":[-5.883369999999999,43.261359999999996]},"geometry":{"type":"Point","coordinates":[-5.883369999999999,43.261359999999996]}},{"type":"Feature","id":"physical-as-lake-hydro-2-486","properties":{"id":"physical-as-lake-hydro-2-486","slug":"charca-de-las-molinas","name":"Charca De Las Molinas","localName":"Charca De Las Molinas","aliases":[],"kind":"lake","sourceId":"sitpa-physical","territoryIds":["es-as"],"bbox":[-6.333,43.3792,-6.32767,43.38245],"center":[-6.330335,43.380825]},"geometry":{"type":"Point","coordinates":[-6.330335,43.380825]}},{"type":"Feature","id":"physical-as-lake-hydro-2-488","properties":{"id":"physical-as-lake-hydro-2-488","slug":"chago-de-fuenterrocha","name":"Chago De Fuenterrocha","localName":"Chago De Fuenterrocha","aliases":[],"kind":"lake","sourceId":"sitpa-physical","territoryIds":["es-as"],"bbox":[-6.65639,43.25655,-6.65595,43.25679],"center":[-6.6561699999999995,43.25667]},"geometry":{"type":"Point","coordinates":[-6.6561699999999995,43.25667]}},{"type":"Feature","id":"physical-as-lake-hydro-2-491","properties":{"id":"physical-as-lake-hydro-2-491","slug":"el-chagu","name":"El Chagu","localName":"El Chagu","aliases":[],"kind":"lake","sourceId":"sitpa-physical","territoryIds":["es-as"],"bbox":[-6.66911,43.27001,-6.66891,43.2702],"center":[-6.66901,43.270105]},"geometry":{"type":"Point","coordinates":[-6.66901,43.270105]}},{"type":"Feature","id":"physical-as-lake-hydro-2-493","properties":{"id":"physical-as-lake-hydro-2-493","slug":"lagunas-campo-de-golf","name":"Lagunas Campo De Golf","localName":"Lagunas Campo De Golf","aliases":[],"kind":"lake","sourceId":"sitpa-physical","territoryIds":["es-as"],"bbox":[-6.95314,43.53716,-6.95241,43.53784],"center":[-6.952775000000001,43.5375]},"geometry":{"type":"Point","coordinates":[-6.952775000000001,43.5375]}},{"type":"Feature","id":"physical-as-lake-hydro-2-494","properties":{"id":"physical-as-lake-hydro-2-494","slug":"lagunas-de-silva","name":"Lagunas De Silva","localName":"Lagunas De Silva","aliases":[],"kind":"lake","sourceId":"sitpa-physical","territoryIds":["es-as"],"bbox":[-6.91701,43.56396,-6.91558,43.56516],"center":[-6.916295,43.56456]},"geometry":{"type":"Point","coordinates":[-6.916295,43.56456]}},{"type":"Feature","id":"physical-as-lake-hydro-2-496","properties":{"id":"physical-as-lake-hydro-2-496","slug":"lagua-d-os-charcos","name":"Lagúa D'os Charcos","localName":"Lagúa D'os Charcos","aliases":[],"kind":"lake","sourceId":"sitpa-physical","territoryIds":["es-as"],"bbox":[-7.02097,43.35356,-7.02023,43.35399],"center":[-7.0206,43.353775]},"geometry":{"type":"Point","coordinates":[-7.0206,43.353775]}},{"type":"Feature","id":"physical-as-lake-hydro-2-499","properties":{"id":"physical-as-lake-hydro-2-499","slug":"pozo-da-llagua","name":"Pozo Da Llagúa","localName":"Pozo Da Llagúa","aliases":[],"kind":"lake","sourceId":"sitpa-physical","territoryIds":["es-as"],"bbox":[-6.88946,43.41245,-6.88932,43.41262],"center":[-6.88939,43.412535]},"geometry":{"type":"Point","coordinates":[-6.88939,43.412535]}},{"type":"Feature","id":"physical-as-lake-hydro-2-501","properties":{"id":"physical-as-lake-hydro-2-501","slug":"a-poza-del-montecin","name":"A Poza Del Montecín","localName":"A Poza Del Montecín","aliases":[],"kind":"lake","sourceId":"sitpa-physical","territoryIds":["es-as"],"bbox":[-6.89159,43.42089,-6.89126,43.42147],"center":[-6.891425,43.42118]},"geometry":{"type":"Point","coordinates":[-6.891425,43.42118]}},{"type":"Feature","id":"physical-as-lake-hydro-2-502","properties":{"id":"physical-as-lake-hydro-2-502","slug":"as-llaguas-dos-chaos","name":"As Llagúas Dos Chaos","localName":"As Llagúas Dos Chaos","aliases":[],"kind":"lake","sourceId":"sitpa-physical","territoryIds":["es-as"],"bbox":[-6.89173,43.42615,-6.89148,43.42648],"center":[-6.891605,43.426315]},"geometry":{"type":"Point","coordinates":[-6.891605,43.426315]}},{"type":"Feature","id":"physical-as-lake-hydro-2-504","properties":{"id":"physical-as-lake-hydro-2-504","slug":"lagua-de-lamas","name":"Lagúa De Lamas","localName":"Lagúa De Lamas","aliases":[],"kind":"lake","sourceId":"sitpa-physical","territoryIds":["es-as"],"bbox":[-6.95352,43.41948,-6.9534,43.41963],"center":[-6.95346,43.419555]},"geometry":{"type":"Point","coordinates":[-6.95346,43.419555]}},{"type":"Feature","id":"physical-as-lake-hydro-2-505","properties":{"id":"physical-as-lake-hydro-2-505","slug":"el-pozon","name":"El Pozón","localName":"El Pozón","aliases":[],"kind":"lake","sourceId":"sitpa-physical","territoryIds":["es-as"],"bbox":[-7.08082,43.38081,-7.08068,43.381],"center":[-7.08075,43.380905]},"geometry":{"type":"Point","coordinates":[-7.08075,43.380905]}},{"type":"Feature","id":"physical-as-lake-hydro-2-507","properties":{"id":"physical-as-lake-hydro-2-507","slug":"el-charcon","name":"El Charcón","localName":"El Charcón","aliases":[],"kind":"lake","sourceId":"sitpa-physical","territoryIds":["es-as"],"bbox":[-6.40774,43.26847,-6.40729,43.26876],"center":[-6.407515,43.268615]},"geometry":{"type":"Point","coordinates":[-6.407515,43.268615]}},{"type":"Feature","id":"physical-as-lake-hydro-2-508","properties":{"id":"physical-as-lake-hydro-2-508","slug":"lagunas-del-chao-dos-pozos","name":"Lagunas Del Chao Dos Pozos","localName":"Lagunas Del Chao Dos Pozos","aliases":[],"kind":"lake","sourceId":"sitpa-physical","territoryIds":["es-as"],"bbox":[-7.04637,43.39942,-7.04583,43.39982],"center":[-7.046099999999999,43.39962]},"geometry":{"type":"Point","coordinates":[-7.046099999999999,43.39962]}},{"type":"Feature","id":"physical-as-lake-hydro-2-511","properties":{"id":"physical-as-lake-hydro-2-511","slug":"estanque-del-palacio-de-aguera","name":"Estanque Del Palacio De Agüera","localName":"Estanque Del Palacio De Agüera","aliases":[],"kind":"lake","sourceId":"sitpa-physical","territoryIds":["es-as"],"bbox":[-6.09516,43.16796,-6.09473,43.16858],"center":[-6.094945,43.16827]},"geometry":{"type":"Point","coordinates":[-6.094945,43.16827]}},{"type":"Feature","id":"physical-as-lake-hydro-2-512","properties":{"id":"physical-as-lake-hydro-2-512","slug":"lago-de-villamarcel","name":"Lago De Villamarcel","localName":"Lago De Villamarcel","aliases":[],"kind":"lake","sourceId":"sitpa-physical","territoryIds":["es-as"],"bbox":[-5.97915,43.14708,-5.97822,43.14791],"center":[-5.9786850000000005,43.147495000000006]},"geometry":{"type":"Point","coordinates":[-5.9786850000000005,43.147495000000006]}},{"type":"Feature","id":"physical-as-lake-hydro-2-513","properties":{"id":"physical-as-lake-hydro-2-513","slug":"lago-estopo","name":"Lago Estopo","localName":"Lago Estopo","aliases":[],"kind":"lake","sourceId":"sitpa-physical","territoryIds":["es-as"],"bbox":[-6.09404,43.2048,-6.09393,43.20489],"center":[-6.093985,43.204845]},"geometry":{"type":"Point","coordinates":[-6.093985,43.204845]}},{"type":"Feature","id":"physical-as-lake-hydro-2-516","properties":{"id":"physical-as-lake-hydro-2-516","slug":"gradura-1","name":"Gradura (1)","localName":"Gradura (1)","aliases":[],"kind":"lake","sourceId":"sitpa-physical","territoryIds":["es-as"],"bbox":[-6.0978,43.19602,-6.0976,43.19618],"center":[-6.0977,43.1961]},"geometry":{"type":"Point","coordinates":[-6.0977,43.1961]}},{"type":"Feature","id":"physical-as-lake-hydro-2-517","properties":{"id":"physical-as-lake-hydro-2-517","slug":"lago-fullericos","name":"Lago Fullericos","localName":"Lago Fullericos","aliases":[],"kind":"lake","sourceId":"sitpa-physical","territoryIds":["es-as"],"bbox":[-6.2652,43.37959,-6.26502,43.37976],"center":[-6.26511,43.379675]},"geometry":{"type":"Point","coordinates":[-6.26511,43.379675]}},{"type":"Feature","id":"physical-as-lake-hydro-2-520","properties":{"id":"physical-as-lake-hydro-2-520","slug":"cubietchos","name":"Cubietchos","localName":"Cubietchos","aliases":[],"kind":"lake","sourceId":"sitpa-physical","territoryIds":["es-as"],"bbox":[-5.92083,43.17497,-5.9205,43.17519],"center":[-5.920665,43.17508]},"geometry":{"type":"Point","coordinates":[-5.920665,43.17508]}},{"type":"Feature","id":"physical-as-lake-hydro-2-523","properties":{"id":"physical-as-lake-hydro-2-523","slug":"lago-valdoveyes","name":"Lago Valdoveyes","localName":"Lago Valdoveyes","aliases":[],"kind":"lake","sourceId":"sitpa-physical","territoryIds":["es-as"],"bbox":[-5.89891,43.26105,-5.89882,43.26111],"center":[-5.898865,43.26108]},"geometry":{"type":"Point","coordinates":[-5.898865,43.26108]}},{"type":"Feature","id":"physical-as-lake-hydro-2-525","properties":{"id":"physical-as-lake-hydro-2-525","slug":"lago-ordiales","name":"Lago Ordiales","localName":"Lago Ordiales","aliases":[],"kind":"lake","sourceId":"sitpa-physical","territoryIds":["es-as"],"bbox":[-5.9416,43.27478,-5.94144,43.27495],"center":[-5.941520000000001,43.274865]},"geometry":{"type":"Point","coordinates":[-5.941520000000001,43.274865]}},{"type":"Feature","id":"physical-as-lake-hydro-2-539","properties":{"id":"physical-as-lake-hydro-2-539","slug":"pozon-de-la-mina-bolao","name":"Pozón De La Mina Bolao","localName":"Pozón De La Mina Bolao","aliases":[],"kind":"lake","sourceId":"sitpa-physical","territoryIds":["es-as"],"bbox":[-4.7652,43.40015,-4.76435,43.40046],"center":[-4.764775,43.400305]},"geometry":{"type":"Point","coordinates":[-4.764775,43.400305]}},{"type":"Feature","id":"physical-as-lake-hydro-2-540","properties":{"id":"physical-as-lake-hydro-2-540","slug":"la-bombona","name":"La Bombona","localName":"La Bombona","aliases":[],"kind":"lake","sourceId":"sitpa-physical","territoryIds":["es-as"],"bbox":[-4.85622,43.43896,-4.85585,43.43915],"center":[-4.856035,43.439054999999996]},"geometry":{"type":"Point","coordinates":[-4.856035,43.439054999999996]}},{"type":"Feature","id":"physical-as-lake-hydro-2-543","properties":{"id":"physical-as-lake-hydro-2-543","slug":"charca-de-la-veiga","name":"Charca De La Veiga","localName":"Charca De La Veiga","aliases":[],"kind":"lake","sourceId":"sitpa-physical","territoryIds":["es-as"],"bbox":[-5.99183,43.23862,-5.99156,43.23871],"center":[-5.991695,43.238665]},"geometry":{"type":"Point","coordinates":[-5.991695,43.238665]}},{"type":"Feature","id":"physical-as-lake-hydro-2-544","properties":{"id":"physical-as-lake-hydro-2-544","slug":"llagusales","name":"Llagusales","localName":"Llagusales","aliases":[],"kind":"lake","sourceId":"sitpa-physical","territoryIds":["es-as"],"bbox":[-5.94717,43.21947,-5.9467,43.21975],"center":[-5.946935,43.21961]},"geometry":{"type":"Point","coordinates":[-5.946935,43.21961]}},{"type":"Feature","id":"physical-as-lake-hydro-2-546","properties":{"id":"physical-as-lake-hydro-2-546","slug":"chagu-aquillans","name":"Chagu Aquillans","localName":"Chagu Aquillans","aliases":[],"kind":"lake","sourceId":"sitpa-physical","territoryIds":["es-as"],"bbox":[-6.22933,43.20621,-6.22886,43.20655],"center":[-6.229095,43.206379999999996]},"geometry":{"type":"Point","coordinates":[-6.229095,43.206379999999996]}},{"type":"Feature","id":"physical-as-lake-hydro-2-548","properties":{"id":"physical-as-lake-hydro-2-548","slug":"la-texuca","name":"La Texuca","localName":"La Texuca","aliases":[],"kind":"lake","sourceId":"sitpa-physical","territoryIds":["es-as"],"bbox":[-4.83438,43.35503,-4.83405,43.35535],"center":[-4.834215,43.35519]},"geometry":{"type":"Point","coordinates":[-4.834215,43.35519]}},{"type":"Feature","id":"physical-as-lake-hydro-2-554","properties":{"id":"physical-as-lake-hydro-2-554","slug":"llagu-hilera","name":"Llagu Hilera","localName":"Llagu Hilera","aliases":[],"kind":"lake","sourceId":"sitpa-physical","territoryIds":["es-as"],"bbox":[-4.73616,43.35272,-4.736,43.35283],"center":[-4.736079999999999,43.352774999999994]},"geometry":{"type":"Point","coordinates":[-4.736079999999999,43.352774999999994]}},{"type":"Feature","id":"physical-as-lake-hydro-2-557","properties":{"id":"physical-as-lake-hydro-2-557","slug":"la-albinera","name":"La Albinera","localName":"La Albinera","aliases":[],"kind":"lake","sourceId":"sitpa-physical","territoryIds":["es-as"],"bbox":[-4.64635,43.34534,-4.64621,43.34544],"center":[-4.64628,43.34539]},"geometry":{"type":"Point","coordinates":[-4.64628,43.34539]}},{"type":"Feature","id":"physical-as-lake-hydro-2-559","properties":{"id":"physical-as-lake-hydro-2-559","slug":"balsa-de-juncas","name":"Balsa De Juncas","localName":"Balsa De Juncas","aliases":[],"kind":"lake","sourceId":"sitpa-physical","territoryIds":["es-as"],"bbox":[-4.61391,43.34394,-4.61373,43.34416],"center":[-4.6138200000000005,43.34405]},"geometry":{"type":"Point","coordinates":[-4.6138200000000005,43.34405]}},{"type":"Feature","id":"physical-as-lake-hydro-2-562","properties":{"id":"physical-as-lake-hydro-2-562","slug":"laguna-fuente-prieta","name":"Laguna Fuente Prieta","localName":"Laguna Fuente Prieta","aliases":[],"kind":"lake","sourceId":"sitpa-physical","territoryIds":["es-as"],"bbox":[-6.30595,43.08087,-6.30565,43.08111],"center":[-6.3058,43.08099]},"geometry":{"type":"Point","coordinates":[-6.3058,43.08099]}},{"type":"Feature","id":"physical-as-lake-hydro-2-563","properties":{"id":"physical-as-lake-hydro-2-563","slug":"la-chaguna","name":"La Chaguna","localName":"La Chaguna","aliases":[],"kind":"lake","sourceId":"sitpa-physical","territoryIds":["es-as"],"bbox":[-6.50429,43.03245,-6.50409,43.03273],"center":[-6.5041899999999995,43.03259]},"geometry":{"type":"Point","coordinates":[-6.5041899999999995,43.03259]}},{"type":"Feature","id":"physical-as-lake-hydro-2-565","properties":{"id":"physical-as-lake-hydro-2-565","slug":"la-ratoria","name":"La Ratoria","localName":"La Ratoria","aliases":[],"kind":"lake","sourceId":"sitpa-physical","territoryIds":["es-as"],"bbox":[-6.96882,43.25362,-6.96866,43.25377],"center":[-6.96874,43.253695]},"geometry":{"type":"Point","coordinates":[-6.96874,43.253695]}},{"type":"Feature","id":"physical-as-lake-hydro-2-566","properties":{"id":"physical-as-lake-hydro-2-566","slug":"vieiros","name":"Vieiros","localName":"Vieiros","aliases":[],"kind":"lake","sourceId":"sitpa-physical","territoryIds":["es-as"],"bbox":[-6.96549,43.24617,-6.9653,43.24642],"center":[-6.965395,43.246295]},"geometry":{"type":"Point","coordinates":[-6.965395,43.246295]}},{"type":"Feature","id":"physical-as-lake-hydro-2-567","properties":{"id":"physical-as-lake-hydro-2-567","slug":"laguna-de-vali-forcada","name":"Laguna De Valí Forcada","localName":"Laguna De Valí Forcada","aliases":[],"kind":"lake","sourceId":"sitpa-physical","territoryIds":["es-as"],"bbox":[-6.89193,43.32706,-6.89151,43.32733],"center":[-6.89172,43.327195]},"geometry":{"type":"Point","coordinates":[-6.89172,43.327195]}},{"type":"Feature","id":"physical-as-lake-hydro-2-569","properties":{"id":"physical-as-lake-hydro-2-569","slug":"laguna-do-pico","name":"Laguna Do Pico","localName":"Laguna Do Pico","aliases":[],"kind":"lake","sourceId":"sitpa-physical","territoryIds":["es-as"],"bbox":[-6.94965,43.31804,-6.94953,43.31813],"center":[-6.949590000000001,43.318084999999996]},"geometry":{"type":"Point","coordinates":[-6.949590000000001,43.318084999999996]}},{"type":"Feature","id":"physical-as-lake-hydro-2-570","properties":{"id":"physical-as-lake-hydro-2-570","slug":"as-laguas","name":"As Lagúas","localName":"As Lagúas","aliases":[],"kind":"lake","sourceId":"sitpa-physical","territoryIds":["es-as"],"bbox":[-6.95712,43.31439,-6.95674,43.31512],"center":[-6.95693,43.314755000000005]},"geometry":{"type":"Point","coordinates":[-6.95693,43.314755000000005]}},{"type":"Feature","id":"physical-as-lake-hydro-2-571","properties":{"id":"physical-as-lake-hydro-2-571","slug":"laguna-das-nubicieiras","name":"Laguna Das Nubicieiras","localName":"Laguna Das Nubicieiras","aliases":[],"kind":"lake","sourceId":"sitpa-physical","territoryIds":["es-as"],"bbox":[-6.88669,43.36456,-6.88652,43.36466],"center":[-6.886604999999999,43.36461]},"geometry":{"type":"Point","coordinates":[-6.886604999999999,43.36461]}},{"type":"Feature","id":"physical-as-lake-hydro-2-572","properties":{"id":"physical-as-lake-hydro-2-572","slug":"bajo-el-ubales","name":"Bajo El Ubales","localName":"Bajo El Ubales","aliases":[],"kind":"lake","sourceId":"sitpa-physical","territoryIds":["es-as"],"bbox":[-5.3507,43.10504,-5.35047,43.10514],"center":[-5.350585,43.105090000000004]},"geometry":{"type":"Point","coordinates":[-5.350585,43.105090000000004]}},{"type":"Feature","id":"physical-as-lake-hydro-2-574","properties":{"id":"physical-as-lake-hydro-2-574","slug":"moyones","name":"Moyones","localName":"Moyones","aliases":[],"kind":"lake","sourceId":"sitpa-physical","territoryIds":["es-as"],"bbox":[-5.37012,43.10031,-5.36995,43.10041],"center":[-5.370035,43.100359999999995]},"geometry":{"type":"Point","coordinates":[-5.370035,43.100359999999995]}},{"type":"Feature","id":"physical-as-lake-hydro-2-576","properties":{"id":"physical-as-lake-hydro-2-576","slug":"jou-del-agua","name":"Jou Del Agua","localName":"Jou Del Agua","aliases":[],"kind":"lake","sourceId":"sitpa-physical","territoryIds":["es-as"],"bbox":[-5.05027,43.2773,-5.04933,43.27743],"center":[-5.0498,43.277365]},"geometry":{"type":"Point","coordinates":[-5.0498,43.277365]}},{"type":"Feature","id":"physical-as-lake-hydro-2-577","properties":{"id":"physical-as-lake-hydro-2-577","slug":"vallestremeru","name":"Vallestremeru","localName":"Vallestremeru","aliases":[],"kind":"lake","sourceId":"sitpa-physical","territoryIds":["es-as"],"bbox":[-4.91371,43.23684,-4.91358,43.23693],"center":[-4.913645,43.236885]},"geometry":{"type":"Point","coordinates":[-4.913645,43.236885]}},{"type":"Feature","id":"physical-as-lake-hydro-2-585","properties":{"id":"physical-as-lake-hydro-2-585","slug":"laguna-del-cabril","name":"Laguna Del Cabril","localName":"Laguna Del Cabril","aliases":[],"kind":"lake","sourceId":"sitpa-physical","territoryIds":["es-as"],"bbox":[-6.35389,43.05794,-6.35369,43.05817],"center":[-6.35379,43.058054999999996]},"geometry":{"type":"Point","coordinates":[-6.35379,43.058054999999996]}},{"type":"Feature","id":"physical-as-lake-hydro-2-586","properties":{"id":"physical-as-lake-hydro-2-586","slug":"laguna-branapinueli","name":"Laguna Brañapiñueli","localName":"Laguna Brañapiñueli","aliases":[],"kind":"lake","sourceId":"sitpa-physical","territoryIds":["es-as"],"bbox":[-5.34711,43.12115,-5.34667,43.12133],"center":[-5.34689,43.12124]},"geometry":{"type":"Point","coordinates":[-5.34689,43.12124]}},{"type":"Feature","id":"physical-as-lake-hydro-2-599","properties":{"id":"physical-as-lake-hydro-2-599","slug":"laguna-sumidoriu","name":"Laguna Sumidoriu","localName":"Laguna Sumidoriu","aliases":[],"kind":"lake","sourceId":"sitpa-physical","territoryIds":["es-as"],"bbox":[-6.13307,43.05602,-6.13208,43.05637],"center":[-6.132575,43.056195]},"geometry":{"type":"Point","coordinates":[-6.132575,43.056195]}},{"type":"Feature","id":"physical-as-lake-hydro-2-600","properties":{"id":"physical-as-lake-hydro-2-600","slug":"pozos-de-promedio","name":"Pozos De Promedio","localName":"Pozos De Promedio","aliases":[],"kind":"lake","sourceId":"sitpa-physical","territoryIds":["es-as"],"bbox":[-6.13609,43.05356,-6.13549,43.05393],"center":[-6.13579,43.053745]},"geometry":{"type":"Point","coordinates":[-6.13579,43.053745]}},{"type":"Feature","id":"physical-as-lake-hydro-2-601","properties":{"id":"physical-as-lake-hydro-2-601","slug":"laguna-mortera-menuda","name":"Laguna Mortera Menuda","localName":"Laguna Mortera Menuda","aliases":[],"kind":"lake","sourceId":"sitpa-physical","territoryIds":["es-as"],"bbox":[-6.13533,43.03076,-6.13425,43.03154],"center":[-6.13479,43.03115]},"geometry":{"type":"Point","coordinates":[-6.13479,43.03115]}},{"type":"Feature","id":"physical-as-lake-hydro-2-606","properties":{"id":"physical-as-lake-hydro-2-606","slug":"laguna-pedraira","name":"Laguna Pedraira","localName":"Laguna Pedraira","aliases":[],"kind":"lake","sourceId":"sitpa-physical","territoryIds":["es-as"],"bbox":[-6.71896,43.12523,-6.7187,43.12536],"center":[-6.7188300000000005,43.125295]},"geometry":{"type":"Point","coordinates":[-6.7188300000000005,43.125295]}},{"type":"Feature","id":"physical-as-lake-hydro-2-622","properties":{"id":"physical-as-lake-hydro-2-622","slug":"lagunas","name":"Lagunas","localName":"Lagunas","aliases":[],"kind":"lake","sourceId":"sitpa-physical","territoryIds":["es-as"],"bbox":[-6.26217,43.34569,-6.26097,43.34631],"center":[-6.261570000000001,43.346000000000004]},"geometry":{"type":"Point","coordinates":[-6.261570000000001,43.346000000000004]}},{"type":"Feature","id":"physical-as-lake-hydro-2-624","properties":{"id":"physical-as-lake-hydro-2-624","slug":"el-llaguete","name":"El Llagüete","localName":"El Llagüete","aliases":[],"kind":"lake","sourceId":"sitpa-physical","territoryIds":["es-as"],"bbox":[-6.07071,43.06722,-6.07047,43.06745],"center":[-6.07059,43.067335]},"geometry":{"type":"Point","coordinates":[-6.07059,43.067335]}},{"type":"Feature","id":"physical-as-lake-hydro-2-625","properties":{"id":"physical-as-lake-hydro-2-625","slug":"llansecu","name":"Llansecu","localName":"Llansecu","aliases":[],"kind":"lake","sourceId":"sitpa-physical","territoryIds":["es-as"],"bbox":[-6.06742,43.06566,-6.06722,43.06586],"center":[-6.0673200000000005,43.06576]},"geometry":{"type":"Point","coordinates":[-6.0673200000000005,43.06576]}},{"type":"Feature","id":"physical-as-lake-hydro-2-632","properties":{"id":"physical-as-lake-hydro-2-632","slug":"laguna-area-recreativa-monte-areo","name":"Laguna Área Recreativa Monte Areo","localName":"Laguna Área Recreativa Monte Areo","aliases":[],"kind":"lake","sourceId":"sitpa-physical","territoryIds":["es-as"],"bbox":[-5.78457,43.52367,-5.78377,43.52419],"center":[-5.78417,43.52393]},"geometry":{"type":"Point","coordinates":[-5.78417,43.52393]}},{"type":"Feature","id":"physical-as-lake-hydro-2-633","properties":{"id":"physical-as-lake-hydro-2-633","slug":"laguna-veiga-las-abades","name":"Laguna Veiga Las Abades","localName":"Laguna Veiga Las Abades","aliases":[],"kind":"lake","sourceId":"sitpa-physical","territoryIds":["es-as"],"bbox":[-6.74455,43.31924,-6.74429,43.31953],"center":[-6.74442,43.319385]},"geometry":{"type":"Point","coordinates":[-6.74442,43.319385]}},{"type":"Feature","id":"physical-as-lake-hydro-2-639","properties":{"id":"physical-as-lake-hydro-2-639","slug":"lagunas-das-gralladas","name":"Lagunas Das Gralladas","localName":"Lagunas Das Gralladas","aliases":[],"kind":"lake","sourceId":"sitpa-physical","territoryIds":["es-as"],"bbox":[-6.97655,43.35723,-6.97639,43.35734],"center":[-6.97647,43.357285000000005]},"geometry":{"type":"Point","coordinates":[-6.97647,43.357285000000005]}},{"type":"Feature","id":"physical-as-lake-hydro-2-640","properties":{"id":"physical-as-lake-hydro-2-640","slug":"lagunas-de-pena-de-pumarin","name":"Lagunas De Pena De Pumarin","localName":"Lagunas De Pena De Pumarin","aliases":[],"kind":"lake","sourceId":"sitpa-physical","territoryIds":["es-as"],"bbox":[-6.98113,43.35881,-6.9807,43.35905],"center":[-6.9809149999999995,43.35893]},"geometry":{"type":"Point","coordinates":[-6.9809149999999995,43.35893]}},{"type":"Feature","id":"physical-as-lake-hydro-2-644","properties":{"id":"physical-as-lake-hydro-2-644","slug":"laguna-de-piolaya","name":"Laguna De Piolaya","localName":"Laguna De Piolaya","aliases":[],"kind":"lake","sourceId":"sitpa-physical","territoryIds":["es-as"],"bbox":[-5.86411,43.38721,-5.86386,43.38732],"center":[-5.863985,43.387265]},"geometry":{"type":"Point","coordinates":[-5.863985,43.387265]}},{"type":"Feature","id":"physical-as-lake-hydro-2-645","properties":{"id":"physical-as-lake-hydro-2-645","slug":"laguna-de-la-cantera-del-naranco","name":"Laguna De La Cantera Del Naranco","localName":"Laguna De La Cantera Del Naranco","aliases":[],"kind":"lake","sourceId":"sitpa-physical","territoryIds":["es-as"],"bbox":[-5.8477,43.39696,-5.84609,43.39921],"center":[-5.846895,43.398084999999995]},"geometry":{"type":"Point","coordinates":[-5.846895,43.398084999999995]}},{"type":"Feature","id":"physical-as-lake-hydro-2-646","properties":{"id":"physical-as-lake-hydro-2-646","slug":"laguna","name":"Laguna","localName":"Laguna","aliases":[],"kind":"lake","sourceId":"sitpa-physical","territoryIds":["es-as"],"bbox":[-5.77062,43.42253,-5.76998,43.423],"center":[-5.770300000000001,43.422765]},"geometry":{"type":"Point","coordinates":[-5.770300000000001,43.422765]}},{"type":"Feature","id":"physical-as-lake-hydro-2-647","properties":{"id":"physical-as-lake-hydro-2-647","slug":"charcu-de-bon","name":"Charcu De Bon","localName":"Charcu De Bon","aliases":[],"kind":"lake","sourceId":"sitpa-physical","territoryIds":["es-as"],"bbox":[-5.20467,43.32069,-5.2045,43.3208],"center":[-5.204585,43.320745]},"geometry":{"type":"Point","coordinates":[-5.204585,43.320745]}},{"type":"Feature","id":"physical-as-lake-hydro-2-652","properties":{"id":"physical-as-lake-hydro-2-652","slug":"lago-de-la-poza","name":"Lago De La Poza","localName":"Lago De La Poza","aliases":[],"kind":"lake","sourceId":"sitpa-physical","territoryIds":["es-as"],"bbox":[-6.72437,43.54942,-6.72031,43.55361],"center":[-6.72234,43.551514999999995]},"geometry":{"type":"Point","coordinates":[-6.72234,43.551514999999995]}},{"type":"Feature","id":"physical-as-lake-hydro-2-655","properties":{"id":"physical-as-lake-hydro-2-655","slug":"charcos-de-cachaina","name":"Charcos De Cachaína","localName":"Charcos De Cachaína","aliases":[],"kind":"lake","sourceId":"sitpa-physical","territoryIds":["es-as"],"bbox":[-5.48543,43.03812,-5.48377,43.03924],"center":[-5.4846,43.03868]},"geometry":{"type":"Point","coordinates":[-5.4846,43.03868]}},{"type":"Feature","id":"physical-as-lake-hydro-2-661","properties":{"id":"physical-as-lake-hydro-2-661","slug":"laguna-foxon","name":"Laguna Foxón","localName":"Laguna Foxón","aliases":[],"kind":"lake","sourceId":"sitpa-physical","territoryIds":["es-as"],"bbox":[-5.89646,43.03911,-5.89605,43.03944],"center":[-5.896255,43.039275]},"geometry":{"type":"Point","coordinates":[-5.896255,43.039275]}},{"type":"Feature","id":"physical-as-lake-hydro-2-670","properties":{"id":"physical-as-lake-hydro-2-670","slug":"laguna-lleu","name":"Laguna Lleu","localName":"Laguna Lleu","aliases":[],"kind":"lake","sourceId":"sitpa-physical","territoryIds":["es-as"],"bbox":[-5.855,42.99558,-5.85404,42.99617],"center":[-5.854520000000001,42.995875]},"geometry":{"type":"Point","coordinates":[-5.854520000000001,42.995875]}},{"type":"Feature","id":"physical-as-lake-hydro-2-674","properties":{"id":"physical-as-lake-hydro-2-674","slug":"estanque-para-nieve-artificial","name":"Estanque Para Nieve Artificial","localName":"Estanque Para Nieve Artificial","aliases":[],"kind":"lake","sourceId":"sitpa-physical","territoryIds":["es-as"],"bbox":[-5.77234,42.97751,-5.77132,42.9786],"center":[-5.77183,42.978055]},"geometry":{"type":"Point","coordinates":[-5.77183,42.978055]}},{"type":"Feature","id":"physical-as-lake-hydro-2-681","properties":{"id":"physical-as-lake-hydro-2-681","slug":"lagunas-artificiales","name":"Lagunas Artificiales","localName":"Lagunas Artificiales","aliases":[],"kind":"lake","sourceId":"sitpa-physical","territoryIds":["es-as"],"bbox":[-4.7632,43.34931,-4.76287,43.34953],"center":[-4.763035,43.34942]},"geometry":{"type":"Point","coordinates":[-4.763035,43.34942]}},{"type":"Feature","id":"physical-as-lake-hydro-2-689","properties":{"id":"physical-as-lake-hydro-2-689","slug":"deposito-romano","name":"Deposito Romano","localName":"Deposito Romano","aliases":[],"kind":"lake","sourceId":"sitpa-physical","territoryIds":["es-as"],"bbox":[-6.65902,43.31404,-6.65895,43.31409],"center":[-6.6589849999999995,43.314065]},"geometry":{"type":"Point","coordinates":[-6.6589849999999995,43.314065]}},{"type":"Feature","id":"physical-as-lake-hydro-2-695","properties":{"id":"physical-as-lake-hydro-2-695","slug":"estanque-de-los-patos","name":"Estanque De Los Patos","localName":"Estanque De Los Patos","aliases":[],"kind":"lake","sourceId":"sitpa-physical","territoryIds":["es-as"],"bbox":[-5.85079,43.36218,-5.85045,43.3626],"center":[-5.85062,43.362390000000005]},"geometry":{"type":"Point","coordinates":[-5.85062,43.362390000000005]}},{"type":"Feature","id":"physical-as-lake-hydro-2-696","properties":{"id":"physical-as-lake-hydro-2-696","slug":"llagu-la-llebre","name":"Llagu La Llebre","localName":"Llagu La Llebre","aliases":[],"kind":"lake","sourceId":"sitpa-physical","territoryIds":["es-as"],"bbox":[-5.67305,43.09478,-5.67254,43.09515],"center":[-5.672795,43.094965]},"geometry":{"type":"Point","coordinates":[-5.672795,43.094965]}},{"type":"Feature","id":"physical-as-lake-hydro-2-697","properties":{"id":"physical-as-lake-hydro-2-697","slug":"lago-llosadiescu","name":"Lago Llosadiescu","localName":"Lago Llosadiescu","aliases":[],"kind":"lake","sourceId":"sitpa-physical","territoryIds":["es-as"],"bbox":[-5.67693,43.09088,-5.67555,43.09166],"center":[-5.67624,43.091269999999994]},"geometry":{"type":"Point","coordinates":[-5.67624,43.091269999999994]}},{"type":"Feature","id":"physical-as-lake-hydro-2-699","properties":{"id":"physical-as-lake-hydro-2-699","slug":"las-lagunillas","name":"Las Lagunillas","localName":"Las Lagunillas","aliases":[],"kind":"lake","sourceId":"sitpa-physical","territoryIds":["es-as"],"bbox":[-5.33079,43.08776,-5.32965,43.08814],"center":[-5.330220000000001,43.087950000000006]},"geometry":{"type":"Point","coordinates":[-5.330220000000001,43.087950000000006]}},{"type":"Feature","id":"physical-as-lake-hydro-2-709","properties":{"id":"physical-as-lake-hydro-2-709","slug":"laguna-artificial","name":"Laguna Artificial","localName":"Laguna Artificial","aliases":[],"kind":"lake","sourceId":"sitpa-physical","territoryIds":["es-as"],"bbox":[-5.62147,43.52034,-5.6211,43.52066],"center":[-5.621285,43.5205]},"geometry":{"type":"Point","coordinates":[-5.621285,43.5205]}},{"type":"Feature","id":"physical-as-lake-hydro-2-711","properties":{"id":"physical-as-lake-hydro-2-711","slug":"lagunas-de-mineria","name":"Lagunas De Minería","localName":"Lagunas De Minería","aliases":[],"kind":"lake","sourceId":"sitpa-physical","territoryIds":["es-as"],"bbox":[-5.66526,43.48927,-5.66414,43.48966],"center":[-5.6647,43.489464999999996]},"geometry":{"type":"Point","coordinates":[-5.6647,43.489464999999996]}},{"type":"Feature","id":"physical-as-protected-area-protected-1-a7930e173531","properties":{"id":"physical-as-protected-area-protected-1-a7930e173531","slug":"parque-nacional-de-los-picos-de-europa","name":"Parque Nacional De Los Picos De Europa","localName":"Parque Nacional De Los Picos De Europa","aliases":[],"kind":"protected-area","sourceId":"sitpa-physical","territoryIds":["es-as"],"protectionType":null,"bbox":[-5.12066,43.1731,-4.63165,43.31586],"center":[-4.876155,43.244479999999996]},"geometry":{"type":"Point","coordinates":[-4.876155,43.244479999999996]}},{"type":"Feature","id":"physical-as-protected-area-protected-2-1b09874452cb","properties":{"id":"physical-as-protected-area-protected-2-1b09874452cb","slug":"parque-natural-de-redes","name":"Parque Natural De Redes","localName":"Parque Natural De Redes","aliases":[],"kind":"protected-area","sourceId":"sitpa-physical","territoryIds":["es-as"],"protectionType":null,"bbox":[-5.42504,43.07743,-5.22768,43.10327],"center":[-5.32636,43.09035]},"geometry":{"type":"Point","coordinates":[-5.32636,43.09035]}},{"type":"Feature","id":"physical-as-protected-area-protected-2-bcdce2edbc60","properties":{"id":"physical-as-protected-area-protected-2-bcdce2edbc60","slug":"parque-natural-de-somiedo","name":"Parque Natural De Somiedo","localName":"Parque Natural De Somiedo","aliases":[],"kind":"protected-area","sourceId":"sitpa-physical","territoryIds":["es-as"],"protectionType":null,"bbox":[-6.34113,43.0459,-6.32591,43.06031],"center":[-6.33352,43.053105]},"geometry":{"type":"Point","coordinates":[-6.33352,43.053105]}},{"type":"Feature","id":"physical-as-protected-area-protected-2-dde37c8218ca","properties":{"id":"physical-as-protected-area-protected-2-dde37c8218ca","slug":"parque-natural-de-ponga","name":"Parque Natural De Ponga","localName":"Parque Natural De Ponga","aliases":[],"kind":"protected-area","sourceId":"sitpa-physical","territoryIds":["es-as"],"protectionType":null,"bbox":[-5.24668,43.10011,-5.07467,43.2119],"center":[-5.1606749999999995,43.156005]},"geometry":{"type":"Point","coordinates":[-5.1606749999999995,43.156005]}},{"type":"Feature","id":"physical-as-protected-area-protected-2-a7b8d7a491ed","properties":{"id":"physical-as-protected-area-protected-2-a7b8d7a491ed","slug":"parque-natural-de-fuentes-del-narcea-degana-e-ibias","name":"Parque Natural De Fuentes Del Narcea, Degaña E Ibias","localName":"Parque Natural De Fuentes Del Narcea, Degaña E Ibias","aliases":[],"kind":"protected-area","sourceId":"sitpa-physical","territoryIds":["es-as"],"protectionType":null,"bbox":[-6.815,42.88255,-6.35576,43.16811],"center":[-6.585380000000001,43.02533]},"geometry":{"type":"Point","coordinates":[-6.585380000000001,43.02533]}},{"type":"Feature","id":"physical-as-protected-area-protected-2-482ccfcae104","properties":{"id":"physical-as-protected-area-protected-2-482ccfcae104","slug":"parque-natural-de-las-ubinas-la-mesa","name":"Parque Natural De Las Ubiñas - La Mesa","localName":"Parque Natural De Las Ubiñas - La Mesa","aliases":[],"kind":"protected-area","sourceId":"sitpa-physical","territoryIds":["es-as"],"protectionType":null,"bbox":[-6.21785,42.96252,-5.68728,43.23555],"center":[-5.952565,43.099035]},"geometry":{"type":"Point","coordinates":[-5.952565,43.099035]}},{"type":"Feature","id":"physical-as-protected-area-protected-3-1","properties":{"id":"physical-as-protected-area-protected-3-1","slug":"reserva-natural-parcial-de-barayo","name":"Reserva Natural Parcial De Barayo","localName":"Reserva Natural Parcial De Barayo","aliases":[],"kind":"protected-area","sourceId":"sitpa-physical","territoryIds":["es-as"],"protectionType":null,"bbox":[-6.6197,43.55646,-6.61136,43.56167],"center":[-6.61553,43.559065000000004]},"geometry":{"type":"Point","coordinates":[-6.61553,43.559065000000004]}},{"type":"Feature","id":"physical-as-protected-area-protected-3-4","properties":{"id":"physical-as-protected-area-protected-3-4","slug":"reserva-natural-parcial-de-cueva-rosa","name":"Reserva Natural Parcial De Cueva Rosa","localName":"Reserva Natural Parcial De Cueva Rosa","aliases":[],"kind":"protected-area","sourceId":"sitpa-physical","territoryIds":["es-as"],"protectionType":null,"bbox":[-5.14216,43.43718,-5.12312,43.44901],"center":[-5.13264,43.443095]},"geometry":{"type":"Point","coordinates":[-5.13264,43.443095]}},{"type":"Feature","id":"physical-as-protected-area-protected-3-6","properties":{"id":"physical-as-protected-area-protected-3-6","slug":"reserva-natural-parcial-de-la-ria-de-villaviciosa","name":"Reserva Natural Parcial De La Ría De Villaviciosa","localName":"Reserva Natural Parcial De La Ría De Villaviciosa","aliases":[],"kind":"protected-area","sourceId":"sitpa-physical","territoryIds":["es-as"],"protectionType":null,"bbox":[-5.44221,43.48416,-5.36691,43.54101],"center":[-5.40456,43.512585]},"geometry":{"type":"Point","coordinates":[-5.40456,43.512585]}},{"type":"Feature","id":"physical-as-protected-area-protected-3-9","properties":{"id":"physical-as-protected-area-protected-3-9","slug":"reserva-natural-integral-muniellos","name":"Reserva Natural Integral Muniellos","localName":"Reserva Natural Integral Muniellos","aliases":[],"kind":"protected-area","sourceId":"sitpa-physical","territoryIds":["es-as"],"protectionType":null,"bbox":[-6.73996,43.01066,-6.6775,43.03794],"center":[-6.70873,43.0243]},"geometry":{"type":"Point","coordinates":[-6.70873,43.0243]}},{"type":"Feature","id":"physical-as-protected-area-protected-3-11","properties":{"id":"physical-as-protected-area-protected-3-11","slug":"reserva-natural-parcial-cueva-de-las-caldas","name":"Reserva Natural Parcial Cueva De Las Caldas","localName":"Reserva Natural Parcial Cueva De Las Caldas","aliases":[],"kind":"protected-area","sourceId":"sitpa-physical","territoryIds":["es-as"],"protectionType":null,"bbox":[-5.91319,43.33407,-5.90931,43.33491],"center":[-5.91125,43.33449]},"geometry":{"type":"Point","coordinates":[-5.91125,43.33449]}},{"type":"Feature","id":"physical-as-protected-area-protected-3-14","properties":{"id":"physical-as-protected-area-protected-3-14","slug":"reserva-natural-parcial-cueva-el-sidron","name":"Reserva Natural Parcial Cueva El Sidrón","localName":"Reserva Natural Parcial Cueva El Sidrón","aliases":[],"kind":"protected-area","sourceId":"sitpa-physical","territoryIds":["es-as"],"protectionType":null,"bbox":[-5.33965,43.37936,-5.31475,43.38943],"center":[-5.3271999999999995,43.384395]},"geometry":{"type":"Point","coordinates":[-5.3271999999999995,43.384395]}},{"type":"Feature","id":"physical-as-protected-area-protected-3-16","properties":{"id":"physical-as-protected-area-protected-3-16","slug":"reserva-natural-parcial-cueva-lloviu","name":"Reserva Natural Parcial Cueva Lloviu","localName":"Reserva Natural Parcial Cueva Lloviu","aliases":[],"kind":"protected-area","sourceId":"sitpa-physical","territoryIds":["es-as"],"protectionType":null,"bbox":[-5.53743,43.49888,-5.53014,43.50037],"center":[-5.533785,43.499624999999995]},"geometry":{"type":"Point","coordinates":[-5.533785,43.499624999999995]}},{"type":"Feature","id":"physical-as-protected-area-protected-6-2","properties":{"id":"physical-as-protected-area-protected-6-2","slug":"m-n-de-la-playa-de-gulpiyuri","name":"M.n. De La Playa De Gulpiyuri","localName":"M.n. De La Playa De Gulpiyuri","aliases":[],"kind":"protected-area","sourceId":"sitpa-physical","territoryIds":["es-as"],"protectionType":null,"bbox":[-4.88761,43.44648,-4.88488,43.44851],"center":[-4.886245,43.447495]},"geometry":{"type":"Point","coordinates":[-4.886245,43.447495]}},{"type":"Feature","id":"physical-as-protected-area-protected-6-3","properties":{"id":"physical-as-protected-area-protected-6-3","slug":"m-n-de-la-playa-de-cobijeru","name":"M.n. De La Playa De Cobijeru","localName":"M.n. De La Playa De Cobijeru","aliases":[],"kind":"protected-area","sourceId":"sitpa-physical","territoryIds":["es-as"],"protectionType":null,"bbox":[-4.61313,43.3948,-4.60858,43.3976],"center":[-4.610855,43.39619999999999]},"geometry":{"type":"Point","coordinates":[-4.610855,43.39619999999999]}},{"type":"Feature","id":"physical-as-protected-area-protected-6-4","properties":{"id":"physical-as-protected-area-protected-6-4","slug":"m-n-del-bufon-de-santiuste","name":"M.n. Del Bufón De Santiuste","localName":"M.n. Del Bufón De Santiuste","aliases":[],"kind":"protected-area","sourceId":"sitpa-physical","territoryIds":["es-as"],"protectionType":null,"bbox":[-4.5894,43.39708,-4.58312,43.39858],"center":[-4.58626,43.39783]},"geometry":{"type":"Point","coordinates":[-4.58626,43.39783]}},{"type":"Feature","id":"physical-as-protected-area-protected-6-5","properties":{"id":"physical-as-protected-area-protected-6-5","slug":"m-n-de-los-bufones-de-arenillas","name":"M.n. De Los Bufones De Arenillas","localName":"M.n. De Los Bufones De Arenillas","aliases":[],"kind":"protected-area","sourceId":"sitpa-physical","territoryIds":["es-as"],"protectionType":null,"bbox":[-4.6953,43.40628,-4.68321,43.40901],"center":[-4.689254999999999,43.407645]},"geometry":{"type":"Point","coordinates":[-4.689254999999999,43.407645]}},{"type":"Feature","id":"physical-as-protected-area-protected-6-6","properties":{"id":"physical-as-protected-area-protected-6-6","slug":"m-n-del-alcornocal-de-boxo","name":"M.n. Del Alcornocal De Boxo","localName":"M.n. Del Alcornocal De Boxo","aliases":[],"kind":"protected-area","sourceId":"sitpa-physical","territoryIds":["es-as"],"protectionType":null,"bbox":[-6.78727,43.2754,-6.78022,43.28099],"center":[-6.783745,43.278195]},"geometry":{"type":"Point","coordinates":[-6.783745,43.278195]}},{"type":"Feature","id":"physical-as-protected-area-protected-6-7","properties":{"id":"physical-as-protected-area-protected-6-7","slug":"m-n-de-la-carbayera-de-el-tragamon","name":"M.n. De La Carbayera De El Tragamon","localName":"M.n. De La Carbayera De El Tragamon","aliases":[],"kind":"protected-area","sourceId":"sitpa-physical","territoryIds":["es-as"],"protectionType":null,"bbox":[-5.62302,43.51794,-5.62016,43.52041],"center":[-5.62159,43.519175000000004]},"geometry":{"type":"Point","coordinates":[-5.62159,43.519175000000004]}},{"type":"Feature","id":"physical-as-protected-area-protected-6-8","properties":{"id":"physical-as-protected-area-protected-6-8","slug":"m-n-de-las-hoces-del-esva","name":"M.n. De Las Hoces Del Esva","localName":"M.n. De Las Hoces Del Esva","aliases":[],"kind":"protected-area","sourceId":"sitpa-physical","territoryIds":["es-as"],"protectionType":null,"bbox":[-6.48598,43.44084,-6.43489,43.47992],"center":[-6.460435,43.46038]},"geometry":{"type":"Point","coordinates":[-6.460435,43.46038]}},{"type":"Feature","id":"physical-as-protected-area-protected-6-16","properties":{"id":"physical-as-protected-area-protected-6-16","slug":"m-n-de-el-tabayon-de-mongayo","name":"M.n. De El Tabayón De Mongayo","localName":"M.n. De El Tabayón De Mongayo","aliases":[],"kind":"protected-area","sourceId":"sitpa-physical","territoryIds":["es-as"],"protectionType":null,"bbox":[-5.26271,43.09684,-5.25855,43.1006],"center":[-5.26063,43.09872]},"geometry":{"type":"Point","coordinates":[-5.26063,43.09872]}},{"type":"Feature","id":"physical-as-protected-area-protected-6-9","properties":{"id":"physical-as-protected-area-protected-6-9","slug":"m-n-de-los-meandros-del-nora","name":"M.n. De Los Meandros Del Nora","localName":"M.n. De Los Meandros Del Nora","aliases":[],"kind":"protected-area","sourceId":"sitpa-physical","territoryIds":["es-as"],"protectionType":null,"bbox":[-5.97611,43.37311,-5.95808,43.38546],"center":[-5.9670950000000005,43.379284999999996]},"geometry":{"type":"Point","coordinates":[-5.9670950000000005,43.379284999999996]}},{"type":"Feature","id":"physical-as-protected-area-protected-6-10","properties":{"id":"physical-as-protected-area-protected-6-10","slug":"m-n-de-las-saucedas-de-buelles","name":"M.n. De Las Saucedas De Buelles","localName":"M.n. De Las Saucedas De Buelles","aliases":[],"kind":"protected-area","sourceId":"sitpa-physical","territoryIds":["es-as"],"protectionType":null,"bbox":[-4.56235,43.33167,-4.53786,43.34143],"center":[-4.550105,43.33655]},"geometry":{"type":"Point","coordinates":[-4.550105,43.33655]}},{"type":"Feature","id":"physical-as-protected-area-protected-6-22","properties":{"id":"physical-as-protected-area-protected-6-22","slug":"m-n-de-la-playa-de-penarronda","name":"M.n. De La Playa De Penarronda","localName":"M.n. De La Playa De Penarronda","aliases":[],"kind":"protected-area","sourceId":"sitpa-physical","territoryIds":["es-as"],"protectionType":null,"bbox":[-7.00133,43.55088,-6.99215,43.55591],"center":[-6.99674,43.553394999999995]},"geometry":{"type":"Point","coordinates":[-6.99674,43.553394999999995]}},{"type":"Feature","id":"physical-as-protected-area-protected-6-11","properties":{"id":"physical-as-protected-area-protected-6-11","slug":"m-n-de-la-turbera-de-las-duenas","name":"M.n. De La Turbera De Las Dueñas","localName":"M.n. De La Turbera De Las Dueñas","aliases":[],"kind":"protected-area","sourceId":"sitpa-physical","territoryIds":["es-as"],"protectionType":null,"bbox":[-6.17528,43.55859,-6.16602,43.56482],"center":[-6.17065,43.561705]},"geometry":{"type":"Point","coordinates":[-6.17065,43.561705]}},{"type":"Feature","id":"physical-as-protected-area-protected-6-12","properties":{"id":"physical-as-protected-area-protected-6-12","slug":"m-n-de-la-charca-de-zeluan-y-ensenada-de-llodero","name":"M.n. De La Charca De Zeluan Y Ensenada De Llodero","localName":"M.n. De La Charca De Zeluan Y Ensenada De Llodero","aliases":[],"kind":"protected-area","sourceId":"sitpa-physical","territoryIds":["es-as"],"protectionType":null,"bbox":[-5.9222,43.58561,-5.91336,43.5914],"center":[-5.9177800000000005,43.588505]},"geometry":{"type":"Point","coordinates":[-5.9177800000000005,43.588505]}},{"type":"Feature","id":"physical-as-protected-area-protected-6-13","properties":{"id":"physical-as-protected-area-protected-6-13","slug":"m-n-del-desfiladero-de-las-xanas","name":"M.n. Del Desfiladero De Las Xanas","localName":"M.n. Del Desfiladero De Las Xanas","aliases":[],"kind":"protected-area","sourceId":"sitpa-physical","territoryIds":["es-as"],"protectionType":null,"bbox":[-5.9951,43.26005,-5.97389,43.27887],"center":[-5.984495,43.269459999999995]},"geometry":{"type":"Point","coordinates":[-5.984495,43.269459999999995]}},{"type":"Feature","id":"physical-as-protected-area-protected-6-14","properties":{"id":"physical-as-protected-area-protected-6-14","slug":"m-n-de-las-cuevas-de-andina","name":"M.n. De Las Cuevas De Andina","localName":"M.n. De Las Cuevas De Andina","aliases":[],"kind":"protected-area","sourceId":"sitpa-physical","territoryIds":["es-as"],"protectionType":null,"bbox":[-6.83497,43.49001,-6.82548,43.49495],"center":[-6.830225,43.49248]},"geometry":{"type":"Point","coordinates":[-6.830225,43.49248]}},{"type":"Feature","id":"physical-as-protected-area-protected-6-15","properties":{"id":"physical-as-protected-area-protected-6-15","slug":"m-n-de-las-cascadas-de-oneta","name":"M.n. De Las Cascadas De Oneta","localName":"M.n. De Las Cascadas De Oneta","aliases":[],"kind":"protected-area","sourceId":"sitpa-physical","territoryIds":["es-as"],"protectionType":null,"bbox":[-6.67864,43.45725,-6.67329,43.46136],"center":[-6.675965,43.459305]},"geometry":{"type":"Point","coordinates":[-6.675965,43.459305]}},{"type":"Feature","id":"physical-as-protected-area-protected-6-17","properties":{"id":"physical-as-protected-area-protected-6-17","slug":"m-n-de-los-puertos-de-marabio","name":"M.n. De Los Puertos De Marabio","localName":"M.n. De Los Puertos De Marabio","aliases":[],"kind":"protected-area","sourceId":"sitpa-physical","territoryIds":["es-as"],"protectionType":null,"bbox":[-6.14472,43.19658,-6.0924,43.23802],"center":[-6.11856,43.217299999999994]},"geometry":{"type":"Point","coordinates":[-6.11856,43.217299999999994]}},{"type":"Feature","id":"physical-as-protected-area-protected-6-18","properties":{"id":"physical-as-protected-area-protected-6-18","slug":"m-n-de-las-foces-de-el-pino","name":"M.n. De Las Foces De El Pino","localName":"M.n. De Las Foces De El Pino","aliases":[],"kind":"protected-area","sourceId":"sitpa-physical","territoryIds":["es-as"],"protectionType":null,"bbox":[-5.5231,43.07502,-5.50889,43.08547],"center":[-5.515995,43.080245000000005]},"geometry":{"type":"Point","coordinates":[-5.515995,43.080245000000005]}},{"type":"Feature","id":"physical-as-protected-area-protected-6-19","properties":{"id":"physical-as-protected-area-protected-6-19","slug":"m-n-de-cueva-huerta","name":"M.n. De Cueva Huerta","localName":"M.n. De Cueva Huerta","aliases":[],"kind":"protected-area","sourceId":"sitpa-physical","territoryIds":["es-as"],"protectionType":null,"bbox":[-6.0617,43.10193,-6.04674,43.12694],"center":[-6.05422,43.114435]},"geometry":{"type":"Point","coordinates":[-6.05422,43.114435]}},{"type":"Feature","id":"physical-as-protected-area-protected-6-20","properties":{"id":"physical-as-protected-area-protected-6-20","slug":"m-n-de-la-cueva-deboyo","name":"M.n. De La Cueva Deboyo","localName":"M.n. De La Cueva Deboyo","aliases":[],"kind":"protected-area","sourceId":"sitpa-physical","territoryIds":["es-as"],"protectionType":null,"bbox":[-5.36062,43.17725,-5.35768,43.17876],"center":[-5.35915,43.178005]},"geometry":{"type":"Point","coordinates":[-5.35915,43.178005]}},{"type":"Feature","id":"physical-as-protected-area-protected-6-23","properties":{"id":"physical-as-protected-area-protected-6-23","slug":"m-n-de-la-playa-de-frexulfe","name":"M.n. De La Playa De Frexulfe","localName":"M.n. De La Playa De Frexulfe","aliases":[],"kind":"protected-area","sourceId":"sitpa-physical","territoryIds":["es-as"],"protectionType":null,"bbox":[-6.68309,43.55679,-6.67218,43.56292],"center":[-6.677635,43.559855]},"geometry":{"type":"Point","coordinates":[-6.677635,43.559855]}},{"type":"Feature","id":"physical-as-protected-area-protected-6-21","properties":{"id":"physical-as-protected-area-protected-6-21","slug":"m-n-del-conjunto-lacustre-de-somiedo","name":"M.n. Del Conjunto Lacustre De Somiedo","localName":"M.n. Del Conjunto Lacustre De Somiedo","aliases":[],"kind":"protected-area","sourceId":"sitpa-physical","territoryIds":["es-as"],"protectionType":null,"bbox":[-6.14804,43.02028,-6.08973,43.05958],"center":[-6.118885000000001,43.03993]},"geometry":{"type":"Point","coordinates":[-6.118885000000001,43.03993]}},{"type":"Feature","id":"physical-as-protected-area-protected-6-24","properties":{"id":"physical-as-protected-area-protected-6-24","slug":"m-n-de-la-isla-la-deva-y-el-playon-de-bayas","name":"M.n. De La Isla La Deva Y El Playón De Bayas","localName":"M.n. De La Isla La Deva Y El Playón De Bayas","aliases":[],"kind":"protected-area","sourceId":"sitpa-physical","territoryIds":["es-as"],"protectionType":null,"bbox":[-6.0572,43.56847,-6.02792,43.59278],"center":[-6.04256,43.580625]},"geometry":{"type":"Point","coordinates":[-6.04256,43.580625]}},{"type":"Feature","id":"physical-as-protected-area-protected-6-25","properties":{"id":"physical-as-protected-area-protected-6-25","slug":"m-n-de-la-playa-de-el-espartal","name":"M.n. De La Playa De El Espartal","localName":"M.n. De La Playa De El Espartal","aliases":[],"kind":"protected-area","sourceId":"sitpa-physical","territoryIds":["es-as"],"protectionType":null,"bbox":[-5.95308,43.58023,-5.93876,43.58903],"center":[-5.94592,43.584630000000004]},"geometry":{"type":"Point","coordinates":[-5.94592,43.584630000000004]}},{"type":"Feature","id":"physical-as-protected-area-protected-6-26","properties":{"id":"physical-as-protected-area-protected-6-26","slug":"m-n-de-los-yacimientos-de-icnitas-de-asturias","name":"M.n. De Los Yacimientos De Icnitas De Asturias","localName":"M.n. De Los Yacimientos De Icnitas De Asturias","aliases":[],"kind":"protected-area","sourceId":"sitpa-physical","territoryIds":["es-as"],"protectionType":null,"bbox":[-5.61488,43.46027,-5.03616,43.55652],"center":[-5.32552,43.508395]},"geometry":{"type":"Point","coordinates":[-5.32552,43.508395]}},{"type":"Feature","id":"physical-as-protected-area-protected-6-27","properties":{"id":"physical-as-protected-area-protected-6-27","slug":"m-n-de-entrepenes-y-playa-de-vega","name":"M.n. De Entrepeñes Y Playa De Vega","localName":"M.n. De Entrepeñes Y Playa De Vega","aliases":[],"kind":"protected-area","sourceId":"sitpa-physical","territoryIds":["es-as"],"protectionType":null,"bbox":[-5.15384,43.46983,-5.13061,43.48436],"center":[-5.142225,43.477095000000006]},"geometry":{"type":"Point","coordinates":[-5.142225,43.477095000000006]}},{"type":"Feature","id":"physical-as-protected-area-protected-6-28","properties":{"id":"physical-as-protected-area-protected-6-28","slug":"m-n-de-la-ruta-del-alba","name":"M.n. De La Ruta Del Alba","localName":"M.n. De La Ruta Del Alba","aliases":[],"kind":"protected-area","sourceId":"sitpa-physical","territoryIds":["es-as"],"protectionType":null,"bbox":[-5.48682,43.15474,-5.47073,43.19677],"center":[-5.478775,43.175754999999995]},"geometry":{"type":"Point","coordinates":[-5.478775,43.175754999999995]}},{"type":"Feature","id":"physical-as-protected-area-protected-7-1","properties":{"id":"physical-as-protected-area-protected-7-1","slug":"paisaje-protegido-de-las-cuencas-mineras","name":"Paisaje Protegido De Las Cuencas Mineras","localName":"Paisaje Protegido De Las Cuencas Mineras","aliases":[],"kind":"protected-area","sourceId":"sitpa-physical","territoryIds":["es-as"],"protectionType":null,"bbox":[-5.73207,43.16186,-5.4854,43.26476],"center":[-5.608735,43.21331]},"geometry":{"type":"Point","coordinates":[-5.608735,43.21331]}},{"type":"Feature","id":"physical-as-protected-area-protected-7-3","properties":{"id":"physical-as-protected-area-protected-7-3","slug":"paisaje-protegido-del-cabo-penas","name":"Paisaje Protegido Del Cabo Peñas","localName":"Paisaje Protegido Del Cabo Peñas","aliases":[],"kind":"protected-area","sourceId":"sitpa-physical","territoryIds":["es-as"],"protectionType":null,"bbox":[-5.948,43.5928,-5.7821,43.66491],"center":[-5.86505,43.628855]},"geometry":{"type":"Point","coordinates":[-5.86505,43.628855]}},{"type":"Feature","id":"physical-as-cape-names-hydro-coast-5","properties":{"id":"physical-as-cape-names-hydro-coast-5","slug":"cabo-vidrias","name":"Cabo Vidrias","localName":"Cabo Vidrias","aliases":[],"kind":"cape","sourceId":"sitpa-physical","territoryIds":["es-as"],"bbox":[-6.01649,43.58806,-6.01649,43.58806],"center":[-6.01649,43.58806]},"geometry":{"type":"Point","coordinates":[-6.01649,43.58806]}},{"type":"Feature","id":"physical-as-bay-names-hydro-coast-7","properties":{"id":"physical-as-bay-names-hydro-coast-7","slug":"santa-maria-del-mar","name":"Santa Maria Del Mar","localName":"Santa Maria Del Mar","aliases":[],"kind":"coast","sourceId":"sitpa-physical","territoryIds":["es-as"],"bbox":[-5.99715,43.57505,-5.99715,43.57505],"center":[-5.99715,43.57505]},"geometry":{"type":"Point","coordinates":[-5.99715,43.57505]}},{"type":"Feature","id":"physical-as-bay-names-hydro-coast-11","properties":{"id":"physical-as-bay-names-hydro-coast-11","slug":"islote-ladrona","name":"Islote Ladrona","localName":"Islote Ladrona","aliases":[],"kind":"island","sourceId":"sitpa-physical","territoryIds":["es-as"],"bbox":[-5.99128,43.57967,-5.99128,43.57967],"center":[-5.99128,43.57967]},"geometry":{"type":"Point","coordinates":[-5.99128,43.57967]}},{"type":"Feature","id":"physical-as-cape-names-hydro-coast-21","properties":{"id":"physical-as-cape-names-hydro-coast-21","slug":"punta-del-pical","name":"Punta Del Pical","localName":"Punta Del Pical","aliases":[],"kind":"cape","sourceId":"sitpa-physical","territoryIds":["es-as"],"bbox":[-5.98535,43.5806,-5.98535,43.5806],"center":[-5.98535,43.5806]},"geometry":{"type":"Point","coordinates":[-5.98535,43.5806]}},{"type":"Feature","id":"physical-as-cape-names-hydro-coast-188","properties":{"id":"physical-as-cape-names-hydro-coast-188","slug":"punta-vidriera","name":"Punta Vidriera","localName":"Punta Vidriera","aliases":[],"kind":"cape","sourceId":"sitpa-physical","territoryIds":["es-as"],"bbox":[-5.94926,43.59704,-5.94926,43.59704],"center":[-5.94926,43.59704]},"geometry":{"type":"Point","coordinates":[-5.94926,43.59704]}},{"type":"Feature","id":"physical-as-cape-names-hydro-coast-189","properties":{"id":"physical-as-cape-names-hydro-coast-189","slug":"punta-forcada","name":"Punta Forcada","localName":"Punta Forcada","aliases":[],"kind":"cape","sourceId":"sitpa-physical","territoryIds":["es-as"],"bbox":[-5.94751,43.59583,-5.94751,43.59583],"center":[-5.94751,43.59583]},"geometry":{"type":"Point","coordinates":[-5.94751,43.59583]}},{"type":"Feature","id":"physical-as-estuary-names-hydro-coast-190","properties":{"id":"physical-as-estuary-names-hydro-coast-190","slug":"ria-de-aviles","name":"Ría De Avilés","localName":"Ría De Avilés","aliases":[],"kind":"estuary","sourceId":"sitpa-physical","territoryIds":["es-as"],"bbox":[-5.9414,43.59378,-5.9414,43.59378],"center":[-5.9414,43.59378]},"geometry":{"type":"Point","coordinates":[-5.9414,43.59378]}},{"type":"Feature","id":"physical-as-bay-names-hydro-coast-191","properties":{"id":"physical-as-bay-names-hydro-coast-191","slug":"la-penona","name":"La Peñona","localName":"La Peñona","aliases":[],"kind":"coast","sourceId":"sitpa-physical","territoryIds":["es-as"],"bbox":[-5.96645,43.58136,-5.96645,43.58136],"center":[-5.96645,43.58136]},"geometry":{"type":"Point","coordinates":[-5.96645,43.58136]}},{"type":"Feature","id":"physical-as-bay-names-hydro-coast-263","properties":{"id":"physical-as-bay-names-hydro-coast-263","slug":"puerto-llamperu","name":"Puerto Llamperu","localName":"Puerto Llamperu","aliases":[],"kind":"coast","sourceId":"sitpa-physical","territoryIds":["es-as"],"bbox":[-5.89837,43.62552,-5.89837,43.62552],"center":[-5.89837,43.62552]},"geometry":{"type":"Point","coordinates":[-5.89837,43.62552]}},{"type":"Feature","id":"physical-as-cape-names-hydro-coast-264","properties":{"id":"physical-as-cape-names-hydro-coast-264","slug":"punta-del-infierno","name":"Punta Del Infierno","localName":"Punta Del Infierno","aliases":[],"kind":"cape","sourceId":"sitpa-physical","territoryIds":["es-as"],"bbox":[-5.90036,43.62848,-5.90036,43.62848],"center":[-5.90036,43.62848]},"geometry":{"type":"Point","coordinates":[-5.90036,43.62848]}},{"type":"Feature","id":"physical-as-cape-names-hydro-coast-265","properties":{"id":"physical-as-cape-names-hydro-coast-265","slug":"punta-del-horno","name":"Punta Del Horno","localName":"Punta Del Horno","aliases":[],"kind":"cape","sourceId":"sitpa-physical","territoryIds":["es-as"],"bbox":[-5.91709,43.61205,-5.91709,43.61205],"center":[-5.91709,43.61205]},"geometry":{"type":"Point","coordinates":[-5.91709,43.61205]}},{"type":"Feature","id":"physical-as-bay-names-hydro-coast-266","properties":{"id":"physical-as-bay-names-hydro-coast-266","slug":"el-barredorio","name":"El Barredorio","localName":"El Barredorio","aliases":[],"kind":"coast","sourceId":"sitpa-physical","territoryIds":["es-as"],"bbox":[-5.91652,43.62261,-5.91652,43.62261],"center":[-5.91652,43.62261]},"geometry":{"type":"Point","coordinates":[-5.91652,43.62261]}},{"type":"Feature","id":"physical-as-cape-names-hydro-coast-267","properties":{"id":"physical-as-cape-names-hydro-coast-267","slug":"cabo-negro","name":"Cabo Negro","localName":"Cabo Negro","aliases":[],"kind":"cape","sourceId":"sitpa-physical","territoryIds":["es-as"],"bbox":[-5.91347,43.62484,-5.91347,43.62484],"center":[-5.91347,43.62484]},"geometry":{"type":"Point","coordinates":[-5.91347,43.62484]}},{"type":"Feature","id":"physical-as-bay-names-hydro-coast-268","properties":{"id":"physical-as-bay-names-hydro-coast-268","slug":"puertu-llamperu","name":"Puertu Llamperu","localName":"Puertu Llamperu","aliases":[],"kind":"coast","sourceId":"sitpa-physical","territoryIds":["es-as"],"bbox":[-5.89905,43.62474,-5.89905,43.62474],"center":[-5.89905,43.62474]},"geometry":{"type":"Point","coordinates":[-5.89905,43.62474]}},{"type":"Feature","id":"physical-as-bay-names-hydro-coast-269","properties":{"id":"physical-as-bay-names-hydro-coast-269","slug":"fondal","name":"Fondal","localName":"Fondal","aliases":[],"kind":"coast","sourceId":"sitpa-physical","territoryIds":["es-as"],"bbox":[-5.9127,43.61622,-5.9127,43.61622],"center":[-5.9127,43.61622]},"geometry":{"type":"Point","coordinates":[-5.9127,43.61622]}},{"type":"Feature","id":"physical-as-bay-names-hydro-coast-271","properties":{"id":"physical-as-bay-names-hydro-coast-271","slug":"ensenada-de-emballu","name":"Ensenada De Emballu","localName":"Ensenada De Emballu","aliases":[],"kind":"bay","sourceId":"sitpa-physical","territoryIds":["es-as"],"bbox":[-5.93419,43.59375,-5.93419,43.59375],"center":[-5.93419,43.59375]},"geometry":{"type":"Point","coordinates":[-5.93419,43.59375]}},{"type":"Feature","id":"physical-as-bay-names-hydro-coast-272","properties":{"id":"physical-as-bay-names-hydro-coast-272","slug":"darsena-de-san-juan","name":"Dársena De San Juan","localName":"Dársena De San Juan","aliases":[],"kind":"coast","sourceId":"sitpa-physical","territoryIds":["es-as"],"bbox":[-5.92887,43.58959,-5.92887,43.58959],"center":[-5.92887,43.58959]},"geometry":{"type":"Point","coordinates":[-5.92887,43.58959]}},{"type":"Feature","id":"physical-as-bay-names-hydro-coast-274","properties":{"id":"physical-as-bay-names-hydro-coast-274","slug":"cantu-la-garza","name":"Cantu La Garza","localName":"Cantu La Garza","aliases":[],"kind":"coast","sourceId":"sitpa-physical","territoryIds":["es-as"],"bbox":[-5.92903,43.60009,-5.92903,43.60009],"center":[-5.92903,43.60009]},"geometry":{"type":"Point","coordinates":[-5.92903,43.60009]}},{"type":"Feature","id":"physical-as-bay-names-hydro-coast-275","properties":{"id":"physical-as-bay-names-hydro-coast-275","slug":"ensenada-de-xago","name":"Ensenada De Xagó","localName":"Ensenada De Xagó","aliases":[],"kind":"bay","sourceId":"sitpa-physical","territoryIds":["es-as"],"bbox":[-5.92832,43.60198,-5.92832,43.60198],"center":[-5.92832,43.60198]},"geometry":{"type":"Point","coordinates":[-5.92832,43.60198]}},{"type":"Feature","id":"physical-as-estuary-names-hydro-coast-278","properties":{"id":"physical-as-estuary-names-hydro-coast-278","slug":"aviles","name":"Avilés","localName":"Avilés","aliases":[],"kind":"estuary","sourceId":"sitpa-physical","territoryIds":["es-as"],"bbox":[-5.92329,43.58903,-5.92329,43.58903],"center":[-5.92329,43.58903]},"geometry":{"type":"Point","coordinates":[-5.92329,43.58903]}},{"type":"Feature","id":"physical-as-cape-names-hydro-coast-355","properties":{"id":"physical-as-cape-names-hydro-coast-355","slug":"cabo-penas","name":"Cabo Peñas","localName":"Cabo Peñas","aliases":[],"kind":"cape","sourceId":"sitpa-physical","territoryIds":["es-as"],"bbox":[-5.85675,43.65841,-5.85675,43.65841],"center":[-5.85675,43.65841]},"geometry":{"type":"Point","coordinates":[-5.85675,43.65841]}},{"type":"Feature","id":"physical-as-bay-names-hydro-coast-356","properties":{"id":"physical-as-bay-names-hydro-coast-356","slug":"la-herbosa","name":"La Herbosa","localName":"La Herbosa","aliases":[],"kind":"coast","sourceId":"sitpa-physical","territoryIds":["es-as"],"bbox":[-5.8604,43.65347,-5.8604,43.65347],"center":[-5.8604,43.65347]},"geometry":{"type":"Point","coordinates":[-5.8604,43.65347]}},{"type":"Feature","id":"physical-as-bay-names-hydro-coast-357","properties":{"id":"physical-as-bay-names-hydro-coast-357","slug":"los-borrones","name":"Los Borrones","localName":"Los Borrones","aliases":[],"kind":"coast","sourceId":"sitpa-physical","territoryIds":["es-as"],"bbox":[-5.86293,43.64951,-5.86293,43.64951],"center":[-5.86293,43.64951]},"geometry":{"type":"Point","coordinates":[-5.86293,43.64951]}},{"type":"Feature","id":"physical-as-bay-names-hydro-coast-358","properties":{"id":"physical-as-bay-names-hydro-coast-358","slug":"el-sabin","name":"El Sabín","localName":"El Sabín","aliases":[],"kind":"coast","sourceId":"sitpa-physical","territoryIds":["es-as"],"bbox":[-5.85879,43.65609,-5.85879,43.65609],"center":[-5.85879,43.65609]},"geometry":{"type":"Point","coordinates":[-5.85879,43.65609]}},{"type":"Feature","id":"physical-as-island-names-hydro-coast-359","properties":{"id":"physical-as-island-names-hydro-coast-359","slug":"islotes-del-cabo","name":"Islotes Del Cabo","localName":"Islotes Del Cabo","aliases":[],"kind":"island","sourceId":"sitpa-physical","territoryIds":["es-as"],"bbox":[-5.86696,43.66199,-5.86696,43.66199],"center":[-5.86696,43.66199]},"geometry":{"type":"Point","coordinates":[-5.86696,43.66199]}},{"type":"Feature","id":"physical-as-island-names-hydro-coast-360","properties":{"id":"physical-as-island-names-hydro-coast-360","slug":"islotes-el-bravo","name":"Islotes El Bravo","localName":"Islotes El Bravo","aliases":[],"kind":"island","sourceId":"sitpa-physical","territoryIds":["es-as"],"bbox":[-5.86042,43.66575,-5.86042,43.66575],"center":[-5.86042,43.66575]},"geometry":{"type":"Point","coordinates":[-5.86042,43.66575]}},{"type":"Feature","id":"physical-as-island-names-hydro-coast-361","properties":{"id":"physical-as-island-names-hydro-coast-361","slug":"isla-herbosa","name":"Isla Herbosa","localName":"Isla Herbosa","aliases":[],"kind":"island","sourceId":"sitpa-physical","territoryIds":["es-as"],"bbox":[-5.86233,43.66234,-5.86233,43.66234],"center":[-5.86233,43.66234]},"geometry":{"type":"Point","coordinates":[-5.86233,43.66234]}},{"type":"Feature","id":"physical-as-bay-names-hydro-coast-362","properties":{"id":"physical-as-bay-names-hydro-coast-362","slug":"el-picon","name":"El Picón","localName":"El Picón","aliases":[],"kind":"coast","sourceId":"sitpa-physical","territoryIds":["es-as"],"bbox":[-5.86187,43.64326,-5.86187,43.64326],"center":[-5.86187,43.64326]},"geometry":{"type":"Point","coordinates":[-5.86187,43.64326]}},{"type":"Feature","id":"physical-as-cape-names-hydro-coast-363","properties":{"id":"physical-as-cape-names-hydro-coast-363","slug":"punta-de-la-campana","name":"Punta De La Campana","localName":"Punta De La Campana","aliases":[],"kind":"cape","sourceId":"sitpa-physical","territoryIds":["es-as"],"bbox":[-5.87951,43.62966,-5.87951,43.62966],"center":[-5.87951,43.62966]},"geometry":{"type":"Point","coordinates":[-5.87951,43.62966]}},{"type":"Feature","id":"physical-as-cape-names-hydro-coast-364","properties":{"id":"physical-as-cape-names-hydro-coast-364","slug":"punta-de-la-rosca","name":"Punta De La Rosca","localName":"Punta De La Rosca","aliases":[],"kind":"cape","sourceId":"sitpa-physical","territoryIds":["es-as"],"bbox":[-5.8688,43.63573,-5.8688,43.63573],"center":[-5.8688,43.63573]},"geometry":{"type":"Point","coordinates":[-5.8688,43.63573]}},{"type":"Feature","id":"physical-as-cape-names-hydro-coast-424","properties":{"id":"physical-as-cape-names-hydro-coast-424","slug":"cabo-penes","name":"Cabo Peñes","localName":"Cabo Peñes","aliases":[],"kind":"cape","sourceId":"sitpa-physical","territoryIds":["es-as"],"bbox":[-5.83982,43.66092,-5.83982,43.66092],"center":[-5.83982,43.66092]},"geometry":{"type":"Point","coordinates":[-5.83982,43.66092]}},{"type":"Feature","id":"physical-as-cape-names-hydro-coast-425","properties":{"id":"physical-as-cape-names-hydro-coast-425","slug":"punta-l-castru","name":"Punta'l Castru","localName":"Punta'l Castru","aliases":[],"kind":"cape","sourceId":"sitpa-physical","territoryIds":["es-as"],"bbox":[-5.83436,43.65463,-5.83436,43.65463],"center":[-5.83436,43.65463]},"geometry":{"type":"Point","coordinates":[-5.83436,43.65463]}},{"type":"Feature","id":"physical-as-bay-names-hydro-coast-426","properties":{"id":"physical-as-bay-names-hydro-coast-426","slug":"el-solin","name":"El Solín","localName":"El Solín","aliases":[],"kind":"coast","sourceId":"sitpa-physical","territoryIds":["es-as"],"bbox":[-5.84862,43.65728,-5.84862,43.65728],"center":[-5.84862,43.65728]},"geometry":{"type":"Point","coordinates":[-5.84862,43.65728]}},{"type":"Feature","id":"physical-as-bay-names-hydro-coast-427","properties":{"id":"physical-as-bay-names-hydro-coast-427","slug":"el-pedregal","name":"El Pedregal","localName":"El Pedregal","aliases":[],"kind":"coast","sourceId":"sitpa-physical","territoryIds":["es-as"],"bbox":[-5.84622,43.65744,-5.84622,43.65744],"center":[-5.84622,43.65744]},"geometry":{"type":"Point","coordinates":[-5.84622,43.65744]}},{"type":"Feature","id":"physical-as-bay-names-hydro-coast-428","properties":{"id":"physical-as-bay-names-hydro-coast-428","slug":"la-sirena","name":"La Sirena","localName":"La Sirena","aliases":[],"kind":"coast","sourceId":"sitpa-physical","territoryIds":["es-as"],"bbox":[-5.84306,43.65954,-5.84306,43.65954],"center":[-5.84306,43.65954]},"geometry":{"type":"Point","coordinates":[-5.84306,43.65954]}},{"type":"Feature","id":"physical-as-bay-names-hydro-coast-429","properties":{"id":"physical-as-bay-names-hydro-coast-429","slug":"la-esvierona","name":"La Esvierona","localName":"La Esvierona","aliases":[],"kind":"coast","sourceId":"sitpa-physical","territoryIds":["es-as"],"bbox":[-5.84036,43.65991,-5.84036,43.65991],"center":[-5.84036,43.65991]},"geometry":{"type":"Point","coordinates":[-5.84036,43.65991]}},{"type":"Feature","id":"physical-as-cape-names-hydro-coast-430","properties":{"id":"physical-as-cape-names-hydro-coast-430","slug":"punta-la-gabiera","name":"Punta La Gabiera","localName":"Punta La Gabiera","aliases":[],"kind":"cape","sourceId":"sitpa-physical","territoryIds":["es-as"],"bbox":[-5.8408,43.65884,-5.8408,43.65884],"center":[-5.8408,43.65884]},"geometry":{"type":"Point","coordinates":[-5.8408,43.65884]}},{"type":"Feature","id":"physical-as-bay-names-hydro-coast-431","properties":{"id":"physical-as-bay-names-hydro-coast-431","slug":"cobil","name":"Cobil","localName":"Cobil","aliases":[],"kind":"coast","sourceId":"sitpa-physical","territoryIds":["es-as"],"bbox":[-5.84216,43.65583,-5.84216,43.65583],"center":[-5.84216,43.65583]},"geometry":{"type":"Point","coordinates":[-5.84216,43.65583]}},{"type":"Feature","id":"physical-as-bay-names-hydro-coast-432","properties":{"id":"physical-as-bay-names-hydro-coast-432","slug":"coneo","name":"Coneo","localName":"Coneo","aliases":[],"kind":"coast","sourceId":"sitpa-physical","territoryIds":["es-as"],"bbox":[-5.84069,43.65533,-5.84069,43.65533],"center":[-5.84069,43.65533]},"geometry":{"type":"Point","coordinates":[-5.84069,43.65533]}},{"type":"Feature","id":"physical-as-bay-names-hydro-coast-433","properties":{"id":"physical-as-bay-names-hydro-coast-433","slug":"la-centollera","name":"La Centollera","localName":"La Centollera","aliases":[],"kind":"coast","sourceId":"sitpa-physical","territoryIds":["es-as"],"bbox":[-5.83473,43.65281,-5.83473,43.65281],"center":[-5.83473,43.65281]},"geometry":{"type":"Point","coordinates":[-5.83473,43.65281]}},{"type":"Feature","id":"physical-as-bay-names-hydro-coast-434","properties":{"id":"physical-as-bay-names-hydro-coast-434","slug":"el-folguiru","name":"El Folguiru","localName":"El Folguiru","aliases":[],"kind":"coast","sourceId":"sitpa-physical","territoryIds":["es-as"],"bbox":[-5.83933,43.6534,-5.83933,43.6534],"center":[-5.83933,43.6534]},"geometry":{"type":"Point","coordinates":[-5.83933,43.6534]}},{"type":"Feature","id":"physical-as-bay-names-hydro-coast-435","properties":{"id":"physical-as-bay-names-hydro-coast-435","slug":"las-arriondas","name":"Las Arriondas","localName":"Las Arriondas","aliases":[],"kind":"coast","sourceId":"sitpa-physical","territoryIds":["es-as"],"bbox":[-5.8345,43.64973,-5.8345,43.64973],"center":[-5.8345,43.64973]},"geometry":{"type":"Point","coordinates":[-5.8345,43.64973]}},{"type":"Feature","id":"physical-as-bay-names-hydro-coast-436","properties":{"id":"physical-as-bay-names-hydro-coast-436","slug":"el-carbayu","name":"El Carbayu","localName":"El Carbayu","aliases":[],"kind":"coast","sourceId":"sitpa-physical","territoryIds":["es-as"],"bbox":[-5.83605,43.64765,-5.83605,43.64765],"center":[-5.83605,43.64765]},"geometry":{"type":"Point","coordinates":[-5.83605,43.64765]}},{"type":"Feature","id":"physical-as-bay-names-hydro-coast-437","properties":{"id":"physical-as-bay-names-hydro-coast-437","slug":"el-asa","name":"El Asa","localName":"El Asa","aliases":[],"kind":"coast","sourceId":"sitpa-physical","territoryIds":["es-as"],"bbox":[-5.83528,43.64661,-5.83528,43.64661],"center":[-5.83528,43.64661]},"geometry":{"type":"Point","coordinates":[-5.83528,43.64661]}},{"type":"Feature","id":"physical-as-cape-names-hydro-coast-438","properties":{"id":"physical-as-cape-names-hydro-coast-438","slug":"punta-la-narvata","name":"Punta La Narvata","localName":"Punta La Narvata","aliases":[],"kind":"cape","sourceId":"sitpa-physical","territoryIds":["es-as"],"bbox":[-5.82235,43.64469,-5.82235,43.64469],"center":[-5.82235,43.64469]},"geometry":{"type":"Point","coordinates":[-5.82235,43.64469]}},{"type":"Feature","id":"physical-as-bay-names-hydro-coast-439","properties":{"id":"physical-as-bay-names-hydro-coast-439","slug":"la-fontica","name":"La Fontica","localName":"La Fontica","aliases":[],"kind":"coast","sourceId":"sitpa-physical","territoryIds":["es-as"],"bbox":[-5.81944,43.64346,-5.81944,43.64346],"center":[-5.81944,43.64346]},"geometry":{"type":"Point","coordinates":[-5.81944,43.64346]}},{"type":"Feature","id":"physical-as-bay-names-hydro-coast-440","properties":{"id":"physical-as-bay-names-hydro-coast-440","slug":"la-cueva","name":"La Cueva","localName":"La Cueva","aliases":[],"kind":"coast","sourceId":"sitpa-physical","territoryIds":["es-as"],"bbox":[-5.8356,43.64545,-5.8356,43.64545],"center":[-5.8356,43.64545]},"geometry":{"type":"Point","coordinates":[-5.8356,43.64545]}},{"type":"Feature","id":"physical-as-bay-names-hydro-coast-441","properties":{"id":"physical-as-bay-names-hydro-coast-441","slug":"el-sorreu","name":"El Sorreu","localName":"El Sorreu","aliases":[],"kind":"coast","sourceId":"sitpa-physical","territoryIds":["es-as"],"bbox":[-5.83392,43.64543,-5.83392,43.64543],"center":[-5.83392,43.64543]},"geometry":{"type":"Point","coordinates":[-5.83392,43.64543]}},{"type":"Feature","id":"physical-as-bay-names-hydro-coast-442","properties":{"id":"physical-as-bay-names-hydro-coast-442","slug":"el-sombreron","name":"El Sombrerón","localName":"El Sombrerón","aliases":[],"kind":"coast","sourceId":"sitpa-physical","territoryIds":["es-as"],"bbox":[-5.83045,43.64143,-5.83045,43.64143],"center":[-5.83045,43.64143]},"geometry":{"type":"Point","coordinates":[-5.83045,43.64143]}},{"type":"Feature","id":"physical-as-bay-names-hydro-coast-443","properties":{"id":"physical-as-bay-names-hydro-coast-443","slug":"arnielles","name":"Arnielles","localName":"Arnielles","aliases":[],"kind":"coast","sourceId":"sitpa-physical","territoryIds":["es-as"],"bbox":[-5.83396,43.64391,-5.83396,43.64391],"center":[-5.83396,43.64391]},"geometry":{"type":"Point","coordinates":[-5.83396,43.64391]}},{"type":"Feature","id":"physical-as-bay-names-hydro-coast-444","properties":{"id":"physical-as-bay-names-hydro-coast-444","slug":"el-requexio","name":"El Requexio","localName":"El Requexio","aliases":[],"kind":"coast","sourceId":"sitpa-physical","territoryIds":["es-as"],"bbox":[-5.8248,43.6421,-5.8248,43.6421],"center":[-5.8248,43.6421]},"geometry":{"type":"Point","coordinates":[-5.8248,43.6421]}},{"type":"Feature","id":"physical-as-bay-names-hydro-coast-445","properties":{"id":"physical-as-bay-names-hydro-coast-445","slug":"les-botades","name":"Les Botades","localName":"Les Botades","aliases":[],"kind":"coast","sourceId":"sitpa-physical","territoryIds":["es-as"],"bbox":[-5.82073,43.64308,-5.82073,43.64308],"center":[-5.82073,43.64308]},"geometry":{"type":"Point","coordinates":[-5.82073,43.64308]}},{"type":"Feature","id":"physical-as-bay-names-hydro-coast-446","properties":{"id":"physical-as-bay-names-hydro-coast-446","slug":"segareo","name":"Segareo","localName":"Segareo","aliases":[],"kind":"coast","sourceId":"sitpa-physical","territoryIds":["es-as"],"bbox":[-5.81651,43.64132,-5.81651,43.64132],"center":[-5.81651,43.64132]},"geometry":{"type":"Point","coordinates":[-5.81651,43.64132]}},{"type":"Feature","id":"physical-as-bay-names-hydro-coast-447","properties":{"id":"physical-as-bay-names-hydro-coast-447","slug":"sabugo","name":"Sabugo","localName":"Sabugo","aliases":[],"kind":"coast","sourceId":"sitpa-physical","territoryIds":["es-as"],"bbox":[-5.81433,43.64088,-5.81433,43.64088],"center":[-5.81433,43.64088]},"geometry":{"type":"Point","coordinates":[-5.81433,43.64088]}},{"type":"Feature","id":"physical-as-cape-names-hydro-coast-486","properties":{"id":"physical-as-cape-names-hydro-coast-486","slug":"punta-sabugo","name":"Punta Sabugo","localName":"Punta Sabugo","aliases":[],"kind":"cape","sourceId":"sitpa-physical","territoryIds":["es-as"],"bbox":[-5.81018,43.64224,-5.81018,43.64224],"center":[-5.81018,43.64224]},"geometry":{"type":"Point","coordinates":[-5.81018,43.64224]}},{"type":"Feature","id":"physical-as-bay-names-hydro-coast-487","properties":{"id":"physical-as-bay-names-hydro-coast-487","slug":"el-puntu","name":"El Puntu","localName":"El Puntu","aliases":[],"kind":"coast","sourceId":"sitpa-physical","territoryIds":["es-as"],"bbox":[-5.80708,43.63458,-5.80708,43.63458],"center":[-5.80708,43.63458]},"geometry":{"type":"Point","coordinates":[-5.80708,43.63458]}},{"type":"Feature","id":"physical-as-bay-names-hydro-coast-490","properties":{"id":"physical-as-bay-names-hydro-coast-490","slug":"banugues","name":"Bañugues","localName":"Bañugues","aliases":[],"kind":"coast","sourceId":"sitpa-physical","territoryIds":["es-as"],"bbox":[-5.80902,43.63334,-5.80902,43.63334],"center":[-5.80902,43.63334]},"geometry":{"type":"Point","coordinates":[-5.80902,43.63334]}},{"type":"Feature","id":"physical-as-bay-names-hydro-coast-491","properties":{"id":"physical-as-bay-names-hydro-coast-491","slug":"les-llongues","name":"Les Llongues","localName":"Les Llongues","aliases":[],"kind":"coast","sourceId":"sitpa-physical","territoryIds":["es-as"],"bbox":[-5.79974,43.63584,-5.79974,43.63584],"center":[-5.79974,43.63584]},"geometry":{"type":"Point","coordinates":[-5.79974,43.63584]}},{"type":"Feature","id":"physical-as-bay-names-hydro-coast-492","properties":{"id":"physical-as-bay-names-hydro-coast-492","slug":"la-pelleya","name":"La Pelleya","localName":"La Pelleya","aliases":[],"kind":"coast","sourceId":"sitpa-physical","territoryIds":["es-as"],"bbox":[-5.79621,43.63576,-5.79621,43.63576],"center":[-5.79621,43.63576]},"geometry":{"type":"Point","coordinates":[-5.79621,43.63576]}},{"type":"Feature","id":"physical-as-bay-names-hydro-coast-493","properties":{"id":"physical-as-bay-names-hydro-coast-493","slug":"l-aguion","name":"L'aguión","localName":"L'aguión","aliases":[],"kind":"coast","sourceId":"sitpa-physical","territoryIds":["es-as"],"bbox":[-5.79344,43.63629,-5.79344,43.63629],"center":[-5.79344,43.63629]},"geometry":{"type":"Point","coordinates":[-5.79344,43.63629]}},{"type":"Feature","id":"physical-as-cape-names-hydro-coast-494","properties":{"id":"physical-as-cape-names-hydro-coast-494","slug":"punta-de-la-vaca","name":"Punta De La Vaca","localName":"Punta De La Vaca","aliases":[],"kind":"cape","sourceId":"sitpa-physical","territoryIds":["es-as"],"bbox":[-5.78329,43.63172,-5.78329,43.63172],"center":[-5.78329,43.63172]},"geometry":{"type":"Point","coordinates":[-5.78329,43.63172]}},{"type":"Feature","id":"physical-as-bay-names-hydro-coast-495","properties":{"id":"physical-as-bay-names-hydro-coast-495","slug":"niera","name":"Ñiera","localName":"Ñiera","aliases":[],"kind":"coast","sourceId":"sitpa-physical","territoryIds":["es-as"],"bbox":[-5.78777,43.62898,-5.78777,43.62898],"center":[-5.78777,43.62898]},"geometry":{"type":"Point","coordinates":[-5.78777,43.62898]}},{"type":"Feature","id":"physical-as-cape-names-hydro-coast-496","properties":{"id":"physical-as-cape-names-hydro-coast-496","slug":"punta-l-cabritu","name":"Punta'l Cabritu","localName":"Punta'l Cabritu","aliases":[],"kind":"cape","sourceId":"sitpa-physical","territoryIds":["es-as"],"bbox":[-5.77273,43.60812,-5.77273,43.60812],"center":[-5.77273,43.60812]},"geometry":{"type":"Point","coordinates":[-5.77273,43.60812]}},{"type":"Feature","id":"physical-as-cape-names-hydro-coast-497","properties":{"id":"physical-as-cape-names-hydro-coast-497","slug":"punta-rebolleres","name":"Punta Rebolleres","localName":"Punta Rebolleres","aliases":[],"kind":"cape","sourceId":"sitpa-physical","territoryIds":["es-as"],"bbox":[-5.77762,43.61019,-5.77762,43.61019],"center":[-5.77762,43.61019]},"geometry":{"type":"Point","coordinates":[-5.77762,43.61019]}},{"type":"Feature","id":"physical-as-bay-names-hydro-coast-498","properties":{"id":"physical-as-bay-names-hydro-coast-498","slug":"el-dique","name":"El Dique","localName":"El Dique","aliases":[],"kind":"coast","sourceId":"sitpa-physical","territoryIds":["es-as"],"bbox":[-5.78448,43.61039,-5.78448,43.61039],"center":[-5.78448,43.61039]},"geometry":{"type":"Point","coordinates":[-5.78448,43.61039]}},{"type":"Feature","id":"physical-as-bay-names-hydro-coast-499","properties":{"id":"physical-as-bay-names-hydro-coast-499","slug":"los-boletos","name":"Los Boletos","localName":"Los Boletos","aliases":[],"kind":"coast","sourceId":"sitpa-physical","territoryIds":["es-as"],"bbox":[-5.78504,43.61315,-5.78504,43.61315],"center":[-5.78504,43.61315]},"geometry":{"type":"Point","coordinates":[-5.78504,43.61315]}},{"type":"Feature","id":"physical-as-bay-names-hydro-coast-500","properties":{"id":"physical-as-bay-names-hydro-coast-500","slug":"samarincha","name":"Samarincha","localName":"Samarincha","aliases":[],"kind":"coast","sourceId":"sitpa-physical","territoryIds":["es-as"],"bbox":[-5.78943,43.61317,-5.78943,43.61317],"center":[-5.78943,43.61317]},"geometry":{"type":"Point","coordinates":[-5.78943,43.61317]}},{"type":"Feature","id":"physical-as-bay-names-hydro-coast-501","properties":{"id":"physical-as-bay-names-hydro-coast-501","slug":"samarinchon","name":"Samarinchón","localName":"Samarinchón","aliases":[],"kind":"coast","sourceId":"sitpa-physical","territoryIds":["es-as"],"bbox":[-5.78798,43.61296,-5.78798,43.61296],"center":[-5.78798,43.61296]},"geometry":{"type":"Point","coordinates":[-5.78798,43.61296]}},{"type":"Feature","id":"physical-as-bay-names-hydro-coast-502","properties":{"id":"physical-as-bay-names-hydro-coast-502","slug":"el-corral","name":"El Corral","localName":"El Corral","aliases":[],"kind":"coast","sourceId":"sitpa-physical","territoryIds":["es-as"],"bbox":[-5.78551,43.62052,-5.78551,43.62052],"center":[-5.78551,43.62052]},"geometry":{"type":"Point","coordinates":[-5.78551,43.62052]}},{"type":"Feature","id":"physical-as-cape-names-hydro-coast-503","properties":{"id":"physical-as-cape-names-hydro-coast-503","slug":"punta-l-castiellu","name":"Punta'l Castiellu","localName":"Punta'l Castiellu","aliases":[],"kind":"cape","sourceId":"sitpa-physical","territoryIds":["es-as"],"bbox":[-5.7818,43.62241,-5.7818,43.62241],"center":[-5.7818,43.62241]},"geometry":{"type":"Point","coordinates":[-5.7818,43.62241]}},{"type":"Feature","id":"physical-as-bay-names-hydro-coast-504","properties":{"id":"physical-as-bay-names-hydro-coast-504","slug":"los-canones","name":"Los Cañones","localName":"Los Cañones","aliases":[],"kind":"coast","sourceId":"sitpa-physical","territoryIds":["es-as"],"bbox":[-5.78106,43.62445,-5.78106,43.62445],"center":[-5.78106,43.62445]},"geometry":{"type":"Point","coordinates":[-5.78106,43.62445]}},{"type":"Feature","id":"physical-as-cape-names-hydro-coast-571","properties":{"id":"physical-as-cape-names-hydro-coast-571","slug":"punta-cabritu","name":"Punta Cabritu","localName":"Punta Cabritu","aliases":[],"kind":"cape","sourceId":"sitpa-physical","territoryIds":["es-as"],"bbox":[-5.77056,43.60841,-5.77056,43.60841],"center":[-5.77056,43.60841]},"geometry":{"type":"Point","coordinates":[-5.77056,43.60841]}},{"type":"Feature","id":"physical-as-bay-names-hydro-coast-572","properties":{"id":"physical-as-bay-names-hydro-coast-572","slug":"isla-d-antromero","name":"Isla D'antromero","localName":"Isla D'antromero","aliases":[],"kind":"island","sourceId":"sitpa-physical","territoryIds":["es-as"],"bbox":[-5.7662,43.60611,-5.7662,43.60611],"center":[-5.7662,43.60611]},"geometry":{"type":"Point","coordinates":[-5.7662,43.60611]}},{"type":"Feature","id":"physical-as-bay-names-hydro-coast-573","properties":{"id":"physical-as-bay-names-hydro-coast-573","slug":"taluxa","name":"Taluxa","localName":"Taluxa","aliases":[],"kind":"coast","sourceId":"sitpa-physical","territoryIds":["es-as"],"bbox":[-5.76691,43.59929,-5.76691,43.59929],"center":[-5.76691,43.59929]},"geometry":{"type":"Point","coordinates":[-5.76691,43.59929]}},{"type":"Feature","id":"physical-as-bay-names-hydro-coast-574","properties":{"id":"physical-as-bay-names-hydro-coast-574","slug":"el-redondel","name":"El Redondel","localName":"El Redondel","aliases":[],"kind":"coast","sourceId":"sitpa-physical","territoryIds":["es-as"],"bbox":[-5.76669,43.59652,-5.76669,43.59652],"center":[-5.76669,43.59652]},"geometry":{"type":"Point","coordinates":[-5.76669,43.59652]}},{"type":"Feature","id":"physical-as-bay-names-hydro-coast-575","properties":{"id":"physical-as-bay-names-hydro-coast-575","slug":"rebollares","name":"Rebollares","localName":"Rebollares","aliases":[],"kind":"coast","sourceId":"sitpa-physical","territoryIds":["es-as"],"bbox":[-5.76556,43.59443,-5.76556,43.59443],"center":[-5.76556,43.59443]},"geometry":{"type":"Point","coordinates":[-5.76556,43.59443]}},{"type":"Feature","id":"physical-as-cape-names-hydro-coast-576","properties":{"id":"physical-as-cape-names-hydro-coast-576","slug":"punta-del-cuirnu","name":"Punta Del Cuirnu","localName":"Punta Del Cuirnu","aliases":[],"kind":"cape","sourceId":"sitpa-physical","territoryIds":["es-as"],"bbox":[-5.75993,43.59519,-5.75993,43.59519],"center":[-5.75993,43.59519]},"geometry":{"type":"Point","coordinates":[-5.75993,43.59519]}},{"type":"Feature","id":"physical-as-cape-names-hydro-coast-577","properties":{"id":"physical-as-cape-names-hydro-coast-577","slug":"punta-peran","name":"Punta Perán","localName":"Punta Perán","aliases":[],"kind":"cape","sourceId":"sitpa-physical","territoryIds":["es-as"],"bbox":[-5.75572,43.58519,-5.75572,43.58519],"center":[-5.75572,43.58519]},"geometry":{"type":"Point","coordinates":[-5.75572,43.58519]}},{"type":"Feature","id":"physical-as-bay-names-hydro-coast-578","properties":{"id":"physical-as-bay-names-hydro-coast-578","slug":"los-penones","name":"Los Peñones","localName":"Los Peñones","aliases":[],"kind":"coast","sourceId":"sitpa-physical","territoryIds":["es-as"],"bbox":[-5.75337,43.58408,-5.75337,43.58408],"center":[-5.75337,43.58408]},"geometry":{"type":"Point","coordinates":[-5.75337,43.58408]}},{"type":"Feature","id":"physical-as-cape-names-hydro-coast-579","properties":{"id":"physical-as-cape-names-hydro-coast-579","slug":"punta-socampos","name":"Punta Socampos","localName":"Punta Socampos","aliases":[],"kind":"cape","sourceId":"sitpa-physical","territoryIds":["es-as"],"bbox":[-5.74875,43.58528,-5.74875,43.58528],"center":[-5.74875,43.58528]},"geometry":{"type":"Point","coordinates":[-5.74875,43.58528]}},{"type":"Feature","id":"physical-as-cape-names-hydro-coast-580","properties":{"id":"physical-as-cape-names-hydro-coast-580","slug":"punta-entrellusa","name":"Punta Entrellusa","localName":"Punta Entrellusa","aliases":[],"kind":"cape","sourceId":"sitpa-physical","territoryIds":["es-as"],"bbox":[-5.74332,43.58211,-5.74332,43.58211],"center":[-5.74332,43.58211]},"geometry":{"type":"Point","coordinates":[-5.74332,43.58211]}},{"type":"Feature","id":"physical-as-bay-names-hydro-coast-581","properties":{"id":"physical-as-bay-names-hydro-coast-581","slug":"isla-de-perlora","name":"Isla De Perlora","localName":"Isla De Perlora","aliases":[],"kind":"island","sourceId":"sitpa-physical","territoryIds":["es-as"],"bbox":[-5.74256,43.58131,-5.74256,43.58131],"center":[-5.74256,43.58131]},"geometry":{"type":"Point","coordinates":[-5.74256,43.58131]}},{"type":"Feature","id":"physical-as-bay-names-hydro-coast-582","properties":{"id":"physical-as-bay-names-hydro-coast-582","slug":"pico-castiello","name":"Pico Castiello","localName":"Pico Castiello","aliases":[],"kind":"coast","sourceId":"sitpa-physical","territoryIds":["es-as"],"bbox":[-5.7388,43.57865,-5.7388,43.57865],"center":[-5.7388,43.57865]},"geometry":{"type":"Point","coordinates":[-5.7388,43.57865]}},{"type":"Feature","id":"physical-as-bay-names-hydro-coast-583","properties":{"id":"physical-as-bay-names-hydro-coast-583","slug":"el-tranqueru","name":"El Tranqueru","localName":"El Tranqueru","aliases":[],"kind":"coast","sourceId":"sitpa-physical","territoryIds":["es-as"],"bbox":[-5.73612,43.57546,-5.73612,43.57546],"center":[-5.73612,43.57546]},"geometry":{"type":"Point","coordinates":[-5.73612,43.57546]}},{"type":"Feature","id":"physical-as-cape-names-hydro-coast-608","properties":{"id":"physical-as-cape-names-hydro-coast-608","slug":"punta-l-regatu","name":"Punta'l Regatu","localName":"Punta'l Regatu","aliases":[],"kind":"cape","sourceId":"sitpa-physical","territoryIds":["es-as"],"bbox":[-5.7262,43.5729,-5.7262,43.5729],"center":[-5.7262,43.5729]},"geometry":{"type":"Point","coordinates":[-5.7262,43.5729]}},{"type":"Feature","id":"physical-as-cape-names-hydro-coast-609","properties":{"id":"physical-as-cape-names-hydro-coast-609","slug":"cabo-torres","name":"Cabo Torres","localName":"Cabo Torres","aliases":[],"kind":"cape","sourceId":"sitpa-physical","territoryIds":["es-as"],"bbox":[-5.69754,43.57528,-5.69754,43.57528],"center":[-5.69754,43.57528]},"geometry":{"type":"Point","coordinates":[-5.69754,43.57528]}},{"type":"Feature","id":"physical-as-cape-names-hydro-coast-610","properties":{"id":"physical-as-cape-names-hydro-coast-610","slug":"punta-d-abonu","name":"Punta D'aboñu","localName":"Punta D'aboñu","aliases":[],"kind":"cape","sourceId":"sitpa-physical","territoryIds":["es-as"],"bbox":[-5.71342,43.5697,-5.71342,43.5697],"center":[-5.71342,43.5697]},"geometry":{"type":"Point","coordinates":[-5.71342,43.5697]}},{"type":"Feature","id":"physical-as-estuary-names-hydro-coast-615","properties":{"id":"physical-as-estuary-names-hydro-coast-615","slug":"abonu","name":"Aboñu","localName":"Aboñu","aliases":[],"kind":"estuary","sourceId":"sitpa-physical","territoryIds":["es-as"],"bbox":[-5.71247,43.56684,-5.71247,43.56684],"center":[-5.71247,43.56684]},"geometry":{"type":"Point","coordinates":[-5.71247,43.56684]}},{"type":"Feature","id":"physical-as-cape-names-hydro-coast-637","properties":{"id":"physical-as-cape-names-hydro-coast-637","slug":"punta-lequerica","name":"Punta Lequerica","localName":"Punta Lequerica","aliases":[],"kind":"cape","sourceId":"sitpa-physical","territoryIds":["es-as"],"bbox":[-5.67032,43.54723,-5.67032,43.54723],"center":[-5.67032,43.54723]},"geometry":{"type":"Point","coordinates":[-5.67032,43.54723]}},{"type":"Feature","id":"physical-as-cape-names-hydro-coast-652","properties":{"id":"physical-as-cape-names-hydro-coast-652","slug":"punta-el-rosario-aguna","name":"Punta El Rosario Aguña","localName":"Punta El Rosario Aguña","aliases":[],"kind":"cape","sourceId":"sitpa-physical","territoryIds":["es-as"],"bbox":[-5.63949,43.55249,-5.63949,43.55249],"center":[-5.63949,43.55249]},"geometry":{"type":"Point","coordinates":[-5.63949,43.55249]}},{"type":"Feature","id":"physical-as-bay-names-hydro-coast-653","properties":{"id":"physical-as-bay-names-hydro-coast-653","slug":"los-vahones","name":"Los Vahones","localName":"Los Vahones","aliases":[],"kind":"coast","sourceId":"sitpa-physical","territoryIds":["es-as"],"bbox":[-5.64524,43.5458,-5.64524,43.5458],"center":[-5.64524,43.5458]},"geometry":{"type":"Point","coordinates":[-5.64524,43.5458]}},{"type":"Feature","id":"physical-as-bay-names-hydro-coast-654","properties":{"id":"physical-as-bay-names-hydro-coast-654","slug":"les-caseries","name":"Les Caseries","localName":"Les Caseries","aliases":[],"kind":"coast","sourceId":"sitpa-physical","territoryIds":["es-as"],"bbox":[-5.64405,43.54857,-5.64405,43.54857],"center":[-5.64405,43.54857]},"geometry":{"type":"Point","coordinates":[-5.64405,43.54857]}},{"type":"Feature","id":"physical-as-bay-names-hydro-coast-655","properties":{"id":"physical-as-bay-names-hydro-coast-655","slug":"el-rinconin","name":"El Rinconín","localName":"El Rinconín","aliases":[],"kind":"coast","sourceId":"sitpa-physical","territoryIds":["es-as"],"bbox":[-5.64015,43.54977,-5.64015,43.54977],"center":[-5.64015,43.54977]},"geometry":{"type":"Point","coordinates":[-5.64015,43.54977]}},{"type":"Feature","id":"physical-as-cape-names-hydro-coast-657","properties":{"id":"physical-as-cape-names-hydro-coast-657","slug":"cabo-san-lorenzo","name":"Cabo San Lorenzo","localName":"Cabo San Lorenzo","aliases":[],"kind":"cape","sourceId":"sitpa-physical","territoryIds":["es-as"],"bbox":[-5.61745,43.55914,-5.61745,43.55914],"center":[-5.61745,43.55914]},"geometry":{"type":"Point","coordinates":[-5.61745,43.55914]}},{"type":"Feature","id":"physical-as-bay-names-hydro-coast-658","properties":{"id":"physical-as-bay-names-hydro-coast-658","slug":"isla-la-tortuga","name":"Isla La Tortuga","localName":"Isla La Tortuga","aliases":[],"kind":"island","sourceId":"sitpa-physical","territoryIds":["es-as"],"bbox":[-5.61629,43.55829,-5.61629,43.55829],"center":[-5.61629,43.55829]},"geometry":{"type":"Point","coordinates":[-5.61629,43.55829]}},{"type":"Feature","id":"physical-as-bay-names-hydro-coast-684","properties":{"id":"physical-as-bay-names-hydro-coast-684","slug":"la-tortuga","name":"La Tortuga","localName":"La Tortuga","aliases":[],"kind":"coast","sourceId":"sitpa-physical","territoryIds":["es-as"],"bbox":[-5.60253,43.55029,-5.60253,43.55029],"center":[-5.60253,43.55029]},"geometry":{"type":"Point","coordinates":[-5.60253,43.55029]}},{"type":"Feature","id":"physical-as-cape-names-hydro-coast-685","properties":{"id":"physical-as-cape-names-hydro-coast-685","slug":"punta-la-escalera","name":"Punta La Escalera","localName":"Punta La Escalera","aliases":[],"kind":"cape","sourceId":"sitpa-physical","territoryIds":["es-as"],"bbox":[-5.57558,43.55071,-5.57558,43.55071],"center":[-5.57558,43.55071]},"geometry":{"type":"Point","coordinates":[-5.57558,43.55071]}},{"type":"Feature","id":"physical-as-bay-names-hydro-coast-686","properties":{"id":"physical-as-bay-names-hydro-coast-686","slug":"sableru-d-aranzon","name":"Sableru D'aranzón","localName":"Sableru D'aranzón","aliases":[],"kind":"coast","sourceId":"sitpa-physical","territoryIds":["es-as"],"bbox":[-5.5799,43.54951,-5.5799,43.54951],"center":[-5.5799,43.54951]},"geometry":{"type":"Point","coordinates":[-5.5799,43.54951]}},{"type":"Feature","id":"physical-as-cape-names-hydro-coast-721","properties":{"id":"physical-as-cape-names-hydro-coast-721","slug":"punta-de-penarubia","name":"Punta De Peñarubia","localName":"Punta De Peñarubia","aliases":[],"kind":"cape","sourceId":"sitpa-physical","territoryIds":["es-as"],"bbox":[-5.54855,43.55042,-5.54855,43.55042],"center":[-5.54855,43.55042]},"geometry":{"type":"Point","coordinates":[-5.54855,43.55042]}},{"type":"Feature","id":"physical-as-cape-names-hydro-coast-722","properties":{"id":"physical-as-cape-names-hydro-coast-722","slug":"punta-los-regatos","name":"Punta Los Regatos","localName":"Punta Los Regatos","aliases":[],"kind":"cape","sourceId":"sitpa-physical","territoryIds":["es-as"],"bbox":[-5.53638,43.5483,-5.53638,43.5483],"center":[-5.53638,43.5483]},"geometry":{"type":"Point","coordinates":[-5.53638,43.5483]}},{"type":"Feature","id":"physical-as-bay-names-hydro-coast-723","properties":{"id":"physical-as-bay-names-hydro-coast-723","slug":"ensenada-d-espana","name":"Ensenada D'españa","localName":"Ensenada D'españa","aliases":[],"kind":"bay","sourceId":"sitpa-physical","territoryIds":["es-as"],"bbox":[-5.53048,43.54709,-5.53048,43.54709],"center":[-5.53048,43.54709]},"geometry":{"type":"Point","coordinates":[-5.53048,43.54709]}},{"type":"Feature","id":"physical-as-cape-names-hydro-coast-724","properties":{"id":"physical-as-cape-names-hydro-coast-724","slug":"punta-los-blancos","name":"Punta Los Blancos","localName":"Punta Los Blancos","aliases":[],"kind":"cape","sourceId":"sitpa-physical","territoryIds":["es-as"],"bbox":[-5.52559,43.55052,-5.52559,43.55052],"center":[-5.52559,43.55052]},"geometry":{"type":"Point","coordinates":[-5.52559,43.55052]}},{"type":"Feature","id":"physical-as-bay-names-hydro-coast-769","properties":{"id":"physical-as-bay-names-hydro-coast-769","slug":"la-teyera","name":"La Teyera","localName":"La Teyera","aliases":[],"kind":"coast","sourceId":"sitpa-physical","territoryIds":["es-as"],"bbox":[-5.51685,43.55208,-5.51685,43.55208],"center":[-5.51685,43.55208]},"geometry":{"type":"Point","coordinates":[-5.51685,43.55208]}},{"type":"Feature","id":"physical-as-bay-names-hydro-coast-770","properties":{"id":"physical-as-bay-names-hydro-coast-770","slug":"l-aguera","name":"L'agüera","localName":"L'agüera","aliases":[],"kind":"coast","sourceId":"sitpa-physical","territoryIds":["es-as"],"bbox":[-5.50894,43.54876,-5.50894,43.54876],"center":[-5.50894,43.54876]},"geometry":{"type":"Point","coordinates":[-5.50894,43.54876]}},{"type":"Feature","id":"physical-as-cape-names-hydro-coast-833","properties":{"id":"physical-as-cape-names-hydro-coast-833","slug":"punta-coin","name":"Punta Coín","localName":"Punta Coín","aliases":[],"kind":"cape","sourceId":"sitpa-physical","territoryIds":["es-as"],"bbox":[-5.44094,43.55279,-5.44094,43.55279],"center":[-5.44094,43.55279]},"geometry":{"type":"Point","coordinates":[-5.44094,43.55279]}},{"type":"Feature","id":"physical-as-bay-names-hydro-coast-899","properties":{"id":"physical-as-bay-names-hydro-coast-899","slug":"el-muru","name":"El Muru","localName":"El Muru","aliases":[],"kind":"coast","sourceId":"sitpa-physical","territoryIds":["es-as"],"bbox":[-5.39741,43.54571,-5.39741,43.54571],"center":[-5.39741,43.54571]},"geometry":{"type":"Point","coordinates":[-5.39741,43.54571]}},{"type":"Feature","id":"physical-as-cape-names-hydro-coast-900","properties":{"id":"physical-as-cape-names-hydro-coast-900","slug":"punta-tazones","name":"Punta Tazones","localName":"Punta Tazones","aliases":[],"kind":"cape","sourceId":"sitpa-physical","territoryIds":["es-as"],"bbox":[-5.39733,43.54952,-5.39733,43.54952],"center":[-5.39733,43.54952]},"geometry":{"type":"Point","coordinates":[-5.39733,43.54952]}},{"type":"Feature","id":"physical-as-bay-names-hydro-coast-901","properties":{"id":"physical-as-bay-names-hydro-coast-901","slug":"los-ninerinos","name":"Los Niñerinos","localName":"Los Niñerinos","aliases":[],"kind":"coast","sourceId":"sitpa-physical","territoryIds":["es-as"],"bbox":[-5.42526,43.55185,-5.42526,43.55185],"center":[-5.42526,43.55185]},"geometry":{"type":"Point","coordinates":[-5.42526,43.55185]}},{"type":"Feature","id":"physical-as-bay-names-hydro-coast-902","properties":{"id":"physical-as-bay-names-hydro-coast-902","slug":"la-cruz-d-ureta","name":"La Cruz D'ureta","localName":"La Cruz D'ureta","aliases":[],"kind":"coast","sourceId":"sitpa-physical","territoryIds":["es-as"],"bbox":[-5.41812,43.55411,-5.41812,43.55411],"center":[-5.41812,43.55411]},"geometry":{"type":"Point","coordinates":[-5.41812,43.55411]}},{"type":"Feature","id":"physical-as-cape-names-hydro-coast-903","properties":{"id":"physical-as-cape-names-hydro-coast-903","slug":"la-punta-l-olivu","name":"La Punta'l Olivu","localName":"La Punta'l Olivu","aliases":[],"kind":"cape","sourceId":"sitpa-physical","territoryIds":["es-as"],"bbox":[-5.41521,43.55481,-5.41521,43.55481],"center":[-5.41521,43.55481]},"geometry":{"type":"Point","coordinates":[-5.41521,43.55481]}},{"type":"Feature","id":"physical-as-bay-names-hydro-coast-904","properties":{"id":"physical-as-bay-names-hydro-coast-904","slug":"vayon","name":"Vayón","localName":"Vayón","aliases":[],"kind":"coast","sourceId":"sitpa-physical","territoryIds":["es-as"],"bbox":[-5.4134,43.55513,-5.4134,43.55513],"center":[-5.4134,43.55513]},"geometry":{"type":"Point","coordinates":[-5.4134,43.55513]}},{"type":"Feature","id":"physical-as-bay-names-hydro-coast-905","properties":{"id":"physical-as-bay-names-hydro-coast-905","slug":"piedres-altes","name":"Piedres Altes","localName":"Piedres Altes","aliases":[],"kind":"coast","sourceId":"sitpa-physical","territoryIds":["es-as"],"bbox":[-5.40684,43.55368,-5.40684,43.55368],"center":[-5.40684,43.55368]},"geometry":{"type":"Point","coordinates":[-5.40684,43.55368]}},{"type":"Feature","id":"physical-as-bay-names-hydro-coast-906","properties":{"id":"physical-as-bay-names-hydro-coast-906","slug":"los-escaniquinos","name":"Los Escaniquinos","localName":"Los Escaniquinos","aliases":[],"kind":"coast","sourceId":"sitpa-physical","territoryIds":["es-as"],"bbox":[-5.40469,43.5524,-5.40469,43.5524],"center":[-5.40469,43.5524]},"geometry":{"type":"Point","coordinates":[-5.40469,43.5524]}},{"type":"Feature","id":"physical-as-estuary-names-hydro-coast-938","properties":{"id":"physical-as-estuary-names-hydro-coast-938","slug":"villaviciosa","name":"Villaviciosa","localName":"Villaviciosa","aliases":[],"kind":"estuary","sourceId":"sitpa-physical","territoryIds":["es-as"],"bbox":[-5.40397,43.51217,-5.40397,43.51217],"center":[-5.40397,43.51217]},"geometry":{"type":"Point","coordinates":[-5.40397,43.51217]}},{"type":"Feature","id":"physical-as-cape-names-hydro-coast-956","properties":{"id":"physical-as-cape-names-hydro-coast-956","slug":"punta-les-escobes","name":"Punta Les Escobes","localName":"Punta Les Escobes","aliases":[],"kind":"cape","sourceId":"sitpa-physical","territoryIds":["es-as"],"bbox":[-5.38786,43.53907,-5.38786,43.53907],"center":[-5.38786,43.53907]},"geometry":{"type":"Point","coordinates":[-5.38786,43.53907]}},{"type":"Feature","id":"physical-as-cape-names-hydro-coast-957","properties":{"id":"physical-as-cape-names-hydro-coast-957","slug":"punta-de-la-mesnada","name":"Punta De La Mesnada","localName":"Punta De La Mesnada","aliases":[],"kind":"cape","sourceId":"sitpa-physical","territoryIds":["es-as"],"bbox":[-5.38937,43.54113,-5.38937,43.54113],"center":[-5.38937,43.54113]},"geometry":{"type":"Point","coordinates":[-5.38937,43.54113]}},{"type":"Feature","id":"physical-as-cape-names-hydro-coast-958","properties":{"id":"physical-as-cape-names-hydro-coast-958","slug":"punta-rodiles","name":"Punta Rodiles","localName":"Punta Rodiles","aliases":[],"kind":"cape","sourceId":"sitpa-physical","territoryIds":["es-as"],"bbox":[-5.37244,43.53995,-5.37244,43.53995],"center":[-5.37244,43.53995]},"geometry":{"type":"Point","coordinates":[-5.37244,43.53995]}},{"type":"Feature","id":"physical-as-bay-names-hydro-coast-959","properties":{"id":"physical-as-bay-names-hydro-coast-959","slug":"ensenada-de-la-coneyera","name":"Ensenada De La Coneyera","localName":"Ensenada De La Coneyera","aliases":[],"kind":"bay","sourceId":"sitpa-physical","territoryIds":["es-as"],"bbox":[-5.3608,43.53266,-5.3608,43.53266],"center":[-5.3608,43.53266]},"geometry":{"type":"Point","coordinates":[-5.3608,43.53266]}},{"type":"Feature","id":"physical-as-cape-names-hydro-coast-977","properties":{"id":"physical-as-cape-names-hydro-coast-977","slug":"punta-l-altar","name":"Punta L'altar","localName":"Punta L'altar","aliases":[],"kind":"cape","sourceId":"sitpa-physical","territoryIds":["es-as"],"bbox":[-5.3274,43.53452,-5.3274,43.53452],"center":[-5.3274,43.53452]},"geometry":{"type":"Point","coordinates":[-5.3274,43.53452]}},{"type":"Feature","id":"physical-as-cape-names-hydro-coast-978","properties":{"id":"physical-as-cape-names-hydro-coast-978","slug":"punta-los-coneyos","name":"Punta Los Coneyos","localName":"Punta Los Coneyos","aliases":[],"kind":"cape","sourceId":"sitpa-physical","territoryIds":["es-as"],"bbox":[-5.32293,43.53404,-5.32293,43.53404],"center":[-5.32293,43.53404]},"geometry":{"type":"Point","coordinates":[-5.32293,43.53404]}},{"type":"Feature","id":"physical-as-cape-names-hydro-coast-979","properties":{"id":"physical-as-cape-names-hydro-coast-979","slug":"punta-les-llastres","name":"Punta Les Llastres","localName":"Punta Les Llastres","aliases":[],"kind":"cape","sourceId":"sitpa-physical","territoryIds":["es-as"],"bbox":[-5.34681,43.53511,-5.34681,43.53511],"center":[-5.34681,43.53511]},"geometry":{"type":"Point","coordinates":[-5.34681,43.53511]}},{"type":"Feature","id":"physical-as-bay-names-hydro-coast-980","properties":{"id":"physical-as-bay-names-hydro-coast-980","slug":"les-mueles","name":"Les Mueles","localName":"Les Mueles","aliases":[],"kind":"coast","sourceId":"sitpa-physical","territoryIds":["es-as"],"bbox":[-5.35107,43.53355,-5.35107,43.53355],"center":[-5.35107,43.53355]},"geometry":{"type":"Point","coordinates":[-5.35107,43.53355]}},{"type":"Feature","id":"physical-as-bay-names-hydro-coast-981","properties":{"id":"physical-as-bay-names-hydro-coast-981","slug":"baxu-les-mueles","name":"Baxu Les Mueles","localName":"Baxu Les Mueles","aliases":[],"kind":"coast","sourceId":"sitpa-physical","territoryIds":["es-as"],"bbox":[-5.33712,43.53283,-5.33712,43.53283],"center":[-5.33712,43.53283]},"geometry":{"type":"Point","coordinates":[-5.33712,43.53283]}},{"type":"Feature","id":"physical-as-cape-names-hydro-coast-1005","properties":{"id":"physical-as-cape-names-hydro-coast-1005","slug":"cabo-llastres","name":"Cabo Llastres","localName":"Cabo Llastres","aliases":[],"kind":"cape","sourceId":"sitpa-physical","territoryIds":["es-as"],"bbox":[-5.2988,43.53604,-5.2988,43.53604],"center":[-5.2988,43.53604]},"geometry":{"type":"Point","coordinates":[-5.2988,43.53604]}},{"type":"Feature","id":"physical-as-bay-names-hydro-coast-1006","properties":{"id":"physical-as-bay-names-hydro-coast-1006","slug":"el-teyadin","name":"El Teyadín","localName":"El Teyadín","aliases":[],"kind":"coast","sourceId":"sitpa-physical","territoryIds":["es-as"],"bbox":[-5.29511,43.5363,-5.29511,43.5363],"center":[-5.29511,43.5363]},"geometry":{"type":"Point","coordinates":[-5.29511,43.5363]}},{"type":"Feature","id":"physical-as-bay-names-hydro-coast-1007","properties":{"id":"physical-as-bay-names-hydro-coast-1007","slug":"el-vaquin","name":"El Vaquín","localName":"El Vaquín","aliases":[],"kind":"coast","sourceId":"sitpa-physical","territoryIds":["es-as"],"bbox":[-5.29348,43.5344,-5.29348,43.5344],"center":[-5.29348,43.5344]},"geometry":{"type":"Point","coordinates":[-5.29348,43.5344]}},{"type":"Feature","id":"physical-as-bay-names-hydro-coast-1008","properties":{"id":"physical-as-bay-names-hydro-coast-1008","slug":"la-vaca-l-cabu","name":"La Vaca'l Cabu","localName":"La Vaca'l Cabu","aliases":[],"kind":"coast","sourceId":"sitpa-physical","territoryIds":["es-as"],"bbox":[-5.29284,43.53257,-5.29284,43.53257],"center":[-5.29284,43.53257]},"geometry":{"type":"Point","coordinates":[-5.29284,43.53257]}},{"type":"Feature","id":"physical-as-bay-names-hydro-coast-1009","properties":{"id":"physical-as-bay-names-hydro-coast-1009","slug":"piedra-l-rayu","name":"Piedra'l Rayu","localName":"Piedra'l Rayu","aliases":[],"kind":"coast","sourceId":"sitpa-physical","territoryIds":["es-as"],"bbox":[-5.28721,43.53029,-5.28721,43.53029],"center":[-5.28721,43.53029]},"geometry":{"type":"Point","coordinates":[-5.28721,43.53029]}},{"type":"Feature","id":"physical-as-bay-names-hydro-coast-1010","properties":{"id":"physical-as-bay-names-hydro-coast-1010","slug":"ensenada-l-pintu","name":"Ensenada'l Pintu","localName":"Ensenada'l Pintu","aliases":[],"kind":"bay","sourceId":"sitpa-physical","territoryIds":["es-as"],"bbox":[-5.28571,43.52851,-5.28571,43.52851],"center":[-5.28571,43.52851]},"geometry":{"type":"Point","coordinates":[-5.28571,43.52851]}},{"type":"Feature","id":"physical-as-bay-names-hydro-coast-1011","properties":{"id":"physical-as-bay-names-hydro-coast-1011","slug":"el-pintu","name":"El Pintu","localName":"El Pintu","aliases":[],"kind":"coast","sourceId":"sitpa-physical","territoryIds":["es-as"],"bbox":[-5.28173,43.52762,-5.28173,43.52762],"center":[-5.28173,43.52762]},"geometry":{"type":"Point","coordinates":[-5.28173,43.52762]}},{"type":"Feature","id":"physical-as-bay-names-hydro-coast-1012","properties":{"id":"physical-as-bay-names-hydro-coast-1012","slug":"les-llastres-de-cotariella","name":"Les Llastres De Cotariella","localName":"Les Llastres De Cotariella","aliases":[],"kind":"coast","sourceId":"sitpa-physical","territoryIds":["es-as"],"bbox":[-5.27741,43.52427,-5.27741,43.52427],"center":[-5.27741,43.52427]},"geometry":{"type":"Point","coordinates":[-5.27741,43.52427]}},{"type":"Feature","id":"physical-as-cape-names-hydro-coast-1038","properties":{"id":"physical-as-cape-names-hydro-coast-1038","slug":"punta-marixin","name":"Punta Marixín","localName":"Punta Marixín","aliases":[],"kind":"cape","sourceId":"sitpa-physical","territoryIds":["es-as"],"bbox":[-5.25529,43.5022,-5.25529,43.5022],"center":[-5.25529,43.5022]},"geometry":{"type":"Point","coordinates":[-5.25529,43.5022]}},{"type":"Feature","id":"physical-as-cape-names-hydro-coast-1039","properties":{"id":"physical-as-cape-names-hydro-coast-1039","slug":"punta-caballo","name":"Punta Caballo","localName":"Punta Caballo","aliases":[],"kind":"cape","sourceId":"sitpa-physical","territoryIds":["es-as"],"bbox":[-5.26705,43.5124,-5.26705,43.5124],"center":[-5.26705,43.5124]},"geometry":{"type":"Point","coordinates":[-5.26705,43.5124]}},{"type":"Feature","id":"physical-as-cape-names-hydro-coast-1040","properties":{"id":"physical-as-cape-names-hydro-coast-1040","slug":"punta-misiera","name":"Punta Misiera","localName":"Punta Misiera","aliases":[],"kind":"cape","sourceId":"sitpa-physical","territoryIds":["es-as"],"bbox":[-5.26367,43.51703,-5.26367,43.51703],"center":[-5.26367,43.51703]},"geometry":{"type":"Point","coordinates":[-5.26367,43.51703]}},{"type":"Feature","id":"physical-as-cape-names-hydro-coast-1041","properties":{"id":"physical-as-cape-names-hydro-coast-1041","slug":"punta-l-escanon","name":"Punta L'escanón","localName":"Punta L'escanón","aliases":[],"kind":"cape","sourceId":"sitpa-physical","territoryIds":["es-as"],"bbox":[-5.26502,43.51848,-5.26502,43.51848],"center":[-5.26502,43.51848]},"geometry":{"type":"Point","coordinates":[-5.26502,43.51848]}},{"type":"Feature","id":"physical-as-cape-names-hydro-coast-1042","properties":{"id":"physical-as-cape-names-hydro-coast-1042","slug":"punta-penote","name":"Punta Penote","localName":"Punta Penote","aliases":[],"kind":"cape","sourceId":"sitpa-physical","territoryIds":["es-as"],"bbox":[-5.24931,43.50112,-5.24931,43.50112],"center":[-5.24931,43.50112]},"geometry":{"type":"Point","coordinates":[-5.24931,43.50112]}},{"type":"Feature","id":"physical-as-cape-names-hydro-coast-4265","properties":{"id":"physical-as-cape-names-hydro-coast-4265","slug":"punta-l-penote","name":"Punta'l Penote","localName":"Punta'l Penote","aliases":[],"kind":"cape","sourceId":"sitpa-physical","territoryIds":["es-as"],"bbox":[-5.24749,43.49954,-5.24749,43.49954],"center":[-5.24749,43.49954]},"geometry":{"type":"Point","coordinates":[-5.24749,43.49954]}},{"type":"Feature","id":"physical-as-bay-names-hydro-coast-4427","properties":{"id":"physical-as-bay-names-hydro-coast-4427","slug":"el-castiellu","name":"El Castiellu","localName":"El Castiellu","aliases":[],"kind":"coast","sourceId":"sitpa-physical","territoryIds":["es-as"],"bbox":[-5.2218,43.48096,-5.2218,43.48096],"center":[-5.2218,43.48096]},"geometry":{"type":"Point","coordinates":[-5.2218,43.48096]}},{"type":"Feature","id":"physical-as-bay-names-hydro-coast-4428","properties":{"id":"physical-as-bay-names-hydro-coast-4428","slug":"el-pastote","name":"El Pastote","localName":"El Pastote","aliases":[],"kind":"coast","sourceId":"sitpa-physical","territoryIds":["es-as"],"bbox":[-5.22331,43.48361,-5.22331,43.48361],"center":[-5.22331,43.48361]},"geometry":{"type":"Point","coordinates":[-5.22331,43.48361]}},{"type":"Feature","id":"physical-as-island-names-hydro-coast-4429","properties":{"id":"physical-as-island-names-hydro-coast-4429","slug":"la-isla","name":"La Isla","localName":"La Isla","aliases":[],"kind":"island","sourceId":"sitpa-physical","territoryIds":["es-as"],"bbox":[-5.22649,43.48714,-5.22649,43.48714],"center":[-5.22649,43.48714]},"geometry":{"type":"Point","coordinates":[-5.22649,43.48714]}},{"type":"Feature","id":"physical-as-bay-names-hydro-coast-4430","properties":{"id":"physical-as-bay-names-hydro-coast-4430","slug":"el-barreu","name":"El Barréu","localName":"El Barréu","aliases":[],"kind":"coast","sourceId":"sitpa-physical","territoryIds":["es-as"],"bbox":[-5.22432,43.48488,-5.22432,43.48488],"center":[-5.22432,43.48488]},"geometry":{"type":"Point","coordinates":[-5.22432,43.48488]}},{"type":"Feature","id":"physical-as-bay-names-hydro-coast-4431","properties":{"id":"physical-as-bay-names-hydro-coast-4431","slug":"pena-forada","name":"Peña Forada","localName":"Peña Forada","aliases":[],"kind":"coast","sourceId":"sitpa-physical","territoryIds":["es-as"],"bbox":[-5.20357,43.47671,-5.20357,43.47671],"center":[-5.20357,43.47671]},"geometry":{"type":"Point","coordinates":[-5.20357,43.47671]}},{"type":"Feature","id":"physical-as-cape-names-hydro-coast-4432","properties":{"id":"physical-as-cape-names-hydro-coast-4432","slug":"punta-beciella","name":"Punta Beciella","localName":"Punta Beciella","aliases":[],"kind":"cape","sourceId":"sitpa-physical","territoryIds":["es-as"],"bbox":[-5.20129,43.47669,-5.20129,43.47669],"center":[-5.20129,43.47669]},"geometry":{"type":"Point","coordinates":[-5.20129,43.47669]}},{"type":"Feature","id":"physical-as-cape-names-hydro-coast-4433","properties":{"id":"physical-as-cape-names-hydro-coast-4433","slug":"punta-l-atalaya","name":"Punta L' Atalaya","localName":"Punta L' Atalaya","aliases":[],"kind":"cape","sourceId":"sitpa-physical","territoryIds":["es-as"],"bbox":[-5.19119,43.47882,-5.19119,43.47882],"center":[-5.19119,43.47882]},"geometry":{"type":"Point","coordinates":[-5.19119,43.47882]}},{"type":"Feature","id":"physical-as-bay-names-hydro-coast-4434","properties":{"id":"physical-as-bay-names-hydro-coast-4434","slug":"la-salmoriera","name":"La Salmoriera","localName":"La Salmoriera","aliases":[],"kind":"coast","sourceId":"sitpa-physical","territoryIds":["es-as"],"bbox":[-5.21817,43.47728,-5.21817,43.47728],"center":[-5.21817,43.47728]},"geometry":{"type":"Point","coordinates":[-5.21817,43.47728]}},{"type":"Feature","id":"physical-as-bay-names-hydro-coast-4574","properties":{"id":"physical-as-bay-names-hydro-coast-4574","slug":"la-hoya","name":"La Hoya","localName":"La Hoya","aliases":[],"kind":"coast","sourceId":"sitpa-physical","territoryIds":["es-as"],"bbox":[-5.1869,43.47686,-5.1869,43.47686],"center":[-5.1869,43.47686]},"geometry":{"type":"Point","coordinates":[-5.1869,43.47686]}},{"type":"Feature","id":"physical-as-cape-names-hydro-coast-4575","properties":{"id":"physical-as-cape-names-hydro-coast-4575","slug":"punta-escalar","name":"Punta Escalar","localName":"Punta Escalar","aliases":[],"kind":"cape","sourceId":"sitpa-physical","territoryIds":["es-as"],"bbox":[-5.18118,43.47742,-5.18118,43.47742],"center":[-5.18118,43.47742]},"geometry":{"type":"Point","coordinates":[-5.18118,43.47742]}},{"type":"Feature","id":"physical-as-bay-names-hydro-coast-4576","properties":{"id":"physical-as-bay-names-hydro-coast-4576","slug":"les-teyes","name":"Les Teyes","localName":"Les Teyes","aliases":[],"kind":"coast","sourceId":"sitpa-physical","territoryIds":["es-as"],"bbox":[-5.16468,43.47764,-5.16468,43.47764],"center":[-5.16468,43.47764]},"geometry":{"type":"Point","coordinates":[-5.16468,43.47764]}},{"type":"Feature","id":"physical-as-estuary-names-hydro-coast-4582","properties":{"id":"physical-as-estuary-names-hydro-coast-4582","slug":"el-portiellu","name":"El Portiellu","localName":"El Portiellu","aliases":[],"kind":"estuary","sourceId":"sitpa-physical","territoryIds":["es-as"],"bbox":[-5.16161,43.47786,-5.16161,43.47786],"center":[-5.16161,43.47786]},"geometry":{"type":"Point","coordinates":[-5.16161,43.47786]}},{"type":"Feature","id":"physical-as-bay-names-hydro-coast-4759","properties":{"id":"physical-as-bay-names-hydro-coast-4759","slug":"gueyu-l-mar","name":"Güeyu'l Mar","localName":"Güeyu'l Mar","aliases":[],"kind":"coast","sourceId":"sitpa-physical","territoryIds":["es-as"],"bbox":[-5.13353,43.48335,-5.13353,43.48335],"center":[-5.13353,43.48335]},"geometry":{"type":"Point","coordinates":[-5.13353,43.48335]}},{"type":"Feature","id":"physical-as-cape-names-hydro-coast-4760","properties":{"id":"physical-as-cape-names-hydro-coast-4760","slug":"punta-la-sierra","name":"Punta La Sierra","localName":"Punta La Sierra","aliases":[],"kind":"cape","sourceId":"sitpa-physical","territoryIds":["es-as"],"bbox":[-5.12968,43.48486,-5.12968,43.48486],"center":[-5.12968,43.48486]},"geometry":{"type":"Point","coordinates":[-5.12968,43.48486]}},{"type":"Feature","id":"physical-as-cape-names-hydro-coast-4961","properties":{"id":"physical-as-cape-names-hydro-coast-4961","slug":"punta-covachera","name":"Punta Covachera","localName":"Punta Covachera","aliases":[],"kind":"cape","sourceId":"sitpa-physical","territoryIds":["es-as"],"bbox":[-5.09715,43.4776,-5.09715,43.4776],"center":[-5.09715,43.4776]},"geometry":{"type":"Point","coordinates":[-5.09715,43.4776]}},{"type":"Feature","id":"physical-as-cape-names-hydro-coast-4962","properties":{"id":"physical-as-cape-names-hydro-coast-4962","slug":"punta-de-somos","name":"Punta De Somos","localName":"Punta De Somos","aliases":[],"kind":"cape","sourceId":"sitpa-physical","territoryIds":["es-as"],"bbox":[-5.07493,43.47078,-5.07493,43.47078],"center":[-5.07493,43.47078]},"geometry":{"type":"Point","coordinates":[-5.07493,43.47078]}},{"type":"Feature","id":"physical-as-cape-names-hydro-coast-4963","properties":{"id":"physical-as-cape-names-hydro-coast-4963","slug":"punta-del-caballo","name":"Punta Del Caballo","localName":"Punta Del Caballo","aliases":[],"kind":"cape","sourceId":"sitpa-physical","territoryIds":["es-as"],"bbox":[-5.06721,43.46977,-5.06721,43.46977],"center":[-5.06721,43.46977]},"geometry":{"type":"Point","coordinates":[-5.06721,43.46977]}},{"type":"Feature","id":"physical-as-estuary-names-hydro-coast-4969","properties":{"id":"physical-as-estuary-names-hydro-coast-4969","slug":"ribadesella","name":"Ribadesella","localName":"Ribadesella","aliases":[],"kind":"estuary","sourceId":"sitpa-physical","territoryIds":["es-as"],"bbox":[-5.06384,43.46007,-5.06384,43.46007],"center":[-5.06384,43.46007]},"geometry":{"type":"Point","coordinates":[-5.06384,43.46007]}},{"type":"Feature","id":"physical-as-bay-names-hydro-coast-5174","properties":{"id":"physical-as-bay-names-hydro-coast-5174","slug":"acantilados-de-tomason","name":"Acantilados De Tomasón","localName":"Acantilados De Tomasón","aliases":[],"kind":"coast","sourceId":"sitpa-physical","territoryIds":["es-as"],"bbox":[-5.03081,43.46122,-5.03081,43.46122],"center":[-5.03081,43.46122]},"geometry":{"type":"Point","coordinates":[-5.03081,43.46122]}},{"type":"Feature","id":"physical-as-bay-names-hydro-coast-5175","properties":{"id":"physical-as-bay-names-hydro-coast-5175","slug":"azcobin","name":"Azcobín","localName":"Azcobín","aliases":[],"kind":"coast","sourceId":"sitpa-physical","territoryIds":["es-as"],"bbox":[-5.03222,43.46089,-5.03222,43.46089],"center":[-5.03222,43.46089]},"geometry":{"type":"Point","coordinates":[-5.03222,43.46089]}},{"type":"Feature","id":"physical-as-cape-names-hydro-coast-5176","properties":{"id":"physical-as-cape-names-hydro-coast-5176","slug":"punta-arvidel","name":"Punta Arvidel","localName":"Punta Arvidel","aliases":[],"kind":"cape","sourceId":"sitpa-physical","territoryIds":["es-as"],"bbox":[-5.04727,43.4636,-5.04727,43.4636],"center":[-5.04727,43.4636]},"geometry":{"type":"Point","coordinates":[-5.04727,43.4636]}},{"type":"Feature","id":"physical-as-bay-names-hydro-coast-5177","properties":{"id":"physical-as-bay-names-hydro-coast-5177","slug":"pechal-de-arvidel","name":"Pechal De Arvidel","localName":"Pechal De Arvidel","aliases":[],"kind":"coast","sourceId":"sitpa-physical","territoryIds":["es-as"],"bbox":[-5.04997,43.46372,-5.04997,43.46372],"center":[-5.04997,43.46372]},"geometry":{"type":"Point","coordinates":[-5.04997,43.46372]}},{"type":"Feature","id":"physical-as-bay-names-hydro-coast-5178","properties":{"id":"physical-as-bay-names-hydro-coast-5178","slug":"pechal-de-l-atalaya","name":"Pechal De L'atalaya","localName":"Pechal De L'atalaya","aliases":[],"kind":"coast","sourceId":"sitpa-physical","territoryIds":["es-as"],"bbox":[-5.05212,43.46402,-5.05212,43.46402],"center":[-5.05212,43.46402]},"geometry":{"type":"Point","coordinates":[-5.05212,43.46402]}},{"type":"Feature","id":"physical-as-cape-names-hydro-coast-5179","properties":{"id":"physical-as-cape-names-hydro-coast-5179","slug":"punta-de-l-atalaya","name":"Punta De L' Atalaya","localName":"Punta De L' Atalaya","aliases":[],"kind":"cape","sourceId":"sitpa-physical","territoryIds":["es-as"],"bbox":[-5.05533,43.468,-5.05533,43.468],"center":[-5.05533,43.468]},"geometry":{"type":"Point","coordinates":[-5.05533,43.468]}},{"type":"Feature","id":"physical-as-cape-names-hydro-coast-5180","properties":{"id":"physical-as-cape-names-hydro-coast-5180","slug":"punta-borines","name":"Punta Borines","localName":"Punta Borines","aliases":[],"kind":"cape","sourceId":"sitpa-physical","territoryIds":["es-as"],"bbox":[-5.05657,43.46917,-5.05657,43.46917],"center":[-5.05657,43.46917]},"geometry":{"type":"Point","coordinates":[-5.05657,43.46917]}},{"type":"Feature","id":"physical-as-island-names-hydro-coast-5352","properties":{"id":"physical-as-island-names-hydro-coast-5352","slug":"islote-palu-verde","name":"Islote Palu Verde","localName":"Islote Palu Verde","aliases":[],"kind":"island","sourceId":"sitpa-physical","territoryIds":["es-as"],"bbox":[-5.01288,43.46085,-5.01288,43.46085],"center":[-5.01288,43.46085]},"geometry":{"type":"Point","coordinates":[-5.01288,43.46085]}},{"type":"Feature","id":"physical-as-island-names-hydro-coast-5353","properties":{"id":"physical-as-island-names-hydro-coast-5353","slug":"islote-palu-pequenu","name":"Islote Palu Pequeñu","localName":"Islote Palu Pequeñu","aliases":[],"kind":"island","sourceId":"sitpa-physical","territoryIds":["es-as"],"bbox":[-5.01195,43.46032,-5.01195,43.46032],"center":[-5.01195,43.46032]},"geometry":{"type":"Point","coordinates":[-5.01195,43.46032]}},{"type":"Feature","id":"physical-as-bay-names-hydro-coast-5354","properties":{"id":"physical-as-bay-names-hydro-coast-5354","slug":"cantu-de-palu-verde","name":"Cantu De Palu Verde","localName":"Cantu De Palu Verde","aliases":[],"kind":"coast","sourceId":"sitpa-physical","territoryIds":["es-as"],"bbox":[-5.01895,43.46033,-5.01895,43.46033],"center":[-5.01895,43.46033]},"geometry":{"type":"Point","coordinates":[-5.01895,43.46033]}},{"type":"Feature","id":"physical-as-bay-names-hydro-coast-5355","properties":{"id":"physical-as-bay-names-hydro-coast-5355","slug":"tuzarrizu","name":"Tuzarrizu","localName":"Tuzarrizu","aliases":[],"kind":"coast","sourceId":"sitpa-physical","territoryIds":["es-as"],"bbox":[-4.98732,43.46049,-4.98732,43.46049],"center":[-4.98732,43.46049]},"geometry":{"type":"Point","coordinates":[-4.98732,43.46049]}},{"type":"Feature","id":"physical-as-cape-names-hydro-coast-5580","properties":{"id":"physical-as-cape-names-hydro-coast-5580","slug":"punta-aguamia","name":"Punta Aguamía","localName":"Punta Aguamía","aliases":[],"kind":"cape","sourceId":"sitpa-physical","territoryIds":["es-as"],"bbox":[-4.97348,43.46242,-4.97348,43.46242],"center":[-4.97348,43.46242]},"geometry":{"type":"Point","coordinates":[-4.97348,43.46242]}},{"type":"Feature","id":"physical-as-bay-names-hydro-coast-5581","properties":{"id":"physical-as-bay-names-hydro-coast-5581","slug":"espines","name":"Espinés","localName":"Espinés","aliases":[],"kind":"coast","sourceId":"sitpa-physical","territoryIds":["es-as"],"bbox":[-4.95808,43.4617,-4.95808,43.4617],"center":[-4.95808,43.4617]},"geometry":{"type":"Point","coordinates":[-4.95808,43.4617]}},{"type":"Feature","id":"physical-as-bay-names-hydro-coast-5582","properties":{"id":"physical-as-bay-names-hydro-coast-5582","slug":"islote-horcan-cuevas","name":"Islote Horcán Cuevas","localName":"Islote Horcán Cuevas","aliases":[],"kind":"island","sourceId":"sitpa-physical","territoryIds":["es-as"],"bbox":[-4.95013,43.46218,-4.95013,43.46218],"center":[-4.95013,43.46218]},"geometry":{"type":"Point","coordinates":[-4.95013,43.46218]}},{"type":"Feature","id":"physical-as-bay-names-hydro-coast-5583","properties":{"id":"physical-as-bay-names-hydro-coast-5583","slug":"rotellas","name":"Rotellas","localName":"Rotellas","aliases":[],"kind":"coast","sourceId":"sitpa-physical","territoryIds":["es-as"],"bbox":[-4.94637,43.4614,-4.94637,43.4614],"center":[-4.94637,43.4614]},"geometry":{"type":"Point","coordinates":[-4.94637,43.4614]}},{"type":"Feature","id":"physical-as-cape-names-hydro-coast-5776","properties":{"id":"physical-as-cape-names-hydro-coast-5776","slug":"punta-de-san-antonio","name":"Punta De San Antonio","localName":"Punta De San Antonio","aliases":[],"kind":"cape","sourceId":"sitpa-physical","territoryIds":["es-as"],"bbox":[-4.92687,43.46266,-4.92687,43.46266],"center":[-4.92687,43.46266]},"geometry":{"type":"Point","coordinates":[-4.92687,43.46266]}},{"type":"Feature","id":"physical-as-cape-names-hydro-coast-5777","properties":{"id":"physical-as-cape-names-hydro-coast-5777","slug":"punta-salmorea","name":"Punta Salmorea","localName":"Punta Salmorea","aliases":[],"kind":"cape","sourceId":"sitpa-physical","territoryIds":["es-as"],"bbox":[-4.92512,43.45925,-4.92512,43.45925],"center":[-4.92512,43.45925]},"geometry":{"type":"Point","coordinates":[-4.92512,43.45925]}},{"type":"Feature","id":"physical-as-cape-names-hydro-coast-5778","properties":{"id":"physical-as-cape-names-hydro-coast-5778","slug":"punta-de-la-guelga","name":"Punta De La Güelga","localName":"Punta De La Güelga","aliases":[],"kind":"cape","sourceId":"sitpa-physical","territoryIds":["es-as"],"bbox":[-4.89756,43.45131,-4.89756,43.45131],"center":[-4.89756,43.45131]},"geometry":{"type":"Point","coordinates":[-4.89756,43.45131]}},{"type":"Feature","id":"physical-as-cape-names-hydro-coast-5970","properties":{"id":"physical-as-cape-names-hydro-coast-5970","slug":"punta-pistana","name":"Punta Pistaña","localName":"Punta Pistaña","aliases":[],"kind":"cape","sourceId":"sitpa-physical","territoryIds":["es-as"],"bbox":[-4.86442,43.44601,-4.86442,43.44601],"center":[-4.86442,43.44601]},"geometry":{"type":"Point","coordinates":[-4.86442,43.44601]}},{"type":"Feature","id":"physical-as-bay-names-hydro-coast-5971","properties":{"id":"physical-as-bay-names-hydro-coast-5971","slug":"islote-pistana","name":"Islote Pistaña","localName":"Islote Pistaña","aliases":[],"kind":"island","sourceId":"sitpa-physical","territoryIds":["es-as"],"bbox":[-4.85901,43.44645,-4.85901,43.44645],"center":[-4.85901,43.44645]},"geometry":{"type":"Point","coordinates":[-4.85901,43.44645]}},{"type":"Feature","id":"physical-as-cape-names-hydro-coast-5972","properties":{"id":"physical-as-cape-names-hydro-coast-5972","slug":"punta-de-la-dehesa","name":"Punta De La Dehesa","localName":"Punta De La Dehesa","aliases":[],"kind":"cape","sourceId":"sitpa-physical","territoryIds":["es-as"],"bbox":[-4.87477,43.44315,-4.87477,43.44315],"center":[-4.87477,43.44315]},"geometry":{"type":"Point","coordinates":[-4.87477,43.44315]}},{"type":"Feature","id":"physical-as-cape-names-hydro-coast-5974","properties":{"id":"physical-as-cape-names-hydro-coast-5974","slug":"punta-de-rinconera","name":"Punta De Rinconera","localName":"Punta De Rinconera","aliases":[],"kind":"cape","sourceId":"sitpa-physical","territoryIds":["es-as"],"bbox":[-4.87924,43.44665,-4.87924,43.44665],"center":[-4.87924,43.44665]},"geometry":{"type":"Point","coordinates":[-4.87924,43.44665]}},{"type":"Feature","id":"physical-as-bay-names-hydro-coast-5975","properties":{"id":"physical-as-bay-names-hydro-coast-5975","slug":"castru-las-gaviotas","name":"Castru Las Gaviotas","localName":"Castru Las Gaviotas","aliases":[],"kind":"coast","sourceId":"sitpa-physical","territoryIds":["es-as"],"bbox":[-4.89434,43.44978,-4.89434,43.44978],"center":[-4.89434,43.44978]},"geometry":{"type":"Point","coordinates":[-4.89434,43.44978]}},{"type":"Feature","id":"physical-as-island-names-hydro-coast-6060","properties":{"id":"physical-as-island-names-hydro-coast-6060","slug":"el-castru-la-punta","name":"El Castru La Punta","localName":"El Castru La Punta","aliases":[],"kind":"island","sourceId":"sitpa-physical","territoryIds":["es-as"],"bbox":[-4.84859,43.44618,-4.84859,43.44618],"center":[-4.84859,43.44618]},"geometry":{"type":"Point","coordinates":[-4.84859,43.44618]}},{"type":"Feature","id":"physical-as-island-names-hydro-coast-6061","properties":{"id":"physical-as-island-names-hydro-coast-6061","slug":"el-castru-secu","name":"El Castru Secu","localName":"El Castru Secu","aliases":[],"kind":"island","sourceId":"sitpa-physical","territoryIds":["es-as"],"bbox":[-4.84655,43.44622,-4.84655,43.44622],"center":[-4.84655,43.44622]},"geometry":{"type":"Point","coordinates":[-4.84655,43.44622]}},{"type":"Feature","id":"physical-as-island-names-hydro-coast-6062","properties":{"id":"physical-as-island-names-hydro-coast-6062","slug":"el-castru-redondu","name":"El Castru Redondu","localName":"El Castru Redondu","aliases":[],"kind":"island","sourceId":"sitpa-physical","territoryIds":["es-as"],"bbox":[-4.84527,43.44677,-4.84527,43.44677],"center":[-4.84527,43.44677]},"geometry":{"type":"Point","coordinates":[-4.84527,43.44677]}},{"type":"Feature","id":"physical-as-island-names-hydro-coast-6063","properties":{"id":"physical-as-island-names-hydro-coast-6063","slug":"castrillon","name":"Castrillón","localName":"Castrillón","aliases":[],"kind":"island","sourceId":"sitpa-physical","territoryIds":["es-as"],"bbox":[-4.83785,43.44477,-4.83785,43.44477],"center":[-4.83785,43.44477]},"geometry":{"type":"Point","coordinates":[-4.83785,43.44477]}},{"type":"Feature","id":"physical-as-island-names-hydro-coast-6064","properties":{"id":"physical-as-island-names-hydro-coast-6064","slug":"el-pinito","name":"El Pinito","localName":"El Pinito","aliases":[],"kind":"island","sourceId":"sitpa-physical","territoryIds":["es-as"],"bbox":[-4.83697,43.44359,-4.83697,43.44359],"center":[-4.83697,43.44359]},"geometry":{"type":"Point","coordinates":[-4.83697,43.44359]}},{"type":"Feature","id":"physical-as-island-names-hydro-coast-6065","properties":{"id":"physical-as-island-names-hydro-coast-6065","slug":"la-penona","name":"La Peñona","localName":"La Peñona","aliases":[],"kind":"island","sourceId":"sitpa-physical","territoryIds":["es-as"],"bbox":[-4.8357,43.44277,-4.8357,43.44277],"center":[-4.8357,43.44277]},"geometry":{"type":"Point","coordinates":[-4.8357,43.44277]}},{"type":"Feature","id":"physical-as-island-names-hydro-coast-6066","properties":{"id":"physical-as-island-names-hydro-coast-6066","slug":"la-espella","name":"La Espella","localName":"La Espella","aliases":[],"kind":"island","sourceId":"sitpa-physical","territoryIds":["es-as"],"bbox":[-4.83353,43.44506,-4.83353,43.44506],"center":[-4.83353,43.44506]},"geometry":{"type":"Point","coordinates":[-4.83353,43.44506]}},{"type":"Feature","id":"physical-as-island-names-hydro-coast-6067","properties":{"id":"physical-as-island-names-hydro-coast-6067","slug":"el-castru-l-abarra","name":"El Castru L'abarra","localName":"El Castru L'abarra","aliases":[],"kind":"island","sourceId":"sitpa-physical","territoryIds":["es-as"],"bbox":[-4.82949,43.44068,-4.82949,43.44068],"center":[-4.82949,43.44068]},"geometry":{"type":"Point","coordinates":[-4.82949,43.44068]}},{"type":"Feature","id":"physical-as-island-names-hydro-coast-6068","properties":{"id":"physical-as-island-names-hydro-coast-6068","slug":"el-lladron","name":"El Lladrón","localName":"El Lladrón","aliases":[],"kind":"island","sourceId":"sitpa-physical","territoryIds":["es-as"],"bbox":[-4.82456,43.44092,-4.82456,43.44092],"center":[-4.82456,43.44092]},"geometry":{"type":"Point","coordinates":[-4.82456,43.44092]}},{"type":"Feature","id":"physical-as-island-names-hydro-coast-6069","properties":{"id":"physical-as-island-names-hydro-coast-6069","slug":"llubeces","name":"Llubeces","localName":"Llubeces","aliases":[],"kind":"island","sourceId":"sitpa-physical","territoryIds":["es-as"],"bbox":[-4.82003,43.43967,-4.82003,43.43967],"center":[-4.82003,43.43967]},"geometry":{"type":"Point","coordinates":[-4.82003,43.43967]}},{"type":"Feature","id":"physical-as-cape-names-hydro-coast-6070","properties":{"id":"physical-as-cape-names-hydro-coast-6070","slug":"punta-ladrona","name":"Punta Ladrona","localName":"Punta Ladrona","aliases":[],"kind":"cape","sourceId":"sitpa-physical","territoryIds":["es-as"],"bbox":[-4.83128,43.43967,-4.83128,43.43967],"center":[-4.83128,43.43967]},"geometry":{"type":"Point","coordinates":[-4.83128,43.43967]}},{"type":"Feature","id":"physical-as-cape-names-hydro-coast-6071","properties":{"id":"physical-as-cape-names-hydro-coast-6071","slug":"punta-boriza","name":"Punta Boriza","localName":"Punta Boriza","aliases":[],"kind":"cape","sourceId":"sitpa-physical","territoryIds":["es-as"],"bbox":[-4.83604,43.44107,-4.83604,43.44107],"center":[-4.83604,43.44107]},"geometry":{"type":"Point","coordinates":[-4.83604,43.44107]}},{"type":"Feature","id":"physical-as-bay-names-hydro-coast-6072","properties":{"id":"physical-as-bay-names-hydro-coast-6072","slug":"cabu-prietu","name":"Cabu Prietu","localName":"Cabu Prietu","aliases":[],"kind":"coast","sourceId":"sitpa-physical","territoryIds":["es-as"],"bbox":[-4.84105,43.44679,-4.84105,43.44679],"center":[-4.84105,43.44679]},"geometry":{"type":"Point","coordinates":[-4.84105,43.44679]}},{"type":"Feature","id":"physical-as-estuary-names-hydro-coast-6073","properties":{"id":"physical-as-estuary-names-hydro-coast-6073","slug":"ria-de-barru","name":"Ría De Barru","localName":"Ría De Barru","aliases":[],"kind":"estuary","sourceId":"sitpa-physical","territoryIds":["es-as"],"bbox":[-4.83424,43.4384,-4.83424,43.4384],"center":[-4.83424,43.4384]},"geometry":{"type":"Point","coordinates":[-4.83424,43.4384]}},{"type":"Feature","id":"physical-as-island-names-hydro-coast-6107","properties":{"id":"physical-as-island-names-hydro-coast-6107","slug":"isla-arnielles","name":"Isla Arnielles","localName":"Isla Arnielles","aliases":[],"kind":"island","sourceId":"sitpa-physical","territoryIds":["es-as"],"bbox":[-4.80827,43.43851,-4.80827,43.43851],"center":[-4.80827,43.43851]},"geometry":{"type":"Point","coordinates":[-4.80827,43.43851]}},{"type":"Feature","id":"physical-as-island-names-hydro-coast-6109","properties":{"id":"physical-as-island-names-hydro-coast-6109","slug":"castro-gaiteru","name":"Castro Gaiteru","localName":"Castro Gaiteru","aliases":[],"kind":"island","sourceId":"sitpa-physical","territoryIds":["es-as"],"bbox":[-4.80297,43.43633,-4.80297,43.43633],"center":[-4.80297,43.43633]},"geometry":{"type":"Point","coordinates":[-4.80297,43.43633]}},{"type":"Feature","id":"physical-as-island-names-hydro-coast-6110","properties":{"id":"physical-as-island-names-hydro-coast-6110","slug":"castro-san-martin","name":"Castro San Martín","localName":"Castro San Martín","aliases":[],"kind":"island","sourceId":"sitpa-physical","territoryIds":["es-as"],"bbox":[-4.79694,43.43481,-4.79694,43.43481],"center":[-4.79694,43.43481]},"geometry":{"type":"Point","coordinates":[-4.79694,43.43481]}},{"type":"Feature","id":"physical-as-island-names-hydro-coast-6111","properties":{"id":"physical-as-island-names-hydro-coast-6111","slug":"castro-pelau","name":"Castro Pelau","localName":"Castro Pelau","aliases":[],"kind":"island","sourceId":"sitpa-physical","territoryIds":["es-as"],"bbox":[-4.78296,43.43358,-4.78296,43.43358],"center":[-4.78296,43.43358]},"geometry":{"type":"Point","coordinates":[-4.78296,43.43358]}},{"type":"Feature","id":"physical-as-island-names-hydro-coast-6112","properties":{"id":"physical-as-island-names-hydro-coast-6112","slug":"castro-poo","name":"Castro Poo","localName":"Castro Poo","aliases":[],"kind":"island","sourceId":"sitpa-physical","territoryIds":["es-as"],"bbox":[-4.77426,43.43335,-4.77426,43.43335],"center":[-4.77426,43.43335]},"geometry":{"type":"Point","coordinates":[-4.77426,43.43335]}},{"type":"Feature","id":"physical-as-cape-names-hydro-coast-6113","properties":{"id":"physical-as-cape-names-hydro-coast-6113","slug":"punta-l-picu","name":"Punta'l Picu","localName":"Punta'l Picu","aliases":[],"kind":"cape","sourceId":"sitpa-physical","territoryIds":["es-as"],"bbox":[-4.80789,43.43469,-4.80789,43.43469],"center":[-4.80789,43.43469]},"geometry":{"type":"Point","coordinates":[-4.80789,43.43469]}},{"type":"Feature","id":"physical-as-bay-names-hydro-coast-6114","properties":{"id":"physical-as-bay-names-hydro-coast-6114","slug":"isla-de-poo","name":"Isla De Poo","localName":"Isla De Poo","aliases":[],"kind":"island","sourceId":"sitpa-physical","territoryIds":["es-as"],"bbox":[-4.78789,43.43534,-4.78789,43.43534],"center":[-4.78789,43.43534]},"geometry":{"type":"Point","coordinates":[-4.78789,43.43534]}},{"type":"Feature","id":"physical-as-island-names-hydro-coast-6140","properties":{"id":"physical-as-island-names-hydro-coast-6140","slug":"castro-estremis","name":"Castro Estremís","localName":"Castro Estremís","aliases":[],"kind":"island","sourceId":"sitpa-physical","territoryIds":["es-as"],"bbox":[-4.73799,43.41802,-4.73799,43.41802],"center":[-4.73799,43.41802]},"geometry":{"type":"Point","coordinates":[-4.73799,43.41802]}},{"type":"Feature","id":"physical-as-island-names-hydro-coast-6141","properties":{"id":"physical-as-island-names-hydro-coast-6141","slug":"isla-grande","name":"Isla Grande","localName":"Isla Grande","aliases":[],"kind":"island","sourceId":"sitpa-physical","territoryIds":["es-as"],"bbox":[-4.73063,43.41877,-4.73063,43.41877],"center":[-4.73063,43.41877]},"geometry":{"type":"Point","coordinates":[-4.73063,43.41877]}},{"type":"Feature","id":"physical-as-island-names-hydro-coast-6142","properties":{"id":"physical-as-island-names-hydro-coast-6142","slug":"los-canales","name":"Los Canales","localName":"Los Canales","aliases":[],"kind":"island","sourceId":"sitpa-physical","territoryIds":["es-as"],"bbox":[-4.73005,43.41782,-4.73005,43.41782],"center":[-4.73005,43.41782]},"geometry":{"type":"Point","coordinates":[-4.73005,43.41782]}},{"type":"Feature","id":"physical-as-bay-names-hydro-coast-6143","properties":{"id":"physical-as-bay-names-hydro-coast-6143","slug":"castro-toro","name":"Castro Toró","localName":"Castro Toró","aliases":[],"kind":"coast","sourceId":"sitpa-physical","territoryIds":["es-as"],"bbox":[-4.74304,43.41798,-4.74304,43.41798],"center":[-4.74304,43.41798]},"geometry":{"type":"Point","coordinates":[-4.74304,43.41798]}},{"type":"Feature","id":"physical-as-cape-names-hydro-coast-6144","properties":{"id":"physical-as-cape-names-hydro-coast-6144","slug":"punta-de-san-pedro","name":"Punta De San Pedro","localName":"Punta De San Pedro","aliases":[],"kind":"cape","sourceId":"sitpa-physical","territoryIds":["es-as"],"bbox":[-4.75022,43.42292,-4.75022,43.42292],"center":[-4.75022,43.42292]},"geometry":{"type":"Point","coordinates":[-4.75022,43.42292]}},{"type":"Feature","id":"physical-as-cape-names-hydro-coast-6145","properties":{"id":"physical-as-cape-names-hydro-coast-6145","slug":"punta-de-xarri","name":"Punta De Xarri","localName":"Punta De Xarri","aliases":[],"kind":"cape","sourceId":"sitpa-physical","territoryIds":["es-as"],"bbox":[-4.76643,43.42937,-4.76643,43.42937],"center":[-4.76643,43.42937]},"geometry":{"type":"Point","coordinates":[-4.76643,43.42937]}},{"type":"Feature","id":"physical-as-estuary-names-hydro-coast-6151","properties":{"id":"physical-as-estuary-names-hydro-coast-6151","slug":"llanes","name":"Llanes","localName":"Llanes","aliases":[],"kind":"estuary","sourceId":"sitpa-physical","territoryIds":["es-as"],"bbox":[-4.75082,43.42065,-4.75082,43.42065],"center":[-4.75082,43.42065]},"geometry":{"type":"Point","coordinates":[-4.75082,43.42065]}},{"type":"Feature","id":"physical-as-cape-names-hydro-coast-6176","properties":{"id":"physical-as-cape-names-hydro-coast-6176","slug":"punta-santa-clara","name":"Punta Santa Clara","localName":"Punta Santa Clara","aliases":[],"kind":"cape","sourceId":"sitpa-physical","territoryIds":["es-as"],"bbox":[-4.72622,43.4187,-4.72622,43.4187],"center":[-4.72622,43.4187]},"geometry":{"type":"Point","coordinates":[-4.72622,43.4187]}},{"type":"Feature","id":"physical-as-island-names-hydro-coast-6177","properties":{"id":"physical-as-island-names-hydro-coast-6177","slug":"el-castru-ballota","name":"El Castru Ballota","localName":"El Castru Ballota","aliases":[],"kind":"island","sourceId":"sitpa-physical","territoryIds":["es-as"],"bbox":[-4.70741,43.41579,-4.70741,43.41579],"center":[-4.70741,43.41579]},"geometry":{"type":"Point","coordinates":[-4.70741,43.41579]}},{"type":"Feature","id":"physical-as-bay-names-hydro-coast-6178","properties":{"id":"physical-as-bay-names-hydro-coast-6178","slug":"ensenada-del-gordo","name":"Ensenada Del Gordo","localName":"Ensenada Del Gordo","aliases":[],"kind":"bay","sourceId":"sitpa-physical","territoryIds":["es-as"],"bbox":[-4.72163,43.41615,-4.72163,43.41615],"center":[-4.72163,43.41615]},"geometry":{"type":"Point","coordinates":[-4.72163,43.41615]}},{"type":"Feature","id":"physical-as-bay-names-hydro-coast-6221","properties":{"id":"physical-as-bay-names-hydro-coast-6221","slug":"ensenada-novales","name":"Ensenada Novales","localName":"Ensenada Novales","aliases":[],"kind":"bay","sourceId":"sitpa-physical","territoryIds":["es-as"],"bbox":[-4.65442,43.40295,-4.65442,43.40295],"center":[-4.65442,43.40295]},"geometry":{"type":"Point","coordinates":[-4.65442,43.40295]}},{"type":"Feature","id":"physical-as-bay-names-hydro-coast-6222","properties":{"id":"physical-as-bay-names-hydro-coast-6222","slug":"pena-pajariegu","name":"Peña Pajariegu","localName":"Peña Pajariegu","aliases":[],"kind":"coast","sourceId":"sitpa-physical","territoryIds":["es-as"],"bbox":[-4.68065,43.40927,-4.68065,43.40927],"center":[-4.68065,43.40927]},"geometry":{"type":"Point","coordinates":[-4.68065,43.40927]}},{"type":"Feature","id":"physical-as-bay-names-hydro-coast-6280","properties":{"id":"physical-as-bay-names-hydro-coast-6280","slug":"ensenada-de-buelna","name":"Ensenada De Buelna","localName":"Ensenada De Buelna","aliases":[],"kind":"bay","sourceId":"sitpa-physical","territoryIds":["es-as"],"bbox":[-4.61728,43.39679,-4.61728,43.39679],"center":[-4.61728,43.39679]},"geometry":{"type":"Point","coordinates":[-4.61728,43.39679]}},{"type":"Feature","id":"physical-as-cape-names-hydro-coast-6281","properties":{"id":"physical-as-cape-names-hydro-coast-6281","slug":"punta-de-buelna","name":"Punta De Buelna","localName":"Punta De Buelna","aliases":[],"kind":"cape","sourceId":"sitpa-physical","territoryIds":["es-as"],"bbox":[-4.62032,43.39906,-4.62032,43.39906],"center":[-4.62032,43.39906]},"geometry":{"type":"Point","coordinates":[-4.62032,43.39906]}},{"type":"Feature","id":"physical-as-bay-names-hydro-coast-6282","properties":{"id":"physical-as-bay-names-hydro-coast-6282","slug":"islote-los-picones","name":"Islote Los Picones","localName":"Islote Los Picones","aliases":[],"kind":"island","sourceId":"sitpa-physical","territoryIds":["es-as"],"bbox":[-4.6278,43.39992,-4.6278,43.39992],"center":[-4.6278,43.39992]},"geometry":{"type":"Point","coordinates":[-4.6278,43.39992]}},{"type":"Feature","id":"physical-as-cape-names-hydro-coast-6283","properties":{"id":"physical-as-cape-names-hydro-coast-6283","slug":"punta-de-pendueles","name":"Punta De Pendueles","localName":"Punta De Pendueles","aliases":[],"kind":"cape","sourceId":"sitpa-physical","territoryIds":["es-as"],"bbox":[-4.63032,43.40002,-4.63032,43.40002],"center":[-4.63032,43.40002]},"geometry":{"type":"Point","coordinates":[-4.63032,43.40002]}},{"type":"Feature","id":"physical-as-bay-names-hydro-coast-6284","properties":{"id":"physical-as-bay-names-hydro-coast-6284","slug":"pena-yeguera","name":"Peña Yeguera","localName":"Peña Yeguera","aliases":[],"kind":"coast","sourceId":"sitpa-physical","territoryIds":["es-as"],"bbox":[-4.62514,43.39927,-4.62514,43.39927],"center":[-4.62514,43.39927]},"geometry":{"type":"Point","coordinates":[-4.62514,43.39927]}},{"type":"Feature","id":"physical-as-bay-names-hydro-coast-6285","properties":{"id":"physical-as-bay-names-hydro-coast-6285","slug":"islote-pena-quinera","name":"Islote Peña Quiñera","localName":"Islote Peña Quiñera","aliases":[],"kind":"island","sourceId":"sitpa-physical","territoryIds":["es-as"],"bbox":[-4.62378,43.40264,-4.62378,43.40264],"center":[-4.62378,43.40264]},"geometry":{"type":"Point","coordinates":[-4.62378,43.40264]}},{"type":"Feature","id":"physical-as-cape-names-hydro-coast-6326","properties":{"id":"physical-as-cape-names-hydro-coast-6326","slug":"punta-santiuste","name":"Punta Santiuste","localName":"Punta Santiuste","aliases":[],"kind":"cape","sourceId":"sitpa-physical","territoryIds":["es-as"],"bbox":[-4.58205,43.39954,-4.58205,43.39954],"center":[-4.58205,43.39954]},"geometry":{"type":"Point","coordinates":[-4.58205,43.39954]}},{"type":"Feature","id":"physical-as-bay-names-hydro-coast-6327","properties":{"id":"physical-as-bay-names-hydro-coast-6327","slug":"castron-de-santiuste","name":"Castrón De Santiuste","localName":"Castrón De Santiuste","aliases":[],"kind":"coast","sourceId":"sitpa-physical","territoryIds":["es-as"],"bbox":[-4.57404,43.39927,-4.57404,43.39927],"center":[-4.57404,43.39927]},"geometry":{"type":"Point","coordinates":[-4.57404,43.39927]}},{"type":"Feature","id":"physical-as-bay-names-hydro-coast-6328","properties":{"id":"physical-as-bay-names-hydro-coast-6328","slug":"ensenada-mendia","name":"Ensenada Mendia","localName":"Ensenada Mendia","aliases":[],"kind":"bay","sourceId":"sitpa-physical","territoryIds":["es-as"],"bbox":[-4.56565,43.39374,-4.56565,43.39374],"center":[-4.56565,43.39374]},"geometry":{"type":"Point","coordinates":[-4.56565,43.39374]}},{"type":"Feature","id":"physical-as-estuary-names-hydro-coast-6329","properties":{"id":"physical-as-estuary-names-hydro-coast-6329","slug":"santiuste","name":"Santiuste","localName":"Santiuste","aliases":[],"kind":"estuary","sourceId":"sitpa-physical","territoryIds":["es-as"],"bbox":[-4.57754,43.39379,-4.57754,43.39379],"center":[-4.57754,43.39379]},"geometry":{"type":"Point","coordinates":[-4.57754,43.39379]}},{"type":"Feature","id":"physical-as-cape-names-hydro-coast-6365","properties":{"id":"physical-as-cape-names-hydro-coast-6365","slug":"punta-san-emeterio","name":"Punta San Emeterio","localName":"Punta San Emeterio","aliases":[],"kind":"cape","sourceId":"sitpa-physical","territoryIds":["es-as"],"bbox":[-4.53079,43.39865,-4.53079,43.39865],"center":[-4.53079,43.39865]},"geometry":{"type":"Point","coordinates":[-4.53079,43.39865]}},{"type":"Feature","id":"physical-as-bay-names-hydro-coast-6366","properties":{"id":"physical-as-bay-names-hydro-coast-6366","slug":"ensenada-moral","name":"Ensenada Moral","localName":"Ensenada Moral","aliases":[],"kind":"bay","sourceId":"sitpa-physical","territoryIds":["es-as"],"bbox":[-4.53134,43.39773,-4.53134,43.39773],"center":[-4.53134,43.39773]},"geometry":{"type":"Point","coordinates":[-4.53134,43.39773]}},{"type":"Feature","id":"physical-as-cape-names-hydro-coast-6367","properties":{"id":"physical-as-cape-names-hydro-coast-6367","slug":"punta-cebosera","name":"Punta Cebosera","localName":"Punta Cebosera","aliases":[],"kind":"cape","sourceId":"sitpa-physical","territoryIds":["es-as"],"bbox":[-4.55732,43.39794,-4.55732,43.39794],"center":[-4.55732,43.39794]},"geometry":{"type":"Point","coordinates":[-4.55732,43.39794]}},{"type":"Feature","id":"physical-as-cape-names-hydro-coast-6451","properties":{"id":"physical-as-cape-names-hydro-coast-6451","slug":"punta-la-tina","name":"Punta La Tina","localName":"Punta La Tina","aliases":[],"kind":"cape","sourceId":"sitpa-physical","territoryIds":["es-as"],"bbox":[-4.51554,43.3944,-4.51554,43.3944],"center":[-4.51554,43.3944]},"geometry":{"type":"Point","coordinates":[-4.51554,43.3944]}},{"type":"Feature","id":"physical-as-cape-names-hydro-coast-6452","properties":{"id":"physical-as-cape-names-hydro-coast-6452","slug":"punta-la-barrera","name":"Punta La Barrera","localName":"Punta La Barrera","aliases":[],"kind":"cape","sourceId":"sitpa-physical","territoryIds":["es-as"],"bbox":[-4.5119,43.3936,-4.5119,43.3936],"center":[-4.5119,43.3936]},"geometry":{"type":"Point","coordinates":[-4.5119,43.3936]}},{"type":"Feature","id":"physical-as-estuary-names-hydro-coast-6457","properties":{"id":"physical-as-estuary-names-hydro-coast-6457","slug":"mayor","name":"Mayor","localName":"Mayor","aliases":[],"kind":"estuary","sourceId":"sitpa-physical","territoryIds":["es-as"],"bbox":[-4.51283,43.39159,-4.51283,43.39159],"center":[-4.51283,43.39159]},"geometry":{"type":"Point","coordinates":[-4.51283,43.39159]}},{"type":"Feature","id":"physical-as-estuary-names-hydro-coast-6461","properties":{"id":"physical-as-estuary-names-hydro-coast-6461","slug":"tina","name":"Tina","localName":"Tina","aliases":[],"kind":"estuary","sourceId":"sitpa-physical","territoryIds":["es-as"],"bbox":[-4.51239,43.38744,-4.51239,43.38744],"center":[-4.51239,43.38744]},"geometry":{"type":"Point","coordinates":[-4.51239,43.38744]}},{"type":"Feature","id":"physical-as-island-names-hydro-coast-12299","properties":{"id":"physical-as-island-names-hydro-coast-12299","slug":"isla-pancha","name":"Isla Pancha","localName":"Isla Pancha","aliases":[],"kind":"island","sourceId":"sitpa-physical","territoryIds":["es-as"],"bbox":[-7.04108,43.55712,-7.04108,43.55712],"center":[-7.04108,43.55712]},"geometry":{"type":"Point","coordinates":[-7.04108,43.55712]}},{"type":"Feature","id":"physical-as-bay-names-hydro-coast-12300","properties":{"id":"physical-as-bay-names-hydro-coast-12300","slug":"ensenada-de-arnao","name":"Ensenada De Arnao","localName":"Ensenada De Arnao","aliases":[],"kind":"bay","sourceId":"sitpa-physical","territoryIds":["es-as"],"bbox":[-7.02572,43.55039,-7.02572,43.55039],"center":[-7.02572,43.55039]},"geometry":{"type":"Point","coordinates":[-7.02572,43.55039]}},{"type":"Feature","id":"physical-as-bay-names-hydro-coast-12301","properties":{"id":"physical-as-bay-names-hydro-coast-12301","slug":"as-carrayas","name":"As Carrayas","localName":"As Carrayas","aliases":[],"kind":"coast","sourceId":"sitpa-physical","territoryIds":["es-as"],"bbox":[-7.03506,43.55042,-7.03506,43.55042],"center":[-7.03506,43.55042]},"geometry":{"type":"Point","coordinates":[-7.03506,43.55042]}},{"type":"Feature","id":"physical-as-bay-names-hydro-coast-12302","properties":{"id":"physical-as-bay-names-hydro-coast-12302","slug":"porto-do-cocho","name":"Porto Do Cocho","localName":"Porto Do Cocho","aliases":[],"kind":"coast","sourceId":"sitpa-physical","territoryIds":["es-as"],"bbox":[-7.04103,43.55439,-7.04103,43.55439],"center":[-7.04103,43.55439]},"geometry":{"type":"Point","coordinates":[-7.04103,43.55439]}},{"type":"Feature","id":"physical-as-bay-names-hydro-coast-12303","properties":{"id":"physical-as-bay-names-hydro-coast-12303","slug":"lagosteiro","name":"Lagosteiro","localName":"Lagosteiro","aliases":[],"kind":"coast","sourceId":"sitpa-physical","territoryIds":["es-as"],"bbox":[-7.0244,43.55707,-7.0244,43.55707],"center":[-7.0244,43.55707]},"geometry":{"type":"Point","coordinates":[-7.0244,43.55707]}},{"type":"Feature","id":"physical-as-bay-names-hydro-coast-12304","properties":{"id":"physical-as-bay-names-hydro-coast-12304","slug":"os-canoucos","name":"Os Canoucos","localName":"Os Canoucos","aliases":[],"kind":"coast","sourceId":"sitpa-physical","territoryIds":["es-as"],"bbox":[-7.02368,43.55978,-7.02368,43.55978],"center":[-7.02368,43.55978]},"geometry":{"type":"Point","coordinates":[-7.02368,43.55978]}},{"type":"Feature","id":"physical-as-cape-names-hydro-coast-12305","properties":{"id":"physical-as-cape-names-hydro-coast-12305","slug":"punta-del-pasin","name":"Punta Del Pasín","localName":"Punta Del Pasín","aliases":[],"kind":"cape","sourceId":"sitpa-physical","territoryIds":["es-as"],"bbox":[-7.02612,43.55804,-7.02612,43.55804],"center":[-7.02612,43.55804]},"geometry":{"type":"Point","coordinates":[-7.02612,43.55804]}},{"type":"Feature","id":"physical-as-bay-names-hydro-coast-12306","properties":{"id":"physical-as-bay-names-hydro-coast-12306","slug":"penedo-del-herba","name":"Penedo Del Herba","localName":"Penedo Del Herba","aliases":[],"kind":"coast","sourceId":"sitpa-physical","territoryIds":["es-as"],"bbox":[-7.02864,43.5577,-7.02864,43.5577],"center":[-7.02864,43.5577]},"geometry":{"type":"Point","coordinates":[-7.02864,43.5577]}},{"type":"Feature","id":"physical-as-bay-names-hydro-coast-12307","properties":{"id":"physical-as-bay-names-hydro-coast-12307","slug":"a-pasada-de-maripierna","name":"A Pasada De Maripierna","localName":"A Pasada De Maripierna","aliases":[],"kind":"coast","sourceId":"sitpa-physical","territoryIds":["es-as"],"bbox":[-7.02989,43.5572,-7.02989,43.5572],"center":[-7.02989,43.5572]},"geometry":{"type":"Point","coordinates":[-7.02989,43.5572]}},{"type":"Feature","id":"physical-as-cape-names-hydro-coast-12308","properties":{"id":"physical-as-cape-names-hydro-coast-12308","slug":"punta-da-cruz","name":"Punta Da Cruz","localName":"Punta Da Cruz","aliases":[],"kind":"cape","sourceId":"sitpa-physical","territoryIds":["es-as"],"bbox":[-7.03066,43.55629,-7.03066,43.55629],"center":[-7.03066,43.55629]},"geometry":{"type":"Point","coordinates":[-7.03066,43.55629]}},{"type":"Feature","id":"physical-as-bay-names-hydro-coast-12309","properties":{"id":"physical-as-bay-names-hydro-coast-12309","slug":"ariosa","name":"Ariosa","localName":"Ariosa","aliases":[],"kind":"coast","sourceId":"sitpa-physical","territoryIds":["es-as"],"bbox":[-7.02748,43.55536,-7.02748,43.55536],"center":[-7.02748,43.55536]},"geometry":{"type":"Point","coordinates":[-7.02748,43.55536]}},{"type":"Feature","id":"physical-as-bay-names-hydro-coast-12310","properties":{"id":"physical-as-bay-names-hydro-coast-12310","slug":"el-orrin","name":"El Orrín","localName":"El Orrín","aliases":[],"kind":"coast","sourceId":"sitpa-physical","territoryIds":["es-as"],"bbox":[-7.02722,43.55456,-7.02722,43.55456],"center":[-7.02722,43.55456]},"geometry":{"type":"Point","coordinates":[-7.02722,43.55456]}},{"type":"Feature","id":"physical-as-bay-names-hydro-coast-12311","properties":{"id":"physical-as-bay-names-hydro-coast-12311","slug":"a-cova-de-llan","name":"A Cova De Llán","localName":"A Cova De Llán","aliases":[],"kind":"coast","sourceId":"sitpa-physical","territoryIds":["es-as"],"bbox":[-7.0248,43.55348,-7.0248,43.55348],"center":[-7.0248,43.55348]},"geometry":{"type":"Point","coordinates":[-7.0248,43.55348]}},{"type":"Feature","id":"physical-as-bay-names-hydro-coast-12312","properties":{"id":"physical-as-bay-names-hydro-coast-12312","slug":"barreiral","name":"Barreiral","localName":"Barreiral","aliases":[],"kind":"coast","sourceId":"sitpa-physical","territoryIds":["es-as"],"bbox":[-7.0245,43.54768,-7.0245,43.54768],"center":[-7.0245,43.54768]},"geometry":{"type":"Point","coordinates":[-7.0245,43.54768]}},{"type":"Feature","id":"physical-as-cape-names-hydro-coast-12313","properties":{"id":"physical-as-cape-names-hydro-coast-12313","slug":"punta-de-arroxo","name":"Punta De Arroxo","localName":"Punta De Arroxo","aliases":[],"kind":"cape","sourceId":"sitpa-physical","territoryIds":["es-as"],"bbox":[-7.02666,43.54741,-7.02666,43.54741],"center":[-7.02666,43.54741]},"geometry":{"type":"Point","coordinates":[-7.02666,43.54741]}},{"type":"Feature","id":"physical-as-bay-names-hydro-coast-12314","properties":{"id":"physical-as-bay-names-hydro-coast-12314","slug":"a-cabra","name":"A Cabra","localName":"A Cabra","aliases":[],"kind":"coast","sourceId":"sitpa-physical","territoryIds":["es-as"],"bbox":[-7.02733,43.54598,-7.02733,43.54598],"center":[-7.02733,43.54598]},"geometry":{"type":"Point","coordinates":[-7.02733,43.54598]}},{"type":"Feature","id":"physical-as-bay-names-hydro-coast-12315","properties":{"id":"physical-as-bay-names-hydro-coast-12315","slug":"una-del-rison","name":"Uña Del Risón","localName":"Uña Del Risón","aliases":[],"kind":"coast","sourceId":"sitpa-physical","territoryIds":["es-as"],"bbox":[-7.02963,43.54534,-7.02963,43.54534],"center":[-7.02963,43.54534]},"geometry":{"type":"Point","coordinates":[-7.02963,43.54534]}},{"type":"Feature","id":"physical-as-bay-names-hydro-coast-12316","properties":{"id":"physical-as-bay-names-hydro-coast-12316","slug":"cova-de-san-francisco","name":"Cova De San Francisco","localName":"Cova De San Francisco","aliases":[],"kind":"coast","sourceId":"sitpa-physical","territoryIds":["es-as"],"bbox":[-7.03043,43.54491,-7.03043,43.54491],"center":[-7.03043,43.54491]},"geometry":{"type":"Point","coordinates":[-7.03043,43.54491]}},{"type":"Feature","id":"physical-as-bay-names-hydro-coast-12320","properties":{"id":"physical-as-bay-names-hydro-coast-12320","slug":"ensenada-de-vilavella","name":"Ensenada De Vilavella","localName":"Ensenada De Vilavella","aliases":[],"kind":"bay","sourceId":"sitpa-physical","territoryIds":["es-as"],"bbox":[-7.04677,43.52819,-7.04677,43.52819],"center":[-7.04677,43.52819]},"geometry":{"type":"Point","coordinates":[-7.04677,43.52819]}},{"type":"Feature","id":"physical-as-bay-names-hydro-coast-12321","properties":{"id":"physical-as-bay-names-hydro-coast-12321","slug":"ensenada-de-la-linera","name":"Ensenada De La Linera","localName":"Ensenada De La Linera","aliases":[],"kind":"bay","sourceId":"sitpa-physical","territoryIds":["es-as"],"bbox":[-7.02473,43.52979,-7.02473,43.52979],"center":[-7.02473,43.52979]},"geometry":{"type":"Point","coordinates":[-7.02473,43.52979]}},{"type":"Feature","id":"physical-as-bay-names-hydro-coast-12322","properties":{"id":"physical-as-bay-names-hydro-coast-12322","slug":"los-caleros","name":"Los Caleros","localName":"Los Caleros","aliases":[],"kind":"coast","sourceId":"sitpa-physical","territoryIds":["es-as"],"bbox":[-7.02369,43.52533,-7.02369,43.52533],"center":[-7.02369,43.52533]},"geometry":{"type":"Point","coordinates":[-7.02369,43.52533]}},{"type":"Feature","id":"physical-as-cape-names-hydro-coast-12323","properties":{"id":"physical-as-cape-names-hydro-coast-12323","slug":"punta-de-penalba","name":"Punta De Penalba","localName":"Punta De Penalba","aliases":[],"kind":"cape","sourceId":"sitpa-physical","territoryIds":["es-as"],"bbox":[-7.02451,43.53425,-7.02451,43.53425],"center":[-7.02451,43.53425]},"geometry":{"type":"Point","coordinates":[-7.02451,43.53425]}},{"type":"Feature","id":"physical-as-bay-names-hydro-coast-12324","properties":{"id":"physical-as-bay-names-hydro-coast-12324","slug":"el-penedon","name":"El Penedón","localName":"El Penedón","aliases":[],"kind":"coast","sourceId":"sitpa-physical","territoryIds":["es-as"],"bbox":[-7.03389,43.5265,-7.03389,43.5265],"center":[-7.03389,43.5265]},"geometry":{"type":"Point","coordinates":[-7.03389,43.5265]}},{"type":"Feature","id":"physical-as-bay-names-hydro-coast-12325","properties":{"id":"physical-as-bay-names-hydro-coast-12325","slug":"os-peneos","name":"Os Penéos","localName":"Os Penéos","aliases":[],"kind":"coast","sourceId":"sitpa-physical","territoryIds":["es-as"],"bbox":[-7.03239,43.52819,-7.03239,43.52819],"center":[-7.03239,43.52819]},"geometry":{"type":"Point","coordinates":[-7.03239,43.52819]}},{"type":"Feature","id":"physical-as-bay-names-hydro-coast-12326","properties":{"id":"physical-as-bay-names-hydro-coast-12326","slug":"debaxo-das-casas","name":"Debaxo Das Casas","localName":"Debaxo Das Casas","aliases":[],"kind":"coast","sourceId":"sitpa-physical","territoryIds":["es-as"],"bbox":[-7.03274,43.52875,-7.03274,43.52875],"center":[-7.03274,43.52875]},"geometry":{"type":"Point","coordinates":[-7.03274,43.52875]}},{"type":"Feature","id":"physical-as-cape-names-hydro-coast-12327","properties":{"id":"physical-as-cape-names-hydro-coast-12327","slug":"a-punta-de-santos","name":"A Punta De Santos","localName":"A Punta De Santos","aliases":[],"kind":"cape","sourceId":"sitpa-physical","territoryIds":["es-as"],"bbox":[-7.03658,43.52358,-7.03658,43.52358],"center":[-7.03658,43.52358]},"geometry":{"type":"Point","coordinates":[-7.03658,43.52358]}},{"type":"Feature","id":"physical-as-bay-names-hydro-coast-12328","properties":{"id":"physical-as-bay-names-hydro-coast-12328","slug":"a-fonte","name":"A Fonte","localName":"A Fonte","aliases":[],"kind":"coast","sourceId":"sitpa-physical","territoryIds":["es-as"],"bbox":[-7.02679,43.52512,-7.02679,43.52512],"center":[-7.02679,43.52512]},"geometry":{"type":"Point","coordinates":[-7.02679,43.52512]}},{"type":"Feature","id":"physical-as-cape-names-hydro-coast-12338","properties":{"id":"physical-as-cape-names-hydro-coast-12338","slug":"punta-da-torba","name":"Punta Da Torba","localName":"Punta Da Torba","aliases":[],"kind":"cape","sourceId":"sitpa-physical","territoryIds":["es-as"],"bbox":[-7.04929,43.51905,-7.04929,43.51905],"center":[-7.04929,43.51905]},"geometry":{"type":"Point","coordinates":[-7.04929,43.51905]}},{"type":"Feature","id":"physical-as-bay-names-hydro-coast-12339","properties":{"id":"physical-as-bay-names-hydro-coast-12339","slug":"el-puntal","name":"El Puntal","localName":"El Puntal","aliases":[],"kind":"coast","sourceId":"sitpa-physical","territoryIds":["es-as"],"bbox":[-7.05376,43.50364,-7.05376,43.50364],"center":[-7.05376,43.50364]},"geometry":{"type":"Point","coordinates":[-7.05376,43.50364]}},{"type":"Feature","id":"physical-as-bay-names-hydro-coast-12340","properties":{"id":"physical-as-bay-names-hydro-coast-12340","slug":"fontela","name":"Fontela","localName":"Fontela","aliases":[],"kind":"coast","sourceId":"sitpa-physical","territoryIds":["es-as"],"bbox":[-7.03754,43.51809,-7.03754,43.51809],"center":[-7.03754,43.51809]},"geometry":{"type":"Point","coordinates":[-7.03754,43.51809]}},{"type":"Feature","id":"physical-as-bay-names-hydro-coast-12341","properties":{"id":"physical-as-bay-names-hydro-coast-12341","slug":"as-requeiras","name":"As Requeiras","localName":"As Requeiras","aliases":[],"kind":"coast","sourceId":"sitpa-physical","territoryIds":["es-as"],"bbox":[-7.03938,43.51223,-7.03938,43.51223],"center":[-7.03938,43.51223]},"geometry":{"type":"Point","coordinates":[-7.03938,43.51223]}},{"type":"Feature","id":"physical-as-bay-names-hydro-coast-12342","properties":{"id":"physical-as-bay-names-hydro-coast-12342","slug":"el-barco-del-cura","name":"El Barco Del Cura","localName":"El Barco Del Cura","aliases":[],"kind":"coast","sourceId":"sitpa-physical","territoryIds":["es-as"],"bbox":[-7.04241,43.5099,-7.04241,43.5099],"center":[-7.04241,43.5099]},"geometry":{"type":"Point","coordinates":[-7.04241,43.5099]}},{"type":"Feature","id":"physical-as-cape-names-hydro-coast-12343","properties":{"id":"physical-as-cape-names-hydro-coast-12343","slug":"a-punta-del-vinteiro","name":"A Punta Del Vinteiro","localName":"A Punta Del Vinteiro","aliases":[],"kind":"cape","sourceId":"sitpa-physical","territoryIds":["es-as"],"bbox":[-7.04427,43.50725,-7.04427,43.50725],"center":[-7.04427,43.50725]},"geometry":{"type":"Point","coordinates":[-7.04427,43.50725]}},{"type":"Feature","id":"physical-as-cape-names-hydro-coast-12344","properties":{"id":"physical-as-cape-names-hydro-coast-12344","slug":"punta-beloso","name":"Punta Beloso","localName":"Punta Beloso","aliases":[],"kind":"cape","sourceId":"sitpa-physical","territoryIds":["es-as"],"bbox":[-7.04406,43.50086,-7.04406,43.50086],"center":[-7.04406,43.50086]},"geometry":{"type":"Point","coordinates":[-7.04406,43.50086]}},{"type":"Feature","id":"physical-as-island-names-hydro-coast-12349","properties":{"id":"physical-as-island-names-hydro-coast-12349","slug":"islas-pantorgas","name":"Islas Pantorgas","localName":"Islas Pantorgas","aliases":[],"kind":"island","sourceId":"sitpa-physical","territoryIds":["es-as"],"bbox":[-6.98798,43.55988,-6.98798,43.55988],"center":[-6.98798,43.55988]},"geometry":{"type":"Point","coordinates":[-6.98798,43.55988]}},{"type":"Feature","id":"physical-as-bay-names-hydro-coast-12350","properties":{"id":"physical-as-bay-names-hydro-coast-12350","slug":"a-robaleira","name":"A Robaleira","localName":"A Robaleira","aliases":[],"kind":"coast","sourceId":"sitpa-physical","territoryIds":["es-as"],"bbox":[-6.99394,43.55587,-6.99394,43.55587],"center":[-6.99394,43.55587]},"geometry":{"type":"Point","coordinates":[-6.99394,43.55587]}},{"type":"Feature","id":"physical-as-bay-names-hydro-coast-12351","properties":{"id":"physical-as-bay-names-hydro-coast-12351","slug":"las-fontias","name":"Las Fontías","localName":"Las Fontías","aliases":[],"kind":"coast","sourceId":"sitpa-physical","territoryIds":["es-as"],"bbox":[-7.00301,43.55749,-7.00301,43.55749],"center":[-7.00301,43.55749]},"geometry":{"type":"Point","coordinates":[-7.00301,43.55749]}},{"type":"Feature","id":"physical-as-cape-names-hydro-coast-12352","properties":{"id":"physical-as-cape-names-hydro-coast-12352","slug":"punta-del-corno","name":"Punta Del Corno","localName":"Punta Del Corno","aliases":[],"kind":"cape","sourceId":"sitpa-physical","territoryIds":["es-as"],"bbox":[-7.00669,43.55788,-7.00669,43.55788],"center":[-7.00669,43.55788]},"geometry":{"type":"Point","coordinates":[-7.00669,43.55788]}},{"type":"Feature","id":"physical-as-bay-names-hydro-coast-12353","properties":{"id":"physical-as-bay-names-hydro-coast-12353","slug":"el-torno","name":"El Torno","localName":"El Torno","aliases":[],"kind":"coast","sourceId":"sitpa-physical","territoryIds":["es-as"],"bbox":[-7.01142,43.55668,-7.01142,43.55668],"center":[-7.01142,43.55668]},"geometry":{"type":"Point","coordinates":[-7.01142,43.55668]}},{"type":"Feature","id":"physical-as-bay-names-hydro-coast-12354","properties":{"id":"physical-as-bay-names-hydro-coast-12354","slug":"peneos-blancos","name":"Peneos Blancos","localName":"Peneos Blancos","aliases":[],"kind":"coast","sourceId":"sitpa-physical","territoryIds":["es-as"],"bbox":[-7.0205,43.55974,-7.0205,43.55974],"center":[-7.0205,43.55974]},"geometry":{"type":"Point","coordinates":[-7.0205,43.55974]}},{"type":"Feature","id":"physical-as-cape-names-hydro-coast-12355","properties":{"id":"physical-as-cape-names-hydro-coast-12355","slug":"punta-espiela","name":"Punta Espiela","localName":"Punta Espiela","aliases":[],"kind":"cape","sourceId":"sitpa-physical","territoryIds":["es-as"],"bbox":[-7.01799,43.55968,-7.01799,43.55968],"center":[-7.01799,43.55968]},"geometry":{"type":"Point","coordinates":[-7.01799,43.55968]}},{"type":"Feature","id":"physical-as-bay-names-hydro-coast-12356","properties":{"id":"physical-as-bay-names-hydro-coast-12356","slug":"a-lucia","name":"A Lucia","localName":"A Lucia","aliases":[],"kind":"coast","sourceId":"sitpa-physical","territoryIds":["es-as"],"bbox":[-7.01783,43.55848,-7.01783,43.55848],"center":[-7.01783,43.55848]},"geometry":{"type":"Point","coordinates":[-7.01783,43.55848]}},{"type":"Feature","id":"physical-as-bay-names-hydro-coast-12357","properties":{"id":"physical-as-bay-names-hydro-coast-12357","slug":"a-baxa","name":"A Baxa","localName":"A Baxa","aliases":[],"kind":"coast","sourceId":"sitpa-physical","territoryIds":["es-as"],"bbox":[-7.01483,43.55651,-7.01483,43.55651],"center":[-7.01483,43.55651]},"geometry":{"type":"Point","coordinates":[-7.01483,43.55651]}},{"type":"Feature","id":"physical-as-bay-names-hydro-coast-12358","properties":{"id":"physical-as-bay-names-hydro-coast-12358","slug":"dos-retretes","name":"Dos Retretes","localName":"Dos Retretes","aliases":[],"kind":"coast","sourceId":"sitpa-physical","territoryIds":["es-as"],"bbox":[-7.01504,43.55634,-7.01504,43.55634],"center":[-7.01504,43.55634]},"geometry":{"type":"Point","coordinates":[-7.01504,43.55634]}},{"type":"Feature","id":"physical-as-cape-names-hydro-coast-12359","properties":{"id":"physical-as-cape-names-hydro-coast-12359","slug":"punta-picon","name":"Punta Picón","localName":"Punta Picón","aliases":[],"kind":"cape","sourceId":"sitpa-physical","territoryIds":["es-as"],"bbox":[-6.98185,43.55947,-6.98185,43.55947],"center":[-6.98185,43.55947]},"geometry":{"type":"Point","coordinates":[-6.98185,43.55947]}},{"type":"Feature","id":"physical-as-bay-names-hydro-coast-12366","properties":{"id":"physical-as-bay-names-hydro-coast-12366","slug":"a-vena","name":"A Vena","localName":"A Vena","aliases":[],"kind":"coast","sourceId":"sitpa-physical","territoryIds":["es-as"],"bbox":[-7.00877,43.52789,-7.00877,43.52789],"center":[-7.00877,43.52789]},"geometry":{"type":"Point","coordinates":[-7.00877,43.52789]}},{"type":"Feature","id":"physical-as-bay-names-hydro-coast-12367","properties":{"id":"physical-as-bay-names-hydro-coast-12367","slug":"os-arenales","name":"Os Arenales","localName":"Os Arenales","aliases":[],"kind":"coast","sourceId":"sitpa-physical","territoryIds":["es-as"],"bbox":[-7.01493,43.52472,-7.01493,43.52472],"center":[-7.01493,43.52472]},"geometry":{"type":"Point","coordinates":[-7.01493,43.52472]}},{"type":"Feature","id":"physical-as-bay-names-hydro-coast-12368","properties":{"id":"physical-as-bay-names-hydro-coast-12368","slug":"el-salon","name":"El Salón","localName":"El Salón","aliases":[],"kind":"coast","sourceId":"sitpa-physical","territoryIds":["es-as"],"bbox":[-7.02054,43.5332,-7.02054,43.5332],"center":[-7.02054,43.5332]},"geometry":{"type":"Point","coordinates":[-7.02054,43.5332]}},{"type":"Feature","id":"physical-as-bay-names-hydro-coast-12369","properties":{"id":"physical-as-bay-names-hydro-coast-12369","slug":"arnela","name":"Arnela","localName":"Arnela","aliases":[],"kind":"coast","sourceId":"sitpa-physical","territoryIds":["es-as"],"bbox":[-7.01916,43.53317,-7.01916,43.53317],"center":[-7.01916,43.53317]},"geometry":{"type":"Point","coordinates":[-7.01916,43.53317]}},{"type":"Feature","id":"physical-as-cape-names-hydro-coast-12370","properties":{"id":"physical-as-cape-names-hydro-coast-12370","slug":"punta-dos-carballios","name":"Punta Dos Carballios","localName":"Punta Dos Carballios","aliases":[],"kind":"cape","sourceId":"sitpa-physical","territoryIds":["es-as"],"bbox":[-7.01571,43.5315,-7.01571,43.5315],"center":[-7.01571,43.5315]},"geometry":{"type":"Point","coordinates":[-7.01571,43.5315]}},{"type":"Feature","id":"physical-as-bay-names-hydro-coast-12372","properties":{"id":"physical-as-bay-names-hydro-coast-12372","slug":"penon-de-salias","name":"Peñón De Salías","localName":"Peñón De Salías","aliases":[],"kind":"coast","sourceId":"sitpa-physical","territoryIds":["es-as"],"bbox":[-7.01678,43.52615,-7.01678,43.52615],"center":[-7.01678,43.52615]},"geometry":{"type":"Point","coordinates":[-7.01678,43.52615]}},{"type":"Feature","id":"physical-as-bay-names-hydro-coast-12373","properties":{"id":"physical-as-bay-names-hydro-coast-12373","slug":"debaxo-del-esquilo","name":"Debaxo Del Esquilo","localName":"Debaxo Del Esquilo","aliases":[],"kind":"coast","sourceId":"sitpa-physical","territoryIds":["es-as"],"bbox":[-7.01179,43.52652,-7.01179,43.52652],"center":[-7.01179,43.52652]},"geometry":{"type":"Point","coordinates":[-7.01179,43.52652]}},{"type":"Feature","id":"physical-as-bay-names-hydro-coast-12395","properties":{"id":"physical-as-bay-names-hydro-coast-12395","slug":"a-tayola","name":"A Tayola","localName":"A Tayola","aliases":[],"kind":"coast","sourceId":"sitpa-physical","territoryIds":["es-as"],"bbox":[-6.94273,43.57295,-6.94273,43.57295],"center":[-6.94273,43.57295]},"geometry":{"type":"Point","coordinates":[-6.94273,43.57295]}},{"type":"Feature","id":"physical-as-bay-names-hydro-coast-12396","properties":{"id":"physical-as-bay-names-hydro-coast-12396","slug":"el-cuitelo","name":"El Cuitelo","localName":"El Cuitelo","aliases":[],"kind":"coast","sourceId":"sitpa-physical","territoryIds":["es-as"],"bbox":[-6.94058,43.57178,-6.94058,43.57178],"center":[-6.94058,43.57178]},"geometry":{"type":"Point","coordinates":[-6.94058,43.57178]}},{"type":"Feature","id":"physical-as-bay-names-hydro-coast-12397","properties":{"id":"physical-as-bay-names-hydro-coast-12397","slug":"san-martin","name":"San Martín","localName":"San Martín","aliases":[],"kind":"coast","sourceId":"sitpa-physical","territoryIds":["es-as"],"bbox":[-6.93982,43.57157,-6.93982,43.57157],"center":[-6.93982,43.57157]},"geometry":{"type":"Point","coordinates":[-6.93982,43.57157]}},{"type":"Feature","id":"physical-as-bay-names-hydro-coast-12398","properties":{"id":"physical-as-bay-names-hydro-coast-12398","slug":"os-canois","name":"Os Cañois","localName":"Os Cañois","aliases":[],"kind":"coast","sourceId":"sitpa-physical","territoryIds":["es-as"],"bbox":[-6.94949,43.5722,-6.94949,43.5722],"center":[-6.94949,43.5722]},"geometry":{"type":"Point","coordinates":[-6.94949,43.5722]}},{"type":"Feature","id":"physical-as-cape-names-hydro-coast-12400","properties":{"id":"physical-as-cape-names-hydro-coast-12400","slug":"punta-da-reburdia","name":"Punta Da Reburdia","localName":"Punta Da Reburdia","aliases":[],"kind":"cape","sourceId":"sitpa-physical","territoryIds":["es-as"],"bbox":[-6.95404,43.5687,-6.95404,43.5687],"center":[-6.95404,43.5687]},"geometry":{"type":"Point","coordinates":[-6.95404,43.5687]}},{"type":"Feature","id":"physical-as-bay-names-hydro-coast-12401","properties":{"id":"physical-as-bay-names-hydro-coast-12401","slug":"a-espalmada","name":"A Espalmada","localName":"A Espalmada","aliases":[],"kind":"coast","sourceId":"sitpa-physical","territoryIds":["es-as"],"bbox":[-6.95653,43.56512,-6.95653,43.56512],"center":[-6.95653,43.56512]},"geometry":{"type":"Point","coordinates":[-6.95653,43.56512]}},{"type":"Feature","id":"physical-as-island-names-hydro-coast-12402","properties":{"id":"physical-as-island-names-hydro-coast-12402","slug":"castelo","name":"Castelo","localName":"Castelo","aliases":[],"kind":"island","sourceId":"sitpa-physical","territoryIds":["es-as"],"bbox":[-6.95763,43.56526,-6.95763,43.56526],"center":[-6.95763,43.56526]},"geometry":{"type":"Point","coordinates":[-6.95763,43.56526]}},{"type":"Feature","id":"physical-as-island-names-hydro-coast-12403","properties":{"id":"physical-as-island-names-hydro-coast-12403","slug":"el-orrio","name":"El Orrio","localName":"El Orrio","aliases":[],"kind":"island","sourceId":"sitpa-physical","territoryIds":["es-as"],"bbox":[-6.94858,43.57593,-6.94858,43.57593],"center":[-6.94858,43.57593]},"geometry":{"type":"Point","coordinates":[-6.94858,43.57593]}},{"type":"Feature","id":"physical-as-island-names-hydro-coast-12404","properties":{"id":"physical-as-island-names-hydro-coast-12404","slug":"entreislas","name":"Entreislas","localName":"Entreislas","aliases":[],"kind":"island","sourceId":"sitpa-physical","territoryIds":["es-as"],"bbox":[-6.94426,43.57454,-6.94426,43.57454],"center":[-6.94426,43.57454]},"geometry":{"type":"Point","coordinates":[-6.94426,43.57454]}},{"type":"Feature","id":"physical-as-island-names-hydro-coast-12405","properties":{"id":"physical-as-island-names-hydro-coast-12405","slug":"isla-de-campon","name":"Isla De Campón","localName":"Isla De Campón","aliases":[],"kind":"island","sourceId":"sitpa-physical","territoryIds":["es-as"],"bbox":[-6.94118,43.57307,-6.94118,43.57307],"center":[-6.94118,43.57307]},"geometry":{"type":"Point","coordinates":[-6.94118,43.57307]}},{"type":"Feature","id":"physical-as-island-names-hydro-coast-12406","properties":{"id":"physical-as-island-names-hydro-coast-12406","slug":"a-oliveira","name":"A Oliveira","localName":"A Oliveira","aliases":[],"kind":"island","sourceId":"sitpa-physical","territoryIds":["es-as"],"bbox":[-6.93837,43.57228,-6.93837,43.57228],"center":[-6.93837,43.57228]},"geometry":{"type":"Point","coordinates":[-6.93837,43.57228]}},{"type":"Feature","id":"physical-as-bay-names-hydro-coast-12413","properties":{"id":"physical-as-bay-names-hydro-coast-12413","slug":"el-sareyo","name":"El Sareyo","localName":"El Sareyo","aliases":[],"kind":"coast","sourceId":"sitpa-physical","territoryIds":["es-as"],"bbox":[-6.97239,43.5601,-6.97239,43.5601],"center":[-6.97239,43.5601]},"geometry":{"type":"Point","coordinates":[-6.97239,43.5601]}},{"type":"Feature","id":"physical-as-bay-names-hydro-coast-12414","properties":{"id":"physical-as-bay-names-hydro-coast-12414","slug":"canlongo","name":"Canlongo","localName":"Canlongo","aliases":[],"kind":"coast","sourceId":"sitpa-physical","territoryIds":["es-as"],"bbox":[-6.97194,43.5612,-6.97194,43.5612],"center":[-6.97194,43.5612]},"geometry":{"type":"Point","coordinates":[-6.97194,43.5612]}},{"type":"Feature","id":"physical-as-cape-names-hydro-coast-12415","properties":{"id":"physical-as-cape-names-hydro-coast-12415","slug":"punta-canlongo","name":"Punta Canlongo","localName":"Punta Canlongo","aliases":[],"kind":"cape","sourceId":"sitpa-physical","territoryIds":["es-as"],"bbox":[-6.96974,43.56219,-6.96974,43.56219],"center":[-6.96974,43.56219]},"geometry":{"type":"Point","coordinates":[-6.96974,43.56219]}},{"type":"Feature","id":"physical-as-bay-names-hydro-coast-12417","properties":{"id":"physical-as-bay-names-hydro-coast-12417","slug":"cruces","name":"Cruces","localName":"Cruces","aliases":[],"kind":"coast","sourceId":"sitpa-physical","territoryIds":["es-as"],"bbox":[-6.96387,43.56095,-6.96387,43.56095],"center":[-6.96387,43.56095]},"geometry":{"type":"Point","coordinates":[-6.96387,43.56095]}},{"type":"Feature","id":"physical-as-island-names-hydro-coast-12475","properties":{"id":"physical-as-island-names-hydro-coast-12475","slug":"el-castelo-rapao","name":"El Castelo Rapao","localName":"El Castelo Rapao","aliases":[],"kind":"island","sourceId":"sitpa-physical","territoryIds":["es-as"],"bbox":[-6.93528,43.57203,-6.93528,43.57203],"center":[-6.93528,43.57203]},"geometry":{"type":"Point","coordinates":[-6.93528,43.57203]}},{"type":"Feature","id":"physical-as-island-names-hydro-coast-12476","properties":{"id":"physical-as-island-names-hydro-coast-12476","slug":"el-castelon","name":"El Castelón","localName":"El Castelón","aliases":[],"kind":"island","sourceId":"sitpa-physical","territoryIds":["es-as"],"bbox":[-6.9326,43.5718,-6.9326,43.5718],"center":[-6.9326,43.5718]},"geometry":{"type":"Point","coordinates":[-6.9326,43.5718]}},{"type":"Feature","id":"physical-as-island-names-hydro-coast-12477","properties":{"id":"physical-as-island-names-hydro-coast-12477","slug":"salgueiriza","name":"Salgueiriza","localName":"Salgueiriza","aliases":[],"kind":"island","sourceId":"sitpa-physical","territoryIds":["es-as"],"bbox":[-6.93033,43.57161,-6.93033,43.57161],"center":[-6.93033,43.57161]},"geometry":{"type":"Point","coordinates":[-6.93033,43.57161]}},{"type":"Feature","id":"physical-as-island-names-hydro-coast-12478","properties":{"id":"physical-as-island-names-hydro-coast-12478","slug":"a-pedra-del-cabo","name":"A Pedra Del Cabo","localName":"A Pedra Del Cabo","aliases":[],"kind":"island","sourceId":"sitpa-physical","territoryIds":["es-as"],"bbox":[-6.92616,43.57543,-6.92616,43.57543],"center":[-6.92616,43.57543]},"geometry":{"type":"Point","coordinates":[-6.92616,43.57543]}},{"type":"Feature","id":"physical-as-island-names-hydro-coast-12479","properties":{"id":"physical-as-island-names-hydro-coast-12479","slug":"el-trave","name":"El Trave","localName":"El Trave","aliases":[],"kind":"island","sourceId":"sitpa-physical","territoryIds":["es-as"],"bbox":[-6.92643,43.57375,-6.92643,43.57375],"center":[-6.92643,43.57375]},"geometry":{"type":"Point","coordinates":[-6.92643,43.57375]}},{"type":"Feature","id":"physical-as-island-names-hydro-coast-12480","properties":{"id":"physical-as-island-names-hydro-coast-12480","slug":"fonta","name":"Fontá","localName":"Fontá","aliases":[],"kind":"island","sourceId":"sitpa-physical","territoryIds":["es-as"],"bbox":[-6.92183,43.57152,-6.92183,43.57152],"center":[-6.92183,43.57152]},"geometry":{"type":"Point","coordinates":[-6.92183,43.57152]}},{"type":"Feature","id":"physical-as-island-names-hydro-coast-12481","properties":{"id":"physical-as-island-names-hydro-coast-12481","slug":"a-campega","name":"A Campega","localName":"A Campega","aliases":[],"kind":"island","sourceId":"sitpa-physical","territoryIds":["es-as"],"bbox":[-6.9162,43.57329,-6.9162,43.57329],"center":[-6.9162,43.57329]},"geometry":{"type":"Point","coordinates":[-6.9162,43.57329]}},{"type":"Feature","id":"physical-as-island-names-hydro-coast-12482","properties":{"id":"physical-as-island-names-hydro-coast-12482","slug":"pedras-del-bocao","name":"Pedras Del Bocáo","localName":"Pedras Del Bocáo","aliases":[],"kind":"island","sourceId":"sitpa-physical","territoryIds":["es-as"],"bbox":[-6.91234,43.57198,-6.91234,43.57198],"center":[-6.91234,43.57198]},"geometry":{"type":"Point","coordinates":[-6.91234,43.57198]}},{"type":"Feature","id":"physical-as-island-names-hydro-coast-12483","properties":{"id":"physical-as-island-names-hydro-coast-12483","slug":"olguides","name":"Olguides","localName":"Olguides","aliases":[],"kind":"island","sourceId":"sitpa-physical","territoryIds":["es-as"],"bbox":[-6.91046,43.56899,-6.91046,43.56899],"center":[-6.91046,43.56899]},"geometry":{"type":"Point","coordinates":[-6.91046,43.56899]}},{"type":"Feature","id":"physical-as-island-names-hydro-coast-12484","properties":{"id":"physical-as-island-names-hydro-coast-12484","slug":"a-postoca","name":"A Postoca","localName":"A Postoca","aliases":[],"kind":"island","sourceId":"sitpa-physical","territoryIds":["es-as"],"bbox":[-6.90881,43.56871,-6.90881,43.56871],"center":[-6.90881,43.56871]},"geometry":{"type":"Point","coordinates":[-6.90881,43.56871]}},{"type":"Feature","id":"physical-as-island-names-hydro-coast-12485","properties":{"id":"physical-as-island-names-hydro-coast-12485","slug":"a-pedra-de-torbas","name":"A Pedra De Torbas","localName":"A Pedra De Torbas","aliases":[],"kind":"island","sourceId":"sitpa-physical","territoryIds":["es-as"],"bbox":[-6.9036,43.57031,-6.9036,43.57031],"center":[-6.9036,43.57031]},"geometry":{"type":"Point","coordinates":[-6.9036,43.57031]}},{"type":"Feature","id":"physical-as-island-names-hydro-coast-12486","properties":{"id":"physical-as-island-names-hydro-coast-12486","slug":"pedra-busteye","name":"Pedra Busteye","localName":"Pedra Busteye","aliases":[],"kind":"island","sourceId":"sitpa-physical","territoryIds":["es-as"],"bbox":[-6.90181,43.57072,-6.90181,43.57072],"center":[-6.90181,43.57072]},"geometry":{"type":"Point","coordinates":[-6.90181,43.57072]}},{"type":"Feature","id":"physical-as-bay-names-hydro-coast-12487","properties":{"id":"physical-as-bay-names-hydro-coast-12487","slug":"ribeira-nova","name":"Ribeira Nova","localName":"Ribeira Nova","aliases":[],"kind":"coast","sourceId":"sitpa-physical","territoryIds":["es-as"],"bbox":[-6.93093,43.57182,-6.93093,43.57182],"center":[-6.93093,43.57182]},"geometry":{"type":"Point","coordinates":[-6.93093,43.57182]}},{"type":"Feature","id":"physical-as-bay-names-hydro-coast-12488","properties":{"id":"physical-as-bay-names-hydro-coast-12488","slug":"ribeiro","name":"Ribeiro","localName":"Ribeiro","aliases":[],"kind":"coast","sourceId":"sitpa-physical","territoryIds":["es-as"],"bbox":[-6.93431,43.57057,-6.93431,43.57057],"center":[-6.93431,43.57057]},"geometry":{"type":"Point","coordinates":[-6.93431,43.57057]}},{"type":"Feature","id":"physical-as-bay-names-hydro-coast-12489","properties":{"id":"physical-as-bay-names-hydro-coast-12489","slug":"dos-burros","name":"Dos Burros","localName":"Dos Burros","aliases":[],"kind":"coast","sourceId":"sitpa-physical","territoryIds":["es-as"],"bbox":[-6.93445,43.5704,-6.93445,43.5704],"center":[-6.93445,43.5704]},"geometry":{"type":"Point","coordinates":[-6.93445,43.5704]}},{"type":"Feature","id":"physical-as-bay-names-hydro-coast-12490","properties":{"id":"physical-as-bay-names-hydro-coast-12490","slug":"os-castrios","name":"Os Castrios","localName":"Os Castrios","aliases":[],"kind":"coast","sourceId":"sitpa-physical","territoryIds":["es-as"],"bbox":[-6.93353,43.56986,-6.93353,43.56986],"center":[-6.93353,43.56986]},"geometry":{"type":"Point","coordinates":[-6.93353,43.56986]}},{"type":"Feature","id":"physical-as-bay-names-hydro-coast-12492","properties":{"id":"physical-as-bay-names-hydro-coast-12492","slug":"a-turbela","name":"A Turbela","localName":"A Turbela","aliases":[],"kind":"coast","sourceId":"sitpa-physical","territoryIds":["es-as"],"bbox":[-6.93068,43.57064,-6.93068,43.57064],"center":[-6.93068,43.57064]},"geometry":{"type":"Point","coordinates":[-6.93068,43.57064]}},{"type":"Feature","id":"physical-as-bay-names-hydro-coast-12493","properties":{"id":"physical-as-bay-names-hydro-coast-12493","slug":"castreiro-da-ostreira","name":"Castreiro Da Ostreira","localName":"Castreiro Da Ostreira","aliases":[],"kind":"coast","sourceId":"sitpa-physical","territoryIds":["es-as"],"bbox":[-6.92987,43.57348,-6.92987,43.57348],"center":[-6.92987,43.57348]},"geometry":{"type":"Point","coordinates":[-6.92987,43.57348]}},{"type":"Feature","id":"physical-as-bay-names-hydro-coast-12494","properties":{"id":"physical-as-bay-names-hydro-coast-12494","slug":"el-faco","name":"El Faco","localName":"El Faco","aliases":[],"kind":"coast","sourceId":"sitpa-physical","territoryIds":["es-as"],"bbox":[-6.92792,43.57417,-6.92792,43.57417],"center":[-6.92792,43.57417]},"geometry":{"type":"Point","coordinates":[-6.92792,43.57417]}},{"type":"Feature","id":"physical-as-cape-names-hydro-coast-12495","properties":{"id":"physical-as-cape-names-hydro-coast-12495","slug":"cabo-cebes","name":"Cabo Cebes","localName":"Cabo Cebes","aliases":[],"kind":"cape","sourceId":"sitpa-physical","territoryIds":["es-as"],"bbox":[-6.92461,43.57507,-6.92461,43.57507],"center":[-6.92461,43.57507]},"geometry":{"type":"Point","coordinates":[-6.92461,43.57507]}},{"type":"Feature","id":"physical-as-bay-names-hydro-coast-12496","properties":{"id":"physical-as-bay-names-hydro-coast-12496","slug":"ribeiro-del-cantaro","name":"Ribeiro Del Cántaro","localName":"Ribeiro Del Cántaro","aliases":[],"kind":"coast","sourceId":"sitpa-physical","territoryIds":["es-as"],"bbox":[-6.92528,43.57382,-6.92528,43.57382],"center":[-6.92528,43.57382]},"geometry":{"type":"Point","coordinates":[-6.92528,43.57382]}},{"type":"Feature","id":"physical-as-bay-names-hydro-coast-12497","properties":{"id":"physical-as-bay-names-hydro-coast-12497","slug":"el-arco","name":"El Arco","localName":"El Arco","aliases":[],"kind":"coast","sourceId":"sitpa-physical","territoryIds":["es-as"],"bbox":[-6.9247,43.57229,-6.9247,43.57229],"center":[-6.9247,43.57229]},"geometry":{"type":"Point","coordinates":[-6.9247,43.57229]}},{"type":"Feature","id":"physical-as-bay-names-hydro-coast-12498","properties":{"id":"physical-as-bay-names-hydro-coast-12498","slug":"a-furada","name":"A Furada","localName":"A Furada","aliases":[],"kind":"coast","sourceId":"sitpa-physical","territoryIds":["es-as"],"bbox":[-6.91883,43.57254,-6.91883,43.57254],"center":[-6.91883,43.57254]},"geometry":{"type":"Point","coordinates":[-6.91883,43.57254]}},{"type":"Feature","id":"physical-as-bay-names-hydro-coast-12499","properties":{"id":"physical-as-bay-names-hydro-coast-12499","slug":"el-cabalin","name":"El Cabalín","localName":"El Cabalín","aliases":[],"kind":"coast","sourceId":"sitpa-physical","territoryIds":["es-as"],"bbox":[-6.91558,43.57292,-6.91558,43.57292],"center":[-6.91558,43.57292]},"geometry":{"type":"Point","coordinates":[-6.91558,43.57292]}},{"type":"Feature","id":"physical-as-cape-names-hydro-coast-12500","properties":{"id":"physical-as-cape-names-hydro-coast-12500","slug":"punta-de-mirayos","name":"Punta De Mirayos","localName":"Punta De Mirayos","aliases":[],"kind":"cape","sourceId":"sitpa-physical","territoryIds":["es-as"],"bbox":[-6.91398,43.57252,-6.91398,43.57252],"center":[-6.91398,43.57252]},"geometry":{"type":"Point","coordinates":[-6.91398,43.57252]}},{"type":"Feature","id":"physical-as-bay-names-hydro-coast-12501","properties":{"id":"physical-as-bay-names-hydro-coast-12501","slug":"el-arenal","name":"El Arenal","localName":"El Arenal","aliases":[],"kind":"coast","sourceId":"sitpa-physical","territoryIds":["es-as"],"bbox":[-6.91495,43.57101,-6.91495,43.57101],"center":[-6.91495,43.57101]},"geometry":{"type":"Point","coordinates":[-6.91495,43.57101]}},{"type":"Feature","id":"physical-as-bay-names-hydro-coast-12502","properties":{"id":"physical-as-bay-names-hydro-coast-12502","slug":"el-pozo-del-teixo","name":"El Pozo Del Teixo","localName":"El Pozo Del Teixo","aliases":[],"kind":"coast","sourceId":"sitpa-physical","territoryIds":["es-as"],"bbox":[-6.91412,43.57053,-6.91412,43.57053],"center":[-6.91412,43.57053]},"geometry":{"type":"Point","coordinates":[-6.91412,43.57053]}},{"type":"Feature","id":"physical-as-bay-names-hydro-coast-12503","properties":{"id":"physical-as-bay-names-hydro-coast-12503","slug":"a-ariceira","name":"A Ariceira","localName":"A Ariceira","aliases":[],"kind":"coast","sourceId":"sitpa-physical","territoryIds":["es-as"],"bbox":[-6.91288,43.56994,-6.91288,43.56994],"center":[-6.91288,43.56994]},"geometry":{"type":"Point","coordinates":[-6.91288,43.56994]}},{"type":"Feature","id":"physical-as-bay-names-hydro-coast-12504","properties":{"id":"physical-as-bay-names-hydro-coast-12504","slug":"el-pozo","name":"El Pozo","localName":"El Pozo","aliases":[],"kind":"coast","sourceId":"sitpa-physical","territoryIds":["es-as"],"bbox":[-6.91206,43.56976,-6.91206,43.56976],"center":[-6.91206,43.56976]},"geometry":{"type":"Point","coordinates":[-6.91206,43.56976]}},{"type":"Feature","id":"physical-as-bay-names-hydro-coast-12505","properties":{"id":"physical-as-bay-names-hydro-coast-12505","slug":"del-olga","name":"Del Olga","localName":"Del Olga","aliases":[],"kind":"coast","sourceId":"sitpa-physical","territoryIds":["es-as"],"bbox":[-6.91209,43.56959,-6.91209,43.56959],"center":[-6.91209,43.56959]},"geometry":{"type":"Point","coordinates":[-6.91209,43.56959]}},{"type":"Feature","id":"physical-as-bay-names-hydro-coast-12506","properties":{"id":"physical-as-bay-names-hydro-coast-12506","slug":"castello-de-marceliano","name":"Castello De Marceliano","localName":"Castello De Marceliano","aliases":[],"kind":"coast","sourceId":"sitpa-physical","territoryIds":["es-as"],"bbox":[-6.90733,43.56877,-6.90733,43.56877],"center":[-6.90733,43.56877]},"geometry":{"type":"Point","coordinates":[-6.90733,43.56877]}},{"type":"Feature","id":"physical-as-bay-names-hydro-coast-12507","properties":{"id":"physical-as-bay-names-hydro-coast-12507","slug":"pescaron","name":"Pescarón","localName":"Pescarón","aliases":[],"kind":"coast","sourceId":"sitpa-physical","territoryIds":["es-as"],"bbox":[-6.90537,43.56789,-6.90537,43.56789],"center":[-6.90537,43.56789]},"geometry":{"type":"Point","coordinates":[-6.90537,43.56789]}},{"type":"Feature","id":"physical-as-bay-names-hydro-coast-12508","properties":{"id":"physical-as-bay-names-hydro-coast-12508","slug":"llavanderia","name":"Llavandería","localName":"Llavandería","aliases":[],"kind":"coast","sourceId":"sitpa-physical","territoryIds":["es-as"],"bbox":[-6.9038,43.56916,-6.9038,43.56916],"center":[-6.9038,43.56916]},"geometry":{"type":"Point","coordinates":[-6.9038,43.56916]}},{"type":"Feature","id":"physical-as-cape-names-hydro-coast-12509","properties":{"id":"physical-as-cape-names-hydro-coast-12509","slug":"punta-de-torbas","name":"Punta De Torbas","localName":"Punta De Torbas","aliases":[],"kind":"cape","sourceId":"sitpa-physical","territoryIds":["es-as"],"bbox":[-6.90032,43.57109,-6.90032,43.57109],"center":[-6.90032,43.57109]},"geometry":{"type":"Point","coordinates":[-6.90032,43.57109]}},{"type":"Feature","id":"physical-as-island-names-hydro-coast-12561","properties":{"id":"physical-as-island-names-hydro-coast-12561","slug":"isla-del-tormante","name":"Isla Del Tormante","localName":"Isla Del Tormante","aliases":[],"kind":"island","sourceId":"sitpa-physical","territoryIds":["es-as"],"bbox":[-6.88515,43.56813,-6.88515,43.56813],"center":[-6.88515,43.56813]},"geometry":{"type":"Point","coordinates":[-6.88515,43.56813]}},{"type":"Feature","id":"physical-as-island-names-hydro-coast-12562","properties":{"id":"physical-as-island-names-hydro-coast-12562","slug":"el-tormante","name":"El Tormante","localName":"El Tormante","aliases":[],"kind":"island","sourceId":"sitpa-physical","territoryIds":["es-as"],"bbox":[-6.88469,43.56733,-6.88469,43.56733],"center":[-6.88469,43.56733]},"geometry":{"type":"Point","coordinates":[-6.88469,43.56733]}},{"type":"Feature","id":"physical-as-island-names-hydro-coast-12563","properties":{"id":"physical-as-island-names-hydro-coast-12563","slug":"isla-da-salmoira","name":"Isla Da Salmoira","localName":"Isla Da Salmoira","aliases":[],"kind":"island","sourceId":"sitpa-physical","territoryIds":["es-as"],"bbox":[-6.87999,43.56525,-6.87999,43.56525],"center":[-6.87999,43.56525]},"geometry":{"type":"Point","coordinates":[-6.87999,43.56525]}},{"type":"Feature","id":"physical-as-island-names-hydro-coast-12564","properties":{"id":"physical-as-island-names-hydro-coast-12564","slug":"os-puentes","name":"Os Puentes","localName":"Os Puentes","aliases":[],"kind":"island","sourceId":"sitpa-physical","territoryIds":["es-as"],"bbox":[-6.87573,43.56448,-6.87573,43.56448],"center":[-6.87573,43.56448]},"geometry":{"type":"Point","coordinates":[-6.87573,43.56448]}},{"type":"Feature","id":"physical-as-island-names-hydro-coast-12566","properties":{"id":"physical-as-island-names-hydro-coast-12566","slug":"pedra-iman","name":"Pedra Imán","localName":"Pedra Imán","aliases":[],"kind":"island","sourceId":"sitpa-physical","territoryIds":["es-as"],"bbox":[-6.87449,43.56495,-6.87449,43.56495],"center":[-6.87449,43.56495]},"geometry":{"type":"Point","coordinates":[-6.87449,43.56495]}},{"type":"Feature","id":"physical-as-island-names-hydro-coast-12567","properties":{"id":"physical-as-island-names-hydro-coast-12567","slug":"isla-charliqueira","name":"Isla Charliqueira","localName":"Isla Charliqueira","aliases":[],"kind":"island","sourceId":"sitpa-physical","territoryIds":["es-as"],"bbox":[-6.87203,43.56883,-6.87203,43.56883],"center":[-6.87203,43.56883]},"geometry":{"type":"Point","coordinates":[-6.87203,43.56883]}},{"type":"Feature","id":"physical-as-island-names-hydro-coast-12568","properties":{"id":"physical-as-island-names-hydro-coast-12568","slug":"corbeiro","name":"Corbeiro","localName":"Corbeiro","aliases":[],"kind":"island","sourceId":"sitpa-physical","territoryIds":["es-as"],"bbox":[-6.86658,43.57134,-6.86658,43.57134],"center":[-6.86658,43.57134]},"geometry":{"type":"Point","coordinates":[-6.86658,43.57134]}},{"type":"Feature","id":"physical-as-island-names-hydro-coast-12569","properties":{"id":"physical-as-island-names-hydro-coast-12569","slug":"foxos","name":"Foxos","localName":"Foxos","aliases":[],"kind":"island","sourceId":"sitpa-physical","territoryIds":["es-as"],"bbox":[-6.86322,43.56802,-6.86322,43.56802],"center":[-6.86322,43.56802]},"geometry":{"type":"Point","coordinates":[-6.86322,43.56802]}},{"type":"Feature","id":"physical-as-island-names-hydro-coast-12570","properties":{"id":"physical-as-island-names-hydro-coast-12570","slug":"a-fontia","name":"A Fontia","localName":"A Fontia","aliases":[],"kind":"island","sourceId":"sitpa-physical","territoryIds":["es-as"],"bbox":[-6.85716,43.56856,-6.85716,43.56856],"center":[-6.85716,43.56856]},"geometry":{"type":"Point","coordinates":[-6.85716,43.56856]}},{"type":"Feature","id":"physical-as-cape-names-hydro-coast-12571","properties":{"id":"physical-as-cape-names-hydro-coast-12571","slug":"punta-de-la-atalaya","name":"Punta De La Atalaya","localName":"Punta De La Atalaya","aliases":[],"kind":"cape","sourceId":"sitpa-physical","territoryIds":["es-as"],"bbox":[-6.86532,43.57063,-6.86532,43.57063],"center":[-6.86532,43.57063]},"geometry":{"type":"Point","coordinates":[-6.86532,43.57063]}},{"type":"Feature","id":"physical-as-bay-names-hydro-coast-12572","properties":{"id":"physical-as-bay-names-hydro-coast-12572","slug":"os-castellos","name":"Os Castellos","localName":"Os Castellos","aliases":[],"kind":"coast","sourceId":"sitpa-physical","territoryIds":["es-as"],"bbox":[-6.88949,43.56949,-6.88949,43.56949],"center":[-6.88949,43.56949]},"geometry":{"type":"Point","coordinates":[-6.88949,43.56949]}},{"type":"Feature","id":"physical-as-cape-names-hydro-coast-12573","properties":{"id":"physical-as-cape-names-hydro-coast-12573","slug":"punta-a-forcada","name":"Punta A Forcada","localName":"Punta A Forcada","aliases":[],"kind":"cape","sourceId":"sitpa-physical","territoryIds":["es-as"],"bbox":[-6.88967,43.57141,-6.88967,43.57141],"center":[-6.88967,43.57141]},"geometry":{"type":"Point","coordinates":[-6.88967,43.57141]}},{"type":"Feature","id":"physical-as-bay-names-hydro-coast-12574","properties":{"id":"physical-as-bay-names-hydro-coast-12574","slug":"a-salmoira","name":"A Salmoira","localName":"A Salmoira","aliases":[],"kind":"coast","sourceId":"sitpa-physical","territoryIds":["es-as"],"bbox":[-6.88181,43.5654,-6.88181,43.5654],"center":[-6.88181,43.5654]},"geometry":{"type":"Point","coordinates":[-6.88181,43.5654]}},{"type":"Feature","id":"physical-as-bay-names-hydro-coast-12575","properties":{"id":"physical-as-bay-names-hydro-coast-12575","slug":"acebidrio","name":"Acebidrio","localName":"Acebidrio","aliases":[],"kind":"coast","sourceId":"sitpa-physical","territoryIds":["es-as"],"bbox":[-6.88003,43.56447,-6.88003,43.56447],"center":[-6.88003,43.56447]},"geometry":{"type":"Point","coordinates":[-6.88003,43.56447]}},{"type":"Feature","id":"physical-as-bay-names-hydro-coast-12576","properties":{"id":"physical-as-bay-names-hydro-coast-12576","slug":"a-mortiza","name":"A Mortiza","localName":"A Mortiza","aliases":[],"kind":"coast","sourceId":"sitpa-physical","territoryIds":["es-as"],"bbox":[-6.86646,43.56763,-6.86646,43.56763],"center":[-6.86646,43.56763]},"geometry":{"type":"Point","coordinates":[-6.86646,43.56763]}},{"type":"Feature","id":"physical-as-bay-names-hydro-coast-12577","properties":{"id":"physical-as-bay-names-hydro-coast-12577","slug":"camporredondo","name":"Camporredondo","localName":"Camporredondo","aliases":[],"kind":"coast","sourceId":"sitpa-physical","territoryIds":["es-as"],"bbox":[-6.85998,43.56847,-6.85998,43.56847],"center":[-6.85998,43.56847]},"geometry":{"type":"Point","coordinates":[-6.85998,43.56847]}},{"type":"Feature","id":"physical-as-cape-names-hydro-coast-12640","properties":{"id":"physical-as-cape-names-hydro-coast-12640","slug":"cabo-blanco","name":"Cabo Blanco","localName":"Cabo Blanco","aliases":[],"kind":"cape","sourceId":"sitpa-physical","territoryIds":["es-as"],"bbox":[-6.85374,43.57093,-6.85374,43.57093],"center":[-6.85374,43.57093]},"geometry":{"type":"Point","coordinates":[-6.85374,43.57093]}},{"type":"Feature","id":"physical-as-cape-names-hydro-coast-12641","properties":{"id":"physical-as-cape-names-hydro-coast-12641","slug":"punta-monellos","name":"Punta Monellos","localName":"Punta Monellos","aliases":[],"kind":"cape","sourceId":"sitpa-physical","territoryIds":["es-as"],"bbox":[-6.85008,43.56535,-6.85008,43.56535],"center":[-6.85008,43.56535]},"geometry":{"type":"Point","coordinates":[-6.85008,43.56535]}},{"type":"Feature","id":"physical-as-cape-names-hydro-coast-12642","properties":{"id":"physical-as-cape-names-hydro-coast-12642","slug":"punta-lleitavida","name":"Punta Lleitavida","localName":"Punta Lleitavida","aliases":[],"kind":"cape","sourceId":"sitpa-physical","territoryIds":["es-as"],"bbox":[-6.84117,43.56684,-6.84117,43.56684],"center":[-6.84117,43.56684]},"geometry":{"type":"Point","coordinates":[-6.84117,43.56684]}},{"type":"Feature","id":"physical-as-bay-names-hydro-coast-12643","properties":{"id":"physical-as-bay-names-hydro-coast-12643","slug":"el-paso","name":"El Paso","localName":"El Paso","aliases":[],"kind":"coast","sourceId":"sitpa-physical","territoryIds":["es-as"],"bbox":[-6.83232,43.56707,-6.83232,43.56707],"center":[-6.83232,43.56707]},"geometry":{"type":"Point","coordinates":[-6.83232,43.56707]}},{"type":"Feature","id":"physical-as-bay-names-hydro-coast-12644","properties":{"id":"physical-as-bay-names-hydro-coast-12644","slug":"el-castellon","name":"El Castellón","localName":"El Castellón","aliases":[],"kind":"coast","sourceId":"sitpa-physical","territoryIds":["es-as"],"bbox":[-6.82645,43.56578,-6.82645,43.56578],"center":[-6.82645,43.56578]},"geometry":{"type":"Point","coordinates":[-6.82645,43.56578]}},{"type":"Feature","id":"physical-as-bay-names-hydro-coast-12645","properties":{"id":"physical-as-bay-names-hydro-coast-12645","slug":"el-rio","name":"El Río","localName":"El Río","aliases":[],"kind":"coast","sourceId":"sitpa-physical","territoryIds":["es-as"],"bbox":[-6.825,43.56555,-6.825,43.56555],"center":[-6.825,43.56555]},"geometry":{"type":"Point","coordinates":[-6.825,43.56555]}},{"type":"Feature","id":"physical-as-cape-names-hydro-coast-12646","properties":{"id":"physical-as-cape-names-hydro-coast-12646","slug":"punta-das-covas","name":"Punta Das Covas","localName":"Punta Das Covas","aliases":[],"kind":"cape","sourceId":"sitpa-physical","territoryIds":["es-as"],"bbox":[-6.82312,43.56395,-6.82312,43.56395],"center":[-6.82312,43.56395]},"geometry":{"type":"Point","coordinates":[-6.82312,43.56395]}},{"type":"Feature","id":"physical-as-bay-names-hydro-coast-12647","properties":{"id":"physical-as-bay-names-hydro-coast-12647","slug":"porticel","name":"Porticel","localName":"Porticel","aliases":[],"kind":"coast","sourceId":"sitpa-physical","territoryIds":["es-as"],"bbox":[-6.83522,43.5665,-6.83522,43.5665],"center":[-6.83522,43.5665]},"geometry":{"type":"Point","coordinates":[-6.83522,43.5665]}},{"type":"Feature","id":"physical-as-bay-names-hydro-coast-12648","properties":{"id":"physical-as-bay-names-hydro-coast-12648","slug":"el-focicon","name":"El Focicón","localName":"El Focicón","aliases":[],"kind":"coast","sourceId":"sitpa-physical","territoryIds":["es-as"],"bbox":[-6.85294,43.56576,-6.85294,43.56576],"center":[-6.85294,43.56576]},"geometry":{"type":"Point","coordinates":[-6.85294,43.56576]}},{"type":"Feature","id":"physical-as-bay-names-hydro-coast-12649","properties":{"id":"physical-as-bay-names-hydro-coast-12649","slug":"as-xellas","name":"As Xellas","localName":"As Xellas","aliases":[],"kind":"coast","sourceId":"sitpa-physical","territoryIds":["es-as"],"bbox":[-6.84907,43.56503,-6.84907,43.56503],"center":[-6.84907,43.56503]},"geometry":{"type":"Point","coordinates":[-6.84907,43.56503]}},{"type":"Feature","id":"physical-as-bay-names-hydro-coast-12650","properties":{"id":"physical-as-bay-names-hydro-coast-12650","slug":"nodrin","name":"Nodrín","localName":"Nodrín","aliases":[],"kind":"coast","sourceId":"sitpa-physical","territoryIds":["es-as"],"bbox":[-6.84633,43.56523,-6.84633,43.56523],"center":[-6.84633,43.56523]},"geometry":{"type":"Point","coordinates":[-6.84633,43.56523]}},{"type":"Feature","id":"physical-as-cape-names-hydro-coast-12651","properties":{"id":"physical-as-cape-names-hydro-coast-12651","slug":"punta-dos-corvos","name":"Punta Dos Corvos","localName":"Punta Dos Corvos","aliases":[],"kind":"cape","sourceId":"sitpa-physical","territoryIds":["es-as"],"bbox":[-6.84482,43.5662,-6.84482,43.5662],"center":[-6.84482,43.5662]},"geometry":{"type":"Point","coordinates":[-6.84482,43.5662]}},{"type":"Feature","id":"physical-as-bay-names-hydro-coast-12652","properties":{"id":"physical-as-bay-names-hydro-coast-12652","slug":"penedo-da-silla","name":"Penedo Da Silla","localName":"Penedo Da Silla","aliases":[],"kind":"coast","sourceId":"sitpa-physical","territoryIds":["es-as"],"bbox":[-6.82797,43.56663,-6.82797,43.56663],"center":[-6.82797,43.56663]},"geometry":{"type":"Point","coordinates":[-6.82797,43.56663]}},{"type":"Feature","id":"physical-as-cape-names-hydro-coast-12653","properties":{"id":"physical-as-cape-names-hydro-coast-12653","slug":"punta-de-carrales","name":"Punta De Carrales","localName":"Punta De Carrales","aliases":[],"kind":"cape","sourceId":"sitpa-physical","territoryIds":["es-as"],"bbox":[-6.82428,43.56472,-6.82428,43.56472],"center":[-6.82428,43.56472]},"geometry":{"type":"Point","coordinates":[-6.82428,43.56472]}},{"type":"Feature","id":"physical-as-bay-names-hydro-coast-12654","properties":{"id":"physical-as-bay-names-hydro-coast-12654","slug":"el-rego","name":"El Rego","localName":"El Rego","aliases":[],"kind":"coast","sourceId":"sitpa-physical","territoryIds":["es-as"],"bbox":[-6.82283,43.56293,-6.82283,43.56293],"center":[-6.82283,43.56293]},"geometry":{"type":"Point","coordinates":[-6.82283,43.56293]}},{"type":"Feature","id":"physical-as-cape-names-hydro-coast-12655","properties":{"id":"physical-as-cape-names-hydro-coast-12655","slug":"punta-del-rego","name":"Punta Del Rego","localName":"Punta Del Rego","aliases":[],"kind":"cape","sourceId":"sitpa-physical","territoryIds":["es-as"],"bbox":[-6.82107,43.56337,-6.82107,43.56337],"center":[-6.82107,43.56337]},"geometry":{"type":"Point","coordinates":[-6.82107,43.56337]}},{"type":"Feature","id":"physical-as-bay-names-hydro-coast-12656","properties":{"id":"physical-as-bay-names-hydro-coast-12656","slug":"penedo-mouro","name":"Penedo Mouro","localName":"Penedo Mouro","aliases":[],"kind":"coast","sourceId":"sitpa-physical","territoryIds":["es-as"],"bbox":[-6.8508,43.56599,-6.8508,43.56599],"center":[-6.8508,43.56599]},"geometry":{"type":"Point","coordinates":[-6.8508,43.56599]}},{"type":"Feature","id":"physical-as-bay-names-hydro-coast-12658","properties":{"id":"physical-as-bay-names-hydro-coast-12658","slug":"gavioteiro","name":"Gavioteiro","localName":"Gavioteiro","aliases":[],"kind":"coast","sourceId":"sitpa-physical","territoryIds":["es-as"],"bbox":[-6.84333,43.56558,-6.84333,43.56558],"center":[-6.84333,43.56558]},"geometry":{"type":"Point","coordinates":[-6.84333,43.56558]}},{"type":"Feature","id":"physical-as-island-names-hydro-coast-12659","properties":{"id":"physical-as-island-names-hydro-coast-12659","slug":"os-guincheiros","name":"Os Guincheiros","localName":"Os Guincheiros","aliases":[],"kind":"island","sourceId":"sitpa-physical","territoryIds":["es-as"],"bbox":[-6.85222,43.56738,-6.85222,43.56738],"center":[-6.85222,43.56738]},"geometry":{"type":"Point","coordinates":[-6.85222,43.56738]}},{"type":"Feature","id":"physical-as-island-names-hydro-coast-12660","properties":{"id":"physical-as-island-names-hydro-coast-12660","slug":"a-queimada","name":"A Queimada","localName":"A Queimada","aliases":[],"kind":"island","sourceId":"sitpa-physical","territoryIds":["es-as"],"bbox":[-6.83032,43.56637,-6.83032,43.56637],"center":[-6.83032,43.56637]},"geometry":{"type":"Point","coordinates":[-6.83032,43.56637]}},{"type":"Feature","id":"physical-as-island-names-hydro-coast-12661","properties":{"id":"physical-as-island-names-hydro-coast-12661","slug":"moria","name":"Moría","localName":"Moría","aliases":[],"kind":"island","sourceId":"sitpa-physical","territoryIds":["es-as"],"bbox":[-6.83335,43.56804,-6.83335,43.56804],"center":[-6.83335,43.56804]},"geometry":{"type":"Point","coordinates":[-6.83335,43.56804]}},{"type":"Feature","id":"physical-as-island-names-hydro-coast-12662","properties":{"id":"physical-as-island-names-hydro-coast-12662","slug":"a-corveira","name":"A Corveira","localName":"A Corveira","aliases":[],"kind":"island","sourceId":"sitpa-physical","territoryIds":["es-as"],"bbox":[-6.81634,43.5646,-6.81634,43.5646],"center":[-6.81634,43.5646]},"geometry":{"type":"Point","coordinates":[-6.81634,43.5646]}},{"type":"Feature","id":"physical-as-cape-names-hydro-coast-12665","properties":{"id":"physical-as-cape-names-hydro-coast-12665","slug":"punta-veya","name":"Punta Veya","localName":"Punta Veya","aliases":[],"kind":"cape","sourceId":"sitpa-physical","territoryIds":["es-as"],"bbox":[-6.81846,43.56225,-6.81846,43.56225],"center":[-6.81846,43.56225]},"geometry":{"type":"Point","coordinates":[-6.81846,43.56225]}},{"type":"Feature","id":"physical-as-bay-names-hydro-coast-12666","properties":{"id":"physical-as-bay-names-hydro-coast-12666","slug":"riboira","name":"Riboira","localName":"Riboira","aliases":[],"kind":"coast","sourceId":"sitpa-physical","territoryIds":["es-as"],"bbox":[-6.8187,43.56045,-6.8187,43.56045],"center":[-6.8187,43.56045]},"geometry":{"type":"Point","coordinates":[-6.8187,43.56045]}},{"type":"Feature","id":"physical-as-bay-names-hydro-coast-12667","properties":{"id":"physical-as-bay-names-hydro-coast-12667","slug":"el-cereixo","name":"El Cereixo","localName":"El Cereixo","aliases":[],"kind":"coast","sourceId":"sitpa-physical","territoryIds":["es-as"],"bbox":[-6.82079,43.56223,-6.82079,43.56223],"center":[-6.82079,43.56223]},"geometry":{"type":"Point","coordinates":[-6.82079,43.56223]}},{"type":"Feature","id":"physical-as-cape-names-hydro-coast-12668","properties":{"id":"physical-as-cape-names-hydro-coast-12668","slug":"punta-de-cambaredo","name":"Punta De Cambaredo","localName":"Punta De Cambaredo","aliases":[],"kind":"cape","sourceId":"sitpa-physical","territoryIds":["es-as"],"bbox":[-6.81636,43.55886,-6.81636,43.55886],"center":[-6.81636,43.55886]},"geometry":{"type":"Point","coordinates":[-6.81636,43.55886]}},{"type":"Feature","id":"physical-as-bay-names-hydro-coast-12669","properties":{"id":"physical-as-bay-names-hydro-coast-12669","slug":"a-arenosa","name":"A Arenosa","localName":"A Arenosa","aliases":[],"kind":"coast","sourceId":"sitpa-physical","territoryIds":["es-as"],"bbox":[-6.81793,43.55966,-6.81793,43.55966],"center":[-6.81793,43.55966]},"geometry":{"type":"Point","coordinates":[-6.81793,43.55966]}},{"type":"Feature","id":"physical-as-island-names-hydro-coast-12734","properties":{"id":"physical-as-island-names-hydro-coast-12734","slug":"baxos-de-collea","name":"Baxos De Collea","localName":"Baxos De Collea","aliases":[],"kind":"island","sourceId":"sitpa-physical","territoryIds":["es-as"],"bbox":[-6.77244,43.56769,-6.77244,43.56769],"center":[-6.77244,43.56769]},"geometry":{"type":"Point","coordinates":[-6.77244,43.56769]}},{"type":"Feature","id":"physical-as-island-names-hydro-coast-12735","properties":{"id":"physical-as-island-names-hydro-coast-12735","slug":"el-palo","name":"El Palo","localName":"El Palo","aliases":[],"kind":"island","sourceId":"sitpa-physical","territoryIds":["es-as"],"bbox":[-6.77479,43.56881,-6.77479,43.56881],"center":[-6.77479,43.56881]},"geometry":{"type":"Point","coordinates":[-6.77479,43.56881]}},{"type":"Feature","id":"physical-as-island-names-hydro-coast-12736","properties":{"id":"physical-as-island-names-hydro-coast-12736","slug":"punta-percebeira","name":"Punta Percebeira","localName":"Punta Percebeira","aliases":[],"kind":"island","sourceId":"sitpa-physical","territoryIds":["es-as"],"bbox":[-6.78259,43.56599,-6.78259,43.56599],"center":[-6.78259,43.56599]},"geometry":{"type":"Point","coordinates":[-6.78259,43.56599]}},{"type":"Feature","id":"physical-as-island-names-hydro-coast-12737","properties":{"id":"physical-as-island-names-hydro-coast-12737","slug":"niu-del-ulio","name":"Niu Del Ulio","localName":"Niu Del Ulio","aliases":[],"kind":"island","sourceId":"sitpa-physical","territoryIds":["es-as"],"bbox":[-6.77649,43.56772,-6.77649,43.56772],"center":[-6.77649,43.56772]},"geometry":{"type":"Point","coordinates":[-6.77649,43.56772]}},{"type":"Feature","id":"physical-as-cape-names-hydro-coast-12738","properties":{"id":"physical-as-cape-names-hydro-coast-12738","slug":"punta-de-salias","name":"Punta De Salías","localName":"Punta De Salías","aliases":[],"kind":"cape","sourceId":"sitpa-physical","territoryIds":["es-as"],"bbox":[-6.79534,43.5584,-6.79534,43.5584],"center":[-6.79534,43.5584]},"geometry":{"type":"Point","coordinates":[-6.79534,43.5584]}},{"type":"Feature","id":"physical-as-bay-names-hydro-coast-12739","properties":{"id":"physical-as-bay-names-hydro-coast-12739","slug":"ensenada-de-torbas","name":"Ensenada De Torbas","localName":"Ensenada De Torbas","aliases":[],"kind":"bay","sourceId":"sitpa-physical","territoryIds":["es-as"],"bbox":[-6.78684,43.55921,-6.78684,43.55921],"center":[-6.78684,43.55921]},"geometry":{"type":"Point","coordinates":[-6.78684,43.55921]}},{"type":"Feature","id":"physical-as-bay-names-hydro-coast-12741","properties":{"id":"physical-as-bay-names-hydro-coast-12741","slug":"a-foyua","name":"A Foyúa","localName":"A Foyúa","aliases":[],"kind":"coast","sourceId":"sitpa-physical","territoryIds":["es-as"],"bbox":[-6.80951,43.5585,-6.80951,43.5585],"center":[-6.80951,43.5585]},"geometry":{"type":"Point","coordinates":[-6.80951,43.5585]}},{"type":"Feature","id":"physical-as-bay-names-hydro-coast-12742","properties":{"id":"physical-as-bay-names-hydro-coast-12742","slug":"as-ferreiras","name":"As Ferreiras","localName":"As Ferreiras","aliases":[],"kind":"coast","sourceId":"sitpa-physical","territoryIds":["es-as"],"bbox":[-6.80763,43.5589,-6.80763,43.5589],"center":[-6.80763,43.5589]},"geometry":{"type":"Point","coordinates":[-6.80763,43.5589]}},{"type":"Feature","id":"physical-as-cape-names-hydro-coast-12743","properties":{"id":"physical-as-cape-names-hydro-coast-12743","slug":"punta-del-picon","name":"Punta Del Picón","localName":"Punta Del Picón","aliases":[],"kind":"cape","sourceId":"sitpa-physical","territoryIds":["es-as"],"bbox":[-6.80269,43.55956,-6.80269,43.55956],"center":[-6.80269,43.55956]},"geometry":{"type":"Point","coordinates":[-6.80269,43.55956]}},{"type":"Feature","id":"physical-as-bay-names-hydro-coast-12744","properties":{"id":"physical-as-bay-names-hydro-coast-12744","slug":"el-conico","name":"El Conico","localName":"El Conico","aliases":[],"kind":"coast","sourceId":"sitpa-physical","territoryIds":["es-as"],"bbox":[-6.79003,43.55881,-6.79003,43.55881],"center":[-6.79003,43.55881]},"geometry":{"type":"Point","coordinates":[-6.79003,43.55881]}},{"type":"Feature","id":"physical-as-bay-names-hydro-coast-12745","properties":{"id":"physical-as-bay-names-hydro-coast-12745","slug":"a-pedra-del-congrio","name":"A Pedra Del Congrio","localName":"A Pedra Del Congrio","aliases":[],"kind":"coast","sourceId":"sitpa-physical","territoryIds":["es-as"],"bbox":[-6.78416,43.56006,-6.78416,43.56006],"center":[-6.78416,43.56006]},"geometry":{"type":"Point","coordinates":[-6.78416,43.56006]}},{"type":"Feature","id":"physical-as-cape-names-hydro-coast-12786","properties":{"id":"physical-as-cape-names-hydro-coast-12786","slug":"cabo-de-san-agustin","name":"Cabo De San Agustín","localName":"Cabo De San Agustín","aliases":[],"kind":"cape","sourceId":"sitpa-physical","territoryIds":["es-as"],"bbox":[-6.73431,43.56511,-6.73431,43.56511],"center":[-6.73431,43.56511]},"geometry":{"type":"Point","coordinates":[-6.73431,43.56511]}},{"type":"Feature","id":"physical-as-bay-names-hydro-coast-12787","properties":{"id":"physical-as-bay-names-hydro-coast-12787","slug":"el-fornel","name":"El Fornel","localName":"El Fornel","aliases":[],"kind":"coast","sourceId":"sitpa-physical","territoryIds":["es-as"],"bbox":[-6.7376,43.56295,-6.7376,43.56295],"center":[-6.7376,43.56295]},"geometry":{"type":"Point","coordinates":[-6.7376,43.56295]}},{"type":"Feature","id":"physical-as-bay-names-hydro-coast-12788","properties":{"id":"physical-as-bay-names-hydro-coast-12788","slug":"bigareiro","name":"Bigareiro","localName":"Bigareiro","aliases":[],"kind":"coast","sourceId":"sitpa-physical","territoryIds":["es-as"],"bbox":[-6.74212,43.56508,-6.74212,43.56508],"center":[-6.74212,43.56508]},"geometry":{"type":"Point","coordinates":[-6.74212,43.56508]}},{"type":"Feature","id":"physical-as-cape-names-hydro-coast-12789","properties":{"id":"physical-as-cape-names-hydro-coast-12789","slug":"punta-corbeiron","name":"Punta Corbeirón","localName":"Punta Corbeirón","aliases":[],"kind":"cape","sourceId":"sitpa-physical","territoryIds":["es-as"],"bbox":[-6.74471,43.56679,-6.74471,43.56679],"center":[-6.74471,43.56679]},"geometry":{"type":"Point","coordinates":[-6.74471,43.56679]}},{"type":"Feature","id":"physical-as-cape-names-hydro-coast-12790","properties":{"id":"physical-as-cape-names-hydro-coast-12790","slug":"punta-castrello","name":"Punta Castrello","localName":"Punta Castrello","aliases":[],"kind":"cape","sourceId":"sitpa-physical","territoryIds":["es-as"],"bbox":[-6.74504,43.56611,-6.74504,43.56611],"center":[-6.74504,43.56611]},"geometry":{"type":"Point","coordinates":[-6.74504,43.56611]}},{"type":"Feature","id":"physical-as-cape-names-hydro-coast-12791","properties":{"id":"physical-as-cape-names-hydro-coast-12791","slug":"punta-del-valladon","name":"Punta Del Valladón","localName":"Punta Del Valladón","aliases":[],"kind":"cape","sourceId":"sitpa-physical","territoryIds":["es-as"],"bbox":[-6.7597,43.56336,-6.7597,43.56336],"center":[-6.7597,43.56336]},"geometry":{"type":"Point","coordinates":[-6.7597,43.56336]}},{"type":"Feature","id":"physical-as-cape-names-hydro-coast-12792","properties":{"id":"physical-as-cape-names-hydro-coast-12792","slug":"punta-engaramada","name":"Punta Engaramada","localName":"Punta Engaramada","aliases":[],"kind":"cape","sourceId":"sitpa-physical","territoryIds":["es-as"],"bbox":[-6.76315,43.56809,-6.76315,43.56809],"center":[-6.76315,43.56809]},"geometry":{"type":"Point","coordinates":[-6.76315,43.56809]}},{"type":"Feature","id":"physical-as-bay-names-hydro-coast-12793","properties":{"id":"physical-as-bay-names-hydro-coast-12793","slug":"gounin","name":"Gouñín","localName":"Gouñín","aliases":[],"kind":"coast","sourceId":"sitpa-physical","territoryIds":["es-as"],"bbox":[-6.76749,43.56891,-6.76749,43.56891],"center":[-6.76749,43.56891]},"geometry":{"type":"Point","coordinates":[-6.76749,43.56891]}},{"type":"Feature","id":"physical-as-bay-names-hydro-coast-12794","properties":{"id":"physical-as-bay-names-hydro-coast-12794","slug":"bugoix","name":"Bugoix","localName":"Bugoix","aliases":[],"kind":"coast","sourceId":"sitpa-physical","territoryIds":["es-as"],"bbox":[-6.76248,43.56325,-6.76248,43.56325],"center":[-6.76248,43.56325]},"geometry":{"type":"Point","coordinates":[-6.76248,43.56325]}},{"type":"Feature","id":"physical-as-bay-names-hydro-coast-12795","properties":{"id":"physical-as-bay-names-hydro-coast-12795","slug":"a-figueira","name":"A Figueira","localName":"A Figueira","aliases":[],"kind":"coast","sourceId":"sitpa-physical","territoryIds":["es-as"],"bbox":[-6.759,43.5628,-6.759,43.5628],"center":[-6.759,43.5628]},"geometry":{"type":"Point","coordinates":[-6.759,43.5628]}},{"type":"Feature","id":"physical-as-bay-names-hydro-coast-12796","properties":{"id":"physical-as-bay-names-hydro-coast-12796","slug":"a-marella","name":"A Marella","localName":"A Marella","aliases":[],"kind":"coast","sourceId":"sitpa-physical","territoryIds":["es-as"],"bbox":[-6.75449,43.56409,-6.75449,43.56409],"center":[-6.75449,43.56409]},"geometry":{"type":"Point","coordinates":[-6.75449,43.56409]}},{"type":"Feature","id":"physical-as-bay-names-hydro-coast-12797","properties":{"id":"physical-as-bay-names-hydro-coast-12797","slug":"a-isla","name":"A Isla","localName":"A Isla","aliases":[],"kind":"island","sourceId":"sitpa-physical","territoryIds":["es-as"],"bbox":[-6.75137,43.56489,-6.75137,43.56489],"center":[-6.75137,43.56489]},"geometry":{"type":"Point","coordinates":[-6.75137,43.56489]}},{"type":"Feature","id":"physical-as-bay-names-hydro-coast-12798","properties":{"id":"physical-as-bay-names-hydro-coast-12798","slug":"pandelleiro","name":"Pandelleiro","localName":"Pandelleiro","aliases":[],"kind":"coast","sourceId":"sitpa-physical","territoryIds":["es-as"],"bbox":[-6.74014,43.56276,-6.74014,43.56276],"center":[-6.74014,43.56276]},"geometry":{"type":"Point","coordinates":[-6.74014,43.56276]}},{"type":"Feature","id":"physical-as-bay-names-hydro-coast-12799","properties":{"id":"physical-as-bay-names-hydro-coast-12799","slug":"a-cabana","name":"A Cabaña","localName":"A Cabaña","aliases":[],"kind":"coast","sourceId":"sitpa-physical","territoryIds":["es-as"],"bbox":[-6.74172,43.56322,-6.74172,43.56322],"center":[-6.74172,43.56322]},"geometry":{"type":"Point","coordinates":[-6.74172,43.56322]}},{"type":"Feature","id":"physical-as-island-names-hydro-coast-12800","properties":{"id":"physical-as-island-names-hydro-coast-12800","slug":"l-isllon","name":"L'isllón","localName":"L'isllón","aliases":[],"kind":"island","sourceId":"sitpa-physical","territoryIds":["es-as"],"bbox":[-6.75244,43.56769,-6.75244,43.56769],"center":[-6.75244,43.56769]},"geometry":{"type":"Point","coordinates":[-6.75244,43.56769]}},{"type":"Feature","id":"physical-as-island-names-hydro-coast-12801","properties":{"id":"physical-as-island-names-hydro-coast-12801","slug":"a-pedrellada","name":"A Pedrellada","localName":"A Pedrellada","aliases":[],"kind":"island","sourceId":"sitpa-physical","territoryIds":["es-as"],"bbox":[-6.76244,43.56511,-6.76244,43.56511],"center":[-6.76244,43.56511]},"geometry":{"type":"Point","coordinates":[-6.76244,43.56511]}},{"type":"Feature","id":"physical-as-island-names-hydro-coast-12802","properties":{"id":"physical-as-island-names-hydro-coast-12802","slug":"gavieiro","name":"Gavieiro","localName":"Gavieiro","aliases":[],"kind":"island","sourceId":"sitpa-physical","territoryIds":["es-as"],"bbox":[-6.76439,43.56997,-6.76439,43.56997],"center":[-6.76439,43.56997]},"geometry":{"type":"Point","coordinates":[-6.76439,43.56997]}},{"type":"Feature","id":"physical-as-island-names-hydro-coast-12803","properties":{"id":"physical-as-island-names-hydro-coast-12803","slug":"a-campella","name":"A Campella","localName":"A Campella","aliases":[],"kind":"island","sourceId":"sitpa-physical","territoryIds":["es-as"],"bbox":[-6.74755,43.56667,-6.74755,43.56667],"center":[-6.74755,43.56667]},"geometry":{"type":"Point","coordinates":[-6.74755,43.56667]}},{"type":"Feature","id":"physical-as-island-names-hydro-coast-12804","properties":{"id":"physical-as-island-names-hydro-coast-12804","slug":"as-llamosas","name":"As Llamosas","localName":"As Llamosas","aliases":[],"kind":"island","sourceId":"sitpa-physical","territoryIds":["es-as"],"bbox":[-6.76557,43.5743,-6.76557,43.5743],"center":[-6.76557,43.5743]},"geometry":{"type":"Point","coordinates":[-6.76557,43.5743]}},{"type":"Feature","id":"physical-as-island-names-hydro-coast-12805","properties":{"id":"physical-as-island-names-hydro-coast-12805","slug":"gavieiro-de-fuera","name":"Gavieiro De Fuera","localName":"Gavieiro De Fuera","aliases":[],"kind":"island","sourceId":"sitpa-physical","territoryIds":["es-as"],"bbox":[-6.76361,43.57125,-6.76361,43.57125],"center":[-6.76361,43.57125]},"geometry":{"type":"Point","coordinates":[-6.76361,43.57125]}},{"type":"Feature","id":"physical-as-island-names-hydro-coast-12806","properties":{"id":"physical-as-island-names-hydro-coast-12806","slug":"a-llastria","name":"A Llastria","localName":"A Llastria","aliases":[],"kind":"island","sourceId":"sitpa-physical","territoryIds":["es-as"],"bbox":[-6.76447,43.56851,-6.76447,43.56851],"center":[-6.76447,43.56851]},"geometry":{"type":"Point","coordinates":[-6.76447,43.56851]}},{"type":"Feature","id":"physical-as-island-names-hydro-coast-12807","properties":{"id":"physical-as-island-names-hydro-coast-12807","slug":"os-caneyos","name":"Os Caneyos","localName":"Os Caneyos","aliases":[],"kind":"island","sourceId":"sitpa-physical","territoryIds":["es-as"],"bbox":[-6.75539,43.56513,-6.75539,43.56513],"center":[-6.75539,43.56513]},"geometry":{"type":"Point","coordinates":[-6.75539,43.56513]}},{"type":"Feature","id":"physical-as-island-names-hydro-coast-12808","properties":{"id":"physical-as-island-names-hydro-coast-12808","slug":"as-arenosas","name":"As Arenosas","localName":"As Arenosas","aliases":[],"kind":"island","sourceId":"sitpa-physical","territoryIds":["es-as"],"bbox":[-6.7463,43.56774,-6.7463,43.56774],"center":[-6.7463,43.56774]},"geometry":{"type":"Point","coordinates":[-6.7463,43.56774]}},{"type":"Feature","id":"physical-as-cape-names-hydro-coast-12853","properties":{"id":"physical-as-cape-names-hydro-coast-12853","slug":"punta-la-barra","name":"Punta La Barra","localName":"Punta La Barra","aliases":[],"kind":"cape","sourceId":"sitpa-physical","territoryIds":["es-as"],"bbox":[-6.70929,43.56418,-6.70929,43.56418],"center":[-6.70929,43.56418]},"geometry":{"type":"Point","coordinates":[-6.70929,43.56418]}},{"type":"Feature","id":"physical-as-cape-names-hydro-coast-12854","properties":{"id":"physical-as-cape-names-hydro-coast-12854","slug":"punta-cascareira","name":"Punta Cascareira","localName":"Punta Cascareira","aliases":[],"kind":"cape","sourceId":"sitpa-physical","territoryIds":["es-as"],"bbox":[-6.70735,43.56278,-6.70735,43.56278],"center":[-6.70735,43.56278]},"geometry":{"type":"Point","coordinates":[-6.70735,43.56278]}},{"type":"Feature","id":"physical-as-cape-names-hydro-coast-12855","properties":{"id":"physical-as-cape-names-hydro-coast-12855","slug":"punta-la-bragada","name":"Punta La Bragada","localName":"Punta La Bragada","aliases":[],"kind":"cape","sourceId":"sitpa-physical","territoryIds":["es-as"],"bbox":[-6.70284,43.56387,-6.70284,43.56387],"center":[-6.70284,43.56387]},"geometry":{"type":"Point","coordinates":[-6.70284,43.56387]}},{"type":"Feature","id":"physical-as-cape-names-hydro-coast-12856","properties":{"id":"physical-as-cape-names-hydro-coast-12856","slug":"punta-las-rubias","name":"Punta Las Rubias","localName":"Punta Las Rubias","aliases":[],"kind":"cape","sourceId":"sitpa-physical","territoryIds":["es-as"],"bbox":[-6.69975,43.56367,-6.69975,43.56367],"center":[-6.69975,43.56367]},"geometry":{"type":"Point","coordinates":[-6.69975,43.56367]}},{"type":"Feature","id":"physical-as-bay-names-hydro-coast-12857","properties":{"id":"physical-as-bay-names-hydro-coast-12857","slug":"el-castello","name":"El Castello","localName":"El Castello","aliases":[],"kind":"coast","sourceId":"sitpa-physical","territoryIds":["es-as"],"bbox":[-6.70098,43.5633,-6.70098,43.5633],"center":[-6.70098,43.5633]},"geometry":{"type":"Point","coordinates":[-6.70098,43.5633]}},{"type":"Feature","id":"physical-as-bay-names-hydro-coast-12859","properties":{"id":"physical-as-bay-names-hydro-coast-12859","slug":"la-pedrera","name":"La Pedrera","localName":"La Pedrera","aliases":[],"kind":"coast","sourceId":"sitpa-physical","territoryIds":["es-as"],"bbox":[-6.69495,43.56189,-6.69495,43.56189],"center":[-6.69495,43.56189]},"geometry":{"type":"Point","coordinates":[-6.69495,43.56189]}},{"type":"Feature","id":"physical-as-bay-names-hydro-coast-12860","properties":{"id":"physical-as-bay-names-hydro-coast-12860","slug":"el-cerezo","name":"El Cerezo","localName":"El Cerezo","aliases":[],"kind":"coast","sourceId":"sitpa-physical","territoryIds":["es-as"],"bbox":[-6.68908,43.56036,-6.68908,43.56036],"center":[-6.68908,43.56036]},"geometry":{"type":"Point","coordinates":[-6.68908,43.56036]}},{"type":"Feature","id":"physical-as-bay-names-hydro-coast-12861","properties":{"id":"physical-as-bay-names-hydro-coast-12861","slug":"el-castrilhon","name":"El Castrilhón","localName":"El Castrilhón","aliases":[],"kind":"coast","sourceId":"sitpa-physical","territoryIds":["es-as"],"bbox":[-6.69069,43.56218,-6.69069,43.56218],"center":[-6.69069,43.56218]},"geometry":{"type":"Point","coordinates":[-6.69069,43.56218]}},{"type":"Feature","id":"physical-as-bay-names-hydro-coast-12862","properties":{"id":"physical-as-bay-names-hydro-coast-12862","slug":"pena-furada","name":"Peña Furada","localName":"Peña Furada","aliases":[],"kind":"coast","sourceId":"sitpa-physical","territoryIds":["es-as"],"bbox":[-6.72106,43.55766,-6.72106,43.55766],"center":[-6.72106,43.55766]},"geometry":{"type":"Point","coordinates":[-6.72106,43.55766]}},{"type":"Feature","id":"physical-as-bay-names-hydro-coast-12863","properties":{"id":"physical-as-bay-names-hydro-coast-12863","slug":"la-barra","name":"La Barra","localName":"La Barra","aliases":[],"kind":"coast","sourceId":"sitpa-physical","territoryIds":["es-as"],"bbox":[-6.7283,43.55931,-6.7283,43.55931],"center":[-6.7283,43.55931]},"geometry":{"type":"Point","coordinates":[-6.7283,43.55931]}},{"type":"Feature","id":"physical-as-bay-names-hydro-coast-12864","properties":{"id":"physical-as-bay-names-hydro-coast-12864","slug":"cobayos","name":"Cobayos","localName":"Cobayos","aliases":[],"kind":"coast","sourceId":"sitpa-physical","territoryIds":["es-as"],"bbox":[-6.72657,43.55764,-6.72657,43.55764],"center":[-6.72657,43.55764]},"geometry":{"type":"Point","coordinates":[-6.72657,43.55764]}},{"type":"Feature","id":"physical-as-estuary-names-hydro-coast-12866","properties":{"id":"physical-as-estuary-names-hydro-coast-12866","slug":"navia","name":"Navia","localName":"Navia","aliases":[],"kind":"estuary","sourceId":"sitpa-physical","territoryIds":["es-as"],"bbox":[-6.72559,43.55353,-6.72559,43.55353],"center":[-6.72559,43.55353]},"geometry":{"type":"Point","coordinates":[-6.72559,43.55353]}},{"type":"Feature","id":"physical-as-bay-names-hydro-coast-12900","properties":{"id":"physical-as-bay-names-hydro-coast-12900","slug":"puerto-de-los-panos","name":"Puerto De Los Panos","localName":"Puerto De Los Panos","aliases":[],"kind":"coast","sourceId":"sitpa-physical","territoryIds":["es-as"],"bbox":[-6.67319,43.56302,-6.67319,43.56302],"center":[-6.67319,43.56302]},"geometry":{"type":"Point","coordinates":[-6.67319,43.56302]}},{"type":"Feature","id":"physical-as-bay-names-hydro-coast-12901","properties":{"id":"physical-as-bay-names-hydro-coast-12901","slug":"los-poyales","name":"Los Poyales","localName":"Los Poyales","aliases":[],"kind":"coast","sourceId":"sitpa-physical","territoryIds":["es-as"],"bbox":[-6.67063,43.56399,-6.67063,43.56399],"center":[-6.67063,43.56399]},"geometry":{"type":"Point","coordinates":[-6.67063,43.56399]}},{"type":"Feature","id":"physical-as-bay-names-hydro-coast-12902","properties":{"id":"physical-as-bay-names-hydro-coast-12902","slug":"los-picones","name":"Los Picones","localName":"Los Picones","aliases":[],"kind":"coast","sourceId":"sitpa-physical","territoryIds":["es-as"],"bbox":[-6.6567,43.56762,-6.6567,43.56762],"center":[-6.6567,43.56762]},"geometry":{"type":"Point","coordinates":[-6.6567,43.56762]}},{"type":"Feature","id":"physical-as-bay-names-hydro-coast-12903","properties":{"id":"physical-as-bay-names-hydro-coast-12903","slug":"gamonedo","name":"Gamonedo","localName":"Gamonedo","aliases":[],"kind":"coast","sourceId":"sitpa-physical","territoryIds":["es-as"],"bbox":[-6.6695,43.56359,-6.6695,43.56359],"center":[-6.6695,43.56359]},"geometry":{"type":"Point","coordinates":[-6.6695,43.56359]}},{"type":"Feature","id":"physical-as-bay-names-hydro-coast-12904","properties":{"id":"physical-as-bay-names-hydro-coast-12904","slug":"cofente","name":"Cofente","localName":"Cofente","aliases":[],"kind":"coast","sourceId":"sitpa-physical","territoryIds":["es-as"],"bbox":[-6.66442,43.56537,-6.66442,43.56537],"center":[-6.66442,43.56537]},"geometry":{"type":"Point","coordinates":[-6.66442,43.56537]}},{"type":"Feature","id":"physical-as-bay-names-hydro-coast-12905","properties":{"id":"physical-as-bay-names-hydro-coast-12905","slug":"losera","name":"Losera","localName":"Losera","aliases":[],"kind":"coast","sourceId":"sitpa-physical","territoryIds":["es-as"],"bbox":[-6.65585,43.56637,-6.65585,43.56637],"center":[-6.65585,43.56637]},"geometry":{"type":"Point","coordinates":[-6.65585,43.56637]}},{"type":"Feature","id":"physical-as-island-names-hydro-coast-12906","properties":{"id":"physical-as-island-names-hydro-coast-12906","slug":"el-corveiron","name":"El Corveirón","localName":"El Corveirón","aliases":[],"kind":"island","sourceId":"sitpa-physical","territoryIds":["es-as"],"bbox":[-6.66359,43.56789,-6.66359,43.56789],"center":[-6.66359,43.56789]},"geometry":{"type":"Point","coordinates":[-6.66359,43.56789]}},{"type":"Feature","id":"physical-as-island-names-hydro-coast-12907","properties":{"id":"physical-as-island-names-hydro-coast-12907","slug":"isla-de-veiga","name":"Isla De Veiga","localName":"Isla De Veiga","aliases":[],"kind":"island","sourceId":"sitpa-physical","territoryIds":["es-as"],"bbox":[-6.66131,43.56918,-6.66131,43.56918],"center":[-6.66131,43.56918]},"geometry":{"type":"Point","coordinates":[-6.66131,43.56918]}},{"type":"Feature","id":"physical-as-estuary-names-hydro-coast-12908","properties":{"id":"physical-as-estuary-names-hydro-coast-12908","slug":"frexulfe","name":"Frexulfe","localName":"Frexulfe","aliases":[],"kind":"estuary","sourceId":"sitpa-physical","territoryIds":["es-as"],"bbox":[-6.67345,43.55981,-6.67345,43.55981],"center":[-6.67345,43.55981]},"geometry":{"type":"Point","coordinates":[-6.67345,43.55981]}},{"type":"Feature","id":"physical-as-cape-names-hydro-coast-12931","properties":{"id":"physical-as-cape-names-hydro-coast-12931","slug":"punta-la-vaquina","name":"Punta La Vaquina","localName":"Punta La Vaquina","aliases":[],"kind":"cape","sourceId":"sitpa-physical","territoryIds":["es-as"],"bbox":[-6.60734,43.56598,-6.60734,43.56598],"center":[-6.60734,43.56598]},"geometry":{"type":"Point","coordinates":[-6.60734,43.56598]}},{"type":"Feature","id":"physical-as-cape-names-hydro-coast-12932","properties":{"id":"physical-as-cape-names-hydro-coast-12932","slug":"punta-pata-roxa","name":"Punta Pata Roxa","localName":"Punta Pata Roxa","aliases":[],"kind":"cape","sourceId":"sitpa-physical","territoryIds":["es-as"],"bbox":[-6.616,43.56656,-6.616,43.56656],"center":[-6.616,43.56656]},"geometry":{"type":"Point","coordinates":[-6.616,43.56656]}},{"type":"Feature","id":"physical-as-bay-names-hydro-coast-12933","properties":{"id":"physical-as-bay-names-hydro-coast-12933","slug":"los-anaos","name":"Los Anaos","localName":"Los Anaos","aliases":[],"kind":"coast","sourceId":"sitpa-physical","territoryIds":["es-as"],"bbox":[-6.62027,43.56648,-6.62027,43.56648],"center":[-6.62027,43.56648]},"geometry":{"type":"Point","coordinates":[-6.62027,43.56648]}},{"type":"Feature","id":"physical-as-bay-names-hydro-coast-12934","properties":{"id":"physical-as-bay-names-hydro-coast-12934","slug":"la-tornil","name":"La Tornil","localName":"La Tornil","aliases":[],"kind":"coast","sourceId":"sitpa-physical","territoryIds":["es-as"],"bbox":[-6.62162,43.56802,-6.62162,43.56802],"center":[-6.62162,43.56802]},"geometry":{"type":"Point","coordinates":[-6.62162,43.56802]}},{"type":"Feature","id":"physical-as-cape-names-hydro-coast-12935","properties":{"id":"physical-as-cape-names-hydro-coast-12935","slug":"punta-el-oligu","name":"Punta El Oligu","localName":"Punta El Oligu","aliases":[],"kind":"cape","sourceId":"sitpa-physical","territoryIds":["es-as"],"bbox":[-6.62181,43.57021,-6.62181,43.57021],"center":[-6.62181,43.57021]},"geometry":{"type":"Point","coordinates":[-6.62181,43.57021]}},{"type":"Feature","id":"physical-as-cape-names-hydro-coast-12936","properties":{"id":"physical-as-cape-names-hydro-coast-12936","slug":"punta-el-castro","name":"Punta El Castro","localName":"Punta El Castro","aliases":[],"kind":"cape","sourceId":"sitpa-physical","territoryIds":["es-as"],"bbox":[-6.63338,43.57012,-6.63338,43.57012],"center":[-6.63338,43.57012]},"geometry":{"type":"Point","coordinates":[-6.63338,43.57012]}},{"type":"Feature","id":"physical-as-bay-names-hydro-coast-12937","properties":{"id":"physical-as-bay-names-hydro-coast-12937","slug":"canares","name":"Canares","localName":"Canares","aliases":[],"kind":"coast","sourceId":"sitpa-physical","territoryIds":["es-as"],"bbox":[-6.62897,43.56931,-6.62897,43.56931],"center":[-6.62897,43.56931]},"geometry":{"type":"Point","coordinates":[-6.62897,43.56931]}},{"type":"Feature","id":"physical-as-bay-names-hydro-coast-12939","properties":{"id":"physical-as-bay-names-hydro-coast-12939","slug":"el-talludo","name":"El Talludo","localName":"El Talludo","aliases":[],"kind":"coast","sourceId":"sitpa-physical","territoryIds":["es-as"],"bbox":[-6.63519,43.56877,-6.63519,43.56877],"center":[-6.63519,43.56877]},"geometry":{"type":"Point","coordinates":[-6.63519,43.56877]}},{"type":"Feature","id":"physical-as-bay-names-hydro-coast-12940","properties":{"id":"physical-as-bay-names-hydro-coast-12940","slug":"culiechas","name":"Culiechas","localName":"Culiechas","aliases":[],"kind":"coast","sourceId":"sitpa-physical","territoryIds":["es-as"],"bbox":[-6.63707,43.56907,-6.63707,43.56907],"center":[-6.63707,43.56907]},"geometry":{"type":"Point","coordinates":[-6.63707,43.56907]}},{"type":"Feature","id":"physical-as-bay-names-hydro-coast-12941","properties":{"id":"physical-as-bay-names-hydro-coast-12941","slug":"el-tendeiro","name":"El Tendeiro","localName":"El Tendeiro","aliases":[],"kind":"coast","sourceId":"sitpa-physical","territoryIds":["es-as"],"bbox":[-6.63828,43.569,-6.63828,43.569],"center":[-6.63828,43.569]},"geometry":{"type":"Point","coordinates":[-6.63828,43.569]}},{"type":"Feature","id":"physical-as-bay-names-hydro-coast-12942","properties":{"id":"physical-as-bay-names-hydro-coast-12942","slug":"la-cantieira","name":"La Cantieira","localName":"La Cantieira","aliases":[],"kind":"coast","sourceId":"sitpa-physical","territoryIds":["es-as"],"bbox":[-6.64288,43.56863,-6.64288,43.56863],"center":[-6.64288,43.56863]},"geometry":{"type":"Point","coordinates":[-6.64288,43.56863]}},{"type":"Feature","id":"physical-as-bay-names-hydro-coast-12943","properties":{"id":"physical-as-bay-names-hydro-coast-12943","slug":"la-filosa","name":"La Filosa","localName":"La Filosa","aliases":[],"kind":"coast","sourceId":"sitpa-physical","territoryIds":["es-as"],"bbox":[-6.6443,43.56881,-6.6443,43.56881],"center":[-6.6443,43.56881]},"geometry":{"type":"Point","coordinates":[-6.6443,43.56881]}},{"type":"Feature","id":"physical-as-cape-names-hydro-coast-12944","properties":{"id":"physical-as-cape-names-hydro-coast-12944","slug":"punta-la-farola","name":"Punta La Farola","localName":"Punta La Farola","aliases":[],"kind":"cape","sourceId":"sitpa-physical","territoryIds":["es-as"],"bbox":[-6.64589,43.56737,-6.64589,43.56737],"center":[-6.64589,43.56737]},"geometry":{"type":"Point","coordinates":[-6.64589,43.56737]}},{"type":"Feature","id":"physical-as-bay-names-hydro-coast-12945","properties":{"id":"physical-as-bay-names-hydro-coast-12945","slug":"el-ruin","name":"El Ruín","localName":"El Ruín","aliases":[],"kind":"coast","sourceId":"sitpa-physical","territoryIds":["es-as"],"bbox":[-6.64039,43.56916,-6.64039,43.56916],"center":[-6.64039,43.56916]},"geometry":{"type":"Point","coordinates":[-6.64039,43.56916]}},{"type":"Feature","id":"physical-as-cape-names-hydro-coast-12946","properties":{"id":"physical-as-cape-names-hydro-coast-12946","slug":"punta-romanellias","name":"Punta Romanellías","localName":"Punta Romanellías","aliases":[],"kind":"cape","sourceId":"sitpa-physical","territoryIds":["es-as"],"bbox":[-6.62903,43.57311,-6.62903,43.57311],"center":[-6.62903,43.57311]},"geometry":{"type":"Point","coordinates":[-6.62903,43.57311]}},{"type":"Feature","id":"physical-as-island-names-hydro-coast-12947","properties":{"id":"physical-as-island-names-hydro-coast-12947","slug":"romanellias","name":"Romanellías","localName":"Romanellías","aliases":[],"kind":"island","sourceId":"sitpa-physical","territoryIds":["es-as"],"bbox":[-6.62568,43.57539,-6.62568,43.57539],"center":[-6.62568,43.57539]},"geometry":{"type":"Point","coordinates":[-6.62568,43.57539]}},{"type":"Feature","id":"physical-as-island-names-hydro-coast-12948","properties":{"id":"physical-as-island-names-hydro-coast-12948","slug":"la-pedrona","name":"La Pedrona","localName":"La Pedrona","aliases":[],"kind":"island","sourceId":"sitpa-physical","territoryIds":["es-as"],"bbox":[-6.62656,43.57448,-6.62656,43.57448],"center":[-6.62656,43.57448]},"geometry":{"type":"Point","coordinates":[-6.62656,43.57448]}},{"type":"Feature","id":"physical-as-island-names-hydro-coast-12949","properties":{"id":"physical-as-island-names-hydro-coast-12949","slug":"la-barxa","name":"La Barxa","localName":"La Barxa","aliases":[],"kind":"island","sourceId":"sitpa-physical","territoryIds":["es-as"],"bbox":[-6.64541,43.56818,-6.64541,43.56818],"center":[-6.64541,43.56818]},"geometry":{"type":"Point","coordinates":[-6.64541,43.56818]}},{"type":"Feature","id":"physical-as-island-names-hydro-coast-12950","properties":{"id":"physical-as-island-names-hydro-coast-12950","slug":"estuerbas","name":"Estuerbas","localName":"Estuerbas","aliases":[],"kind":"island","sourceId":"sitpa-physical","territoryIds":["es-as"],"bbox":[-6.6455,43.56632,-6.6455,43.56632],"center":[-6.6455,43.56632]},"geometry":{"type":"Point","coordinates":[-6.6455,43.56632]}},{"type":"Feature","id":"physical-as-bay-names-hydro-coast-12996","properties":{"id":"physical-as-bay-names-hydro-coast-12996","slug":"l-esbarradoiro","name":"L' Esbarradoiro","localName":"L' Esbarradoiro","aliases":[],"kind":"coast","sourceId":"sitpa-physical","territoryIds":["es-as"],"bbox":[-6.60296,43.5659,-6.60296,43.5659],"center":[-6.60296,43.5659]},"geometry":{"type":"Point","coordinates":[-6.60296,43.5659]}},{"type":"Feature","id":"physical-as-cape-names-hydro-coast-12997","properties":{"id":"physical-as-cape-names-hydro-coast-12997","slug":"punta-del-cuerno","name":"Punta Del Cuerno","localName":"Punta Del Cuerno","aliases":[],"kind":"cape","sourceId":"sitpa-physical","territoryIds":["es-as"],"bbox":[-6.60211,43.56498,-6.60211,43.56498],"center":[-6.60211,43.56498]},"geometry":{"type":"Point","coordinates":[-6.60211,43.56498]}},{"type":"Feature","id":"physical-as-cape-names-hydro-coast-12998","properties":{"id":"physical-as-cape-names-hydro-coast-12998","slug":"punta-del-sol","name":"Punta Del Sol","localName":"Punta Del Sol","aliases":[],"kind":"cape","sourceId":"sitpa-physical","territoryIds":["es-as"],"bbox":[-6.60123,43.56352,-6.60123,43.56352],"center":[-6.60123,43.56352]},"geometry":{"type":"Point","coordinates":[-6.60123,43.56352]}},{"type":"Feature","id":"physical-as-bay-names-hydro-coast-12999","properties":{"id":"physical-as-bay-names-hydro-coast-12999","slug":"los-aguiones","name":"Los Aguiones","localName":"Los Aguiones","aliases":[],"kind":"coast","sourceId":"sitpa-physical","territoryIds":["es-as"],"bbox":[-6.5999,43.55685,-6.5999,43.55685],"center":[-6.5999,43.55685]},"geometry":{"type":"Point","coordinates":[-6.5999,43.55685]}},{"type":"Feature","id":"physical-as-bay-names-hydro-coast-13000","properties":{"id":"physical-as-bay-names-hydro-coast-13000","slug":"las-barqueras","name":"Las Barqueras","localName":"Las Barqueras","aliases":[],"kind":"coast","sourceId":"sitpa-physical","territoryIds":["es-as"],"bbox":[-6.59896,43.55612,-6.59896,43.55612],"center":[-6.59896,43.55612]},"geometry":{"type":"Point","coordinates":[-6.59896,43.55612]}},{"type":"Feature","id":"physical-as-bay-names-hydro-coast-13001","properties":{"id":"physical-as-bay-names-hydro-coast-13001","slug":"el-gofon","name":"El Gofón","localName":"El Gofón","aliases":[],"kind":"coast","sourceId":"sitpa-physical","territoryIds":["es-as"],"bbox":[-6.59945,43.55465,-6.59945,43.55465],"center":[-6.59945,43.55465]},"geometry":{"type":"Point","coordinates":[-6.59945,43.55465]}},{"type":"Feature","id":"physical-as-bay-names-hydro-coast-13002","properties":{"id":"physical-as-bay-names-hydro-coast-13002","slug":"granda-l-pico","name":"Granda'l Pico","localName":"Granda'l Pico","aliases":[],"kind":"coast","sourceId":"sitpa-physical","territoryIds":["es-as"],"bbox":[-6.58311,43.55538,-6.58311,43.55538],"center":[-6.58311,43.55538]},"geometry":{"type":"Point","coordinates":[-6.58311,43.55538]}},{"type":"Feature","id":"physical-as-bay-names-hydro-coast-13003","properties":{"id":"physical-as-bay-names-hydro-coast-13003","slug":"el-castano","name":"El Castaño","localName":"El Castaño","aliases":[],"kind":"coast","sourceId":"sitpa-physical","territoryIds":["es-as"],"bbox":[-6.57912,43.55723,-6.57912,43.55723],"center":[-6.57912,43.55723]},"geometry":{"type":"Point","coordinates":[-6.57912,43.55723]}},{"type":"Feature","id":"physical-as-bay-names-hydro-coast-13004","properties":{"id":"physical-as-bay-names-hydro-coast-13004","slug":"el-pucagon","name":"El Pucagón","localName":"El Pucagón","aliases":[],"kind":"coast","sourceId":"sitpa-physical","territoryIds":["es-as"],"bbox":[-6.57721,43.55719,-6.57721,43.55719],"center":[-6.57721,43.55719]},"geometry":{"type":"Point","coordinates":[-6.57721,43.55719]}},{"type":"Feature","id":"physical-as-bay-names-hydro-coast-13005","properties":{"id":"physical-as-bay-names-hydro-coast-13005","slug":"la-maseirona","name":"La Maseirona","localName":"La Maseirona","aliases":[],"kind":"coast","sourceId":"sitpa-physical","territoryIds":["es-as"],"bbox":[-6.57358,43.55723,-6.57358,43.55723],"center":[-6.57358,43.55723]},"geometry":{"type":"Point","coordinates":[-6.57358,43.55723]}},{"type":"Feature","id":"physical-as-bay-names-hydro-coast-13006","properties":{"id":"physical-as-bay-names-hydro-coast-13006","slug":"la-pumariega","name":"La Pumariega","localName":"La Pumariega","aliases":[],"kind":"coast","sourceId":"sitpa-physical","territoryIds":["es-as"],"bbox":[-6.57108,43.55689,-6.57108,43.55689],"center":[-6.57108,43.55689]},"geometry":{"type":"Point","coordinates":[-6.57108,43.55689]}},{"type":"Feature","id":"physical-as-bay-names-hydro-coast-13007","properties":{"id":"physical-as-bay-names-hydro-coast-13007","slug":"pozo-las-varas","name":"Pozo Las Varas","localName":"Pozo Las Varas","aliases":[],"kind":"coast","sourceId":"sitpa-physical","territoryIds":["es-as"],"bbox":[-6.56909,43.55707,-6.56909,43.55707],"center":[-6.56909,43.55707]},"geometry":{"type":"Point","coordinates":[-6.56909,43.55707]}},{"type":"Feature","id":"physical-as-cape-names-hydro-coast-13008","properties":{"id":"physical-as-cape-names-hydro-coast-13008","slug":"punta-l-prao","name":"Punta'l Prao","localName":"Punta'l Prao","aliases":[],"kind":"cape","sourceId":"sitpa-physical","territoryIds":["es-as"],"bbox":[-6.59251,43.55409,-6.59251,43.55409],"center":[-6.59251,43.55409]},"geometry":{"type":"Point","coordinates":[-6.59251,43.55409]}},{"type":"Feature","id":"physical-as-cape-names-hydro-coast-13042","properties":{"id":"physical-as-cape-names-hydro-coast-13042","slug":"punta-enguilo","name":"Punta Enguilo","localName":"Punta Enguilo","aliases":[],"kind":"cape","sourceId":"sitpa-physical","territoryIds":["es-as"],"bbox":[-6.52253,43.55064,-6.52253,43.55064],"center":[-6.52253,43.55064]},"geometry":{"type":"Point","coordinates":[-6.52253,43.55064]}},{"type":"Feature","id":"physical-as-bay-names-hydro-coast-13043","properties":{"id":"physical-as-bay-names-hydro-coast-13043","slug":"la-encoronada","name":"La Encoronada","localName":"La Encoronada","aliases":[],"kind":"coast","sourceId":"sitpa-physical","territoryIds":["es-as"],"bbox":[-6.53935,43.55002,-6.53935,43.55002],"center":[-6.53935,43.55002]},"geometry":{"type":"Point","coordinates":[-6.53935,43.55002]}},{"type":"Feature","id":"physical-as-cape-names-hydro-coast-13044","properties":{"id":"physical-as-cape-names-hydro-coast-13044","slug":"punta-muyeres","name":"Punta Muyeres","localName":"Punta Muyeres","aliases":[],"kind":"cape","sourceId":"sitpa-physical","territoryIds":["es-as"],"bbox":[-6.5398,43.55298,-6.5398,43.55298],"center":[-6.5398,43.55298]},"geometry":{"type":"Point","coordinates":[-6.5398,43.55298]}},{"type":"Feature","id":"physical-as-cape-names-hydro-coast-13045","properties":{"id":"physical-as-cape-names-hydro-coast-13045","slug":"punta-los-ferreales","name":"Punta Los Ferreales","localName":"Punta Los Ferreales","aliases":[],"kind":"cape","sourceId":"sitpa-physical","territoryIds":["es-as"],"bbox":[-6.56187,43.5564,-6.56187,43.5564],"center":[-6.56187,43.5564]},"geometry":{"type":"Point","coordinates":[-6.56187,43.5564]}},{"type":"Feature","id":"physical-as-cape-names-hydro-coast-13046","properties":{"id":"physical-as-cape-names-hydro-coast-13046","slug":"punta-gabiares","name":"Punta Gabiares","localName":"Punta Gabiares","aliases":[],"kind":"cape","sourceId":"sitpa-physical","territoryIds":["es-as"],"bbox":[-6.55816,43.55582,-6.55816,43.55582],"center":[-6.55816,43.55582]},"geometry":{"type":"Point","coordinates":[-6.55816,43.55582]}},{"type":"Feature","id":"physical-as-cape-names-hydro-coast-13047","properties":{"id":"physical-as-cape-names-hydro-coast-13047","slug":"punta-raposera","name":"Punta Raposera","localName":"Punta Raposera","aliases":[],"kind":"cape","sourceId":"sitpa-physical","territoryIds":["es-as"],"bbox":[-6.55363,43.55481,-6.55363,43.55481],"center":[-6.55363,43.55481]},"geometry":{"type":"Point","coordinates":[-6.55363,43.55481]}},{"type":"Feature","id":"physical-as-cape-names-hydro-coast-13048","properties":{"id":"physical-as-cape-names-hydro-coast-13048","slug":"punta-percebera","name":"Punta Percebera","localName":"Punta Percebera","aliases":[],"kind":"cape","sourceId":"sitpa-physical","territoryIds":["es-as"],"bbox":[-6.54188,43.55509,-6.54188,43.55509],"center":[-6.54188,43.55509]},"geometry":{"type":"Point","coordinates":[-6.54188,43.55509]}},{"type":"Feature","id":"physical-as-bay-names-hydro-coast-13049","properties":{"id":"physical-as-bay-names-hydro-coast-13049","slug":"el-canar","name":"El Canar","localName":"El Canar","aliases":[],"kind":"coast","sourceId":"sitpa-physical","territoryIds":["es-as"],"bbox":[-6.55172,43.5527,-6.55172,43.5527],"center":[-6.55172,43.5527]},"geometry":{"type":"Point","coordinates":[-6.55172,43.5527]}},{"type":"Feature","id":"physical-as-bay-names-hydro-coast-13050","properties":{"id":"physical-as-bay-names-hydro-coast-13050","slug":"la-conchona","name":"La Conchona","localName":"La Conchona","aliases":[],"kind":"coast","sourceId":"sitpa-physical","territoryIds":["es-as"],"bbox":[-6.5581,43.55358,-6.5581,43.55358],"center":[-6.5581,43.55358]},"geometry":{"type":"Point","coordinates":[-6.5581,43.55358]}},{"type":"Feature","id":"physical-as-cape-names-hydro-coast-13051","properties":{"id":"physical-as-cape-names-hydro-coast-13051","slug":"punta-argumosu","name":"Punta Argumosu","localName":"Punta Argumosu","aliases":[],"kind":"cape","sourceId":"sitpa-physical","territoryIds":["es-as"],"bbox":[-6.54044,43.55395,-6.54044,43.55395],"center":[-6.54044,43.55395]},"geometry":{"type":"Point","coordinates":[-6.54044,43.55395]}},{"type":"Feature","id":"physical-as-cape-names-hydro-coast-13052","properties":{"id":"physical-as-cape-names-hydro-coast-13052","slug":"o-punta-del-medio","name":"Ó Punta Del Medio","localName":"Ó Punta Del Medio","aliases":[],"kind":"cape","sourceId":"sitpa-physical","territoryIds":["es-as"],"bbox":[-6.5405,43.55378,-6.5405,43.55378],"center":[-6.5405,43.55378]},"geometry":{"type":"Point","coordinates":[-6.5405,43.55378]}},{"type":"Feature","id":"physical-as-bay-names-hydro-coast-13053","properties":{"id":"physical-as-bay-names-hydro-coast-13053","slug":"castiel","name":"Castiel","localName":"Castiel","aliases":[],"kind":"coast","sourceId":"sitpa-physical","territoryIds":["es-as"],"bbox":[-6.54149,43.55244,-6.54149,43.55244],"center":[-6.54149,43.55244]},"geometry":{"type":"Point","coordinates":[-6.54149,43.55244]}},{"type":"Feature","id":"physical-as-bay-names-hydro-coast-13054","properties":{"id":"physical-as-bay-names-hydro-coast-13054","slug":"las-cuevas","name":"Las Cuevas","localName":"Las Cuevas","aliases":[],"kind":"coast","sourceId":"sitpa-physical","territoryIds":["es-as"],"bbox":[-6.54709,43.55411,-6.54709,43.55411],"center":[-6.54709,43.55411]},"geometry":{"type":"Point","coordinates":[-6.54709,43.55411]}},{"type":"Feature","id":"physical-as-bay-names-hydro-coast-13092","properties":{"id":"physical-as-bay-names-hydro-coast-13092","slug":"el-chao","name":"El Chao","localName":"El Chao","aliases":[],"kind":"coast","sourceId":"sitpa-physical","territoryIds":["es-as"],"bbox":[-6.50615,43.55152,-6.50615,43.55152],"center":[-6.50615,43.55152]},"geometry":{"type":"Point","coordinates":[-6.50615,43.55152]}},{"type":"Feature","id":"physical-as-cape-names-hydro-coast-13093","properties":{"id":"physical-as-cape-names-hydro-coast-13093","slug":"punta-rubion","name":"Punta Rubión","localName":"Punta Rubión","aliases":[],"kind":"cape","sourceId":"sitpa-physical","territoryIds":["es-as"],"bbox":[-6.49769,43.55181,-6.49769,43.55181],"center":[-6.49769,43.55181]},"geometry":{"type":"Point","coordinates":[-6.49769,43.55181]}},{"type":"Feature","id":"physical-as-cape-names-hydro-coast-13094","properties":{"id":"physical-as-cape-names-hydro-coast-13094","slug":"punta-musqueiro","name":"Punta Musqueiro","localName":"Punta Musqueiro","aliases":[],"kind":"cape","sourceId":"sitpa-physical","territoryIds":["es-as"],"bbox":[-6.48204,43.55309,-6.48204,43.55309],"center":[-6.48204,43.55309]},"geometry":{"type":"Point","coordinates":[-6.48204,43.55309]}},{"type":"Feature","id":"physical-as-bay-names-hydro-coast-13178","properties":{"id":"physical-as-bay-names-hydro-coast-13178","slug":"castiellu-bozo","name":"Castiellu Bozo","localName":"Castiellu Bozo","aliases":[],"kind":"coast","sourceId":"sitpa-physical","territoryIds":["es-as"],"bbox":[-6.47667,43.56365,-6.47667,43.56365],"center":[-6.47667,43.56365]},"geometry":{"type":"Point","coordinates":[-6.47667,43.56365]}},{"type":"Feature","id":"physical-as-bay-names-hydro-coast-13179","properties":{"id":"physical-as-bay-names-hydro-coast-13179","slug":"las-mochas","name":"Las Mochas","localName":"Las Mochas","aliases":[],"kind":"coast","sourceId":"sitpa-physical","territoryIds":["es-as"],"bbox":[-6.47435,43.5681,-6.47435,43.5681],"center":[-6.47435,43.5681]},"geometry":{"type":"Point","coordinates":[-6.47435,43.5681]}},{"type":"Feature","id":"physical-as-cape-names-hydro-coast-13180","properties":{"id":"physical-as-cape-names-hydro-coast-13180","slug":"cabo-busto","name":"Cabo Busto","localName":"Cabo Busto","aliases":[],"kind":"cape","sourceId":"sitpa-physical","territoryIds":["es-as"],"bbox":[-6.4704,43.57148,-6.4704,43.57148],"center":[-6.4704,43.57148]},"geometry":{"type":"Point","coordinates":[-6.4704,43.57148]}},{"type":"Feature","id":"physical-as-cape-names-hydro-coast-13181","properties":{"id":"physical-as-cape-names-hydro-coast-13181","slug":"punta-el-faro","name":"Punta El Faro","localName":"Punta El Faro","aliases":[],"kind":"cape","sourceId":"sitpa-physical","territoryIds":["es-as"],"bbox":[-6.47049,43.57124,-6.47049,43.57124],"center":[-6.47049,43.57124]},"geometry":{"type":"Point","coordinates":[-6.47049,43.57124]}},{"type":"Feature","id":"physical-as-cape-names-hydro-coast-13182","properties":{"id":"physical-as-cape-names-hydro-coast-13182","slug":"punta-el-golgon","name":"Punta El Golgón","localName":"Punta El Golgón","aliases":[],"kind":"cape","sourceId":"sitpa-physical","territoryIds":["es-as"],"bbox":[-6.45991,43.56912,-6.45991,43.56912],"center":[-6.45991,43.56912]},"geometry":{"type":"Point","coordinates":[-6.45991,43.56912]}},{"type":"Feature","id":"physical-as-bay-names-hydro-coast-13183","properties":{"id":"physical-as-bay-names-hydro-coast-13183","slug":"las-perceberas","name":"Las Perceberas","localName":"Las Perceberas","aliases":[],"kind":"coast","sourceId":"sitpa-physical","territoryIds":["es-as"],"bbox":[-6.45628,43.56483,-6.45628,43.56483],"center":[-6.45628,43.56483]},"geometry":{"type":"Point","coordinates":[-6.45628,43.56483]}},{"type":"Feature","id":"physical-as-cape-names-hydro-coast-13184","properties":{"id":"physical-as-cape-names-hydro-coast-13184","slug":"punta-corbeirinos","name":"Punta Corbeirinos","localName":"Punta Corbeirinos","aliases":[],"kind":"cape","sourceId":"sitpa-physical","territoryIds":["es-as"],"bbox":[-6.45464,43.56476,-6.45464,43.56476],"center":[-6.45464,43.56476]},"geometry":{"type":"Point","coordinates":[-6.45464,43.56476]}},{"type":"Feature","id":"physical-as-island-names-hydro-coast-13185","properties":{"id":"physical-as-island-names-hydro-coast-13185","slug":"castiellu-el-serron","name":"Castiellu El Serrón","localName":"Castiellu El Serrón","aliases":[],"kind":"island","sourceId":"sitpa-physical","territoryIds":["es-as"],"bbox":[-6.4606,43.56995,-6.4606,43.56995],"center":[-6.4606,43.56995]},"geometry":{"type":"Point","coordinates":[-6.4606,43.56995]}},{"type":"Feature","id":"physical-as-bay-names-hydro-coast-13186","properties":{"id":"physical-as-bay-names-hydro-coast-13186","slug":"ensenada-de-caneiru","name":"Ensenada De Caneiru","localName":"Ensenada De Caneiru","aliases":[],"kind":"bay","sourceId":"sitpa-physical","territoryIds":["es-as"],"bbox":[-6.47657,43.55206,-6.47657,43.55206],"center":[-6.47657,43.55206]},"geometry":{"type":"Point","coordinates":[-6.47657,43.55206]}},{"type":"Feature","id":"physical-as-cape-names-hydro-coast-13187","properties":{"id":"physical-as-cape-names-hydro-coast-13187","slug":"punta-l-aguila","name":"Punta L'aguila","localName":"Punta L'aguila","aliases":[],"kind":"cape","sourceId":"sitpa-physical","territoryIds":["es-as"],"bbox":[-6.47615,43.55545,-6.47615,43.55545],"center":[-6.47615,43.55545]},"geometry":{"type":"Point","coordinates":[-6.47615,43.55545]}},{"type":"Feature","id":"physical-as-bay-names-hydro-coast-13188","properties":{"id":"physical-as-bay-names-hydro-coast-13188","slug":"los-cantones","name":"Los Cantones","localName":"Los Cantones","aliases":[],"kind":"coast","sourceId":"sitpa-physical","territoryIds":["es-as"],"bbox":[-6.47647,43.56121,-6.47647,43.56121],"center":[-6.47647,43.56121]},"geometry":{"type":"Point","coordinates":[-6.47647,43.56121]}},{"type":"Feature","id":"physical-as-cape-names-hydro-coast-13189","properties":{"id":"physical-as-cape-names-hydro-coast-13189","slug":"punta-de-la-osa","name":"Punta De La Osa","localName":"Punta De La Osa","aliases":[],"kind":"cape","sourceId":"sitpa-physical","territoryIds":["es-as"],"bbox":[-6.44514,43.5622,-6.44514,43.5622],"center":[-6.44514,43.5622]},"geometry":{"type":"Point","coordinates":[-6.44514,43.5622]}},{"type":"Feature","id":"physical-as-bay-names-hydro-coast-13190","properties":{"id":"physical-as-bay-names-hydro-coast-13190","slug":"el-fornu","name":"El Fornu","localName":"El Fornu","aliases":[],"kind":"coast","sourceId":"sitpa-physical","territoryIds":["es-as"],"bbox":[-6.44436,43.56072,-6.44436,43.56072],"center":[-6.44436,43.56072]},"geometry":{"type":"Point","coordinates":[-6.44436,43.56072]}},{"type":"Feature","id":"physical-as-cape-names-hydro-coast-13191","properties":{"id":"physical-as-cape-names-hydro-coast-13191","slug":"punta-de-santana","name":"Punta De Santana","localName":"Punta De Santana","aliases":[],"kind":"cape","sourceId":"sitpa-physical","territoryIds":["es-as"],"bbox":[-6.44025,43.55957,-6.44025,43.55957],"center":[-6.44025,43.55957]},"geometry":{"type":"Point","coordinates":[-6.44025,43.55957]}},{"type":"Feature","id":"physical-as-island-names-hydro-coast-13192","properties":{"id":"physical-as-island-names-hydro-coast-13192","slug":"el-horreo","name":"El Horreo","localName":"El Horreo","aliases":[],"kind":"island","sourceId":"sitpa-physical","territoryIds":["es-as"],"bbox":[-6.4731,43.55237,-6.4731,43.55237],"center":[-6.4731,43.55237]},"geometry":{"type":"Point","coordinates":[-6.4731,43.55237]}},{"type":"Feature","id":"physical-as-bay-names-hydro-coast-13319","properties":{"id":"physical-as-bay-names-hydro-coast-13319","slug":"fucicon","name":"Fucicón","localName":"Fucicón","aliases":[],"kind":"coast","sourceId":"sitpa-physical","territoryIds":["es-as"],"bbox":[-6.43432,43.55608,-6.43432,43.55608],"center":[-6.43432,43.55608]},"geometry":{"type":"Point","coordinates":[-6.43432,43.55608]}},{"type":"Feature","id":"physical-as-bay-names-hydro-coast-13320","properties":{"id":"physical-as-bay-names-hydro-coast-13320","slug":"las-resiellas","name":"Las Resiellas","localName":"Las Resiellas","aliases":[],"kind":"coast","sourceId":"sitpa-physical","territoryIds":["es-as"],"bbox":[-6.42536,43.55359,-6.42536,43.55359],"center":[-6.42536,43.55359]},"geometry":{"type":"Point","coordinates":[-6.42536,43.55359]}},{"type":"Feature","id":"physical-as-bay-names-hydro-coast-13321","properties":{"id":"physical-as-bay-names-hydro-coast-13321","slug":"los-cristos","name":"Los Cristos","localName":"Los Cristos","aliases":[],"kind":"coast","sourceId":"sitpa-physical","territoryIds":["es-as"],"bbox":[-6.41958,43.5563,-6.41958,43.5563],"center":[-6.41958,43.5563]},"geometry":{"type":"Point","coordinates":[-6.41958,43.5563]}},{"type":"Feature","id":"physical-as-cape-names-hydro-coast-13322","properties":{"id":"physical-as-cape-names-hydro-coast-13322","slug":"punta-pecebreros","name":"Punta Pecebreros","localName":"Punta Pecebreros","aliases":[],"kind":"cape","sourceId":"sitpa-physical","territoryIds":["es-as"],"bbox":[-6.41748,43.55855,-6.41748,43.55855],"center":[-6.41748,43.55855]},"geometry":{"type":"Point","coordinates":[-6.41748,43.55855]}},{"type":"Feature","id":"physical-as-bay-names-hydro-coast-13323","properties":{"id":"physical-as-bay-names-hydro-coast-13323","slug":"aguariu","name":"Aguariu","localName":"Aguariu","aliases":[],"kind":"coast","sourceId":"sitpa-physical","territoryIds":["es-as"],"bbox":[-6.41382,43.55778,-6.41382,43.55778],"center":[-6.41382,43.55778]},"geometry":{"type":"Point","coordinates":[-6.41382,43.55778]}},{"type":"Feature","id":"physical-as-bay-names-hydro-coast-13324","properties":{"id":"physical-as-bay-names-hydro-coast-13324","slug":"el-peneo-loligo","name":"El Peneo Loligo","localName":"El Peneo Loligo","aliases":[],"kind":"coast","sourceId":"sitpa-physical","territoryIds":["es-as"],"bbox":[-6.39939,43.55939,-6.39939,43.55939],"center":[-6.39939,43.55939]},"geometry":{"type":"Point","coordinates":[-6.39939,43.55939]}},{"type":"Feature","id":"physical-as-bay-names-hydro-coast-13386","properties":{"id":"physical-as-bay-names-hydro-coast-13386","slug":"el-rincon","name":"El Rincón","localName":"El Rincón","aliases":[],"kind":"coast","sourceId":"sitpa-physical","territoryIds":["es-as"],"bbox":[-6.36425,43.5526,-6.36425,43.5526],"center":[-6.36425,43.5526]},"geometry":{"type":"Point","coordinates":[-6.36425,43.5526]}},{"type":"Feature","id":"physical-as-bay-names-hydro-coast-13387","properties":{"id":"physical-as-bay-names-hydro-coast-13387","slug":"puntinas","name":"Puntiñas","localName":"Puntiñas","aliases":[],"kind":"coast","sourceId":"sitpa-physical","territoryIds":["es-as"],"bbox":[-6.36203,43.55366,-6.36203,43.55366],"center":[-6.36203,43.55366]},"geometry":{"type":"Point","coordinates":[-6.36203,43.55366]}},{"type":"Feature","id":"physical-as-bay-names-hydro-coast-13388","properties":{"id":"physical-as-bay-names-hydro-coast-13388","slug":"la-menendez","name":"La Menendez","localName":"La Menendez","aliases":[],"kind":"coast","sourceId":"sitpa-physical","territoryIds":["es-as"],"bbox":[-6.36147,43.55261,-6.36147,43.55261],"center":[-6.36147,43.55261]},"geometry":{"type":"Point","coordinates":[-6.36147,43.55261]}},{"type":"Feature","id":"physical-as-bay-names-hydro-coast-13389","properties":{"id":"physical-as-bay-names-hydro-coast-13389","slug":"puntas-de-cuerno","name":"Puntas De Cuerno","localName":"Puntas De Cuerno","aliases":[],"kind":"coast","sourceId":"sitpa-physical","territoryIds":["es-as"],"bbox":[-6.3686,43.55757,-6.3686,43.55757],"center":[-6.3686,43.55757]},"geometry":{"type":"Point","coordinates":[-6.3686,43.55757]}},{"type":"Feature","id":"physical-as-bay-names-hydro-coast-13390","properties":{"id":"physical-as-bay-names-hydro-coast-13390","slug":"el-canton","name":"El Cantón","localName":"El Cantón","aliases":[],"kind":"coast","sourceId":"sitpa-physical","territoryIds":["es-as"],"bbox":[-6.37978,43.55738,-6.37978,43.55738],"center":[-6.37978,43.55738]},"geometry":{"type":"Point","coordinates":[-6.37978,43.55738]}},{"type":"Feature","id":"physical-as-bay-names-hydro-coast-13391","properties":{"id":"physical-as-bay-names-hydro-coast-13391","slug":"rincon-de-barbas","name":"Rincón De Barbas","localName":"Rincón De Barbas","aliases":[],"kind":"coast","sourceId":"sitpa-physical","territoryIds":["es-as"],"bbox":[-6.38909,43.55846,-6.38909,43.55846],"center":[-6.38909,43.55846]},"geometry":{"type":"Point","coordinates":[-6.38909,43.55846]}},{"type":"Feature","id":"physical-as-cape-names-hydro-coast-13455","properties":{"id":"physical-as-cape-names-hydro-coast-13455","slug":"punta-borona","name":"Punta Borona","localName":"Punta Borona","aliases":[],"kind":"cape","sourceId":"sitpa-physical","territoryIds":["es-as"],"bbox":[-6.31897,43.56458,-6.31897,43.56458],"center":[-6.31897,43.56458]},"geometry":{"type":"Point","coordinates":[-6.31897,43.56458]}},{"type":"Feature","id":"physical-as-cape-names-hydro-coast-13456","properties":{"id":"physical-as-cape-names-hydro-coast-13456","slug":"punta-esquion","name":"Punta Esquión","localName":"Punta Esquión","aliases":[],"kind":"cape","sourceId":"sitpa-physical","territoryIds":["es-as"],"bbox":[-6.33319,43.56236,-6.33319,43.56236],"center":[-6.33319,43.56236]},"geometry":{"type":"Point","coordinates":[-6.33319,43.56236]}},{"type":"Feature","id":"physical-as-bay-names-hydro-coast-13458","properties":{"id":"physical-as-bay-names-hydro-coast-13458","slug":"el-carbayin","name":"El Carbayín","localName":"El Carbayín","aliases":[],"kind":"coast","sourceId":"sitpa-physical","territoryIds":["es-as"],"bbox":[-6.35381,43.55189,-6.35381,43.55189],"center":[-6.35381,43.55189]},"geometry":{"type":"Point","coordinates":[-6.35381,43.55189]}},{"type":"Feature","id":"physical-as-bay-names-hydro-coast-13459","properties":{"id":"physical-as-bay-names-hydro-coast-13459","slug":"el-forno","name":"El Forno","localName":"El Forno","aliases":[],"kind":"coast","sourceId":"sitpa-physical","territoryIds":["es-as"],"bbox":[-6.35258,43.55227,-6.35258,43.55227],"center":[-6.35258,43.55227]},"geometry":{"type":"Point","coordinates":[-6.35258,43.55227]}},{"type":"Feature","id":"physical-as-island-names-hydro-coast-13525","properties":{"id":"physical-as-island-names-hydro-coast-13525","slug":"nocedal","name":"Nocedal","localName":"Nocedal","aliases":[],"kind":"island","sourceId":"sitpa-physical","territoryIds":["es-as"],"bbox":[-6.2986,43.57049,-6.2986,43.57049],"center":[-6.2986,43.57049]},"geometry":{"type":"Point","coordinates":[-6.2986,43.57049]}},{"type":"Feature","id":"physical-as-island-names-hydro-coast-13526","properties":{"id":"physical-as-island-names-hydro-coast-13526","slug":"gayuelos","name":"Gayuelos","localName":"Gayuelos","aliases":[],"kind":"island","sourceId":"sitpa-physical","territoryIds":["es-as"],"bbox":[-6.29424,43.57283,-6.29424,43.57283],"center":[-6.29424,43.57283]},"geometry":{"type":"Point","coordinates":[-6.29424,43.57283]}},{"type":"Feature","id":"physical-as-island-names-hydro-coast-13527","properties":{"id":"physical-as-island-names-hydro-coast-13527","slug":"el-fornon","name":"El Fornón","localName":"El Fornón","aliases":[],"kind":"island","sourceId":"sitpa-physical","territoryIds":["es-as"],"bbox":[-6.28881,43.57165,-6.28881,43.57165],"center":[-6.28881,43.57165]},"geometry":{"type":"Point","coordinates":[-6.28881,43.57165]}},{"type":"Feature","id":"physical-as-island-names-hydro-coast-13528","properties":{"id":"physical-as-island-names-hydro-coast-13528","slug":"el-castro","name":"El Castro","localName":"El Castro","aliases":[],"kind":"island","sourceId":"sitpa-physical","territoryIds":["es-as"],"bbox":[-6.28255,43.5737,-6.28255,43.5737],"center":[-6.28255,43.5737]},"geometry":{"type":"Point","coordinates":[-6.28255,43.5737]}},{"type":"Feature","id":"physical-as-bay-names-hydro-coast-13673","properties":{"id":"physical-as-bay-names-hydro-coast-13673","slug":"el-orreon-de-cueva","name":"El Orreón De Cueva","localName":"El Orreón De Cueva","aliases":[],"kind":"coast","sourceId":"sitpa-physical","territoryIds":["es-as"],"bbox":[-6.24812,43.58764,-6.24812,43.58764],"center":[-6.24812,43.58764]},"geometry":{"type":"Point","coordinates":[-6.24812,43.58764]}},{"type":"Feature","id":"physical-as-bay-names-hydro-coast-13674","properties":{"id":"physical-as-bay-names-hydro-coast-13674","slug":"la-raposina","name":"La Raposina","localName":"La Raposina","aliases":[],"kind":"coast","sourceId":"sitpa-physical","territoryIds":["es-as"],"bbox":[-6.24541,43.59197,-6.24541,43.59197],"center":[-6.24541,43.59197]},"geometry":{"type":"Point","coordinates":[-6.24541,43.59197]}},{"type":"Feature","id":"physical-as-bay-names-hydro-coast-13675","properties":{"id":"physical-as-bay-names-hydro-coast-13675","slug":"la-cabalgada","name":"La Cabalgada","localName":"La Cabalgada","aliases":[],"kind":"coast","sourceId":"sitpa-physical","territoryIds":["es-as"],"bbox":[-6.24639,43.59331,-6.24639,43.59331],"center":[-6.24639,43.59331]},"geometry":{"type":"Point","coordinates":[-6.24639,43.59331]}},{"type":"Feature","id":"physical-as-bay-names-hydro-coast-13676","properties":{"id":"physical-as-bay-names-hydro-coast-13676","slug":"la-cagalera","name":"La Cagalera","localName":"La Cagalera","aliases":[],"kind":"coast","sourceId":"sitpa-physical","territoryIds":["es-as"],"bbox":[-6.24603,43.59452,-6.24603,43.59452],"center":[-6.24603,43.59452]},"geometry":{"type":"Point","coordinates":[-6.24603,43.59452]}},{"type":"Feature","id":"physical-as-cape-names-hydro-coast-13677","properties":{"id":"physical-as-cape-names-hydro-coast-13677","slug":"cabo-vidiu","name":"Cabo Vidiu","localName":"Cabo Vidiu","aliases":[],"kind":"cape","sourceId":"sitpa-physical","territoryIds":["es-as"],"bbox":[-6.246,43.59601,-6.246,43.59601],"center":[-6.246,43.59601]},"geometry":{"type":"Point","coordinates":[-6.246,43.59601]}},{"type":"Feature","id":"physical-as-cape-names-hydro-coast-13678","properties":{"id":"physical-as-cape-names-hydro-coast-13678","slug":"el-orreon-del-cabo","name":"El Orreón Del Cabo","localName":"El Orreón Del Cabo","aliases":[],"kind":"cape","sourceId":"sitpa-physical","territoryIds":["es-as"],"bbox":[-6.2442,43.59634,-6.2442,43.59634],"center":[-6.2442,43.59634]},"geometry":{"type":"Point","coordinates":[-6.2442,43.59634]}},{"type":"Feature","id":"physical-as-bay-names-hydro-coast-13679","properties":{"id":"physical-as-bay-names-hydro-coast-13679","slug":"el-palombo","name":"El Palombo","localName":"El Palombo","aliases":[],"kind":"coast","sourceId":"sitpa-physical","territoryIds":["es-as"],"bbox":[-6.24147,43.59444,-6.24147,43.59444],"center":[-6.24147,43.59444]},"geometry":{"type":"Point","coordinates":[-6.24147,43.59444]}},{"type":"Feature","id":"physical-as-bay-names-hydro-coast-13680","properties":{"id":"physical-as-bay-names-hydro-coast-13680","slug":"el-veiron","name":"El Veirón","localName":"El Veirón","aliases":[],"kind":"coast","sourceId":"sitpa-physical","territoryIds":["es-as"],"bbox":[-6.23642,43.59368,-6.23642,43.59368],"center":[-6.23642,43.59368]},"geometry":{"type":"Point","coordinates":[-6.23642,43.59368]}},{"type":"Feature","id":"physical-as-bay-names-hydro-coast-13681","properties":{"id":"physical-as-bay-names-hydro-coast-13681","slug":"la-hermilda","name":"La Hermilda","localName":"La Hermilda","aliases":[],"kind":"coast","sourceId":"sitpa-physical","territoryIds":["es-as"],"bbox":[-6.23157,43.59253,-6.23157,43.59253],"center":[-6.23157,43.59253]},"geometry":{"type":"Point","coordinates":[-6.23157,43.59253]}},{"type":"Feature","id":"physical-as-cape-names-hydro-coast-13684","properties":{"id":"physical-as-cape-names-hydro-coast-13684","slug":"punta-l-esquiton","name":"Punta L'esquitón","localName":"Punta L'esquitón","aliases":[],"kind":"cape","sourceId":"sitpa-physical","territoryIds":["es-as"],"bbox":[-6.26739,43.57949,-6.26739,43.57949],"center":[-6.26739,43.57949]},"geometry":{"type":"Point","coordinates":[-6.26739,43.57949]}},{"type":"Feature","id":"physical-as-bay-names-hydro-coast-13685","properties":{"id":"physical-as-bay-names-hydro-coast-13685","slug":"el-carreiro","name":"El Carreiro","localName":"El Carreiro","aliases":[],"kind":"coast","sourceId":"sitpa-physical","territoryIds":["es-as"],"bbox":[-6.26573,43.57828,-6.26573,43.57828],"center":[-6.26573,43.57828]},"geometry":{"type":"Point","coordinates":[-6.26573,43.57828]}},{"type":"Feature","id":"physical-as-bay-names-hydro-coast-13686","properties":{"id":"physical-as-bay-names-hydro-coast-13686","slug":"el-bocal-de-vallina","name":"El Bocal De Vallina","localName":"El Bocal De Vallina","aliases":[],"kind":"coast","sourceId":"sitpa-physical","territoryIds":["es-as"],"bbox":[-6.25531,43.5794,-6.25531,43.5794],"center":[-6.25531,43.5794]},"geometry":{"type":"Point","coordinates":[-6.25531,43.5794]}},{"type":"Feature","id":"physical-as-bay-names-hydro-coast-13687","properties":{"id":"physical-as-bay-names-hydro-coast-13687","slug":"el-gallo","name":"El Gallo","localName":"El Gallo","aliases":[],"kind":"coast","sourceId":"sitpa-physical","territoryIds":["es-as"],"bbox":[-6.25046,43.5832,-6.25046,43.5832],"center":[-6.25046,43.5832]},"geometry":{"type":"Point","coordinates":[-6.25046,43.5832]}},{"type":"Feature","id":"physical-as-bay-names-hydro-coast-13818","properties":{"id":"physical-as-bay-names-hydro-coast-13818","slug":"el-curveiro","name":"El Curveiro","localName":"El Curveiro","aliases":[],"kind":"coast","sourceId":"sitpa-physical","territoryIds":["es-as"],"bbox":[-6.22624,43.59101,-6.22624,43.59101],"center":[-6.22624,43.59101]},"geometry":{"type":"Point","coordinates":[-6.22624,43.59101]}},{"type":"Feature","id":"physical-as-bay-names-hydro-coast-13819","properties":{"id":"physical-as-bay-names-hydro-coast-13819","slug":"la-llonga","name":"La Llonga","localName":"La Llonga","aliases":[],"kind":"coast","sourceId":"sitpa-physical","territoryIds":["es-as"],"bbox":[-6.21248,43.58406,-6.21248,43.58406],"center":[-6.21248,43.58406]},"geometry":{"type":"Point","coordinates":[-6.21248,43.58406]}},{"type":"Feature","id":"physical-as-cape-names-hydro-coast-13820","properties":{"id":"physical-as-cape-names-hydro-coast-13820","slug":"punta-malperro","name":"Punta Malperro","localName":"Punta Malperro","aliases":[],"kind":"cape","sourceId":"sitpa-physical","territoryIds":["es-as"],"bbox":[-6.20923,43.58632,-6.20923,43.58632],"center":[-6.20923,43.58632]},"geometry":{"type":"Point","coordinates":[-6.20923,43.58632]}},{"type":"Feature","id":"physical-as-bay-names-hydro-coast-13821","properties":{"id":"physical-as-bay-names-hydro-coast-13821","slug":"la-garita","name":"La Garita","localName":"La Garita","aliases":[],"kind":"coast","sourceId":"sitpa-physical","territoryIds":["es-as"],"bbox":[-6.22167,43.58312,-6.22167,43.58312],"center":[-6.22167,43.58312]},"geometry":{"type":"Point","coordinates":[-6.22167,43.58312]}},{"type":"Feature","id":"physical-as-bay-names-hydro-coast-13822","properties":{"id":"physical-as-bay-names-hydro-coast-13822","slug":"el-pasadorio","name":"El Pasadorio","localName":"El Pasadorio","aliases":[],"kind":"coast","sourceId":"sitpa-physical","territoryIds":["es-as"],"bbox":[-6.21633,43.58036,-6.21633,43.58036],"center":[-6.21633,43.58036]},"geometry":{"type":"Point","coordinates":[-6.21633,43.58036]}},{"type":"Feature","id":"physical-as-bay-names-hydro-coast-13823","properties":{"id":"physical-as-bay-names-hydro-coast-13823","slug":"la-percebera","name":"La Percebera","localName":"La Percebera","aliases":[],"kind":"coast","sourceId":"sitpa-physical","territoryIds":["es-as"],"bbox":[-6.21309,43.58216,-6.21309,43.58216],"center":[-6.21309,43.58216]},"geometry":{"type":"Point","coordinates":[-6.21309,43.58216]}},{"type":"Feature","id":"physical-as-bay-names-hydro-coast-13826","properties":{"id":"physical-as-bay-names-hydro-coast-13826","slug":"oleiro","name":"Oleiro","localName":"Oleiro","aliases":[],"kind":"coast","sourceId":"sitpa-physical","territoryIds":["es-as"],"bbox":[-6.20494,43.58071,-6.20494,43.58071],"center":[-6.20494,43.58071]},"geometry":{"type":"Point","coordinates":[-6.20494,43.58071]}},{"type":"Feature","id":"physical-as-bay-names-hydro-coast-13827","properties":{"id":"physical-as-bay-names-hydro-coast-13827","slug":"el-furau","name":"El Furau","localName":"El Furau","aliases":[],"kind":"coast","sourceId":"sitpa-physical","territoryIds":["es-as"],"bbox":[-6.20589,43.57865,-6.20589,43.57865],"center":[-6.20589,43.57865]},"geometry":{"type":"Point","coordinates":[-6.20589,43.57865]}},{"type":"Feature","id":"physical-as-bay-names-hydro-coast-13828","properties":{"id":"physical-as-bay-names-hydro-coast-13828","slug":"las-traseras","name":"Las Traseras","localName":"Las Traseras","aliases":[],"kind":"coast","sourceId":"sitpa-physical","territoryIds":["es-as"],"bbox":[-6.19624,43.57726,-6.19624,43.57726],"center":[-6.19624,43.57726]},"geometry":{"type":"Point","coordinates":[-6.19624,43.57726]}},{"type":"Feature","id":"physical-as-bay-names-hydro-coast-13829","properties":{"id":"physical-as-bay-names-hydro-coast-13829","slug":"el-cotapin","name":"El Cotapín","localName":"El Cotapín","aliases":[],"kind":"coast","sourceId":"sitpa-physical","territoryIds":["es-as"],"bbox":[-6.19623,43.57852,-6.19623,43.57852],"center":[-6.19623,43.57852]},"geometry":{"type":"Point","coordinates":[-6.19623,43.57852]}},{"type":"Feature","id":"physical-as-bay-names-hydro-coast-13830","properties":{"id":"physical-as-bay-names-hydro-coast-13830","slug":"pasu-el-buey","name":"Pasu El Buey","localName":"Pasu El Buey","aliases":[],"kind":"coast","sourceId":"sitpa-physical","territoryIds":["es-as"],"bbox":[-6.19561,43.57806,-6.19561,43.57806],"center":[-6.19561,43.57806]},"geometry":{"type":"Point","coordinates":[-6.19561,43.57806]}},{"type":"Feature","id":"physical-as-bay-names-hydro-coast-13831","properties":{"id":"physical-as-bay-names-hydro-coast-13831","slug":"las-rondas","name":"Las Rondas","localName":"Las Rondas","aliases":[],"kind":"coast","sourceId":"sitpa-physical","territoryIds":["es-as"],"bbox":[-6.19028,43.58276,-6.19028,43.58276],"center":[-6.19028,43.58276]},"geometry":{"type":"Point","coordinates":[-6.19028,43.58276]}},{"type":"Feature","id":"physical-as-bay-names-hydro-coast-13832","properties":{"id":"physical-as-bay-names-hydro-coast-13832","slug":"el-tocin","name":"El Tocín","localName":"El Tocín","aliases":[],"kind":"coast","sourceId":"sitpa-physical","territoryIds":["es-as"],"bbox":[-6.18871,43.58048,-6.18871,43.58048],"center":[-6.18871,43.58048]},"geometry":{"type":"Point","coordinates":[-6.18871,43.58048]}},{"type":"Feature","id":"physical-as-cape-names-hydro-coast-13833","properties":{"id":"physical-as-cape-names-hydro-coast-13833","slug":"el-cabo","name":"El Cabo","localName":"El Cabo","aliases":[],"kind":"cape","sourceId":"sitpa-physical","territoryIds":["es-as"],"bbox":[-6.18855,43.5798,-6.18855,43.5798],"center":[-6.18855,43.5798]},"geometry":{"type":"Point","coordinates":[-6.18855,43.5798]}},{"type":"Feature","id":"physical-as-bay-names-hydro-coast-13834","properties":{"id":"physical-as-bay-names-hydro-coast-13834","slug":"el-serrerin","name":"El Serrerín","localName":"El Serrerín","aliases":[],"kind":"coast","sourceId":"sitpa-physical","territoryIds":["es-as"],"bbox":[-6.19085,43.5712,-6.19085,43.5712],"center":[-6.19085,43.5712]},"geometry":{"type":"Point","coordinates":[-6.19085,43.5712]}},{"type":"Feature","id":"physical-as-cape-names-hydro-coast-13945","properties":{"id":"physical-as-cape-names-hydro-coast-13945","slug":"punta-castanal","name":"Punta Castañal","localName":"Punta Castañal","aliases":[],"kind":"cape","sourceId":"sitpa-physical","territoryIds":["es-as"],"bbox":[-6.154,43.57019,-6.154,43.57019],"center":[-6.154,43.57019]},"geometry":{"type":"Point","coordinates":[-6.154,43.57019]}},{"type":"Feature","id":"physical-as-island-names-hydro-coast-13946","properties":{"id":"physical-as-island-names-hydro-coast-13946","slug":"las-llanas","name":"Las Llanas","localName":"Las Llanas","aliases":[],"kind":"island","sourceId":"sitpa-physical","territoryIds":["es-as"],"bbox":[-6.16654,43.5693,-6.16654,43.5693],"center":[-6.16654,43.5693]},"geometry":{"type":"Point","coordinates":[-6.16654,43.5693]}},{"type":"Feature","id":"physical-as-island-names-hydro-coast-13947","properties":{"id":"physical-as-island-names-hydro-coast-13947","slug":"austera","name":"Austera","localName":"Austera","aliases":[],"kind":"island","sourceId":"sitpa-physical","territoryIds":["es-as"],"bbox":[-6.16758,43.5723,-6.16758,43.5723],"center":[-6.16758,43.5723]},"geometry":{"type":"Point","coordinates":[-6.16758,43.5723]}},{"type":"Feature","id":"physical-as-island-names-hydro-coast-13948","properties":{"id":"physical-as-island-names-hydro-coast-13948","slug":"austerin","name":"Austerín","localName":"Austerín","aliases":[],"kind":"island","sourceId":"sitpa-physical","territoryIds":["es-as"],"bbox":[-6.16581,43.57278,-6.16581,43.57278],"center":[-6.16581,43.57278]},"geometry":{"type":"Point","coordinates":[-6.16581,43.57278]}},{"type":"Feature","id":"physical-as-island-names-hydro-coast-13949","properties":{"id":"physical-as-island-names-hydro-coast-13949","slug":"el-furau","name":"El Furau","localName":"El Furau","aliases":[],"kind":"island","sourceId":"sitpa-physical","territoryIds":["es-as"],"bbox":[-6.16286,43.57006,-6.16286,43.57006],"center":[-6.16286,43.57006]},"geometry":{"type":"Point","coordinates":[-6.16286,43.57006]}},{"type":"Feature","id":"physical-as-island-names-hydro-coast-13950","properties":{"id":"physical-as-island-names-hydro-coast-13950","slug":"las-rubias","name":"Las Rubias","localName":"Las Rubias","aliases":[],"kind":"island","sourceId":"sitpa-physical","territoryIds":["es-as"],"bbox":[-6.1609,43.57042,-6.1609,43.57042],"center":[-6.1609,43.57042]},"geometry":{"type":"Point","coordinates":[-6.1609,43.57042]}},{"type":"Feature","id":"physical-as-island-names-hydro-coast-13951","properties":{"id":"physical-as-island-names-hydro-coast-13951","slug":"las-colinas","name":"Las Colinas","localName":"Las Colinas","aliases":[],"kind":"island","sourceId":"sitpa-physical","territoryIds":["es-as"],"bbox":[-6.14879,43.57101,-6.14879,43.57101],"center":[-6.14879,43.57101]},"geometry":{"type":"Point","coordinates":[-6.14879,43.57101]}},{"type":"Feature","id":"physical-as-island-names-hydro-coast-14040","properties":{"id":"physical-as-island-names-hydro-coast-14040","slug":"punta-rebollera","name":"Punta Rebollera","localName":"Punta Rebollera","aliases":[],"kind":"island","sourceId":"sitpa-physical","territoryIds":["es-as"],"bbox":[-6.14477,43.56656,-6.14477,43.56656],"center":[-6.14477,43.56656]},"geometry":{"type":"Point","coordinates":[-6.14477,43.56656]}},{"type":"Feature","id":"physical-as-island-names-hydro-coast-14041","properties":{"id":"physical-as-island-names-hydro-coast-14041","slug":"la-cuchiella","name":"La Cuchiella","localName":"La Cuchiella","aliases":[],"kind":"island","sourceId":"sitpa-physical","territoryIds":["es-as"],"bbox":[-6.14193,43.56741,-6.14193,43.56741],"center":[-6.14193,43.56741]},"geometry":{"type":"Point","coordinates":[-6.14193,43.56741]}},{"type":"Feature","id":"physical-as-island-names-hydro-coast-14042","properties":{"id":"physical-as-island-names-hydro-coast-14042","slug":"la-vesuina","name":"La Vesuina","localName":"La Vesuina","aliases":[],"kind":"island","sourceId":"sitpa-physical","territoryIds":["es-as"],"bbox":[-6.14084,43.5661,-6.14084,43.5661],"center":[-6.14084,43.5661]},"geometry":{"type":"Point","coordinates":[-6.14084,43.5661]}},{"type":"Feature","id":"physical-as-island-names-hydro-coast-14043","properties":{"id":"physical-as-island-names-hydro-coast-14043","slug":"el-carallon","name":"El Carallón","localName":"El Carallón","aliases":[],"kind":"island","sourceId":"sitpa-physical","territoryIds":["es-as"],"bbox":[-6.13876,43.56637,-6.13876,43.56637],"center":[-6.13876,43.56637]},"geometry":{"type":"Point","coordinates":[-6.13876,43.56637]}},{"type":"Feature","id":"physical-as-island-names-hydro-coast-14044","properties":{"id":"physical-as-island-names-hydro-coast-14044","slug":"el-tallon","name":"El Tallón","localName":"El Tallón","aliases":[],"kind":"island","sourceId":"sitpa-physical","territoryIds":["es-as"],"bbox":[-6.13708,43.56561,-6.13708,43.56561],"center":[-6.13708,43.56561]},"geometry":{"type":"Point","coordinates":[-6.13708,43.56561]}},{"type":"Feature","id":"physical-as-island-names-hydro-coast-14045","properties":{"id":"physical-as-island-names-hydro-coast-14045","slug":"punta-del-castro","name":"Punta Del Castro","localName":"Punta Del Castro","aliases":[],"kind":"island","sourceId":"sitpa-physical","territoryIds":["es-as"],"bbox":[-6.13451,43.56465,-6.13451,43.56465],"center":[-6.13451,43.56465]},"geometry":{"type":"Point","coordinates":[-6.13451,43.56465]}},{"type":"Feature","id":"physical-as-island-names-hydro-coast-14046","properties":{"id":"physical-as-island-names-hydro-coast-14046","slug":"punta-cazonera","name":"Punta Cazonera","localName":"Punta Cazonera","aliases":[],"kind":"island","sourceId":"sitpa-physical","territoryIds":["es-as"],"bbox":[-6.10575,43.56331,-6.10575,43.56331],"center":[-6.10575,43.56331]},"geometry":{"type":"Point","coordinates":[-6.10575,43.56331]}},{"type":"Feature","id":"physical-as-cape-names-hydro-coast-14047","properties":{"id":"physical-as-cape-names-hydro-coast-14047","slug":"punta-del-castiello","name":"Punta Del Castiello","localName":"Punta Del Castiello","aliases":[],"kind":"cape","sourceId":"sitpa-physical","territoryIds":["es-as"],"bbox":[-6.11548,43.55682,-6.11548,43.55682],"center":[-6.11548,43.55682]},"geometry":{"type":"Point","coordinates":[-6.11548,43.55682]}},{"type":"Feature","id":"physical-as-cape-names-hydro-coast-14048","properties":{"id":"physical-as-cape-names-hydro-coast-14048","slug":"punta-cazonera","name":"Punta Cazonera","localName":"Punta Cazonera","aliases":[],"kind":"cape","sourceId":"sitpa-physical","territoryIds":["es-as"],"bbox":[-6.10815,43.5618,-6.10815,43.5618],"center":[-6.10815,43.5618]},"geometry":{"type":"Point","coordinates":[-6.10815,43.5618]}},{"type":"Feature","id":"physical-as-cape-names-hydro-coast-14049","properties":{"id":"physical-as-cape-names-hydro-coast-14049","slug":"punta-veneiro","name":"Punta Veneiro","localName":"Punta Veneiro","aliases":[],"kind":"cape","sourceId":"sitpa-physical","territoryIds":["es-as"],"bbox":[-6.11161,43.55887,-6.11161,43.55887],"center":[-6.11161,43.55887]},"geometry":{"type":"Point","coordinates":[-6.11161,43.55887]}},{"type":"Feature","id":"physical-as-cape-names-hydro-coast-14050","properties":{"id":"physical-as-cape-names-hydro-coast-14050","slug":"punta-el-gavieru","name":"Punta El Gavieru","localName":"Punta El Gavieru","aliases":[],"kind":"cape","sourceId":"sitpa-physical","territoryIds":["es-as"],"bbox":[-6.12481,43.56172,-6.12481,43.56172],"center":[-6.12481,43.56172]},"geometry":{"type":"Point","coordinates":[-6.12481,43.56172]}},{"type":"Feature","id":"physical-as-bay-names-hydro-coast-14152","properties":{"id":"physical-as-bay-names-hydro-coast-14152","slug":"barra-de-san-esteban","name":"Barra De San Esteban","localName":"Barra De San Esteban","aliases":[],"kind":"coast","sourceId":"sitpa-physical","territoryIds":["es-as"],"bbox":[-6.07746,43.56941,-6.07746,43.56941],"center":[-6.07746,43.56941]},"geometry":{"type":"Point","coordinates":[-6.07746,43.56941]}},{"type":"Feature","id":"physical-as-cape-names-hydro-coast-14154","properties":{"id":"physical-as-cape-names-hydro-coast-14154","slug":"punta-pozacu","name":"Punta Pozacu","localName":"Punta Pozacu","aliases":[],"kind":"cape","sourceId":"sitpa-physical","territoryIds":["es-as"],"bbox":[-6.06426,43.56711,-6.06426,43.56711],"center":[-6.06426,43.56711]},"geometry":{"type":"Point","coordinates":[-6.06426,43.56711]}},{"type":"Feature","id":"physical-as-estuary-names-hydro-coast-14156","properties":{"id":"physical-as-estuary-names-hydro-coast-14156","slug":"ria-de-pravia","name":"Ría De Pravia","localName":"Ría De Pravia","aliases":[],"kind":"estuary","sourceId":"sitpa-physical","territoryIds":["es-as"],"bbox":[-6.07641,43.56698,-6.07641,43.56698],"center":[-6.07641,43.56698]},"geometry":{"type":"Point","coordinates":[-6.07641,43.56698]}},{"type":"Feature","id":"physical-as-bay-names-hydro-coast-14158","properties":{"id":"physical-as-bay-names-hydro-coast-14158","slug":"llombo-del-burro","name":"Llombo Del Burro","localName":"Llombo Del Burro","aliases":[],"kind":"coast","sourceId":"sitpa-physical","territoryIds":["es-as"],"bbox":[-6.10272,43.56208,-6.10272,43.56208],"center":[-6.10272,43.56208]},"geometry":{"type":"Point","coordinates":[-6.10272,43.56208]}},{"type":"Feature","id":"physical-as-cape-names-hydro-coast-14159","properties":{"id":"physical-as-cape-names-hydro-coast-14159","slug":"punta-furada","name":"Punta Furada","localName":"Punta Furada","aliases":[],"kind":"cape","sourceId":"sitpa-physical","territoryIds":["es-as"],"bbox":[-6.10011,43.56048,-6.10011,43.56048],"center":[-6.10011,43.56048]},"geometry":{"type":"Point","coordinates":[-6.10011,43.56048]}},{"type":"Feature","id":"physical-as-estuary-names-hydro-coast-14171","properties":{"id":"physical-as-estuary-names-hydro-coast-14171","slug":"pravia","name":"Pravia","localName":"Pravia","aliases":[],"kind":"estuary","sourceId":"sitpa-physical","territoryIds":["es-as"],"bbox":[-6.07783,43.55991,-6.07783,43.55991],"center":[-6.07783,43.55991]},"geometry":{"type":"Point","coordinates":[-6.07783,43.55991]}},{"type":"Feature","id":"physical-as-cape-names-hydro-coast-14260","properties":{"id":"physical-as-cape-names-hydro-coast-14260","slug":"punta-del-cogollo","name":"Punta Del Cogollo","localName":"Punta Del Cogollo","aliases":[],"kind":"cape","sourceId":"sitpa-physical","territoryIds":["es-as"],"bbox":[-6.03777,43.58469,-6.03777,43.58469],"center":[-6.03777,43.58469]},"geometry":{"type":"Point","coordinates":[-6.03777,43.58469]}},{"type":"Feature","id":"physical-as-bay-names-hydro-coast-14261","properties":{"id":"physical-as-bay-names-hydro-coast-14261","slug":"altarin","name":"Altarín","localName":"Altarín","aliases":[],"kind":"coast","sourceId":"sitpa-physical","territoryIds":["es-as"],"bbox":[-6.03315,43.59173,-6.03315,43.59173],"center":[-6.03315,43.59173]},"geometry":{"type":"Point","coordinates":[-6.03315,43.59173]}},{"type":"Feature","id":"physical-as-island-names-hydro-coast-14262","properties":{"id":"physical-as-island-names-hydro-coast-14262","slug":"isla-deva","name":"Isla Deva","localName":"Isla Deva","aliases":[],"kind":"island","sourceId":"sitpa-physical","territoryIds":["es-as"],"bbox":[-6.03042,43.59003,-6.03042,43.59003],"center":[-6.03042,43.59003]},"geometry":{"type":"Point","coordinates":[-6.03042,43.59003]}},{"type":"Feature","id":"physical-as-estuary-names-hydro-coast-14899","properties":{"id":"physical-as-estuary-names-hydro-coast-14899","slug":"e-o","name":"E O","localName":"E O","aliases":[],"kind":"estuary","sourceId":"sitpa-physical","territoryIds":["es-as"],"bbox":[-7.04777,43.49637,-7.04777,43.49637],"center":[-7.04777,43.49637]},"geometry":{"type":"Point","coordinates":[-7.04777,43.49637]}},{"type":"Feature","id":"physical-as-beach-tourism-beach-1","properties":{"id":"physical-as-beach-tourism-beach-1","slug":"playa-de-castello","name":"Playa de Castello","localName":"Castello","aliases":["Castello"],"kind":"beach","sourceId":"sitpa-physical","territoryIds":["es-as"],"bbox":[-6.81063,43.55462,-6.81063,43.55462],"center":[-6.81063,43.55462]},"geometry":{"type":"Point","coordinates":[-6.81063,43.55462]}},{"type":"Feature","id":"physical-as-beach-tourism-beach-2","properties":{"id":"physical-as-beach-tourism-beach-2","slug":"playa-de-arnao","name":"Playa de Arnao","localName":"Arnao","aliases":["Arnao"],"kind":"beach","sourceId":"sitpa-physical","territoryIds":["es-as"],"bbox":[-7.02185,43.54955,-7.02185,43.54955],"center":[-7.02185,43.54955]},"geometry":{"type":"Point","coordinates":[-7.02185,43.54955]}},{"type":"Feature","id":"physical-as-beach-tourism-beach-3","properties":{"id":"physical-as-beach-tourism-beach-3","slug":"playa-de-penarronda-penarronda","name":"Playa de Penarronda / Peñarronda","localName":"Penarronda / Peñarronda","aliases":["Penarronda / Peñarronda"],"kind":"beach","sourceId":"sitpa-physical","territoryIds":["es-as"],"bbox":[-6.99619,43.55352,-6.99619,43.55352],"center":[-6.99619,43.55352]},"geometry":{"type":"Point","coordinates":[-6.99619,43.55352]}},{"type":"Feature","id":"physical-as-beach-tourism-beach-4","properties":{"id":"physical-as-beach-tourism-beach-4","slug":"playa-de-santa-gadea-pantorga","name":"Playa de Santa Gadea / Pantorga","localName":"Santa Gadea / Pantorga","aliases":["Santa Gadea / Pantorga"],"kind":"beach","sourceId":"sitpa-physical","territoryIds":["es-as"],"bbox":[-6.98774,43.55558,-6.98774,43.55558],"center":[-6.98774,43.55558]},"geometry":{"type":"Point","coordinates":[-6.98774,43.55558]}},{"type":"Feature","id":"physical-as-beach-tourism-beach-5","properties":{"id":"physical-as-beach-tourism-beach-5","slug":"playa-del-figus","name":"Playa del Figus","localName":"El Figus","aliases":["El Figus"],"kind":"beach","sourceId":"sitpa-physical","territoryIds":["es-as"],"bbox":[-6.91073,43.56668,-6.91073,43.56668],"center":[-6.91073,43.56668]},"geometry":{"type":"Point","coordinates":[-6.91073,43.56668]}},{"type":"Feature","id":"physical-as-beach-tourism-beach-6","properties":{"id":"physical-as-beach-tourism-beach-6","slug":"playa-de-porcia","name":"Playa de Porcía","localName":"Porcía","aliases":["Porcía"],"kind":"beach","sourceId":"sitpa-physical","territoryIds":["es-as"],"bbox":[-6.8764,43.56194,-6.8764,43.56194],"center":[-6.8764,43.56194]},"geometry":{"type":"Point","coordinates":[-6.8764,43.56194]}},{"type":"Feature","id":"physical-as-beach-tourism-beach-7","properties":{"id":"physical-as-beach-tourism-beach-7","slug":"playa-de-pedreyada","name":"Playa de Pedreyada","localName":"Pedreyada","aliases":["Pedreyada"],"kind":"beach","sourceId":"sitpa-physical","territoryIds":["es-as"],"bbox":[-6.76424,43.56461,-6.76424,43.56461],"center":[-6.76424,43.56461]},"geometry":{"type":"Point","coordinates":[-6.76424,43.56461]}},{"type":"Feature","id":"physical-as-beach-tourism-beach-8","properties":{"id":"physical-as-beach-tourism-beach-8","slug":"playa-de-la-coba-bigoix-buxois","name":"Playa de la Coba /Bigoix/Buxois","localName":"La Coba /Bigoix/Buxois","aliases":["La Coba /Bigoix/Buxois"],"kind":"beach","sourceId":"sitpa-physical","territoryIds":["es-as"],"bbox":[-6.76267,43.56292,-6.76267,43.56292],"center":[-6.76267,43.56292]},"geometry":{"type":"Point","coordinates":[-6.76267,43.56292]}},{"type":"Feature","id":"physical-as-beach-tourism-beach-9","properties":{"id":"physical-as-beach-tourism-beach-9","slug":"playa-de-arnielles","name":"Playa de Arnielles","localName":"Arnielles","aliases":["Arnielles"],"kind":"beach","sourceId":"sitpa-physical","territoryIds":["es-as"],"bbox":[-6.73184,43.56013,-6.73184,43.56013],"center":[-6.73184,43.56013]},"geometry":{"type":"Point","coordinates":[-6.73184,43.56013]}},{"type":"Feature","id":"physical-as-beach-tourism-beach-10","properties":{"id":"physical-as-beach-tourism-beach-10","slug":"playa-de-torbas","name":"Playa de Torbas","localName":"Torbas","aliases":["Torbas"],"kind":"beach","sourceId":"sitpa-physical","territoryIds":["es-as"],"bbox":[-6.85215,43.56416,-6.85215,43.56416],"center":[-6.85215,43.56416]},"geometry":{"type":"Point","coordinates":[-6.85215,43.56416]}},{"type":"Feature","id":"physical-as-beach-tourism-beach-11","properties":{"id":"physical-as-beach-tourism-beach-11","slug":"playa-de-monellos","name":"Playa de Monellos","localName":"Monellos","aliases":["Monellos"],"kind":"beach","sourceId":"sitpa-physical","territoryIds":["es-as"],"bbox":[-6.85186,43.56257,-6.85186,43.56257],"center":[-6.85186,43.56257]},"geometry":{"type":"Point","coordinates":[-6.85186,43.56257]}},{"type":"Feature","id":"physical-as-beach-tourism-beach-12","properties":{"id":"physical-as-beach-tourism-beach-12","slug":"playa-de-pormenande","name":"Playa de Pormenande","localName":"Pormenande","aliases":["Pormenande"],"kind":"beach","sourceId":"sitpa-physical","territoryIds":["es-as"],"bbox":[-6.82722,43.56396,-6.82722,43.56396],"center":[-6.82722,43.56396]},"geometry":{"type":"Point","coordinates":[-6.82722,43.56396]}},{"type":"Feature","id":"physical-as-beach-tourism-beach-13","properties":{"id":"physical-as-beach-tourism-beach-13","slug":"playa-de-riboira-a-riboira","name":"Playa de Riboira / A Riboira","localName":"Riboira / A Riboira","aliases":["Riboira / A Riboira"],"kind":"beach","sourceId":"sitpa-physical","territoryIds":["es-as"],"bbox":[-6.81969,43.55964,-6.81969,43.55964],"center":[-6.81969,43.55964]},"geometry":{"type":"Point","coordinates":[-6.81969,43.55964]}},{"type":"Feature","id":"physical-as-beach-tourism-beach-14","properties":{"id":"physical-as-beach-tourism-beach-14","slug":"playa-de-navia","name":"Playa de Navia","localName":"Navia","aliases":["Navia"],"kind":"beach","sourceId":"sitpa-physical","territoryIds":["es-as"],"bbox":[-6.72237,43.55556,-6.72237,43.55556],"center":[-6.72237,43.55556]},"geometry":{"type":"Point","coordinates":[-6.72237,43.55556]}},{"type":"Feature","id":"physical-as-beach-tourism-beach-15","properties":{"id":"physical-as-beach-tourism-beach-15","slug":"playa-del-moro-penafurada","name":"Playa del Moro / Peñafurada","localName":"Del Moro / Peñafurada","aliases":["Del Moro / Peñafurada"],"kind":"beach","sourceId":"sitpa-physical","territoryIds":["es-as"],"bbox":[-6.71678,43.55843,-6.71678,43.55843],"center":[-6.71678,43.55843]},"geometry":{"type":"Point","coordinates":[-6.71678,43.55843]}},{"type":"Feature","id":"physical-as-beach-tourism-beach-16","properties":{"id":"physical-as-beach-tourism-beach-16","slug":"playa-de-fabal","name":"Playa de Fabal","localName":"Fabal","aliases":["Fabal"],"kind":"beach","sourceId":"sitpa-physical","territoryIds":["es-as"],"bbox":[-6.6912,43.55961,-6.6912,43.55961],"center":[-6.6912,43.55961]},"geometry":{"type":"Point","coordinates":[-6.6912,43.55961]}},{"type":"Feature","id":"physical-as-beach-tourism-beach-17","properties":{"id":"physical-as-beach-tourism-beach-17","slug":"playa-de-salinas","name":"Playa de Salinas","localName":"Salinas","aliases":["Salinas"],"kind":"beach","sourceId":"sitpa-physical","territoryIds":["es-as"],"bbox":[-6.54158,43.54945,-6.54158,43.54945],"center":[-6.54158,43.54945]},"geometry":{"type":"Point","coordinates":[-6.54158,43.54945]}},{"type":"Feature","id":"physical-as-beach-tourism-beach-18","properties":{"id":"physical-as-beach-tourism-beach-18","slug":"playa-de-sabugo-puertoviedo","name":"Playa de Sabugo / Puertoviedo","localName":"Sabugo / Puertoviedo","aliases":["Sabugo / Puertoviedo"],"kind":"beach","sourceId":"sitpa-physical","territoryIds":["es-as"],"bbox":[-6.6031,43.556,-6.6031,43.556],"center":[-6.6031,43.556]},"geometry":{"type":"Point","coordinates":[-6.6031,43.556]}},{"type":"Feature","id":"physical-as-beach-tourism-beach-19","properties":{"id":"physical-as-beach-tourism-beach-19","slug":"playa-de-otur","name":"Playa de Otur","localName":"Otur","aliases":["Otur"],"kind":"beach","sourceId":"sitpa-physical","territoryIds":["es-as"],"bbox":[-6.59685,43.55308,-6.59685,43.55308],"center":[-6.59685,43.55308]},"geometry":{"type":"Point","coordinates":[-6.59685,43.55308]}},{"type":"Feature","id":"physical-as-beach-tourism-beach-20","properties":{"id":"physical-as-beach-tourism-beach-20","slug":"playa-de-los-molinos","name":"Playa de los Molinos","localName":"Los Molinos","aliases":["Los Molinos"],"kind":"beach","sourceId":"sitpa-physical","territoryIds":["es-as"],"bbox":[-6.42757,43.55266,-6.42757,43.55266],"center":[-6.42757,43.55266]},"geometry":{"type":"Point","coordinates":[-6.42757,43.55266]}},{"type":"Feature","id":"physical-as-beach-tourism-beach-21","properties":{"id":"physical-as-beach-tourism-beach-21","slug":"playa-de-barayo-de-la-vega","name":"Playa de Barayo / De La Vega","localName":"Barayo / De La Vega","aliases":["Barayo / De La Vega"],"kind":"beach","sourceId":"sitpa-physical","territoryIds":["es-as"],"bbox":[-6.61517,43.56134,-6.61517,43.56134],"center":[-6.61517,43.56134]},"geometry":{"type":"Point","coordinates":[-6.61517,43.56134]}},{"type":"Feature","id":"physical-as-beach-tourism-beach-22","properties":{"id":"physical-as-beach-tourism-beach-22","slug":"playa-de-campiecho","name":"Playa de Campiecho","localName":"Campiecho","aliases":["Campiecho"],"kind":"beach","sourceId":"sitpa-physical","territoryIds":["es-as"],"bbox":[-6.39282,43.55855,-6.39282,43.55855],"center":[-6.39282,43.55855]},"geometry":{"type":"Point","coordinates":[-6.39282,43.55855]}},{"type":"Feature","id":"physical-as-beach-tourism-beach-23","properties":{"id":"physical-as-beach-tourism-beach-23","slug":"playa-de-churin","name":"Playa de Churín","localName":"Churín","aliases":["Churín"],"kind":"beach","sourceId":"sitpa-physical","territoryIds":["es-as"],"bbox":[-6.37466,43.55547,-6.37466,43.55547],"center":[-6.37466,43.55547]},"geometry":{"type":"Point","coordinates":[-6.37466,43.55547]}},{"type":"Feature","id":"physical-as-beach-tourism-beach-24","properties":{"id":"physical-as-beach-tourism-beach-24","slug":"playa-de-cadavedo-la-ribeirona","name":"Playa de Cadavedo / La Ribeirona","localName":"Cadavedo / La Ribeirona","aliases":["Cadavedo / La Ribeirona"],"kind":"beach","sourceId":"sitpa-physical","territoryIds":["es-as"],"bbox":[-6.37164,43.55242,-6.37164,43.55242],"center":[-6.37164,43.55242]},"geometry":{"type":"Point","coordinates":[-6.37164,43.55242]}},{"type":"Feature","id":"physical-as-beach-tourism-beach-25","properties":{"id":"physical-as-beach-tourism-beach-25","slug":"playa-de-ribon-de-los-cuervos","name":"Playa de Ribón / De Los Cuervos","localName":"Ribón / De Los Cuervos","aliases":["Ribón / De Los Cuervos"],"kind":"beach","sourceId":"sitpa-physical","territoryIds":["es-as"],"bbox":[-6.36629,43.55148,-6.36629,43.55148],"center":[-6.36629,43.55148]},"geometry":{"type":"Point","coordinates":[-6.36629,43.55148]}},{"type":"Feature","id":"physical-as-beach-tourism-beach-26","properties":{"id":"physical-as-beach-tourism-beach-26","slug":"playa-de-tablizo","name":"Playa de Tablizo","localName":"Tablizo","aliases":["Tablizo"],"kind":"beach","sourceId":"sitpa-physical","territoryIds":["es-as"],"bbox":[-6.35779,43.55118,-6.35779,43.55118],"center":[-6.35779,43.55118]},"geometry":{"type":"Point","coordinates":[-6.35779,43.55118]}},{"type":"Feature","id":"physical-as-beach-tourism-beach-27","properties":{"id":"physical-as-beach-tourism-beach-27","slug":"playa-de-ballota","name":"Playa de Ballota","localName":"Ballota","aliases":["Ballota"],"kind":"beach","sourceId":"sitpa-physical","territoryIds":["es-as"],"bbox":[-6.34208,43.55582,-6.34208,43.55582],"center":[-6.34208,43.55582]},"geometry":{"type":"Point","coordinates":[-6.34208,43.55582]}},{"type":"Feature","id":"physical-as-beach-tourism-beach-28","properties":{"id":"physical-as-beach-tourism-beach-28","slug":"playa-del-regueru-el-cordial","name":"Playa del Regueru/ El Cordial","localName":"El Regueru/ El Cordial","aliases":["El Regueru/ El Cordial"],"kind":"beach","sourceId":"sitpa-physical","territoryIds":["es-as"],"bbox":[-6.01702,43.58258,-6.01702,43.58258],"center":[-6.01702,43.58258]},"geometry":{"type":"Point","coordinates":[-6.01702,43.58258]}},{"type":"Feature","id":"physical-as-beach-tourism-beach-29","properties":{"id":"physical-as-beach-tourism-beach-29","slug":"playa-de-munielles","name":"Playa de Munielles","localName":"Munielles","aliases":["Munielles"],"kind":"beach","sourceId":"sitpa-physical","territoryIds":["es-as"],"bbox":[-6.01244,43.57954,-6.01244,43.57954],"center":[-6.01244,43.57954]},"geometry":{"type":"Point","coordinates":[-6.01244,43.57954]}},{"type":"Feature","id":"physical-as-beach-tourism-beach-30","properties":{"id":"physical-as-beach-tourism-beach-30","slug":"playa-de-bahinas","name":"Playa de Bahinas","localName":"Bahinas","aliases":["Bahinas"],"kind":"beach","sourceId":"sitpa-physical","territoryIds":["es-as"],"bbox":[-6.00526,43.5775,-6.00526,43.5775],"center":[-6.00526,43.5775]},"geometry":{"type":"Point","coordinates":[-6.00526,43.5775]}},{"type":"Feature","id":"physical-as-beach-tourism-beach-31","properties":{"id":"physical-as-beach-tourism-beach-31","slug":"playa-de-santa-maria-del-mar","name":"Playa de Santa María Del Mar","localName":"Santa María Del Mar","aliases":["Santa  María Del Mar","Santa María Del Mar"],"kind":"beach","sourceId":"sitpa-physical","territoryIds":["es-as"],"bbox":[-5.99614,43.57269,-5.99614,43.57269],"center":[-5.99614,43.57269]},"geometry":{"type":"Point","coordinates":[-5.99614,43.57269]}},{"type":"Feature","id":"physical-as-beach-tourism-beach-33","properties":{"id":"physical-as-beach-tourism-beach-33","slug":"playa-del-cuerno","name":"Playa del Cuerno","localName":"El Cuerno","aliases":["El Cuerno"],"kind":"beach","sourceId":"sitpa-physical","territoryIds":["es-as"],"bbox":[-5.96895,43.57975,-5.96895,43.57975],"center":[-5.96895,43.57975]},"geometry":{"type":"Point","coordinates":[-5.96895,43.57975]}},{"type":"Feature","id":"physical-as-beach-tourism-beach-35","properties":{"id":"physical-as-beach-tourism-beach-35","slug":"playa-del-espartal-san-juan","name":"Playa del Espartal / San Juan","localName":"El Espartal / San Juan","aliases":["El Espartal / San Juan"],"kind":"beach","sourceId":"sitpa-physical","territoryIds":["es-as"],"bbox":[-5.94469,43.58606,-5.94469,43.58606],"center":[-5.94469,43.58606]},"geometry":{"type":"Point","coordinates":[-5.94469,43.58606]}},{"type":"Feature","id":"physical-as-beach-tourism-beach-36","properties":{"id":"physical-as-beach-tourism-beach-36","slug":"playa-de-1-y-2-de-luarca","name":"Playa de 1ª Y 2ª De Luarca","localName":"1ª Y 2ª De Luarca","aliases":["1ª Y 2ª De Luarca"],"kind":"beach","sourceId":"sitpa-physical","territoryIds":["es-as"],"bbox":[-6.53813,43.54675,-6.53813,43.54675],"center":[-6.53813,43.54675]},"geometry":{"type":"Point","coordinates":[-6.53813,43.54675]}},{"type":"Feature","id":"physical-as-beach-tourism-beach-37","properties":{"id":"physical-as-beach-tourism-beach-37","slug":"playa-del-camping-xouxera","name":"Playa del Camping / Xouxera","localName":"Del Camping / Xouxera","aliases":["Del Camping / Xouxera"],"kind":"beach","sourceId":"sitpa-physical","territoryIds":["es-as"],"bbox":[-6.52276,43.55003,-6.52276,43.55003],"center":[-6.52276,43.55003]},"geometry":{"type":"Point","coordinates":[-6.52276,43.55003]}},{"type":"Feature","id":"physical-as-beach-tourism-beach-38","properties":{"id":"physical-as-beach-tourism-beach-38","slug":"playa-de-picon","name":"Playa de Picón","localName":"Picón","aliases":["Picón"],"kind":"beach","sourceId":"sitpa-physical","territoryIds":["es-as"],"bbox":[-6.48231,43.55252,-6.48231,43.55252],"center":[-6.48231,43.55252]},"geometry":{"type":"Point","coordinates":[-6.48231,43.55252]}},{"type":"Feature","id":"physical-as-beach-tourism-beach-39","properties":{"id":"physical-as-beach-tourism-beach-39","slug":"playa-de-cueva","name":"Playa de Cueva","localName":"Cueva","aliases":["Cueva"],"kind":"beach","sourceId":"sitpa-physical","territoryIds":["es-as"],"bbox":[-6.47358,43.55067,-6.47358,43.55067],"center":[-6.47358,43.55067]},"geometry":{"type":"Point","coordinates":[-6.47358,43.55067]}},{"type":"Feature","id":"physical-as-beach-tourism-beach-40","properties":{"id":"physical-as-beach-tourism-beach-40","slug":"playa-de-la-herbosa","name":"Playa de la Herbosa","localName":"La Herbosa","aliases":["La Herbosa"],"kind":"beach","sourceId":"sitpa-physical","territoryIds":["es-as"],"bbox":[-6.47395,43.55853,-6.47395,43.55853],"center":[-6.47395,43.55853]},"geometry":{"type":"Point","coordinates":[-6.47395,43.55853]}},{"type":"Feature","id":"physical-as-beach-tourism-beach-41","properties":{"id":"physical-as-beach-tourism-beach-41","slug":"playa-de-la-escaladina","name":"Playa de la Escaladina","localName":"La Escaladina","aliases":["La Escaladina"],"kind":"beach","sourceId":"sitpa-physical","territoryIds":["es-as"],"bbox":[-6.51193,43.5475,-6.51193,43.5475],"center":[-6.51193,43.5475]},"geometry":{"type":"Point","coordinates":[-6.51193,43.5475]}},{"type":"Feature","id":"physical-as-beach-tourism-beach-42","properties":{"id":"physical-as-beach-tourism-beach-42","slug":"playa-de-l-airin","name":"Playa de L'airin","localName":"L'airin","aliases":["L'airin"],"kind":"beach","sourceId":"sitpa-physical","territoryIds":["es-as"],"bbox":[-6.28436,43.57047,-6.28436,43.57047],"center":[-6.28436,43.57047]},"geometry":{"type":"Point","coordinates":[-6.28436,43.57047]}},{"type":"Feature","id":"physical-as-beach-tourism-beach-43","properties":{"id":"physical-as-beach-tourism-beach-43","slug":"playa-de-salencia","name":"Playa de Salencia","localName":"Salencia","aliases":["Salencia"],"kind":"beach","sourceId":"sitpa-physical","territoryIds":["es-as"],"bbox":[-6.27911,43.57258,-6.27911,43.57258],"center":[-6.27911,43.57258]},"geometry":{"type":"Point","coordinates":[-6.27911,43.57258]}},{"type":"Feature","id":"physical-as-beach-tourism-beach-44","properties":{"id":"physical-as-beach-tourism-beach-44","slug":"playa-de-los-negros","name":"Playa de los Negros","localName":"Los Negros","aliases":["Los Negros"],"kind":"beach","sourceId":"sitpa-physical","territoryIds":["es-as"],"bbox":[-6.26899,43.57684,-6.26899,43.57684],"center":[-6.26899,43.57684]},"geometry":{"type":"Point","coordinates":[-6.26899,43.57684]}},{"type":"Feature","id":"physical-as-beach-tourism-beach-45","properties":{"id":"physical-as-beach-tourism-beach-45","slug":"playa-del-castrillon","name":"Playa del Castrillón","localName":"El Castrillón","aliases":["El Castrillón"],"kind":"beach","sourceId":"sitpa-physical","territoryIds":["es-as"],"bbox":[-6.22492,43.58289,-6.22492,43.58289],"center":[-6.22492,43.58289]},"geometry":{"type":"Point","coordinates":[-6.22492,43.58289]}},{"type":"Feature","id":"physical-as-beach-tourism-beach-46","properties":{"id":"physical-as-beach-tourism-beach-46","slug":"playa-de-san-pedro-de-bocamar","name":"Playa de San Pedro De Bocamar","localName":"San Pedro De Bocamar","aliases":["San Pedro De Bocamar"],"kind":"beach","sourceId":"sitpa-physical","territoryIds":["es-as"],"bbox":[-6.2203,43.57851,-6.2203,43.57851],"center":[-6.2203,43.57851]},"geometry":{"type":"Point","coordinates":[-6.2203,43.57851]}},{"type":"Feature","id":"physical-as-beach-tourism-beach-47","properties":{"id":"physical-as-beach-tourism-beach-47","slug":"playa-de-oleiros","name":"Playa de Oleiros","localName":"Oleiros","aliases":["Oleiros"],"kind":"beach","sourceId":"sitpa-physical","territoryIds":["es-as"],"bbox":[-6.202,43.57268,-6.202,43.57268],"center":[-6.202,43.57268]},"geometry":{"type":"Point","coordinates":[-6.202,43.57268]}},{"type":"Feature","id":"physical-as-beach-tourism-beach-48","properties":{"id":"physical-as-beach-tourism-beach-48","slug":"playa-de-castro","name":"Playa de Castro","localName":"De Castro","aliases":["De Castro"],"kind":"beach","sourceId":"sitpa-physical","territoryIds":["es-as"],"bbox":[-6.19097,43.57852,-6.19097,43.57852],"center":[-6.19097,43.57852]},"geometry":{"type":"Point","coordinates":[-6.19097,43.57852]}},{"type":"Feature","id":"physical-as-beach-tourism-beach-49","properties":{"id":"physical-as-beach-tourism-beach-49","slug":"playa-de-la-barquera","name":"Playa de la Barquera","localName":"La Barquera","aliases":["La Barquera"],"kind":"beach","sourceId":"sitpa-physical","territoryIds":["es-as"],"bbox":[-6.29203,43.56998,-6.29203,43.56998],"center":[-6.29203,43.56998]},"geometry":{"type":"Point","coordinates":[-6.29203,43.56998]}},{"type":"Feature","id":"physical-as-beach-tourism-beach-50","properties":{"id":"physical-as-beach-tourism-beach-50","slug":"playa-de-los-quebrantos","name":"Playa de los Quebrantos","localName":"Los Quebrantos","aliases":["Los Quebrantos"],"kind":"beach","sourceId":"sitpa-physical","territoryIds":["es-as"],"bbox":[-6.06703,43.5658,-6.06703,43.5658],"center":[-6.06703,43.5658]},"geometry":{"type":"Point","coordinates":[-6.06703,43.5658]}},{"type":"Feature","id":"physical-as-beach-tourism-beach-51","properties":{"id":"physical-as-beach-tourism-beach-51","slug":"playa-de-playon-de-bayas-sablon","name":"Playa de Playón De Bayas / Sablón","localName":"Playón De Bayas / Sablón","aliases":["Playón De Bayas / Sablón"],"kind":"beach","sourceId":"sitpa-physical","territoryIds":["es-as"],"bbox":[-6.04524,43.57484,-6.04524,43.57484],"center":[-6.04524,43.57484]},"geometry":{"type":"Point","coordinates":[-6.04524,43.57484]}},{"type":"Feature","id":"physical-as-beach-tourism-beach-52","properties":{"id":"physical-as-beach-tourism-beach-52","slug":"playa-de-malabajada","name":"Playa de Malabajada","localName":"Malabajada","aliases":["Malabajada"],"kind":"beach","sourceId":"sitpa-physical","territoryIds":["es-as"],"bbox":[-6.02648,43.58503,-6.02648,43.58503],"center":[-6.02648,43.58503]},"geometry":{"type":"Point","coordinates":[-6.02648,43.58503]}},{"type":"Feature","id":"physical-as-beach-tourism-beach-53","properties":{"id":"physical-as-beach-tourism-beach-53","slug":"playa-de-ensenada-conejera","name":"Playa de Ensenada Conejera","localName":"Ensenada Conejera","aliases":["Ensenada Conejera"],"kind":"beach","sourceId":"sitpa-physical","territoryIds":["es-as"],"bbox":[-5.35311,43.53099,-5.35311,43.53099],"center":[-5.35311,43.53099]},"geometry":{"type":"Point","coordinates":[-5.35311,43.53099]}},{"type":"Feature","id":"physical-as-beach-tourism-beach-54","properties":{"id":"physical-as-beach-tourism-beach-54","slug":"playa-de-lastres","name":"Playa de Lastres","localName":"Lastres","aliases":["Lastres"],"kind":"beach","sourceId":"sitpa-physical","territoryIds":["es-as"],"bbox":[-5.26973,43.50739,-5.26973,43.50739],"center":[-5.26973,43.50739]},"geometry":{"type":"Point","coordinates":[-5.26973,43.50739]}},{"type":"Feature","id":"physical-as-beach-tourism-beach-55","properties":{"id":"physical-as-beach-tourism-beach-55","slug":"playa-de-la-griega","name":"Playa de la Griega","localName":"La Griega","aliases":["La Griega"],"kind":"beach","sourceId":"sitpa-physical","territoryIds":["es-as"],"bbox":[-5.26063,43.50162,-5.26063,43.50162],"center":[-5.26063,43.50162]},"geometry":{"type":"Point","coordinates":[-5.26063,43.50162]}},{"type":"Feature","id":"physical-as-beach-tourism-beach-56","properties":{"id":"physical-as-beach-tourism-beach-56","slug":"playa-de-la-isla","name":"Playa de la Isla","localName":"La Isla","aliases":["La Isla"],"kind":"beach","sourceId":"sitpa-physical","territoryIds":["es-as"],"bbox":[-5.22411,43.4796,-5.22411,43.4796],"center":[-5.22411,43.4796]},"geometry":{"type":"Point","coordinates":[-5.22411,43.4796]}},{"type":"Feature","id":"physical-as-beach-tourism-beach-57","properties":{"id":"physical-as-beach-tourism-beach-57","slug":"playa-del-barrigon-salmoriera","name":"Playa del Barrigón / Salmoriera","localName":"El Barrigón / Salmoriera","aliases":["El Barrigón / Salmoriera"],"kind":"beach","sourceId":"sitpa-physical","territoryIds":["es-as"],"bbox":[-5.22057,43.47688,-5.22057,43.47688],"center":[-5.22057,43.47688]},"geometry":{"type":"Point","coordinates":[-5.22057,43.47688]}},{"type":"Feature","id":"physical-as-beach-tourism-beach-58","properties":{"id":"physical-as-beach-tourism-beach-58","slug":"playa-de-la-carniciega","name":"Playa de la Carniciega","localName":"La Carniciega","aliases":["La Carniciega"],"kind":"beach","sourceId":"sitpa-physical","territoryIds":["es-as"],"bbox":[-5.88082,43.62385,-5.88082,43.62385],"center":[-5.88082,43.62385]},"geometry":{"type":"Point","coordinates":[-5.88082,43.62385]}},{"type":"Feature","id":"physical-as-beach-tourism-beach-59","properties":{"id":"physical-as-beach-tourism-beach-59","slug":"playa-de-tenrero-verdicio","name":"Playa de Tenrero / Verdicio","localName":"Tenrero / Verdicio","aliases":["Tenrero  / Verdicio","Tenrero / Verdicio"],"kind":"beach","sourceId":"sitpa-physical","territoryIds":["es-as"],"bbox":[-5.87678,43.62626,-5.87678,43.62626],"center":[-5.87678,43.62626]},"geometry":{"type":"Point","coordinates":[-5.87678,43.62626]}},{"type":"Feature","id":"physical-as-beach-tourism-beach-60","properties":{"id":"physical-as-beach-tourism-beach-60","slug":"playa-de-beciella","name":"Playa de Beciella","localName":"Beciella","aliases":["Beciella"],"kind":"beach","sourceId":"sitpa-physical","territoryIds":["es-as"],"bbox":[-5.19734,43.47567,-5.19734,43.47567],"center":[-5.19734,43.47567]},"geometry":{"type":"Point","coordinates":[-5.19734,43.47567]}},{"type":"Feature","id":"physical-as-beach-tourism-beach-61","properties":{"id":"physical-as-beach-tourism-beach-61","slug":"playa-de-caravia-arenal-de-moris","name":"Playa de Caravia /Arenal De Morís","localName":"Caravia /Arenal De Morís","aliases":["Caravia /Arenal De Morís"],"kind":"beach","sourceId":"sitpa-physical","territoryIds":["es-as"],"bbox":[-5.17436,43.47523,-5.17436,43.47523],"center":[-5.17436,43.47523]},"geometry":{"type":"Point","coordinates":[-5.17436,43.47523]}},{"type":"Feature","id":"physical-as-beach-tourism-beach-62","properties":{"id":"physical-as-beach-tourism-beach-62","slug":"playa-de-vega-berbes","name":"Playa de Vega / Berbes","localName":"Vega / Berbes","aliases":["Vega / Berbes"],"kind":"beach","sourceId":"sitpa-physical","territoryIds":["es-as"],"bbox":[-5.14105,43.4801,-5.14105,43.4801],"center":[-5.14105,43.4801]},"geometry":{"type":"Point","coordinates":[-5.14105,43.4801]}},{"type":"Feature","id":"physical-as-beach-tourism-beach-63","properties":{"id":"physical-as-beach-tourism-beach-63","slug":"playa-de-ribadesella-santa-marina","name":"Playa de Ribadesella / Santa Marina","localName":"Ribadesella / Santa Marina","aliases":["Ribadesella / Santa Marina"],"kind":"beach","sourceId":"sitpa-physical","territoryIds":["es-as"],"bbox":[-5.06881,43.46633,-5.06881,43.46633],"center":[-5.06881,43.46633]},"geometry":{"type":"Point","coordinates":[-5.06881,43.46633]}},{"type":"Feature","id":"physical-as-beach-tourism-beach-64","properties":{"id":"physical-as-beach-tourism-beach-64","slug":"playa-de-la-atalaya","name":"Playa de la Atalaya","localName":"La Atalaya","aliases":["La Atalaya"],"kind":"beach","sourceId":"sitpa-physical","territoryIds":["es-as"],"bbox":[-5.05492,43.46427,-5.05492,43.46427],"center":[-5.05492,43.46427]},"geometry":{"type":"Point","coordinates":[-5.05492,43.46427]}},{"type":"Feature","id":"physical-as-beach-tourism-beach-65","properties":{"id":"physical-as-beach-tourism-beach-65","slug":"playa-de-san-antonio","name":"Playa de San Antonio","localName":"San Antonio","aliases":["San Antonio"],"kind":"beach","sourceId":"sitpa-physical","territoryIds":["es-as"],"bbox":[-4.92811,43.45948,-4.92811,43.45948],"center":[-4.92811,43.45948]},"geometry":{"type":"Point","coordinates":[-4.92811,43.45948]}},{"type":"Feature","id":"physical-as-beach-tourism-beach-66","properties":{"id":"physical-as-beach-tourism-beach-66","slug":"playa-del-vivero","name":"Playa del Vivero","localName":"El Vivero","aliases":["El Vivero"],"kind":"beach","sourceId":"sitpa-physical","territoryIds":["es-as"],"bbox":[-4.56731,43.39203,-4.56731,43.39203],"center":[-4.56731,43.39203]},"geometry":{"type":"Point","coordinates":[-4.56731,43.39203]}},{"type":"Feature","id":"physical-as-beach-tourism-beach-67","properties":{"id":"physical-as-beach-tourism-beach-67","slug":"playa-de-regolgero-mendia","name":"Playa de Regolgero / Mendía","localName":"Regolgero / Mendía","aliases":["Regolgero  / Mendía","Regolgero / Mendía"],"kind":"beach","sourceId":"sitpa-physical","territoryIds":["es-as"],"bbox":[-4.5576,43.39352,-4.5576,43.39352],"center":[-4.5576,43.39352]},"geometry":{"type":"Point","coordinates":[-4.5576,43.39352]}},{"type":"Feature","id":"physical-as-beach-tourism-beach-68","properties":{"id":"physical-as-beach-tourism-beach-68","slug":"playa-de-la-espasa","name":"Playa de la Espasa","localName":"La Espasa","aliases":["La Espasa"],"kind":"beach","sourceId":"sitpa-physical","territoryIds":["es-as"],"bbox":[-5.21439,43.47491,-5.21439,43.47491],"center":[-5.21439,43.47491]},"geometry":{"type":"Point","coordinates":[-5.21439,43.47491]}},{"type":"Feature","id":"physical-as-beach-tourism-beach-69","properties":{"id":"physical-as-beach-tourism-beach-69","slug":"playa-de-concha-de-artedo","name":"Playa de Concha De Artedo","localName":"Concha De Artedo","aliases":["Concha De Artedo"],"kind":"beach","sourceId":"sitpa-physical","territoryIds":["es-as"],"bbox":[-6.18786,43.5638,-6.18786,43.5638],"center":[-6.18786,43.5638]},"geometry":{"type":"Point","coordinates":[-6.18786,43.5638]}},{"type":"Feature","id":"physical-as-beach-tourism-beach-70","properties":{"id":"physical-as-beach-tourism-beach-70","slug":"playa-de-maria-candiales","name":"Playa de María Candiales","localName":"María Candiales","aliases":["María Candiales"],"kind":"beach","sourceId":"sitpa-physical","territoryIds":["es-as"],"bbox":[-6.15893,43.56629,-6.15893,43.56629],"center":[-6.15893,43.56629]},"geometry":{"type":"Point","coordinates":[-6.15893,43.56629]}},{"type":"Feature","id":"physical-as-beach-tourism-beach-71","properties":{"id":"physical-as-beach-tourism-beach-71","slug":"playa-de-aguilar","name":"Playa de Aguilar","localName":"Aguilar","aliases":["Aguilar"],"kind":"beach","sourceId":"sitpa-physical","territoryIds":["es-as"],"bbox":[-6.11788,43.55522,-6.11788,43.55522],"center":[-6.11788,43.55522]},"geometry":{"type":"Point","coordinates":[-6.11788,43.55522]}},{"type":"Feature","id":"physical-as-beach-tourism-beach-72","properties":{"id":"physical-as-beach-tourism-beach-72","slug":"playa-de-gueirua","name":"Playa de Gueirua","localName":"Gueirua","aliases":["Gueirua"],"kind":"beach","sourceId":"sitpa-physical","territoryIds":["es-as"],"bbox":[-6.30967,43.56337,-6.30967,43.56337],"center":[-6.30967,43.56337]},"geometry":{"type":"Point","coordinates":[-6.30967,43.56337]}},{"type":"Feature","id":"physical-as-beach-tourism-beach-73","properties":{"id":"physical-as-beach-tourism-beach-73","slug":"playa-de-calabon-santa-marina","name":"Playa de Calabón / Santa Marína","localName":"Calabón / Santa Marína","aliases":["Calabón / Santa Marína"],"kind":"beach","sourceId":"sitpa-physical","territoryIds":["es-as"],"bbox":[-6.30514,43.56301,-6.30514,43.56301],"center":[-6.30514,43.56301]},"geometry":{"type":"Point","coordinates":[-6.30514,43.56301]}},{"type":"Feature","id":"physical-as-beach-tourism-beach-74","properties":{"id":"physical-as-beach-tourism-beach-74","slug":"playa-de-la-ribera-del-molin","name":"Playa de la Ribera Del Molín","localName":"La Ribera Del Molín","aliases":["La Ribera Del Molín"],"kind":"beach","sourceId":"sitpa-physical","territoryIds":["es-as"],"bbox":[-6.3001,43.56486,-6.3001,43.56486],"center":[-6.3001,43.56486]},"geometry":{"type":"Point","coordinates":[-6.3001,43.56486]}},{"type":"Feature","id":"physical-as-beach-tourism-beach-75","properties":{"id":"physical-as-beach-tourism-beach-75","slug":"playa-del-silencio-gavieira","name":"Playa del Silencio/ Gaviéira","localName":"Del Silencio/ Gaviéira","aliases":["Del Silencio/ Gaviéira"],"kind":"beach","sourceId":"sitpa-physical","territoryIds":["es-as"],"bbox":[-6.29571,43.56647,-6.29571,43.56647],"center":[-6.29571,43.56647]},"geometry":{"type":"Point","coordinates":[-6.29571,43.56647]}},{"type":"Feature","id":"physical-as-beach-tourism-beach-76","properties":{"id":"physical-as-beach-tourism-beach-76","slug":"playa-de-moniello","name":"Playa de Moniello","localName":"Moniello","aliases":["Moniello"],"kind":"beach","sourceId":"sitpa-physical","territoryIds":["es-as"],"bbox":[-5.79435,43.62953,-5.79435,43.62953],"center":[-5.79435,43.62953]},"geometry":{"type":"Point","coordinates":[-5.79435,43.62953]}},{"type":"Feature","id":"physical-as-beach-tourism-beach-77","properties":{"id":"physical-as-beach-tourism-beach-77","slug":"playa-de-luanco","name":"Playa de Luanco","localName":"Luanco","aliases":["Luanco"],"kind":"beach","sourceId":"sitpa-physical","territoryIds":["es-as"],"bbox":[-5.78765,43.61849,-5.78765,43.61849],"center":[-5.78765,43.61849]},"geometry":{"type":"Point","coordinates":[-5.78765,43.61849]}},{"type":"Feature","id":"physical-as-beach-tourism-beach-78","properties":{"id":"physical-as-beach-tourism-beach-78","slug":"playa-de-rodiles","name":"Playa de Rodiles","localName":"Rodiles","aliases":["Rodiles"],"kind":"beach","sourceId":"sitpa-physical","territoryIds":["es-as"],"bbox":[-5.38005,43.53408,-5.38005,43.53408],"center":[-5.38005,43.53408]},"geometry":{"type":"Point","coordinates":[-5.38005,43.53408]}},{"type":"Feature","id":"physical-as-beach-tourism-beach-79","properties":{"id":"physical-as-beach-tourism-beach-79","slug":"playa-del-naranxu","name":"Playa del Naranxu","localName":"El Naranxu","aliases":["El Naranxu"],"kind":"beach","sourceId":"sitpa-physical","territoryIds":["es-as"],"bbox":[-4.76813,43.42846,-4.76813,43.42846],"center":[-4.76813,43.42846]},"geometry":{"type":"Point","coordinates":[-4.76813,43.42846]}},{"type":"Feature","id":"physical-as-beach-tourism-beach-80","properties":{"id":"physical-as-beach-tourism-beach-80","slug":"playa-del-sablon","name":"Playa del Sablón","localName":"El Sablón","aliases":["El Sablón"],"kind":"beach","sourceId":"sitpa-physical","territoryIds":["es-as"],"bbox":[-4.75252,43.42278,-4.75252,43.42278],"center":[-4.75252,43.42278]},"geometry":{"type":"Point","coordinates":[-4.75252,43.42278]}},{"type":"Feature","id":"physical-as-beach-tourism-beach-81","properties":{"id":"physical-as-beach-tourism-beach-81","slug":"playa-de-las-mujeres","name":"Playa de las Mujeres","localName":"Las Mujeres","aliases":["Las Mujeres"],"kind":"beach","sourceId":"sitpa-physical","territoryIds":["es-as"],"bbox":[-4.74809,43.41959,-4.74809,43.41959],"center":[-4.74809,43.41959]},"geometry":{"type":"Point","coordinates":[-4.74809,43.41959]}},{"type":"Feature","id":"physical-as-beach-tourism-beach-82","properties":{"id":"physical-as-beach-tourism-beach-82","slug":"playa-de-puerto-chico","name":"Playa de Puerto Chico","localName":"Puerto Chico","aliases":["Puerto Chico"],"kind":"beach","sourceId":"sitpa-physical","territoryIds":["es-as"],"bbox":[-4.74762,43.41892,-4.74762,43.41892],"center":[-4.74762,43.41892]},"geometry":{"type":"Point","coordinates":[-4.74762,43.41892]}},{"type":"Feature","id":"physical-as-beach-tourism-beach-83","properties":{"id":"physical-as-beach-tourism-beach-83","slug":"playa-de-toro","name":"Playa de Toró","localName":"Toró","aliases":["Toró"],"kind":"beach","sourceId":"sitpa-physical","territoryIds":["es-as"],"bbox":[-4.74326,43.41685,-4.74326,43.41685],"center":[-4.74326,43.41685]},"geometry":{"type":"Point","coordinates":[-4.74326,43.41685]}},{"type":"Feature","id":"physical-as-beach-tourism-beach-84","properties":{"id":"physical-as-beach-tourism-beach-84","slug":"playa-del-portiellu","name":"Playa del Portiellu","localName":"El Portiellu","aliases":["El Portiellu"],"kind":"beach","sourceId":"sitpa-physical","territoryIds":["es-as"],"bbox":[-4.74059,43.41546,-4.74059,43.41546],"center":[-4.74059,43.41546]},"geometry":{"type":"Point","coordinates":[-4.74059,43.41546]}},{"type":"Feature","id":"physical-as-beach-tourism-beach-85","properties":{"id":"physical-as-beach-tourism-beach-85","slug":"playa-de-la-ballota","name":"Playa de la Ballota","localName":"La Ballota","aliases":["La Ballota"],"kind":"beach","sourceId":"sitpa-physical","territoryIds":["es-as"],"bbox":[-4.71357,43.41249,-4.71357,43.41249],"center":[-4.71357,43.41249]},"geometry":{"type":"Point","coordinates":[-4.71357,43.41249]}},{"type":"Feature","id":"physical-as-beach-tourism-beach-86","properties":{"id":"physical-as-beach-tourism-beach-86","slug":"playa-de-andrin","name":"Playa de Andrín","localName":"Andrín","aliases":["Andrín"],"kind":"beach","sourceId":"sitpa-physical","territoryIds":["es-as"],"bbox":[-4.70815,43.41083,-4.70815,43.41083],"center":[-4.70815,43.41083]},"geometry":{"type":"Point","coordinates":[-4.70815,43.41083]}},{"type":"Feature","id":"physical-as-beach-tourism-beach-87","properties":{"id":"physical-as-beach-tourism-beach-87","slug":"playa-de-vidiago","name":"Playa de Vidiago","localName":"Vidiago","aliases":["Vidiago"],"kind":"beach","sourceId":"sitpa-physical","territoryIds":["es-as"],"bbox":[-4.65156,43.4013,-4.65156,43.4013],"center":[-4.65156,43.4013]},"geometry":{"type":"Point","coordinates":[-4.65156,43.4013]}},{"type":"Feature","id":"physical-as-beach-tourism-beach-88","properties":{"id":"physical-as-beach-tourism-beach-88","slug":"playa-de-buelna","name":"Playa de Buelna","localName":"Buelna","aliases":["Buelna"],"kind":"beach","sourceId":"sitpa-physical","territoryIds":["es-as"],"bbox":[-4.61924,43.39545,-4.61924,43.39545],"center":[-4.61924,43.39545]},"geometry":{"type":"Point","coordinates":[-4.61924,43.39545]}},{"type":"Feature","id":"physical-as-beach-tourism-beach-89","properties":{"id":"physical-as-beach-tourism-beach-89","slug":"playa-de-xago","name":"Playa de Xagó","localName":"Xagó","aliases":["Xagó"],"kind":"beach","sourceId":"sitpa-physical","territoryIds":["es-as"],"bbox":[-5.9201,43.60365,-5.9201,43.60365],"center":[-5.9201,43.60365]},"geometry":{"type":"Point","coordinates":[-5.9201,43.60365]}},{"type":"Feature","id":"physical-as-beach-tourism-beach-90","properties":{"id":"physical-as-beach-tourism-beach-90","slug":"playa-de-gargantera-se","name":"Playa de Gargantera Se","localName":"Gargantera Se","aliases":["Gargantera Se"],"kind":"beach","sourceId":"sitpa-physical","territoryIds":["es-as"],"bbox":[-5.776,43.60602,-5.776,43.60602],"center":[-5.776,43.60602]},"geometry":{"type":"Point","coordinates":[-5.776,43.60602]}},{"type":"Feature","id":"physical-as-beach-tourism-beach-91","properties":{"id":"physical-as-beach-tourism-beach-91","slug":"playa-de-san-pedro-antromero","name":"Playa de San Pedro / Antromero","localName":"San Pedro / Antromero","aliases":["San Pedro / Antromero"],"kind":"beach","sourceId":"sitpa-physical","territoryIds":["es-as"],"bbox":[-5.77177,43.60184,-5.77177,43.60184],"center":[-5.77177,43.60184]},"geometry":{"type":"Point","coordinates":[-5.77177,43.60184]}},{"type":"Feature","id":"physical-as-beach-tourism-beach-92","properties":{"id":"physical-as-beach-tourism-beach-92","slug":"playa-de-meron","name":"Playa de Merón","localName":"Merón","aliases":["Merón"],"kind":"beach","sourceId":"sitpa-physical","territoryIds":["es-as"],"bbox":[-5.49426,43.54396,-5.49426,43.54396],"center":[-5.49426,43.54396]},"geometry":{"type":"Point","coordinates":[-5.49426,43.54396]}},{"type":"Feature","id":"physical-as-beach-tourism-beach-93","properties":{"id":"physical-as-beach-tourism-beach-93","slug":"playa-de-tazones","name":"Playa de Tazones","localName":"Tazones","aliases":["Tazones"],"kind":"beach","sourceId":"sitpa-physical","territoryIds":["es-as"],"bbox":[-5.39943,43.54462,-5.39943,43.54462],"center":[-5.39943,43.54462]},"geometry":{"type":"Point","coordinates":[-5.39943,43.54462]}},{"type":"Feature","id":"physical-as-beach-tourism-beach-94","properties":{"id":"physical-as-beach-tourism-beach-94","slug":"playa-del-puntal","name":"Playa del Puntal","localName":"El Puntal","aliases":["El Puntal"],"kind":"beach","sourceId":"sitpa-physical","territoryIds":["es-as"],"bbox":[-5.38762,43.52937,-5.38762,43.52937],"center":[-5.38762,43.52937]},"geometry":{"type":"Point","coordinates":[-5.38762,43.52937]}},{"type":"Feature","id":"physical-as-beach-tourism-beach-95","properties":{"id":"physical-as-beach-tourism-beach-95","slug":"playa-de-cervigon-el-rinconin","name":"Playa de Cervigón / El Rinconín","localName":"Cervigón / El Rinconín","aliases":["Cervigón / El Rinconín"],"kind":"beach","sourceId":"sitpa-physical","territoryIds":["es-as"],"bbox":[-5.63913,43.54838,-5.63913,43.54838],"center":[-5.63913,43.54838]},"geometry":{"type":"Point","coordinates":[-5.63913,43.54838]}},{"type":"Feature","id":"physical-as-beach-tourism-beach-96","properties":{"id":"physical-as-beach-tourism-beach-96","slug":"playa-de-penarrubia","name":"Playa de Peñarrubia","localName":"Peñarrubia","aliases":["Peñarrubia"],"kind":"beach","sourceId":"sitpa-physical","territoryIds":["es-as"],"bbox":[-5.62378,43.55193,-5.62378,43.55193],"center":[-5.62378,43.55193]},"geometry":{"type":"Point","coordinates":[-5.62378,43.55193]}},{"type":"Feature","id":"physical-as-beach-tourism-beach-97","properties":{"id":"physical-as-beach-tourism-beach-97","slug":"playa-de-serin","name":"Playa de Serín","localName":"Serín","aliases":["Serín"],"kind":"beach","sourceId":"sitpa-physical","territoryIds":["es-as"],"bbox":[-5.61053,43.55053,-5.61053,43.55053],"center":[-5.61053,43.55053]},"geometry":{"type":"Point","coordinates":[-5.61053,43.55053]}},{"type":"Feature","id":"physical-as-beach-tourism-beach-98","properties":{"id":"physical-as-beach-tourism-beach-98","slug":"playa-de-la-cagonera","name":"Playa de la Cagonera","localName":"La Cagonera","aliases":["La Cagonera"],"kind":"beach","sourceId":"sitpa-physical","territoryIds":["es-as"],"bbox":[-5.60616,43.54916,-5.60616,43.54916],"center":[-5.60616,43.54916]},"geometry":{"type":"Point","coordinates":[-5.60616,43.54916]}},{"type":"Feature","id":"physical-as-beach-tourism-beach-99","properties":{"id":"physical-as-beach-tourism-beach-99","slug":"playa-de-estano","name":"Playa de Estaño","localName":"Estaño","aliases":["Estaño"],"kind":"beach","sourceId":"sitpa-physical","territoryIds":["es-as"],"bbox":[-5.5978,43.5479,-5.5978,43.5479],"center":[-5.5978,43.5479]},"geometry":{"type":"Point","coordinates":[-5.5978,43.5479]}},{"type":"Feature","id":"physical-as-beach-tourism-beach-100","properties":{"id":"physical-as-beach-tourism-beach-100","slug":"playa-de-la-nora","name":"Playa de la Ñora","localName":"La Ñora","aliases":["La Ñora"],"kind":"beach","sourceId":"sitpa-physical","territoryIds":["es-as"],"bbox":[-5.59006,43.54733,-5.59006,43.54733],"center":[-5.59006,43.54733]},"geometry":{"type":"Point","coordinates":[-5.59006,43.54733]}},{"type":"Feature","id":"physical-as-beach-tourism-beach-101","properties":{"id":"physical-as-beach-tourism-beach-101","slug":"playa-de-espana","name":"Playa de España","localName":"España","aliases":["España"],"kind":"beach","sourceId":"sitpa-physical","territoryIds":["es-as"],"bbox":[-5.52879,43.54587,-5.52879,43.54587],"center":[-5.52879,43.54587]},"geometry":{"type":"Point","coordinates":[-5.52879,43.54587]}},{"type":"Feature","id":"physical-as-beach-tourism-beach-102","properties":{"id":"physical-as-beach-tourism-beach-102","slug":"playa-de-llumeres","name":"Playa de Llumeres","localName":"Llumeres","aliases":["Llumeres"],"kind":"beach","sourceId":"sitpa-physical","territoryIds":["es-as"],"bbox":[-5.82797,43.63933,-5.82797,43.63933],"center":[-5.82797,43.63933]},"geometry":{"type":"Point","coordinates":[-5.82797,43.63933]}},{"type":"Feature","id":"physical-as-beach-tourism-beach-103","properties":{"id":"physical-as-beach-tourism-beach-103","slug":"playa-de-poniente","name":"Playa de Poniente","localName":"De Poniente","aliases":["De Poniente"],"kind":"beach","sourceId":"sitpa-physical","territoryIds":["es-as"],"bbox":[-5.67301,43.54317,-5.67301,43.54317],"center":[-5.67301,43.54317]},"geometry":{"type":"Point","coordinates":[-5.67301,43.54317]}},{"type":"Feature","id":"physical-as-beach-tourism-beach-104","properties":{"id":"physical-as-beach-tourism-beach-104","slug":"playa-de-san-lorenzo","name":"Playa de San Lorenzo","localName":"San Lorenzo","aliases":["San Lorenzo"],"kind":"beach","sourceId":"sitpa-physical","territoryIds":["es-as"],"bbox":[-5.65111,43.54166,-5.65111,43.54166],"center":[-5.65111,43.54166]},"geometry":{"type":"Point","coordinates":[-5.65111,43.54166]}},{"type":"Feature","id":"physical-as-beach-tourism-beach-105","properties":{"id":"physical-as-beach-tourism-beach-105","slug":"playa-de-tayada","name":"Playa de Tayada","localName":"Tayada","aliases":["Tayada"],"kind":"beach","sourceId":"sitpa-physical","territoryIds":["es-as"],"bbox":[-4.81625,43.43804,-4.81625,43.43804],"center":[-4.81625,43.43804]},"geometry":{"type":"Point","coordinates":[-4.81625,43.43804]}},{"type":"Feature","id":"physical-as-beach-tourism-beach-106","properties":{"id":"physical-as-beach-tourism-beach-106","slug":"playa-de-borizu","name":"Playa de Borizu","localName":"Borizu","aliases":["Borizu"],"kind":"beach","sourceId":"sitpa-physical","territoryIds":["es-as"],"bbox":[-4.81304,43.43573,-4.81304,43.43573],"center":[-4.81304,43.43573]},"geometry":{"type":"Point","coordinates":[-4.81304,43.43573]}},{"type":"Feature","id":"physical-as-beach-tourism-beach-107","properties":{"id":"physical-as-beach-tourism-beach-107","slug":"playa-de-palombina","name":"Playa de Palombina","localName":"Palombina","aliases":["Palombina"],"kind":"beach","sourceId":"sitpa-physical","territoryIds":["es-as"],"bbox":[-4.80903,43.43318,-4.80903,43.43318],"center":[-4.80903,43.43318]},"geometry":{"type":"Point","coordinates":[-4.80903,43.43318]}},{"type":"Feature","id":"physical-as-beach-tourism-beach-108","properties":{"id":"physical-as-beach-tourism-beach-108","slug":"playa-de-los-curas","name":"Playa de los Curas","localName":"De Los Curas","aliases":["De Los Curas"],"kind":"beach","sourceId":"sitpa-physical","territoryIds":["es-as"],"bbox":[-4.8068,43.43198,-4.8068,43.43198],"center":[-4.8068,43.43198]},"geometry":{"type":"Point","coordinates":[-4.8068,43.43198]}},{"type":"Feature","id":"physical-as-beach-tourism-beach-109","properties":{"id":"physical-as-beach-tourism-beach-109","slug":"playa-de-la-franca","name":"Playa de la Franca","localName":"La Franca","aliases":["La Franca"],"kind":"beach","sourceId":"sitpa-physical","territoryIds":["es-as"],"bbox":[-4.57649,43.3934,-4.57649,43.3934],"center":[-4.57649,43.3934]},"geometry":{"type":"Point","coordinates":[-4.57649,43.3934]}},{"type":"Feature","id":"physical-as-beach-tourism-beach-110","properties":{"id":"physical-as-beach-tourism-beach-110","slug":"playa-de-san-antolin","name":"Playa de San Antolín","localName":"San Antolín","aliases":["San Antolín"],"kind":"beach","sourceId":"sitpa-physical","territoryIds":["es-as"],"bbox":[-4.86979,43.44264,-4.86979,43.44264],"center":[-4.86979,43.44264]},"geometry":{"type":"Point","coordinates":[-4.86979,43.44264]}},{"type":"Feature","id":"physical-as-beach-tourism-beach-111","properties":{"id":"physical-as-beach-tourism-beach-111","slug":"playa-de-torimbia","name":"Playa de Torimbia","localName":"Torimbia","aliases":["Torimbia"],"kind":"beach","sourceId":"sitpa-physical","territoryIds":["es-as"],"bbox":[-4.85195,43.4427,-4.85195,43.4427],"center":[-4.85195,43.4427]},"geometry":{"type":"Point","coordinates":[-4.85195,43.4427]}},{"type":"Feature","id":"physical-as-beach-tourism-beach-112","properties":{"id":"physical-as-beach-tourism-beach-112","slug":"playa-de-valle-sevalle","name":"Playa de Valle / Sevalle","localName":"Valle / Sevalle","aliases":["Valle / Sevalle"],"kind":"beach","sourceId":"sitpa-physical","territoryIds":["es-as"],"bbox":[-4.84021,43.44363,-4.84021,43.44363],"center":[-4.84021,43.44363]},"geometry":{"type":"Point","coordinates":[-4.84021,43.44363]}},{"type":"Feature","id":"physical-as-beach-tourism-beach-113","properties":{"id":"physical-as-beach-tourism-beach-113","slug":"playa-de-niembro-toranda","name":"Playa de Niembro / Toranda","localName":"Niembro / Toranda","aliases":["Niembro / Toranda"],"kind":"beach","sourceId":"sitpa-physical","territoryIds":["es-as"],"bbox":[-4.83926,43.44106,-4.83926,43.44106],"center":[-4.83926,43.44106]},"geometry":{"type":"Point","coordinates":[-4.83926,43.44106]}},{"type":"Feature","id":"physical-as-beach-tourism-beach-114","properties":{"id":"physical-as-beach-tourism-beach-114","slug":"playa-de-barro","name":"Playa de Barro","localName":"Barro","aliases":["Barro"],"kind":"beach","sourceId":"sitpa-physical","territoryIds":["es-as"],"bbox":[-4.82543,43.43694,-4.82543,43.43694],"center":[-4.82543,43.43694]},"geometry":{"type":"Point","coordinates":[-4.82543,43.43694]}},{"type":"Feature","id":"physical-as-beach-tourism-beach-115","properties":{"id":"physical-as-beach-tourism-beach-115","slug":"playa-de-sorraos","name":"Playa de Sorraos","localName":"Sorraos","aliases":["Sorraos"],"kind":"beach","sourceId":"sitpa-physical","territoryIds":["es-as"],"bbox":[-4.82286,43.43655,-4.82286,43.43655],"center":[-4.82286,43.43655]},"geometry":{"type":"Point","coordinates":[-4.82286,43.43655]}},{"type":"Feature","id":"physical-as-beach-tourism-beach-116","properties":{"id":"physical-as-beach-tourism-beach-116","slug":"playa-de-la-palmera","name":"Playa de la Palmera","localName":"La Palmera","aliases":["La Palmera"],"kind":"beach","sourceId":"sitpa-physical","territoryIds":["es-as"],"bbox":[-5.76082,43.58748,-5.76082,43.58748],"center":[-5.76082,43.58748]},"geometry":{"type":"Point","coordinates":[-5.76082,43.58748]}},{"type":"Feature","id":"physical-as-beach-tourism-beach-117","properties":{"id":"physical-as-beach-tourism-beach-117","slug":"playa-de-huelgues","name":"Playa de Huelgues","localName":"Huelgues","aliases":["Huelgues"],"kind":"beach","sourceId":"sitpa-physical","territoryIds":["es-as"],"bbox":[-5.75171,43.58251,-5.75171,43.58251],"center":[-5.75171,43.58251]},"geometry":{"type":"Point","coordinates":[-5.75171,43.58251]}},{"type":"Feature","id":"physical-as-beach-tourism-beach-118","properties":{"id":"physical-as-beach-tourism-beach-118","slug":"playa-de-carranques","name":"Playa de Carranques","localName":"Carranques","aliases":["Carranques"],"kind":"beach","sourceId":"sitpa-physical","territoryIds":["es-as"],"bbox":[-5.74353,43.57782,-5.74353,43.57782],"center":[-5.74353,43.57782]},"geometry":{"type":"Point","coordinates":[-5.74353,43.57782]}},{"type":"Feature","id":"physical-as-beach-tourism-beach-119","properties":{"id":"physical-as-beach-tourism-beach-119","slug":"playa-de-1-y-2-de-xivares","name":"Playa de 1ª Y 2ª De Xivares","localName":"1ª Y 2ª De Xivares","aliases":["1ª Y 2ª De Xivares"],"kind":"beach","sourceId":"sitpa-physical","territoryIds":["es-as"],"bbox":[-5.71838,43.5697,-5.71838,43.5697],"center":[-5.71838,43.5697]},"geometry":{"type":"Point","coordinates":[-5.71838,43.5697]}},{"type":"Feature","id":"physical-as-beach-tourism-beach-120","properties":{"id":"physical-as-beach-tourism-beach-120","slug":"playa-del-arbeyal","name":"Playa del Arbeyal","localName":"El Arbeyal","aliases":["El Arbeyal"],"kind":"beach","sourceId":"sitpa-physical","territoryIds":["es-as"],"bbox":[-5.69325,43.54448,-5.69325,43.54448],"center":[-5.69325,43.54448]},"geometry":{"type":"Point","coordinates":[-5.69325,43.54448]}},{"type":"Feature","id":"physical-as-beach-tourism-beach-121","properties":{"id":"physical-as-beach-tourism-beach-121","slug":"playa-de-san-balandran","name":"Playa de San Balandrán","localName":"San Balandrán","aliases":["San Balandrán"],"kind":"beach","sourceId":"sitpa-physical","territoryIds":["es-as"],"bbox":[-5.91701,43.58868,-5.91701,43.58868],"center":[-5.91701,43.58868]},"geometry":{"type":"Point","coordinates":[-5.91701,43.58868]}},{"type":"Feature","id":"physical-as-beach-tourism-beach-122","properties":{"id":"physical-as-beach-tourism-beach-122","slug":"playa-del-aranon","name":"Playa del Arañón","localName":"El Arañón","aliases":["El Arañón"],"kind":"beach","sourceId":"sitpa-physical","territoryIds":["es-as"],"bbox":[-5.93915,43.59515,-5.93915,43.59515],"center":[-5.93915,43.59515]},"geometry":{"type":"Point","coordinates":[-5.93915,43.59515]}},{"type":"Feature","id":"physical-as-beach-tourism-beach-123","properties":{"id":"physical-as-beach-tourism-beach-123","slug":"playa-de-figueras","name":"Playa de Figueras","localName":"Figueras","aliases":["Figueras"],"kind":"beach","sourceId":"sitpa-physical","territoryIds":["es-as"],"bbox":[-7.02818,43.54,-7.02818,43.54],"center":[-7.02818,43.54]},"geometry":{"type":"Point","coordinates":[-7.02818,43.54]}},{"type":"Feature","id":"physical-as-beach-tourism-beach-124","properties":{"id":"physical-as-beach-tourism-beach-124","slug":"playa-de-san-roman","name":"Playa de San Román","localName":"San Román","aliases":["San Román"],"kind":"beach","sourceId":"sitpa-physical","territoryIds":["es-as"],"bbox":[-7.0298,43.54132,-7.0298,43.54132],"center":[-7.0298,43.54132]},"geometry":{"type":"Point","coordinates":[-7.0298,43.54132]}},{"type":"Feature","id":"physical-as-beach-tourism-beach-125","properties":{"id":"physical-as-beach-tourism-beach-125","slug":"playa-de-carreton","name":"Playa de Carretón","localName":"Carretón","aliases":["Carretón"],"kind":"beach","sourceId":"sitpa-physical","territoryIds":["es-as"],"bbox":[-6.49313,43.54914,-6.49313,43.54914],"center":[-6.49313,43.54914]},"geometry":{"type":"Point","coordinates":[-6.49313,43.54914]}},{"type":"Feature","id":"physical-as-beach-tourism-beach-126","properties":{"id":"physical-as-beach-tourism-beach-126","slug":"playa-de-punxeo","name":"Playa de Punxeo","localName":"Punxeo","aliases":["Punxeo"],"kind":"beach","sourceId":"sitpa-physical","territoryIds":["es-as"],"bbox":[-6.44944,43.56082,-6.44944,43.56082],"center":[-6.44944,43.56082]},"geometry":{"type":"Point","coordinates":[-6.44944,43.56082]}},{"type":"Feature","id":"physical-as-beach-tourism-beach-127","properties":{"id":"physical-as-beach-tourism-beach-127","slug":"playa-de-choureu","name":"Playa de Chouréu","localName":"Chouréu","aliases":["Chouréu"],"kind":"beach","sourceId":"sitpa-physical","territoryIds":["es-as"],"bbox":[-6.44278,43.55915,-6.44278,43.55915],"center":[-6.44278,43.55915]},"geometry":{"type":"Point","coordinates":[-6.44278,43.55915]}},{"type":"Feature","id":"physical-as-beach-tourism-beach-128","properties":{"id":"physical-as-beach-tourism-beach-128","slug":"playa-de-los-botes","name":"Playa de los Botes","localName":"Los Botes","aliases":["Los Botes"],"kind":"beach","sourceId":"sitpa-physical","territoryIds":["es-as"],"bbox":[-6.20877,43.58161,-6.20877,43.58161],"center":[-6.20877,43.58161]},"geometry":{"type":"Point","coordinates":[-6.20877,43.58161]}},{"type":"Feature","id":"physical-as-beach-tourism-beach-129","properties":{"id":"physical-as-beach-tourism-beach-129","slug":"playa-del-focaron","name":"Playa del Focarón","localName":"El Focarón","aliases":["El Focarón"],"kind":"beach","sourceId":"sitpa-physical","territoryIds":["es-as"],"bbox":[-6.08663,43.56188,-6.08663,43.56188],"center":[-6.08663,43.56188]},"geometry":{"type":"Point","coordinates":[-6.08663,43.56188]}},{"type":"Feature","id":"physical-as-beach-tourism-beach-130","properties":{"id":"physical-as-beach-tourism-beach-130","slug":"playa-de-aramar","name":"Playa de Aramar","localName":"Aramar","aliases":["Aramar"],"kind":"beach","sourceId":"sitpa-physical","territoryIds":["es-as"],"bbox":[-5.7837,43.60905,-5.7837,43.60905],"center":[-5.7837,43.60905]},"geometry":{"type":"Point","coordinates":[-5.7837,43.60905]}},{"type":"Feature","id":"physical-as-beach-tourism-beach-131","properties":{"id":"physical-as-beach-tourism-beach-131","slug":"playa-de-escanu","name":"Playa de Escañu","localName":"Escañu","aliases":["Escañu"],"kind":"beach","sourceId":"sitpa-physical","territoryIds":["es-as"],"bbox":[-5.2679,43.5148,-5.2679,43.5148],"center":[-5.2679,43.5148]},"geometry":{"type":"Point","coordinates":[-5.2679,43.5148]}},{"type":"Feature","id":"physical-as-beach-tourism-beach-132","properties":{"id":"physical-as-beach-tourism-beach-132","slug":"playa-del-viso","name":"Playa del Viso","localName":"El Viso","aliases":["El Viso"],"kind":"beach","sourceId":"sitpa-physical","territoryIds":["es-as"],"bbox":[-5.20673,43.47476,-5.20673,43.47476],"center":[-5.20673,43.47476]},"geometry":{"type":"Point","coordinates":[-5.20673,43.47476]}},{"type":"Feature","id":"physical-as-beach-tourism-beach-133","properties":{"id":"physical-as-beach-tourism-beach-133","slug":"playa-de-la-entrada","name":"Playa de la Entrada","localName":"La Entrada","aliases":["La Entrada"],"kind":"beach","sourceId":"sitpa-physical","territoryIds":["es-as"],"bbox":[-4.83728,43.43599,-4.83728,43.43599],"center":[-4.83728,43.43599]},"geometry":{"type":"Point","coordinates":[-4.83728,43.43599]}},{"type":"Feature","id":"physical-as-beach-tourism-beach-134","properties":{"id":"physical-as-beach-tourism-beach-134","slug":"playa-de-las-camaras","name":"Playa de las Cámaras","localName":"Las Cámaras","aliases":["Las Cámaras"],"kind":"beach","sourceId":"sitpa-physical","territoryIds":["es-as"],"bbox":[-4.80815,43.43205,-4.80815,43.43205],"center":[-4.80815,43.43205]},"geometry":{"type":"Point","coordinates":[-4.80815,43.43205]}},{"type":"Feature","id":"physical-as-beach-tourism-beach-135","properties":{"id":"physical-as-beach-tourism-beach-135","slug":"playa-de-la-nixon","name":"Playa de la Nixón","localName":"La Nixón","aliases":["La Nixón"],"kind":"beach","sourceId":"sitpa-physical","territoryIds":["es-as"],"bbox":[-4.80197,43.4323,-4.80197,43.4323],"center":[-4.80197,43.4323]},"geometry":{"type":"Point","coordinates":[-4.80197,43.4323]}},{"type":"Feature","id":"physical-as-beach-tourism-beach-136","properties":{"id":"physical-as-beach-tourism-beach-136","slug":"playa-de-la-tala","name":"Playa de la Talá","localName":"La Talá","aliases":["La Talá"],"kind":"beach","sourceId":"sitpa-physical","territoryIds":["es-as"],"bbox":[-4.76465,43.42588,-4.76465,43.42588],"center":[-4.76465,43.42588]},"geometry":{"type":"Point","coordinates":[-4.76465,43.42588]}},{"type":"Feature","id":"physical-as-beach-tourism-beach-137","properties":{"id":"physical-as-beach-tourism-beach-137","slug":"playa-de-los-mayanes","name":"Playa de los Mayanes","localName":"De Los Mayanes","aliases":["De Los Mayanes"],"kind":"beach","sourceId":"sitpa-physical","territoryIds":["es-as"],"bbox":[-5.64363,43.54477,-5.64363,43.54477],"center":[-5.64363,43.54477]},"geometry":{"type":"Point","coordinates":[-5.64363,43.54477]}},{"type":"Feature","id":"physical-as-beach-tourism-beach-138","properties":{"id":"physical-as-beach-tourism-beach-138","slug":"playa-de-mariayu","name":"Playa de Mariayu","localName":"Mariayu","aliases":["Mariayu"],"kind":"beach","sourceId":"sitpa-physical","territoryIds":["es-as"],"bbox":[-6.23111,43.58801,-6.23111,43.58801],"center":[-6.23111,43.58801]},"geometry":{"type":"Point","coordinates":[-6.23111,43.58801]}},{"type":"Feature","id":"physical-as-beach-tourism-beach-139","properties":{"id":"physical-as-beach-tourism-beach-139","slug":"playa-de-san-cidiello","name":"Playa de San Cidiello","localName":"San Cidiello","aliases":["San Cidiello"],"kind":"beach","sourceId":"sitpa-physical","territoryIds":["es-as"],"bbox":[-6.23587,43.59062,-6.23587,43.59062],"center":[-6.23587,43.59062]},"geometry":{"type":"Point","coordinates":[-6.23587,43.59062]}},{"type":"Feature","id":"physical-as-beach-tourism-beach-140","properties":{"id":"physical-as-beach-tourism-beach-140","slug":"playa-de-mexota","name":"Playa de Mexota","localName":"Mexota","aliases":["Mexota"],"kind":"beach","sourceId":"sitpa-physical","territoryIds":["es-as"],"bbox":[-6.98033,43.55727,-6.98033,43.55727],"center":[-6.98033,43.55727]},"geometry":{"type":"Point","coordinates":[-6.98033,43.55727]}},{"type":"Feature","id":"physical-as-beach-tourism-beach-141","properties":{"id":"physical-as-beach-tourism-beach-141","slug":"playa-de-serantes-sarello","name":"Playa de Serantes / Sarello","localName":"Serantes / Sarello","aliases":["Serantes / Sarello"],"kind":"beach","sourceId":"sitpa-physical","territoryIds":["es-as"],"bbox":[-6.97553,43.55553,-6.97553,43.55553],"center":[-6.97553,43.55553]},"geometry":{"type":"Point","coordinates":[-6.97553,43.55553]}},{"type":"Feature","id":"physical-as-beach-tourism-beach-142","properties":{"id":"physical-as-beach-tourism-beach-142","slug":"playa-de-la-paloma-esteiro","name":"Playa de la Paloma / Esteiro","localName":"La Paloma / Esteiro","aliases":["La Paloma / Esteiro"],"kind":"beach","sourceId":"sitpa-physical","territoryIds":["es-as"],"bbox":[-6.95618,43.56263,-6.95618,43.56263],"center":[-6.95618,43.56263]},"geometry":{"type":"Point","coordinates":[-6.95618,43.56263]}},{"type":"Feature","id":"physical-as-beach-tourism-beach-143","properties":{"id":"physical-as-beach-tourism-beach-143","slug":"playa-de-la-urbanizacion-la-reburdia","name":"Playa de la Urbanización/ La Reburdia","localName":"La Urbanización/ La Reburdia","aliases":["La Urbanización/ La Reburdia"],"kind":"beach","sourceId":"sitpa-physical","territoryIds":["es-as"],"bbox":[-6.95346,43.56674,-6.95346,43.56674],"center":[-6.95346,43.56674]},"geometry":{"type":"Point","coordinates":[-6.95346,43.56674]}},{"type":"Feature","id":"physical-as-beach-tourism-beach-144","properties":{"id":"physical-as-beach-tourism-beach-144","slug":"playa-de-la-grande-anguileiro","name":"Playa de la Grande/Anguileiro","localName":"La Grande/Anguileiro","aliases":["La Grande/Anguileiro"],"kind":"beach","sourceId":"sitpa-physical","territoryIds":["es-as"],"bbox":[-6.94862,43.56545,-6.94862,43.56545],"center":[-6.94862,43.56545]},"geometry":{"type":"Point","coordinates":[-6.94862,43.56545]}},{"type":"Feature","id":"physical-as-beach-tourism-beach-145","properties":{"id":"physical-as-beach-tourism-beach-145","slug":"playa-de-ribeiria","name":"Playa de Ribeiría","localName":"Ribeiría","aliases":["Ribeiría"],"kind":"beach","sourceId":"sitpa-physical","territoryIds":["es-as"],"bbox":[-6.9478,43.56839,-6.9478,43.56839],"center":[-6.9478,43.56839]},"geometry":{"type":"Point","coordinates":[-6.9478,43.56839]}},{"type":"Feature","id":"physical-as-beach-tourism-beach-146","properties":{"id":"physical-as-beach-tourism-beach-146","slug":"playa-de-represas","name":"Playa de Represas","localName":"Represas","aliases":["Represas"],"kind":"beach","sourceId":"sitpa-physical","territoryIds":["es-as"],"bbox":[-6.93769,43.56976,-6.93769,43.56976],"center":[-6.93769,43.56976]},"geometry":{"type":"Point","coordinates":[-6.93769,43.56976]}},{"type":"Feature","id":"physical-as-beach-tourism-beach-147","properties":{"id":"physical-as-beach-tourism-beach-147","slug":"playa-de-las-poleas-as-poleas","name":"Playa de las Poleas/ As Poleas","localName":"De Las Poleas/ As Poleas","aliases":["De Las Poleas/ As Poleas"],"kind":"beach","sourceId":"sitpa-physical","territoryIds":["es-as"],"bbox":[-6.92419,43.57079,-6.92419,43.57079],"center":[-6.92419,43.57079]},"geometry":{"type":"Point","coordinates":[-6.92419,43.57079]}},{"type":"Feature","id":"physical-as-beach-tourism-beach-148","properties":{"id":"physical-as-beach-tourism-beach-148","slug":"playa-de-cambaredo","name":"Playa de Cambaredo","localName":"Cambaredo","aliases":["Cambaredo"],"kind":"beach","sourceId":"sitpa-physical","territoryIds":["es-as"],"bbox":[-6.8173,43.55607,-6.8173,43.55607],"center":[-6.8173,43.55607]},"geometry":{"type":"Point","coordinates":[-6.8173,43.55607]}},{"type":"Feature","id":"physical-as-beach-tourism-beach-149","properties":{"id":"physical-as-beach-tourism-beach-149","slug":"playa-de-armaza","name":"Playa de Armazá","localName":"Armazá","aliases":["Armazá"],"kind":"beach","sourceId":"sitpa-physical","territoryIds":["es-as"],"bbox":[-6.79965,43.55558,-6.79965,43.55558],"center":[-6.79965,43.55558]},"geometry":{"type":"Point","coordinates":[-6.79965,43.55558]}},{"type":"Feature","id":"physical-as-beach-tourism-beach-150","properties":{"id":"physical-as-beach-tourism-beach-150","slug":"playa-de-torbas-el-barco-loza","name":"Playa de Torbas / El Barco / Loza","localName":"Torbas / El Barco / Loza","aliases":["Torbas / El Barco / Loza"],"kind":"beach","sourceId":"sitpa-physical","territoryIds":["es-as"],"bbox":[-6.78418,43.55689,-6.78418,43.55689],"center":[-6.78418,43.55689]},"geometry":{"type":"Point","coordinates":[-6.78418,43.55689]}},{"type":"Feature","id":"physical-as-beach-tourism-beach-151","properties":{"id":"physical-as-beach-tourism-beach-151","slug":"playa-de-colle-a-colle","name":"Playa de Collé / A Collé","localName":"Collé / A Collé","aliases":["Collé / A Collé"],"kind":"beach","sourceId":"sitpa-physical","territoryIds":["es-as"],"bbox":[-6.77104,43.56609,-6.77104,43.56609],"center":[-6.77104,43.56609]},"geometry":{"type":"Point","coordinates":[-6.77104,43.56609]}},{"type":"Feature","id":"physical-as-beach-tourism-beach-152","properties":{"id":"physical-as-beach-tourism-beach-152","slug":"playa-de-figueira","name":"Playa de Figueira","localName":"Figueira","aliases":["Figueira"],"kind":"beach","sourceId":"sitpa-physical","territoryIds":["es-as"],"bbox":[-6.75851,43.56123,-6.75851,43.56123],"center":[-6.75851,43.56123]},"geometry":{"type":"Point","coordinates":[-6.75851,43.56123]}},{"type":"Feature","id":"physical-as-beach-tourism-beach-153","properties":{"id":"physical-as-beach-tourism-beach-153","slug":"playa-de-foxos","name":"Playa de Foxos","localName":"Foxos","aliases":["Foxos"],"kind":"beach","sourceId":"sitpa-physical","territoryIds":["es-as"],"bbox":[-6.72856,43.55839,-6.72856,43.55839],"center":[-6.72856,43.55839]},"geometry":{"type":"Point","coordinates":[-6.72856,43.55839]}},{"type":"Feature","id":"physical-as-beach-tourism-beach-154","properties":{"id":"physical-as-beach-tourism-beach-154","slug":"playa-de-la-barra","name":"Playa de la Barra","localName":"La Barra","aliases":["La Barra"],"kind":"beach","sourceId":"sitpa-physical","territoryIds":["es-as"],"bbox":[-6.72677,43.55676,-6.72677,43.55676],"center":[-6.72677,43.55676]},"geometry":{"type":"Point","coordinates":[-6.72677,43.55676]}},{"type":"Feature","id":"physical-as-beach-tourism-beach-156","properties":{"id":"physical-as-beach-tourism-beach-156","slug":"playa-de-coedo","name":"Playa de Coedo","localName":"Coedo","aliases":["Coedo"],"kind":"beach","sourceId":"sitpa-physical","territoryIds":["es-as"],"bbox":[-6.69855,43.56031,-6.69855,43.56031],"center":[-6.69855,43.56031]},"geometry":{"type":"Point","coordinates":[-6.69855,43.56031]}},{"type":"Feature","id":"physical-as-beach-tourism-beach-157","properties":{"id":"physical-as-beach-tourism-beach-157","slug":"playa-de-frejulfe-frexulfe","name":"Playa de Frejulfe / Frexulfe","localName":"Frejulfe / Frexulfe","aliases":["Frejulfe / Frexulfe"],"kind":"beach","sourceId":"sitpa-physical","territoryIds":["es-as"],"bbox":[-6.67667,43.55946,-6.67667,43.55946],"center":[-6.67667,43.55946]},"geometry":{"type":"Point","coordinates":[-6.67667,43.55946]}},{"type":"Feature","id":"physical-as-beach-tourism-beach-158","properties":{"id":"physical-as-beach-tourism-beach-158","slug":"playa-de-la-losera","name":"Playa de la Losera","localName":"La Losera","aliases":["La Losera"],"kind":"beach","sourceId":"sitpa-physical","territoryIds":["es-as"],"bbox":[-6.65653,43.56586,-6.65653,43.56586],"center":[-6.65653,43.56586]},"geometry":{"type":"Point","coordinates":[-6.65653,43.56586]}},{"type":"Feature","id":"physical-as-beach-tourism-beach-159","properties":{"id":"physical-as-beach-tourism-beach-159","slug":"playa-de-turbeiriza","name":"Playa de Turbeiriza","localName":"Turbeiriza","aliases":["Turbeiriza"],"kind":"beach","sourceId":"sitpa-physical","territoryIds":["es-as"],"bbox":[-6.59069,43.55314,-6.59069,43.55314],"center":[-6.59069,43.55314]},"geometry":{"type":"Point","coordinates":[-6.59069,43.55314]}},{"type":"Feature","id":"physical-as-beach-tourism-beach-160","properties":{"id":"physical-as-beach-tourism-beach-160","slug":"playa-de-touran","name":"Playa de Tourán","localName":"Tourán","aliases":["Tourán"],"kind":"beach","sourceId":"sitpa-physical","territoryIds":["es-as"],"bbox":[-6.55781,43.55016,-6.55781,43.55016],"center":[-6.55781,43.55016]},"geometry":{"type":"Point","coordinates":[-6.55781,43.55016]}},{"type":"Feature","id":"physical-as-beach-tourism-beach-161","properties":{"id":"physical-as-beach-tourism-beach-161","slug":"playa-de-castiel","name":"Playa de Castiel","localName":"Castiel","aliases":["Castiel"],"kind":"beach","sourceId":"sitpa-physical","territoryIds":["es-as"],"bbox":[-6.54161,43.55218,-6.54161,43.55218],"center":[-6.54161,43.55218]},"geometry":{"type":"Point","coordinates":[-6.54161,43.55218]}},{"type":"Feature","id":"physical-as-beach-tourism-beach-162","properties":{"id":"physical-as-beach-tourism-beach-162","slug":"playa-de-las-arreas","name":"Playa de las Arreas","localName":"Las Arreas","aliases":["Las Arreas"],"kind":"beach","sourceId":"sitpa-physical","territoryIds":["es-as"],"bbox":[-6.53068,43.54784,-6.53068,43.54784],"center":[-6.53068,43.54784]},"geometry":{"type":"Point","coordinates":[-6.53068,43.54784]}},{"type":"Feature","id":"physical-as-beach-tourism-beach-163","properties":{"id":"physical-as-beach-tourism-beach-163","slug":"playa-de-portizuelo","name":"Playa de Portizuelo","localName":"Portizuelo","aliases":["Portizuelo"],"kind":"beach","sourceId":"sitpa-physical","territoryIds":["es-as"],"bbox":[-6.51817,43.54846,-6.51817,43.54846],"center":[-6.51817,43.54846]},"geometry":{"type":"Point","coordinates":[-6.51817,43.54846]}},{"type":"Feature","id":"physical-as-beach-tourism-beach-164","properties":{"id":"physical-as-beach-tourism-beach-164","slug":"playa-de-los-molinos-de-barcia","name":"Playa de los Molinos De Barcia","localName":"Los Molinos De Barcia","aliases":["Los Molinos De Barcia"],"kind":"beach","sourceId":"sitpa-physical","territoryIds":["es-as"],"bbox":[-6.48908,43.54871,-6.48908,43.54871],"center":[-6.48908,43.54871]},"geometry":{"type":"Point","coordinates":[-6.48908,43.54871]}},{"type":"Feature","id":"physical-as-beach-tourism-beach-165","properties":{"id":"physical-as-beach-tourism-beach-165","slug":"playa-del-bozo","name":"Playa del Bozo","localName":"Del Bozo","aliases":["Del Bozo"],"kind":"beach","sourceId":"sitpa-physical","territoryIds":["es-as"],"bbox":[-6.4727,43.56444,-6.4727,43.56444],"center":[-6.4727,43.56444]},"geometry":{"type":"Point","coordinates":[-6.4727,43.56444]}},{"type":"Feature","id":"physical-as-beach-tourism-beach-166","properties":{"id":"physical-as-beach-tourism-beach-166","slug":"playa-de-serron","name":"Playa de Serrón","localName":"Serrón","aliases":["Serrón"],"kind":"beach","sourceId":"sitpa-physical","territoryIds":["es-as"],"bbox":[-6.46461,43.5687,-6.46461,43.5687],"center":[-6.46461,43.5687]},"geometry":{"type":"Point","coordinates":[-6.46461,43.5687]}},{"type":"Feature","id":"physical-as-beach-tourism-beach-167","properties":{"id":"physical-as-beach-tourism-beach-167","slug":"playa-de-vallinas","name":"Playa de Vallinas","localName":"Vallinas","aliases":["Vallinas"],"kind":"beach","sourceId":"sitpa-physical","territoryIds":["es-as"],"bbox":[-6.45976,43.56457,-6.45976,43.56457],"center":[-6.45976,43.56457]},"geometry":{"type":"Point","coordinates":[-6.45976,43.56457]}},{"type":"Feature","id":"physical-as-beach-tourism-beach-168","properties":{"id":"physical-as-beach-tourism-beach-168","slug":"playa-de-santa-ana","name":"Playa de Santa Ana","localName":"Santa Ana","aliases":["Santa  Ana","Santa Ana"],"kind":"beach","sourceId":"sitpa-physical","territoryIds":["es-as"],"bbox":[-6.43765,43.55547,-6.43765,43.55547],"center":[-6.43765,43.55547]},"geometry":{"type":"Point","coordinates":[-6.43765,43.55547]}},{"type":"Feature","id":"physical-as-beach-tourism-beach-169","properties":{"id":"physical-as-beach-tourism-beach-169","slug":"playa-de-la-estaca-perceberos","name":"Playa de la Estaca / Perceberos","localName":"La Estaca / Perceberos","aliases":["La Estaca / Perceberos"],"kind":"beach","sourceId":"sitpa-physical","territoryIds":["es-as"],"bbox":[-6.42049,43.5539,-6.42049,43.5539],"center":[-6.42049,43.5539]},"geometry":{"type":"Point","coordinates":[-6.42049,43.5539]}},{"type":"Feature","id":"physical-as-beach-tourism-beach-170","properties":{"id":"physical-as-beach-tourism-beach-170","slug":"playa-de-plumineru-quintana","name":"Playa de Plumineru/Quintana","localName":"Plumineru/Quintana","aliases":["Plumineru/Quintana"],"kind":"beach","sourceId":"sitpa-physical","territoryIds":["es-as"],"bbox":[-6.40437,43.55638,-6.40437,43.55638],"center":[-6.40437,43.55638]},"geometry":{"type":"Point","coordinates":[-6.40437,43.55638]}},{"type":"Feature","id":"physical-as-beach-tourism-beach-171","properties":{"id":"physical-as-beach-tourism-beach-171","slug":"playa-de-fontaniecha","name":"Playa de Fontaniecha","localName":"Fontaniecha","aliases":["Fontaniecha"],"kind":"beach","sourceId":"sitpa-physical","territoryIds":["es-as"],"bbox":[-6.38632,43.55648,-6.38632,43.55648],"center":[-6.38632,43.55648]},"geometry":{"type":"Point","coordinates":[-6.38632,43.55648]}},{"type":"Feature","id":"physical-as-beach-tourism-beach-172","properties":{"id":"physical-as-beach-tourism-beach-172","slug":"playa-de-las-cabrilleras","name":"Playa de las Cabrilleras","localName":"Las Cabrilleras","aliases":["Las Cabrilleras"],"kind":"beach","sourceId":"sitpa-physical","territoryIds":["es-as"],"bbox":[-6.33569,43.55844,-6.33569,43.55844],"center":[-6.33569,43.55844]},"geometry":{"type":"Point","coordinates":[-6.33569,43.55844]}},{"type":"Feature","id":"physical-as-beach-tourism-beach-173","properties":{"id":"physical-as-beach-tourism-beach-173","slug":"playa-del-destiellu","name":"Playa del Destiellu","localName":"El Destiellu","aliases":["El Destiellu"],"kind":"beach","sourceId":"sitpa-physical","territoryIds":["es-as"],"bbox":[-6.33271,43.55962,-6.33271,43.55962],"center":[-6.33271,43.55962]},"geometry":{"type":"Point","coordinates":[-6.33271,43.55962]}},{"type":"Feature","id":"physical-as-beach-tourism-beach-174","properties":{"id":"physical-as-beach-tourism-beach-174","slug":"playa-de-sienra","name":"Playa de Sienra","localName":"Sienra","aliases":["Sienra"],"kind":"beach","sourceId":"sitpa-physical","territoryIds":["es-as"],"bbox":[-6.32884,43.56066,-6.32884,43.56066],"center":[-6.32884,43.56066]},"geometry":{"type":"Point","coordinates":[-6.32884,43.56066]}},{"type":"Feature","id":"physical-as-beach-tourism-beach-175","properties":{"id":"physical-as-beach-tourism-beach-175","slug":"playa-de-ribera-l-ouca","name":"Playa de Ribera L' Ouca","localName":"Ribera L' Ouca","aliases":["Ribera L' Ouca"],"kind":"beach","sourceId":"sitpa-physical","territoryIds":["es-as"],"bbox":[-6.32034,43.56168,-6.32034,43.56168],"center":[-6.32034,43.56168]},"geometry":{"type":"Point","coordinates":[-6.32034,43.56168]}},{"type":"Feature","id":"physical-as-beach-tourism-beach-176","properties":{"id":"physical-as-beach-tourism-beach-176","slug":"playa-de-pumarin","name":"Playa de Pumarín","localName":"Pumarín","aliases":["Pumarín"],"kind":"beach","sourceId":"sitpa-physical","territoryIds":["es-as"],"bbox":[-6.31595,43.56322,-6.31595,43.56322],"center":[-6.31595,43.56322]},"geometry":{"type":"Point","coordinates":[-6.31595,43.56322]}},{"type":"Feature","id":"physical-as-beach-tourism-beach-177","properties":{"id":"physical-as-beach-tourism-beach-177","slug":"playa-de-ganceu-albuerne","name":"Playa de Ganceu / Albuerne","localName":"Ganceu / Albuerne","aliases":["Ganceu / Albuerne"],"kind":"beach","sourceId":"sitpa-physical","territoryIds":["es-as"],"bbox":[-6.27443,43.57341,-6.27443,43.57341],"center":[-6.27443,43.57341]},"geometry":{"type":"Point","coordinates":[-6.27443,43.57341]}},{"type":"Feature","id":"physical-as-beach-tourism-beach-178","properties":{"id":"physical-as-beach-tourism-beach-178","slug":"playa-de-vallina-del-gallo","name":"Playa de Vallina / Del Gallo","localName":"Vallina / Del Gallo","aliases":["Vallina / Del Gallo"],"kind":"beach","sourceId":"sitpa-physical","territoryIds":["es-as"],"bbox":[-6.257,43.57824,-6.257,43.57824],"center":[-6.257,43.57824]},"geometry":{"type":"Point","coordinates":[-6.257,43.57824]}},{"type":"Feature","id":"physical-as-beach-tourism-beach-179","properties":{"id":"physical-as-beach-tourism-beach-179","slug":"playa-de-la-cueva","name":"Playa de la Cueva","localName":"La Cueva","aliases":["La Cueva"],"kind":"beach","sourceId":"sitpa-physical","territoryIds":["es-as"],"bbox":[-6.24595,43.58382,-6.24595,43.58382],"center":[-6.24595,43.58382]},"geometry":{"type":"Point","coordinates":[-6.24595,43.58382]}},{"type":"Feature","id":"physical-as-beach-tourism-beach-180","properties":{"id":"physical-as-beach-tourism-beach-180","slug":"playa-de-penadoria","name":"Playa de Peñadoria","localName":"Peñadoria","aliases":["Peñadoria"],"kind":"beach","sourceId":"sitpa-physical","territoryIds":["es-as"],"bbox":[-6.24281,43.58876,-6.24281,43.58876],"center":[-6.24281,43.58876]},"geometry":{"type":"Point","coordinates":[-6.24281,43.58876]}},{"type":"Feature","id":"physical-as-beach-tourism-beach-181","properties":{"id":"physical-as-beach-tourism-beach-181","slug":"playa-de-gradas","name":"Playa de Gradas","localName":"Gradas","aliases":["Gradas"],"kind":"beach","sourceId":"sitpa-physical","territoryIds":["es-as"],"bbox":[-6.24025,43.59195,-6.24025,43.59195],"center":[-6.24025,43.59195]},"geometry":{"type":"Point","coordinates":[-6.24025,43.59195]}},{"type":"Feature","id":"physical-as-beach-tourism-beach-182","properties":{"id":"physical-as-beach-tourism-beach-182","slug":"playa-de-purtiella","name":"Playa de Purtiella","localName":"Purtiella","aliases":["Purtiella"],"kind":"beach","sourceId":"sitpa-physical","territoryIds":["es-as"],"bbox":[-6.22642,43.58684,-6.22642,43.58684],"center":[-6.22642,43.58684]},"geometry":{"type":"Point","coordinates":[-6.22642,43.58684]}},{"type":"Feature","id":"physical-as-beach-tourism-beach-183","properties":{"id":"physical-as-beach-tourism-beach-183","slug":"playa-de-portochico","name":"Playa de Portochico","localName":"Portochico","aliases":["Portochico"],"kind":"beach","sourceId":"sitpa-physical","territoryIds":["es-as"],"bbox":[-6.22547,43.58578,-6.22547,43.58578],"center":[-6.22547,43.58578]},"geometry":{"type":"Point","coordinates":[-6.22547,43.58578]}},{"type":"Feature","id":"physical-as-beach-tourism-beach-184","properties":{"id":"physical-as-beach-tourism-beach-184","slug":"playa-de-las-rubias","name":"Playa de las Rubias","localName":"De Las Rubias","aliases":["De Las Rubias"],"kind":"beach","sourceId":"sitpa-physical","territoryIds":["es-as"],"bbox":[-6.16485,43.5675,-6.16485,43.5675],"center":[-6.16485,43.5675]},"geometry":{"type":"Point","coordinates":[-6.16485,43.5675]}},{"type":"Feature","id":"physical-as-beach-tourism-beach-185","properties":{"id":"physical-as-beach-tourism-beach-185","slug":"playa-de-xilo","name":"Playa de Xilo","localName":"Xilo","aliases":["Xilo"],"kind":"beach","sourceId":"sitpa-physical","territoryIds":["es-as"],"bbox":[-6.11301,43.55489,-6.11301,43.55489],"center":[-6.11301,43.55489]},"geometry":{"type":"Point","coordinates":[-6.11301,43.55489]}},{"type":"Feature","id":"physical-as-beach-tourism-beach-186","properties":{"id":"physical-as-beach-tourism-beach-186","slug":"playa-de-xan-xun","name":"Playa de Xan-Xun","localName":"Xan-Xun","aliases":["Xan-Xun"],"kind":"beach","sourceId":"sitpa-physical","territoryIds":["es-as"],"bbox":[-6.10904,43.5561,-6.10904,43.5561],"center":[-6.10904,43.5561]},"geometry":{"type":"Point","coordinates":[-6.10904,43.5561]}},{"type":"Feature","id":"physical-as-beach-tourism-beach-187","properties":{"id":"physical-as-beach-tourism-beach-187","slug":"playa-de-las-llanas","name":"Playa de las Llanas","localName":"Las Llanas","aliases":["Las Llanas"],"kind":"beach","sourceId":"sitpa-physical","territoryIds":["es-as"],"bbox":[-6.10565,43.55745,-6.10565,43.55745],"center":[-6.10565,43.55745]},"geometry":{"type":"Point","coordinates":[-6.10565,43.55745]}},{"type":"Feature","id":"physical-as-beach-tourism-beach-188","properties":{"id":"physical-as-beach-tourism-beach-188","slug":"playa-de-cazonera-la-atalaya","name":"Playa de Cazonera / La Atalaya","localName":"Cazonera / La Atalaya","aliases":["Cazonera / La Atalaya"],"kind":"beach","sourceId":"sitpa-physical","territoryIds":["es-as"],"bbox":[-6.09588,43.55822,-6.09588,43.55822],"center":[-6.09588,43.55822]},"geometry":{"type":"Point","coordinates":[-6.09588,43.55822]}},{"type":"Feature","id":"physical-as-beach-tourism-beach-189","properties":{"id":"physical-as-beach-tourism-beach-189","slug":"playa-del-garruncho","name":"Playa del Garruncho","localName":"El Garruncho","aliases":["El Garruncho"],"kind":"beach","sourceId":"sitpa-physical","territoryIds":["es-as"],"bbox":[-6.08407,43.56286,-6.08407,43.56286],"center":[-6.08407,43.56286]},"geometry":{"type":"Point","coordinates":[-6.08407,43.56286]}},{"type":"Feature","id":"physical-as-beach-tourism-beach-190","properties":{"id":"physical-as-beach-tourism-beach-190","slug":"playa-de-la-guardada","name":"Playa de la Guardada","localName":"La Guardada","aliases":["La Guardada"],"kind":"beach","sourceId":"sitpa-physical","territoryIds":["es-as"],"bbox":[-6.07949,43.56473,-6.07949,43.56473],"center":[-6.07949,43.56473]},"geometry":{"type":"Point","coordinates":[-6.07949,43.56473]}},{"type":"Feature","id":"physical-as-beach-tourism-beach-191","properties":{"id":"physical-as-beach-tourism-beach-191","slug":"playa-de-la-barca","name":"Playa de la Barca","localName":"La Barca","aliases":["La Barca"],"kind":"beach","sourceId":"sitpa-physical","territoryIds":["es-as"],"bbox":[-6.03313,43.58339,-6.03313,43.58339],"center":[-6.03313,43.58339]},"geometry":{"type":"Point","coordinates":[-6.03313,43.58339]}},{"type":"Feature","id":"physical-as-beach-tourism-beach-192","properties":{"id":"physical-as-beach-tourism-beach-192","slug":"playa-del-dolar","name":"Playa del Dólar","localName":"El Dólar","aliases":["El Dólar"],"kind":"beach","sourceId":"sitpa-physical","territoryIds":["es-as"],"bbox":[-5.97313,43.57979,-5.97313,43.57979],"center":[-5.97313,43.57979]},"geometry":{"type":"Point","coordinates":[-5.97313,43.57979]}},{"type":"Feature","id":"physical-as-beach-tourism-beach-193","properties":{"id":"physical-as-beach-tourism-beach-193","slug":"playa-de-ribapachon","name":"Playa de Ribapachón","localName":"Ribapachón","aliases":["Ribapachón"],"kind":"beach","sourceId":"sitpa-physical","territoryIds":["es-as"],"bbox":[-5.906,43.62324,-5.906,43.62324],"center":[-5.906,43.62324]},"geometry":{"type":"Point","coordinates":[-5.906,43.62324]}},{"type":"Feature","id":"physical-as-beach-tourism-beach-194","properties":{"id":"physical-as-beach-tourism-beach-194","slug":"playa-de-portazuelos","name":"Playa de Portazuelos","localName":"Portazuelos","aliases":["Portazuelos"],"kind":"beach","sourceId":"sitpa-physical","territoryIds":["es-as"],"bbox":[-5.90295,43.62471,-5.90295,43.62471],"center":[-5.90295,43.62471]},"geometry":{"type":"Point","coordinates":[-5.90295,43.62471]}},{"type":"Feature","id":"physical-as-beach-tourism-beach-195","properties":{"id":"physical-as-beach-tourism-beach-195","slug":"playa-de-molin-del-puerto-puerto-llampero","name":"Playa de Molín Del Puerto / Puerto Llampero","localName":"Molín Del Puerto / Puerto Llampero","aliases":["Molín Del Puerto / Puerto Llampero"],"kind":"beach","sourceId":"sitpa-physical","territoryIds":["es-as"],"bbox":[-5.89859,43.62403,-5.89859,43.62403],"center":[-5.89859,43.62403]},"geometry":{"type":"Point","coordinates":[-5.89859,43.62403]}},{"type":"Feature","id":"physical-as-beach-tourism-beach-196","properties":{"id":"physical-as-beach-tourism-beach-196","slug":"playa-de-aguilera","name":"Playa de Agüilera","localName":"Agüilera","aliases":["Agüilera"],"kind":"beach","sourceId":"sitpa-physical","territoryIds":["es-as"],"bbox":[-5.88629,43.623,-5.88629,43.623],"center":[-5.88629,43.623]},"geometry":{"type":"Point","coordinates":[-5.88629,43.623]}},{"type":"Feature","id":"physical-as-beach-tourism-beach-197","properties":{"id":"physical-as-beach-tourism-beach-197","slug":"playa-de-ensenada-del-sabin","name":"Playa de Ensenada Del Sabín","localName":"Ensenada Del Sabín","aliases":["Ensenada Del Sabín"],"kind":"beach","sourceId":"sitpa-physical","territoryIds":["es-as"],"bbox":[-5.85379,43.65672,-5.85379,43.65672],"center":[-5.85379,43.65672]},"geometry":{"type":"Point","coordinates":[-5.85379,43.65672]}},{"type":"Feature","id":"physical-as-beach-tourism-beach-198","properties":{"id":"physical-as-beach-tourism-beach-198","slug":"playa-de-viodo-arnielles","name":"Playa de Viodo / Arnielles","localName":"Viodo / Arnielles","aliases":["Viodo / Arnielles"],"kind":"beach","sourceId":"sitpa-physical","territoryIds":["es-as"],"bbox":[-5.83522,43.64358,-5.83522,43.64358],"center":[-5.83522,43.64358]},"geometry":{"type":"Point","coordinates":[-5.83522,43.64358]}},{"type":"Feature","id":"physical-as-beach-tourism-beach-199","properties":{"id":"physical-as-beach-tourism-beach-199","slug":"playa-de-banugues","name":"Playa de Bañugues","localName":"Bañugues","aliases":["Bañugues"],"kind":"beach","sourceId":"sitpa-physical","territoryIds":["es-as"],"bbox":[-5.80972,43.63,-5.80972,43.63],"center":[-5.80972,43.63]},"geometry":{"type":"Point","coordinates":[-5.80972,43.63]}},{"type":"Feature","id":"physical-as-beach-tourism-beach-200","properties":{"id":"physical-as-beach-tourism-beach-200","slug":"playa-de-la-ribera","name":"Playa de la Ribera","localName":"La Ribera","aliases":["La Ribera"],"kind":"beach","sourceId":"sitpa-physical","territoryIds":["es-as"],"bbox":[-5.79172,43.61418,-5.79172,43.61418],"center":[-5.79172,43.61418]},"geometry":{"type":"Point","coordinates":[-5.79172,43.61418]}},{"type":"Feature","id":"physical-as-beach-tourism-beach-201","properties":{"id":"physical-as-beach-tourism-beach-201","slug":"playa-de-samarinchina","name":"Playa de Samarinchina","localName":"Samarinchina","aliases":["Samarinchina"],"kind":"beach","sourceId":"sitpa-physical","territoryIds":["es-as"],"bbox":[-5.79025,43.61296,-5.79025,43.61296],"center":[-5.79025,43.61296]},"geometry":{"type":"Point","coordinates":[-5.79025,43.61296]}},{"type":"Feature","id":"physical-as-beach-tourism-beach-202","properties":{"id":"physical-as-beach-tourism-beach-202","slug":"playa-de-samarincha","name":"Playa de Samarincha","localName":"Samarincha","aliases":["Samarincha"],"kind":"beach","sourceId":"sitpa-physical","territoryIds":["es-as"],"bbox":[-5.78937,43.61227,-5.78937,43.61227],"center":[-5.78937,43.61227]},"geometry":{"type":"Point","coordinates":[-5.78937,43.61227]}},{"type":"Feature","id":"physical-as-beach-tourism-beach-203","properties":{"id":"physical-as-beach-tourism-beach-203","slug":"playa-del-dique","name":"Playa del Dique","localName":"El Dique","aliases":["El Dique"],"kind":"beach","sourceId":"sitpa-physical","territoryIds":["es-as"],"bbox":[-5.78572,43.60986,-5.78572,43.60986],"center":[-5.78572,43.60986]},"geometry":{"type":"Point","coordinates":[-5.78572,43.60986]}},{"type":"Feature","id":"physical-as-beach-tourism-beach-204","properties":{"id":"physical-as-beach-tourism-beach-204","slug":"playa-de-gargantera-nw","name":"Playa de Gargantera Nw","localName":"Gargantera Nw","aliases":["Gargantera Nw"],"kind":"beach","sourceId":"sitpa-physical","territoryIds":["es-as"],"bbox":[-5.77817,43.60847,-5.77817,43.60847],"center":[-5.77817,43.60847]},"geometry":{"type":"Point","coordinates":[-5.77817,43.60847]}},{"type":"Feature","id":"physical-as-beach-tourism-beach-205","properties":{"id":"physical-as-beach-tourism-beach-205","slug":"playa-del-cristal-el-bigaral","name":"Playa del Cristal / El Bigaral","localName":"Del Cristal / El Bigaral","aliases":["Del Cristal / El Bigaral"],"kind":"beach","sourceId":"sitpa-physical","territoryIds":["es-as"],"bbox":[-5.77269,43.60644,-5.77269,43.60644],"center":[-5.77269,43.60644]},"geometry":{"type":"Point","coordinates":[-5.77269,43.60644]}},{"type":"Feature","id":"physical-as-beach-tourism-beach-206","properties":{"id":"physical-as-beach-tourism-beach-206","slug":"playa-de-las-playinas","name":"Playa de las Playinas","localName":"Las Playinas","aliases":["Las Playinas"],"kind":"beach","sourceId":"sitpa-physical","territoryIds":["es-as"],"bbox":[-5.76931,43.60422,-5.76931,43.60422],"center":[-5.76931,43.60422]},"geometry":{"type":"Point","coordinates":[-5.76931,43.60422]}},{"type":"Feature","id":"physical-as-beach-tourism-beach-207","properties":{"id":"physical-as-beach-tourism-beach-207","slug":"playa-de-la-taluxa","name":"Playa de la Taluxa","localName":"La Taluxa","aliases":["La Taluxa"],"kind":"beach","sourceId":"sitpa-physical","territoryIds":["es-as"],"bbox":[-5.77002,43.5991,-5.77002,43.5991],"center":[-5.77002,43.5991]},"geometry":{"type":"Point","coordinates":[-5.77002,43.5991]}},{"type":"Feature","id":"physical-as-beach-tourism-beach-208","properties":{"id":"physical-as-beach-tourism-beach-208","slug":"playa-de-rebolleres","name":"Playa de Rebolleres","localName":"Rebolleres","aliases":["Rebolleres"],"kind":"beach","sourceId":"sitpa-physical","territoryIds":["es-as"],"bbox":[-5.7661,43.59332,-5.7661,43.59332],"center":[-5.7661,43.59332]},"geometry":{"type":"Point","coordinates":[-5.7661,43.59332]}},{"type":"Feature","id":"physical-as-beach-tourism-beach-209","properties":{"id":"physical-as-beach-tourism-beach-209","slug":"playa-de-candas","name":"Playa de Candás","localName":"Candás","aliases":["Candás"],"kind":"beach","sourceId":"sitpa-physical","territoryIds":["es-as"],"bbox":[-5.76266,43.58902,-5.76266,43.58902],"center":[-5.76266,43.58902]},"geometry":{"type":"Point","coordinates":[-5.76266,43.58902]}},{"type":"Feature","id":"physical-as-beach-tourism-beach-210","properties":{"id":"physical-as-beach-tourism-beach-210","slug":"playa-del-tranqueru","name":"Playa del Tranqueru","localName":"El Tranqueru","aliases":["El Tranqueru"],"kind":"beach","sourceId":"sitpa-physical","territoryIds":["es-as"],"bbox":[-5.73421,43.57298,-5.73421,43.57298],"center":[-5.73421,43.57298]},"geometry":{"type":"Point","coordinates":[-5.73421,43.57298]}},{"type":"Feature","id":"physical-as-beach-tourism-beach-211","properties":{"id":"physical-as-beach-tourism-beach-211","slug":"playa-de-abono","name":"Playa de Aboño","localName":"Aboño","aliases":["Aboño"],"kind":"beach","sourceId":"sitpa-physical","territoryIds":["es-as"],"bbox":[-5.71337,43.56873,-5.71337,43.56873],"center":[-5.71337,43.56873]},"geometry":{"type":"Point","coordinates":[-5.71337,43.56873]}},{"type":"Feature","id":"physical-as-beach-tourism-beach-212","properties":{"id":"physical-as-beach-tourism-beach-212","slug":"playa-de-misiego","name":"Playa de Misiego","localName":"Misiego","aliases":["Misiego"],"kind":"beach","sourceId":"sitpa-physical","territoryIds":["es-as"],"bbox":[-5.3833,43.52698,-5.3833,43.52698],"center":[-5.3833,43.52698]},"geometry":{"type":"Point","coordinates":[-5.3833,43.52698]}},{"type":"Feature","id":"physical-as-beach-tourism-beach-213","properties":{"id":"physical-as-beach-tourism-beach-213","slug":"playa-de-arra","name":"Playa de Arra","localName":"Arra","aliases":["Arra"],"kind":"beach","sourceId":"sitpa-physical","territoryIds":["es-as"],"bbox":[-5.03917,43.4616,-5.03917,43.4616],"center":[-5.03917,43.4616]},"geometry":{"type":"Point","coordinates":[-5.03917,43.4616]}},{"type":"Feature","id":"physical-as-beach-tourism-beach-214","properties":{"id":"physical-as-beach-tourism-beach-214","slug":"playa-de-villanueva","name":"Playa de Villanueva","localName":"Villanueva","aliases":["Villanueva"],"kind":"beach","sourceId":"sitpa-physical","territoryIds":["es-as"],"bbox":[-4.94498,43.45874,-4.94498,43.45874],"center":[-4.94498,43.45874]},"geometry":{"type":"Point","coordinates":[-4.94498,43.45874]}},{"type":"Feature","id":"physical-as-beach-tourism-beach-215","properties":{"id":"physical-as-beach-tourism-beach-215","slug":"playa-de-cuevas-del-mar","name":"Playa de Cuevas Del Mar","localName":"Cuevas Del Mar","aliases":["Cuevas Del Mar"],"kind":"beach","sourceId":"sitpa-physical","territoryIds":["es-as"],"bbox":[-4.93665,43.45715,-4.93665,43.45715],"center":[-4.93665,43.45715]},"geometry":{"type":"Point","coordinates":[-4.93665,43.45715]}},{"type":"Feature","id":"physical-as-beach-tourism-beach-216","properties":{"id":"physical-as-beach-tourism-beach-216","slug":"playa-de-puerto-seco","name":"Playa de Puerto Seco","localName":"Puerto Seco","aliases":["Puerto Seco"],"kind":"beach","sourceId":"sitpa-physical","territoryIds":["es-as"],"bbox":[-4.92831,43.46054,-4.92831,43.46054],"center":[-4.92831,43.46054]},"geometry":{"type":"Point","coordinates":[-4.92831,43.46054]}},{"type":"Feature","id":"physical-as-beach-tourism-beach-217","properties":{"id":"physical-as-beach-tourism-beach-217","slug":"playa-de-salmoriera","name":"Playa de Salmoriera","localName":"Salmoriera","aliases":["Salmoriera"],"kind":"beach","sourceId":"sitpa-physical","territoryIds":["es-as"],"bbox":[-4.92564,43.45824,-4.92564,43.45824],"center":[-4.92564,43.45824]},"geometry":{"type":"Point","coordinates":[-4.92564,43.45824]}},{"type":"Feature","id":"physical-as-beach-tourism-beach-218","properties":{"id":"physical-as-beach-tourism-beach-218","slug":"playa-de-la-huelga","name":"Playa de la Huelga","localName":"La Huelga","aliases":["La Huelga"],"kind":"beach","sourceId":"sitpa-physical","territoryIds":["es-as"],"bbox":[-4.89821,43.4495,-4.89821,43.4495],"center":[-4.89821,43.4495]},"geometry":{"type":"Point","coordinates":[-4.89821,43.4495]}},{"type":"Feature","id":"physical-as-beach-tourism-beach-219","properties":{"id":"physical-as-beach-tourism-beach-219","slug":"playa-de-gulpiyuri","name":"Playa de Gulpiyuri","localName":"Gulpiyuri","aliases":["Gulpiyuri"],"kind":"beach","sourceId":"sitpa-physical","territoryIds":["es-as"],"bbox":[-4.88597,43.44758,-4.88597,43.44758],"center":[-4.88597,43.44758]},"geometry":{"type":"Point","coordinates":[-4.88597,43.44758]}},{"type":"Feature","id":"physical-as-beach-tourism-beach-220","properties":{"id":"physical-as-beach-tourism-beach-220","slug":"playa-de-pestana","name":"Playa de Pestaña","localName":"Pestaña","aliases":["Pestaña"],"kind":"beach","sourceId":"sitpa-physical","territoryIds":["es-as"],"bbox":[-4.85568,43.44456,-4.85568,43.44456],"center":[-4.85568,43.44456]},"geometry":{"type":"Point","coordinates":[-4.85568,43.44456]}},{"type":"Feature","id":"physical-as-beach-tourism-beach-221","properties":{"id":"physical-as-beach-tourism-beach-221","slug":"playa-de-troenzo","name":"Playa de Troenzo","localName":"Troenzo","aliases":["Troenzo"],"kind":"beach","sourceId":"sitpa-physical","territoryIds":["es-as"],"bbox":[-4.81797,43.43657,-4.81797,43.43657],"center":[-4.81797,43.43657]},"geometry":{"type":"Point","coordinates":[-4.81797,43.43657]}},{"type":"Feature","id":"physical-as-beach-tourism-beach-222","properties":{"id":"physical-as-beach-tourism-beach-222","slug":"playa-de-san-martin","name":"Playa de San Martín","localName":"San Martín","aliases":["San Martín"],"kind":"beach","sourceId":"sitpa-physical","territoryIds":["es-as"],"bbox":[-4.79819,43.43196,-4.79819,43.43196],"center":[-4.79819,43.43196]},"geometry":{"type":"Point","coordinates":[-4.79819,43.43196]}},{"type":"Feature","id":"physical-as-beach-tourism-beach-223","properties":{"id":"physical-as-beach-tourism-beach-223","slug":"playa-de-san-martin-el-portiellu","name":"Playa de San Martín / El Portiellu","localName":"San Martín / El Portiellu","aliases":["San Martín / El Portiellu"],"kind":"beach","sourceId":"sitpa-physical","territoryIds":["es-as"],"bbox":[-4.79414,43.43188,-4.79414,43.43188],"center":[-4.79414,43.43188]},"geometry":{"type":"Point","coordinates":[-4.79414,43.43188]}},{"type":"Feature","id":"physical-as-beach-tourism-beach-224","properties":{"id":"physical-as-beach-tourism-beach-224","slug":"playa-de-poo","name":"Playa de Poo","localName":"Poo","aliases":["Poo"],"kind":"beach","sourceId":"sitpa-physical","territoryIds":["es-as"],"bbox":[-4.78419,43.42904,-4.78419,43.42904],"center":[-4.78419,43.42904]},"geometry":{"type":"Point","coordinates":[-4.78419,43.42904]}},{"type":"Feature","id":"physical-as-beach-tourism-beach-225","properties":{"id":"physical-as-beach-tourism-beach-225","slug":"playa-de-cue","name":"Playa de Cué","localName":"Cué","aliases":["Cué"],"kind":"beach","sourceId":"sitpa-physical","territoryIds":["es-as"],"bbox":[-4.73054,43.41662,-4.73054,43.41662],"center":[-4.73054,43.41662]},"geometry":{"type":"Point","coordinates":[-4.73054,43.41662]}},{"type":"Feature","id":"physical-as-beach-tourism-beach-226","properties":{"id":"physical-as-beach-tourism-beach-226","slug":"playa-de-pendueles","name":"Playa de Pendueles","localName":"Pendueles","aliases":["Pendueles"],"kind":"beach","sourceId":"sitpa-physical","territoryIds":["es-as"],"bbox":[-4.62976,43.39847,-4.62976,43.39847],"center":[-4.62976,43.39847]},"geometry":{"type":"Point","coordinates":[-4.62976,43.39847]}},{"type":"Feature","id":"physical-as-beach-tourism-beach-227","properties":{"id":"physical-as-beach-tourism-beach-227","slug":"playa-de-entremares","name":"Playa de Entremares","localName":"Entremares","aliases":["Entremares"],"kind":"beach","sourceId":"sitpa-physical","territoryIds":["es-as"],"bbox":[-4.61893,43.39649,-4.61893,43.39649],"center":[-4.61893,43.39649]},"geometry":{"type":"Point","coordinates":[-4.61893,43.39649]}},{"type":"Feature","id":"physical-as-beach-tourism-beach-228","properties":{"id":"physical-as-beach-tourism-beach-228","slug":"playa-de-cobijeru-las-acacias","name":"Playa de Cobijeru / Las Acacias","localName":"Cobijeru / Las Acacias","aliases":["Cobijeru / Las Acacias"],"kind":"beach","sourceId":"sitpa-physical","territoryIds":["es-as"],"bbox":[-4.61006,43.3961,-4.61006,43.3961],"center":[-4.61006,43.3961]},"geometry":{"type":"Point","coordinates":[-4.61006,43.3961]}},{"type":"Feature","id":"physical-as-beach-tourism-beach-229","properties":{"id":"physical-as-beach-tourism-beach-229","slug":"playa-de-la-acacia","name":"Playa de la Acacia","localName":"La Acacia","aliases":["La Acacia"],"kind":"beach","sourceId":"sitpa-physical","territoryIds":["es-as"],"bbox":[-4.57829,43.3959,-4.57829,43.3959],"center":[-4.57829,43.3959]},"geometry":{"type":"Point","coordinates":[-4.57829,43.3959]}},{"type":"Feature","id":"physical-as-beach-tourism-beach-230","properties":{"id":"physical-as-beach-tourism-beach-230","slug":"playa-del-oso","name":"Playa del Oso","localName":"El Oso","aliases":["El Oso"],"kind":"beach","sourceId":"sitpa-physical","territoryIds":["es-as"],"bbox":[-4.57165,43.39346,-4.57165,43.39346],"center":[-4.57165,43.39346]},"geometry":{"type":"Point","coordinates":[-4.57165,43.39346]}},{"type":"Feature","id":"physical-as-beach-tourism-beach-231","properties":{"id":"physical-as-beach-tourism-beach-231","slug":"playa-de-guadamia","name":"Playa de Guadamía","localName":"Guadamía","aliases":["Guadamía"],"kind":"beach","sourceId":"sitpa-physical","territoryIds":["es-as"],"bbox":[-4.98178,43.45512,-4.98178,43.45512],"center":[-4.98178,43.45512]},"geometry":{"type":"Point","coordinates":[-4.98178,43.45512]}},{"type":"Feature","id":"physical-as-beach-tourism-beach-232","properties":{"id":"physical-as-beach-tourism-beach-232","slug":"playa-de-campofrio","name":"Playa de Campofrío","localName":"Campofrío","aliases":["Campofrío"],"kind":"beach","sourceId":"sitpa-physical","territoryIds":["es-as"],"bbox":[-6.12214,43.55575,-6.12214,43.55575],"center":[-6.12214,43.55575]},"geometry":{"type":"Point","coordinates":[-6.12214,43.55575]}},{"type":"Feature","id":"physical-as-beach-tourism-beach-233","properties":{"id":"physical-as-beach-tourism-beach-233","slug":"playa-de-la-corvera","name":"Playa de la Corvera","localName":"La Corvera","aliases":["La Corvera"],"kind":"beach","sourceId":"sitpa-physical","territoryIds":["es-as"],"bbox":[-6.15516,43.56765,-6.15516,43.56765],"center":[-6.15516,43.56765]},"geometry":{"type":"Point","coordinates":[-6.15516,43.56765]}}]}
